rank,object_id,score,n_obs
1,ZTF19adbmugl,406306.750000,25
2,ZTF20aahglfm,172854.421875,39
3,ZTF24abdidhi,129090.828125,22
4,ZTF25aafsrzj,93947.679688,24
5,ZTF23aaetmwj,82644.773438,17
6,ZTF19abzvbra,73151.335938,91
7,ZTF23abigzui,58856.046875,18
8,ZTF24aajzmzf,56609.097656,16
9,ZTF21acjbgfb,50533.703125,13
10,ZTF22aaldswe,50267.363281,12
11,ZTF20aapcmur,44033.003906,29
12,ZTF22abgadoy,40024.585938,14
13,ZTF21abbwbja,32945.382812,16
14,ZTF24abcrdha,32234.929688,15
15,ZTF20aavpyul,32219.537109,28
16,ZTF24aayatox,29824.144531,23
17,ZTF24abuvjgs,28509.781250,10
18,ZTF22aaajoxo,28045.259766,24
19,ZTF20aausvfo,27288.033203,21
20,ZTF21aaopqqk,26204.318359,62
21,ZTF25acjfusz,25718.138672,16
22,ZTF18aaaluzq,22059.970703,190
23,ZTF17aaaqldq,21838.052734,52
24,ZTF20aaxkacr,21568.615234,73
25,ZTF24ablknkm,19530.343750,20
26,ZTF20aawkwvo,18013.611328,36
27,ZTF20aazgxgk,17485.289062,18
28,ZTF25abynqkd,17415.462891,24
29,ZTF19aatfbui,16630.343750,19
30,ZTF26aabjpnx,16097.079102,82
31,ZTF24aakbick,15761.030273,28
32,ZTF19achtewn,15721.991211,17
33,ZTF21abqinbv,15678.629883,19
34,ZTF18abtpmwm,15631.666992,1008
35,ZTF22aaafkvn,14196.721680,38
36,ZTF20abasqfx,14078.201172,26
37,ZTF19aavigow,13838.624023,286
38,ZTF22abreusl,13466.626953,17
39,ZTF20acmyxdb,12915.716797,16
40,ZTF18abuzlow,12723.486328,580
41,ZTF22aaaybuv,12488.177734,19
42,ZTF20abcsjtx,11960.779297,42
43,ZTF19abtnftd,11741.818359,33
44,ZTF21abizpri,10820.317383,21
45,ZTF21achducl,10605.560547,40
46,ZTF22aaaqwar,10543.143555,25
47,ZTF21aaaolgn,10538.413086,15
48,ZTF18acufqmy,10424.630859,502
49,ZTF21ackonrq,10138.688477,15
50,ZTF19aazqpyf,9632.299805,22
51,ZTF18acxajuq,9026.388672,1012
52,ZTF18aaavscr,8207.237305,1085
53,ZTF19aaraxhh,8059.552734,31
54,ZTF21abuwmgy,7910.617676,17
55,ZTF20abpyxja,7906.531250,98
56,ZTF20acimvwd,7636.708984,335
57,ZTF19abhvryy,6826.783691,255
58,ZTF25aanpudm,6797.729980,36
59,ZTF20acgpjmr,6688.354980,21
60,ZTF20acjkcvp,6595.359375,31
61,ZTF24aacbpej,6587.916504,14
62,ZTF24abdfude,6158.723145,18
63,ZTF23aatcbnx,5898.801758,21
64,ZTF23aaekevj,5767.935059,17
65,ZTF20absejzy,5707.196777,80
66,ZTF25aadjwhb,5583.868652,15
67,ZTF20aaknzba,5503.399414,18
68,ZTF20aatrkif,5499.251953,45
69,ZTF23abjeknq,5212.745605,51
70,ZTF18aabjfue,5163.879883,906
71,ZTF18admkuup,5142.715332,30
72,ZTF24aasfxgh,5124.763672,18
73,ZTF20abbpory,5111.418945,54
74,ZTF23aawcylw,4982.215820,18
75,ZTF25aawurka,4955.803223,35
76,ZTF18abimokp,4935.114746,768
77,ZTF17aaawcsc,4916.904785,886
78,ZTF17aabwdlv,4790.180176,247
79,ZTF23aakmqlj,4774.302246,31
80,ZTF23abaxsqc,4717.097168,24
81,ZTF23aboefhv,4623.036621,21
82,ZTF17aaabneq,4537.961426,332
83,ZTF21abahgst,4371.887207,34
84,ZTF20aatqbmw,4293.166992,23
85,ZTF20acyoltw,4287.884766,17
86,ZTF22aahyqyc,4281.602051,17
87,ZTF20aaflmou,4237.993164,23
88,ZTF22abjhwce,4210.301758,31
89,ZTF25abbzsku,4198.432617,64
90,ZTF23aajaaqm,4155.866699,41
91,ZTF18adhktfq,4099.602051,14
92,ZTF25aaohuyd,4083.452881,14
93,ZTF24abribzd,4070.880127,29
94,ZTF20acmgrww,4054.632812,384
95,ZTF22aaorwhj,4044.832275,85
96,ZTF20acwscli,4020.667236,19
97,ZTF22abqaqnn,3956.211426,18
98,ZTF21aaotidq,3945.151123,17
99,ZTF20aazkxbk,3914.062500,29
100,ZTF18acsyxii,3821.113770,1062
101,ZTF22aaddvjb,3794.373291,14
102,ZTF21aalxxzn,3496.968506,461
103,ZTF22aazhyxv,3411.518555,18
104,ZTF19aaxwbrc,3395.473877,42
105,ZTF24aaskiwk,3362.546631,15
106,ZTF23abdiuwh,3323.681641,51
107,ZTF18abijuhx,3282.938965,843
108,ZTF23aaiwwgd,3223.098633,35
109,ZTF18aawzjwz,3201.760254,14
110,ZTF21acipmgw,3073.938721,15
111,ZTF25abiolbr,3064.677246,16
112,ZTF21abgbieb,3001.266357,48
113,ZTF19abtriyg,2955.854492,21
114,ZTF22aaolwsd,2935.266113,193
115,ZTF21abkmnof,2926.590332,20
116,ZTF26aajwppp,2917.475586,26
117,ZTF20abkdhwc,2874.712646,38
118,ZTF24abhgjqn,2825.923584,39
119,ZTF22abedurs,2759.725830,62
120,ZTF25abdcdwd,2699.053223,42
121,ZTF23aacfiuv,2695.589355,22
122,ZTF20abafgpy,2670.527588,104
123,ZTF20acpocys,2643.669678,12
124,ZTF21aafkktu,2573.772949,61
125,ZTF26aajryzn,2525.712158,33
126,ZTF19aariszh,2508.006348,230
127,ZTF24aapebzb,2483.308594,48
128,ZTF20acwqqax,2471.825439,24
129,ZTF23aajakyp,2458.729004,16
130,ZTF23abvfroc,2419.926514,345
131,ZTF17aaagyqz,2414.489746,313
132,ZTF20abgbxaw,2407.919434,87
133,ZTF20abguygh,2407.638184,19
134,ZTF23aawxuzn,2399.459961,16
135,ZTF24aahdfdo,2346.599365,46
136,ZTF20aatqidk,2336.433350,50
137,ZTF25abvnewe,2272.125488,20
138,ZTF19abjpehh,2258.816895,175
139,ZTF21aahclyf,2247.732422,29
140,ZTF18abtimkh,2233.588135,669
141,ZTF20aaiwimq,2230.678467,37
142,ZTF23abjrdne,2105.167725,48
143,ZTF20aclgpfi,2086.542480,21
144,ZTF25abtjjmo,2053.146973,25
145,ZTF24abbvpge,2046.379272,64
146,ZTF21abtxxjk,2022.098755,21
147,ZTF24abgpade,2001.904419,17
148,ZTF21aaarhls,1997.480103,14
149,ZTF21abplnaw,1992.874878,13
150,ZTF24aavkgum,1992.725952,15
151,ZTF18acruytx,1930.135864,599
152,ZTF20acucbek,1916.477783,87
153,ZTF18abnbxsy,1899.968750,168
154,ZTF20aawkijt,1876.575806,17
155,ZTF21abhszjk,1856.618286,36
156,ZTF22abevczq,1835.722046,27
157,ZTF20abfbvma,1803.552734,37
158,ZTF25abazmpy,1794.311768,23
159,ZTF24aaidlza,1765.728882,20
160,ZTF21achkvva,1751.765259,22
161,ZTF18aawmeiw,1706.024902,60
162,ZTF24abccufc,1678.839478,66
163,ZTF21aavrywc,1677.556274,31
164,ZTF18abcmsob,1664.691406,550
165,ZTF18abclkuv,1610.952393,260
166,ZTF22aagtzoe,1587.476074,12
167,ZTF21aapfqdo,1542.056885,65
168,ZTF23aansfgo,1538.937866,40
169,ZTF22abjublk,1512.604370,30
170,ZTF20aavnnqo,1505.019165,39
171,ZTF22aaeasym,1484.264282,174
172,ZTF22aagnxqn,1484.264282,174
173,ZTF19abixauz,1483.910278,12
174,ZTF20aacwmhm,1474.945923,15
175,ZTF22aaksnrm,1466.855469,17
176,ZTF20acphsbv,1447.462402,16
177,ZTF20abobqca,1446.873779,268
178,ZTF20aaglivt,1431.244385,28
179,ZTF20abxezim,1427.919312,41
180,ZTF19acukrxv,1414.613281,15
181,ZTF21aacifqs,1378.563965,12
182,ZTF20abxwreg,1355.020630,27
183,ZTF22aammxli,1351.686035,371
184,ZTF19aamqebl,1346.781128,32
185,ZTF20abxkeuk,1344.903931,35
186,ZTF20abvyugu,1341.004395,40
187,ZTF21abbjybk,1332.538086,34
188,ZTF23aaquolj,1329.400635,84
189,ZTF20aaavvlv,1320.320923,160
190,ZTF19abajuqh,1315.048462,25
191,ZTF19acxhkvc,1314.206299,25
192,ZTF21aackavs,1313.431763,12
193,ZTF23aatdebe,1307.288330,20
194,ZTF18absixwd,1295.437744,500
195,ZTF21acjnmyu,1295.436279,13
196,ZTF19aapdxwy,1285.968750,646
197,ZTF18abcjnpa,1259.559814,86
198,ZTF21abbtahd,1255.071411,22
199,ZTF18acvegwz,1242.055786,836
200,ZTF26aatvsoq,1233.889160,50
201,ZTF18aaywchl,1222.635864,1533
202,ZTF26aajqcae,1212.983521,23
203,ZTF22aaqlfwe,1210.636475,20
204,ZTF19abymvoy,1206.843872,100
205,ZTF19aaphrlo,1197.701904,1661
206,ZTF19aauojsf,1194.743774,753
207,ZTF18abusgof,1194.460938,970
208,ZTF21aaugbus,1190.802856,46
209,ZTF24aahdfsy,1189.465210,16
210,ZTF20abpeyat,1165.865112,84
211,ZTF22abfwthv,1149.932617,27
212,ZTF20abbpkng,1142.373901,30
213,ZTF22aahygkd,1141.821167,28
214,ZTF18abeoogj,1112.139648,601
215,ZTF20abjwuju,1108.929688,37
216,ZTF20acjfimy,1098.061768,29
217,ZTF19abpnrrf,1084.189697,17
218,ZTF24ablkgwk,1080.216064,30
219,ZTF26aarbnfm,1076.417480,72
220,ZTF21aawtazf,1067.193237,44
221,ZTF22aamnfza,1051.760742,53
222,ZTF18aajkivu,1041.120972,156
223,ZTF21abcdxcs,1040.460083,33
224,ZTF22aagdejc,1034.942627,17
225,ZTF23aadcbdn,1032.842163,19
226,ZTF23aazfbwj,1020.907715,35
227,ZTF20ablhdvr,1018.502075,54
228,ZTF24aaxadom,1000.347534,56
229,ZTF18abnnyvp,989.376404,543
230,ZTF22aarqvtd,989.248840,27
231,ZTF21abrhtpk,978.885559,17
232,ZTF19aakkhrh,978.577759,121
233,ZTF25acfywpk,974.779480,15
234,ZTF18acatlzi,970.191101,25
235,ZTF26aauyjht,967.851746,11
236,ZTF23abvbwys,958.449585,22
237,ZTF21aaaosmn,952.526123,15
238,ZTF24abcvjlp,944.468201,15
239,ZTF19aabjrlk,935.748718,99
240,ZTF22aajigok,932.082825,17
241,ZTF25abbshoi,930.809021,39
242,ZTF23abcrhwl,928.206665,45
243,ZTF18abnpdqe,907.586853,1102
244,ZTF19acvrhxo,903.351624,17
245,ZTF19acynczz,899.278992,547
246,ZTF25ackyyzk,898.091309,42
247,ZTF18aakpzqg,897.412354,522
248,ZTF23aaqknaw,893.627747,57
249,ZTF19abubnwx,886.307922,17
250,ZTF25aazinqa,874.185608,16
251,ZTF19aboxjlj,868.952393,31
252,ZTF22aauzxok,863.561890,31
253,ZTF20acxhear,862.667358,279
254,ZTF22abmtwml,858.962830,22
255,ZTF25abdzwiy,857.313965,27
256,ZTF22aarbswn,847.634460,425
257,ZTF24absxyrg,844.999939,12
258,ZTF24aaxknvo,836.118042,28
259,ZTF18abfjqtj,830.295288,613
260,ZTF24abrouvy,813.954468,10
261,ZTF20acgywfp,812.658081,34
262,ZTF19aacjhta,810.421997,534
263,ZTF20acifimy,806.697327,28
264,ZTF23aarkohk,803.015503,14
265,ZTF23aarbxph,787.306152,17
266,ZTF20acumxrh,784.941772,30
267,ZTF18acrnhtg,780.974792,447
268,ZTF26aaivdmt,780.210632,38
269,ZTF19ackkqcz,777.932678,16
270,ZTF20abrnavu,775.275940,30
271,ZTF20abxpoxd,767.250854,289
272,ZTF24aawjctx,765.826599,20
273,ZTF20abphhgj,757.368347,16
274,ZTF21abcadhf,747.033142,461
275,ZTF19addxgra,735.749939,48
276,ZTF18acapumu,734.681458,24
277,ZTF23aadwfed,728.817200,46
278,ZTF21aawmujq,725.987488,63
279,ZTF22aanwibf,720.751831,288
280,ZTF20aavpyzi,716.632935,18
281,ZTF19adawqog,716.536560,696
282,ZTF25aawjwnv,715.058899,21
283,ZTF18abacxpl,714.942932,1213
284,ZTF19adbnaky,707.840515,20
285,ZTF18aaqpouu,702.124207,14
286,ZTF22aaihtwe,701.609985,22
287,ZTF19actjniv,693.271423,13
288,ZTF17aabwtnr,688.493286,422
289,ZTF20abfcesa,688.159912,43
290,ZTF25aceomlw,679.747742,12
291,ZTF25abkpyds,679.572144,45
292,ZTF21abtgbwr,675.682922,24
293,ZTF21aavdqgf,675.655884,55
294,ZTF21aapoiht,675.558960,40
295,ZTF23aaiysoq,670.821533,12
296,ZTF19aavxfib,670.091248,13
297,ZTF21aawgvpj,663.766418,15
298,ZTF25aaspxly,659.650452,23
299,ZTF23abhzwhl,659.169067,16
300,ZTF20abyhiuj,657.668335,16
301,ZTF18abaiuvj,657.179382,1196
302,ZTF24aagkvhf,653.603333,66
303,ZTF23aaqmveu,653.172791,26
304,ZTF21abcvhiw,647.187195,14
305,ZTF20acjbggn,638.695679,10
306,ZTF18aavqmue,638.248962,541
307,ZTF19aalayue,630.883240,1468
308,ZTF21aachthw,626.246033,10
309,ZTF23aafvqkr,626.156494,16
310,ZTF20abmgzuf,612.956116,48
311,ZTF23aaafclb,611.169983,13
312,ZTF23abkpmud,608.689575,21
313,ZTF23aaznleg,608.277100,36
314,ZTF20acpjogm,606.427307,16
315,ZTF19aanvddi,603.118286,594
316,ZTF19adbtqkh,602.616760,14
317,ZTF23aaixgtn,600.462646,13
318,ZTF22aajzfxb,592.863037,36
319,ZTF18abbrovt,587.051453,499
320,ZTF23aazprcc,586.969666,74
321,ZTF20abloggs,586.148376,23
322,ZTF24aaxobdu,584.870728,36
323,ZTF22abgbcdv,581.653809,11
324,ZTF21aagtcgb,573.534058,49
325,ZTF20aafsmpz,567.778748,51
326,ZTF18abcnbki,566.870117,1635
327,ZTF18absvfce,562.862122,423
328,ZTF20achzbfb,561.548096,19
329,ZTF23abekbjv,558.714722,29
330,ZTF19aamreoh,558.145996,92
331,ZTF20abyxmgo,556.212402,76
332,ZTF25aayghza,550.723816,106
333,ZTF18abfxnvd,543.777405,87
334,ZTF22abjcoul,536.427429,13
335,ZTF19abiaxpi,534.260010,34
336,ZTF22aanbknv,530.456299,26
337,ZTF18abvpnnb,529.738708,510
338,ZTF18acrukpd,524.706543,996
339,ZTF22aaoelug,520.871033,16
340,ZTF23aaeufns,518.813354,14
341,ZTF24aagfewl,514.506653,41
342,ZTF25ablzfdm,513.145569,22
343,ZTF19aayfhtc,509.791138,15
344,ZTF20acwstfs,505.231873,27
345,ZTF22abwlapx,503.388977,19
346,ZTF23aaecsou,501.442230,13
347,ZTF24abstpyc,498.838776,25
348,ZTF21aadrcaa,497.372894,14
349,ZTF24abojqpw,493.346985,14
350,ZTF19aaqgxpy,493.344391,27
351,ZTF21abgfuut,492.587769,15
352,ZTF26aanuiuw,491.785797,23
353,ZTF18aabfqzc,491.328064,1799
354,ZTF18abtilmc,491.213531,148
355,ZTF20aavddlc,490.753845,36
356,ZTF20acpziet,489.528198,12
357,ZTF22aaoncel,485.581238,32
358,ZTF19aapfyob,481.605896,891
359,ZTF21abxlpkc,481.132507,40
360,ZTF18ablqwyo,480.800232,358
361,ZTF20aavptjv,473.762207,15
362,ZTF19abjswdz,472.248505,13
363,ZTF24aaowdnk,469.930298,15
364,ZTF18acrvrma,469.001953,330
365,ZTF25aagxhfp,466.694733,20
366,ZTF20acopavl,463.443024,17
367,ZTF19aadhajp,456.743195,399
368,ZTF17aabwdsa,454.068054,708
369,ZTF20abjwntl,454.004517,12
370,ZTF20aacbwbm,450.917450,433
371,ZTF24aascytf,450.816284,36
372,ZTF18abtmzoi,449.440186,731
373,ZTF20abmdplx,442.051544,561
374,ZTF22abmzydy,440.208496,22
375,ZTF21aaxvcmj,439.931976,27
376,ZTF18acaqbgu,439.635101,117
377,ZTF25aavimex,436.409546,108
378,ZTF21abcnpnk,435.354340,41
379,ZTF24aaqzmba,433.322723,22
380,ZTF18adkxyub,429.269348,343
381,ZTF22abmxmru,425.325165,16
382,ZTF23aanxtnx,424.504730,27
383,ZTF20aasiitv,423.938904,34
384,ZTF22aafuseq,422.659821,14
385,ZTF24aaadwur,421.884766,28
386,ZTF21acjvhxk,421.068665,11
387,ZTF23aaixbvn,420.249817,16
388,ZTF22aayjzmc,413.420135,18
389,ZTF18abvazxu,410.363678,490
390,ZTF18adasxhd,404.624207,631
391,ZTF25abmkbaa,403.555145,21
392,ZTF19aayiili,400.927094,341
393,ZTF24aaulmlv,394.007935,13
394,ZTF20acwfgiy,389.616425,35
395,ZTF24aakbqjh,387.664917,32
396,ZTF23abkjgvr,386.628052,21
397,ZTF19abmrnpl,385.609528,411
398,ZTF25abupawo,382.447021,21
399,ZTF20abgvpjt,381.191589,53
400,ZTF19abgdcyx,378.403900,34
401,ZTF19abzrdry,378.009857,10
402,ZTF24aaowblc,375.637360,18
403,ZTF20acpkjsn,373.417908,65
404,ZTF18aacdblq,371.801208,15
405,ZTF20abnbcsh,370.782990,19
406,ZTF23absmnfp,370.190613,19
407,ZTF19aaqtpet,370.151398,1089
408,ZTF26aajpoid,367.983582,44
409,ZTF18abnuekr,367.116577,236
410,ZTF22abnqcdc,366.681213,15
411,ZTF19adajren,364.705353,33
412,ZTF19abkrlew,363.204498,29
413,ZTF18adrtysy,362.378357,52
414,ZTF19acbolha,359.654602,741
415,ZTF22aaiopft,358.342041,33
416,ZTF26aahaesb,358.264740,83
417,ZTF21aaxwcqm,357.630280,35
418,ZTF19aditabo,354.147919,729
419,ZTF19ablhjzt,354.147888,729
420,ZTF18abcsuit,353.407928,658
421,ZTF20aafkqmu,346.232971,26
422,ZTF18acgxjuy,343.069550,14
423,ZTF20aawxihg,340.551025,767
424,ZTF20aapslcw,339.370300,52
425,ZTF17aacedyd,337.421478,544
426,ZTF20abwavab,336.340515,109
427,ZTF19ackxmva,336.286133,801
428,ZTF24aaoauvb,334.794464,19
429,ZTF18abuyhea,333.448944,548
430,ZTF19aasebbu,332.122040,911
431,ZTF18acuepcb,330.152466,612
432,ZTF19aczkjai,328.608124,12
433,ZTF19abyjmei,326.909210,507
434,ZTF18acalqbv,323.788574,308
435,ZTF21abbfjza,322.907257,18
436,ZTF24aadrjjn,321.909302,13
437,ZTF20abeglzu,321.751801,41
438,ZTF20aagkldb,321.150024,196
439,ZTF24aaosszo,321.104950,14
440,ZTF25ablyuor,320.382874,38
441,ZTF19abicwdn,319.164734,79
442,ZTF19aalcqff,316.963837,539
443,ZTF22aaikall,312.863953,306
444,ZTF20aclitye,312.604218,312
445,ZTF24aaaisgd,312.505219,330
446,ZTF18abyfcns,312.405334,1129
447,ZTF20aagzfsz,311.347473,15
448,ZTF26aawhrep,307.540009,17
449,ZTF22aapfrho,304.259399,16
450,ZTF19abymhad,302.704620,12
451,ZTF22abyytvh,302.229309,19
452,ZTF19abcupln,300.425140,12
453,ZTF25abutvsf,299.818237,23
454,ZTF23aaiyexs,299.662811,19
455,ZTF25aclbntw,298.130371,12
456,ZTF21abbwwue,297.670166,26
457,ZTF21abistmz,296.432770,14
458,ZTF21abahyyj,294.223969,30
459,ZTF20abgffci,291.721954,17
460,ZTF22aacfphd,289.917694,15
461,ZTF25acgsoal,288.981659,53
462,ZTF20abzumlr,288.402863,28
463,ZTF18abfcajo,288.201141,34
464,ZTF19acgjyte,287.716400,15
465,ZTF19aawudku,287.388702,15
466,ZTF19abbxsbx,286.118042,227
467,ZTF23aakhtqo,285.734650,13
468,ZTF25abxyfwb,283.852600,16
469,ZTF18absrlhv,283.500305,2447
470,ZTF25acfzvap,282.991913,12
471,ZTF19abcegcy,282.485199,202
472,ZTF18aauyrlg,281.617615,19
473,ZTF21abccaue,281.245544,29
474,ZTF26aakqlaf,280.780304,75
475,ZTF19abbfeeb,280.266846,1183
476,ZTF24abfrdua,280.054260,16
477,ZTF20achnfau,278.460052,18
478,ZTF18acpdrwv,275.302429,604
479,ZTF18aakzxki,274.696442,796
480,ZTF18aaouezy,273.548950,22
481,ZTF17aadswom,272.398254,261
482,ZTF20abjwobc,269.450165,21
483,ZTF22aaektkm,267.794708,41
484,ZTF18aazsprm,264.850525,857
485,ZTF22aafrsmk,262.007111,15
486,ZTF18abvfafa,260.154053,1543
487,ZTF25abeprnk,259.319000,63
488,ZTF23aaxcriv,258.589813,57
489,ZTF20abjksgj,258.020691,40
490,ZTF26aaaehuj,257.594299,95
491,ZTF24abbgjue,257.230377,24
492,ZTF19acbmwtc,256.806122,10
493,ZTF23aaczpkm,256.670502,29
494,ZTF18aaivvmd,256.583344,1702
495,ZTF25acbjqvq,256.262848,57
496,ZTF22aavzfwp,256.219208,26
497,ZTF19abjrkqn,256.120728,12
498,ZTF23abaaaph,254.651764,26
499,ZTF20acgmvsn,254.617950,25
500,ZTF18abcccnr,254.471573,614
501,ZTF26aafqkov,253.626801,51
502,ZTF21abbaerh,253.559570,22
503,ZTF20achvdtx,252.621780,33
504,ZTF19aawxrtk,252.268433,71
505,ZTF26aagabbl,249.262054,32
506,ZTF22aakethm,249.066406,31
507,ZTF18abgmmso,248.410248,20
508,ZTF19accobqx,248.368546,18
509,ZTF24aaoebqp,248.212250,112
510,ZTF23abarvgy,247.510971,35
511,ZTF25acatfer,246.783020,26
512,ZTF18absafkt,246.606079,45
513,ZTF19aaprcke,246.500290,152
514,ZTF18abukcjm,244.888062,238
515,ZTF18admcdpl,243.885178,10
516,ZTF20aattriw,243.366852,47
517,ZTF18aawygjb,241.747086,380
518,ZTF19abkhsda,241.625732,481
519,ZTF25aajbcmc,241.263657,25
520,ZTF23aboemfi,241.233414,29
521,ZTF19aamjsyl,240.916580,40
522,ZTF21acmtlpo,240.785690,28
523,ZTF19aaimjzn,240.469955,714
524,ZTF22aajhiri,239.996185,17
525,ZTF25aavkuxo,239.740326,41
526,ZTF24aawxqjl,239.351379,47
527,ZTF19acqypso,238.251190,50
528,ZTF25acfiphl,237.143768,16
529,ZTF18aaynsed,235.050186,1553
530,ZTF26aalkcfg,234.706833,11
531,ZTF18aavvcie,233.951065,1003
532,ZTF21aapjksm,233.802200,64
533,ZTF26aabdrrs,232.917419,93
534,ZTF22aaohbyr,231.423752,16
535,ZTF20acnznms,231.382874,119
536,ZTF22aatuxjc,230.700302,24
537,ZTF18aabgcoj,229.779816,945
538,ZTF19abcndum,227.604935,14
539,ZTF22aafwyzb,226.229279,30
540,ZTF18aaxawqs,226.171768,1399
541,ZTF21aaaytyv,224.032364,288
542,ZTF25aayrvqz,221.291336,26
543,ZTF23abiwnpj,220.619598,68
544,ZTF18abqsfrc,219.925705,19
545,ZTF21abuydim,218.974411,15
546,ZTF21abippod,218.441574,12
547,ZTF24abbtmqs,218.424942,27
548,ZTF21aaeoitd,217.131958,32
549,ZTF18abhgrff,217.106445,80
550,ZTF19aacuhjf,216.047150,378
551,ZTF21abylukk,215.997192,20
552,ZTF19abzfgtf,215.809387,18
553,ZTF22aarwtjh,214.149673,14
554,ZTF20acimhna,212.558624,13
555,ZTF24abvuydm,211.711166,22
556,ZTF24abfnkzm,209.536804,18
557,ZTF22aafytvb,208.555267,29
558,ZTF18acmznfc,208.518082,39
559,ZTF20acwkvgj,206.963638,19
560,ZTF19aaefuzh,205.969437,275
561,ZTF20acilzkh,204.568115,49
562,ZTF20aaurjnn,203.464508,15
563,ZTF22aadlnaf,200.820267,30
564,ZTF22abyprft,200.716217,17
565,ZTF21abqvyeq,200.519882,17
566,ZTF19abcaeso,200.144669,81
567,ZTF25abmvvxh,199.870255,21
568,ZTF22abdvqqn,199.671097,30
569,ZTF21aaxtfri,199.330475,21
570,ZTF21aagtykb,199.201340,1280
571,ZTF23aaqqeez,199.178818,19
572,ZTF24aaekazg,196.386429,38
573,ZTF20aahuqep,195.591217,407
574,ZTF24aaqegmv,194.425644,20
575,ZTF19aaueiob,194.337280,187
576,ZTF19acfvqet,194.015045,35
577,ZTF21abcmlzt,192.064423,42
578,ZTF23abidsyg,191.289322,136
579,ZTF23aamsavc,190.923706,16
580,ZTF21abcfobn,190.222031,15
581,ZTF18abrwpyz,189.884842,339
582,ZTF20actawpa,189.793427,99
583,ZTF19acxyuel,189.527985,14
584,ZTF21acgujax,188.261124,15
585,ZTF24aajqzfp,187.911194,15
586,ZTF23aajenxf,186.981094,31
587,ZTF23aajjzbm,185.661667,71
588,ZTF24abdgglp,185.150253,22
589,ZTF25ablgkgi,185.114456,40
590,ZTF19aadfumv,184.616959,216
591,ZTF21aaqyuun,183.591003,114
592,ZTF19acftmwa,183.392868,12
593,ZTF19aamnvaq,181.117981,41
594,ZTF22aadpgmo,181.102219,19
595,ZTF20abgnoma,180.647629,39
596,ZTF18aapbhra,180.310989,18
597,ZTF22aaljkna,180.156815,20
598,ZTF21aathatq,180.101929,24
599,ZTF22abgdowr,179.556076,22
600,ZTF23aaweqva,179.488922,32
601,ZTF23abbaqbs,179.226898,25
602,ZTF20aatruwg,176.624771,24
603,ZTF20abtjjhb,174.149689,91
604,ZTF18aafpokr,174.087723,120
605,ZTF19acmwfli,173.381165,24
606,ZTF21abdpios,173.201813,20
607,ZTF19abddqhy,172.308228,14
608,ZTF20abrnjkj,171.693176,11
609,ZTF26aatdbpf,171.319290,45
610,ZTF24aavbvje,170.356430,35
611,ZTF20aafmdzj,169.811493,18
612,ZTF21abchaya,169.359329,203
613,ZTF18aaanjgg,169.108490,734
614,ZTF24abcknpt,168.907074,12
615,ZTF20abpyplw,168.868652,43
616,ZTF19aaakyne,167.947586,271
617,ZTF17aaasnui,167.374207,1259
618,ZTF25aawafjc,166.476273,25
619,ZTF23aacqrtf,165.037018,295
620,ZTF21acgtbej,164.830246,19
621,ZTF23aatxeki,164.462326,38
622,ZTF22aasojye,164.181900,74
623,ZTF26aaglxdu,164.164688,26
624,ZTF26aasjrxx,162.769028,34
625,ZTF19aaumrok,161.809616,25
626,ZTF22aagyrdr,161.675537,60
627,ZTF21absvmds,160.412369,18
628,ZTF24aalcopl,159.155304,18
629,ZTF18acjmicj,158.300110,78
630,ZTF21aaaempw,158.284225,21
631,ZTF18aabhkoo,157.854279,779
632,ZTF24aaheozq,156.838409,14
633,ZTF24aawshuy,156.642288,45
634,ZTF18abcttsl,155.594040,680
635,ZTF20aaifxwq,155.155289,38
636,ZTF20acmyurf,152.677811,17
637,ZTF21acclnml,152.665726,22
638,ZTF23aaxffza,152.424728,12
639,ZTF22abmnqvw,151.398819,15
640,ZTF25aaortzp,150.886307,32
641,ZTF24abiktwr,150.119385,38
642,ZTF25aarefui,149.858932,25
643,ZTF20adcdadz,149.300552,245
644,ZTF19abbnamr,148.961655,188
645,ZTF19acjdufa,148.449677,16
646,ZTF23aakaafq,148.166412,11
647,ZTF19adcerlj,146.943329,19
648,ZTF19aamkwxk,146.668167,611
649,ZTF19aamoyyw,146.668167,611
650,ZTF20abgwffm,146.560440,15
651,ZTF20abeniqw,146.425385,418
652,ZTF25aavsvxu,146.370941,26
653,ZTF25abygyib,145.148010,18
654,ZTF19acxyumq,144.999573,63
655,ZTF18adjomns,144.817810,1004
656,ZTF21aaaovua,144.356812,21
657,ZTF20aabqamf,143.686951,16
658,ZTF25acberoe,143.592682,52
659,ZTF22abkisoc,143.469360,49
660,ZTF24abrhwmu,142.402191,24
661,ZTF20acfkkyf,142.387985,30
662,ZTF24abvyvkx,142.228363,24
663,ZTF18aarwxum,141.425797,131
664,ZTF20aadzbcf,140.915649,106
665,ZTF20aavnnat,140.218842,185
666,ZTF20acpprmy,139.955139,18
667,ZTF20abvvjxy,139.911194,15
668,ZTF22abwsxvg,139.650970,12
669,ZTF20abyvbcu,139.553726,15
670,ZTF23aafhfwx,139.445663,22
671,ZTF18acvhqfj,138.849350,728
672,ZTF18abhboqu,138.315979,19
673,ZTF26aaaldio,138.099548,96
674,ZTF20acwuiuo,138.007523,25
675,ZTF24aavcabo,137.823257,26
676,ZTF26aagbzrh,137.534515,30
677,ZTF18abtzdwo,136.675079,1575
678,ZTF22aacmgox,136.356842,24
679,ZTF18abnoxwo,136.308090,858
680,ZTF21aalkknw,135.767288,36
681,ZTF19abvjcvr,135.734756,12
682,ZTF23aaflptz,135.072540,13
683,ZTF21aapguda,134.881561,24
684,ZTF24abyeldd,134.637558,17
685,ZTF21aareeiq,134.023575,19
686,ZTF20abznlzw,133.867371,17
687,ZTF21aciqppd,132.549927,17
688,ZTF18aazndjw,132.423080,3473
689,ZTF19abxiqve,132.347961,27
690,ZTF20aaosuzy,132.249298,28
691,ZTF22aakrimd,131.830460,37
692,ZTF26aaacbwl,131.675110,31
693,ZTF24abineem,131.545135,13
694,ZTF24abinngr,131.502655,27
695,ZTF25ackwrun,131.478760,20
696,ZTF20aaghpdc,131.249725,87
697,ZTF21abbujun,130.796036,27
698,ZTF17aaaeoee,130.467987,762
699,ZTF21abowndm,130.255219,14
700,ZTF21abqueax,129.795670,23
701,ZTF20aavqbdh,129.521378,15
702,ZTF25aadnxae,129.245209,42
703,ZTF23aakifbv,128.181854,19
704,ZTF23aaouqoo,128.043839,54
705,ZTF21abxaccr,127.691528,18
706,ZTF18abwfgwj,127.487534,641
707,ZTF26aahauhi,127.034721,43
708,ZTF23aaiwzkx,125.654785,16
709,ZTF19aaaooru,125.463371,176
710,ZTF19abwamby,124.946465,44
711,ZTF22aasoxwu,124.612167,49
712,ZTF23aaixgvn,124.356094,20
713,ZTF25aabxywm,124.304680,48
714,ZTF19abxvujw,122.977959,12
715,ZTF19abqyoxj,122.746437,38
716,ZTF19aazlpyl,122.452782,448
717,ZTF19aclmnqj,122.416054,72
718,ZTF26aaodcvl,122.342636,36
719,ZTF23aapwlkh,121.774254,43
720,ZTF19aabbkhp,121.627312,213
721,ZTF25abdezjm,121.406151,20
722,ZTF22aanyhvq,121.361862,21
723,ZTF22aayfpso,121.193100,53
724,ZTF24aasmghi,121.125687,20
725,ZTF18acwzavm,120.992416,462
726,ZTF21aakfqwq,120.962563,36
727,ZTF24abdirzu,120.775192,35
728,ZTF20aajcbhr,120.714500,71
729,ZTF25abiplsd,119.868713,50
730,ZTF21aalnusf,119.640068,238
731,ZTF22abkstza,119.498970,35
732,ZTF24aaiwibl,118.973114,26
733,ZTF21abulckh,117.923386,14
734,ZTF20actvwac,117.801567,86
735,ZTF22aagpxll,117.677910,88
736,ZTF21abvpudz,117.510086,64
737,ZTF20ackhlcw,117.508865,28
738,ZTF22aaedess,117.294731,28
739,ZTF22aataizc,117.283447,50
740,ZTF18aaujwnu,117.089767,30
741,ZTF24aaqzycc,116.683876,34
742,ZTF19adaivcf,116.269066,177
743,ZTF22aaexkgm,114.764702,34
744,ZTF23aaneprv,113.536606,20
745,ZTF22aatxaxs,113.200821,13
746,ZTF24abfuscm,113.101463,102
747,ZTF23aajevts,112.752129,12
748,ZTF20abxmgpb,112.511139,21
749,ZTF21achxvyc,112.385666,30
750,ZTF18abvozns,112.350937,312
751,ZTF19abzmdtw,112.078636,335
752,ZTF21acqirkj,111.979202,220
753,ZTF22aadkocy,111.944817,23
754,ZTF19abwouqp,111.924675,46
755,ZTF19abalvlr,110.965775,57
756,ZTF20abjckms,110.632919,130
757,ZTF25aajoapm,110.488937,22
758,ZTF24abdopdj,109.847725,12
759,ZTF25acikmpq,109.326767,25
760,ZTF22aajibhc,108.909218,28
761,ZTF20abgijph,108.325966,117
762,ZTF20acwqlpq,107.931282,21
763,ZTF24aaivwxy,107.912933,27
764,ZTF19abzoyeg,107.754044,28
765,ZTF20aclzygx,107.005463,21
766,ZTF25abmycdf,106.595261,15
767,ZTF19abczlia,106.437881,222
768,ZTF23aacyfpi,106.401505,21
769,ZTF19aavvvdx,106.120117,574
770,ZTF21aaphskp,106.041306,21
771,ZTF18abvgkcg,105.909500,812
772,ZTF23aapoqay,105.870972,24
773,ZTF23aaxquxw,105.848854,10
774,ZTF21aagvmqr,105.537437,18
775,ZTF21acdimrw,105.415131,163
776,ZTF22abpwxxr,105.280663,173
777,ZTF20acgrxwn,105.243309,11
778,ZTF18aabklmk,105.188354,12
779,ZTF19abxvxue,105.175827,323
780,ZTF24aaybugo,105.032486,34
781,ZTF25abwvarw,104.387589,17
782,ZTF21abykivh,104.090347,252
783,ZTF20acpmdyl,103.548874,20
784,ZTF19acryurj,103.487656,51
785,ZTF19aahufts,103.450676,34
786,ZTF19abjpntj,103.037819,74
787,ZTF25abinkdw,102.945740,33
788,ZTF26aaadphf,101.999390,15
789,ZTF25abjmdra,101.675934,17
790,ZTF19abbyxtx,101.481178,209
791,ZTF21aapkcrs,101.216988,16
792,ZTF20abduida,100.780693,227
793,ZTF24abdtxkj,99.780647,15
794,ZTF20abmdfcy,99.733147,49
795,ZTF22abqpdwa,99.706886,16
796,ZTF20abgbxvb,99.046623,93
797,ZTF20actljfs,98.836082,16
798,ZTF17aadidxk,98.537575,436
799,ZTF20acyxwzm,98.213264,17
800,ZTF18abmoaci,98.205963,105
801,ZTF18abwnwpg,98.130028,538
802,ZTF18aasncio,98.121437,1118
803,ZTF20aafcetl,98.092728,32
804,ZTF25aatkssj,97.889648,11
805,ZTF25aagdrsk,97.542099,17
806,ZTF18abodmfy,97.506195,1067
807,ZTF25aaktzul,97.444000,98
808,ZTF18abcpwci,96.710533,1841
809,ZTF18aabfdrj,96.555336,883
810,ZTF18abdkpgs,96.496605,90
811,ZTF22aaapftw,96.351974,23
812,ZTF19abuawkj,96.273026,2864
813,ZTF23aahtiax,95.820778,63
814,ZTF19adgeyju,95.763390,271
815,ZTF24aapflot,95.649445,58
816,ZTF20abxudlh,95.601601,419
817,ZTF26aagdhiy,95.570015,57
818,ZTF22aargiwc,95.293060,72
819,ZTF22abbufpl,95.221054,14
820,ZTF20abpwpyg,94.989388,13
821,ZTF20ackrqfi,94.575424,52
822,ZTF25acelgwl,94.392204,105
823,ZTF22abfvrcb,94.306198,14
824,ZTF20acpzaoa,94.252403,19
825,ZTF20acdmckz,93.778069,44
826,ZTF21aaldwvp,93.605621,17
827,ZTF18abqekau,93.441223,1195
828,ZTF19abybatq,93.385605,31
829,ZTF18abiyatb,93.299889,535
830,ZTF20abzaaqo,93.213737,23
831,ZTF23aaghamo,92.911995,13
832,ZTF18aacluoi,92.840912,410
833,ZTF19aamjwjc,92.589790,418
834,ZTF23abglhle,92.126717,29
835,ZTF26aajnekv,92.064194,72
836,ZTF23abkaczi,92.041878,28
837,ZTF23abrzssa,91.847481,11
838,ZTF23abnpsoi,91.839943,209
839,ZTF22aaovdqh,91.827492,16
840,ZTF23aasfkpz,91.629013,21
841,ZTF26aaebnwe,91.610802,28
842,ZTF20aclkhnm,91.258194,21
843,ZTF20aalsbcc,91.243912,322
844,ZTF21aciodbt,91.238846,20
845,ZTF19aaiohcc,91.184677,247
846,ZTF23abhzcbs,91.055077,19
847,ZTF20aavsjuv,90.808670,49
848,ZTF25acfyqnz,90.644676,12
849,ZTF20achamic,90.599800,19
850,ZTF22aaggbtb,90.399841,25
851,ZTF23aaemsfm,90.336838,14
852,ZTF19aczkjeu,89.975380,21
853,ZTF19adavzew,89.560783,44
854,ZTF22aajsqdv,89.548721,21
855,ZTF21abqhkjd,89.411903,89
856,ZTF20acyxxfo,88.924583,127
857,ZTF18abmfybu,88.843979,1111
858,ZTF22abhodtl,88.827049,33
859,ZTF21aarohyu,88.727684,41
860,ZTF18adlxpdz,88.223724,16
861,ZTF26aajndtg,88.078110,42
862,ZTF23aakprat,88.017418,55
863,ZTF24aampdkv,87.971306,12
864,ZTF19abcvrpm,87.711624,55
865,ZTF24abzskap,87.692780,16
866,ZTF20acuixxp,87.575623,23
867,ZTF20aaurfdq,87.333237,44
868,ZTF24abrossu,87.285759,27
869,ZTF18abucdbx,87.079872,193
870,ZTF22aaqkvid,86.852119,19
871,ZTF26aaabyts,86.725128,26
872,ZTF23aavzyit,86.471947,38
873,ZTF19acwkwhu,86.098915,14
874,ZTF24abcbmug,85.860519,84
875,ZTF18acbyeid,85.325211,775
876,ZTF20achncxi,85.258202,25
877,ZTF18abcsatf,85.112663,644
878,ZTF18aavsblr,84.878098,1404
879,ZTF18ablwaqv,84.460953,469
880,ZTF19abzsitm,84.421112,43
881,ZTF24ablssfw,84.389549,134
882,ZTF23abihavc,84.294868,23
883,ZTF19abnxglw,84.228889,29
884,ZTF26aagjcrp,84.135216,49
885,ZTF26aawdtys,83.844574,18
886,ZTF20aavcvrm,83.658691,52
887,ZTF19aamsoze,83.344467,306
888,ZTF25aahxpqo,83.344460,306
889,ZTF21abcgzbc,83.121620,37
890,ZTF26aauxipq,83.099365,19
891,ZTF22aabxhch,82.662468,170
892,ZTF20aaaxrjb,82.167587,48
893,ZTF24aaheprj,81.911316,28
894,ZTF23aacevkm,81.815651,148
895,ZTF20aazpxpy,81.629158,46
896,ZTF20abbvkhe,81.593307,10
897,ZTF19acbtthv,81.427223,19
898,ZTF25aaxbmmx,81.254356,69
899,ZTF25abmtvgm,81.109818,91
900,ZTF22aaizxqg,81.050232,31
901,ZTF25aavmvqg,81.021896,92
902,ZTF25aamisyt,80.988548,15
903,ZTF19aatuxrr,80.799019,479
904,ZTF20abojvde,80.777092,18
905,ZTF19abulzhy,80.656525,76
906,ZTF21abujmgh,80.292458,17
907,ZTF18abccnne,79.692947,1818
908,ZTF24abbtldx,79.246468,11
909,ZTF19abahiys,79.064178,10
910,ZTF18abvhxbe,78.959831,66
911,ZTF20aanvsru,78.944077,13
912,ZTF18abmrdyc,78.911217,681
913,ZTF20ablkuio,78.536629,84
914,ZTF21aanexqd,78.390633,43
915,ZTF24abkghje,78.110420,46
916,ZTF25aauacdq,78.001274,21
917,ZTF23aalqtkg,77.603302,17
918,ZTF20aavrulv,77.514137,34
919,ZTF25absvacu,77.114754,32
920,ZTF21abdphvg,76.926300,13
921,ZTF18aabhuow,76.758881,168
922,ZTF22abrfdnb,75.946976,12
923,ZTF22abhvvao,75.757713,14
924,ZTF19abhphah,75.725075,127
925,ZTF22aaltgpj,75.705269,28
926,ZTF24aaxeayz,75.386200,26
927,ZTF18adlzzsh,75.351845,935
928,ZTF21abawduv,75.351845,935
929,ZTF24abcclee,75.351845,935
930,ZTF24aaymurz,75.349548,23
931,ZTF26aarcjhh,75.274750,42
932,ZTF19acbiwjk,74.992172,64
933,ZTF23aazxmdo,74.884903,21
934,ZTF20aagnbec,74.802406,18
935,ZTF23aaopkgx,74.472878,47
936,ZTF21aaoqbbw,74.457504,73
937,ZTF25abppjmt,74.377480,30
938,ZTF21abkdpnw,74.354843,163
939,ZTF21abgxmlp,74.328850,16
940,ZTF22aalfmec,74.312355,17
941,ZTF26aakiunc,74.306450,44
942,ZTF19abwswzb,74.143448,58
943,ZTF23aapvsqz,73.504944,49
944,ZTF20acberfr,73.425247,66
945,ZTF18abzukky,73.246994,114
946,ZTF26aarumsz,72.958626,49
947,ZTF23abhdsii,72.896584,474
948,ZTF22abpekod,72.774406,29
949,ZTF19acbpzjg,72.715958,45
950,ZTF24abbwztk,72.465813,21
951,ZTF23aaghgqe,72.452209,14
952,ZTF22aaayjwx,72.277428,27
953,ZTF17aacucfy,72.217300,644
954,ZTF18abuxezs,72.163742,442
955,ZTF20aazooyu,72.055275,58
956,ZTF18acahrug,71.997932,83
957,ZTF18abeaian,71.814522,556
958,ZTF20abhtzig,71.776001,18
959,ZTF25aayxhar,71.674477,61
960,ZTF25aawyyyn,71.600182,77
961,ZTF20acrseou,71.477356,37
962,ZTF24aahnnsa,71.408386,29
963,ZTF19acoaoty,70.893143,77
964,ZTF25aaprfzh,70.880974,14
965,ZTF21acnwaqk,70.870628,327
966,ZTF20abzcokv,70.802383,46
967,ZTF20abqehzn,70.610283,16
968,ZTF22aalfezf,70.355782,56
969,ZTF22abiqeri,70.259346,21
970,ZTF25acgdelc,70.183144,38
971,ZTF25aapgwdt,70.038857,539
972,ZTF20aagnbfu,69.955948,25
973,ZTF25abskgbv,69.657341,29
974,ZTF18abzzfxf,69.640678,15
975,ZTF22aaftjcp,69.561920,70
976,ZTF22abvuybj,69.246223,25
977,ZTF24abpyjue,69.203598,32
978,ZTF22abfuvwa,69.172432,29
979,ZTF25aavjcaw,68.676559,20
980,ZTF20abhdkod,68.480507,55
981,ZTF21aanfqch,68.376762,12
982,ZTF21abhyswj,68.373337,18
983,ZTF20aavylon,68.288841,30
984,ZTF21aawqjjv,68.257042,24
985,ZTF25acgtcrz,68.045975,11
986,ZTF18abacqqg,67.866806,1260
987,ZTF21aaateuz,67.838936,22
988,ZTF24aastxfz,67.777908,20
989,ZTF22aaspplh,67.704163,21
990,ZTF26aajmkek,67.681015,11
991,ZTF24aaruxmt,67.533470,13
992,ZTF25abyeeru,67.529823,35
993,ZTF20accovje,67.243324,29
994,ZTF23aaeliir,67.242661,11
995,ZTF21abowurd,67.213524,12
996,ZTF20acbgacu,67.109627,35
997,ZTF25abqhsty,66.814659,24
998,ZTF18acbyhjk,66.752769,564
999,ZTF25acfgifv,66.734520,16
1000,ZTF21aazsylk,66.532234,50
1001,ZTF20aanlcog,66.340027,1165
1002,ZTF23aapvrkk,66.196747,15
1003,ZTF18aalldmu,66.183937,386
1004,ZTF21aarmjai,66.046135,35
1005,ZTF22abpulqo,65.315231,24
1006,ZTF19adbtunc,64.957695,19
1007,ZTF22aatylyb,64.903389,30
1008,ZTF19acssksf,64.901230,38
1009,ZTF23abcvams,64.694496,68
1010,ZTF22abgndif,64.674637,26
1011,ZTF20aahgexl,64.587669,22
1012,ZTF21abxpnea,64.424896,34
1013,ZTF21aapforn,64.373604,12
1014,ZTF25aaqjbme,64.325333,27
1015,ZTF25abbevau,64.254021,84
1016,ZTF24aajplyg,64.136833,20
1017,ZTF18adbbtcv,64.009186,628
1018,ZTF25aazppzj,63.920021,17
1019,ZTF21abouxex,63.828766,725
1020,ZTF17aaarwxq,63.641579,549
1021,ZTF25abjeuls,63.457893,20
1022,ZTF19aburnjy,63.411716,1901
1023,ZTF19acbrtbh,63.369213,12
1024,ZTF20ablhfzx,63.153103,53
1025,ZTF18abnzucj,63.112068,425
1026,ZTF19acbugyi,63.012890,28
1027,ZTF19aawhzbp,62.857975,287
1028,ZTF18admaaig,62.706467,19
1029,ZTF22aadgqny,62.594948,653
1030,ZTF20aabqhfb,62.364143,383
1031,ZTF23absjgum,62.364143,383
1032,ZTF19aaprcip,62.347210,580
1033,ZTF21aalnhby,62.341770,18
1034,ZTF23abbmpyi,62.212811,20
1035,ZTF20aadcrhw,62.081421,20
1036,ZTF23aaeqobj,62.015682,43
1037,ZTF26aaaqbrh,61.995449,14
1038,ZTF22abkskzh,61.874016,18
1039,ZTF24abhavmz,61.820778,10
1040,ZTF19aavvecu,61.799213,760
1041,ZTF18aasympo,61.674583,22
1042,ZTF24aawsibi,61.201267,33
1043,ZTF24aawkhdf,61.154369,19
1044,ZTF18aabefzb,61.134266,309
1045,ZTF17aaawcom,60.973831,321
1046,ZTF19aayqait,60.958332,55
1047,ZTF20aaodydf,60.899227,121
1048,ZTF25abdhyhr,60.889137,60
1049,ZTF21aaxsosp,60.657333,30
1050,ZTF24aaaisai,60.613331,396
1051,ZTF20abzjobr,60.464600,39
1052,ZTF22aajhsbn,60.383129,19
1053,ZTF18abelpba,60.233902,196
1054,ZTF23abooocr,59.973553,26
1055,ZTF25acgqdqy,59.781528,13
1056,ZTF22aafwbpz,59.666302,645
1057,ZTF23aaiuadl,59.591297,41
1058,ZTF22aawffvs,59.562958,20
1059,ZTF23aazwdiy,59.453110,34
1060,ZTF20acjbzrh,59.334412,17
1061,ZTF21aapjcqb,59.253628,43
1062,ZTF24aazjdml,59.004478,105
1063,ZTF22aaynpda,58.935631,65
1064,ZTF23aaepmlm,58.739624,96
1065,ZTF19acbnhkd,58.693802,27
1066,ZTF26aahkxpf,58.645866,20
1067,ZTF20aafuwsl,58.616486,16
1068,ZTF22aaagxuu,58.415398,21
1069,ZTF20abchhuw,58.405430,219
1070,ZTF19abdcexm,58.294189,22
1071,ZTF20aagwsdp,58.115097,31
1072,ZTF25aankpyy,58.108105,46
1073,ZTF25abeefof,58.106438,83
1074,ZTF25aaxwdlz,58.076408,20
1075,ZTF21aaguuok,57.838856,20
1076,ZTF20acwytht,57.724689,48
1077,ZTF19abyeixl,57.674770,145
1078,ZTF18aarlukc,57.402966,48
1079,ZTF18acyxjok,57.339962,687
1080,ZTF24aakykbz,57.114872,37
1081,ZTF21abilxfm,57.001640,13
1082,ZTF20actvmuw,56.712399,16
1083,ZTF20aafsmrx,56.683323,57
1084,ZTF21aamjzki,56.484470,36
1085,ZTF21aallpqw,56.405838,97
1086,ZTF20ablkkvv,56.324104,114
1087,ZTF25aaiushx,56.243931,27
1088,ZTF20acwytxn,56.091354,155
1089,ZTF19abzlxuj,55.977661,14
1090,ZTF25ackyjsi,55.747719,19
1091,ZTF23aalftvv,55.701412,89
1092,ZTF22abjfseq,55.631683,20
1093,ZTF18abnwovf,55.448399,1336
1094,ZTF21aapeiov,55.398842,20
1095,ZTF20acuzlib,55.391369,64
1096,ZTF21aagzzce,55.346409,15
1097,ZTF19aaxdmvt,55.344608,591
1098,ZTF25aauvbdc,55.337326,39
1099,ZTF20abasdze,55.275501,875
1100,ZTF24abhezcf,55.164509,13
1101,ZTF24abjeddz,55.070316,31
1102,ZTF19abcrvet,54.974293,36
1103,ZTF20aclggxd,54.835110,11
1104,ZTF25aaiouoy,54.740723,58
1105,ZTF21abpamxn,54.537304,20
1106,ZTF20abcjdnn,54.497921,13
1107,ZTF20ablvukx,54.476925,12
1108,ZTF20acwpibn,54.471924,22
1109,ZTF18accvsij,54.350189,24
1110,ZTF21aaxwcof,54.098286,93
1111,ZTF20aaxlznl,53.921501,31
1112,ZTF23abioxpu,53.675236,19
1113,ZTF17aacqwwi,53.623787,857
1114,ZTF24abdndji,53.604130,111
1115,ZTF24aajibzs,53.356178,35
1116,ZTF21abtdlno,53.046745,80
1117,ZTF24aapwebs,52.930332,122
1118,ZTF22aakqrdt,52.719528,18
1119,ZTF19abljazb,52.629372,77
1120,ZTF18acaxfmq,52.572701,180
1121,ZTF18abffzxq,52.565025,382
1122,ZTF18aawlxls,52.521591,114
1123,ZTF25abofroq,52.507458,21
1124,ZTF21absvlrr,52.496284,112
1125,ZTF18abhaozr,52.142212,380
1126,ZTF20acuxmkm,52.071507,37
1127,ZTF25aceprml,51.961357,17
1128,ZTF24aaupoie,51.877079,52
1129,ZTF26aahirww,51.872318,54
1130,ZTF19abjroih,51.721718,15
1131,ZTF23aatabje,51.437874,40
1132,ZTF22abtnuch,51.361732,20
1133,ZTF20abxybag,51.339943,46
1134,ZTF20actfeym,51.277676,33
1135,ZTF26aauiwxl,51.260235,42
1136,ZTF24aalcflg,51.212967,36
1137,ZTF25aasltmi,51.209229,31
1138,ZTF23aaqtckr,51.148731,19
1139,ZTF24abqkkqz,51.108154,37
1140,ZTF25acegnsn,51.107922,23
1141,ZTF18aakuohk,51.043552,1145
1142,ZTF20abjatqy,51.040554,52
1143,ZTF20abaknoz,51.007805,17
1144,ZTF18abtipha,50.977390,113
1145,ZTF22abfuvvu,50.922653,18
1146,ZTF20acjzzyr,50.718929,19
1147,ZTF19aavhvkd,50.716385,19
1148,ZTF18acqgvrt,50.589157,48
1149,ZTF26aakdjni,50.480694,25
1150,ZTF24aajdrlr,50.344212,48
1151,ZTF20acwphyx,50.265018,50
1152,ZTF23aaocetr,50.261719,15
1153,ZTF23aaelkos,50.231888,30
1154,ZTF18abetddh,49.926346,767
1155,ZTF22aadfbim,49.789719,41
1156,ZTF25abxkwsn,49.752415,22
1157,ZTF24aayvhho,49.630741,30
1158,ZTF20abedwza,49.584019,45
1159,ZTF20aazkxcw,49.491451,23
1160,ZTF25acgsxcb,49.343597,49
1161,ZTF23aakaqht,49.115047,28
1162,ZTF19abxiqqm,49.077652,18
1163,ZTF22aaaifcx,49.022495,31
1164,ZTF24abuwgmt,48.988712,113
1165,ZTF17aaatlsp,48.902981,957
1166,ZTF21acbphas,48.833527,16
1167,ZTF18aavydnh,48.790844,32
1168,ZTF25abuhcjn,48.713375,21
1169,ZTF21abyigsg,48.654617,49
1170,ZTF18abmsaqj,48.562042,211
1171,ZTF25abuoijl,48.555267,29
1172,ZTF19abecaca,48.522964,178
1173,ZTF18aazvhcd,48.452908,1300
1174,ZTF19acaqoef,48.311260,198
1175,ZTF19abauzma,48.244678,25
1176,ZTF20abmlkgt,48.176727,27
1177,ZTF22aaolbbe,48.157433,26
1178,ZTF20acunxkg,48.154396,22
1179,ZTF23abqpfpp,48.031555,20
1180,ZTF26aavedji,47.945240,25
1181,ZTF26aadqwlb,47.804928,29
1182,ZTF21aaxsxui,47.729065,30
1183,ZTF20abdajuq,47.669922,50
1184,ZTF22aaotgrc,47.656639,87
1185,ZTF25aaeixax,47.376049,27
1186,ZTF23abscfuu,47.338154,627
1187,ZTF25abqplxi,47.244274,139
1188,ZTF20aaetlul,47.152630,18
1189,ZTF20aavdgib,47.116985,59
1190,ZTF25aafywpr,47.071068,22
1191,ZTF20abvyiwh,46.942551,17
1192,ZTF20aajcfmq,46.912266,28
1193,ZTF18abuafpf,46.795555,357
1194,ZTF18abgirjh,46.736984,123
1195,ZTF22aambfit,46.585320,57
1196,ZTF20acqvflw,46.545155,290
1197,ZTF23abawrzb,46.294525,17
1198,ZTF23abjttuj,46.287384,17
1199,ZTF18admkjwh,46.144886,544
1200,ZTF24abeiasc,46.080437,29
1201,ZTF20abjonjs,45.965607,87
1202,ZTF22aafxvkr,45.958057,19
1203,ZTF21abxwuvo,45.921227,22
1204,ZTF21abvdote,45.911861,66
1205,ZTF20absvoli,45.762306,39
1206,ZTF20acmhpvd,45.710621,31
1207,ZTF21achjauf,45.701538,26
1208,ZTF20abyjanf,45.616680,41
1209,ZTF21aapvxnf,45.477680,38
1210,ZTF21ackoxzz,45.388283,30
1211,ZTF22aapojjg,45.196327,13
1212,ZTF20acpujxl,44.906487,58
1213,ZTF19abepqvr,44.819485,132
1214,ZTF18acmajpp,44.654434,612
1215,ZTF20aadvsbp,44.569054,358
1216,ZTF23aamixrh,44.530552,28
1217,ZTF20acprazr,44.395580,23
1218,ZTF18abnjsiq,44.315041,116
1219,ZTF18acdyfrm,44.313320,189
1220,ZTF21aapfmut,44.232925,25
1221,ZTF22aalfwbn,44.155602,22
1222,ZTF24aavzchn,44.090042,38
1223,ZTF22abgagrt,43.989986,15
1224,ZTF26aaudbym,43.957211,45
1225,ZTF24abqpssm,43.949417,20
1226,ZTF24abwcujs,43.905949,52
1227,ZTF21aagnwkk,43.893078,17
1228,ZTF24aaqclnm,43.795929,23
1229,ZTF23aazvcuu,43.617603,19
1230,ZTF23ablaxoz,43.555012,10
1231,ZTF21abtaxou,43.483540,30
1232,ZTF23aaeaejy,43.418659,19
1233,ZTF20aattqle,43.251831,65
1234,ZTF20aauuwmg,43.193802,22
1235,ZTF24abzkoyr,43.166584,30
1236,ZTF21abmhwmu,43.134964,376
1237,ZTF22aanlaas,43.045254,281
1238,ZTF25abvalml,43.039486,15
1239,ZTF25aayorfb,43.023071,50
1240,ZTF20actlsch,43.013817,15
1241,ZTF20aaliqhq,43.013695,82
1242,ZTF20aagfebi,43.011311,61
1243,ZTF20aavqfrp,43.003986,18
1244,ZTF23abshxld,42.999966,44
1245,ZTF20aclkuqh,42.980507,34
1246,ZTF22abkybyq,42.963928,28
1247,ZTF25abzivcs,42.930767,32
1248,ZTF24abddplf,42.853294,23
1249,ZTF20acggvnn,42.844345,18
1250,ZTF18aawmxdx,42.533440,19
1251,ZTF22abteqxm,42.472721,24
1252,ZTF21aazybnu,42.424320,26
1253,ZTF24aaqugdz,42.362560,19
1254,ZTF24aawjcnn,42.129948,15
1255,ZTF20aauttlg,41.972504,11
1256,ZTF20abvqibv,41.961102,56
1257,ZTF21abrlwud,41.843765,10
1258,ZTF18acvgufq,41.830509,591
1259,ZTF23aaijkwo,41.791000,34
1260,ZTF25abxrizp,41.734837,39
1261,ZTF21abvddpq,41.680054,17
1262,ZTF25aaxegmh,41.452339,82
1263,ZTF19addjddq,41.302261,129
1264,ZTF19aasdblk,41.244404,188
1265,ZTF24aahfiwn,41.242626,35
1266,ZTF23aacbeoe,41.223236,245
1267,ZTF19abpsolj,41.216984,17
1268,ZTF21aabluwd,41.182308,784
1269,ZTF21abneigz,41.167992,351
1270,ZTF21acihiyy,41.103329,68
1271,ZTF20abbxogo,40.851780,36
1272,ZTF21abhthvj,40.743515,15
1273,ZTF22aaafqjf,40.677494,786
1274,ZTF20abgbwmt,40.635624,104
1275,ZTF20aclkvjy,40.326202,29
1276,ZTF23aadbzfq,40.321102,39
1277,ZTF23aaapoom,40.305435,19
1278,ZTF25abnfnat,40.269039,14
1279,ZTF20aalbjpf,40.222324,12
1280,ZTF18abblrwf,40.182693,1086
1281,ZTF19aaailzo,40.124130,540
1282,ZTF20abfzmpa,40.115902,40
1283,ZTF20abchqgl,40.040905,38
1284,ZTF20aavqcnp,40.024620,41
1285,ZTF20ackagrs,39.964470,16
1286,ZTF18ablrljh,39.915291,33
1287,ZTF20acnywhz,39.890778,21
1288,ZTF26aaxlvdm,39.863178,18
1289,ZTF20aavnnkm,39.762314,113
1290,ZTF22aaemlny,39.661209,13
1291,ZTF20abjcjmh,39.613014,46
1292,ZTF18abzwitq,39.579159,842
1293,ZTF18acbxzfi,39.577183,104
1294,ZTF21abcnlpj,39.569237,69
1295,ZTF18abnbxrs,39.514709,23
1296,ZTF21aabvwev,39.442184,17
1297,ZTF22abbozjd,39.404015,404
1298,ZTF21ackdwjm,39.373302,16
1299,ZTF22abinemg,39.238281,34
1300,ZTF19abdpjji,39.002735,161
1301,ZTF20abpyrpf,38.867012,157
1302,ZTF21aaocgku,38.809151,18
1303,ZTF24aauyupk,38.756496,15
1304,ZTF22aankymj,38.556175,15
1305,ZTF20acoxdas,38.495777,23
1306,ZTF23absqtpn,38.469860,17
1307,ZTF23aajeped,38.420246,16
1308,ZTF22abpydmh,38.399403,24
1309,ZTF25acinfdh,38.334606,76
1310,ZTF20abeeytg,38.331436,21
1311,ZTF24aanyhwz,38.268818,12
1312,ZTF23aapixhp,38.154461,15
1313,ZTF18ablpalb,38.134163,438
1314,ZTF23aatcvtc,38.078396,17
1315,ZTF21aayfmbv,37.786312,11
1316,ZTF20aaqshoz,37.713089,37
1317,ZTF17aadrhuy,37.699654,399
1318,ZTF20acpgzif,37.625660,25
1319,ZTF22abjrboo,37.602665,93
1320,ZTF20acvivzp,37.392086,12
1321,ZTF20aagloch,37.382652,88
1322,ZTF24abyaowk,37.381535,134
1323,ZTF18adbahiw,37.369083,412
1324,ZTF23abjieca,37.304424,21
1325,ZTF22aayayyc,37.296074,26
1326,ZTF26aaadpbg,37.160164,20
1327,ZTF22aaklhfg,37.095310,44
1328,ZTF19aaingkb,37.080517,143
1329,ZTF25aashgjy,37.040367,26
1330,ZTF23aaqzzyi,36.951061,19
1331,ZTF24abagjgq,36.895420,24
1332,ZTF17aaaseru,36.885632,676
1333,ZTF22abqyeru,36.843544,20
1334,ZTF19abnmrqt,36.776138,90
1335,ZTF24abzvnik,36.723377,29
1336,ZTF18aabopru,36.721714,547
1337,ZTF24aahzfwk,36.689800,24
1338,ZTF18aczvdal,36.642681,376
1339,ZTF26aaqwzoa,36.628262,29
1340,ZTF19adbnhdb,36.599415,20
1341,ZTF22abtszdv,36.506718,26
1342,ZTF25abmkaii,36.498806,19
1343,ZTF22aapqqys,36.497814,17
1344,ZTF24aajxscl,36.494781,38
1345,ZTF18aawmhsn,36.455948,33
1346,ZTF18adsiyvm,36.393559,94
1347,ZTF20abkfhzy,36.243198,40
1348,ZTF21aagsfjy,36.240234,16
1349,ZTF19aasfyxy,36.057266,401
1350,ZTF20aaupolv,35.804722,49
1351,ZTF23aagdayd,35.804436,16
1352,ZTF18aaaeetq,35.793079,225
1353,ZTF20acjzevw,35.631504,14
1354,ZTF20abltwhf,35.572906,72
1355,ZTF21acgyywa,35.569698,20
1356,ZTF22abcfvkz,35.527607,11
1357,ZTF20acaazkt,35.517353,41
1358,ZTF18accwxqi,35.486958,260
1359,ZTF19acqleaf,35.449020,441
1360,ZTF18aatrkga,35.227062,59
1361,ZTF19aamurgd,35.187702,633
1362,ZTF24aaxlnut,35.140099,78
1363,ZTF24abhbsuq,35.132404,12
1364,ZTF20adafguh,35.079517,22
1365,ZTF21aahpeee,35.067642,245
1366,ZTF22aapejzd,34.986351,15
1367,ZTF25aanzrcx,34.983921,33
1368,ZTF20abgbvrf,34.974552,60
1369,ZTF23aapmnos,34.896454,10
1370,ZTF21abdthxn,34.779854,32
1371,ZTF25abxjtkv,34.773872,130
1372,ZTF24aawbtpi,34.704845,20
1373,ZTF21aaphjwb,34.567581,13
1374,ZTF20aadvsae,34.565353,79
1375,ZTF20ableuly,34.431328,61
1376,ZTF20abbqguv,34.298615,17
1377,ZTF20aaerqjd,34.295280,28
1378,ZTF20abmdpkz,34.180973,19
1379,ZTF19abripzh,34.075539,10
1380,ZTF24abokdhw,34.036179,18
1381,ZTF26aaumtdl,33.840565,43
1382,ZTF24abipjoh,33.820122,69
1383,ZTF22abcsiqk,33.797092,18
1384,ZTF23abluzcz,33.784046,194
1385,ZTF25acemqzh,33.669453,23
1386,ZTF18abdmkhz,33.578300,627
1387,ZTF22aathzpd,33.575298,15
1388,ZTF22aajigho,33.550663,30
1389,ZTF19abvhaqq,33.541096,15
1390,ZTF25aalvyrp,33.534344,45
1391,ZTF23aajhosl,33.507881,20
1392,ZTF21aarrrsx,33.400990,14
1393,ZTF26aahjtum,33.392639,33
1394,ZTF25aadobka,33.386864,49
1395,ZTF24aaxoguq,33.343155,19
1396,ZTF20aawlzpj,33.328350,47
1397,ZTF25abflwiu,33.214832,21
1398,ZTF21aautjjk,33.213291,19
1399,ZTF20abefcyh,33.149399,16
1400,ZTF25abjqnln,33.087730,19
1401,ZTF24absmlws,33.024876,22
1402,ZTF21abuxnnv,32.919712,22
1403,ZTF21aakfvzb,32.827919,282
1404,ZTF21aaxwcgj,32.788792,66
1405,ZTF22aafctmu,32.778843,22
1406,ZTF21aaaecrv,32.718227,18
1407,ZTF22abjagjl,32.555309,42
1408,ZTF23aaknwxp,32.492180,13
1409,ZTF19abuzpmr,32.463463,15
1410,ZTF19actnymc,32.445911,16
1411,ZTF19adgdliu,32.410091,71
1412,ZTF20aaznooa,32.407066,17
1413,ZTF25acgqcbq,32.386852,33
1414,ZTF26aahqsvy,32.353073,115
1415,ZTF23abihgin,32.280178,18
1416,ZTF20aaseogg,32.211109,15
1417,ZTF22abcknjm,32.195271,17
1418,ZTF19abqapbi,32.116306,26
1419,ZTF24aapqwzu,32.084564,23
1420,ZTF22abttupc,32.080105,15
1421,ZTF19aatxeuj,31.934763,571
1422,ZTF18acuexzs,31.846764,446
1423,ZTF23aasnwva,31.811262,131
1424,ZTF18abvdccr,31.783176,641
1425,ZTF19abnmwxd,31.753252,78
1426,ZTF22abmcnmz,31.705147,53
1427,ZTF25aaymnha,31.666809,136
1428,ZTF21abapyjt,31.643702,45
1429,ZTF20aafxhbs,31.585932,21
1430,ZTF23aaedwfk,31.490831,22
1431,ZTF22abborwv,31.450294,21
1432,ZTF18aatrtkc,31.446934,70
1433,ZTF18acqyphc,31.425774,270
1434,ZTF20abyqwfc,31.363813,22
1435,ZTF19abjakct,31.323923,164
1436,ZTF20aaetlar,31.308401,13
1437,ZTF22aajibij,31.293974,26
1438,ZTF25aahweqd,31.021225,23
1439,ZTF20aaibakl,30.960186,22
1440,ZTF24aaumxrc,30.917612,14
1441,ZTF22aaddsxu,30.850170,65
1442,ZTF19abbtqpf,30.693890,532
1443,ZTF18abjgzxt,30.687162,290
1444,ZTF24absfwyn,30.649090,23
1445,ZTF23aadvpay,30.589731,35
1446,ZTF25abjsdsp,30.582100,23
1447,ZTF24aajgwdv,30.568678,11
1448,ZTF20aciudrr,30.511629,32
1449,ZTF22aanguyx,30.449467,55
1450,ZTF19acyfkyi,30.400063,33
1451,ZTF19aaqsdxr,30.393106,957
1452,ZTF22abycrav,30.339031,11
1453,ZTF24abgvrdl,30.337801,148
1454,ZTF19acbmotn,30.305319,20
1455,ZTF18abhbgyx,30.290329,612
1456,ZTF20accxzmn,30.266621,51
1457,ZTF26aalochb,30.192242,33
1458,ZTF19acxmmar,30.177458,58
1459,ZTF18acahikb,30.097565,577
1460,ZTF17aaagnwn,29.900034,287
1461,ZTF24aahuulq,29.896008,13
1462,ZTF25aadkvtq,29.824728,33
1463,ZTF25aarzwve,29.787836,81
1464,ZTF18abxdker,29.538736,174
1465,ZTF26aafwcnw,29.521852,61
1466,ZTF20abjxdpv,29.465630,16
1467,ZTF20abeeyrs,29.402765,20
1468,ZTF19abricpr,29.393965,618
1469,ZTF25aavlfmy,29.338093,14
1470,ZTF18aacnlxz,29.312626,16
1471,ZTF22aavdiim,29.264940,36
1472,ZTF25aaisfid,29.187223,23
1473,ZTF19abamotk,29.164667,156
1474,ZTF23abceswn,29.159529,14
1475,ZTF21aaizyqc,29.138666,89
1476,ZTF20aazsvww,29.119564,59
1477,ZTF26aafqpqd,29.108044,53
1478,ZTF19abiqifg,29.056637,438
1479,ZTF23aabwfkc,29.031830,33
1480,ZTF23aamzucf,28.853559,72
1481,ZTF25acegldq,28.826641,16
1482,ZTF24abdiqwz,28.804323,24
1483,ZTF22abfyrnv,28.730188,14
1484,ZTF20aaxmtxg,28.674486,36
1485,ZTF25abtlpvs,28.635721,20
1486,ZTF20abzkpwp,28.543688,16
1487,ZTF23aamdzgx,28.455299,13
1488,ZTF22aaweukv,28.380116,23
1489,ZTF26aakdjwv,28.304417,18
1490,ZTF22absxaxv,28.292301,21
1491,ZTF23aadbait,28.279055,43
1492,ZTF26aatahtv,28.191599,27
1493,ZTF23abarweh,28.161549,15
1494,ZTF20abqshzc,28.154139,16
1495,ZTF21ablweoo,28.134403,64
1496,ZTF25acapohj,28.115131,17
1497,ZTF18abznndg,28.115116,220
1498,ZTF20aatunbk,28.104132,40
1499,ZTF19abrrnat,27.886412,72
1500,ZTF22aawakbw,27.871864,24
1501,ZTF24abgscdq,27.870983,27
1502,ZTF25abpzwne,27.855713,29
1503,ZTF21abzadod,27.828411,44
1504,ZTF19aavxgur,27.809690,11
1505,ZTF23aajduqu,27.787237,37
1506,ZTF18ablwrch,27.774820,40
1507,ZTF18aarbaba,27.773264,76
1508,ZTF25acelime,27.765989,18
1509,ZTF19abamqar,27.626604,41
1510,ZTF20achoqvb,27.623663,25
1511,ZTF19aaxesxx,27.520670,13
1512,ZTF23abrwaiz,27.520432,19
1513,ZTF21abrpoaq,27.493925,27
1514,ZTF20acmgrdz,27.491287,42
1515,ZTF19abzprev,27.382759,11
1516,ZTF18acrunad,27.341570,327
1517,ZTF18aajkrxi,27.311712,29
1518,ZTF20accoccp,27.271135,17
1519,ZTF25aahmxqc,27.239954,12
1520,ZTF23aagaiju,27.232830,31
1521,ZTF21aaxsuik,27.223768,57
1522,ZTF23aaoorce,27.223482,13
1523,ZTF24abzsuib,27.201775,15
1524,ZTF20abejxbh,27.200821,10
1525,ZTF23aaxexuq,27.145794,56
1526,ZTF25aareirf,27.105005,22
1527,ZTF22abhyzjq,27.102915,26
1528,ZTF21acjotip,27.084925,17
1529,ZTF23aahxdhe,27.030323,26
1530,ZTF23aalupjy,27.009514,387
1531,ZTF19aaadsri,26.923723,52
1532,ZTF20ababfpj,26.923702,80
1533,ZTF26aaebmad,26.878735,44
1534,ZTF20acvfraq,26.858526,251
1535,ZTF22aakejxf,26.756121,11
1536,ZTF24aaprcqv,26.691523,24
1537,ZTF22absmrdt,26.643370,90
1538,ZTF19adboaem,26.636612,105
1539,ZTF19abdqhzt,26.617193,31
1540,ZTF17aaaduqw,26.581656,100
1541,ZTF23aapthmh,26.360203,30
1542,ZTF21abkoqic,26.215839,45
1543,ZTF25abwnklh,26.142138,13
1544,ZTF18abxvuaa,26.137438,98
1545,ZTF22aawdqfp,26.128881,116
1546,ZTF21aarhcpt,26.107037,55
1547,ZTF22aawxlpc,25.994864,48
1548,ZTF19aamqqjj,25.960155,486
1549,ZTF22aafumqj,25.898846,41
1550,ZTF17aacpwpr,25.870468,125
1551,ZTF22abiozoc,25.850761,25
1552,ZTF20aaallil,25.816092,28
1553,ZTF19abovsqr,25.811920,102
1554,ZTF19abanhsd,25.787844,14
1555,ZTF18acaphhx,25.763845,926
1556,ZTF23aaphonf,25.721403,16
1557,ZTF25acdvzkq,25.705927,16
1558,ZTF20aauqwzc,25.704962,38
1559,ZTF20abpzatb,25.695807,94
1560,ZTF20abixkhh,25.690138,44
1561,ZTF19aavipfj,25.680370,18
1562,ZTF18aacktzu,25.558380,365
1563,ZTF18aangpkx,25.519337,30
1564,ZTF19abgqwed,25.512451,12
1565,ZTF22abijxly,25.435658,21
1566,ZTF17aabzdfo,25.434763,21
1567,ZTF22aagpdsb,25.413788,11
1568,ZTF19acmleox,25.379875,43
1569,ZTF21aagrzwe,25.339029,39
1570,ZTF17aaanypg,25.336449,539
1571,ZTF25abbonxp,25.252073,20
1572,ZTF22aazuowq,25.165850,19
1573,ZTF21aaxzcir,25.130383,18
1574,ZTF18acvnirw,25.102089,41
1575,ZTF26aahjzht,25.035622,58
1576,ZTF18acllbhl,25.025011,23
1577,ZTF23aazrtdy,24.948605,64
1578,ZTF18aczuypu,24.909861,311
1579,ZTF22aahgubb,24.878134,27
1580,ZTF26aadsgez,24.857244,22
1581,ZTF19aaafqxz,24.852894,76
1582,ZTF22abgwuap,24.844717,39
1583,ZTF20aavnnut,24.745415,41
1584,ZTF19adbtqwy,24.644026,28
1585,ZTF18acrxoyi,24.627537,341
1586,ZTF23aaizmza,24.623272,22
1587,ZTF19acyjifn,24.574883,46
1588,ZTF22aajbnbu,24.521999,20
1589,ZTF19acxgyre,24.517475,13
1590,ZTF19acokejo,24.480453,654
1591,ZTF25aawvrxo,24.479475,30
1592,ZTF19abomagh,24.470190,45
1593,ZTF20abbeoay,24.459490,21
1594,ZTF19abatpfw,24.454712,310
1595,ZTF19abwsjam,24.454557,15
1596,ZTF18acsqcug,24.452629,26
1597,ZTF19abxdnmh,24.451860,18
1598,ZTF18acedfoa,24.449877,676
1599,ZTF24aaidwhg,24.449774,12
1600,ZTF18abxxeny,24.448231,100
1601,ZTF19abmylxw,24.422743,114
1602,ZTF23aajhucy,24.413134,13
1603,ZTF25acamzgr,24.410036,46
1604,ZTF19abuvqgw,24.387869,13
1605,ZTF26aapszhs,24.365568,52
1606,ZTF20aafcnby,24.328426,104
1607,ZTF25aajiutj,24.298597,43
1608,ZTF20aattrld,24.264524,59
1609,ZTF24aaioqpt,24.250643,44
1610,ZTF19abaevcv,24.185944,21
1611,ZTF23aadlwak,24.177961,141
1612,ZTF24abbjtjc,24.166584,30
1613,ZTF24aanboby,24.146488,29
1614,ZTF20acnagjb,24.122856,17
1615,ZTF18acedtqb,24.105263,51
1616,ZTF26aabdbey,24.091959,17
1617,ZTF18abppvhu,24.085955,1087
1618,ZTF22aakgmcy,24.056728,19
1619,ZTF20abzcfqn,24.024750,48
1620,ZTF22aangixh,23.969631,35
1621,ZTF25abjscra,23.877483,26
1622,ZTF19abkeizz,23.874472,110
1623,ZTF21abiriaq,23.785334,12
1624,ZTF23aansghp,23.783758,11
1625,ZTF20aaxgbtu,23.733784,20
1626,ZTF20acueziy,23.704556,21
1627,ZTF19acyfclm,23.683031,561
1628,ZTF25acgizlb,23.583000,12
1629,ZTF18aaakwan,23.568369,77
1630,ZTF24abtuqmp,23.443132,10
1631,ZTF25aatxryo,23.402187,81
1632,ZTF26aargoww,23.387306,83
1633,ZTF19acnkvzl,23.383789,16
1634,ZTF23aangysu,23.327383,13
1635,ZTF20abmljgg,23.299578,52
1636,ZTF25aavilvm,23.284037,86
1637,ZTF22abvggfb,23.280617,27
1638,ZTF25aaqnzgq,23.272148,22
1639,ZTF26aasusvb,23.266321,33
1640,ZTF23abilnah,23.240063,20
1641,ZTF24aboeilj,23.231146,15
1642,ZTF21accyuff,23.222069,705
1643,ZTF20abahhml,23.190948,71
1644,ZTF20abqsrfe,23.165897,43
1645,ZTF25aapnvqx,23.137753,16
1646,ZTF20abmbxrq,23.132135,24
1647,ZTF23aafscky,23.101551,16
1648,ZTF23aazbixp,23.061815,27
1649,ZTF22aaaltjw,23.058262,23
1650,ZTF18abvazyv,23.040751,1085
1651,ZTF23abaxled,23.016937,18
1652,ZTF25abwvdeh,22.999571,23
1653,ZTF25abwpkox,22.978821,14
1654,ZTF24aaecxun,22.968803,71
1655,ZTF25abbokdy,22.827068,34
1656,ZTF25aayxsry,22.812353,113
1657,ZTF25aagjcul,22.808109,13
1658,ZTF18abrcvbu,22.777590,15
1659,ZTF23aansdlc,22.776522,35
1660,ZTF21abmwgdf,22.718925,32
1661,ZTF24aavnjzn,22.699760,16
1662,ZTF21aagomio,22.672728,32
1663,ZTF19abqsojs,22.671131,16
1664,ZTF19aasjfoq,22.656746,180
1665,ZTF18aavrmlf,22.645514,48
1666,ZTF23aagdltf,22.628256,305
1667,ZTF25aanwmhr,22.606428,17
1668,ZTF25absxyyr,22.588194,22
1669,ZTF26aaacfdh,22.565189,19
1670,ZTF20abjbdzc,22.554520,70
1671,ZTF22aajxbkq,22.515594,28
1672,ZTF19aawnmoj,22.450737,38
1673,ZTF20aaifyqh,22.417973,211
1674,ZTF20acdafau,22.350115,57
1675,ZTF24aawnwza,22.347439,33
1676,ZTF18adrtxfx,22.337917,188
1677,ZTF23aagmfjd,22.330303,20
1678,ZTF19aacbgrm,22.299385,74
1679,ZTF20abvtldf,22.280157,68
1680,ZTF25abmhmbk,22.221962,65
1681,ZTF25aanfdbz,22.177654,13
1682,ZTF20aanafyp,22.159523,13
1683,ZTF21aayquba,22.132488,43
1684,ZTF17aaabzuq,22.047218,1112
1685,ZTF21abrxwvv,22.041353,22
1686,ZTF23aambgro,22.031612,21
1687,ZTF19aarsrls,22.025173,505
1688,ZTF20abtgzkv,21.992205,45
1689,ZTF19aaphccf,21.986841,1073
1690,ZTF21abtxxfe,21.984760,26
1691,ZTF20aavpwfu,21.912392,21
1692,ZTF22absdier,21.909395,22
1693,ZTF22abaegxq,21.898966,127
1694,ZTF24abgrsdt,21.897570,13
1695,ZTF24abizlgp,21.882961,30
1696,ZTF22abgzexd,21.845749,25
1697,ZTF21aaoepgz,21.842501,21
1698,ZTF22abnpsou,21.822866,68
1699,ZTF17aaawdgp,21.698650,860
1700,ZTF18aaqnxjb,21.660126,21
1701,ZTF21acgrrnl,21.630487,45
1702,ZTF19acpgaet,21.571499,17
1703,ZTF26aakyzem,21.555216,68
1704,ZTF22aarvefl,21.494495,51
1705,ZTF21abimejj,21.487661,70
1706,ZTF22abfjnpj,21.454552,45
1707,ZTF23abkfsny,21.436005,21
1708,ZTF20abeonvo,21.423136,31
1709,ZTF18abssfgr,21.375416,632
1710,ZTF26aaenpqj,21.355577,64
1711,ZTF19abzgccc,21.329573,71
1712,ZTF20achmcce,21.221029,13
1713,ZTF20aahptds,21.218477,71
1714,ZTF19aburnqh,21.208393,25
1715,ZTF20actobzn,21.170820,32
1716,ZTF22aaljyqw,21.170074,47
1717,ZTF23aajayst,21.143221,13
1718,ZTF26aagpmoi,21.130308,16
1719,ZTF20aczefsg,21.080187,14
1720,ZTF21abpmirq,21.063787,44
1721,ZTF18adkqvdi,21.003864,142
1722,ZTF22abjgpvt,21.001785,23
1723,ZTF21aakerwn,21.000761,21
1724,ZTF20acpllqk,20.983753,14
1725,ZTF21abotuqo,20.932888,61
1726,ZTF25ablyzro,20.928648,42
1727,ZTF21aaxzczy,20.910402,28
1728,ZTF24absdppq,20.907349,15
1729,ZTF24ablulwr,20.900213,30
1730,ZTF22abfnkve,20.783014,304
1731,ZTF24aaxmpyh,20.676741,75
1732,ZTF19abiiyni,20.662876,14
1733,ZTF20abyzoof,20.658272,65
1734,ZTF19aaxllvc,20.564499,20
1735,ZTF22aanjimh,20.541395,29
1736,ZTF20abqdkne,20.525040,69
1737,ZTF18abgtrbi,20.471746,467
1738,ZTF19aakvwdu,20.455135,237
1739,ZTF19acardcs,20.452883,16
1740,ZTF18acwwsoa,20.357721,254
1741,ZTF21abzbuvf,20.307678,15
1742,ZTF24abeivan,20.287361,44
1743,ZTF22aafarws,20.282633,18
1744,ZTF24abqugtc,20.267519,358
1745,ZTF22aagrrxy,20.253742,50
1746,ZTF18acsvqlp,20.252226,629
1747,ZTF20adaduxg,20.242323,82
1748,ZTF25aaapnji,20.225580,79
1749,ZTF21acekmmm,20.219431,25
1750,ZTF20aazrnqi,20.184807,13
1751,ZTF24aawivma,20.162899,10
1752,ZTF20abjwkhn,20.088554,23
1753,ZTF21aatmmgd,20.054739,20
1754,ZTF22ablrmro,20.033485,16
1755,ZTF19abisbgx,20.005568,10
1756,ZTF20abqcvtk,19.971792,27
1757,ZTF20abmhkrd,19.919790,19
1758,ZTF23abejxgc,19.874647,24
1759,ZTF21aazgkjf,19.870043,114
1760,ZTF23aaxzpnm,19.830009,32
1761,ZTF26aauphpw,19.818554,40
1762,ZTF25aaizyki,19.785805,50
1763,ZTF18acqzdbs,19.753603,155
1764,ZTF22abgbywx,19.703768,12
1765,ZTF19aawlgrc,19.686037,45
1766,ZTF22aadesjw,19.662975,20
1767,ZTF19acfrhnq,19.642862,60
1768,ZTF21ackqual,19.642263,14
1769,ZTF20aaifyvz,19.529114,20
1770,ZTF20aciuubo,19.522560,18
1771,ZTF19aaqbbjj,19.501146,34
1772,ZTF19aatvlfl,19.489332,17
1773,ZTF23abfqtpt,19.487402,50
1774,ZTF18abmsopp,19.476362,861
1775,ZTF23abahlns,19.474964,20
1776,ZTF17aadlxmv,19.432997,28
1777,ZTF25abcydiy,19.397827,130
1778,ZTF23aaelbet,19.397516,21
1779,ZTF24abgzpea,19.343733,12
1780,ZTF20acfnmwf,19.341835,51
1781,ZTF19acbpxwt,19.308220,102
1782,ZTF24abzzplu,19.306633,43
1783,ZTF20abegblo,19.303917,52
1784,ZTF18abwsres,19.278625,162
1785,ZTF23aagpnvh,19.275625,33
1786,ZTF22abejrab,19.267206,225
1787,ZTF21acjxmer,19.262793,24
1788,ZTF25aagbsfo,19.229012,13
1789,ZTF24aarizzi,19.228382,69
1790,ZTF19acymakh,19.207165,474
1791,ZTF19aculgvn,19.205868,14
1792,ZTF22aaikzzr,19.192051,14
1793,ZTF23aaqpbhu,19.141436,31
1794,ZTF18adngjwe,19.116161,83
1795,ZTF18acsziue,19.114370,352
1796,ZTF19aaxlfyg,19.088696,359
1797,ZTF25abpdxzo,19.071735,21
1798,ZTF20abcxnkh,19.058218,30
1799,ZTF19abfpupe,19.055012,12
1800,ZTF26aalciln,19.034691,17
1801,ZTF20aawdjlp,19.034321,29
1802,ZTF19ablpnmk,19.031418,26
1803,ZTF22aaxmcjd,19.028418,14
1804,ZTF18acfhmhp,19.021343,14
1805,ZTF21abzxkyv,19.009443,28
1806,ZTF18abnozzo,19.007627,1021
1807,ZTF23abeohgr,18.989695,164
1808,ZTF19abrbdve,18.988211,34
1809,ZTF20aacxjcw,18.979940,12
1810,ZTF20abgfvav,18.945959,44
1811,ZTF20achoqmk,18.919344,10
1812,ZTF19abvzwlq,18.904232,54
1813,ZTF26aahbdxi,18.840284,80
1814,ZTF24aaiefsd,18.817745,20
1815,ZTF20acjptah,18.801590,24
1816,ZTF22abtvkgk,18.791674,19
1817,ZTF19abpnpcy,18.784369,28
1818,ZTF26aaodwwg,18.750139,11
1819,ZTF25aalxvtm,18.726082,15
1820,ZTF21aaglxow,18.674067,39
1821,ZTF20abyyfmw,18.645231,81
1822,ZTF23abjthou,18.634314,26
1823,ZTF18aafpfwr,18.628328,13
1824,ZTF19abyffeb,18.621630,17
1825,ZTF20acteioa,18.593731,15
1826,ZTF22aaswpww,18.589569,15
1827,ZTF19aasfzvo,18.587591,465
1828,ZTF23aagfpxq,18.569109,62
1829,ZTF19acdxlns,18.548502,32
1830,ZTF24aarqqug,18.474285,47
1831,ZTF19abpbqor,18.463144,16
1832,ZTF22aaygzdb,18.425936,29
1833,ZTF21aciuhyy,18.424700,40
1834,ZTF21aaxxoei,18.424660,125
1835,ZTF19abnfgwe,18.422039,16
1836,ZTF18aaaooqj,18.415211,41
1837,ZTF18aagazmu,18.404583,10
1838,ZTF21abxfyaw,18.351427,41
1839,ZTF18abimytv,18.350414,482
1840,ZTF22aaajxkj,18.341812,31
1841,ZTF26aappgss,18.334995,23
1842,ZTF19aabidnv,18.328560,160
1843,ZTF18abvvjsl,18.294874,1287
1844,ZTF22aakkmri,18.250990,13
1845,ZTF26aaachkr,18.246233,46
1846,ZTF23aahjivb,18.244486,35
1847,ZTF21acgyzel,18.229830,17
1848,ZTF21abfyadt,18.168516,51
1849,ZTF23aaerviz,18.156303,60
1850,ZTF25aaudfkr,18.130486,17
1851,ZTF18acnmoiy,18.113792,361
1852,ZTF26aajeyiv,18.113066,12
1853,ZTF20acpkprl,18.100464,21
1854,ZTF25abkrnxc,18.095779,17
1855,ZTF19achcdju,18.089701,16
1856,ZTF20acseuvr,18.089481,31
1857,ZTF25aanfcsu,18.089134,11
1858,ZTF20actvgsy,18.078850,16
1859,ZTF24abeywka,18.070538,91
1860,ZTF24aabsmvc,18.058729,44
1861,ZTF21abezcph,18.007336,28
1862,ZTF23aaqanze,17.973532,31
1863,ZTF21aarpyjh,17.954491,15
1864,ZTF25ablzevb,17.953054,31
1865,ZTF19abpwygn,17.888519,22
1866,ZTF20aambbfn,17.863987,31
1867,ZTF25aaaqkbi,17.852100,29
1868,ZTF25abexekl,17.850149,32
1869,ZTF21abrsann,17.836039,17
1870,ZTF22aaaensn,17.825987,61
1871,ZTF20acnvznn,17.791452,21
1872,ZTF19aarpxaf,17.757486,638
1873,ZTF21acjduaf,17.755989,13
1874,ZTF22aajjdkr,17.748140,14
1875,ZTF21aasbkrl,17.740387,33
1876,ZTF22aadndra,17.714796,26
1877,ZTF22abokdoq,17.704897,35
1878,ZTF21aamwlzd,17.694908,25
1879,ZTF24abfmniy,17.656837,52
1880,ZTF22aadedjt,17.643953,15
1881,ZTF19achiyvy,17.606617,16
1882,ZTF20abxfiev,17.551722,102
1883,ZTF24abvdzbs,17.538691,10
1884,ZTF19abftuld,17.519026,84
1885,ZTF20abrntfj,17.518631,12
1886,ZTF17aaafiwn,17.513700,393
1887,ZTF22abobtsc,17.503050,12
1888,ZTF19abhzdjp,17.440355,30
1889,ZTF20abovoji,17.371847,42
1890,ZTF18abtoxfy,17.369883,1328
1891,ZTF25acfnntp,17.334387,14
1892,ZTF19aceqjqw,17.286671,10
1893,ZTF22abhsxph,17.278898,49
1894,ZTF20abelnha,17.261353,58
1895,ZTF24aapzmaf,17.242491,12
1896,ZTF24abampnm,17.235590,60
1897,ZTF22aanumsh,17.213238,13
1898,ZTF21aciymio,17.210316,13
1899,ZTF23aaswqjr,17.204163,21
1900,ZTF18abadjhx,17.200846,28
1901,ZTF23aabfosj,17.199354,20
1902,ZTF22aafywul,17.198101,23
1903,ZTF24aahoxay,17.191961,19
1904,ZTF19aaprgal,17.147757,207
1905,ZTF20aajwwcx,17.119562,107
1906,ZTF24aaqixsx,17.104517,66
1907,ZTF19abamrlj,17.092968,23
1908,ZTF22abvoazp,17.074541,14
1909,ZTF20abxpzxg,17.072590,68
1910,ZTF22abpuhfk,17.064226,12
1911,ZTF19abdgllt,17.026659,38
1912,ZTF20aawoojh,17.004049,50
1913,ZTF20acoxudw,16.995472,16
1914,ZTF19abpxcaf,16.994825,16
1915,ZTF24aahgycb,16.951292,21
1916,ZTF19aclthzj,16.931431,41
1917,ZTF20aafeiqv,16.914902,989
1918,ZTF20aascwar,16.912094,39
1919,ZTF25aadhuav,16.910723,13
1920,ZTF20abezrwc,16.883835,15
1921,ZTF18abcigqi,16.878431,93
1922,ZTF25abxqnqr,16.830059,20
1923,ZTF18abmoljd,16.828131,66
1924,ZTF21aaualej,16.825500,31
1925,ZTF19aavxmlr,16.776255,14
1926,ZTF21aakffwa,16.766546,12
1927,ZTF20aawghtx,16.763168,18
1928,ZTF19acbpxkf,16.757593,25
1929,ZTF20abltjmb,16.755230,17
1930,ZTF24abvgyll,16.719213,23
1931,ZTF22abssxkn,16.699017,17
1932,ZTF20aauoktk,16.690107,41
1933,ZTF25acelxfd,16.658102,16
1934,ZTF22aajjqti,16.642790,56
1935,ZTF25aasydhj,16.602711,16
1936,ZTF20abvqnri,16.598383,41
1937,ZTF22abqaeac,16.590151,39
1938,ZTF23aaknrvh,16.580830,55
1939,ZTF21aaqyeso,16.485064,21
1940,ZTF20aavzmox,16.462906,41
1941,ZTF23aafvacb,16.461361,19
1942,ZTF19aanwobm,16.449432,178
1943,ZTF18acajosk,16.438822,83
1944,ZTF25aarrwlq,16.398909,24
1945,ZTF25abvukej,16.388140,15
1946,ZTF19adcgdtl,16.362963,11
1947,ZTF20abqmtsh,16.356094,34
1948,ZTF21abzithf,16.355175,23
1949,ZTF25acctbaz,16.267281,58
1950,ZTF18acrukob,16.228008,819
1951,ZTF22aaihuod,16.196653,17
1952,ZTF21abzhxgp,16.185596,19
1953,ZTF26aaadgzt,16.172604,20
1954,ZTF22aamuocu,16.160414,11
1955,ZTF20abvrydt,16.150219,46
1956,ZTF25abvrmip,16.145344,49
1957,ZTF23aamshib,16.132343,43
1958,ZTF19abcvdbw,16.127592,22
1959,ZTF20aaolydl,16.121489,322
1960,ZTF20abgtvhl,16.119675,130
1961,ZTF24abtbidl,16.117878,33
1962,ZTF20actgnvy,16.104813,183
1963,ZTF22aagbsnp,16.085794,68
1964,ZTF19abrcvzz,16.081966,49
1965,ZTF21acdcxfz,16.081612,29
1966,ZTF23abkjbsz,16.072983,17
1967,ZTF25abgpdzk,16.046213,12
1968,ZTF18abcllge,16.024849,564
1969,ZTF20acxooam,16.009644,22
1970,ZTF26aaxeumw,16.007467,27
1971,ZTF26aarnbkt,15.996305,20
1972,ZTF22aayjjxa,15.927629,24
1973,ZTF22aakxanl,15.921206,10
1974,ZTF26aahigll,15.892653,61
1975,ZTF18abrnjgj,15.891761,189
1976,ZTF25abmhxft,15.890991,21
1977,ZTF20accsfkt,15.889728,43
1978,ZTF19adnsopf,15.876011,102
1979,ZTF18adoabrj,15.844752,42
1980,ZTF21abcfdws,15.837898,39
1981,ZTF20acwcqnv,15.836966,26
1982,ZTF19abpfxfs,15.814740,16
1983,ZTF24abbjuwa,15.765914,31
1984,ZTF19abdggdp,15.754043,42
1985,ZTF22abmzete,15.748088,20
1986,ZTF21abgjdtt,15.747111,27
1987,ZTF19abdyfxf,15.746348,20
1988,ZTF22aadephk,15.720890,51
1989,ZTF22aadolby,15.697723,71
1990,ZTF18aarunfu,15.654179,33
1991,ZTF18acejejm,15.634588,165
1992,ZTF23abgnkrr,15.630850,19
1993,ZTF21aagofpx,15.629514,20
1994,ZTF23ablccid,15.607789,12
1995,ZTF20abastvg,15.588044,12
1996,ZTF25acgdhfj,15.582900,30
1997,ZTF24aahwcei,15.564858,28
1998,ZTF23aatibkr,15.564453,29
1999,ZTF20abfkbkk,15.550998,38
2000,ZTF24abnfaaw,15.539846,19
2001,ZTF22aafapqe,15.538361,19
2002,ZTF23aajibbm,15.500640,183
2003,ZTF20acxuifr,15.472000,39
2004,ZTF21acjqnwe,15.457694,12
2005,ZTF20aaqrddh,15.451125,23
2006,ZTF22aaypvib,15.446790,40
2007,ZTF26aandavw,15.444658,36
2008,ZTF26aaaootf,15.439966,31
2009,ZTF25abliruh,15.439492,91
2010,ZTF21ackwgzm,15.427382,14
2011,ZTF24aamvrgo,15.421302,12
2012,ZTF25abwlscr,15.415517,32
2013,ZTF20abzvaks,15.413100,758
2014,ZTF20acrerzb,15.403478,31
2015,ZTF23abryizu,15.401268,128
2016,ZTF20abfhzhm,15.390555,36
2017,ZTF20abbplxx,15.362459,14
2018,ZTF21acjdryi,15.338877,14
2019,ZTF22aaqtmfj,15.325667,29
2020,ZTF26aauxmcr,15.240410,33
2021,ZTF22aazgaus,15.236368,29
2022,ZTF19aavriia,15.205758,17
2023,ZTF25abjnmqz,15.172175,14
2024,ZTF25aazuxfi,15.171126,32
2025,ZTF19aamkmxv,15.167702,31
2026,ZTF21aatiskj,15.162577,19
2027,ZTF18acsjdpm,15.147441,195
2028,ZTF23aaiyuae,15.126891,24
2029,ZTF18adkcntv,15.099747,51
2030,ZTF21abcptwm,15.075845,11
2031,ZTF22aaljguk,15.067876,20
2032,ZTF24aaqyenl,15.018802,40
2033,ZTF18aawomdg,15.006049,11
2034,ZTF18aabgpcg,14.993198,186
2035,ZTF25acjibqk,14.976055,26
2036,ZTF19abavugf,14.968852,43
2037,ZTF21acjnajt,14.892921,16
2038,ZTF25abwnvao,14.887118,15
2039,ZTF20acowpur,14.877706,24
2040,ZTF18acajmab,14.876462,1053
2041,ZTF20acgcgnf,14.854173,28
2042,ZTF23abhboif,14.843085,18
2043,ZTF25aaitagu,14.832014,29
2044,ZTF20abucjsa,14.820315,50
2045,ZTF25abdpyga,14.811584,95
2046,ZTF22aajhyin,14.810474,38
2047,ZTF20acpkwer,14.799627,16
2048,ZTF19aculadp,14.773234,12
2049,ZTF20acwilfu,14.758718,21
2050,ZTF26aagpolg,14.756993,18
2051,ZTF21aantxma,14.732957,17
2052,ZTF20acxuyqs,14.679746,20
2053,ZTF20achrklb,14.675819,25
2054,ZTF21abkndbe,14.655884,188
2055,ZTF25acerwiy,14.644782,28
2056,ZTF26aaadqoy,14.592697,18
2057,ZTF25abekolv,14.576020,95
2058,ZTF19aachjep,14.572758,18
2059,ZTF21aayrnqc,14.564583,23
2060,ZTF21achdwqg,14.561641,18
2061,ZTF25aavmknw,14.541947,22
2062,ZTF23aavpzil,14.537810,11
2063,ZTF25abmhsuy,14.519932,18
2064,ZTF25aaqsnsq,14.511148,32
2065,ZTF21achdxdn,14.474185,20
2066,ZTF22abpyder,14.439941,40
2067,ZTF22aadhfqd,14.360158,275
2068,ZTF21abcemzh,14.352522,18
2069,ZTF22abfavpu,14.349835,112
2070,ZTF19acdigzw,14.322857,21
2071,ZTF23aazjqov,14.319583,42
2072,ZTF21abwbemp,14.312016,45
2073,ZTF20aanskdl,14.305416,23
2074,ZTF21abvbfmj,14.288373,12
2075,ZTF25abcxtvx,14.270713,62
2076,ZTF24aasqfdl,14.263042,13
2077,ZTF19abegizf,14.246414,24
2078,ZTF25abphhyk,14.239307,62
2079,ZTF20aattqbi,14.237132,39
2080,ZTF25aboruxa,14.231877,40
2081,ZTF20abzjvqu,14.210465,42
2082,ZTF19acifmpr,14.184119,150
2083,ZTF24aahgtjt,14.182768,19
2084,ZTF19abfqmjg,14.174912,706
2085,ZTF23aajaucm,14.173828,22
2086,ZTF23abbxvco,14.172733,26
2087,ZTF24abizspq,14.151010,36
2088,ZTF19abwsbhn,14.138659,28
2089,ZTF20abgpkfz,14.135762,103
2090,ZTF22abihtsn,14.130157,34
2091,ZTF26aaaqdbi,14.104095,16
2092,ZTF22aaidfnc,14.092707,54
2093,ZTF22absqpsa,14.088049,47
2094,ZTF22acailzh,14.084838,35
2095,ZTF20aattqfr,14.081299,16
2096,ZTF23abdpgvv,14.050504,42
2097,ZTF24abrkybg,14.022292,52
2098,ZTF20abisrhp,14.017800,13
2099,ZTF19abjpkdz,14.002323,13
2100,ZTF25aaluwyd,13.994298,18
2101,ZTF24aajxsgx,13.984415,65
2102,ZTF22aaohzok,13.982881,25
2103,ZTF23aabbszx,13.970260,329
2104,ZTF18acxlgjv,13.926458,623
2105,ZTF19abtpssg,13.901121,14
2106,ZTF18abjgzxw,13.887268,1082
2107,ZTF22abdxjhr,13.864997,39
2108,ZTF25acepzsz,13.851380,22
2109,ZTF20abjwjrx,13.842248,15
2110,ZTF22abaucrh,13.787439,20
2111,ZTF19aaqatwc,13.787078,840
2112,ZTF21abxgiyp,13.761847,57
2113,ZTF19abmypfs,13.743092,32
2114,ZTF19aamrzte,13.739597,217
2115,ZTF24abzrrxz,13.728593,13
2116,ZTF21abehrtt,13.705963,27
2117,ZTF23aalzjgk,13.704368,17
2118,ZTF19acbveok,13.704215,15
2119,ZTF21abrbaci,13.703658,457
2120,ZTF20abbckbb,13.700017,32
2121,ZTF23abmwoho,13.696139,28
2122,ZTF24aarygdq,13.670524,210
2123,ZTF18abiehsy,13.642000,469
2124,ZTF20abjuwze,13.641685,48
2125,ZTF22aaqiizy,13.614807,21
2126,ZTF23aadskqz,13.606819,38
2127,ZTF20acoyqav,13.604218,15
2128,ZTF19aarcktf,13.602571,371
2129,ZTF23aahzpok,13.594143,33
2130,ZTF26aauoyat,13.581915,23
2131,ZTF18abxutgm,13.580272,919
2132,ZTF25aakoamh,13.577176,20
2133,ZTF22aaytfey,13.574155,41
2134,ZTF21abrpkzp,13.560319,27
2135,ZTF25aafibpn,13.535005,39
2136,ZTF22aavpkwo,13.521000,54
2137,ZTF25abeyogz,13.493097,41
2138,ZTF25aaiyyvv,13.478173,18
2139,ZTF26aapvzxc,13.460218,27
2140,ZTF23abhzwll,13.452797,20
2141,ZTF20aawjjgt,13.450241,15
2142,ZTF19aajxwsq,13.444236,118
2143,ZTF22abfvxlz,13.441478,23
2144,ZTF25acldmbe,13.437435,81
2145,ZTF23abscxnq,13.430237,21
2146,ZTF20actquxk,13.429317,14
2147,ZTF22aauwylz,13.388526,13
2148,ZTF23abogidd,13.381108,12
2149,ZTF24abzksbl,13.351112,32
2150,ZTF19aarphwc,13.343497,82
2151,ZTF22aafafbt,13.330351,56
2152,ZTF19abqmsbk,13.330239,14
2153,ZTF19abfsxpw,13.306913,18
2154,ZTF22aafkstv,13.303102,41
2155,ZTF24aaqzmxj,13.294387,22
2156,ZTF20aauualk,13.294073,22
2157,ZTF19acftcbx,13.292916,24
2158,ZTF23aaknrvj,13.286450,40
2159,ZTF21abwvtqu,13.247967,15
2160,ZTF26aakqedz,13.239836,33
2161,ZTF25abnnpmt,13.229951,41
2162,ZTF22aafwidw,13.228302,380
2163,ZTF24aahsyoz,13.219241,537
2164,ZTF25acegbvm,13.183098,18
2165,ZTF20acgnirp,13.179478,18
2166,ZTF23abjfikg,13.166786,17
2167,ZTF22aaemkwa,13.145053,22
2168,ZTF19abgndlf,13.144102,82
2169,ZTF20aayeims,13.140003,12
2170,ZTF20abbywfu,13.129360,29
2171,ZTF23abihxfd,13.085812,16
2172,ZTF25abjouqv,13.084604,19
2173,ZTF24abnsght,13.077160,21
2174,ZTF23aaohapx,13.066848,19
2175,ZTF25abwnpuz,13.059908,15
2176,ZTF23abkpino,13.058176,20
2177,ZTF20aavmurk,13.039905,19
2178,ZTF26aappmmu,13.019494,27
2179,ZTF20abiserv,13.019420,97
2180,ZTF22aammxgq,13.010156,403
2181,ZTF20abtgwwq,13.007388,62
2182,ZTF24aaugxzp,13.003814,58
2183,ZTF22aayukxn,12.998841,23
2184,ZTF19abitljz,12.991087,15
2185,ZTF20aagvvnr,12.989608,17
2186,ZTF21acjcwbf,12.987743,12
2187,ZTF19abxvtiy,12.980804,14
2188,ZTF25abwmbbo,12.969790,38
2189,ZTF23abhxczk,12.965762,16
2190,ZTF20aaumlmu,12.946808,19
2191,ZTF22abycztc,12.932611,33
2192,ZTF20abbelzu,12.925733,36
2193,ZTF21aaovdlh,12.890175,32
2194,ZTF20aagzkni,12.879323,13
2195,ZTF21aaguags,12.878845,98
2196,ZTF24abnyruv,12.874344,36
2197,ZTF21abqzays,12.863735,23
2198,ZTF25abbzfjz,12.828490,133
2199,ZTF22aaedoxt,12.825486,29
2200,ZTF20abrawzq,12.793592,35
2201,ZTF22abxpcmv,12.785552,268
2202,ZTF22aaaffer,12.783600,14
2203,ZTF20aaigcqt,12.783136,436
2204,ZTF20abccojn,12.776717,52
2205,ZTF19abhztqq,12.754378,63
2206,ZTF23aakokgz,12.722323,11
2207,ZTF20abkqtcq,12.719803,10
2208,ZTF19adbnlki,12.700104,44
2209,ZTF23abiuwjh,12.661779,18
2210,ZTF18acwyvak,12.647664,318
2211,ZTF20acqxgjn,12.647379,18
2212,ZTF19aatoyno,12.623363,31
2213,ZTF26aahjzfk,12.618529,31
2214,ZTF20aciucmq,12.603696,37
2215,ZTF20abeqndh,12.592306,15
2216,ZTF21aanzmoi,12.584588,27
2217,ZTF20abbfpyh,12.584143,95
2218,ZTF19addayrx,12.572926,50
2219,ZTF18abqjyxy,12.568548,35
2220,ZTF26aasmtfl,12.557734,41
2221,ZTF20abriipn,12.551139,39
2222,ZTF18acbxqzf,12.551089,45
2223,ZTF22abmjdfo,12.538310,17
2224,ZTF20aaeaftf,12.528418,46
2225,ZTF19aayhhql,12.517927,23
2226,ZTF20aairvsi,12.500168,33
2227,ZTF22abeioig,12.462767,17
2228,ZTF18acrwlob,12.447328,537
2229,ZTF20abjwgyc,12.447038,15
2230,ZTF21acaohqz,12.443639,19
2231,ZTF21aagxuyk,12.439186,51
2232,ZTF19aczkgox,12.410856,21
2233,ZTF18admasxp,12.398364,100
2234,ZTF18abmipkc,12.377366,781
2235,ZTF20abjgfac,12.347409,44
2236,ZTF21aaadoiw,12.331859,19
2237,ZTF18ablrwhp,12.326831,363
2238,ZTF18absqwyg,12.325059,21
2239,ZTF20aavonft,12.322944,14
2240,ZTF21abuyyxi,12.318608,25
2241,ZTF26aahnjfz,12.318349,47
2242,ZTF23abobbkm,12.308472,13
2243,ZTF22aaddxxl,12.297567,10
2244,ZTF25abjetyb,12.277996,22
2245,ZTF20abfszej,12.268089,86
2246,ZTF22abfvryd,12.267838,11
2247,ZTF22aakgfnu,12.257207,12
2248,ZTF17aabwgnn,12.243773,293
2249,ZTF20aaruioe,12.241838,211
2250,ZTF21aahdryk,12.240261,24
2251,ZTF25abjjlgl,12.216105,66
2252,ZTF23aajdvbd,12.202962,14
2253,ZTF19abqhikf,12.183787,27
2254,ZTF19abcegbv,12.143479,332
2255,ZTF25aauhcoe,12.131552,20
2256,ZTF19acfsqlw,12.116382,17
2257,ZTF26aaapchq,12.115338,32
2258,ZTF20aaljgcp,12.104302,41
2259,ZTF18acqxeba,12.095933,61
2260,ZTF21acjeqnf,12.089608,24
2261,ZTF20abcjigo,12.085946,22
2262,ZTF21aahfjbs,12.082690,30
2263,ZTF21aaanjxm,12.071327,25
2264,ZTF21aayggyo,12.058943,20
2265,ZTF25abmwpui,12.055269,18
2266,ZTF24aalbxfh,12.034431,16
2267,ZTF21abdusmu,12.029236,17
2268,ZTF21aagsmzb,12.025149,12
2269,ZTF21accztoy,12.024342,16
2270,ZTF22abdxehr,12.023824,17
2271,ZTF24aaofamr,11.960600,229
2272,ZTF20abvypyn,11.945837,20
2273,ZTF25abtclzj,11.938917,20
2274,ZTF21aalkhot,11.933821,67
2275,ZTF25aaqbwzn,11.920073,15
2276,ZTF20aatuvvc,11.917408,20
2277,ZTF19aarlrgx,11.911667,677
2278,ZTF18acueutt,11.905694,121
2279,ZTF22aagkdpw,11.900745,26
2280,ZTF26aamusdq,11.892712,39
2281,ZTF21abkrsfy,11.888624,25
2282,ZTF20aciniwb,11.887878,16
2283,ZTF20acpxvdg,11.880816,21
2284,ZTF19aamhhey,11.880291,36
2285,ZTF18aartjod,11.861319,10
2286,ZTF20aaswzdm,11.829055,20
2287,ZTF23aahxdsi,11.816243,29
2288,ZTF25aaviwhc,11.816009,19
2289,ZTF23aaprwrn,11.795945,21
2290,ZTF22aamzzjw,11.795437,79
2291,ZTF22aaokiud,11.792499,106
2292,ZTF19acojuex,11.777102,19
2293,ZTF23aabsyyu,11.770520,39
2294,ZTF26aasupme,11.766613,19
2295,ZTF20aaqtebg,11.754836,39
2296,ZTF21acermmd,11.691373,40
2297,ZTF25aaymdbo,11.654147,47
2298,ZTF23aabfdgi,11.631535,175
2299,ZTF22abipidm,11.618235,30
2300,ZTF19acszpdm,11.616543,21
2301,ZTF20abazgfi,11.615505,36
2302,ZTF20acynllu,11.572124,17
2303,ZTF20aameaku,11.568037,915
2304,ZTF24abyssre,11.554902,16
2305,ZTF19abzihnr,11.553824,112
2306,ZTF25acdhetm,11.504417,16
2307,ZTF24aafiixf,11.499232,45
2308,ZTF20abepyro,11.497367,15
2309,ZTF22abiiwzd,11.472960,28
2310,ZTF25acgeiop,11.460945,17
2311,ZTF18acugdvq,11.436549,296
2312,ZTF25aaluxnm,11.433986,19
2313,ZTF18abugthp,11.418434,17
2314,ZTF17aaahsxa,11.402225,551
2315,ZTF21acegeyw,11.393768,67
2316,ZTF20acwjrmn,11.386075,20
2317,ZTF25abhkdne,11.384871,101
2318,ZTF20abwynwj,11.383554,103
2319,ZTF23abidzut,11.357709,199
2320,ZTF25aaqyygm,11.356657,43
2321,ZTF22aafujzv,11.346333,459
2322,ZTF20abqgbum,11.340971,32
2323,ZTF19acfuxzl,11.331416,39
2324,ZTF22aafalol,11.303459,24
2325,ZTF25abtaqbj,11.275938,39
2326,ZTF26aaakmmc,11.270061,42
2327,ZTF21abhzboh,11.257141,12
2328,ZTF22abnxoji,11.245861,17
2329,ZTF18acwzapx,11.243042,626
2330,ZTF21acisqde,11.235040,38
2331,ZTF23aalzfdo,11.217957,29
2332,ZTF19acbadkp,11.215014,71
2333,ZTF25aaggugu,11.210248,15
2334,ZTF22aalyopk,11.201783,22
2335,ZTF24abeuxkq,11.189768,39
2336,ZTF20aauhhrd,11.189745,23
2337,ZTF22abvbvue,11.179971,14
2338,ZTF23aavneat,11.178138,22
2339,ZTF18ablmsnz,11.173724,87
2340,ZTF21aaydzcm,11.148660,16
2341,ZTF21achgfbk,11.139760,39
2342,ZTF25abzonjz,11.132629,18
2343,ZTF20abzjtsn,11.128376,30
2344,ZTF21aaizvrv,11.127716,21
2345,ZTF23aaixakg,11.122968,35
2346,ZTF19aapqtin,11.112273,201
2347,ZTF23abgcdqj,11.112144,23
2348,ZTF20abhjzbu,11.105688,19
2349,ZTF25abeaxlp,11.084497,13
2350,ZTF20aadcfva,11.077365,17
2351,ZTF19acezjqu,11.058434,14
2352,ZTF20abnvbzq,11.058127,36
2353,ZTF24abubygj,11.054743,52
2354,ZTF20abwkvjk,11.049504,166
2355,ZTF25abxgdzv,11.049493,10
2356,ZTF20abrnvnn,11.046636,37
2357,ZTF18aaqylkn,11.041072,48
2358,ZTF20ackobeu,11.040470,15
2359,ZTF22abfuvbj,11.006248,18
2360,ZTF20abjabek,11.004792,36
2361,ZTF24abyehsi,10.967751,14
2362,ZTF24abxvoop,10.954016,46
2363,ZTF19abpuyvi,10.942002,51
2364,ZTF22aamhdwr,10.925330,82
2365,ZTF25aagfivp,10.914107,25
2366,ZTF24aaywyyx,10.902212,30
2367,ZTF23aajduhx,10.890738,33
2368,ZTF23aawylfh,10.881718,58
2369,ZTF20aaichor,10.874668,52
2370,ZTF25acddazz,10.872516,27
2371,ZTF21acnfggk,10.859715,289
2372,ZTF20abjwklc,10.856531,45
2373,ZTF23aazyrsk,10.856468,19
2374,ZTF20abztkiv,10.835909,38
2375,ZTF24aanltzn,10.831861,18
2376,ZTF26aaabsyc,10.831712,17
2377,ZTF21abqfttg,10.800891,19
2378,ZTF20aazsnkg,10.798738,154
2379,ZTF25aaxeion,10.779967,79
2380,ZTF25aawanhm,10.771770,15
2381,ZTF23aaefjtr,10.767049,282
2382,ZTF20aaveabg,10.740149,25
2383,ZTF18aavdwmh,10.739742,11
2384,ZTF23abgkmxh,10.736012,42
2385,ZTF19acxxwrs,10.725993,28
2386,ZTF20abmsxxr,10.719192,26
2387,ZTF22aahebcu,10.707495,135
2388,ZTF19acghote,10.703664,32
2389,ZTF20aciievv,10.669013,58
2390,ZTF25aaykjqj,10.668113,339
2391,ZTF25aawvhce,10.648409,29
2392,ZTF23abfgsod,10.637178,37
2393,ZTF24aajqsti,10.634476,33
2394,ZTF20aadyukn,10.626929,59
2395,ZTF21abrpanc,10.618138,37
2396,ZTF21aamzuxi,10.613762,53
2397,ZTF20abejvpr,10.600075,54
2398,ZTF18aazfdxy,10.589264,740
2399,ZTF18adqfzsp,10.589263,740
2400,ZTF24absyqdv,10.573246,36
2401,ZTF24abelekq,10.570719,12
2402,ZTF21abrhhty,10.567195,41
2403,ZTF19abflpfn,10.544744,38
2404,ZTF20aaffsga,10.536560,15
2405,ZTF21aagnwsn,10.526965,19
2406,ZTF23aaenpcd,10.521253,24
2407,ZTF22aadesap,10.485835,479
2408,ZTF22abftksk,10.474012,23
2409,ZTF19aadecuf,10.473079,85
2410,ZTF19aczrmvs,10.461907,22
2411,ZTF23aahtihs,10.438722,62
2412,ZTF24abzasaz,10.434299,17
2413,ZTF22aakbloe,10.426760,278
2414,ZTF20abdzgvo,10.424610,29
2415,ZTF19aatikgp,10.415459,247
2416,ZTF21abkkmps,10.401335,13
2417,ZTF17aacpcfj,10.400404,188
2418,ZTF18abtvipi,10.396337,1165
2419,ZTF22abaprzu,10.388631,21
2420,ZTF20acpwmui,10.374450,22
2421,ZTF25aaupzsu,10.368362,20
2422,ZTF25aazufyf,10.355917,111
2423,ZTF22abmonux,10.351958,21
2424,ZTF19acgcshq,10.335899,16
2425,ZTF20abciflj,10.331917,38
2426,ZTF21abiawat,10.319459,11
2427,ZTF22aasusrp,10.312138,16
2428,ZTF21abrsydm,10.312031,168
2429,ZTF21abctcpt,10.286409,29
2430,ZTF19abqykyd,10.283849,22
2431,ZTF21aagtrft,10.281834,18
2432,ZTF25abseukx,10.276608,22
2433,ZTF21abulrsl,10.268426,12
2434,ZTF20aanvjli,10.253889,20
2435,ZTF20aazhtvi,10.252457,88
2436,ZTF23aajfizp,10.246983,31
2437,ZTF24aanbjel,10.246280,168
2438,ZTF25aafpsjf,10.217125,37
2439,ZTF21aargjdw,10.208953,33
2440,ZTF20aaxndzx,10.196497,115
2441,ZTF22aauihou,10.192037,12
2442,ZTF20aawwcgb,10.190292,37
2443,ZTF25abxlbva,10.181178,27
2444,ZTF19acqypbn,10.160461,61
2445,ZTF24aaosrdt,10.155302,89
2446,ZTF21aauzzny,10.151550,17
2447,ZTF18abzibzr,10.137272,72
2448,ZTF20acwyoxc,10.129024,18
2449,ZTF25abpfatp,10.111908,99
2450,ZTF18aakjlck,10.103387,12
2451,ZTF23abgltid,10.101001,22
2452,ZTF26aadonog,10.099229,108
2453,ZTF18abqctje,10.091567,57
2454,ZTF25aaprwcj,10.077335,11
2455,ZTF22aafyeft,10.075090,23
2456,ZTF21acdalyp,10.067103,27
2457,ZTF22aaoemhs,10.058738,22
2458,ZTF19aaphiiu,10.046605,190
2459,ZTF18acagzar,10.039467,380
2460,ZTF25absbohn,10.032525,16
2461,ZTF19ablkizm,10.030511,103
2462,ZTF21abjvfgu,10.027332,34
2463,ZTF19abbykdf,10.025679,78
2464,ZTF19aaxzglq,9.989712,19
2465,ZTF21aamnrfb,9.980576,228
2466,ZTF21aarzido,9.976777,11
2467,ZTF19abxvtkr,9.966739,14
2468,ZTF23aaaalsf,9.959745,18
2469,ZTF24abtmueg,9.957767,52
2470,ZTF25abezfdi,9.949867,12
2471,ZTF20acjdysj,9.940523,71
2472,ZTF25aalvyfq,9.927425,15
2473,ZTF26aasjvng,9.923690,14
2474,ZTF20aayprqz,9.918126,69
2475,ZTF22aboaoxy,9.916431,22
2476,ZTF20aazpwen,9.915421,32
2477,ZTF25abkuddd,9.914519,37
2478,ZTF19abcfzdy,9.907216,16
2479,ZTF20acnwfpc,9.902557,10
2480,ZTF24aaekawy,9.888501,271
2481,ZTF20abnukhq,9.885076,40
2482,ZTF19abfqhis,9.883608,16
2483,ZTF24aawtkid,9.881117,17
2484,ZTF18aasrlze,9.879340,94
2485,ZTF22abfvxfg,9.874014,23
2486,ZTF20aazpphr,9.862207,66
2487,ZTF18adrrohz,9.845187,139
2488,ZTF25aakudej,9.839931,17
2489,ZTF19aaskiho,9.835770,371
2490,ZTF20aannodx,9.832061,25
2491,ZTF22aakpyqw,9.826656,36
2492,ZTF20aaztlqo,9.826502,85
2493,ZTF20aaprrgg,9.820704,29
2494,ZTF19abocled,9.813808,17
2495,ZTF23aansctq,9.811675,51
2496,ZTF22absamkb,9.792720,15
2497,ZTF25abhoijc,9.789021,17
2498,ZTF19abbttry,9.774562,13
2499,ZTF22aamuvkl,9.764050,47
2500,ZTF25acgyxrw,9.761791,20
2501,ZTF21abxdact,9.756126,17
2502,ZTF25absfiyt,9.749629,35
2503,ZTF23aafwsuu,9.740095,22
2504,ZTF23aaexfuy,9.728448,52
2505,ZTF18abajxtd,9.721867,314
2506,ZTF23aaswbih,9.717024,25
2507,ZTF19acdjiml,9.707426,15
2508,ZTF25abqqlin,9.695170,16
2509,ZTF23aapkdeq,9.680109,10
2510,ZTF21acecpxo,9.680094,25
2511,ZTF22aawtunt,9.671738,28
2512,ZTF23abiduvc,9.671230,16
2513,ZTF25abzcwci,9.658130,20
2514,ZTF19acyiqnw,9.653508,62
2515,ZTF23aadvulr,9.649788,19
2516,ZTF23aaraamx,9.642450,30
2517,ZTF21abkkwie,9.634146,20
2518,ZTF20acfasbq,9.633536,92
2519,ZTF21acgzwsc,9.616371,19
2520,ZTF21abjvfoi,9.608632,29
2521,ZTF19abyflzw,9.603008,45
2522,ZTF25acgolfe,9.585174,12
2523,ZTF20acpwjus,9.578978,33
2524,ZTF23aaeqocy,9.578843,15
2525,ZTF21acgylas,9.573402,34
2526,ZTF18abutand,9.571515,135
2527,ZTF19aaqrmtz,9.570382,73
2528,ZTF19aadafat,9.567777,210
2529,ZTF25aaqovbp,9.560886,70
2530,ZTF23aaggqlv,9.544452,29
2531,ZTF20abcvmfm,9.535320,80
2532,ZTF20aafdhqm,9.532550,30
2533,ZTF25abdhvns,9.532205,93
2534,ZTF23aatzjdo,9.521805,18
2535,ZTF20aawbxmt,9.521418,713
2536,ZTF20abhjzqp,9.498384,17
2537,ZTF18acxbexw,9.470081,258
2538,ZTF23aaeljse,9.463304,14
2539,ZTF19adjmeag,9.436676,12
2540,ZTF24aalcfyh,9.431460,14
2541,ZTF22aamsrjn,9.423588,17
2542,ZTF21abdmsef,9.416971,31
2543,ZTF20abawtpy,9.415360,48
2544,ZTF24aatjvgf,9.407694,42
2545,ZTF20abzcnbb,9.372103,18
2546,ZTF21abaxaqq,9.371802,191
2547,ZTF25acelegg,9.366120,17
2548,ZTF25aagfhmz,9.362290,137
2549,ZTF22abedept,9.343169,55
2550,ZTF19aazcdes,9.331672,336
2551,ZTF23aadvztd,9.328808,21
2552,ZTF24aajichj,9.311530,146
2553,ZTF22abkaaje,9.288629,28
2554,ZTF24abogfen,9.285792,12
2555,ZTF21abexhlq,9.279984,68
2556,ZTF23aaecitm,9.278546,12
2557,ZTF19abqyoxh,9.267687,23
2558,ZTF18accdfaz,9.250273,338
2559,ZTF22abxssff,9.248443,12
2560,ZTF20achvere,9.246965,19
2561,ZTF24aavtnfz,9.232565,28
2562,ZTF26aahgbbn,9.218658,70
2563,ZTF20abbfktl,9.217081,14
2564,ZTF21abctrmb,9.214060,17
2565,ZTF24abjhxsp,9.194435,27
2566,ZTF19ablpwta,9.193461,984
2567,ZTF22aapisdk,9.187900,38
2568,ZTF24aaugavy,9.177210,79
2569,ZTF24aalmzid,9.175699,13
2570,ZTF20abtnpwt,9.165611,43
2571,ZTF19abzulhk,9.158178,74
2572,ZTF21aakhofp,9.149693,16
2573,ZTF20acwlsro,9.144227,24
2574,ZTF25aajlsss,9.138197,10
2575,ZTF20abgtxsn,9.130764,21
2576,ZTF20abjrlgw,9.128396,12
2577,ZTF25achdubq,9.118887,10
2578,ZTF22aaokuhj,9.114150,11
2579,ZTF24ablvaac,9.096233,26
2580,ZTF25abalshy,9.095180,32
2581,ZTF20abeyroj,9.093357,559
2582,ZTF24abqfanc,9.081993,32
2583,ZTF21aabfxqn,9.081255,14
2584,ZTF24aauozaj,9.079744,26
2585,ZTF17aaagsai,9.071261,193
2586,ZTF22abfvism,9.070523,27
2587,ZTF18abxyutn,9.060738,102
2588,ZTF18abnqked,9.059401,443
2589,ZTF21abfnjiu,9.053061,67
2590,ZTF18abqcuir,9.043805,176
2591,ZTF19aayihhh,9.035400,90
2592,ZTF20aaezaxk,9.019403,18
2593,ZTF21abqjjrb,9.010523,25
2594,ZTF23aaiyjeh,9.000580,18
2595,ZTF25abczmes,8.981900,64
2596,ZTF19acbykmk,8.975429,21
2597,ZTF19aceifef,8.974195,13
2598,ZTF20aafwbjw,8.973126,25
2599,ZTF24aaumgko,8.962151,29
2600,ZTF18aaltgfy,8.951670,51
2601,ZTF25abeldua,8.949243,31
2602,ZTF21acljfzt,8.942513,18
2603,ZTF19aapafqd,8.938334,61
2604,ZTF22abatsqa,8.928883,29
2605,ZTF18abfapgm,8.923988,11
2606,ZTF20acpmeuc,8.919418,16
2607,ZTF21aciscpj,8.915873,15
2608,ZTF20acmbhgy,8.897250,26
2609,ZTF18aacoqhv,8.895616,14
2610,ZTF20aczgxij,8.878919,69
2611,ZTF20acxbpxs,8.869952,17
2612,ZTF25aadjsie,8.851520,29
2613,ZTF22aajakms,8.848029,22
2614,ZTF25abwrpql,8.847105,12
2615,ZTF23aakczru,8.843771,16
2616,ZTF18aayxpkz,8.836531,186
2617,ZTF20aazoqmh,8.831221,68
2618,ZTF19aaimkoe,8.828925,519
2619,ZTF23aatabqx,8.823606,19
2620,ZTF26aaumqno,8.805982,16
2621,ZTF19abirmkt,8.795727,151
2622,ZTF23aaqhpfq,8.779715,42
2623,ZTF22abgcdin,8.777209,12
2624,ZTF25abdnftb,8.770120,28
2625,ZTF20acedqis,8.765743,44
2626,ZTF22abibxzt,8.765484,23
2627,ZTF22abnvmzz,8.759933,31
2628,ZTF22aasdrns,8.736638,22
2629,ZTF24abdlsja,8.714184,22
2630,ZTF20aaiwclb,8.706470,93
2631,ZTF20abxidyb,8.704455,50
2632,ZTF25abkubik,8.685403,19
2633,ZTF25aaohnzw,8.661699,20
2634,ZTF18acukifn,8.657964,66
2635,ZTF22aakesuc,8.638770,22
2636,ZTF19abpnsck,8.627819,22
2637,ZTF21aaarlmx,8.619408,14
2638,ZTF20acjutba,8.611915,22
2639,ZTF21aciylvj,8.596498,19
2640,ZTF19abdglkz,8.572156,111
2641,ZTF20aalbknf,8.570455,11
2642,ZTF21accyynu,8.564486,14
2643,ZTF20abzpxxu,8.560699,91
2644,ZTF24aappkyo,8.555068,46
2645,ZTF21aahccrk,8.550733,26
2646,ZTF20abrnwfc,8.549760,52
2647,ZTF19abaklat,8.543181,16
2648,ZTF24abdjago,8.542118,30
2649,ZTF20abvtvuq,8.539217,19
2650,ZTF25accuzrr,8.530539,19
2651,ZTF20aanvliy,8.527381,11
2652,ZTF26aarcbcv,8.519748,15
2653,ZTF17aadrnho,8.507599,160
2654,ZTF20abxrsjb,8.493359,34
2655,ZTF18abfdcot,8.490558,11
2656,ZTF18aaaatda,8.490370,714
2657,ZTF22aajrwzd,8.487623,26
2658,ZTF23aakrnrc,8.479811,20
2659,ZTF24aamrdcw,8.479729,38
2660,ZTF21abovkak,8.476832,23
2661,ZTF22abmibox,8.465663,34
2662,ZTF24aayqrow,8.455240,233
2663,ZTF22aafvrnw,8.453289,111
2664,ZTF23aadcbbg,8.452785,42
2665,ZTF24abrimib,8.451893,22
2666,ZTF19abvdqor,8.451825,40
2667,ZTF22aarwcju,8.449962,12
2668,ZTF25aafkgbc,8.443740,12
2669,ZTF24aahaajg,8.434113,37
2670,ZTF26aauyoll,8.429184,19
2671,ZTF21aaekkbv,8.398311,23
2672,ZTF22aaeigxr,8.393918,27
2673,ZTF23aalqssl,8.391660,26
2674,ZTF24aannaos,8.390441,24
2675,ZTF20aazgtum,8.370267,19
2676,ZTF21ablfbhr,8.356758,23
2677,ZTF24abrywps,8.354416,18
2678,ZTF23aadcaji,8.354102,33
2679,ZTF22abhsxkn,8.347940,28
2680,ZTF23abbolei,8.344647,12
2681,ZTF20actkupc,8.338945,18
2682,ZTF22aamgixc,8.336875,13
2683,ZTF19aaaktbd,8.328867,181
2684,ZTF19aavsahh,8.322382,20
2685,ZTF26aahkkoj,8.321470,38
2686,ZTF23aayvygr,8.317723,17
2687,ZTF24aaumgrp,8.317502,25
2688,ZTF26aakkdqv,8.315217,12
2689,ZTF19abuwnif,8.315025,21
2690,ZTF24aahnkky,8.311391,16
2691,ZTF20acwclnm,8.303486,20
2692,ZTF25achiukc,8.285866,21
2693,ZTF20aazpnxl,8.275829,67
2694,ZTF21acjowmq,8.272531,15
2695,ZTF22abavsqq,8.272287,35
2696,ZTF20aawijco,8.260798,33
2697,ZTF20aauhaqv,8.260214,103
2698,ZTF19abhmboj,8.257684,651
2699,ZTF19abkdeae,8.252848,14
2700,ZTF26aadxwpc,8.233379,18
2701,ZTF19acuybzx,8.231294,28
2702,ZTF23abubpjg,8.228648,159
2703,ZTF25aaoqyej,8.217197,28
2704,ZTF21abamnyi,8.213874,17
2705,ZTF20abezxfe,8.210654,18
2706,ZTF22abegzdk,8.207062,23
2707,ZTF21aaokuyo,8.191984,26
2708,ZTF21abownod,8.191225,25
2709,ZTF21aazsmfw,8.189901,42
2710,ZTF21abbsenc,8.159953,21
2711,ZTF25aahrlwa,8.154224,43
2712,ZTF22aajrfqn,8.149175,14
2713,ZTF22abivqkc,8.148253,38
2714,ZTF20abafjtw,8.143834,10
2715,ZTF20abqehvg,8.101381,15
2716,ZTF22abfwelj,8.091909,48
2717,ZTF20abjbeek,8.074006,23
2718,ZTF26aakjynh,8.070160,151
2719,ZTF20abuasne,8.059874,31
2720,ZTF21aagkwjc,8.059008,28
2721,ZTF23aaqjrsx,8.051311,19
2722,ZTF19abgrcxs,8.040943,41
2723,ZTF22aaenkhp,8.029281,14
2724,ZTF23abnsfgo,8.025734,84
2725,ZTF24aaptivw,8.019843,22
2726,ZTF19abjozed,8.012460,26
2727,ZTF19abdkcib,8.008125,17
2728,ZTF20aaulzvl,8.005883,24
2729,ZTF24aajvmgm,8.002933,20
2730,ZTF19acbkanq,7.995116,14
2731,ZTF23aaczaua,7.994465,19
2732,ZTF19acfxnvl,7.994311,25
2733,ZTF20abisgvs,7.980198,148
2734,ZTF19acopfng,7.970726,16
2735,ZTF21abcgufz,7.962123,16
2736,ZTF22aatwxhk,7.951258,10
2737,ZTF22abicusc,7.950921,16
2738,ZTF21aciokyl,7.947451,26
2739,ZTF21aagtcpp,7.946298,13
2740,ZTF18abjidhg,7.934360,209
2741,ZTF18adbhquc,7.927796,571
2742,ZTF18aayejrb,7.925561,195
2743,ZTF20acgkbkm,7.907022,38
2744,ZTF21absjryg,7.904064,12
2745,ZTF25abwlkze,7.898758,23
2746,ZTF26aaacwjf,7.898346,23
2747,ZTF22aalcexr,7.895175,14
2748,ZTF24abcnnlb,7.890019,26
2749,ZTF25aalyccn,7.887543,13
2750,ZTF24abiifei,7.871539,21
2751,ZTF22aawzcct,7.863256,19
2752,ZTF19adccrca,7.849287,147
2753,ZTF20aapiqqw,7.848400,14
2754,ZTF25aafzfwa,7.848173,12
2755,ZTF24aawpwxe,7.847809,26
2756,ZTF21abqsysj,7.840093,59
2757,ZTF24aapwkmm,7.824180,87
2758,ZTF22aafaosm,7.822280,55
2759,ZTF19actldas,7.815322,88
2760,ZTF22aafvshj,7.814437,41
2761,ZTF20abeksoa,7.814247,78
2762,ZTF24abvgqpr,7.804968,35
2763,ZTF25abchuad,7.804140,65
2764,ZTF24aaikgyc,7.791586,18
2765,ZTF18adhyxzz,7.790637,19
2766,ZTF23aasbvab,7.779977,145
2767,ZTF21abezxyw,7.777637,26
2768,ZTF20aahgmud,7.765346,26
2769,ZTF18aahsuyl,7.761032,55
2770,ZTF20aauoudz,7.758244,68
2771,ZTF20abzetdf,7.721959,61
2772,ZTF21acjepox,7.717792,12
2773,ZTF23aazfapq,7.710714,27
2774,ZTF22aacgcwv,7.695616,28
2775,ZTF24abaczqu,7.692978,34
2776,ZTF23aadqcax,7.691605,121
2777,ZTF25aazqavg,7.676331,64
2778,ZTF20absvtnc,7.675886,96
2779,ZTF20abjddfe,7.659021,18
2780,ZTF25abuoxci,7.654372,31
2781,ZTF20aazcnnw,7.636615,30
2782,ZTF23aazlgce,7.635162,23
2783,ZTF21aaxsmzh,7.630589,50
2784,ZTF19abulzlj,7.590629,60
2785,ZTF22aazikcg,7.580395,28
2786,ZTF23aaeeqhm,7.574081,29
2787,ZTF20acnznxh,7.568610,16
2788,ZTF20aagqixw,7.545436,12
2789,ZTF19abqyopw,7.544923,22
2790,ZTF18aabgcvz,7.541590,258
2791,ZTF25aaqyako,7.539299,61
2792,ZTF21acgnagk,7.535554,19
2793,ZTF21aarhzdh,7.521799,40
2794,ZTF19adakuot,7.520758,34
2795,ZTF20acivczs,7.519513,368
2796,ZTF23abbtkrv,7.512820,77
2797,ZTF20aczshxu,7.508301,20
2798,ZTF22abeuaan,7.497981,15
2799,ZTF23aashxsv,7.488961,22
2800,ZTF25aajjjjs,7.459024,26
2801,ZTF20aaygmtm,7.457759,32
2802,ZTF19abdkdir,7.455611,16
2803,ZTF25abzmbdb,7.452881,18
2804,ZTF18aarlige,7.452221,31
2805,ZTF19abrokwi,7.448349,14
2806,ZTF23abauidy,7.445436,15
2807,ZTF25acegjsh,7.436456,20
2808,ZTF22aalrcmn,7.436240,23
2809,ZTF24aaigbep,7.416223,25
2810,ZTF22aasvzwl,7.415891,14
2811,ZTF25abzyzac,7.414050,38
2812,ZTF21acfaipt,7.409304,17
2813,ZTF20acectxy,7.405366,34
2814,ZTF25abizejw,7.392970,14
2815,ZTF20abvopbv,7.388279,26
2816,ZTF19abrougq,7.383405,35
2817,ZTF23aajduoq,7.370827,19
2818,ZTF22aasgfxz,7.364554,18
2819,ZTF21abvhxyk,7.360393,20
2820,ZTF22aadksjo,7.350284,46
2821,ZTF22aaftysq,7.343391,13
2822,ZTF23aansdng,7.338188,17
2823,ZTF23aadwaiz,7.331919,20
2824,ZTF24aagtqam,7.327948,44
2825,ZTF20acvbvyb,7.326949,16
2826,ZTF21aaadhpd,7.319793,13
2827,ZTF21abcixor,7.310981,56
2828,ZTF21aaevglk,7.310432,13
2829,ZTF24aalqscn,7.308882,124
2830,ZTF25abbxvdy,7.299466,17
2831,ZTF23aaddocl,7.296586,212
2832,ZTF22abcckha,7.291143,18
2833,ZTF24abgznbd,7.287293,15
2834,ZTF22abfstwn,7.285510,12
2835,ZTF23aajnoox,7.279756,10
2836,ZTF23aalihqz,7.270949,29
2837,ZTF19abrirmk,7.261582,16
2838,ZTF22abnqomh,7.257157,34
2839,ZTF23aazltms,7.252983,44
2840,ZTF22abkndvl,7.248696,21
2841,ZTF20abeworx,7.247082,17
2842,ZTF22acaadln,7.235376,19
2843,ZTF22aadgetr,7.234944,22
2844,ZTF24aawymzs,7.222852,27
2845,ZTF22aaddorn,7.215594,28
2846,ZTF22aajzkwn,7.213903,24
2847,ZTF20aafxzej,7.212971,348
2848,ZTF24abazskr,7.212698,24
2849,ZTF22aanukpr,7.212595,17
2850,ZTF22aaqwdjw,7.190457,34
2851,ZTF20abstsxb,7.187449,32
2852,ZTF25aalyfoi,7.186678,41
2853,ZTF21aahargb,7.186072,22
2854,ZTF20aalmeaj,7.185063,18
2855,ZTF26aatdzyb,7.184862,15
2856,ZTF23aapehys,7.183138,60
2857,ZTF21acinvoq,7.181613,22
2858,ZTF25abdpjdl,7.176869,57
2859,ZTF24ablxiwv,7.176859,48
2860,ZTF23aajazzl,7.174585,15
2861,ZTF25ablihfx,7.161720,52
2862,ZTF21abcfijr,7.160219,35
2863,ZTF21abbtgsa,7.152734,17
2864,ZTF21acefoci,7.146575,37
2865,ZTF24abcenxy,7.144577,18
2866,ZTF21aapkisz,7.141902,15
2867,ZTF20aabrsjq,7.137936,18
2868,ZTF24aalbwpz,7.132628,38
2869,ZTF21aaaekuh,7.129452,16
2870,ZTF20abdxoeu,7.106195,42
2871,ZTF21aaixlfe,7.103903,20
2872,ZTF25aacdjzo,7.099926,72
2873,ZTF19aalbrcd,7.094653,49
2874,ZTF22aaujqll,7.090114,26
2875,ZTF22acazaig,7.089672,139
2876,ZTF24aanhynh,7.088049,23
2877,ZTF25aaxkohw,7.086627,21
2878,ZTF25aahhlol,7.085486,16
2879,ZTF21abcygjv,7.065566,24
2880,ZTF23aavxeqx,7.062261,33
2881,ZTF25acfgohg,7.058554,18
2882,ZTF22aaqvaxm,7.057739,191
2883,ZTF22abbemao,7.052997,18
2884,ZTF25abtstpn,7.052273,18
2885,ZTF23aapgjtm,7.047741,30
2886,ZTF20acynjjo,7.047342,11
2887,ZTF21acfrbsq,7.043747,16
2888,ZTF21acnvbwz,7.043288,19
2889,ZTF22abljrjf,7.042500,20
2890,ZTF21aagzzfj,7.039483,72
2891,ZTF21aabhxxj,7.039146,46
2892,ZTF20abjtcwp,7.036060,36
2893,ZTF20aaayrpo,7.015372,11
2894,ZTF18adkpbvb,7.011526,29
2895,ZTF22aazapbw,6.994893,20
2896,ZTF20aarucek,6.979526,28
2897,ZTF20aahjymt,6.977495,18
2898,ZTF20abizigt,6.975444,34
2899,ZTF24aadykqs,6.973381,55
2900,ZTF18aainmon,6.972108,382
2901,ZTF22aaexeie,6.968735,141
2902,ZTF18aajhhwu,6.965006,18
2903,ZTF21acgroek,6.943008,22
2904,ZTF19aadnhaw,6.938967,130
2905,ZTF19accskys,6.935433,18
2906,ZTF25aaqptcc,6.931305,11
2907,ZTF23aaieqvr,6.924511,12
2908,ZTF19acxyulg,6.921801,27
2909,ZTF26aabdgoa,6.911925,29
2910,ZTF19acicrhc,6.908279,14
2911,ZTF19ablltbq,6.905735,79
2912,ZTF20acczeov,6.904263,486
2913,ZTF19aanxgef,6.899280,145
2914,ZTF19abzmmvz,6.892498,16
2915,ZTF26aarzhok,6.888624,51
2916,ZTF19ablfcjr,6.888078,16
2917,ZTF24abuvltp,6.887082,16
2918,ZTF20abxyadt,6.885074,44
2919,ZTF23abgkehw,6.882260,18
2920,ZTF18abgulki,6.878187,677
2921,ZTF18adqkxjf,6.878186,677
2922,ZTF23aanqemk,6.875929,16
2923,ZTF21abjdiok,6.875062,39
2924,ZTF21abaiicy,6.870423,14
2925,ZTF22aarrrgb,6.868859,26
2926,ZTF22abuygtu,6.859744,20
2927,ZTF19abyzvwf,6.858331,17
2928,ZTF22abgiadh,6.856828,17
2929,ZTF22aajiuar,6.839149,39
2930,ZTF26aaijdek,6.833571,101
2931,ZTF21abxeaij,6.824180,330
2932,ZTF20acfaonm,6.816811,33
2933,ZTF23aaiwznb,6.813649,19
2934,ZTF23aaahybz,6.804616,30
2935,ZTF19acyqdxa,6.803821,26
2936,ZTF17aadcbei,6.799388,75
2937,ZTF18abnnwhw,6.789326,411
2938,ZTF21acclizu,6.782455,30
2939,ZTF21acknxoo,6.782010,13
2940,ZTF23aafzzff,6.779443,16
2941,ZTF19aavipfk,6.776879,10
2942,ZTF20acqvqhv,6.776094,24
2943,ZTF18acwzauk,6.772291,574
2944,ZTF25abpwtyk,6.758571,27
2945,ZTF19acjdwqv,6.749960,15
2946,ZTF25aaiitra,6.744072,10
2947,ZTF23aaespqd,6.725691,36
2948,ZTF19acbjlnt,6.724505,20
2949,ZTF24aawbgfo,6.716139,30
2950,ZTF23aaklfsz,6.715495,33
2951,ZTF21abgywux,6.704925,20
2952,ZTF20aaheyvo,6.700704,39
2953,ZTF20acfvsze,6.691740,26
2954,ZTF20achrgub,6.691031,16
2955,ZTF20abgauki,6.687060,59
2956,ZTF18abyvbmj,6.679534,101
2957,ZTF22abggmae,6.676317,26
2958,ZTF22abipthl,6.675698,18
2959,ZTF21abfqiav,6.672705,14
2960,ZTF20abflozo,6.672398,46
2961,ZTF23abeudve,6.671263,36
2962,ZTF22aadgefj,6.664051,115
2963,ZTF19acctpgd,6.661711,12
2964,ZTF19abuenmw,6.644907,15
2965,ZTF19acaotrk,6.644153,17
2966,ZTF20abyyvrw,6.641696,136
2967,ZTF20acpolgu,6.640844,13
2968,ZTF23abbpswf,6.632965,28
2969,ZTF19abakogl,6.629611,15
2970,ZTF25ackwchv,6.625600,51
2971,ZTF25acgguok,6.625014,34
2972,ZTF19acysbws,6.618702,385
2973,ZTF23aaelpmd,6.613295,24
2974,ZTF20acgnbvv,6.609378,65
2975,ZTF23aanewuh,6.598050,36
2976,ZTF22abhjvmr,6.596288,33
2977,ZTF25abtdytb,6.586279,29
2978,ZTF19adajqcq,6.584620,41
2979,ZTF19abdmdow,6.578954,14
2980,ZTF21aaeedxy,6.578842,14
2981,ZTF20aagryod,6.575921,37
2982,ZTF25acfgqts,6.575234,15
2983,ZTF19acfuyrg,6.569885,51
2984,ZTF22abxkklp,6.562611,15
2985,ZTF19aathmdi,6.560590,52
2986,ZTF22aaolden,6.557895,16
2987,ZTF25achhduc,6.544406,24
2988,ZTF19abxhppd,6.544009,49
2989,ZTF26aahkwxt,6.539512,23
2990,ZTF25abxovza,6.538890,12
2991,ZTF21achlqrj,6.526733,18
2992,ZTF22aafldlu,6.524465,244
2993,ZTF20abytaie,6.523542,18
2994,ZTF25aceqybi,6.520446,19
2995,ZTF20aavqcee,6.519944,14
2996,ZTF22aadghdv,6.517684,42
2997,ZTF22aaklesy,6.517427,28
2998,ZTF25aailxex,6.517375,28
2999,ZTF22aaddtoj,6.500878,19
3000,ZTF24aaxmecv,6.491088,17
3001,ZTF20abjerjh,6.481238,19
3002,ZTF21abbxdcm,6.480107,55
3003,ZTF20aaullwp,6.479148,42
3004,ZTF22absxxub,6.474010,13
3005,ZTF21aabcyvd,6.462776,22
3006,ZTF24abzrqov,6.461397,42
3007,ZTF22abooolf,6.453119,15
3008,ZTF24aboshbi,6.448935,17
3009,ZTF25abgjfhr,6.443293,27
3010,ZTF24abmnskt,6.442969,23
3011,ZTF25abmqlbr,6.434455,12
3012,ZTF21aafkwlu,6.421958,26
3013,ZTF21abbzncx,6.414930,19
3014,ZTF22aahatyp,6.414058,33
3015,ZTF22aakiqpr,6.408779,19
3016,ZTF20abmdyve,6.407839,16
3017,ZTF26aasjlya,6.407201,63
3018,ZTF18abfacml,6.406148,21
3019,ZTF20abwwtri,6.403573,73
3020,ZTF18acchses,6.401433,280
3021,ZTF23abnjxaw,6.394424,14
3022,ZTF23abcegak,6.393283,36
3023,ZTF20acifwef,6.384296,52
3024,ZTF22aabxjas,6.380034,58
3025,ZTF20aabrydh,6.363802,14
3026,ZTF20aawjdge,6.363337,13
3027,ZTF25acgsqyw,6.359650,28
3028,ZTF26aablsmm,6.357051,16
3029,ZTF25abdxhyc,6.355707,44
3030,ZTF19abeyuxt,6.355030,15
3031,ZTF25abtpvwz,6.337214,20
3032,ZTF22aancekz,6.324747,42
3033,ZTF23aatnaau,6.315785,40
3034,ZTF24abljkvr,6.312397,59
3035,ZTF20achzugy,6.308730,27
3036,ZTF24aahaanm,6.304588,22
3037,ZTF20abqlhin,6.300936,21
3038,ZTF22abfytlh,6.298471,24
3039,ZTF23abiieis,6.289478,17
3040,ZTF25aafecyz,6.288908,22
3041,ZTF18aczwahu,6.288633,587
3042,ZTF21aaobcrz,6.278020,67
3043,ZTF20acpxvez,6.270339,32
3044,ZTF23aabyhrz,6.260556,28
3045,ZTF20acixdcw,6.259683,15
3046,ZTF23aahatur,6.259195,20
3047,ZTF20abbupkb,6.257843,22
3048,ZTF24aainaay,6.254726,27
3049,ZTF21abcgnqn,6.249853,87
3050,ZTF22aajspto,6.247190,22
3051,ZTF23aapvusk,6.244565,46
3052,ZTF25aaohiac,6.243413,118
3053,ZTF21aazlxiw,6.227929,27
3054,ZTF19acslmnp,6.222330,41
3055,ZTF21aaffxdt,6.216681,21
3056,ZTF19abozuxh,6.204344,13
3057,ZTF25acgmvxs,6.195030,24
3058,ZTF23abonmcm,6.183551,16
3059,ZTF18abttnwu,6.157519,259
3060,ZTF18abalwyd,6.149608,15
3061,ZTF25abinamy,6.147543,73
3062,ZTF21aazbico,6.143896,25
3063,ZTF25acitiuq,6.141634,206
3064,ZTF20abjwqqq,6.129031,51
3065,ZTF22aamfjun,6.123972,34
3066,ZTF21abdtmzw,6.121420,21
3067,ZTF20abthxfr,6.120829,75
3068,ZTF20adadlqm,6.119399,39
3069,ZTF20aamvxwh,6.115983,13
3070,ZTF25aaekcfy,6.108309,24
3071,ZTF19aarlefl,6.105444,44
3072,ZTF20abcison,6.095848,12
3073,ZTF18aauuzmf,6.087057,36
3074,ZTF19acbwilc,6.084994,12
3075,ZTF20abjubmm,6.084544,39
3076,ZTF21aatgdgh,6.083511,13
3077,ZTF23abffdsc,6.078079,24
3078,ZTF18aamggbl,6.061544,32
3079,ZTF20abwdaeo,6.058383,54
3080,ZTF23abbhjtu,6.054862,28
3081,ZTF21abxhnep,6.051961,14
3082,ZTF19aanovps,6.047181,58
3083,ZTF21acimecy,6.044157,13
3084,ZTF20aafjirh,6.043926,58
3085,ZTF20abjynfq,6.043150,43
3086,ZTF18adrtrci,6.042028,71
3087,ZTF18abmqcnx,6.035824,213
3088,ZTF26aavguzr,6.029150,36
3089,ZTF21acjvlar,6.020613,17
3090,ZTF22aavvqyh,6.014285,43
3091,ZTF25abzivnk,6.008434,39
3092,ZTF20acwtsrd,5.998878,51
3093,ZTF21acjateh,5.996956,28
3094,ZTF23abgncdh,5.982888,29
3095,ZTF22aaknhja,5.978417,47
3096,ZTF18abdqwzs,5.977550,33
3097,ZTF17aaaemzh,5.972111,110
3098,ZTF20abjckje,5.972111,110
3099,ZTF24abdzqra,5.968851,35
3100,ZTF19abxfunp,5.960342,34
3101,ZTF22aanzrlh,5.953483,56
3102,ZTF21aceepnp,5.951220,25
3103,ZTF25aarnqam,5.948355,47
3104,ZTF24abheaez,5.948194,17
3105,ZTF26aafhnvs,5.943932,41
3106,ZTF20acufmah,5.942325,26
3107,ZTF20abbfhxd,5.939683,19
3108,ZTF21aaqafcf,5.938837,47
3109,ZTF21acjmxme,5.931538,32
3110,ZTF25aayxawk,5.920183,20
3111,ZTF21aasfseg,5.915811,76
3112,ZTF20acqwaiy,5.915611,18
3113,ZTF22aawkpfx,5.911241,23
3114,ZTF18admeghs,5.910975,479
3115,ZTF23aapgdnm,5.895231,22
3116,ZTF18aaajkfc,5.892620,17
3117,ZTF19abnacvf,5.889859,30
3118,ZTF20abzvxyk,5.888927,82
3119,ZTF26aaeckjx,5.883881,30
3120,ZTF21abxacbf,5.882449,18
3121,ZTF20acdtscy,5.880573,37
3122,ZTF21aceujob,5.867841,21
3123,ZTF21abvyxhc,5.866469,35
3124,ZTF20abhoikj,5.862566,40
3125,ZTF21acgycjl,5.861240,14
3126,ZTF20aadcbjr,5.856416,353
3127,ZTF23aaeqsvb,5.855086,24
3128,ZTF20abqaduc,5.840036,18
3129,ZTF22aaknmbw,5.837140,57
3130,ZTF22aahhrks,5.828513,33
3131,ZTF22aaputwp,5.824646,27
3132,ZTF20acnrvrt,5.819899,25
3133,ZTF26aakctik,5.817175,24
3134,ZTF20abgbxby,5.817014,32
3135,ZTF24aavpxsr,5.816948,87
3136,ZTF19aayfibi,5.805550,43
3137,ZTF25acemaph,5.801485,145
3138,ZTF25aafvcjj,5.799761,15
3139,ZTF19abziutm,5.797991,63
3140,ZTF20aaugqrl,5.779354,18
3141,ZTF22abwljjv,5.778749,16
3142,ZTF20accxqqo,5.773209,38
3143,ZTF21acjxsrf,5.771692,15
3144,ZTF22aadtfdh,5.768938,17
3145,ZTF20aczgvcg,5.756229,18
3146,ZTF20aclxbwk,5.752394,16
3147,ZTF18aawhkhi,5.748825,31
3148,ZTF25abuhvvs,5.740378,30
3149,ZTF25abmrckr,5.736213,24
3150,ZTF24aawtgxc,5.728628,20
3151,ZTF18aarikzk,5.724781,35
3152,ZTF21abffoix,5.714219,18
3153,ZTF21aaxswlc,5.713837,37
3154,ZTF26aacehfb,5.709952,28
3155,ZTF19acgcxop,5.709277,24
3156,ZTF20abrgyhd,5.704119,42
3157,ZTF22aaogojr,5.702881,15
3158,ZTF21aaamxqn,5.701729,15
3159,ZTF24aavozxo,5.685321,23
3160,ZTF25aaduxhj,5.682643,19
3161,ZTF20acnviyk,5.679161,15
3162,ZTF19abymvqm,5.669916,16
3163,ZTF20aaayaet,5.668270,56
3164,ZTF23aaoiyzr,5.661120,50
3165,ZTF21aawkrkv,5.659447,47
3166,ZTF22aajlzbs,5.657607,20
3167,ZTF19aaafpqs,5.655061,205
3168,ZTF19aabzxic,5.653268,44
3169,ZTF22aaojcoc,5.648940,26
3170,ZTF24abfpdqm,5.646745,15
3171,ZTF19ablojrw,5.645401,20
3172,ZTF22aaayceh,5.638440,39
3173,ZTF20abcbxpj,5.622978,31
3174,ZTF25aanmgza,5.621487,24
3175,ZTF25aclcowb,5.616025,27
3176,ZTF20acberbd,5.611370,43
3177,ZTF18abrbaow,5.610345,17
3178,ZTF20acplptm,5.599729,11
3179,ZTF20aalbgef,5.598526,34
3180,ZTF19abfmsrl,5.597169,48
3181,ZTF24aaqpnac,5.592258,16
3182,ZTF22aaghajk,5.591107,22
3183,ZTF19acukkxb,5.587938,16
3184,ZTF18acvwaun,5.587141,289
3185,ZTF23aacijfs,5.574305,104
3186,ZTF24aardmeg,5.561091,16
3187,ZTF19acitnck,5.556234,10
3188,ZTF20aabqihu,5.549666,31
3189,ZTF23abhulky,5.545173,16
3190,ZTF19abaevrw,5.541842,14
3191,ZTF25aaxwrva,5.539773,29
3192,ZTF21acrwunc,5.533437,11
3193,ZTF24abnqqmr,5.531397,36
3194,ZTF21acaohho,5.531058,21
3195,ZTF19acngsnb,5.528298,23
3196,ZTF22aankxcq,5.524674,34
3197,ZTF20acuoxrx,5.522814,41
3198,ZTF25accmpzp,5.521384,22
3199,ZTF23aagmbuf,5.516105,56
3200,ZTF26aanfqhc,5.515695,63
3201,ZTF20aainjkz,5.511053,118
3202,ZTF18abjwsby,5.509531,371
3203,ZTF24absvzdo,5.505350,22
3204,ZTF20abdxffu,5.501285,15
3205,ZTF23aamubjk,5.486109,34
3206,ZTF20ablpjxc,5.474022,110
3207,ZTF21aaglrzc,5.471024,42
3208,ZTF20acggucp,5.461354,12
3209,ZTF25acbsugc,5.461059,37
3210,ZTF24aavybxc,5.460234,39
3211,ZTF25abwqwxx,5.457155,22
3212,ZTF20aavpwxl,5.446650,18
3213,ZTF19abqlvmx,5.441306,316
3214,ZTF20acxfccu,5.440445,21
3215,ZTF20aczwdhk,5.440228,38
3216,ZTF23aatksld,5.436319,232
3217,ZTF19aceuacu,5.435523,47
3218,ZTF19abpzuzd,5.427911,49
3219,ZTF25aalvyks,5.427709,16
3220,ZTF18acehjtj,5.426699,39
3221,ZTF21aavoete,5.423965,23
3222,ZTF19acrwotu,5.410574,20
3223,ZTF26aapsxwr,5.402956,25
3224,ZTF20accrwjq,5.402060,15
3225,ZTF18acakfsn,5.399195,39
3226,ZTF20abywzvj,5.396811,57
3227,ZTF20ablbmom,5.395975,51
3228,ZTF24aaueuzb,5.377757,50
3229,ZTF20acpkpla,5.369928,26
3230,ZTF19abyreuq,5.360400,19
3231,ZTF20aaycmhl,5.344757,134
3232,ZTF24abzxalv,5.340416,283
3233,ZTF23abavwnp,5.339030,14
3234,ZTF22aajyyci,5.338472,23
3235,ZTF19abyxpgt,5.336142,69
3236,ZTF20absfrbq,5.334665,22
3237,ZTF18aaybfsd,5.332161,60
3238,ZTF22abjmsuh,5.330725,18
3239,ZTF23abhwhho,5.326612,37
3240,ZTF18abrebsb,5.323280,28
3241,ZTF23absbqti,5.322677,14
3242,ZTF20abduqhd,5.307190,22
3243,ZTF19aaslszp,5.307051,52
3244,ZTF18ablqkyi,5.299947,210
3245,ZTF20acuosjp,5.293375,17
3246,ZTF19abbvzgr,5.292198,39
3247,ZTF25aagbfnc,5.277989,11
3248,ZTF22abifwld,5.276114,21
3249,ZTF23aanpuvp,5.268347,33
3250,ZTF20aayxcyn,5.266061,64
3251,ZTF21aagtqhl,5.263487,23
3252,ZTF25aatxtaz,5.260630,40
3253,ZTF24aatywof,5.259916,17
3254,ZTF18aaisaqo,5.252146,89
3255,ZTF20aattbgm,5.251173,12
3256,ZTF21abdfsfc,5.250295,18
3257,ZTF21aasjuji,5.245102,15
3258,ZTF25abigtdv,5.240450,11
3259,ZTF17aaarwsg,5.240426,399
3260,ZTF18aaizerg,5.238015,28
3261,ZTF23abnbwrp,5.228657,27
3262,ZTF20abvrxkz,5.223964,48
3263,ZTF19adbnlis,5.218100,27
3264,ZTF20aasvmbk,5.213414,25
3265,ZTF20abbvcjt,5.207139,53
3266,ZTF23abjbgkz,5.194148,20
3267,ZTF19abtnmid,5.188437,36
3268,ZTF23abfbvxp,5.186461,21
3269,ZTF21acqtdnd,5.181056,22
3270,ZTF25acldhis,5.178580,28
3271,ZTF22abgwpwm,5.174472,28
3272,ZTF21abjhxqg,5.169714,32
3273,ZTF19abitsuq,5.166557,45
3274,ZTF25acegkbd,5.165132,14
3275,ZTF18aagrotg,5.162048,252
3276,ZTF21abezyhr,5.161335,36
3277,ZTF22abbirsn,5.156527,30
3278,ZTF18abwusgl,5.153111,143
3279,ZTF22aaklxtx,5.151659,20
3280,ZTF22abgjhos,5.151396,16
3281,ZTF20abkjozu,5.145592,30
3282,ZTF20aavdcgd,5.145464,19
3283,ZTF20abwyoet,5.138991,57
3284,ZTF21aakmxaw,5.138894,25
3285,ZTF22abgroeo,5.137989,17
3286,ZTF23aajsmul,5.136010,54
3287,ZTF24abwuucy,5.135965,20
3288,ZTF19abxdpwz,5.131063,48
3289,ZTF20aanahvc,5.130549,51
3290,ZTF23abjvckf,5.126823,22
3291,ZTF20abqtcof,5.124107,50
3292,ZTF19acyjzbe,5.123004,41
3293,ZTF22aahiien,5.121815,28
3294,ZTF23aamazco,5.117855,29
3295,ZTF25aadfkug,5.115605,36
3296,ZTF19abjrlmb,5.114686,12
3297,ZTF21aarsuqe,5.112693,62
3298,ZTF21abeiryd,5.112052,65
3299,ZTF22abfvexb,5.110964,11
3300,ZTF24abepzjt,5.109140,19
3301,ZTF21abppeys,5.106889,21
3302,ZTF20aatxmcd,5.097069,16
3303,ZTF25aafdudw,5.090662,25
3304,ZTF23aajeunk,5.088366,67
3305,ZTF18aaxtpmj,5.087146,22
3306,ZTF19abctosq,5.086158,22
3307,ZTF22abqbkcb,5.082786,15
3308,ZTF21acerqzu,5.075525,22
3309,ZTF22abgazch,5.073825,23
3310,ZTF18abeiulj,5.072598,163
3311,ZTF22aalqhxx,5.071388,396
3312,ZTF23abjsxxg,5.069139,19
3313,ZTF21abifrsi,5.068902,18
3314,ZTF23aaldwgw,5.067115,20
3315,ZTF21aaxtpty,5.060952,25
3316,ZTF23abawwbg,5.057852,75
3317,ZTF25acfjqjb,5.051471,35
3318,ZTF18abfcyrs,5.048543,16
3319,ZTF19abzlrbs,5.032089,29
3320,ZTF20acovdho,5.020067,21
3321,ZTF23ablzckq,5.009829,20
3322,ZTF21aaercyl,5.006742,80
3323,ZTF22aauxkqi,5.002480,13
3324,ZTF24aarjcbz,4.994765,29
3325,ZTF21aalzqav,4.993774,13
3326,ZTF19acifduk,4.982048,93
3327,ZTF22aaslyzf,4.979210,20
3328,ZTF25abikyna,4.970659,19
3329,ZTF25accwjcn,4.967317,15
3330,ZTF21aarhcjk,4.961707,16
3331,ZTF20acmfacr,4.961493,30
3332,ZTF23abaewkl,4.959993,40
3333,ZTF24aaxzjdt,4.958039,39
3334,ZTF25abjiyiz,4.957171,24
3335,ZTF23aaprtqz,4.950026,16
3336,ZTF24aakcahp,4.940269,15
3337,ZTF19acbmxky,4.939280,22
3338,ZTF23aaknrrz,4.935259,42
3339,ZTF20abopngr,4.931572,35
3340,ZTF21abzcoog,4.931024,35
3341,ZTF21abiwzhj,4.928016,18
3342,ZTF22aaemako,4.909876,18
3343,ZTF24abubjhh,4.903227,14
3344,ZTF21abjxgoy,4.902772,30
3345,ZTF21aaglret,4.901389,23
3346,ZTF19acbsjgg,4.897257,59
3347,ZTF25aaxbflr,4.893101,29
3348,ZTF20abnulwx,4.892287,42
3349,ZTF20acihinn,4.889302,70
3350,ZTF19acbmyqe,4.886278,18
3351,ZTF21aapfime,4.884644,33
3352,ZTF22aaylnhq,4.883524,45
3353,ZTF21aapdumx,4.883125,17
3354,ZTF21abrgkxi,4.882691,36
3355,ZTF23aadvtxf,4.882412,21
3356,ZTF19aaaanyo,4.875526,59
3357,ZTF23abgovnz,4.875453,22
3358,ZTF19aamovnw,4.871743,26
3359,ZTF20aavydre,4.866290,12
3360,ZTF21abulztu,4.863737,70
3361,ZTF19aarixve,4.861655,47
3362,ZTF19aawtqdv,4.861465,15
3363,ZTF21aanwmxn,4.860740,59
3364,ZTF24abcvaoi,4.851646,14
3365,ZTF20acbivev,4.851009,52
3366,ZTF19abqhobb,4.850854,198
3367,ZTF19abvjcii,4.846816,60
3368,ZTF25abbwnbb,4.845353,16
3369,ZTF18abfdguq,4.845340,17
3370,ZTF21acjosnd,4.843537,13
3371,ZTF24abrgoix,4.842595,19
3372,ZTF26aasnlpp,4.841123,47
3373,ZTF22abarhid,4.836226,26
3374,ZTF20abndzyc,4.832791,27
3375,ZTF20abedygm,4.832730,73
3376,ZTF20abeqtxp,4.831655,52
3377,ZTF25acldfsf,4.831036,133
3378,ZTF19aawgxdn,4.828090,108
3379,ZTF26aaujiyq,4.824469,29
3380,ZTF24abuftjm,4.821912,14
3381,ZTF20aauvjws,4.821463,50
3382,ZTF20abrhcws,4.811327,41
3383,ZTF23aahzyls,4.804512,19
3384,ZTF19aawfdpm,4.802731,16
3385,ZTF21abifxhe,4.799943,21
3386,ZTF19abowcic,4.799928,69
3387,ZTF20acgmflv,4.799182,17
3388,ZTF22abthxax,4.798285,16
3389,ZTF25absfedk,4.793574,23
3390,ZTF20ackhzba,4.792190,27
3391,ZTF24aauehkh,4.781571,13
3392,ZTF20abliiex,4.781369,10
3393,ZTF23abhvrfk,4.777584,12
3394,ZTF18abcllsj,4.776638,280
3395,ZTF18ablqwmr,4.769989,535
3396,ZTF25aayszcx,4.766306,22
3397,ZTF24abgswji,4.764040,16
3398,ZTF22abafbzv,4.752290,23
3399,ZTF24aagwdgs,4.751574,11
3400,ZTF20actqyrv,4.750377,16
3401,ZTF21aaaevcw,4.744104,23
3402,ZTF24abtkwfd,4.739349,12
3403,ZTF19aaobvid,4.729172,205
3404,ZTF21aachbpq,4.729117,17
3405,ZTF23aaetuof,4.724141,17
3406,ZTF20achncqp,4.722804,63
3407,ZTF20abbypaa,4.721680,26
3408,ZTF18abrfttz,4.719674,379
3409,ZTF20aattnyx,4.713970,18
3410,ZTF24aanrjlf,4.712508,19
3411,ZTF22abivkuq,4.708623,23
3412,ZTF24ablucio,4.707565,41
3413,ZTF20acpuhlw,4.705186,18
3414,ZTF18abvzloo,4.697528,225
3415,ZTF20aabqnad,4.697448,15
3416,ZTF21abjrysr,4.696161,50
3417,ZTF23abjacqc,4.695081,20
3418,ZTF21aaqjmnn,4.694972,20
3419,ZTF24abqxfih,4.693464,35
3420,ZTF20abywqqb,4.689357,29
3421,ZTF22abbwzwm,4.681819,21
3422,ZTF24abelucc,4.677341,26
3423,ZTF22aakpzen,4.675395,10
3424,ZTF21aariepz,4.665282,16
3425,ZTF23aaqtcxl,4.662585,14
3426,ZTF22abnmpwx,4.660679,14
3427,ZTF25abtaiij,4.660613,19
3428,ZTF24aarqqhy,4.653568,19
3429,ZTF21aaxtlvc,4.649622,34
3430,ZTF20aaurjkn,4.648161,13
3431,ZTF20acwtfff,4.647677,11
3432,ZTF22aatsfly,4.643727,25
3433,ZTF22aaslkoa,4.642166,111
3434,ZTF20acpcwwg,4.641851,23
3435,ZTF20aajrajx,4.640516,26
3436,ZTF25acfxxsn,4.638063,11
3437,ZTF19abuzinv,4.630456,101
3438,ZTF19aburqpi,4.622391,38
3439,ZTF21aauaemd,4.621253,85
3440,ZTF20abxfxfp,4.619940,14
3441,ZTF20acgokbj,4.612743,47
3442,ZTF19aalvaxt,4.610703,64
3443,ZTF19acjmnks,4.604713,18
3444,ZTF20acgznau,4.600842,24
3445,ZTF22aaipocw,4.600249,98
3446,ZTF21aatjypi,4.599280,28
3447,ZTF20accodxy,4.594230,49
3448,ZTF19aaxvfgg,4.571778,49
3449,ZTF19abttstb,4.568184,19
3450,ZTF21aarhnwn,4.563581,30
3451,ZTF19aavovkq,4.557395,14
3452,ZTF19acxlcdz,4.551991,39
3453,ZTF19addkvia,4.546117,41
3454,ZTF24abnppsj,4.540552,46
3455,ZTF19acxxwiz,4.540417,31
3456,ZTF21aasdhhy,4.536765,52
3457,ZTF23aaskvof,4.534313,20
3458,ZTF19aadviyv,4.531916,46
3459,ZTF21acgxypn,4.530810,17
3460,ZTF24aaotzpd,4.529059,46
3461,ZTF24aairune,4.525937,18
3462,ZTF20aasylce,4.518995,38
3463,ZTF22aakndny,4.513989,46
3464,ZTF21aagsihi,4.512805,70
3465,ZTF24abculqd,4.508477,38
3466,ZTF24abfsxul,4.506471,35
3467,ZTF26aavbyvd,4.496803,40
3468,ZTF24abunutj,4.494515,10
3469,ZTF25aahmbaq,4.492362,290
3470,ZTF20abjorou,4.488054,61
3471,ZTF18abvfecb,4.481961,29
3472,ZTF25abwpozx,4.481252,21
3473,ZTF22abbecpl,4.477396,20
3474,ZTF24aalgzll,4.476716,16
3475,ZTF23aaizkju,4.469711,26
3476,ZTF20aculruc,4.468339,18
3477,ZTF20abfxyhi,4.467849,13
3478,ZTF22aaoxhxj,4.452912,69
3479,ZTF21aaaadmi,4.435888,14
3480,ZTF24aaiahuu,4.435401,18
3481,ZTF20aalxagi,4.434521,21
3482,ZTF25acbcpff,4.433082,15
3483,ZTF18abasoef,4.431699,817
3484,ZTF19aazzpje,4.427939,19
3485,ZTF20abydkrl,4.427489,64
3486,ZTF21achaxze,4.426465,13
3487,ZTF24aawtoiv,4.424552,71
3488,ZTF21aabhyxk,4.423911,37
3489,ZTF23aazjwwm,4.416718,44
3490,ZTF20aazrnya,4.414554,11
3491,ZTF22aafvuao,4.414536,18
3492,ZTF22abfviiz,4.413803,23
3493,ZTF23aahnizz,4.411570,15
3494,ZTF19actfqhp,4.405641,19
3495,ZTF21abrxmne,4.405608,62
3496,ZTF21achpqlr,4.404654,16
3497,ZTF21aaqqmko,4.403624,25
3498,ZTF25ablznzy,4.403265,20
3499,ZTF22abejuat,4.401854,10
3500,ZTF23aalhqci,4.400519,15
3501,ZTF21aasgffc,4.394251,49
3502,ZTF20aamlmec,4.393488,12
3503,ZTF24aazynka,4.392026,15
3504,ZTF18abcjtzm,4.389077,366
3505,ZTF22abbihcm,4.388185,20
3506,ZTF19abyirjl,4.376696,13
3507,ZTF22aalxsmp,4.374635,11
3508,ZTF20abmkvrm,4.368814,46
3509,ZTF21abeguum,4.368417,17
3510,ZTF19aaxonkh,4.363232,50
3511,ZTF20aavrhnd,4.362584,21
3512,ZTF24aawxqtz,4.351604,14
3513,ZTF23absbzov,4.348317,21
3514,ZTF25aavgbty,4.346006,11
3515,ZTF18aacemcn,4.335670,27
3516,ZTF21abdxhgv,4.334115,80
3517,ZTF26aaqyupj,4.332363,22
3518,ZTF25aafvcjp,4.331089,13
3519,ZTF19aablslh,4.329190,349
3520,ZTF22aafupdg,4.325811,53
3521,ZTF19aavyafo,4.325769,17
3522,ZTF21aaaadmo,4.325441,16
3523,ZTF23abaxlag,4.323081,14
3524,ZTF23abbhuoa,4.321110,10
3525,ZTF22aavbdfn,4.316250,26
3526,ZTF26aahbvnu,4.312055,30
3527,ZTF24abzatfh,4.308698,21
3528,ZTF25ablyfqn,4.307893,21
3529,ZTF20acpbboa,4.306662,184
3530,ZTF21aarkcen,4.304933,15
3531,ZTF20abajtpk,4.302594,12
3532,ZTF24aakzkon,4.300017,24
3533,ZTF24abrowfx,4.295845,11
3534,ZTF25abscivt,4.283241,26
3535,ZTF19adjvjqi,4.277079,12
3536,ZTF24aaltyyy,4.276789,19
3537,ZTF20aauwhyi,4.260312,30
3538,ZTF24aazbshu,4.257906,72
3539,ZTF21abjslnr,4.254491,27
3540,ZTF25abwossq,4.252746,13
3541,ZTF20abfxhew,4.246127,123
3542,ZTF18abwisaz,4.240552,67
3543,ZTF25aajzquy,4.238863,41
3544,ZTF21aanijms,4.230904,18
3545,ZTF23aavffkq,4.223297,11
3546,ZTF22aafubah,4.206301,22
3547,ZTF24aaatbhg,4.205566,28
3548,ZTF22aayvcwn,4.203269,14
3549,ZTF20acpgpen,4.199127,16
3550,ZTF25acgcluq,4.198672,10
3551,ZTF22aarjbgx,4.197501,15
3552,ZTF22aakqdyx,4.196066,56
3553,ZTF21ackcxql,4.194741,17
3554,ZTF19abfbvqq,4.192760,25
3555,ZTF22aaixooj,4.192334,17
3556,ZTF23aawzdxd,4.185025,46
3557,ZTF20abdzkbz,4.178500,14
3558,ZTF21aatwhta,4.176567,24
3559,ZTF20aavlzex,4.174878,43
3560,ZTF25acgvcde,4.174051,17
3561,ZTF20aagzyvx,4.170948,20
3562,ZTF19aampnvk,4.164939,12
3563,ZTF21aavbglm,4.161839,25
3564,ZTF19aawfcgp,4.150729,37
3565,ZTF24aawrszo,4.138431,16
3566,ZTF19abppewc,4.135709,25
3567,ZTF20abfklsy,4.132912,47
3568,ZTF22aaihpiq,4.131721,13
3569,ZTF20aautwvg,4.131573,17
3570,ZTF21aceqmyz,4.127212,22
3571,ZTF20abjwulx,4.123195,19
3572,ZTF22aafwkwi,4.120953,14
3573,ZTF24aahdigc,4.119866,13
3574,ZTF24aahdihc,4.119226,12
3575,ZTF21aaadroe,4.118228,13
3576,ZTF26aaadpix,4.117471,17
3577,ZTF20aalbjqh,4.116952,12
3578,ZTF21abhtlrj,4.113533,64
3579,ZTF24aaxmnqo,4.106917,18
3580,ZTF24aalepin,4.102006,13
3581,ZTF23aaaihae,4.100876,21
3582,ZTF23aaecgwh,4.099374,24
3583,ZTF20abatfzl,4.097906,40
3584,ZTF25aactete,4.097871,45
3585,ZTF20abzvuhj,4.095634,18
3586,ZTF25abghglc,4.094595,91
3587,ZTF18aawhsgh,4.092366,16
3588,ZTF20acpjaqq,4.090949,13
3589,ZTF20abdkcbw,4.090699,16
3590,ZTF20acirhoc,4.089497,11
3591,ZTF25abxyxnn,4.088428,25
3592,ZTF24aamjkav,4.084258,48
3593,ZTF23aaajtan,4.082524,46
3594,ZTF18aarcehs,4.081067,32
3595,ZTF22aafdazc,4.079972,24
3596,ZTF19acecglo,4.079113,426
3597,ZTF20aauriwm,4.076420,24
3598,ZTF22abizxbs,4.076113,34
3599,ZTF22abnxovx,4.073734,21
3600,ZTF20aajcbsr,4.072325,142
3601,ZTF20abnmahn,4.070368,56
3602,ZTF20aahgejq,4.070299,73
3603,ZTF21aatitlf,4.069201,66
3604,ZTF19aanyrmd,4.065792,17
3605,ZTF19acdjfbg,4.063165,15
3606,ZTF25aaxjzzz,4.062373,117
3607,ZTF22aaohecw,4.059095,17
3608,ZTF23aaizjbj,4.051518,31
3609,ZTF18aawhrjb,4.051342,12
3610,ZTF23aawyvgl,4.050385,30
3611,ZTF21aaaotku,4.049732,28
3612,ZTF19abopett,4.049109,38
3613,ZTF25abccstt,4.047218,173
3614,ZTF21ackzyzj,4.041116,14
3615,ZTF19aayslow,4.037679,28
3616,ZTF24abkiwns,4.036592,36
3617,ZTF24aahgfap,4.034963,20
3618,ZTF25abjcbfg,4.030067,18
3619,ZTF22aagpqog,4.028624,25
3620,ZTF20acnsgdb,4.026068,16
3621,ZTF19aaxefct,4.025491,24
3622,ZTF20acppzxx,4.023224,11
3623,ZTF18aavyqmx,4.021728,1551
3624,ZTF18adjvuki,4.021728,1551
3625,ZTF20actlumf,4.017260,48
3626,ZTF24abusfmz,4.012664,23
3627,ZTF19adhjqmh,4.012585,19
3628,ZTF20abupuzr,4.002357,12
3629,ZTF21aaxtrlt,4.001266,32
3630,ZTF18aanpaau,3.999965,18
3631,ZTF20acphdbu,3.999565,43
3632,ZTF20abemvkz,3.996526,19
3633,ZTF21achisds,3.990015,31
3634,ZTF18adbmrug,3.989913,23
3635,ZTF19abjcghj,3.988872,34
3636,ZTF20abjrrum,3.988867,25
3637,ZTF21abowsie,3.986661,14
3638,ZTF25abmtiec,3.985916,18
3639,ZTF26aaszhyd,3.984794,39
3640,ZTF26aaevcyh,3.984422,44
3641,ZTF23aadtfgp,3.980292,14
3642,ZTF19aavolzm,3.979751,49
3643,ZTF23aaqurnk,3.970484,49
3644,ZTF25abwbvhg,3.970242,24
3645,ZTF21aciphbn,3.968618,17
3646,ZTF25abpkfqz,3.968275,44
3647,ZTF22aaczpki,3.967972,175
3648,ZTF24aadsrit,3.967354,17
3649,ZTF21aadrmqe,3.966876,18
3650,ZTF26aanrcbg,3.965720,24
3651,ZTF24abquyel,3.964245,24
3652,ZTF19adafsfp,3.961970,17
3653,ZTF25aardghz,3.959986,21
3654,ZTF25abthwzn,3.959871,17
3655,ZTF22aalwbjf,3.957942,20
3656,ZTF20aavskyv,3.951521,13
3657,ZTF19abuhlxk,3.951372,86
3658,ZTF19adafqoe,3.946354,30
3659,ZTF23aajrbef,3.944140,23
3660,ZTF22aaftlex,3.944077,23
3661,ZTF20achopbk,3.940515,12
3662,ZTF20aanfdez,3.936747,22
3663,ZTF20acxizvj,3.933356,19
3664,ZTF22abkdzvi,3.932717,12
3665,ZTF20achdwmq,3.931212,31
3666,ZTF20acwobak,3.927885,13
3667,ZTF22abnvnpb,3.923929,17
3668,ZTF22abudnqs,3.922419,37
3669,ZTF25aaqwdet,3.919009,37
3670,ZTF19aamhqej,3.904695,76
3671,ZTF18abmjvgf,3.902532,15
3672,ZTF21aatnpwb,3.902027,11
3673,ZTF21abedvkp,3.901945,25
3674,ZTF26aaonmha,3.901405,28
3675,ZTF20aaxessh,3.900400,11
3676,ZTF24ablnohc,3.895830,14
3677,ZTF21aaznphg,3.893082,42
3678,ZTF21abulijr,3.891913,13
3679,ZTF20aamobia,3.887676,13
3680,ZTF21aasdhhn,3.885693,56
3681,ZTF20achrqcn,3.882085,285
3682,ZTF21acdvkcj,3.874669,25
3683,ZTF21aarejss,3.874389,23
3684,ZTF25aauasqm,3.870283,17
3685,ZTF23abijmwr,3.868089,12
3686,ZTF25abbwsqe,3.865368,33
3687,ZTF22abkfxnf,3.862533,20
3688,ZTF21acjnzww,3.859076,12
3689,ZTF20acwncbd,3.852162,32
3690,ZTF20acrqdlq,3.849607,18
3691,ZTF25aaprgoz,3.845056,10
3692,ZTF19acgqjln,3.844337,92
3693,ZTF24aapfhxo,3.840319,69
3694,ZTF24abrqqfp,3.840189,20
3695,ZTF26aakjamd,3.838814,79
3696,ZTF21aawiwqh,3.835737,25
3697,ZTF19acazqmz,3.833611,15
3698,ZTF23aboeozn,3.831144,11
3699,ZTF20aanqmvu,3.830885,17
3700,ZTF20aafciit,3.828103,35
3701,ZTF24aatetyl,3.827574,17
3702,ZTF19acivqsk,3.827023,20
3703,ZTF23abhsmro,3.824856,20
3704,ZTF26aaabexn,3.822902,31
3705,ZTF25abxdumr,3.822094,17
3706,ZTF24aaqdnsr,3.821656,23
3707,ZTF25abxqslz,3.820828,47
3708,ZTF20aazpwyu,3.819843,76
3709,ZTF17aaaikoz,3.819166,1726
3710,ZTF21abtdmyi,3.817660,25
3711,ZTF20abzjads,3.814332,68
3712,ZTF25abdkrgt,3.813336,41
3713,ZTF18abakwoa,3.812996,11
3714,ZTF19aazmpyy,3.807704,34
3715,ZTF22abfviis,3.806451,39
3716,ZTF18abwutne,3.805647,285
3717,ZTF19abauqes,3.803485,124
3718,ZTF18acavhal,3.802995,604
3719,ZTF20abjolvm,3.799743,81
3720,ZTF24aaxwnpx,3.799307,19
3721,ZTF22aadejwi,3.797802,16
3722,ZTF22aascedw,3.795221,11
3723,ZTF19acxlddi,3.788886,13
3724,ZTF25abtpmye,3.785530,41
3725,ZTF21abctgsv,3.776864,30
3726,ZTF22abfuyqr,3.770180,28
3727,ZTF22abjadzu,3.767560,14
3728,ZTF24aajhhdt,3.767029,14
3729,ZTF20abhrkwi,3.766603,36
3730,ZTF25abxxkod,3.766057,60
3731,ZTF25abxarup,3.765208,16
3732,ZTF19aauvbqv,3.761433,10
3733,ZTF20abvopzs,3.761187,45
3734,ZTF20actpavu,3.757569,67
3735,ZTF21aagmuoz,3.757249,23
3736,ZTF19acblhgq,3.755870,14
3737,ZTF19abfvovo,3.755267,61
3738,ZTF24ablvshn,3.754763,26
3739,ZTF23aakcbfv,3.753880,54
3740,ZTF20abjlaim,3.753869,28
3741,ZTF18achbcns,3.753796,103
3742,ZTF22aazuqah,3.751696,40
3743,ZTF20abnnaev,3.751362,22
3744,ZTF20aazqtwk,3.749303,12
3745,ZTF20aahcslg,3.748301,11
3746,ZTF18aawxpnp,3.747440,35
3747,ZTF21abxdibe,3.746526,12
3748,ZTF20abnwldu,3.745527,69
3749,ZTF22abqmovi,3.738293,20
3750,ZTF25aactdcs,3.737685,22
3751,ZTF23abhlsha,3.733797,26
3752,ZTF24aagipcg,3.731834,15
3753,ZTF25abbtipb,3.731788,27
3754,ZTF21aapffqd,3.726731,33
3755,ZTF23aagiaqm,3.723471,16
3756,ZTF25aaxiwbw,3.722757,42
3757,ZTF23aaqhvds,3.717736,54
3758,ZTF19aatlqju,3.716101,44
3759,ZTF23aamamlv,3.715033,26
3760,ZTF21aarnjyd,3.712983,147
3761,ZTF18aawzens,3.711099,41
3762,ZTF23abfxydv,3.709989,245
3763,ZTF25abbofpg,3.704432,21
3764,ZTF25aaunfiw,3.703454,17
3765,ZTF19abzizfw,3.703160,34
3766,ZTF19acyncyx,3.702782,24
3767,ZTF20aabpeiq,3.699575,16
3768,ZTF23abaqzym,3.698486,40
3769,ZTF25abshhpi,3.696438,11
3770,ZTF21abirvgl,3.689873,23
3771,ZTF24aaqutdf,3.686880,24
3772,ZTF20abjbjbi,3.684404,16
3773,ZTF20aciwhcb,3.683902,24
3774,ZTF18abdgnew,3.683342,115
3775,ZTF25aazqbmd,3.677574,38
3776,ZTF21abiuvdk,3.675169,78
3777,ZTF24aaejvcx,3.675081,50
3778,ZTF19acwlecn,3.674355,19
3779,ZTF24acahbvv,3.673463,30
3780,ZTF22aadgsmu,3.672926,17
3781,ZTF21aacpcou,3.669411,13
3782,ZTF23aangpza,3.667253,83
3783,ZTF25acjpvwy,3.659211,31
3784,ZTF18abtvjbs,3.656958,136
3785,ZTF18abfbbyh,3.656014,27
3786,ZTF25abnsqbi,3.654938,40
3787,ZTF23abcinum,3.653912,30
3788,ZTF24aahxmmu,3.652112,48
3789,ZTF26aarawzi,3.651429,11
3790,ZTF25abfeqve,3.651155,22
3791,ZTF20aazyvre,3.649950,23
3792,ZTF25aakatwx,3.649837,17
3793,ZTF23aaldwsh,3.649818,28
3794,ZTF18aalpkwb,3.648490,16
3795,ZTF20aamlerx,3.648357,149
3796,ZTF19abitaay,3.646199,15
3797,ZTF25aajupcd,3.645459,35
3798,ZTF20abmcnpk,3.643371,57
3799,ZTF19abxqgqk,3.643336,133
3800,ZTF22aakaygk,3.641019,79
3801,ZTF20abakjsb,3.640137,51
3802,ZTF18adactwl,3.637909,85
3803,ZTF23aacydwa,3.636265,18
3804,ZTF19acordvu,3.631111,20
3805,ZTF22aadhosm,3.630836,523
3806,ZTF26aaeznkz,3.630649,13
3807,ZTF22ablfiyi,3.626352,20
3808,ZTF25aaofxjv,3.625628,20
3809,ZTF23abhtkba,3.624543,32
3810,ZTF24aaupcqe,3.621036,15
3811,ZTF22abdgnuc,3.615099,14
3812,ZTF22aaksqez,3.613998,242
3813,ZTF19abyjgal,3.612348,11
3814,ZTF26aavjuuc,3.607327,16
3815,ZTF18abppuls,3.606019,60
3816,ZTF21abvhwsn,3.601703,17
3817,ZTF26aacahej,3.601293,14
3818,ZTF20abbozif,3.600976,140
3819,ZTF24aapckni,3.598885,21
3820,ZTF20aaurhio,3.596845,110
3821,ZTF26aaapvzj,3.594032,31
3822,ZTF25absjrpz,3.592757,15
3823,ZTF25abvpmki,3.590151,95
3824,ZTF24abaiddj,3.589807,30
3825,ZTF19abangub,3.585633,19
3826,ZTF22abvbfxj,3.583743,26
3827,ZTF20acyrodz,3.579296,17
3828,ZTF22aaonegs,3.578024,29
3829,ZTF21aafnabs,3.577684,12
3830,ZTF19acbwjjz,3.577560,15
3831,ZTF25abiwnxb,3.576020,24
3832,ZTF20abmgfmm,3.573588,28
3833,ZTF19abxvtxk,3.570683,57
3834,ZTF21abwbueo,3.570670,23
3835,ZTF20abzzcea,3.568670,69
3836,ZTF22abqadtx,3.563651,71
3837,ZTF21abrzdqc,3.562907,11
3838,ZTF22aadksbz,3.562756,56
3839,ZTF26aagatwe,3.561234,85
3840,ZTF21abvadqn,3.561006,46
3841,ZTF20acxsouh,3.560498,20
3842,ZTF23abhprla,3.557805,20
3843,ZTF21abouwjj,3.555580,89
3844,ZTF25abcdaqz,3.554272,60
3845,ZTF22aabrysn,3.551343,16
3846,ZTF23aanqwnh,3.550682,35
3847,ZTF26aabdixk,3.549023,17
3848,ZTF23aalbusx,3.542293,42
3849,ZTF18acaktuk,3.542001,168
3850,ZTF24abhcdgp,3.540652,18
3851,ZTF18acvvslx,3.538507,31
3852,ZTF24aaympoq,3.535693,11
3853,ZTF23aaktkgz,3.535021,16
3854,ZTF21abcltia,3.532632,11
3855,ZTF21acapygj,3.530083,21
3856,ZTF26aamcbyy,3.529135,39
3857,ZTF19acfsueq,3.528856,30
3858,ZTF20aasiasa,3.523657,33
3859,ZTF21abjpphz,3.522779,25
3860,ZTF22aazmrpx,3.522608,63
3861,ZTF19abkhrns,3.516331,30
3862,ZTF19abymvpt,3.514552,18
3863,ZTF25abjlktc,3.512617,10
3864,ZTF19aavmuff,3.509284,32
3865,ZTF24aazszlu,3.509039,25
3866,ZTF22aaekemt,3.508493,14
3867,ZTF18acgibgh,3.505243,22
3868,ZTF19aaxpofq,3.501714,37
3869,ZTF23aanhgiv,3.501071,15
3870,ZTF20aamdyal,3.495633,42
3871,ZTF25abttvqn,3.495227,26
3872,ZTF20abapuym,3.493600,78
3873,ZTF23abdapdx,3.486100,33
3874,ZTF20acngcej,3.485878,141
3875,ZTF21aagsypp,3.483208,80
3876,ZTF24aalqimg,3.480992,30
3877,ZTF22abngjlt,3.477865,30
3878,ZTF22aalzeui,3.476897,23
3879,ZTF22aaohkqz,3.475777,24
3880,ZTF20abhrmxh,3.472686,70
3881,ZTF20acioekr,3.470224,21
3882,ZTF21acipvuz,3.469888,13
3883,ZTF18abdnihj,3.468383,26
3884,ZTF21abjciip,3.463586,36
3885,ZTF24abbcrsy,3.463443,28
3886,ZTF20abfybfo,3.461143,34
3887,ZTF24aaiinor,3.458679,18
3888,ZTF19abqkrwv,3.458331,14
3889,ZTF20acjpwas,3.451217,31
3890,ZTF26aarynju,3.448302,17
3891,ZTF20acorqqy,3.446510,15
3892,ZTF21aatdzmt,3.444870,43
3893,ZTF21acjmxea,3.443481,11
3894,ZTF23aapcllu,3.440735,51
3895,ZTF25aaiozoh,3.440249,13
3896,ZTF23aazfosr,3.439448,22
3897,ZTF22aafuspb,3.436583,51
3898,ZTF20aaekbdr,3.429472,42
3899,ZTF23aazzeud,3.424854,55
3900,ZTF26aafqarm,3.422906,42
3901,ZTF25aactemy,3.419173,43
3902,ZTF26aawzvtx,3.414841,20
3903,ZTF20aawnwxo,3.414659,53
3904,ZTF19acslslv,3.414257,15
3905,ZTF21acistjw,3.413609,12
3906,ZTF20acwyicy,3.396474,31
3907,ZTF18abvwidj,3.396202,246
3908,ZTF21abwyyau,3.389412,22
3909,ZTF21abbxlbu,3.389361,20
3910,ZTF20aartnkv,3.383244,40
3911,ZTF24aaiufxr,3.379912,25
3912,ZTF20abbcajr,3.379747,19
3913,ZTF17aabvtjx,3.378634,654
3914,ZTF20abjyorg,3.377510,44
3915,ZTF21aaublej,3.372678,187
3916,ZTF21abuzuih,3.366527,12
3917,ZTF26aalssct,3.363533,27
3918,ZTF20acyybwo,3.353382,14
3919,ZTF23abovvas,3.353280,11
3920,ZTF26aatacbn,3.349939,28
3921,ZTF24aaekofc,3.348819,38
3922,ZTF22aajlpug,3.346099,12
3923,ZTF21abrhhek,3.345061,20
3924,ZTF23abmhggb,3.342493,17
3925,ZTF24aajxqzo,3.339678,24
3926,ZTF24abcbqxl,3.339578,17
3927,ZTF19abxgswj,3.339236,49
3928,ZTF19aaviryr,3.339025,28
3929,ZTF24aamtwya,3.338476,17
3930,ZTF26aabyocy,3.337660,15
3931,ZTF25aanmnao,3.336378,106
3932,ZTF25aakgmne,3.335313,19
3933,ZTF21aajgdeu,3.330919,48
3934,ZTF20aatpoef,3.328059,17
3935,ZTF26aabwiia,3.328004,15
3936,ZTF20abpmebk,3.327556,32
3937,ZTF23aaizyvw,3.326540,17
3938,ZTF19aaontel,3.322400,485
3939,ZTF20abzezex,3.321177,32
3940,ZTF20aamyfad,3.319542,22
3941,ZTF22aazeagq,3.318578,22
3942,ZTF21abwqhnf,3.318066,15
3943,ZTF22aasvuof,3.314423,15
3944,ZTF20ablxpas,3.314317,70
3945,ZTF22aaysxte,3.314256,32
3946,ZTF18aafdigb,3.312318,14
3947,ZTF21aazybsh,3.310773,52
3948,ZTF23abbcdlp,3.308766,30
3949,ZTF20acmxgdv,3.307212,13
3950,ZTF20aazrsro,3.299441,17
3951,ZTF21abntqyx,3.298856,11
3952,ZTF20acqtaiq,3.297233,16
3953,ZTF20aavptjf,3.296681,31
3954,ZTF25achwsgj,3.294908,61
3955,ZTF26aalsmpp,3.294196,123
3956,ZTF23abscpyn,3.290041,16
3957,ZTF22abeyzcl,3.285994,35
3958,ZTF25aaugdwn,3.284620,13
3959,ZTF24aarfccy,3.284455,14
3960,ZTF19aciuenw,3.282816,21
3961,ZTF22aaggzyg,3.281459,20
3962,ZTF25abzklfa,3.276833,89
3963,ZTF22abdxlaq,3.275667,44
3964,ZTF20aatwonv,3.272866,18
3965,ZTF20abazhud,3.269485,33
3966,ZTF22abjrrea,3.264101,11
3967,ZTF23aboaorc,3.262923,25
3968,ZTF19acapsth,3.262914,17
3969,ZTF23aaixfdv,3.262305,20
3970,ZTF20abfeykh,3.261783,16
3971,ZTF22abfmnty,3.260284,23
3972,ZTF22abgaghl,3.257233,13
3973,ZTF21aapzgtu,3.252555,31
3974,ZTF22aarmprs,3.251325,27
3975,ZTF24aaveqme,3.250157,42
3976,ZTF25acnquto,3.250046,13
3977,ZTF20acfwrln,3.249811,33
3978,ZTF25ablgdrp,3.242338,22
3979,ZTF22aazhysn,3.237057,17
3980,ZTF23absbjtt,3.233510,21
3981,ZTF26aawampy,3.232741,13
3982,ZTF20abeezca,3.230068,11
3983,ZTF23aazmkjh,3.228328,27
3984,ZTF20aahgirj,3.227499,55
3985,ZTF22aasdgyp,3.226870,133
3986,ZTF18acuxkwz,3.226482,146
3987,ZTF20abxyfye,3.223853,44
3988,ZTF25abcazjy,3.223288,29
3989,ZTF18aaqcfax,3.222503,42
3990,ZTF20abqmmhn,3.218980,12
3991,ZTF18aajivpr,3.217880,26
3992,ZTF23aadwitm,3.216976,28
3993,ZTF22aazprmk,3.215542,14
3994,ZTF21aakupth,3.210879,144
3995,ZTF21achyvno,3.210777,19
3996,ZTF18aaabcav,3.206524,776
3997,ZTF21aajyufk,3.204315,18
3998,ZTF23abqrshk,3.202291,74
3999,ZTF24abcuuje,3.195933,38
4000,ZTF20aauomaf,3.195052,19
4001,ZTF23abdmbau,3.194081,20
4002,ZTF25acfkvbq,3.192436,30
4003,ZTF20abfhwnf,3.188360,17
4004,ZTF22abxtfwy,3.183288,260
4005,ZTF23aakojnn,3.182036,22
4006,ZTF26aailobf,3.181541,91
4007,ZTF19abpjpfm,3.181463,12
4008,ZTF22aaizpfh,3.181209,15
4009,ZTF25aalpqkg,3.180896,29
4010,ZTF21aaakewz,3.179793,13
4011,ZTF20achusux,3.175028,80
4012,ZTF19aaphhzy,3.171560,44
4013,ZTF19abxwfdb,3.171432,38
4014,ZTF25aaisnsy,3.168923,43
4015,ZTF26aaoebni,3.164370,34
4016,ZTF21acheiti,3.164226,21
4017,ZTF18acbwhls,3.152556,96
4018,ZTF23aamxekn,3.150618,46
4019,ZTF24abfaake,3.147595,48
4020,ZTF22abfrkoh,3.146877,26
4021,ZTF20acgqikf,3.146536,18
4022,ZTF22aaafnry,3.145595,11
4023,ZTF22aalzjdc,3.145471,30
4024,ZTF19abpgydq,3.144605,11
4025,ZTF23abhbjzb,3.143332,18
4026,ZTF19achtews,3.142665,17
4027,ZTF24aahsukk,3.142329,62
4028,ZTF19aaysiwt,3.142252,39
4029,ZTF20abiqlcv,3.141443,13
4030,ZTF22abnvijp,3.140081,19
4031,ZTF22abmucza,3.139490,22
4032,ZTF23absjjsi,3.138633,143
4033,ZTF22aaijrul,3.135526,31
4034,ZTF25abixhdc,3.134231,68
4035,ZTF19aatudnj,3.130335,31
4036,ZTF22abmcezf,3.127740,30
4037,ZTF20abzpvju,3.126915,20
4038,ZTF22aalzzhy,3.124702,20
4039,ZTF20acimzlk,3.123812,21
4040,ZTF19acspfcb,3.120687,14
4041,ZTF25aaomnws,3.117927,48
4042,ZTF24aaosqgf,3.117780,33
4043,ZTF20abhulsp,3.116197,11
4044,ZTF20aaentwl,3.114693,34
4045,ZTF22abseymh,3.114676,20
4046,ZTF24aapvefr,3.112732,24
4047,ZTF26aabdqjm,3.111328,21
4048,ZTF24abcrnrm,3.108824,27
4049,ZTF26aamgikr,3.105552,72
4050,ZTF19adbrpuv,3.102151,62
4051,ZTF19acrdqej,3.097092,138
4052,ZTF25acgrbmi,3.094385,14
4053,ZTF20aasfdfr,3.093781,27
4054,ZTF22aaopxjn,3.092263,33
4055,ZTF18admkwza,3.090628,59
4056,ZTF22aahivky,3.089997,29
4057,ZTF25aavchtv,3.087279,21
4058,ZTF20abmbycd,3.083572,53
4059,ZTF21abzcpiw,3.083202,21
4060,ZTF22aaznbmz,3.082056,41
4061,ZTF23abnhxme,3.078806,16
4062,ZTF21abmxkxt,3.077614,21
4063,ZTF23aajsjdv,3.076468,20
4064,ZTF22abcvfgs,3.072638,54
4065,ZTF24aauekqv,3.063483,21
4066,ZTF23aaknjqb,3.061713,27
4067,ZTF23aaeubgd,3.060621,10
4068,ZTF26aalqpdg,3.059551,26
4069,ZTF25abmhlnc,3.057036,29
4070,ZTF18aarcmpp,3.054536,12
4071,ZTF20abellto,3.054074,27
4072,ZTF22aaymafa,3.053299,20
4073,ZTF20abpuyau,3.052354,59
4074,ZTF22abfvzqg,3.051966,21
4075,ZTF22aahhbyu,3.050280,21
4076,ZTF21abrskvb,3.047928,14
4077,ZTF22aaebkwd,3.046962,17
4078,ZTF19adcdgms,3.045924,13
4079,ZTF25aavgqzp,3.044591,28
4080,ZTF23aanlqsq,3.044163,28
4081,ZTF24abdxnbs,3.043871,14
4082,ZTF21acgupte,3.042470,20
4083,ZTF21aayonfd,3.040097,17
4084,ZTF20aazcxve,3.039763,30
4085,ZTF22aafkrkf,3.039134,33
4086,ZTF22abeioxu,3.035488,26
4087,ZTF19aawfnwg,3.034561,424
4088,ZTF21acddhdz,3.032590,16
4089,ZTF19abdkghl,3.032569,21
4090,ZTF19adddzcv,3.030710,63
4091,ZTF25abjpgmo,3.029008,24
4092,ZTF23aaxvsjq,3.028323,48
4093,ZTF24aabfngb,3.026202,23
4094,ZTF22abjcmlu,3.025683,34
4095,ZTF23aaabctl,3.025347,18
4096,ZTF20acjdhof,3.025247,18
4097,ZTF26aakpvoi,3.023603,25
4098,ZTF20actrovz,3.021995,17
4099,ZTF22abbdopf,3.021405,51
4100,ZTF18abqkfvr,3.021232,31
4101,ZTF24abhbnbk,3.020286,15
4102,ZTF19abeloei,3.019730,84
4103,ZTF26aadfhub,3.019576,12
4104,ZTF21acgyciq,3.018936,22
4105,ZTF20abbvnpr,3.017659,28
4106,ZTF25acauqtp,3.014898,32
4107,ZTF19acwrqtv,3.013606,33
4108,ZTF25aagtqrq,3.006896,13
4109,ZTF18aagtwyh,3.004922,19
4110,ZTF22abjqztl,3.004329,16
4111,ZTF18abdqopl,3.001497,12
4112,ZTF20acwobku,2.999585,21
4113,ZTF19aaujiwc,2.989969,26
4114,ZTF20abgbfyk,2.986161,17
4115,ZTF24aanfelm,2.983646,12
4116,ZTF24aaprmqh,2.983482,16
4117,ZTF25acfiwkz,2.982141,13
4118,ZTF23abfmlft,2.980971,28
4119,ZTF19aamljom,2.980070,42
4120,ZTF26aaozsct,2.979610,20
4121,ZTF25aazofjn,2.978245,56
4122,ZTF21aatugnq,2.978143,21
4123,ZTF24aapeofn,2.976432,35
4124,ZTF20abivhxo,2.973926,23
4125,ZTF24abhwvrb,2.973781,13
4126,ZTF20aatponi,2.968548,19
4127,ZTF18abaaewz,2.967220,1007
4128,ZTF21aatvcaj,2.967218,26
4129,ZTF17aacpcfv,2.966462,129
4130,ZTF25aaoxrsz,2.962005,32
4131,ZTF25acejaxg,2.958919,24
4132,ZTF22abfznga,2.958568,43
4133,ZTF22abvgmvo,2.958152,340
4134,ZTF19abkdehm,2.958120,36
4135,ZTF21achpehw,2.957661,33
4136,ZTF21absxgsy,2.956781,17
4137,ZTF22aakiwjl,2.955583,19
4138,ZTF19adgwnws,2.953972,28
4139,ZTF21aacpasn,2.951691,18
4140,ZTF21accibae,2.950847,34
4141,ZTF18abffdpa,2.950254,59
4142,ZTF21abxginb,2.949750,57
4143,ZTF22aadkxfy,2.948774,21
4144,ZTF24aadryxf,2.948592,19
4145,ZTF19acfsvqy,2.947945,28
4146,ZTF21aazvrjy,2.943446,21
4147,ZTF22abkwurn,2.943415,29
4148,ZTF24aajxrmd,2.942014,36
4149,ZTF26aalcpif,2.941029,37
4150,ZTF25abgvlua,2.939010,13
4151,ZTF24aampdux,2.938069,18
4152,ZTF19abtebuj,2.933177,21
4153,ZTF22aaxjlmo,2.931689,16
4154,ZTF24abdiwwv,2.931031,18
4155,ZTF25aazhvkj,2.926579,17
4156,ZTF19aaupjqr,2.924860,12
4157,ZTF20actksyf,2.923547,16
4158,ZTF19acekcsl,2.922825,10
4159,ZTF22aawodgn,2.922362,25
4160,ZTF25ablnmoq,2.915875,18
4161,ZTF20acchxpm,2.915391,34
4162,ZTF21aapfjxe,2.912879,23
4163,ZTF22aadjmoz,2.912745,47
4164,ZTF24abygbss,2.912612,13
4165,ZTF22abajpnh,2.909395,49
4166,ZTF20abcdrsm,2.907181,20
4167,ZTF21aciseaq,2.906082,15
4168,ZTF21aagolmt,2.904616,14
4169,ZTF18aamxads,2.903172,21
4170,ZTF23aadrudy,2.901786,16
4171,ZTF18abmlycd,2.900787,20
4172,ZTF23aaxldkr,2.900119,42
4173,ZTF22aauxhdm,2.899635,11
4174,ZTF21abbuylk,2.899573,21
4175,ZTF21ablrhtk,2.899389,30
4176,ZTF20aamtlxb,2.897140,54
4177,ZTF22abaynfc,2.897091,51
4178,ZTF24aartqxb,2.894533,12
4179,ZTF19abfioty,2.893604,49
4180,ZTF22aaknqer,2.892391,61
4181,ZTF20abjyoss,2.889779,15
4182,ZTF26aauvdne,2.884963,32
4183,ZTF22aazuyab,2.880215,17
4184,ZTF19acxmhxk,2.879803,14
4185,ZTF22aaibhya,2.876428,14
4186,ZTF22aaemhwl,2.873514,44
4187,ZTF26aauqoqy,2.872175,20
4188,ZTF20abeztot,2.871481,17
4189,ZTF20abmihnc,2.867858,38
4190,ZTF21abcnkbe,2.862871,29
4191,ZTF20abatdly,2.861556,18
4192,ZTF19aakmorl,2.861411,316
4193,ZTF21achlsfy,2.857519,13
4194,ZTF21aavbrwr,2.856439,32
4195,ZTF22aamaabh,2.855108,29
4196,ZTF21acdwhtf,2.852589,19
4197,ZTF22abfbpqy,2.851970,15
4198,ZTF19acslugw,2.849802,33
4199,ZTF20abmudrv,2.848971,76
4200,ZTF19aaxsbbf,2.844389,20
4201,ZTF20acrtkeo,2.840397,73
4202,ZTF18abhgzey,2.838070,14
4203,ZTF25abwotbw,2.832755,18
4204,ZTF21aagqcnl,2.830121,178
4205,ZTF23aakbqgc,2.829105,17
4206,ZTF21aareivy,2.819009,14
4207,ZTF23aafggjj,2.815094,31
4208,ZTF18acreynt,2.813931,230
4209,ZTF22aaausmx,2.812895,13
4210,ZTF20abmoguq,2.812671,11
4211,ZTF25aaowtbk,2.809888,14
4212,ZTF22abgvfbv,2.807490,26
4213,ZTF19acygjmg,2.807387,45
4214,ZTF26aajqblj,2.803018,19
4215,ZTF25aarodfq,2.802841,21
4216,ZTF26aajsfri,2.802492,29
4217,ZTF20aazkzaj,2.801354,35
4218,ZTF22aatsfnq,2.801065,16
4219,ZTF23aaihpnj,2.799035,11
4220,ZTF19adavxwz,2.798805,69
4221,ZTF24abwbjpg,2.797606,68
4222,ZTF22aauvfay,2.797140,26
4223,ZTF25aaeinjm,2.795988,33
4224,ZTF25aaofuee,2.792791,33
4225,ZTF20abzjpsv,2.790594,45
4226,ZTF19acyogrm,2.786812,40
4227,ZTF20abramlz,2.786368,25
4228,ZTF20acptvww,2.784787,23
4229,ZTF26aaubove,2.784155,48
4230,ZTF19aakiwxx,2.782911,34
4231,ZTF21aapdqbe,2.781118,24
4232,ZTF22aadqogw,2.780623,16
4233,ZTF20acwflza,2.779224,41
4234,ZTF21aasmduq,2.777522,28
4235,ZTF25aamaffc,2.774830,49
4236,ZTF23abkpnol,2.774021,20
4237,ZTF25abunelx,2.772325,21
4238,ZTF25aafwfzz,2.769061,40
4239,ZTF24abjixuq,2.768660,22
4240,ZTF22aaotedu,2.765567,24
4241,ZTF19abydpyf,2.764874,20
4242,ZTF19abiijov,2.764094,13
4243,ZTF24abdfesp,2.763555,22
4244,ZTF22aasdxre,2.761820,10
4245,ZTF24aabfohm,2.760787,11
4246,ZTF19aaequfn,2.759837,503
4247,ZTF25acgchna,2.757882,30
4248,ZTF18aayiast,2.755829,15
4249,ZTF25aadnujq,2.755471,32
4250,ZTF24abflvme,2.751944,24
4251,ZTF24abfuwoh,2.751220,12
4252,ZTF20acqucpz,2.750422,21
4253,ZTF25aalvyig,2.749875,27
4254,ZTF20abxaouc,2.749138,15
4255,ZTF21accuexh,2.748904,25
4256,ZTF20aadvaoi,2.746277,73
4257,ZTF24aaqcyga,2.745792,71
4258,ZTF25aasipvl,2.744352,12
4259,ZTF21acdoydr,2.743724,27
4260,ZTF24abccxnd,2.742806,27
4261,ZTF24aaoxbth,2.742661,20
4262,ZTF26aaeglkz,2.742514,22
4263,ZTF19abxdnzt,2.740918,22
4264,ZTF22aabbiok,2.740671,18
4265,ZTF19achbhfc,2.740569,40
4266,ZTF24aaumzhf,2.735920,41
4267,ZTF20aakxzut,2.735909,16
4268,ZTF24abwmydg,2.733974,15
4269,ZTF25abxbcbt,2.733541,17
4270,ZTF25abnzksi,2.730920,14
4271,ZTF20aazoitd,2.727834,11
4272,ZTF24aaijpcp,2.724949,23
4273,ZTF25aaaauxw,2.724431,24
4274,ZTF20acwdnbw,2.723741,30
4275,ZTF24aawvqyh,2.722361,28
4276,ZTF26aaabylo,2.720928,28
4277,ZTF20actdeqw,2.719150,50
4278,ZTF23aajaimx,2.718824,42
4279,ZTF19aavtcjs,2.717360,36
4280,ZTF19aaklvfd,2.716867,71
4281,ZTF20abwvhwm,2.714679,11
4282,ZTF19acxnbmg,2.712236,25
4283,ZTF20acaswjs,2.711899,61
4284,ZTF23abiqytk,2.707811,26
4285,ZTF25aavahfn,2.707766,16
4286,ZTF19abdkgns,2.701257,37
4287,ZTF24abowukl,2.700990,36
4288,ZTF25abktftq,2.694454,19
4289,ZTF23aandocz,2.694149,15
4290,ZTF18aarmnnd,2.692333,15
4291,ZTF20acpmmln,2.687764,12
4292,ZTF20aasapko,2.687235,19
4293,ZTF24abelhni,2.686951,18
4294,ZTF22abyskhb,2.685944,18
4295,ZTF19acblskx,2.683427,25
4296,ZTF21ackoidk,2.682277,13
4297,ZTF23abbbawg,2.682080,45
4298,ZTF26aajvvmg,2.681143,10
4299,ZTF20aavnpqx,2.680555,17
4300,ZTF22abeskuc,2.676663,25
4301,ZTF25abeclqx,2.675606,16
4302,ZTF18adatjjz,2.675371,51
4303,ZTF21abviaaa,2.674665,16
4304,ZTF24aamqrwk,2.669878,21
4305,ZTF20aavzlxm,2.667586,60
4306,ZTF21aagnzjy,2.666069,75
4307,ZTF25abwvuln,2.665662,39
4308,ZTF20aatqftt,2.665104,13
4309,ZTF20acghnop,2.664351,11
4310,ZTF19adfvcis,2.663012,10
4311,ZTF19ackjrru,2.659789,122
4312,ZTF25aauczop,2.659014,20
4313,ZTF25abbmvns,2.657832,22
4314,ZTF22abfdvdb,2.657059,13
4315,ZTF20aahqcud,2.655560,13
4316,ZTF26aaswngv,2.655402,14
4317,ZTF26aaiuwzj,2.655376,18
4318,ZTF25aatdvzt,2.650119,24
4319,ZTF20aavoydt,2.649279,14
4320,ZTF20acprfiz,2.648078,11
4321,ZTF19abuayqg,2.646183,44
4322,ZTF19aaylohn,2.644694,18
4323,ZTF22aaexedk,2.644673,64
4324,ZTF21aaprfkc,2.643413,23
4325,ZTF20abjtavx,2.643209,71
4326,ZTF24abrkfol,2.640839,14
4327,ZTF25abpfkwy,2.640335,34
4328,ZTF25acgyaed,2.639821,74
4329,ZTF18aannern,2.638985,22
4330,ZTF21aaaaehk,2.632934,13
4331,ZTF19aavhwxs,2.632636,22
4332,ZTF24abektxk,2.632288,19
4333,ZTF25aavjchy,2.631489,20
4334,ZTF25achcijr,2.629991,76
4335,ZTF21aarjjsb,2.629305,25
4336,ZTF23aatukpx,2.628955,43
4337,ZTF24abjimjj,2.627277,17
4338,ZTF22abcnzmv,2.626481,12
4339,ZTF21abfafjm,2.625848,42
4340,ZTF23aaqmewf,2.624793,17
4341,ZTF22abfuotu,2.620865,15
4342,ZTF19abctvjq,2.620741,13
4343,ZTF20acsfean,2.618924,13
4344,ZTF25acayrnp,2.618916,37
4345,ZTF21aarqmgt,2.618257,25
4346,ZTF19acarefd,2.615808,46
4347,ZTF21acjbjht,2.615084,29
4348,ZTF24aakxwww,2.607399,11
4349,ZTF24aaoqram,2.607322,19
4350,ZTF19abnishu,2.602273,23
4351,ZTF25aapwiux,2.600307,22
4352,ZTF25aakatxm,2.598264,17
4353,ZTF23aaldzxz,2.596894,18
4354,ZTF21aarhmed,2.596868,12
4355,ZTF22abteetl,2.595698,23
4356,ZTF22abmxzxm,2.593690,23
4357,ZTF22aagviok,2.593626,23
4358,ZTF25aauodtq,2.593427,18
4359,ZTF21abkohpk,2.593271,45
4360,ZTF25aausthv,2.590899,14
4361,ZTF20acplkub,2.590140,16
4362,ZTF17aadkjih,2.588493,40
4363,ZTF25abkhjln,2.587735,31
4364,ZTF20acpylns,2.587078,12
4365,ZTF22aaftbzm,2.586312,29
4366,ZTF20aaacdcp,2.584951,15
4367,ZTF20acjcxbx,2.583281,14
4368,ZTF22aakgivc,2.582679,13
4369,ZTF24aalhjeu,2.581779,29
4370,ZTF22abdlwbg,2.581591,20
4371,ZTF25aceeehm,2.581393,19
4372,ZTF19abqqrib,2.580568,20
4373,ZTF20aaaddgy,2.580214,68
4374,ZTF21aaabviz,2.578437,36
4375,ZTF20aahkolj,2.578117,12
4376,ZTF22abgyoax,2.577636,28
4377,ZTF19adbqznr,2.574843,50
4378,ZTF25acgdmlk,2.574579,33
4379,ZTF20aayvubx,2.572821,64
4380,ZTF24aaiosse,2.571114,34
4381,ZTF20acukwll,2.569765,21
4382,ZTF24abszkov,2.559517,38
4383,ZTF24abmfgxy,2.557278,85
4384,ZTF20acqzpta,2.556143,23
4385,ZTF20aafsnpp,2.555879,70
4386,ZTF24abeiqfc,2.555331,37
4387,ZTF24aaijnoq,2.555289,19
4388,ZTF24aaxavnf,2.554704,47
4389,ZTF19aayejww,2.553270,15
4390,ZTF20aavgsvv,2.550991,11
4391,ZTF22aaiadrx,2.550696,13
4392,ZTF25aajsdjg,2.550344,17
4393,ZTF21abuvqoi,2.547882,46
4394,ZTF22aakfzqz,2.547096,15
4395,ZTF20ackpjmb,2.546389,21
4396,ZTF21aaafgmv,2.545861,30
4397,ZTF19abinurq,2.545804,64
4398,ZTF20acrdemq,2.545778,42
4399,ZTF20aamqslk,2.544700,38
4400,ZTF20abjqlha,2.543336,15
4401,ZTF22aalzzbk,2.543127,17
4402,ZTF25abibaem,2.542361,95
4403,ZTF21aamgrtx,2.541178,14
4404,ZTF24abtaqry,2.539221,17
4405,ZTF25aaiosso,2.536277,11
4406,ZTF22abgdjwt,2.535907,50
4407,ZTF23abnppel,2.534443,11
4408,ZTF26aahinar,2.534124,74
4409,ZTF21acbpbia,2.532779,26
4410,ZTF25aanqbbl,2.531391,19
4411,ZTF23aaqqfks,2.529010,12
4412,ZTF19abegruk,2.528650,34
4413,ZTF24abddluv,2.527020,11
4414,ZTF20abzhwtq,2.526044,27
4415,ZTF20abzcgdo,2.524111,40
4416,ZTF20abjmpqs,2.523725,10
4417,ZTF22abtfbde,2.522496,17
4418,ZTF24aaqxkvr,2.522075,17
4419,ZTF21achkfcy,2.518283,23
4420,ZTF21abgmexs,2.516294,19
4421,ZTF20aaetrle,2.516281,43
4422,ZTF26aaaqbrn,2.516196,17
4423,ZTF22aaqdikn,2.515582,16
4424,ZTF22aaedtvn,2.515160,17
4425,ZTF18aawqkva,2.514756,41
4426,ZTF20abkgypx,2.514618,26
4427,ZTF25abkepib,2.514533,27
4428,ZTF25aapzvrh,2.513352,36
4429,ZTF19actabny,2.512403,66
4430,ZTF25aapsdaj,2.511293,136
4431,ZTF22aavcvgd,2.507440,50
4432,ZTF18abtoccg,2.507287,15
4433,ZTF19aavisrq,2.507022,64
4434,ZTF25aahfvex,2.506399,14
4435,ZTF19aautjaz,2.506233,77
4436,ZTF25acfyeke,2.505315,36
4437,ZTF23aaqmfnm,2.498899,14
4438,ZTF20acpmaas,2.497549,13
4439,ZTF19aavocqa,2.497398,18
4440,ZTF21aanjejr,2.492695,13
4441,ZTF22aaftcmp,2.492452,45
4442,ZTF20abjwvae,2.492014,28
4443,ZTF25ablvccx,2.491286,22
4444,ZTF18adnhltq,2.491104,154
4445,ZTF20aayvdmk,2.489339,18
4446,ZTF23aallxtj,2.488318,21
4447,ZTF20acrhrcy,2.487226,14
4448,ZTF23aadpgkp,2.486270,56
4449,ZTF21aaannfk,2.484973,15
4450,ZTF20aavnpug,2.484941,28
4451,ZTF21achcwnd,2.484822,20
4452,ZTF22aaaupdw,2.484714,15
4453,ZTF23aaomomk,2.482644,26
4454,ZTF20abfunht,2.481675,17
4455,ZTF21acjbgok,2.478452,31
4456,ZTF22aahaufu,2.478224,29
4457,ZTF22aadeurv,2.474507,33
4458,ZTF22aavobvq,2.473183,33
4459,ZTF19aapffst,2.469427,69
4460,ZTF19abzkiuv,2.468289,19
4461,ZTF20achkmlh,2.467432,35
4462,ZTF19abddsvk,2.467317,10
4463,ZTF21acgumps,2.466432,15
4464,ZTF23aamangz,2.465503,31
4465,ZTF18acnggbo,2.463796,18
4466,ZTF23aasgmzi,2.463447,18
4467,ZTF18abaeqpf,2.463084,42
4468,ZTF18aatmlsy,2.463042,39
4469,ZTF18acepxrl,2.460475,26
4470,ZTF20aakrgsq,2.456928,59
4471,ZTF20abbpqiu,2.455727,51
4472,ZTF23abbjtdn,2.451241,19
4473,ZTF24aaumhmm,2.450814,57
4474,ZTF20abjuagy,2.450743,14
4475,ZTF20aansmra,2.449836,10
4476,ZTF25abdyyoc,2.448424,17
4477,ZTF26aaujcck,2.443495,47
4478,ZTF21aaiimkv,2.441339,13
4479,ZTF20aboytzr,2.438107,18
4480,ZTF22aakavja,2.436298,23
4481,ZTF22abnakti,2.435344,13
4482,ZTF21achratu,2.434613,21
4483,ZTF20abrhewx,2.434467,18
4484,ZTF25aaqkdtu,2.434138,18
4485,ZTF19acewlxo,2.433835,80
4486,ZTF20aakdoqj,2.433584,10
4487,ZTF21aaqyemz,2.432665,42
4488,ZTF22aakeein,2.431615,12
4489,ZTF22aavakpj,2.430813,36
4490,ZTF20aatpvas,2.429625,19
4491,ZTF21abcpazz,2.429146,34
4492,ZTF21acjdpil,2.425890,11
4493,ZTF19abaeyln,2.420856,20
4494,ZTF26aahqgvp,2.419645,17
4495,ZTF20abfpcbo,2.419244,14
4496,ZTF22abpzyzz,2.415155,21
4497,ZTF25aadwdph,2.412512,178
4498,ZTF22aarlppe,2.411161,23
4499,ZTF21abjsyyv,2.408978,13
4500,ZTF20aazozsq,2.408529,36
4501,ZTF23aapkxkq,2.405420,16
4502,ZTF24abheziq,2.404705,12
4503,ZTF21aaragyr,2.402732,18
4504,ZTF25aaizwbd,2.402543,12
4505,ZTF23absjire,2.400423,18
4506,ZTF22aahfjwz,2.397435,11
4507,ZTF22aaliywk,2.396366,24
4508,ZTF21aaampui,2.392241,148
4509,ZTF19abasxkg,2.391413,34
4510,ZTF20abzzmwm,2.390537,40
4511,ZTF20acwztut,2.390077,10
4512,ZTF24abdtszn,2.389274,69
4513,ZTF21aajnmec,2.388589,15
4514,ZTF20aawefgx,2.387506,33
4515,ZTF20acpmveq,2.386442,36
4516,ZTF25aafrbct,2.385907,11
4517,ZTF22abxsmim,2.385640,18
4518,ZTF25acehabc,2.382504,26
4519,ZTF21aazhegf,2.379020,14
4520,ZTF25aavguaf,2.378275,14
4521,ZTF23aauzfbi,2.377575,40
4522,ZTF22aafnqfz,2.376698,23
4523,ZTF20abyxzih,2.376070,18
4524,ZTF25acfttbz,2.375763,33
4525,ZTF24aaimlne,2.375625,12
4526,ZTF20aakficj,2.373831,20
4527,ZTF19abuzslv,2.373679,20
4528,ZTF19abzfmak,2.372895,16
4529,ZTF22abipofz,2.369673,19
4530,ZTF26aatbuhc,2.368183,54
4531,ZTF22aaoipkq,2.366829,15
4532,ZTF26aaaxuom,2.364257,14
4533,ZTF22abddapw,2.364100,15
4534,ZTF25abejrue,2.363700,27
4535,ZTF24aayelxu,2.363317,15
4536,ZTF20abqjcsx,2.363043,52
4537,ZTF24abpvqxe,2.362731,40
4538,ZTF20aauwjla,2.362458,15
4539,ZTF23aaelzba,2.360714,13
4540,ZTF26aaubezw,2.360308,12
4541,ZTF25abeuvaa,2.359678,53
4542,ZTF26aaadpcs,2.359274,15
4543,ZTF23abcnxxz,2.358658,17
4544,ZTF18aaviokz,2.354287,12
4545,ZTF20aarvpbq,2.353652,17
4546,ZTF20acpppyu,2.352900,15
4547,ZTF20aavnnzx,2.351770,84
4548,ZTF25ackdapv,2.350163,44
4549,ZTF23aaecnfg,2.349573,411
4550,ZTF25abxqlem,2.349371,14
4551,ZTF25aceicse,2.348625,38
4552,ZTF21abkwzle,2.346018,28
4553,ZTF21aaqorav,2.345736,27
4554,ZTF19aavyvbn,2.342149,42
4555,ZTF26aaalaxm,2.341687,15
4556,ZTF22aajiynq,2.340665,34
4557,ZTF23aaqskdz,2.339421,37
4558,ZTF25abpxpkq,2.336428,12
4559,ZTF26aaeibla,2.335903,17
4560,ZTF21abuljqs,2.334763,15
4561,ZTF20acpndmv,2.333924,21
4562,ZTF20aaaxerd,2.330405,13
4563,ZTF25acgqfpv,2.330338,11
4564,ZTF20aandwrl,2.328240,53
4565,ZTF26aaavvqo,2.325953,25
4566,ZTF25aaqfhvh,2.325278,34
4567,ZTF22aazlxpy,2.323684,11
4568,ZTF25abaefwo,2.323375,95
4569,ZTF20abhwgyk,2.319893,39
4570,ZTF25abjhkhv,2.319689,25
4571,ZTF19acbpnii,2.319121,12
4572,ZTF20abyxtkf,2.317713,37
4573,ZTF20acufbmq,2.317432,18
4574,ZTF21abjnwwm,2.315133,47
4575,ZTF22aaskqie,2.314848,53
4576,ZTF23abjheui,2.314840,16
4577,ZTF20aagprzh,2.313096,50
4578,ZTF25aceglpp,2.312989,48
4579,ZTF25acefwkx,2.312574,21
4580,ZTF21ackmvrd,2.312373,86
4581,ZTF21aahjuxg,2.311846,17
4582,ZTF26aahjucx,2.310471,49
4583,ZTF19abpfedt,2.310112,17
4584,ZTF19adcftxp,2.309235,14
4585,ZTF20acinija,2.309132,12
4586,ZTF23aanxepa,2.309069,38
4587,ZTF20aahqbsr,2.308246,56
4588,ZTF23aajhrlq,2.306186,25
4589,ZTF20actoabw,2.304933,11
4590,ZTF24abuclbj,2.304094,28
4591,ZTF24abteatu,2.302721,17
4592,ZTF22aazjgoi,2.302623,23
4593,ZTF20aattayw,2.301108,30
4594,ZTF19abtsrwf,2.301074,51
4595,ZTF19aavbkly,2.299886,27
4596,ZTF19abxphqu,2.298074,17
4597,ZTF24aalbjyy,2.297650,17
4598,ZTF23abodvhn,2.296642,49
4599,ZTF25abmouep,2.295444,15
4600,ZTF19aaimofn,2.293209,113
4601,ZTF20acvjzbc,2.292265,20
4602,ZTF19abaflmx,2.290458,16
4603,ZTF25absbrdm,2.288280,20
4604,ZTF26aaxnkxg,2.284047,16
4605,ZTF23aaouazx,2.283460,28
4606,ZTF23aajocfy,2.283339,19
4607,ZTF23aakxqrp,2.282766,17
4608,ZTF21aauarkg,2.281156,120
4609,ZTF24aaxpgwg,2.281093,25
4610,ZTF25aasoexp,2.279928,36
4611,ZTF19adbsciy,2.279709,20
4612,ZTF19aavnwyt,2.278929,29
4613,ZTF25abxgmpf,2.277871,22
4614,ZTF26aaicyfr,2.276963,69
4615,ZTF25acfzmax,2.276459,14
4616,ZTF18aanyhfb,2.275750,18
4617,ZTF19abxmvcq,2.274709,16
4618,ZTF19aakiygv,2.274282,53
4619,ZTF18aakitiq,2.274180,55
4620,ZTF22abdtddo,2.271014,15
4621,ZTF19abzuaoj,2.269145,59
4622,ZTF23absghtz,2.267918,28
4623,ZTF23aadcbay,2.267621,152
4624,ZTF19abhdvme,2.267069,25
4625,ZTF24aapphpg,2.266791,32
4626,ZTF19adahuyw,2.266530,11
4627,ZTF24abacbsf,2.264340,20
4628,ZTF19acihlft,2.263716,12
4629,ZTF21abyjydm,2.262833,72
4630,ZTF21aaiapis,2.262798,19
4631,ZTF20acwpaov,2.262374,15
4632,ZTF20acjswcb,2.262092,21
4633,ZTF20aauwuui,2.261486,30
4634,ZTF20abjgdts,2.261136,106
4635,ZTF20abhlpnt,2.259837,47
4636,ZTF20aclfjgy,2.257133,27
4637,ZTF20aawmcrd,2.257084,25
4638,ZTF19abbcapb,2.255668,43
4639,ZTF21aalgafp,2.255129,18
4640,ZTF19acgrbzo,2.251572,15
4641,ZTF26aarccgh,2.250816,14
4642,ZTF25abmnhes,2.246095,18
4643,ZTF23abdubpv,2.244824,53
4644,ZTF26aahfrag,2.242945,64
4645,ZTF25abixmgq,2.240727,20
4646,ZTF20aafkqht,2.239702,23
4647,ZTF25abwbvvj,2.238975,46
4648,ZTF22abgepyb,2.238770,45
4649,ZTF25aaqqncg,2.238449,47
4650,ZTF22abtvlsi,2.237896,21
4651,ZTF24aawajih,2.237101,37
4652,ZTF23abaxzgn,2.234493,30
4653,ZTF20aasjjqi,2.233765,338
4654,ZTF23aavwosh,2.233643,14
4655,ZTF19aawmhbu,2.233100,73
4656,ZTF24aauekes,2.232824,18
4657,ZTF25aafppkv,2.232687,23
4658,ZTF25aapwsub,2.231097,19
4659,ZTF20acrbrbi,2.229604,14
4660,ZTF21abgcgem,2.229336,26
4661,ZTF22aadfbbs,2.228893,17
4662,ZTF24abcnjwp,2.228187,19
4663,ZTF19adfmdbc,2.225066,81
4664,ZTF20abypgvs,2.224970,18
4665,ZTF20abjapav,2.224942,11
4666,ZTF24aayhjxz,2.224919,22
4667,ZTF25aapwxhm,2.224343,47
4668,ZTF22aaknhfz,2.222811,18
4669,ZTF24aaejwze,2.222805,12
4670,ZTF24abnkwgp,2.222589,16
4671,ZTF20aaogrqe,2.219962,17
4672,ZTF26aabbzvl,2.219778,177
4673,ZTF19acpodcv,2.218720,12
4674,ZTF26aafeppm,2.218595,10
4675,ZTF24abnzykm,2.217695,22
4676,ZTF20acpksoc,2.217090,24
4677,ZTF25abqgzqy,2.216987,21
4678,ZTF22aagvxjc,2.215553,85
4679,ZTF20abgaovd,2.213985,14
4680,ZTF23aanyydk,2.213799,30
4681,ZTF25abanvbn,2.213528,17
4682,ZTF25abbxsld,2.211318,50
4683,ZTF20achdcni,2.209881,28
4684,ZTF21aapkfjx,2.209547,61
4685,ZTF22aaheahq,2.208413,14
4686,ZTF25abvmqke,2.207492,23
4687,ZTF23abetodb,2.206961,41
4688,ZTF21abyvjeq,2.205114,23
4689,ZTF25abdxwqc,2.203411,82
4690,ZTF20acynaba,2.202134,27
4691,ZTF25achcykr,2.201147,211
4692,ZTF19aagdvdi,2.200536,74
4693,ZTF25abaaifs,2.198945,12
4694,ZTF20aclkyhj,2.196640,13
4695,ZTF19acihfxz,2.195023,28
4696,ZTF22aaoqwnm,2.194823,19
4697,ZTF22aacttrs,2.193283,54
4698,ZTF25abiwxmw,2.192832,58
4699,ZTF23aananik,2.191904,22
4700,ZTF18abucnqk,2.191830,122
4701,ZTF20abefbzi,2.191550,108
4702,ZTF21aaowecs,2.189151,21
4703,ZTF19abymvpq,2.188960,25
4704,ZTF21abqwceg,2.188664,22
4705,ZTF24abtbide,2.187212,14
4706,ZTF23aagwgjk,2.187020,105
4707,ZTF24aasmygp,2.185536,18
4708,ZTF21abhufiv,2.184160,46
4709,ZTF23abifxlj,2.180884,31
4710,ZTF25acegldm,2.180844,45
4711,ZTF18acujjro,2.180295,30
4712,ZTF21abqrupe,2.179533,11
4713,ZTF20aapmsjs,2.179067,24
4714,ZTF20aawcjrx,2.178235,14
4715,ZTF19aaiprwg,2.175859,568
4716,ZTF24abzggsq,2.175074,413
4717,ZTF22aalfjze,2.174802,13
4718,ZTF26aacdvcl,2.174240,171
4719,ZTF22aanvspl,2.174063,18
4720,ZTF24aautbcb,2.172608,18
4721,ZTF26aaovpbp,2.172451,27
4722,ZTF24abjqhwm,2.171579,23
4723,ZTF25abynqhe,2.168270,13
4724,ZTF25aaiymyq,2.167130,12
4725,ZTF20acivnvd,2.161906,93
4726,ZTF21aaynpfe,2.161632,15
4727,ZTF24abtnlrl,2.160802,12
4728,ZTF26aajqcht,2.159015,20
4729,ZTF19achufoh,2.158237,44
4730,ZTF20aafdeza,2.156399,11
4731,ZTF20aciojzg,2.152879,22
4732,ZTF22aagdkla,2.152554,34
4733,ZTF23aaczrwr,2.152204,23
4734,ZTF20abipuee,2.151871,70
4735,ZTF17aabhioj,2.150606,208
4736,ZTF23abexebx,2.148531,38
4737,ZTF18aaforii,2.147066,13
4738,ZTF24abescrn,2.146813,33
4739,ZTF20acebgre,2.146132,19
4740,ZTF25abmtisq,2.140599,14
4741,ZTF25aasyoqt,2.139425,25
4742,ZTF24aabfncx,2.137894,12
4743,ZTF19abzmnuk,2.137358,14
4744,ZTF20abgoocl,2.137241,43
4745,ZTF21aapdmnr,2.133034,19
4746,ZTF24abrpdla,2.131937,14
4747,ZTF23aadmkxw,2.131691,82
4748,ZTF19aawrumx,2.131194,55
4749,ZTF19acyfakk,2.130968,62
4750,ZTF25abomvjx,2.130527,40
4751,ZTF25acgcmfg,2.129009,11
4752,ZTF19acmbgwx,2.128530,12
4753,ZTF24aarvens,2.127814,14
4754,ZTF19abkfebv,2.127332,22
4755,ZTF19abgcbey,2.126766,23
4756,ZTF20acdewdg,2.125994,27
4757,ZTF21acempzi,2.125575,23
4758,ZTF22abjmzuu,2.125344,17
4759,ZTF23aaoyoad,2.124922,21
4760,ZTF20abwyyce,2.124805,64
4761,ZTF19abtyfcc,2.121795,50
4762,ZTF23abdshyr,2.121121,30
4763,ZTF26aaptccq,2.120655,77
4764,ZTF22abqyiaa,2.119823,26
4765,ZTF20acmlkoc,2.119229,32
4766,ZTF22aautrdh,2.115475,26
4767,ZTF21aavhlry,2.114032,52
4768,ZTF23aadcgjn,2.112759,17
4769,ZTF21aallfyn,2.112106,20
4770,ZTF26aaqoszd,2.111139,35
4771,ZTF22aadggnb,2.111072,15
4772,ZTF22abipvng,2.109257,20
4773,ZTF25aawebdp,2.108469,72
4774,ZTF20acgyvis,2.108277,15
4775,ZTF21abeaeby,2.106761,11
4776,ZTF22abfvjeg,2.106697,22
4777,ZTF20aaxzttc,2.105956,42
4778,ZTF17aaarxdn,2.104236,16
4779,ZTF24aajcloo,2.103958,24
4780,ZTF22aahfzfd,2.103674,69
4781,ZTF21aangimh,2.103489,23
4782,ZTF20aahgikb,2.102661,22
4783,ZTF20absetxb,2.102215,35
4784,ZTF23aasopeh,2.101926,68
4785,ZTF22abvdwik,2.101039,19
4786,ZTF20aaymulz,2.100974,20
4787,ZTF20abefzfc,2.100803,48
4788,ZTF20achzyyt,2.100486,18
4789,ZTF20abywspv,2.100171,36
4790,ZTF20acpdrkt,2.099015,71
4791,ZTF19aarfyvc,2.097368,26
4792,ZTF18acbwstu,2.097126,73
4793,ZTF21aahgvie,2.095425,15
4794,ZTF19adbsblp,2.094638,18
4795,ZTF25abteloq,2.094270,13
4796,ZTF21absaxdh,2.091477,21
4797,ZTF19aarmlhl,2.091105,418
4798,ZTF20abqhfxx,2.090287,31
4799,ZTF23aboesik,2.090042,12
4800,ZTF26aafnqcp,2.089574,23
4801,ZTF23aadhssd,2.089507,13
4802,ZTF23aalhlko,2.089257,98
4803,ZTF25aakqrzn,2.089137,156
4804,ZTF23abgspzj,2.088543,12
4805,ZTF25ackwhhp,2.088430,77
4806,ZTF24abroqvu,2.088207,99
4807,ZTF20aceowmd,2.085719,18
4808,ZTF21abwkxmm,2.084841,27
4809,ZTF21acgyeou,2.084647,11
4810,ZTF24aaaewiv,2.084636,20
4811,ZTF22aactvnr,2.083865,16
4812,ZTF18acquurh,2.083719,40
4813,ZTF24aailfkq,2.083357,10
4814,ZTF20aazhzna,2.081387,16
4815,ZTF22abfuosd,2.080292,20
4816,ZTF18aatgdph,2.080020,93
4817,ZTF20abkcsal,2.078031,23
4818,ZTF26aalbxfy,2.075791,19
4819,ZTF26aacfbkt,2.074590,16
4820,ZTF25abwfreo,2.074523,19
4821,ZTF21aaspeij,2.072554,166
4822,ZTF22aaaurdm,2.072241,18
4823,ZTF22abccfni,2.071112,15
4824,ZTF18abxmxtq,2.069860,17
4825,ZTF25abqiprw,2.069768,13
4826,ZTF25aappljn,2.069516,56
4827,ZTF24absebmb,2.067380,18
4828,ZTF20adafjgv,2.064583,13
4829,ZTF22abdfnyp,2.063704,30
4830,ZTF20aahqdmm,2.061397,31
4831,ZTF23aadfgai,2.060729,12
4832,ZTF26aagxiiy,2.060442,19
4833,ZTF20abyzgzj,2.060180,54
4834,ZTF25aanmbvy,2.059338,12
4835,ZTF24aankryh,2.058371,15
4836,ZTF22aaolysw,2.055837,34
4837,ZTF23abanqhu,2.055350,62
4838,ZTF19acbmddl,2.054278,16
4839,ZTF26aaqnqaj,2.053984,244
4840,ZTF26aaqmtsv,2.053736,61
4841,ZTF26aaqzlik,2.052815,29
4842,ZTF23aajnrfe,2.049999,77
4843,ZTF20absulsv,2.049811,12
4844,ZTF19accplcn,2.048910,21
4845,ZTF21achpuoa,2.047954,20
4846,ZTF25aceglik,2.046977,26
4847,ZTF22aalzcdo,2.045610,31
4848,ZTF22aaoqizx,2.044803,30
4849,ZTF18adjefnt,2.044376,672
4850,ZTF24aaesapj,2.042999,162
4851,ZTF19adgtxzz,2.042568,37
4852,ZTF22aagnmzm,2.042235,52
4853,ZTF21aagmudi,2.042153,13
4854,ZTF22aaaysmx,2.040514,21
4855,ZTF20aafjjqj,2.039332,81
4856,ZTF19aazxcvl,2.038330,25
4857,ZTF25aagjlxr,2.038305,33
4858,ZTF25aaprfza,2.036300,14
4859,ZTF23aapphlk,2.036290,27
4860,ZTF25aaeipwf,2.035933,18
4861,ZTF21aakupql,2.035023,13
4862,ZTF25aaqostr,2.034809,18
4863,ZTF20acdccnl,2.033903,30
4864,ZTF21aanzcuj,2.032454,75
4865,ZTF19abxzumq,2.031645,13
4866,ZTF19acmykew,2.031266,194
4867,ZTF21aawxqll,2.030042,21
4868,ZTF22abbbvhz,2.029487,23
4869,ZTF22aaapchm,2.029357,133
4870,ZTF19abapojf,2.028259,20
4871,ZTF19abqwhkt,2.028089,13
4872,ZTF20aatqesi,2.026127,160
4873,ZTF23abkkajk,2.025790,20
4874,ZTF20abbulea,2.024568,14
4875,ZTF21aaostqr,2.023852,25
4876,ZTF19ablkkzk,2.023744,68
4877,ZTF18aafbgpy,2.021550,22
4878,ZTF19addeaad,2.021227,31
4879,ZTF21aaaseqt,2.020772,20
4880,ZTF20acxbbaj,2.020653,28
4881,ZTF25aavyroq,2.019244,17
4882,ZTF21abvrpgs,2.018623,31
4883,ZTF21aabvdjw,2.017085,31
4884,ZTF22aapwntl,2.016713,16
4885,ZTF24abckhke,2.015456,25
4886,ZTF23abhmfmf,2.012897,12
4887,ZTF20acoanjp,2.011743,12
4888,ZTF20actjbaf,2.011305,18
4889,ZTF19abdgpuv,2.010099,15
4890,ZTF21aarjdmm,2.008078,28
4891,ZTF23aasocjj,2.008043,20
4892,ZTF23aaogzgq,2.007873,17
4893,ZTF25aavebte,2.006686,33
4894,ZTF23aajfilx,2.004145,18
4895,ZTF20abeokyt,2.003273,13
4896,ZTF23abnhtfx,2.002597,20
4897,ZTF23aavncjv,1.997558,12
4898,ZTF22ablcxuv,1.997520,24
4899,ZTF25acegglx,1.996660,44
4900,ZTF20acgkuay,1.995466,16
4901,ZTF25accvcas,1.994467,16
4902,ZTF23aaxbjvs,1.994094,55
4903,ZTF23abfzbwx,1.993702,11
4904,ZTF22aankwmp,1.992945,19
4905,ZTF21aafkwtk,1.992679,50
4906,ZTF21abdlvxh,1.991535,33
4907,ZTF19abgfsgu,1.990677,34
4908,ZTF24abqxysf,1.990650,18
4909,ZTF26aabdblk,1.989618,20
4910,ZTF21aagyrvh,1.989475,38
4911,ZTF19absfxww,1.988803,29
4912,ZTF20abgxxku,1.987948,17
4913,ZTF23aanrdcz,1.987433,12
4914,ZTF19abirbpd,1.985383,24
4915,ZTF26aaalaxz,1.985336,16
4916,ZTF21aatklhw,1.985194,28
4917,ZTF24aagkvvm,1.983725,15
4918,ZTF25aairhqk,1.981266,176
4919,ZTF23aawbwbu,1.980839,11
4920,ZTF22aahfylu,1.980789,36
4921,ZTF23abkkcii,1.980517,28
4922,ZTF20abzoeiw,1.980494,35
4923,ZTF20abriwvs,1.978907,28
4924,ZTF20abyzomt,1.978864,76
4925,ZTF19acanzwg,1.977155,86
4926,ZTF24abofexa,1.975777,34
4927,ZTF25abgekqc,1.975189,24
4928,ZTF21abvyxfs,1.974256,29
4929,ZTF23abeoblh,1.972418,27
4930,ZTF25acelysp,1.971246,17
4931,ZTF19aayexxj,1.971026,35
4932,ZTF22aaftnrt,1.970466,65
4933,ZTF20aakbtyz,1.969322,36
4934,ZTF23aajjaau,1.967762,16
4935,ZTF26aaskotz,1.966722,20
4936,ZTF23abiedjs,1.966654,22
4937,ZTF23aaixkbd,1.966546,59
4938,ZTF21aaporje,1.965677,17
4939,ZTF19aavkwcg,1.961537,22
4940,ZTF22abbzucj,1.961383,17
4941,ZTF21aaglgcb,1.959387,20
4942,ZTF23abhwsct,1.959271,33
4943,ZTF25acbhums,1.958888,13
4944,ZTF25abbaljx,1.958695,29
4945,ZTF24aapqsca,1.958066,20
4946,ZTF19acgcrhb,1.957838,56
4947,ZTF20aawbzlo,1.957688,35
4948,ZTF19aaxljur,1.957535,48
4949,ZTF24aaidaen,1.957440,10
4950,ZTF19accobxs,1.954973,19
4951,ZTF22abizgac,1.953879,34
4952,ZTF24abofwql,1.951352,20
4953,ZTF23aaikakr,1.950732,24
4954,ZTF20aahzyep,1.946762,31
4955,ZTF20aauwjmw,1.945735,32
4956,ZTF20abkdzbl,1.943062,30
4957,ZTF21aaawwgi,1.942926,11
4958,ZTF22aavwyfw,1.942862,21
4959,ZTF26aakkpot,1.941718,33
4960,ZTF21abtxglm,1.941318,22
4961,ZTF18aceslwh,1.940276,29
4962,ZTF20aabqivn,1.936626,26
4963,ZTF26aarwwmi,1.935875,11
4964,ZTF21aaglrfh,1.935689,22
4965,ZTF19adbttri,1.933795,18
4966,ZTF24aangsva,1.933754,51
4967,ZTF19aaxjtcc,1.933574,17
4968,ZTF18ackppiq,1.933462,189
4969,ZTF22aaboazw,1.933012,50
4970,ZTF20acqoiyt,1.932995,24
4971,ZTF23aavshwi,1.932122,20
4972,ZTF22abcraja,1.931005,10
4973,ZTF22aayprmb,1.930380,19
4974,ZTF20aaifygl,1.930215,13
4975,ZTF22abafcrf,1.929335,11
4976,ZTF24abiiiyf,1.926548,12
4977,ZTF20aavrqtf,1.926236,19
4978,ZTF22abvnzrz,1.921053,13
4979,ZTF24aatzgua,1.920996,35
4980,ZTF24aajjonv,1.920858,24
4981,ZTF22aabaoda,1.919281,50
4982,ZTF25abiptzd,1.918430,22
4983,ZTF24aasvnnj,1.918327,16
4984,ZTF22abhfkar,1.917639,20
4985,ZTF26aarddto,1.916900,15
4986,ZTF25aavdmzf,1.916655,140
4987,ZTF21acqscyz,1.915295,38
4988,ZTF23aayocyn,1.915149,19
4989,ZTF22aankyer,1.913167,108
4990,ZTF19acbiugg,1.912596,44
4991,ZTF19abyzzqf,1.907208,11
4992,ZTF26aapuqvh,1.906494,11
4993,ZTF23abmuyqd,1.905044,18
4994,ZTF20aaqylqb,1.903965,15
4995,ZTF24aaiftdd,1.902767,49
4996,ZTF24aapgukh,1.900074,16
4997,ZTF24aaocmqx,1.899781,27
4998,ZTF25aaabnwi,1.899414,130
4999,ZTF20abftyow,1.899363,35
5000,ZTF22aafcqzh,1.897475,22
5001,ZTF24ablnstl,1.895171,34
5002,ZTF21abpaodi,1.892833,34
5003,ZTF19acqbykv,1.891870,15
5004,ZTF25aavneuv,1.891812,23
5005,ZTF25abxhgoi,1.891748,49
5006,ZTF20abjqgpg,1.891143,50
5007,ZTF25aapmpzf,1.890994,15
5008,ZTF22abbmemk,1.890429,28
5009,ZTF20abmocba,1.890308,27
5010,ZTF21aaaollj,1.889073,11
5011,ZTF20acrjifk,1.888752,13
5012,ZTF23aaabhgg,1.887017,55
5013,ZTF18acapkcm,1.885881,29
5014,ZTF26aahtcvh,1.885417,121
5015,ZTF18abcqmtu,1.885134,471
5016,ZTF20aattyuz,1.884679,50
5017,ZTF19abukbpy,1.883366,13
5018,ZTF18acavmlk,1.882783,62
5019,ZTF25aatvqjw,1.882749,24
5020,ZTF20abykmhi,1.881861,46
5021,ZTF25abgmqsv,1.881835,54
5022,ZTF25abyevmr,1.881253,62
5023,ZTF23aaizfff,1.878293,17
5024,ZTF23aaylkdm,1.878008,19
5025,ZTF26aaacwmd,1.875651,25
5026,ZTF22abayatz,1.874779,16
5027,ZTF20acgmqgv,1.874195,40
5028,ZTF19abcmjed,1.873987,16
5029,ZTF24abqxbwy,1.873577,14
5030,ZTF21aaqgrrf,1.871091,36
5031,ZTF26aaacjxc,1.869555,27
5032,ZTF22aamglev,1.866293,20
5033,ZTF20aaghhlf,1.866086,45
5034,ZTF20aauscag,1.865955,18
5035,ZTF19abetkzj,1.865121,154
5036,ZTF20abpvolc,1.864944,87
5037,ZTF22aatrupb,1.864257,17
5038,ZTF21aalmsrg,1.863945,17
5039,ZTF22aafmtqf,1.863322,49
5040,ZTF24aapzhau,1.862520,26
5041,ZTF21abiswwm,1.860920,21
5042,ZTF24aaksert,1.860845,21
5043,ZTF20aavynba,1.859964,18
5044,ZTF20abkxllk,1.859221,39
5045,ZTF20abeoibi,1.858319,23
5046,ZTF25abiwxpf,1.856714,27
5047,ZTF20aatpwaf,1.856491,59
5048,ZTF26aasmsqg,1.856211,54
5049,ZTF19abzyxgz,1.855385,17
5050,ZTF24aaquuoi,1.855322,15
5051,ZTF20aautscv,1.855183,17
5052,ZTF25acczido,1.855124,27
5053,ZTF20aaoldej,1.854980,49
5054,ZTF26aaakwva,1.854903,24
5055,ZTF19acvhmzn,1.854576,17
5056,ZTF19adcdtkw,1.854010,47
5057,ZTF22aazqphv,1.853881,47
5058,ZTF24aaieipb,1.853723,17
5059,ZTF19acvrifg,1.852799,50
5060,ZTF18acqighv,1.852090,63
5061,ZTF21aaekmoy,1.851573,19
5062,ZTF22abiqxao,1.849792,15
5063,ZTF22abfuwum,1.848151,110
5064,ZTF18aasebwk,1.847970,14
5065,ZTF22aboaabn,1.846841,15
5066,ZTF26aamgdae,1.845079,17
5067,ZTF19acdubmt,1.843595,18
5068,ZTF25abbcall,1.843517,23
5069,ZTF25aancuae,1.841849,32
5070,ZTF24aaedmmr,1.841631,10
5071,ZTF23aadtvuw,1.841370,21
5072,ZTF22aauvfml,1.841158,16
5073,ZTF26aaabgkd,1.840680,20
5074,ZTF23aafguyu,1.840540,17
5075,ZTF25acfqnpb,1.840099,19
5076,ZTF21aagmoqw,1.839576,30
5077,ZTF18aahpouv,1.839270,16
5078,ZTF19aatgznl,1.836703,21
5079,ZTF23aatultb,1.835410,17
5080,ZTF24abkjtsn,1.834353,40
5081,ZTF24abxgsjr,1.834044,19
5082,ZTF24abwtpan,1.833855,18
5083,ZTF20adbtrkh,1.833010,42
5084,ZTF21abultbr,1.832417,47
5085,ZTF21abjppdv,1.832200,22
5086,ZTF24abluyre,1.829961,27
5087,ZTF24aaifgfd,1.829290,15
5088,ZTF22aagdgmp,1.828205,11
5089,ZTF20abrnklh,1.827349,36
5090,ZTF22aakdnme,1.825756,31
5091,ZTF21aavdukh,1.825661,31
5092,ZTF25aafsyvo,1.823984,12
5093,ZTF22abhrjld,1.822993,58
5094,ZTF23aapwwak,1.821706,59
5095,ZTF18acvcqqh,1.817942,23
5096,ZTF23abggbdy,1.817112,37
5097,ZTF21abienbe,1.816198,31
5098,ZTF24aaistkr,1.815303,89
5099,ZTF19aawmkja,1.814651,68
5100,ZTF25aclamla,1.813096,65
5101,ZTF22abfyukg,1.810300,46
5102,ZTF24aakzgwl,1.810133,15
5103,ZTF24abiwvta,1.809692,29
5104,ZTF20acvziuf,1.809175,49
5105,ZTF21acfgjiw,1.808986,26
5106,ZTF21aarybxo,1.807446,30
5107,ZTF23aatyvmu,1.807326,17
5108,ZTF21aaqzdut,1.807038,19
5109,ZTF25aafuppk,1.806418,34
5110,ZTF20abvqilf,1.806211,30
5111,ZTF19acvwllm,1.805914,37
5112,ZTF20aclzegl,1.805538,19
5113,ZTF20abndopb,1.805107,22
5114,ZTF20aazpphd,1.804961,68
5115,ZTF20aadxvfj,1.804529,18
5116,ZTF20acbccug,1.803478,14
5117,ZTF25acfzbnz,1.802538,15
5118,ZTF20acyntiu,1.801444,21
5119,ZTF22aadetnb,1.801385,11
5120,ZTF22aahngix,1.800597,35
5121,ZTF21aamokak,1.799359,50
5122,ZTF21aaavcaa,1.799203,13
5123,ZTF19accvilj,1.799171,95
5124,ZTF23abcxhaq,1.798700,25
5125,ZTF24aaahbvh,1.798588,15
5126,ZTF23abghfyg,1.795645,26
5127,ZTF20acxklpf,1.795327,14
5128,ZTF22abfilcj,1.794880,14
5129,ZTF26aatyimr,1.793286,49
5130,ZTF20acyxomd,1.792786,16
5131,ZTF25aaakjsi,1.791615,17
5132,ZTF19acaiyun,1.791310,14
5133,ZTF22abngviw,1.790207,25
5134,ZTF24aazagzl,1.789409,35
5135,ZTF23aapyidj,1.787174,63
5136,ZTF20actvfgr,1.786962,16
5137,ZTF25absfnib,1.786584,29
5138,ZTF25abxlcab,1.786531,94
5139,ZTF22aadhind,1.785378,10
5140,ZTF25abrjfip,1.783912,29
5141,ZTF23aanqrxb,1.781932,10
5142,ZTF22abjpiik,1.781664,17
5143,ZTF21aaqvsvw,1.781332,26
5144,ZTF23aausdrx,1.781116,41
5145,ZTF18adjbmvs,1.780944,23
5146,ZTF20aaawmxq,1.778871,131
5147,ZTF21abiawhc,1.778715,11
5148,ZTF17aadesnh,1.778021,662
5149,ZTF26aaupgtw,1.775737,38
5150,ZTF21aagqbvp,1.775326,80
5151,ZTF22abaxqlk,1.773951,28
5152,ZTF23aawnqme,1.773662,16
5153,ZTF22aaykkiq,1.773041,71
5154,ZTF24aamdfll,1.772992,19
5155,ZTF19acyldun,1.772220,25
5156,ZTF21aasctwo,1.772043,26
5157,ZTF22aagckyl,1.770862,36
5158,ZTF20abkewno,1.769199,40
5159,ZTF22abgvnle,1.767527,16
5160,ZTF21aagtwxx,1.766313,37
5161,ZTF21accbxzk,1.765910,13
5162,ZTF18aahatvc,1.764888,53
5163,ZTF26aadsewy,1.764501,12
5164,ZTF25aaqgddb,1.763968,16
5165,ZTF25abjbadu,1.761988,28
5166,ZTF21aclizab,1.760949,14
5167,ZTF19acvrigb,1.760050,206
5168,ZTF24aatezue,1.759853,18
5169,ZTF23abpcmon,1.758511,10
5170,ZTF20acxpvhu,1.757066,28
5171,ZTF24abfvunx,1.756171,21
5172,ZTF24abqpshs,1.755095,21
5173,ZTF19acybagc,1.753766,985
5174,ZTF20acdoltz,1.753733,23
5175,ZTF25aceisom,1.753169,30
5176,ZTF26aavmcoc,1.750090,15
5177,ZTF25aankptu,1.750013,14
5178,ZTF26aaayluf,1.749861,15
5179,ZTF19aaimjxd,1.749312,83
5180,ZTF20acvexen,1.749309,13
5181,ZTF23aajaxov,1.747515,19
5182,ZTF18aaetymf,1.746464,42
5183,ZTF19abtvakz,1.746389,224
5184,ZTF21aaqkqwq,1.745198,23
5185,ZTF23aaecdmo,1.744304,14
5186,ZTF26aakrsab,1.744044,52
5187,ZTF20aagqrbx,1.742565,21
5188,ZTF25abawmab,1.742083,55
5189,ZTF23abgfrgc,1.741150,16
5190,ZTF20achvmjr,1.741131,17
5191,ZTF22abgjtkc,1.741091,20
5192,ZTF25abigtov,1.737829,21
5193,ZTF23aalabpo,1.737459,33
5194,ZTF25aapsjcy,1.736775,25
5195,ZTF23abjpakq,1.734353,22
5196,ZTF22abakdtb,1.733855,18
5197,ZTF21aagywhf,1.733421,15
5198,ZTF23aakmsiy,1.729518,35
5199,ZTF19acxpkpv,1.729110,37
5200,ZTF19abrivnf,1.728746,12
5201,ZTF24abevbry,1.728710,14
5202,ZTF19abctuej,1.728400,171
5203,ZTF22aaknczk,1.727860,37
5204,ZTF25abxhydk,1.727233,14
5205,ZTF25aafyzrg,1.725304,13
5206,ZTF20abmcxct,1.724794,34
5207,ZTF18aaowtgn,1.723969,26
5208,ZTF23abdhvou,1.722608,32
5209,ZTF19achajnc,1.722116,32
5210,ZTF19abymxrr,1.721888,48
5211,ZTF19acbmojx,1.721752,17
5212,ZTF20acocohy,1.721376,48
5213,ZTF20aavadou,1.719028,18
5214,ZTF24aawxtxh,1.717174,39
5215,ZTF23aadxxrd,1.717161,13
5216,ZTF20ablbgmi,1.717076,25
5217,ZTF23abscqxm,1.716555,24
5218,ZTF21abfftym,1.716367,19
5219,ZTF20ablghso,1.715544,17
5220,ZTF24abiltvb,1.715323,49
5221,ZTF19abahvdh,1.715308,25
5222,ZTF21abnfyal,1.714963,15
5223,ZTF19aaneugz,1.714564,18
5224,ZTF22abhycsl,1.714213,15
5225,ZTF24abrywxv,1.713808,18
5226,ZTF22aaomhlx,1.713778,10
5227,ZTF19aatdcnq,1.713481,24
5228,ZTF21aaxzkfe,1.713227,26
5229,ZTF26aauxgoe,1.712778,27
5230,ZTF21acissla,1.712178,11
5231,ZTF25abhtrbk,1.711717,11
5232,ZTF19acxlars,1.711698,33
5233,ZTF23aaltxkt,1.711569,18
5234,ZTF21abqvyyz,1.711462,21
5235,ZTF22aaosjnc,1.711082,12
5236,ZTF23aaqajtr,1.711066,18
5237,ZTF17aaducdh,1.709939,23
5238,ZTF24abynrxq,1.708039,20
5239,ZTF19abrhbty,1.707168,29
5240,ZTF25aanrpwq,1.704390,12
5241,ZTF23aaemnzd,1.703979,21
5242,ZTF21aasruuq,1.703815,31
5243,ZTF20aaeqmzo,1.700064,20
5244,ZTF21acjybeh,1.699394,15
5245,ZTF24abxzhim,1.699309,23
5246,ZTF21abuwadf,1.698654,22
5247,ZTF20abeolsw,1.697641,35
5248,ZTF21aaygpzc,1.697609,66
5249,ZTF22aaheebz,1.696556,14
5250,ZTF21acjotpy,1.696237,20
5251,ZTF25abxxkjs,1.695857,36
5252,ZTF19adflufg,1.695199,22
5253,ZTF20acqvgav,1.694852,25
5254,ZTF20acusecr,1.694005,19
5255,ZTF21abuetwv,1.693151,25
5256,ZTF21aayprqz,1.692044,26
5257,ZTF20absdqjb,1.691696,14
5258,ZTF21acoieac,1.691427,23
5259,ZTF22aafqaew,1.691063,14
5260,ZTF20abzhizm,1.690097,14
5261,ZTF22aadewot,1.689509,59
5262,ZTF26aahkzvo,1.689452,41
5263,ZTF17aabutmm,1.689430,53
5264,ZTF20abxnsoe,1.688968,35
5265,ZTF22abfvlje,1.687551,28
5266,ZTF20abgbijf,1.686139,183
5267,ZTF20ababxjv,1.685429,17
5268,ZTF21abasxdp,1.683666,22
5269,ZTF20aatqirk,1.682973,50
5270,ZTF22aafubgp,1.682123,10
5271,ZTF21aauapli,1.681221,83
5272,ZTF19abfaqqo,1.680951,13
5273,ZTF19abhcefa,1.679557,10
5274,ZTF20acphcdv,1.677291,53
5275,ZTF20aaglvuu,1.677205,44
5276,ZTF22aaogoyb,1.675899,16
5277,ZTF25aajixgi,1.675585,31
5278,ZTF24abdzyyc,1.673555,21
5279,ZTF20aadvbni,1.672801,31
5280,ZTF21abxlmuw,1.671727,96
5281,ZTF18adkqdgj,1.669508,25
5282,ZTF25abvbjre,1.668759,39
5283,ZTF20acsdykp,1.668723,15
5284,ZTF20abjckmy,1.667989,49
5285,ZTF22abgcigh,1.667383,19
5286,ZTF22aahdlkp,1.666228,24
5287,ZTF22abudhzo,1.665818,20
5288,ZTF22abaseoc,1.665275,19
5289,ZTF21acjtxgr,1.663565,16
5290,ZTF21abllxmn,1.660821,18
5291,ZTF24ablfjas,1.659928,12
5292,ZTF20aaoqqyf,1.659656,17
5293,ZTF26aabyqra,1.657812,14
5294,ZTF19abjioie,1.656314,18
5295,ZTF23abgyyvj,1.655383,59
5296,ZTF25abmjfcf,1.655094,37
5297,ZTF24aapeorz,1.653729,28
5298,ZTF18abhbqbh,1.653233,43
5299,ZTF17aabtvsy,1.651158,23
5300,ZTF23aadjvtl,1.650523,14
5301,ZTF22aahjcjr,1.649155,32
5302,ZTF22abwwdbv,1.649027,13
5303,ZTF21acfaugw,1.647973,46
5304,ZTF25abhwfik,1.647286,25
5305,ZTF19abpnrvq,1.645970,10
5306,ZTF22abaxqpi,1.645552,22
5307,ZTF20aaxckge,1.644586,12
5308,ZTF25abpopdk,1.644578,28
5309,ZTF20acivqxn,1.644379,18
5310,ZTF23aagrmzx,1.642275,15
5311,ZTF20abfqeef,1.642204,37
5312,ZTF25abowvko,1.642135,19
5313,ZTF24abtazxs,1.641096,26
5314,ZTF25abwjsao,1.640209,30
5315,ZTF22abrevvx,1.640051,33
5316,ZTF18aadlaxo,1.639848,20
5317,ZTF22aaacnbw,1.638850,44
5318,ZTF24abqqijk,1.638639,19
5319,ZTF21acertnr,1.637791,14
5320,ZTF24aaqgfrp,1.637354,46
5321,ZTF25abqeapa,1.637075,36
5322,ZTF21aabjesm,1.636410,62
5323,ZTF21aakijia,1.635930,34
5324,ZTF25acdqtea,1.634213,24
5325,ZTF26aabdfhw,1.632820,14
5326,ZTF26aajaolz,1.632418,40
5327,ZTF19acxyfkf,1.632367,52
5328,ZTF23abbzukw,1.632309,47
5329,ZTF19aanevcu,1.631745,30
5330,ZTF24aauahnc,1.630604,25
5331,ZTF21abnlhxs,1.630198,75
5332,ZTF25aafomou,1.630178,24
5333,ZTF25abdzkae,1.629331,72
5334,ZTF19acyjysk,1.628265,61
5335,ZTF24ablkmlf,1.628221,11
5336,ZTF18aceqfqy,1.627838,14
5337,ZTF20aatqiyb,1.627707,19
5338,ZTF25acjemxv,1.625232,28
5339,ZTF22ablcjkn,1.624664,49
5340,ZTF22aaohwcy,1.622327,13
5341,ZTF21aclywzw,1.622028,21
5342,ZTF19abqhdnp,1.621794,14
5343,ZTF22aalwbqe,1.621770,26
5344,ZTF24aauddzm,1.621005,12
5345,ZTF20acveyal,1.618920,19
5346,ZTF25aaprgjx,1.618664,26
5347,ZTF20abasuuq,1.618459,16
5348,ZTF26aabyoaq,1.618100,15
5349,ZTF21abditvc,1.617750,16
5350,ZTF23aadcdtw,1.617715,19
5351,ZTF20aauvdax,1.615605,13
5352,ZTF24abpzvqo,1.615186,24
5353,ZTF22aaajqyk,1.615086,22
5354,ZTF22aakpvds,1.615076,79
5355,ZTF21achauvx,1.614274,11
5356,ZTF19abnsymu,1.613599,17
5357,ZTF20achfdib,1.612423,28
5358,ZTF20abcogjp,1.611762,37
5359,ZTF21aakygxl,1.611742,16
5360,ZTF19abupned,1.611110,56
5361,ZTF24aarrxzf,1.611069,15
5362,ZTF22aahhske,1.609179,20
5363,ZTF22aafuind,1.608377,74
5364,ZTF25abzqhqz,1.607382,15
5365,ZTF19abyrano,1.606257,43
5366,ZTF24abrnlty,1.606222,13
5367,ZTF19acxoxfc,1.605780,16
5368,ZTF25aafulfd,1.605735,22
5369,ZTF25aabxbwg,1.605593,23
5370,ZTF19adcdxiq,1.605366,29
5371,ZTF22aapaavr,1.605172,33
5372,ZTF23aajocfl,1.604594,31
5373,ZTF20aboknte,1.604026,123
5374,ZTF25aaozqak,1.603590,15
5375,ZTF19abgjfoj,1.602059,12
5376,ZTF19abfdsbu,1.599573,12
5377,ZTF24aahihcl,1.599527,13
5378,ZTF21abzxxic,1.599295,18
5379,ZTF21acfgfuy,1.599086,30
5380,ZTF19acfduug,1.598818,14
5381,ZTF25abyevpw,1.598427,24
5382,ZTF21achltea,1.596911,21
5383,ZTF24abnzsym,1.596319,34
5384,ZTF21abywdxt,1.595724,27
5385,ZTF25abikaaq,1.594713,100
5386,ZTF24aaovokk,1.594226,76
5387,ZTF24aalsrso,1.593545,42
5388,ZTF20abatpqr,1.593125,14
5389,ZTF19abgkvjb,1.592962,39
5390,ZTF23abhvmjb,1.592824,17
5391,ZTF22abxacvm,1.592772,16
5392,ZTF22abewwru,1.591993,33
5393,ZTF26aaqklxk,1.591993,21
5394,ZTF23aaetxqb,1.589633,15
5395,ZTF25aaqsuda,1.588005,30
5396,ZTF25abvajbk,1.587748,28
5397,ZTF19aczllns,1.587185,41
5398,ZTF26aakjrtv,1.587152,26
5399,ZTF19aarxyqx,1.586641,43
5400,ZTF19ablxoda,1.583091,51
5401,ZTF19aawgopm,1.581660,14
5402,ZTF24aapqudd,1.580175,15
5403,ZTF18adaabii,1.579401,50
5404,ZTF22aavcfed,1.579274,34
5405,ZTF25aaailmy,1.579233,11
5406,ZTF22aadtanf,1.579066,17
5407,ZTF20abeeyuu,1.578709,18
5408,ZTF25aayptmh,1.578695,37
5409,ZTF21aaabvjk,1.576712,92
5410,ZTF20acwoauy,1.575277,12
5411,ZTF23aascppn,1.575042,15
5412,ZTF22abiflxl,1.574355,21
5413,ZTF22aakelti,1.573738,35
5414,ZTF20aauowam,1.573731,65
5415,ZTF23aagcvyi,1.573717,18
5416,ZTF21aavotzn,1.573208,70
5417,ZTF20acbnwyb,1.572965,15
5418,ZTF22abnvuwi,1.572839,28
5419,ZTF23abfpegt,1.572650,44
5420,ZTF20achjuyq,1.572598,36
5421,ZTF22abfqxme,1.572566,15
5422,ZTF21aausvhf,1.571380,45
5423,ZTF22abnmnzh,1.571339,20
5424,ZTF25abkqros,1.571120,37
5425,ZTF22aalqzkz,1.570347,39
5426,ZTF23aamgfxn,1.569610,18
5427,ZTF21acjvkga,1.569159,12
5428,ZTF21aavoqpl,1.569094,70
5429,ZTF19abggnnp,1.566973,15
5430,ZTF22aamjqvc,1.564645,35
5431,ZTF24abxwfhw,1.564641,17
5432,ZTF21abpjqeh,1.561202,22
5433,ZTF24aawrxum,1.560882,18
5434,ZTF20acuixqv,1.560198,15
5435,ZTF23abawwbv,1.559731,35
5436,ZTF23aaptlhz,1.559609,16
5437,ZTF20aauobpu,1.559021,177
5438,ZTF19abnrbhg,1.558178,10
5439,ZTF23abjvtyh,1.558135,21
5440,ZTF22aapmawo,1.558131,18
5441,ZTF23aakrngt,1.557884,18
5442,ZTF23aadtwfs,1.557840,20
5443,ZTF20abrcpmq,1.556512,29
5444,ZTF21abzlujs,1.555910,78
5445,ZTF24aaovnhf,1.554685,15
5446,ZTF24aaodomb,1.553257,16
5447,ZTF21abilrxd,1.551261,43
5448,ZTF22aahftli,1.551168,20
5449,ZTF21aawezmt,1.551009,15
5450,ZTF20abcxtbb,1.549225,16
5451,ZTF24aaskxde,1.548553,17
5452,ZTF24aavpzbc,1.548480,33
5453,ZTF25abbwnhb,1.547483,56
5454,ZTF22aakjlau,1.546465,12
5455,ZTF22abbaqil,1.546147,25
5456,ZTF19acgaxej,1.545746,18
5457,ZTF22aafwbey,1.545327,164
5458,ZTF20acpgnmw,1.544432,15
5459,ZTF21aaqlwqb,1.544098,17
5460,ZTF20aclwowi,1.543863,25
5461,ZTF19acmdxbp,1.543279,43
5462,ZTF20aaabqzn,1.542932,24
5463,ZTF26aafefuy,1.541552,12
5464,ZTF19abtulak,1.540662,12
5465,ZTF19aawgfnn,1.540410,18
5466,ZTF21aapvoqy,1.540325,14
5467,ZTF24aarptla,1.540057,24
5468,ZTF22aaovwfb,1.539616,20
5469,ZTF20aamsdxb,1.538860,23
5470,ZTF23abdsfms,1.538775,16
5471,ZTF23aaoriza,1.538260,18
5472,ZTF25aafwadz,1.536912,16
5473,ZTF20abptxls,1.536764,107
5474,ZTF21aarnqos,1.536595,20
5475,ZTF19abrimzd,1.534808,32
5476,ZTF21aaygqqa,1.534747,24
5477,ZTF20abfemvr,1.533550,46
5478,ZTF20accebkl,1.532273,22
5479,ZTF19abbwmem,1.531380,45
5480,ZTF22abivebe,1.529988,15
5481,ZTF25aapxick,1.529964,27
5482,ZTF23abjfrbi,1.529749,50
5483,ZTF25abogteg,1.529003,13
5484,ZTF26aaaqebk,1.528802,15
5485,ZTF24aalsuwb,1.528799,32
5486,ZTF24abdiykr,1.528271,13
5487,ZTF20aaztdjf,1.526599,25
5488,ZTF23abedgfr,1.526383,41
5489,ZTF18adqdtos,1.525315,17
5490,ZTF20aauwisl,1.523456,36
5491,ZTF22abegslb,1.522552,20
5492,ZTF26aasfsnp,1.522354,19
5493,ZTF18aacedbw,1.520153,28
5494,ZTF23aahrxit,1.520012,58
5495,ZTF19abqzkow,1.519840,44
5496,ZTF26aatqsax,1.519083,22
5497,ZTF23abojjkh,1.518580,22
5498,ZTF23abauihu,1.518578,38
5499,ZTF23aarfout,1.516358,33
5500,ZTF21acjxssp,1.515754,15
5501,ZTF24aaxfooq,1.514875,34
5502,ZTF25aahmdjb,1.514847,24
5503,ZTF20aavoxyr,1.513975,12
5504,ZTF25abhilyd,1.513943,43
5505,ZTF20acputfz,1.513792,21
5506,ZTF20abajtzc,1.513375,17
5507,ZTF21aadonfn,1.513304,197
5508,ZTF23aapmwwn,1.512836,14
5509,ZTF25aayyjui,1.511039,23
5510,ZTF21ackocaz,1.510370,16
5511,ZTF21aasgrpw,1.509803,13
5512,ZTF19aawsfpi,1.509650,33
5513,ZTF20acnubie,1.508806,14
5514,ZTF22aauusxf,1.508203,14
5515,ZTF21acjaswg,1.506977,19
5516,ZTF22ablviyf,1.505589,28
5517,ZTF25acjddvq,1.505111,19
5518,ZTF25acfwfen,1.504467,32
5519,ZTF22abmygmc,1.504344,33
5520,ZTF24abmktlw,1.503487,21
5521,ZTF19abdqdtp,1.502761,173
5522,ZTF24abhcptk,1.502191,43
5523,ZTF21abouuat,1.501572,177
5524,ZTF22aaatvmn,1.501279,21
5525,ZTF26aauvgkp,1.501015,36
5526,ZTF24aawktlo,1.500020,14
5527,ZTF22aaynvgi,1.499908,26
5528,ZTF25aacnour,1.499880,27
5529,ZTF20acarwoa,1.498693,58
5530,ZTF20acijssu,1.498388,21
5531,ZTF20abpqbgi,1.498168,59
5532,ZTF21aaoexjt,1.497538,24
5533,ZTF20abzcmge,1.497434,21
5534,ZTF19aavnotr,1.497267,13
5535,ZTF22aaaunsw,1.497032,24
5536,ZTF22aaaybql,1.496744,15
5537,ZTF22abfspdz,1.496574,33
5538,ZTF20abrmmah,1.496284,10
5539,ZTF20abytful,1.495427,21
5540,ZTF25aavcgfk,1.495322,34
5541,ZTF24aahkoms,1.494761,27
5542,ZTF20acrjied,1.494477,20
5543,ZTF19acgemzm,1.492231,18
5544,ZTF21aarnlbs,1.492221,24
5545,ZTF23abhweyr,1.491540,26
5546,ZTF25abflwya,1.491017,26
5547,ZTF19aalzmdv,1.490658,17
5548,ZTF25aavlimb,1.489187,16
5549,ZTF20abphcpn,1.489159,23
5550,ZTF25abseeos,1.489144,25
5551,ZTF20aaztdiv,1.488824,20
5552,ZTF24abguzyb,1.488732,17
5553,ZTF19accuyyg,1.488440,17
5554,ZTF25ablmuzg,1.488184,23
5555,ZTF24abgqnvy,1.487696,18
5556,ZTF22abdwasr,1.487527,12
5557,ZTF20abjnwuw,1.486117,14
5558,ZTF25acellum,1.486073,19
5559,ZTF23aaizzqt,1.485777,12
5560,ZTF22ablcfaj,1.485230,21
5561,ZTF19abhdlxp,1.485065,22
5562,ZTF18abukavn,1.482087,12
5563,ZTF18acwwtyz,1.481172,118
5564,ZTF23aazpupj,1.480552,25
5565,ZTF20abvadds,1.480017,15
5566,ZTF23aagdaqv,1.479939,13
5567,ZTF26aaeiqxk,1.479370,12
5568,ZTF22aaujpvv,1.479001,14
5569,ZTF20acisvna,1.478948,17
5570,ZTF25abbmsnx,1.478850,18
5571,ZTF26aawhtbe,1.477723,11
5572,ZTF22aapbaow,1.476050,30
5573,ZTF20abbxqiu,1.475923,26
5574,ZTF20abnmumw,1.473399,215
5575,ZTF24abajauu,1.473226,35
5576,ZTF24aalndam,1.472654,18
5577,ZTF20acitpfz,1.472524,30
5578,ZTF19abcoosk,1.471792,10
5579,ZTF20aciyech,1.471279,53
5580,ZTF20abzcokk,1.470753,36
5581,ZTF19abetjcx,1.469929,12
5582,ZTF22aaddwlv,1.469769,77
5583,ZTF21ablssud,1.469526,15
5584,ZTF23aajduoo,1.465777,13
5585,ZTF19abanivg,1.464757,14
5586,ZTF24aaotabl,1.464664,14
5587,ZTF25aalvbwm,1.464585,45
5588,ZTF25aaxmjwe,1.464427,20
5589,ZTF21abnslrs,1.464180,15
5590,ZTF24aasgaac,1.463794,33
5591,ZTF19abotfag,1.463454,15
5592,ZTF25ackrgcs,1.463091,25
5593,ZTF24aalbzkr,1.462297,34
5594,ZTF18aadsuxd,1.462118,63
5595,ZTF18abfchzq,1.462056,31
5596,ZTF22abmzrcg,1.461382,14
5597,ZTF19aavhzvw,1.460770,37
5598,ZTF20acpicjz,1.457807,19
5599,ZTF22aashrtn,1.457377,22
5600,ZTF25aageefz,1.456994,21
5601,ZTF25aanxtou,1.456357,40
5602,ZTF19acbrola,1.455895,14
5603,ZTF23abhvuft,1.455599,36
5604,ZTF21aaletht,1.454925,15
5605,ZTF18aaaecnk,1.454708,44
5606,ZTF20acjpbni,1.453971,13
5607,ZTF24abetuzw,1.453698,11
5608,ZTF23aaekhyc,1.453516,33
5609,ZTF25aaaawig,1.453512,16
5610,ZTF25abecbib,1.453019,79
5611,ZTF24aawrtgj,1.451080,27
5612,ZTF22aawfhcp,1.450417,22
5613,ZTF20aadcitq,1.449576,43
5614,ZTF23aajfqtn,1.448427,16
5615,ZTF21aaaokox,1.448412,11
5616,ZTF19aawolyt,1.446872,17
5617,ZTF20acwphzx,1.446321,25
5618,ZTF26aantkgk,1.446217,48
5619,ZTF26aaoqrxr,1.444994,12
5620,ZTF19acxnebw,1.444532,25
5621,ZTF20acpkmtf,1.443633,11
5622,ZTF19aakzwao,1.443548,64
5623,ZTF24abluyyj,1.443012,10
5624,ZTF21abwrujq,1.441896,21
5625,ZTF18aaezmlo,1.441173,41
5626,ZTF24aaltyfi,1.440853,20
5627,ZTF23abnftjz,1.440504,44
5628,ZTF20abojcmt,1.439028,150
5629,ZTF25aagbkad,1.438478,20
5630,ZTF22aadhnlw,1.438037,60
5631,ZTF21abpbbvm,1.437968,15
5632,ZTF20aciuakq,1.437959,22
5633,ZTF21abcmcuq,1.434974,26
5634,ZTF24abqdcod,1.433234,19
5635,ZTF26aatizkb,1.432490,28
5636,ZTF21aahnqnn,1.430511,17
5637,ZTF23abdgswy,1.430381,32
5638,ZTF25aalqpuk,1.430362,13
5639,ZTF22abebycy,1.429664,17
5640,ZTF24ablrlix,1.429312,11
5641,ZTF25aarutoh,1.428890,20
5642,ZTF20achqzda,1.428243,14
5643,ZTF20aausyfg,1.427897,13
5644,ZTF24abflhlp,1.427062,58
5645,ZTF23abmwnla,1.426628,17
5646,ZTF26aaazjyg,1.426426,12
5647,ZTF21abrgxgq,1.425743,16
5648,ZTF25absdrbm,1.425517,24
5649,ZTF24abydsgu,1.425498,14
5650,ZTF19abcneik,1.424574,17
5651,ZTF19addfaiv,1.424528,74
5652,ZTF20achstwk,1.424466,24
5653,ZTF21aagmttf,1.423452,14
5654,ZTF18aaiuvja,1.423213,17
5655,ZTF22abuqitl,1.422708,17
5656,ZTF22aagdelg,1.422603,67
5657,ZTF25abwfpai,1.421752,12
5658,ZTF24aaujhhf,1.421533,18
5659,ZTF23aadceqv,1.420974,36
5660,ZTF19ablusdf,1.420910,30
5661,ZTF21aajvvbn,1.420827,17
5662,ZTF20aayjyhp,1.420452,82
5663,ZTF21aaqvuyf,1.418885,33
5664,ZTF19aclkbqc,1.418447,11
5665,ZTF20aasbvzd,1.417998,11
5666,ZTF19aayoice,1.417407,15
5667,ZTF21abmksld,1.417326,25
5668,ZTF25aaxdrtc,1.415863,30
5669,ZTF26aaaaary,1.415485,17
5670,ZTF22aadljkb,1.415072,46
5671,ZTF25acfqszf,1.414294,24
5672,ZTF21ackbkoy,1.412941,13
5673,ZTF20ackkejs,1.411786,30
5674,ZTF24aadkwol,1.411213,46
5675,ZTF21abcmepi,1.411036,19
5676,ZTF25abqivcp,1.410905,19
5677,ZTF25abpxqho,1.410882,33
5678,ZTF26aaaklry,1.410774,28
5679,ZTF25abihbtg,1.410095,190
5680,ZTF19abiczxj,1.410044,29
5681,ZTF23aaqhtiq,1.409000,51
5682,ZTF21aarigsr,1.407944,66
5683,ZTF22abfvsgm,1.405991,14
5684,ZTF25abtzltn,1.405606,34
5685,ZTF21aayfbwv,1.405535,87
5686,ZTF22aaknmzk,1.404763,37
5687,ZTF22abgbaut,1.404072,19
5688,ZTF24aaronqk,1.402538,11
5689,ZTF25abpawqx,1.402131,17
5690,ZTF25acakolm,1.400812,41
5691,ZTF19aazwnsq,1.399423,14
5692,ZTF20abxyifx,1.399390,46
5693,ZTF20abypcui,1.398997,15
5694,ZTF20abbccsa,1.398036,13
5695,ZTF24aaqkadx,1.397876,17
5696,ZTF20aavbvjr,1.397005,43
5697,ZTF24abcrpjm,1.396843,21
5698,ZTF23abjhvzr,1.396415,25
5699,ZTF22absorqy,1.395765,29
5700,ZTF21achutpj,1.395463,12
5701,ZTF22aaexedi,1.395342,78
5702,ZTF24aajwiug,1.394518,48
5703,ZTF22aaoqxhg,1.394366,15
5704,ZTF26aadsrpd,1.394354,13
5705,ZTF19aaxvuhg,1.394317,19
5706,ZTF23aaczpmh,1.394097,18
5707,ZTF25aaccmjq,1.392487,82
5708,ZTF25aaegrwh,1.391894,18
5709,ZTF24aagmhpu,1.390267,31
5710,ZTF23aaehsgt,1.390089,23
5711,ZTF20acdmcgv,1.390022,34
5712,ZTF21aauakph,1.389249,48
5713,ZTF19acxzbad,1.388636,38
5714,ZTF21aagnbsu,1.388136,22
5715,ZTF22aaeasul,1.388057,48
5716,ZTF20acjqbxq,1.387586,23
5717,ZTF23aagwcnw,1.387452,29
5718,ZTF21acgrlmz,1.385807,22
5719,ZTF20abmcyox,1.384196,14
5720,ZTF24aajvvhj,1.383928,24
5721,ZTF18abqsuoo,1.383834,14
5722,ZTF20acsfciw,1.382890,17
5723,ZTF25abwgqeq,1.382531,19
5724,ZTF21aaphnga,1.382291,23
5725,ZTF18aaqogig,1.380910,15
5726,ZTF25aafstws,1.380559,24
5727,ZTF26aaadino,1.380224,32
5728,ZTF21abavzkn,1.379740,21
5729,ZTF20aaznpor,1.379573,33
5730,ZTF18acfzwan,1.377475,423
5731,ZTF18absayvp,1.377025,22
5732,ZTF24aaiukjs,1.376819,10
5733,ZTF25aayypym,1.376482,14
5734,ZTF22aahbdtg,1.375671,23
5735,ZTF24abcuyyx,1.374614,38
5736,ZTF23abgcfay,1.374260,16
5737,ZTF18aakpigz,1.373589,23
5738,ZTF24aaminbv,1.370683,26
5739,ZTF23abbesup,1.369820,15
5740,ZTF20acepkwf,1.369175,17
5741,ZTF23aafqzkn,1.368272,68
5742,ZTF17aabbwwl,1.367833,11
5743,ZTF20abmecfo,1.367741,60
5744,ZTF20abdvwut,1.366986,18
5745,ZTF20aaqvzko,1.365036,46
5746,ZTF19abimjmq,1.364888,13
5747,ZTF19acdtmwh,1.364286,12
5748,ZTF20aazhfmo,1.363322,10
5749,ZTF22aajfybs,1.363201,31
5750,ZTF19abgawrv,1.363073,18
5751,ZTF20aahqbun,1.361678,37
5752,ZTF19aaknfpe,1.360963,25
5753,ZTF20aagjpkg,1.360146,13
5754,ZTF20achvmpk,1.359276,39
5755,ZTF21aastfnu,1.358714,17
5756,ZTF20aclgfov,1.358460,19
5757,ZTF22aazjbwi,1.358226,25
5758,ZTF24aaxqnbe,1.358158,51
5759,ZTF21aaiwlyy,1.357829,25
5760,ZTF22abiroms,1.357440,19
5761,ZTF22aadmgan,1.356879,32
5762,ZTF20aazcggo,1.356633,15
5763,ZTF23aazysgv,1.356527,39
5764,ZTF21abuunol,1.356154,10
5765,ZTF21abjxibx,1.355609,22
5766,ZTF18aaxokeg,1.355194,23
5767,ZTF20aauwgnw,1.354664,35
5768,ZTF21aasyydo,1.353671,34
5769,ZTF21aaxsnvk,1.353630,89
5770,ZTF21ablwhcy,1.352758,83
5771,ZTF25acfgklb,1.352617,66
5772,ZTF25acgcusl,1.352280,43
5773,ZTF18aasxxoz,1.351973,11
5774,ZTF25aafwxov,1.351382,37
5775,ZTF18abqpmjw,1.351037,43
5776,ZTF24abeegoz,1.350284,16
5777,ZTF19acgjohb,1.349904,14
5778,ZTF21acjruwp,1.349274,15
5779,ZTF23abayogx,1.348682,45
5780,ZTF21aapyiku,1.348315,44
5781,ZTF21abdpgua,1.346768,40
5782,ZTF19achejoc,1.346238,22
5783,ZTF25accwqaq,1.345314,23
5784,ZTF18acwfxej,1.342883,174
5785,ZTF25aaikmxt,1.341816,13
5786,ZTF25aaruttr,1.341754,15
5787,ZTF25aabpazs,1.341235,28
5788,ZTF21ackzzag,1.340848,24
5789,ZTF19abqstxq,1.340161,109
5790,ZTF22aalmqrv,1.339627,14
5791,ZTF20actqxuj,1.339489,31
5792,ZTF18abwlyqr,1.338327,95
5793,ZTF21abrgqfr,1.337856,25
5794,ZTF23aavmarm,1.337542,38
5795,ZTF19acmbpck,1.336673,14
5796,ZTF23aaqidqp,1.335620,33
5797,ZTF25abztvud,1.332911,46
5798,ZTF20acxayuq,1.331297,16
5799,ZTF21acgpjbx,1.331034,24
5800,ZTF21acbqmnb,1.331010,16
5801,ZTF25aaqmqqc,1.329983,63
5802,ZTF20acgprxo,1.329956,24
5803,ZTF22aaitzvr,1.328414,55
5804,ZTF20aaurzce,1.327906,21
5805,ZTF21abcfgub,1.326908,30
5806,ZTF20abytgnq,1.326032,10
5807,ZTF21aavqior,1.325677,19
5808,ZTF21aarsltk,1.325538,18
5809,ZTF18aawseij,1.325414,51
5810,ZTF24aavxqhj,1.324428,15
5811,ZTF22aaghhvf,1.324270,22
5812,ZTF23aaguymg,1.324249,20
5813,ZTF20aamqiru,1.321566,20
5814,ZTF19abplfxs,1.321317,32
5815,ZTF21acefcnp,1.320040,18
5816,ZTF20ablmvum,1.319731,143
5817,ZTF19abinjcy,1.318940,140
5818,ZTF25abioepd,1.318256,30
5819,ZTF18aaezzww,1.317941,72
5820,ZTF23aajsemu,1.317837,40
5821,ZTF22abbzjam,1.317338,26
5822,ZTF21aarmtbi,1.317305,20
5823,ZTF25aauhmpn,1.316616,16
5824,ZTF25aajrkjq,1.316534,27
5825,ZTF21aaapswk,1.316284,13
5826,ZTF21aacsvko,1.315962,24
5827,ZTF21abwcofb,1.315362,24
5828,ZTF23abauuzc,1.315052,14
5829,ZTF19aaulzvc,1.314790,23
5830,ZTF19aaduwcj,1.314782,15
5831,ZTF20aagzzah,1.314018,16
5832,ZTF26aawdxet,1.313782,32
5833,ZTF24abcocqf,1.311536,16
5834,ZTF18aasebum,1.311502,16
5835,ZTF20aahpxzz,1.311006,16
5836,ZTF23aadsnjo,1.310637,33
5837,ZTF21aarhfzg,1.309887,26
5838,ZTF22abahblc,1.309634,37
5839,ZTF22abvnonf,1.309608,16
5840,ZTF19acynipo,1.309150,23
5841,ZTF21aapdvea,1.309086,23
5842,ZTF19aaziqbb,1.308293,78
5843,ZTF22aahjhed,1.308280,45
5844,ZTF25aafkxdu,1.307898,20
5845,ZTF19abkrbjt,1.306133,24
5846,ZTF19abriuox,1.306069,12
5847,ZTF20abvygiw,1.304320,19
5848,ZTF24aaynasw,1.303932,13
5849,ZTF24abxhdum,1.303003,11
5850,ZTF18acvgpnn,1.302652,391
5851,ZTF26aaggqbd,1.302636,90
5852,ZTF22abmiohu,1.302280,78
5853,ZTF22aakpvbx,1.302021,27
5854,ZTF22abkfgrt,1.301924,19
5855,ZTF19abgzhpb,1.301294,13
5856,ZTF22aadmlik,1.300711,17
5857,ZTF19acenkuz,1.298611,41
5858,ZTF22aaftomx,1.298455,72
5859,ZTF19accmevg,1.298445,17
5860,ZTF24aathzox,1.298427,45
5861,ZTF18aawpvxf,1.298178,16
5862,ZTF19abiaqjv,1.294570,46
5863,ZTF24aagpwsh,1.294538,12
5864,ZTF26aavrsod,1.293928,16
5865,ZTF23aadvoyh,1.292824,17
5866,ZTF23aarzyta,1.291576,14
5867,ZTF20acommai,1.291318,17
5868,ZTF19abyuzch,1.291253,26
5869,ZTF21aarazam,1.291167,21
5870,ZTF20achtisx,1.291106,25
5871,ZTF25abqimds,1.289455,32
5872,ZTF20abghgix,1.288342,18
5873,ZTF22abnpypr,1.287841,18
5874,ZTF23aavzbki,1.287769,42
5875,ZTF21aapomjl,1.286844,21
5876,ZTF19aaoigdw,1.286822,31
5877,ZTF21aavuprl,1.286813,78
5878,ZTF24abxxfzd,1.286633,18
5879,ZTF22aahoxbx,1.286539,13
5880,ZTF21acdezwk,1.286300,62
5881,ZTF25aarodyp,1.285932,23
5882,ZTF20acihhzi,1.285826,41
5883,ZTF24abhbwzx,1.285242,13
5884,ZTF22abfwcew,1.284646,13
5885,ZTF26aawfedw,1.284003,22
5886,ZTF22abgtwni,1.282861,21
5887,ZTF19ackbepo,1.282388,18
5888,ZTF21abeagbh,1.282380,22
5889,ZTF22aajsgxk,1.281917,13
5890,ZTF20acuzfpk,1.281649,23
5891,ZTF24aadsgcv,1.281428,49
5892,ZTF21aarjejv,1.279837,16
5893,ZTF24aahsyhe,1.279710,25
5894,ZTF23aajduvy,1.279704,17
5895,ZTF21abvjmqr,1.279587,13
5896,ZTF22abfzfnn,1.278872,50
5897,ZTF25aanmuym,1.278795,19
5898,ZTF20acgchic,1.277338,14
5899,ZTF23aaqmauw,1.277118,15
5900,ZTF18abxpnyi,1.276866,16
5901,ZTF21aagscbh,1.276369,13
5902,ZTF21acjgmiy,1.275321,11
5903,ZTF22aasthrj,1.273334,16
5904,ZTF22aalyrvv,1.272354,23
5905,ZTF25acfybbs,1.271327,13
5906,ZTF21acigjrl,1.271309,13
5907,ZTF19abpbmli,1.271076,11
5908,ZTF18aaisqmw,1.270480,27
5909,ZTF25abghdgt,1.270345,26
5910,ZTF22aarwule,1.269958,50
5911,ZTF19acbswdq,1.269695,20
5912,ZTF22aajhkvu,1.269601,47
5913,ZTF22abfvewa,1.268486,10
5914,ZTF20aafyhff,1.268486,278
5915,ZTF20abztida,1.268434,13
5916,ZTF26aabdbld,1.267303,20
5917,ZTF23aaiyjbk,1.267229,25
5918,ZTF22aajnffd,1.266412,26
5919,ZTF18aavsilo,1.266303,14
5920,ZTF24aaymouy,1.264903,29
5921,ZTF19abzqmau,1.263877,27
5922,ZTF23aaelklt,1.263818,26
5923,ZTF25aavinas,1.263602,27
5924,ZTF24aauvywv,1.263474,24
5925,ZTF19acytidb,1.263293,32
5926,ZTF22aapvnhn,1.261740,29
5927,ZTF22aahmfla,1.261604,22
5928,ZTF21abpmlxu,1.261066,58
5929,ZTF19acbpzir,1.259720,85
5930,ZTF23abffvrm,1.259687,33
5931,ZTF19aaqstxo,1.259246,105
5932,ZTF22abmchcy,1.259042,19
5933,ZTF18abgjgma,1.259018,501
5934,ZTF21aabpszb,1.258795,12
5935,ZTF19aaqdkrm,1.258203,43
5936,ZTF22aaqrszt,1.257779,28
5937,ZTF23aadsfsh,1.257685,46
5938,ZTF23abfbsfn,1.257612,17
5939,ZTF20acbaajc,1.257316,12
5940,ZTF24abdnunm,1.256083,25
5941,ZTF19acaocct,1.255848,21
5942,ZTF19aczkjxn,1.255622,33
5943,ZTF19aayuqrh,1.254653,35
5944,ZTF20acumxec,1.252498,16
5945,ZTF25aagezfh,1.249869,52
5946,ZTF19abjaiyc,1.249860,22
5947,ZTF24aavsmbp,1.249845,11
5948,ZTF21acjeegy,1.249623,17
5949,ZTF19acgdfjt,1.248787,14
5950,ZTF25ablgyjm,1.248752,19
5951,ZTF19acxndat,1.248282,37
5952,ZTF25acbydmq,1.248267,18
5953,ZTF21acincqb,1.248261,18
5954,ZTF21acfmxeu,1.246784,18
5955,ZTF18aarujtm,1.246019,25
5956,ZTF24abxvpre,1.245949,41
5957,ZTF22aafracj,1.243510,15
5958,ZTF20acwyhst,1.243061,74
5959,ZTF21ackqdxy,1.242449,28
5960,ZTF21absbrag,1.242333,11
5961,ZTF23abijmrv,1.241583,15
5962,ZTF22aavxhqd,1.241377,25
5963,ZTF23abhvzbm,1.240814,29
5964,ZTF19abrreik,1.239363,37
5965,ZTF21abtlgdb,1.238943,42
5966,ZTF18acxgumg,1.236762,22
5967,ZTF25abjdqek,1.236543,28
5968,ZTF21aaaodzf,1.236226,23
5969,ZTF20acwqlcx,1.236217,16
5970,ZTF24aaxsaeq,1.235745,19
5971,ZTF23aahqvtz,1.235666,37
5972,ZTF20aclnpgu,1.234664,23
5973,ZTF20aausaun,1.234265,19
5974,ZTF21acdlddl,1.233528,21
5975,ZTF22abgveeg,1.232264,33
5976,ZTF25aaczsit,1.231973,14
5977,ZTF19abgctni,1.231939,18
5978,ZTF24aakfgvg,1.231782,19
5979,ZTF26aaaqcyq,1.231701,18
5980,ZTF22aatxslc,1.231305,11
5981,ZTF19abfwfei,1.231220,16
5982,ZTF20aaazrxx,1.231194,85
5983,ZTF21abbytmm,1.230893,23
5984,ZTF26aapgvkd,1.230816,64
5985,ZTF20abxypxz,1.230451,21
5986,ZTF20acuxlgx,1.230348,18
5987,ZTF22aakmtrc,1.229395,17
5988,ZTF25aalvpqx,1.229368,16
5989,ZTF20absehjr,1.227915,24
5990,ZTF21abvaurz,1.227800,18
5991,ZTF19abgqksj,1.227677,28
5992,ZTF23abjdrvd,1.226839,48
5993,ZTF22aadqjzz,1.226676,22
5994,ZTF24aamilxy,1.226571,54
5995,ZTF22abxdoki,1.226362,13
5996,ZTF22aahuzvt,1.226025,110
5997,ZTF23aapogvn,1.225943,40
5998,ZTF21achaoqu,1.224525,33
5999,ZTF20abyrdjp,1.224166,28
6000,ZTF25aafvbtn,1.223924,13
6001,ZTF19acujvsi,1.223807,35
6002,ZTF26aawjywa,1.223674,23
6003,ZTF23abhvqfn,1.223154,22
6004,ZTF25abliibh,1.222449,47
6005,ZTF20abklkmo,1.221058,11
6006,ZTF25abmxvln,1.219848,24
6007,ZTF25abzejaw,1.219234,19
6008,ZTF22absqplm,1.218812,27
6009,ZTF20aatuqtk,1.218528,36
6010,ZTF25abiqcie,1.217729,29
6011,ZTF24aazkvzi,1.217624,47
6012,ZTF24abhbfpu,1.217599,17
6013,ZTF20aacexgb,1.217275,11
6014,ZTF22aahiabh,1.217254,108
6015,ZTF23aaglrse,1.217112,15
6016,ZTF26aadtqjb,1.215626,27
6017,ZTF26aagjetz,1.215093,40
6018,ZTF22aausgkx,1.215020,23
6019,ZTF20aapcjjo,1.213583,17
6020,ZTF21abwjmsj,1.213291,10
6021,ZTF24acadbcv,1.212747,28
6022,ZTF21aagoeny,1.212425,21
6023,ZTF19acbzdvp,1.212079,57
6024,ZTF24aaaenwq,1.211466,17
6025,ZTF22aaorfdd,1.210761,15
6026,ZTF25aaxkysp,1.210659,11
6027,ZTF23aaiywai,1.210539,15
6028,ZTF21abjdjhk,1.209966,15
6029,ZTF21aagsceu,1.209960,18
6030,ZTF23aaqyfuh,1.209797,44
6031,ZTF25acgmjny,1.209715,27
6032,ZTF23aaxawww,1.208176,33
6033,ZTF23aaemour,1.208047,13
6034,ZTF19aaeatvo,1.207682,15
6035,ZTF23abbkvxe,1.206997,25
6036,ZTF22aagadmn,1.206321,25
6037,ZTF22aahndul,1.206082,37
6038,ZTF25aalphoj,1.205669,14
6039,ZTF26aatlolu,1.205664,47
6040,ZTF20acmywxu,1.204441,17
6041,ZTF20aaykndv,1.204312,17
6042,ZTF20aahtjat,1.203835,14
6043,ZTF22abfwbcc,1.203753,49
6044,ZTF19abkbugr,1.202522,18
6045,ZTF20abvyfqf,1.202305,42
6046,ZTF20aaiaaoi,1.202091,23
6047,ZTF25abirwfv,1.200994,18
6048,ZTF20aatvdwr,1.200882,41
6049,ZTF23abiahyg,1.200303,29
6050,ZTF23abofayp,1.199752,25
6051,ZTF22aafqamd,1.199252,17
6052,ZTF23aakeuwf,1.199161,144
6053,ZTF25ackwqbt,1.198944,19
6054,ZTF21acioxcf,1.198754,18
6055,ZTF24abamkay,1.198578,75
6056,ZTF20acpiaox,1.198261,15
6057,ZTF22aaftkom,1.197685,100
6058,ZTF20aagmzlq,1.197397,21
6059,ZTF23aazqfjf,1.197223,21
6060,ZTF19aayrjxv,1.197056,13
6061,ZTF21acjiwqc,1.196770,15
6062,ZTF23aaxawvh,1.196681,30
6063,ZTF20aaidnyk,1.196625,17
6064,ZTF19aavounq,1.196484,28
6065,ZTF21abcfnuk,1.196344,15
6066,ZTF21abpxquj,1.193962,100
6067,ZTF24abcnkdl,1.193834,16
6068,ZTF25accyfix,1.192675,10
6069,ZTF20abywpkl,1.192630,45
6070,ZTF22aafywen,1.192313,34
6071,ZTF26aaayebg,1.192244,32
6072,ZTF25abshatc,1.192167,45
6073,ZTF21aaoihbx,1.190787,19
6074,ZTF22aahxaiv,1.190587,19
6075,ZTF22abnlwjv,1.190563,16
6076,ZTF20acgjtuo,1.190418,35
6077,ZTF20abldxlt,1.190197,40
6078,ZTF25acahppo,1.189460,15
6079,ZTF21aafgljq,1.187004,50
6080,ZTF20abkljlp,1.186278,25
6081,ZTF26aaadfzz,1.185265,32
6082,ZTF22abaltyy,1.184393,37
6083,ZTF21abtwxlc,1.184325,20
6084,ZTF20aazylrg,1.183907,15
6085,ZTF19acihgng,1.182247,38
6086,ZTF24ablflcx,1.181604,13
6087,ZTF20acvezdt,1.181204,66
6088,ZTF20aciudwb,1.180059,21
6089,ZTF19abhjhes,1.179700,25
6090,ZTF21aazhgbq,1.178224,20
6091,ZTF25aalbnkr,1.177734,54
6092,ZTF21aaqkkfh,1.177232,32
6093,ZTF25aaumvgw,1.177020,72
6094,ZTF22abluqwo,1.176510,36
6095,ZTF21aalimun,1.174748,22
6096,ZTF23abhsfbs,1.172216,13
6097,ZTF21abjqfhx,1.171765,15
6098,ZTF21aalofkj,1.171607,11
6099,ZTF19aavoayk,1.170959,11
6100,ZTF25abxtgtu,1.170021,17
6101,ZTF22aayrhvp,1.168474,24
6102,ZTF22aaemoot,1.167927,22
6103,ZTF20aaaysed,1.166140,12
6104,ZTF25acfsfhg,1.166021,23
6105,ZTF22aangxck,1.165549,35
6106,ZTF21abnvlnj,1.164382,13
6107,ZTF20abglyot,1.164369,30
6108,ZTF22aasweuc,1.162174,11
6109,ZTF20actveqm,1.161894,27
6110,ZTF25aaiyotm,1.161231,12
6111,ZTF26aahjslj,1.160789,65
6112,ZTF20acrheie,1.160732,16
6113,ZTF23abaactr,1.160526,47
6114,ZTF22aaayhlj,1.158357,14
6115,ZTF23aadrwem,1.158305,22
6116,ZTF19acwrvzk,1.156591,989
6117,ZTF22aayjsro,1.155969,72
6118,ZTF21aapdulz,1.155429,45
6119,ZTF21abvdcqw,1.155197,21
6120,ZTF21abpldky,1.155019,13
6121,ZTF20abcoibn,1.154812,24
6122,ZTF25aadtusj,1.154729,13
6123,ZTF25aaiotvj,1.154281,16
6124,ZTF26aaaqbzw,1.153350,30
6125,ZTF20acyzsol,1.152529,19
6126,ZTF24abnezdq,1.152341,42
6127,ZTF22abroheh,1.151545,56
6128,ZTF20acpqagp,1.150425,17
6129,ZTF25absnlvo,1.149725,28
6130,ZTF24aaknlar,1.149485,87
6131,ZTF21aareryw,1.149243,11
6132,ZTF25aaadytl,1.147662,57
6133,ZTF21aapjmgf,1.147133,54
6134,ZTF23aaoygit,1.146833,27
6135,ZTF19abasxmh,1.145528,27
6136,ZTF19acbmxxh,1.145423,12
6137,ZTF19abgnuri,1.145314,65
6138,ZTF24aasehlg,1.144986,297
6139,ZTF23aaawdmv,1.144761,45
6140,ZTF21acbfyew,1.144306,53
6141,ZTF21aamjsrb,1.144205,24
6142,ZTF23abhtjxs,1.143863,17
6143,ZTF20acppruo,1.143662,19
6144,ZTF24abdbhxt,1.142933,24
6145,ZTF20aadcjyx,1.142449,34
6146,ZTF26aaoydpb,1.142073,56
6147,ZTF19aaxffum,1.141521,67
6148,ZTF20acuktst,1.141503,13
6149,ZTF21aaossxf,1.141118,52
6150,ZTF20ablatmf,1.140201,21
6151,ZTF24abhlpjl,1.140006,24
6152,ZTF18aawlfnj,1.138710,32
6153,ZTF22aaxplxd,1.138228,17
6154,ZTF20aavpsfl,1.138154,20
6155,ZTF19abstsvm,1.138139,40
6156,ZTF24abiihsz,1.138019,22
6157,ZTF25aceggfj,1.138009,13
6158,ZTF23aaxfkcd,1.137288,16
6159,ZTF20abrigjt,1.137237,42
6160,ZTF25aazyfpa,1.137127,21
6161,ZTF20abzvymh,1.136975,38
6162,ZTF22aazwode,1.136244,44
6163,ZTF19abgvjaf,1.136177,85
6164,ZTF24abtvopb,1.135704,11
6165,ZTF19abnhqlg,1.135161,15
6166,ZTF18aasxqmn,1.134389,14
6167,ZTF20abmxovj,1.134278,35
6168,ZTF22ablepod,1.133348,21
6169,ZTF22abviihj,1.133121,15
6170,ZTF20aahirkk,1.132448,11
6171,ZTF20acaxbqi,1.131476,36
6172,ZTF18aabuoud,1.130718,19
6173,ZTF20acceezw,1.130613,22
6174,ZTF19aaphntn,1.130019,26
6175,ZTF22aawzgcx,1.127882,39
6176,ZTF24aalaxcw,1.127278,12
6177,ZTF25aazvkec,1.127223,40
6178,ZTF24abiqyej,1.126953,36
6179,ZTF22abtywqu,1.126439,17
6180,ZTF19acdcxbj,1.126142,39
6181,ZTF19abzzgec,1.125812,17
6182,ZTF24aatbcnt,1.125645,15
6183,ZTF24abrfiya,1.124977,98
6184,ZTF20abgmlca,1.124816,16
6185,ZTF20acpkefi,1.124795,32
6186,ZTF24abvgtut,1.123781,34
6187,ZTF20acxqpyj,1.123750,17
6188,ZTF24aalqdew,1.123598,27
6189,ZTF22abbsbys,1.123547,33
6190,ZTF19abzqbgp,1.123531,14
6191,ZTF24abdwowb,1.123147,13
6192,ZTF20actkltl,1.122683,11
6193,ZTF21acpeqxz,1.122480,16
6194,ZTF18aahbypm,1.122270,16
6195,ZTF25aafvgrt,1.122103,13
6196,ZTF20aaflaug,1.122084,50
6197,ZTF20acgbkji,1.121413,43
6198,ZTF23aakawpn,1.121013,36
6199,ZTF21aavxruq,1.120610,29
6200,ZTF19abnmnrz,1.119625,91
6201,ZTF23absbyol,1.119575,17
6202,ZTF24aalhjml,1.119342,34
6203,ZTF25aaxjntk,1.119336,74
6204,ZTF24aahkbjk,1.118541,12
6205,ZTF20acxbbru,1.118180,23
6206,ZTF21achxzrj,1.117449,12
6207,ZTF20aavvjie,1.117356,10
6208,ZTF20aavtaib,1.116647,67
6209,ZTF25abijzmj,1.116046,17
6210,ZTF24aaejecr,1.115504,38
6211,ZTF19aciuhwi,1.114534,12
6212,ZTF21aarrplo,1.113429,62
6213,ZTF20acynlkj,1.112611,18
6214,ZTF21achrlmg,1.112246,11
6215,ZTF24abiywgj,1.111979,40
6216,ZTF20acjufda,1.111733,23
6217,ZTF20aakkluy,1.111435,33
6218,ZTF25aarfahy,1.110691,29
6219,ZTF20abbdoms,1.110574,17
6220,ZTF24aavrelg,1.110041,28
6221,ZTF20acgloyt,1.109838,17
6222,ZTF19abgncfz,1.109241,32
6223,ZTF18abfawnr,1.109124,33
6224,ZTF26aamiuow,1.109055,45
6225,ZTF25aarutps,1.108880,30
6226,ZTF20aazoptu,1.108701,48
6227,ZTF22aaafeiu,1.108220,73
6228,ZTF21acaohjl,1.106829,13
6229,ZTF24aaviaxx,1.106316,33
6230,ZTF19aauldjh,1.106146,376
6231,ZTF21aaphjns,1.105973,12
6232,ZTF22aaidexe,1.105350,33
6233,ZTF24aaiahlv,1.104068,26
6234,ZTF22aaohibs,1.103426,14
6235,ZTF24aapcyam,1.102951,17
6236,ZTF25aatyqbi,1.102632,32
6237,ZTF19aaxkauk,1.102545,35
6238,ZTF22aafznpn,1.102499,36
6239,ZTF25aajjjlb,1.102371,23
6240,ZTF24aajhxqs,1.102208,35
6241,ZTF23aadvpwt,1.101976,21
6242,ZTF19acfejbj,1.101761,21
6243,ZTF20acsfdnn,1.101635,25
6244,ZTF22aasxgjp,1.101397,30
6245,ZTF26aadsjvg,1.101130,10
6246,ZTF25abjlnnh,1.101098,66
6247,ZTF19abctvmv,1.100955,27
6248,ZTF21aagkhca,1.100781,15
6249,ZTF22aauxsyt,1.100575,30
6250,ZTF24aabnigk,1.100473,35
6251,ZTF18abqvwgc,1.100271,16
6252,ZTF23abojhab,1.100254,12
6253,ZTF23aamhlcu,1.100107,41
6254,ZTF20acuxfhx,1.099122,18
6255,ZTF25achiqqs,1.098677,62
6256,ZTF24aaqzwky,1.098538,13
6257,ZTF22abfxmvf,1.097398,67
6258,ZTF24abthxig,1.095938,20
6259,ZTF20acgzjmh,1.094583,11
6260,ZTF20abawgdl,1.094396,33
6261,ZTF21abfuynz,1.091620,13
6262,ZTF24abubkhz,1.090393,12
6263,ZTF24aagfeti,1.090385,94
6264,ZTF21abhbkdv,1.089464,31
6265,ZTF19abydqio,1.088498,17
6266,ZTF24aaypzcn,1.088311,43
6267,ZTF24ablsjwp,1.087598,11
6268,ZTF22abdqexe,1.086832,27
6269,ZTF25aaiyrwq,1.086630,11
6270,ZTF19acvmcdd,1.086093,27
6271,ZTF26aacfbcp,1.085643,16
6272,ZTF24abhmevn,1.084971,19
6273,ZTF25aadjmcf,1.084907,29
6274,ZTF21abiolef,1.083982,14
6275,ZTF20aahidaa,1.083393,11
6276,ZTF21abtpwuk,1.083079,13
6277,ZTF21acenkuf,1.081692,28
6278,ZTF21aatnxwt,1.081626,29
6279,ZTF23aajakys,1.081566,26
6280,ZTF23aaojbdj,1.081546,30
6281,ZTF19acfsqjx,1.079775,43
6282,ZTF25acegnts,1.079408,12
6283,ZTF22aaigmcb,1.079213,17
6284,ZTF20aalraxs,1.079139,56
6285,ZTF21aazwtoz,1.078373,24
6286,ZTF21abbliav,1.077883,38
6287,ZTF20aamoeyv,1.077854,114
6288,ZTF21aaoijjp,1.077027,25
6289,ZTF20abfxvkw,1.076745,433
6290,ZTF20acwobyt,1.076180,24
6291,ZTF20abgnodc,1.076087,12
6292,ZTF20aakwcfh,1.075958,43
6293,ZTF20aagjpmt,1.075907,26
6294,ZTF19adiwuli,1.075297,18
6295,ZTF20aboensu,1.074952,31
6296,ZTF19aatmqlm,1.074917,109
6297,ZTF23aahnabd,1.073758,16
6298,ZTF20aahirqq,1.073164,10
6299,ZTF25aazxxqi,1.072663,33
6300,ZTF26aatmcni,1.072511,32
6301,ZTF25aaqavru,1.071738,13
6302,ZTF19aavhzsc,1.070507,79
6303,ZTF24aasqcng,1.070451,33
6304,ZTF26aajowek,1.070439,49
6305,ZTF25abgepus,1.070408,13
6306,ZTF22abjzhry,1.070244,10
6307,ZTF20acfviac,1.069702,58
6308,ZTF19ablesob,1.069549,49
6309,ZTF23aaejprm,1.069460,18
6310,ZTF24abnfurd,1.069435,17
6311,ZTF21aawyyha,1.069041,96
6312,ZTF21abnudtb,1.069026,78
6313,ZTF18aajgkyt,1.068877,11
6314,ZTF26aabivsv,1.068871,18
6315,ZTF23aaedvtn,1.068868,53
6316,ZTF24abaepwz,1.068328,19
6317,ZTF23abavrya,1.068253,44
6318,ZTF24aaiwefo,1.065959,24
6319,ZTF25abuzfte,1.065884,31
6320,ZTF23abavxmm,1.064789,37
6321,ZTF25absjvvl,1.062233,23
6322,ZTF22aahvzzh,1.062123,18
6323,ZTF22aalbblv,1.061649,23
6324,ZTF25abyshjm,1.061643,12
6325,ZTF19acudiph,1.061306,12
6326,ZTF20aagzchj,1.060986,22
6327,ZTF21abrmevu,1.060847,13
6328,ZTF23abfroaw,1.060798,32
6329,ZTF20aaaawlu,1.060643,27
6330,ZTF22aayaemx,1.060572,19
6331,ZTF23aajikep,1.060392,12
6332,ZTF19abaaojn,1.060340,19
6333,ZTF19abaejto,1.059997,37
6334,ZTF20acbpoaj,1.059642,14
6335,ZTF19abaktxn,1.057876,11
6336,ZTF21acoshvy,1.057535,16
6337,ZTF23abenjxd,1.057325,12
6338,ZTF21abrluay,1.056908,63
6339,ZTF26aaaqfbl,1.056884,17
6340,ZTF25abuqccu,1.055349,22
6341,ZTF22abfvsbt,1.054925,13
6342,ZTF21aatrtbu,1.054330,13
6343,ZTF22aajpubp,1.053408,23
6344,ZTF20acgnenc,1.051734,38
6345,ZTF24aatvrik,1.051705,12
6346,ZTF25abwhfuq,1.051284,53
6347,ZTF20acwfanr,1.051218,41
6348,ZTF22aahmgmv,1.050535,37
6349,ZTF24aamvzfc,1.050332,29
6350,ZTF22abmzdzr,1.050059,43
6351,ZTF21aaygcnm,1.049953,26
6352,ZTF21acfigoo,1.047539,17
6353,ZTF21aaxidvp,1.047121,16
6354,ZTF25aayxbee,1.046716,38
6355,ZTF21abasghc,1.046467,26
6356,ZTF20aciucjt,1.046389,12
6357,ZTF20abpxvhj,1.046119,11
6358,ZTF21aaqzrat,1.044958,20
6359,ZTF20aapchqy,1.044231,132
6360,ZTF19acbjpun,1.043799,20
6361,ZTF20acqyfie,1.043199,20
6362,ZTF19abjpelp,1.042909,16
6363,ZTF21aawarkz,1.042792,16
6364,ZTF25abzptem,1.042681,16
6365,ZTF26aarobjk,1.042335,31
6366,ZTF22aargbsa,1.042248,12
6367,ZTF22aadeqoe,1.041704,33
6368,ZTF23aaqasrd,1.041316,27
6369,ZTF25abvrbqg,1.040322,36
6370,ZTF25abcjnkx,1.039293,44
6371,ZTF25abwcrqw,1.038956,28
6372,ZTF26aaaevpt,1.038866,18
6373,ZTF22abgcain,1.038620,14
6374,ZTF21abfmuun,1.038585,13
6375,ZTF25aavhgxs,1.036770,16
6376,ZTF25abqrmdq,1.036273,57
6377,ZTF25aceeppc,1.036216,33
6378,ZTF25abjectx,1.035021,15
6379,ZTF21abhrmrv,1.034667,65
6380,ZTF19aawrpwn,1.034509,36
6381,ZTF21abcmtev,1.034178,53
6382,ZTF22aakfmge,1.034021,24
6383,ZTF24aahgncc,1.033723,22
6384,ZTF19aarioci,1.033708,59
6385,ZTF20acbeanu,1.033340,64
6386,ZTF24abzaqam,1.033260,18
6387,ZTF22aaucozn,1.033136,29
6388,ZTF21abgxudc,1.032836,29
6389,ZTF23aaelmbd,1.032280,11
6390,ZTF20acpuzdo,1.031811,14
6391,ZTF19abgjbwc,1.031525,13
6392,ZTF22aamgcot,1.031176,20
6393,ZTF25abdegyy,1.030559,44
6394,ZTF25aalziig,1.030530,70
6395,ZTF21acoidzv,1.030417,28
6396,ZTF19abykddm,1.030101,25
6397,ZTF24abivkgx,1.029238,17
6398,ZTF23aaelzdb,1.029198,14
6399,ZTF20absgrwf,1.028634,33
6400,ZTF21acaspdb,1.028393,17
6401,ZTF26aaefhnl,1.028356,15
6402,ZTF19aayabqe,1.027335,23
6403,ZTF21aaphjyn,1.027231,17
6404,ZTF23abkbijk,1.026949,23
6405,ZTF22abxmjdg,1.025779,14
6406,ZTF20acgnrqu,1.025743,53
6407,ZTF21aalxupy,1.025552,20
6408,ZTF20abzkvfz,1.024521,24
6409,ZTF19abfiqjg,1.023573,18
6410,ZTF23abcekct,1.022992,15
6411,ZTF24aacivdo,1.022872,25
6412,ZTF20acihbhx,1.022566,11
6413,ZTF20aauombk,1.022476,41
6414,ZTF20aaxaoux,1.022339,75
6415,ZTF25abyedlw,1.021873,16
6416,ZTF20aaxyfue,1.021618,12
6417,ZTF19adaiuyz,1.021047,79
6418,ZTF19acysxka,1.020588,21
6419,ZTF19aaxptsd,1.020095,12
6420,ZTF23abkixdb,1.020050,23
6421,ZTF18abdnafw,1.020019,20
6422,ZTF24aaafknt,1.019936,10
6423,ZTF25aaylisx,1.019850,35
6424,ZTF18acaisao,1.019829,36
6425,ZTF18aaluzrx,1.019560,12
6426,ZTF20acitbmf,1.019087,14
6427,ZTF23aahjjqk,1.018995,45
6428,ZTF22abgbbgx,1.018426,18
6429,ZTF19abipmfl,1.017898,12
6430,ZTF20abzatrg,1.017518,40
6431,ZTF26aahievf,1.017092,60
6432,ZTF22abodvpx,1.016986,14
6433,ZTF19acennqf,1.016324,12
6434,ZTF19abrelog,1.016266,18
6435,ZTF24abdazpl,1.016221,22
6436,ZTF20abmxtnh,1.015603,20
6437,ZTF23abgkdii,1.014841,16
6438,ZTF18acxicra,1.014278,352
6439,ZTF24aampakt,1.013208,34
6440,ZTF25ackyfnb,1.013114,20
6441,ZTF24abnshco,1.012982,15
6442,ZTF24aaindpx,1.010953,36
6443,ZTF19acswdgx,1.010450,16
6444,ZTF23aaznguj,1.009734,62
6445,ZTF23aaugtqx,1.009610,13
6446,ZTF22aaudftc,1.009570,22
6447,ZTF25aaqzagd,1.008394,35
6448,ZTF21abgmhfb,1.007832,12
6449,ZTF26aadsezg,1.006557,77
6450,ZTF18abojrnv,1.006446,63
6451,ZTF25abkopmq,1.005222,15
6452,ZTF24aaqzrul,1.004745,16
6453,ZTF22abunqps,1.004743,17
6454,ZTF25achxmlx,1.004288,16
6455,ZTF21aaiarmq,1.004252,21
6456,ZTF19acyggzu,1.004150,77
6457,ZTF19aajdwev,1.003985,10
6458,ZTF23aaetufb,1.003959,11
6459,ZTF23abmegdb,1.002829,12
6460,ZTF22aahiyfc,1.002793,20
6461,ZTF20abuocri,1.002726,18
6462,ZTF22aadepde,1.002496,23
6463,ZTF25acelgwq,1.002229,19
6464,ZTF21abhuoyz,1.001485,21
6465,ZTF23aavycax,1.001369,23
6466,ZTF19aauisdr,1.000610,20
6467,ZTF25abtbubu,1.000270,18
6468,ZTF23aadhcna,1.000103,21
6469,ZTF22aajsbbl,0.999692,33
6470,ZTF25aaufqbm,0.999601,11
6471,ZTF21acjosnp,0.999237,21
6472,ZTF21abdgugb,0.999091,42
6473,ZTF21aalepvi,0.998560,12
6474,ZTF20abgfekk,0.997013,36
6475,ZTF22aamxszf,0.996847,30
6476,ZTF21achaudk,0.996617,27
6477,ZTF22aagdcqv,0.996473,27
6478,ZTF22aaqfuhm,0.996248,17
6479,ZTF23abnjkys,0.996060,20
6480,ZTF22aalxcmo,0.994922,32
6481,ZTF18aavwyap,0.994863,15
6482,ZTF21aarounv,0.994859,31
6483,ZTF21abjhiqp,0.994053,58
6484,ZTF20abiscvb,0.993652,27
6485,ZTF19acgfhfd,0.993571,40
6486,ZTF24aaspbdl,0.993321,10
6487,ZTF20abjgzjd,0.992918,19
6488,ZTF25aaqaufk,0.992875,21
6489,ZTF21abjzahu,0.992300,26
6490,ZTF20aauwkga,0.992101,11
6491,ZTF24abcisxg,0.991052,16
6492,ZTF21abcxfhj,0.990602,24
6493,ZTF25acgorke,0.989871,27
6494,ZTF23aafanhn,0.989757,10
6495,ZTF19acyigib,0.988769,26
6496,ZTF23aafhdte,0.987551,22
6497,ZTF20aaytqhd,0.987336,13
6498,ZTF21abjbukd,0.987300,15
6499,ZTF24abcrmsw,0.987121,22
6500,ZTF26aaaqcxt,0.986983,16
6501,ZTF19acyjviz,0.986460,72
6502,ZTF21abvtgki,0.985902,17
6503,ZTF22abgbzlm,0.985718,10
6504,ZTF23aaptwaz,0.985664,15
6505,ZTF19aavqoop,0.984390,14
6506,ZTF22aajilxk,0.984347,30
6507,ZTF19acdabep,0.983553,20
6508,ZTF23aakekzd,0.983084,16
6509,ZTF19aavzrvu,0.983047,12
6510,ZTF25abxhcck,0.982842,20
6511,ZTF25aajjjoa,0.982033,16
6512,ZTF20abeoicg,0.981403,41
6513,ZTF21abqvykn,0.981323,21
6514,ZTF23aafaiyn,0.980765,31
6515,ZTF24abpkhwi,0.980071,17
6516,ZTF18aboazqw,0.978368,25
6517,ZTF21abcjuzt,0.978286,14
6518,ZTF23abajcoz,0.977858,24
6519,ZTF21abamotd,0.977539,86
6520,ZTF18abdfwur,0.977287,24
6521,ZTF20aclnhuo,0.976801,17
6522,ZTF24aaoowpc,0.976740,14
6523,ZTF19acbtgnq,0.976603,38
6524,ZTF24abdjktl,0.976068,16
6525,ZTF22aapqwas,0.975556,29
6526,ZTF19aavpgjy,0.975550,65
6527,ZTF20aatpspm,0.972972,14
6528,ZTF25abawgwl,0.971986,82
6529,ZTF18abxoqkd,0.971942,13
6530,ZTF20abwytgj,0.971768,41
6531,ZTF20acihzqp,0.971671,12
6532,ZTF19abngskg,0.971179,28
6533,ZTF21aatjavc,0.970277,23
6534,ZTF20aagfxwm,0.970156,46
6535,ZTF25aciomvg,0.970099,24
6536,ZTF21abxpinb,0.969952,15
6537,ZTF22aaydcsb,0.969907,52
6538,ZTF20acoheud,0.969769,22
6539,ZTF20abfqghm,0.968903,41
6540,ZTF23abayviy,0.968708,14
6541,ZTF22abkxbeo,0.968173,27
6542,ZTF23abcsrwv,0.968146,12
6543,ZTF19acrcupt,0.967940,21
6544,ZTF18acgwxcf,0.967637,14
6545,ZTF20abawntz,0.966072,12
6546,ZTF25aapqogh,0.965976,12
6547,ZTF26aabacbd,0.965395,43
6548,ZTF23aavdzpd,0.965063,28
6549,ZTF22aazgmum,0.964149,19
6550,ZTF24aaknuqh,0.963975,11
6551,ZTF22abujvsz,0.963870,42
6552,ZTF26aasvall,0.963593,17
6553,ZTF22aatbgqf,0.963360,20
6554,ZTF25abmagez,0.963243,19
6555,ZTF22aaqhirm,0.963239,39
6556,ZTF19acigkma,0.962790,12
6557,ZTF23aamzxcr,0.962787,24
6558,ZTF22aaflcke,0.962355,16
6559,ZTF20aazsyvu,0.962268,62
6560,ZTF21abbwajr,0.961871,13
6561,ZTF20aaviiie,0.961551,226
6562,ZTF23abaqakp,0.961395,36
6563,ZTF22abissvn,0.961265,23
6564,ZTF20aaaymqt,0.961040,16
6565,ZTF21aarwlht,0.960955,49
6566,ZTF20aamtspu,0.960907,24
6567,ZTF24aavvypx,0.960635,24
6568,ZTF19abakjao,0.960627,20
6569,ZTF23absnzwr,0.959963,15
6570,ZTF25abmwpvt,0.958404,17
6571,ZTF24aaoxmev,0.957019,18
6572,ZTF25acgqggy,0.956954,45
6573,ZTF21acjpsdc,0.956323,13
6574,ZTF20aatrugm,0.956078,39
6575,ZTF20achupkw,0.955890,74
6576,ZTF26aadwmon,0.955355,15
6577,ZTF25acehbim,0.955299,17
6578,ZTF21abidrcn,0.954865,57
6579,ZTF25achklop,0.954837,26
6580,ZTF23abcdtjq,0.954604,15
6581,ZTF23aagklwb,0.954513,44
6582,ZTF25aayvwoc,0.954361,13
6583,ZTF24aalqrpz,0.954230,15
6584,ZTF20aacchjk,0.953413,15
6585,ZTF25aaowwja,0.953081,13
6586,ZTF26aanudht,0.952957,18
6587,ZTF21abmgtat,0.952927,18
6588,ZTF25acemmyw,0.952346,20
6589,ZTF20achptrf,0.951483,15
6590,ZTF18acqtjcz,0.951404,75
6591,ZTF19aavxikq,0.949284,25
6592,ZTF24aatlsjq,0.949252,85
6593,ZTF20aavniiw,0.948503,18
6594,ZTF19acbkkkx,0.948183,44
6595,ZTF19aapreis,0.948006,54
6596,ZTF22abkskzg,0.947921,15
6597,ZTF20abqefja,0.946476,19
6598,ZTF21abdboqy,0.946173,59
6599,ZTF22aagzntm,0.945660,13
6600,ZTF20absgwch,0.945237,39
6601,ZTF18adkoxgw,0.945031,16
6602,ZTF24aajwczy,0.943654,18
6603,ZTF26aafsgty,0.943317,95
6604,ZTF22aaqblbr,0.942665,12
6605,ZTF22aattndh,0.941687,20
6606,ZTF23abhzoyw,0.940539,20
6607,ZTF20aaxccrm,0.940084,49
6608,ZTF22aanuapl,0.939921,54
6609,ZTF21achpvbo,0.939577,14
6610,ZTF24aaosyhg,0.939550,28
6611,ZTF26aaotmuq,0.939112,47
6612,ZTF21aagtxnz,0.938731,30
6613,ZTF20aaztndl,0.938544,20
6614,ZTF24abmffcf,0.938256,21
6615,ZTF22abgbbal,0.937799,25
6616,ZTF26aajikwk,0.937286,25
6617,ZTF25abiwauq,0.936496,23
6618,ZTF22aafthhk,0.936227,21
6619,ZTF20acvmzfv,0.935880,19
6620,ZTF22aamgjgu,0.935541,16
6621,ZTF25acilyrg,0.935434,40
6622,ZTF19acfmwlh,0.935343,20
6623,ZTF23aajazyl,0.935048,16
6624,ZTF18acelpbg,0.934651,10
6625,ZTF23abongjc,0.934637,11
6626,ZTF20abeeyre,0.934434,20
6627,ZTF24aanzgjq,0.934074,66
6628,ZTF23aadvjqb,0.933552,11
6629,ZTF20abmaouw,0.933493,17
6630,ZTF24abcbfln,0.933085,32
6631,ZTF21aciqnxf,0.932983,15
6632,ZTF26aaaiuha,0.932940,19
6633,ZTF19abaszjd,0.932756,12
6634,ZTF19aayogzn,0.932751,26
6635,ZTF20acqvfyp,0.932078,16
6636,ZTF22aajrjrc,0.931752,23
6637,ZTF20aaiqqer,0.931176,17
6638,ZTF20acwujgz,0.930100,41
6639,ZTF25aauveuo,0.929869,14
6640,ZTF25ababadc,0.929754,39
6641,ZTF25abizefk,0.929743,12
6642,ZTF20abltxxi,0.929690,70
6643,ZTF23abojhaf,0.929485,12
6644,ZTF20aazgtmp,0.929073,20
6645,ZTF24aalgoug,0.928183,20
6646,ZTF21abcgxit,0.928076,41
6647,ZTF20abbpkpa,0.927915,46
6648,ZTF25acgcyig,0.927859,17
6649,ZTF21abvvivq,0.927666,30
6650,ZTF23aauytqw,0.926039,16
6651,ZTF23aaelbbq,0.924866,30
6652,ZTF22aajjqhc,0.924459,13
6653,ZTF21abdfyat,0.924188,16
6654,ZTF19abucvee,0.923904,13
6655,ZTF21aabavaz,0.923354,10
6656,ZTF21aapkbzd,0.923285,18
6657,ZTF20adadrdh,0.923119,22
6658,ZTF25aapyqsq,0.922975,46
6659,ZTF24aalnffd,0.922217,17
6660,ZTF21aavhlok,0.921632,34
6661,ZTF18acdzins,0.921484,13
6662,ZTF23aaeoggg,0.921201,27
6663,ZTF25acbaljt,0.920217,18
6664,ZTF24abogvkr,0.919826,25
6665,ZTF26aasphfk,0.919569,53
6666,ZTF20abupxie,0.919127,71
6667,ZTF24aajhotx,0.919020,30
6668,ZTF22aasoaew,0.919018,40
6669,ZTF25aapjruy,0.918730,102
6670,ZTF20acixidp,0.918416,32
6671,ZTF25acfyouv,0.917972,18
6672,ZTF21abubslm,0.917861,15
6673,ZTF22abqpflu,0.917753,15
6674,ZTF20acnvlss,0.917498,11
6675,ZTF24aahahuu,0.917012,12
6676,ZTF24aadrkcy,0.916921,12
6677,ZTF25abaavnw,0.916576,48
6678,ZTF24abqaeai,0.916354,19
6679,ZTF20acxncha,0.916212,30
6680,ZTF25abagvaw,0.915595,18
6681,ZTF21aaxskmg,0.915340,17
6682,ZTF22aaexegz,0.914959,23
6683,ZTF23aaoxlco,0.914708,18
6684,ZTF21aagnvvk,0.914133,14
6685,ZTF26aaapmfm,0.913433,11
6686,ZTF23aatzelx,0.912675,14
6687,ZTF19abzlcnb,0.912525,18
6688,ZTF21abhugyx,0.912336,35
6689,ZTF23aazjoto,0.912076,24
6690,ZTF25abweqoj,0.911369,11
6691,ZTF24aagoljl,0.911070,40
6692,ZTF25aatzejc,0.910748,77
6693,ZTF24aapqcaw,0.910325,17
6694,ZTF23abgnvhq,0.910279,49
6695,ZTF24aakypcl,0.909785,38
6696,ZTF21abclrso,0.909718,13
6697,ZTF20abjgcwc,0.909237,58
6698,ZTF21ablpmep,0.909086,28
6699,ZTF23aaeicdt,0.908740,12
6700,ZTF21aagycoa,0.908403,24
6701,ZTF22aajdgcw,0.907167,142
6702,ZTF24aaxbjca,0.907155,19
6703,ZTF21acffxne,0.906803,210
6704,ZTF24abhfjtn,0.906599,17
6705,ZTF25abpkzta,0.906396,14
6706,ZTF25aavcyxm,0.906380,17
6707,ZTF21aagnglz,0.905989,10
6708,ZTF24abqtlxj,0.903659,21
6709,ZTF25aaysvaj,0.903333,42
6710,ZTF18aacsudg,0.902967,53
6711,ZTF22aasaapb,0.902140,42
6712,ZTF22aaafmxt,0.901016,26
6713,ZTF20acikzzn,0.900896,16
6714,ZTF19acwbhih,0.900830,23
6715,ZTF24aawnqvy,0.900773,34
6716,ZTF22abeigxz,0.898966,19
6717,ZTF18aatxncf,0.898814,14
6718,ZTF23aaduxhx,0.898773,16
6719,ZTF25aapthsg,0.898370,13
6720,ZTF18adkvhyi,0.898368,40
6721,ZTF21aaodljj,0.897896,45
6722,ZTF20abbhrrt,0.897657,15
6723,ZTF24ablkvqy,0.897403,26
6724,ZTF22aankxky,0.897322,10
6725,ZTF26aaacrnj,0.897065,19
6726,ZTF24abyqzpi,0.896987,12
6727,ZTF22abgcbkq,0.896191,19
6728,ZTF20acziblz,0.895954,28
6729,ZTF21abhbptf,0.895529,15
6730,ZTF19acfxayk,0.895193,11
6731,ZTF24abfbxvg,0.894405,19
6732,ZTF21abgjywt,0.894030,20
6733,ZTF20acgqvwa,0.893670,22
6734,ZTF25acgqqnr,0.893423,11
6735,ZTF20adadjqe,0.892863,19
6736,ZTF20abnofwd,0.892708,48
6737,ZTF25aaipaml,0.892517,29
6738,ZTF22aaoreir,0.892362,34
6739,ZTF23aajmpsa,0.892317,44
6740,ZTF22abtidap,0.891996,17
6741,ZTF24aaqajeh,0.891896,31
6742,ZTF19abxvtmy,0.891283,16
6743,ZTF25ackzsok,0.890857,19
6744,ZTF24acadyyl,0.890585,14
6745,ZTF24abmntgy,0.890267,25
6746,ZTF21acmwzbe,0.889985,15
6747,ZTF22abtlhwt,0.889700,17
6748,ZTF20abcqpdj,0.889597,19
6749,ZTF22abmnxim,0.889207,11
6750,ZTF26aarwwgn,0.888934,20
6751,ZTF24aaulipy,0.888339,10
6752,ZTF20aauvbcl,0.888148,16
6753,ZTF24aaikhzw,0.887865,27
6754,ZTF19abvgwvp,0.887832,21
6755,ZTF18abkibst,0.887621,86
6756,ZTF19aczlldp,0.886536,31
6757,ZTF20abjwuuv,0.885976,25
6758,ZTF22abdaokh,0.885905,21
6759,ZTF24aaekbxi,0.885772,67
6760,ZTF25acepwjb,0.885723,27
6761,ZTF25aaielkw,0.885094,15
6762,ZTF23abmpjok,0.884074,17
6763,ZTF23aaqsevm,0.883969,20
6764,ZTF20aclnbft,0.883821,22
6765,ZTF25acfkazx,0.883636,17
6766,ZTF21aagdrdj,0.883614,13
6767,ZTF22abvcigm,0.883204,26
6768,ZTF20abwcnhm,0.883133,60
6769,ZTF26aaunaud,0.882889,17
6770,ZTF24aaisoke,0.882741,103
6771,ZTF19achetvw,0.882667,11
6772,ZTF25abigyri,0.881969,25
6773,ZTF22aaudmvw,0.881826,13
6774,ZTF20abvykmy,0.881793,50
6775,ZTF25abvqhcq,0.881705,25
6776,ZTF25abwkmwj,0.881409,44
6777,ZTF21abqfpsc,0.881308,26
6778,ZTF26aaecuho,0.880431,18
6779,ZTF23aahkmbj,0.880242,16
6780,ZTF22aaeuyqr,0.880228,18
6781,ZTF22aaayghd,0.879835,13
6782,ZTF23abeynpo,0.879052,25
6783,ZTF21abebkdu,0.878695,11
6784,ZTF22abomdzq,0.878692,21
6785,ZTF23aakrkjt,0.878497,37
6786,ZTF19acdiush,0.878423,16
6787,ZTF23aavxama,0.878187,19
6788,ZTF19abfpwia,0.877663,12
6789,ZTF25aagbsgv,0.877597,16
6790,ZTF19acesxei,0.876956,15
6791,ZTF20abziqom,0.876332,16
6792,ZTF19acicidp,0.876213,12
6793,ZTF21aapiwls,0.876125,27
6794,ZTF25aavgvmt,0.875676,21
6795,ZTF22aaoxwdo,0.875494,14
6796,ZTF20abefdcc,0.875460,18
6797,ZTF20achjxdt,0.875178,16
6798,ZTF20abjardi,0.874843,34
6799,ZTF18abhhfhe,0.874821,15
6800,ZTF24aaiuemn,0.874539,33
6801,ZTF20abhfhef,0.874154,62
6802,ZTF21abiaqua,0.873616,22
6803,ZTF23abhdozi,0.873273,15
6804,ZTF19aceckai,0.872900,10
6805,ZTF20ackxrbh,0.872872,20
6806,ZTF21aawjiss,0.872587,21
6807,ZTF23abizggb,0.872286,12
6808,ZTF18acidjch,0.872235,16
6809,ZTF25abrnhth,0.872057,13
6810,ZTF20acpgpnq,0.871636,15
6811,ZTF25abbwkxv,0.871536,47
6812,ZTF21abwjprf,0.871497,21
6813,ZTF21acjeeta,0.870066,12
6814,ZTF24aayontm,0.869747,24
6815,ZTF21aadatfg,0.868020,22
6816,ZTF21abhupvs,0.868014,21
6817,ZTF22aaolsiy,0.867216,16
6818,ZTF25acjtaqb,0.867190,17
6819,ZTF22aagzmwq,0.866917,16
6820,ZTF20aajccqq,0.866610,16
6821,ZTF22aaswaqr,0.866250,13
6822,ZTF21aapejbx,0.866063,39
6823,ZTF21aabgega,0.865798,15
6824,ZTF22aaecoej,0.865788,18
6825,ZTF20abehuse,0.865701,12
6826,ZTF22aauexsq,0.865362,55
6827,ZTF24abcgqvi,0.863794,19
6828,ZTF19aavnwtu,0.863598,15
6829,ZTF22abunjts,0.863136,34
6830,ZTF21acjdsix,0.863030,35
6831,ZTF20acxvvnf,0.863001,35
6832,ZTF20aaznsyq,0.861126,16
6833,ZTF23aaqacda,0.860966,18
6834,ZTF24aavpazc,0.860742,11
6835,ZTF22aarwtqp,0.860435,26
6836,ZTF25aavllhu,0.860392,30
6837,ZTF24abqzgfe,0.860311,126
6838,ZTF21acijipu,0.859847,32
6839,ZTF22aaorcsg,0.859477,22
6840,ZTF22aalxtmz,0.858994,16
6841,ZTF24aatsiox,0.858634,52
6842,ZTF19abykbcf,0.858590,35
6843,ZTF20abmlxrx,0.858504,54
6844,ZTF24aadtzag,0.858421,16
6845,ZTF18acvwcme,0.858286,39
6846,ZTF19abxivpg,0.858057,11
6847,ZTF24abtokax,0.857003,13
6848,ZTF22abveoak,0.856684,17
6849,ZTF23abgnvya,0.856355,41
6850,ZTF21aasbjgq,0.856102,46
6851,ZTF20abbgomy,0.855879,38
6852,ZTF22aaedthb,0.855798,16
6853,ZTF20aaifygw,0.854252,16
6854,ZTF26aarvjpc,0.854223,17
6855,ZTF23aamsfav,0.853063,43
6856,ZTF26aakvdsq,0.853006,17
6857,ZTF25abmhpuo,0.852918,18
6858,ZTF19abdzehg,0.852886,52
6859,ZTF18aatjfoe,0.852823,38
6860,ZTF20acittmj,0.852363,18
6861,ZTF22aajkpen,0.851238,12
6862,ZTF20acbnqom,0.850823,28
6863,ZTF22aajluly,0.850798,21
6864,ZTF19acdgwhq,0.850603,30
6865,ZTF20aaktott,0.850305,12
6866,ZTF25acfcmnb,0.849889,24
6867,ZTF20aagkwht,0.849756,26
6868,ZTF25aapuxul,0.849401,16
6869,ZTF22aaitkjd,0.849089,20
6870,ZTF19acgeoxt,0.848985,67
6871,ZTF21aakvhtz,0.848862,17
6872,ZTF18abfdvkj,0.848564,10
6873,ZTF23abdirnr,0.847902,47
6874,ZTF20abjwnqf,0.847530,10
6875,ZTF22aamdxkj,0.847248,30
6876,ZTF23aaeinqq,0.847005,18
6877,ZTF22aakmhas,0.846979,18
6878,ZTF19aczeomw,0.846961,18
6879,ZTF23absqtns,0.846488,44
6880,ZTF23aaduuov,0.846445,22
6881,ZTF23aaijgnu,0.846244,30
6882,ZTF20aagfjlj,0.846207,18
6883,ZTF23aaxvgor,0.846196,10
6884,ZTF20acfucwr,0.846085,40
6885,ZTF22aaaffmd,0.845767,12
6886,ZTF19aaufngx,0.845248,38
6887,ZTF18aaxkfos,0.844403,12
6888,ZTF21abbuuno,0.844346,12
6889,ZTF20abexagc,0.844331,27
6890,ZTF20abdkiyv,0.844163,39
6891,ZTF20abernkz,0.843809,55
6892,ZTF22aalzyzl,0.843155,22
6893,ZTF25abshxuk,0.842789,17
6894,ZTF19acbpauu,0.842726,11
6895,ZTF26aastceo,0.841816,17
6896,ZTF20acitsbd,0.841453,10
6897,ZTF22aadnjsh,0.840228,25
6898,ZTF24abnrdua,0.840217,27
6899,ZTF20aamkotf,0.839994,14
6900,ZTF21achpljv,0.839800,11
6901,ZTF22aaddqvu,0.839063,25
6902,ZTF19abinlum,0.838697,189
6903,ZTF21abklnfg,0.838501,15
6904,ZTF19aathabc,0.838321,23
6905,ZTF26aawfytc,0.837826,23
6906,ZTF22abbtmdv,0.837497,28
6907,ZTF21aaxtzzj,0.837253,28
6908,ZTF25aahxijy,0.837013,27
6909,ZTF19abgnhyu,0.836344,38
6910,ZTF22abqhlic,0.836278,171
6911,ZTF23aapgjac,0.836207,20
6912,ZTF22aajjdxf,0.836146,25
6913,ZTF21aarerya,0.835893,14
6914,ZTF25abmwynb,0.835871,17
6915,ZTF22aatcpoo,0.835718,17
6916,ZTF23abhdcct,0.835706,14
6917,ZTF23aazjuwu,0.835468,13
6918,ZTF21aaahtln,0.835461,28
6919,ZTF22aaolpur,0.835397,19
6920,ZTF19aanfyey,0.835119,22
6921,ZTF24abcvapx,0.834903,17
6922,ZTF22abaogbb,0.834662,17
6923,ZTF21ackqbow,0.833268,15
6924,ZTF23abcnzjd,0.833209,31
6925,ZTF21aavumzc,0.832967,84
6926,ZTF25aayfazs,0.832875,23
6927,ZTF19aavrvxr,0.832631,13
6928,ZTF22abfzfuj,0.832290,15
6929,ZTF20acpwuem,0.831822,10
6930,ZTF20acnsinb,0.831321,22
6931,ZTF22abftrwv,0.830100,75
6932,ZTF23abcdtci,0.829516,16
6933,ZTF21aawxqia,0.829360,19
6934,ZTF22abbtqmf,0.828910,34
6935,ZTF23aavmcbq,0.828393,55
6936,ZTF20acxnafa,0.828372,23
6937,ZTF24aailzom,0.827637,13
6938,ZTF20aavtcaj,0.826806,13
6939,ZTF21acefbte,0.826625,31
6940,ZTF22aajhtvl,0.825113,27
6941,ZTF23aanzozj,0.825060,22
6942,ZTF25abitlgg,0.824391,13
6943,ZTF22aaaflab,0.823091,16
6944,ZTF24aagjsrv,0.823079,62
6945,ZTF20abkiebn,0.822951,57
6946,ZTF20abocwmm,0.822860,43
6947,ZTF23aaintny,0.822219,21
6948,ZTF19aawupxb,0.821889,17
6949,ZTF22aaoiute,0.821765,16
6950,ZTF21aamxduf,0.821198,14
6951,ZTF19aaydpiq,0.820598,14
6952,ZTF20adetstu,0.820558,142
6953,ZTF23abfpwbx,0.820552,22
6954,ZTF22aaonsgo,0.820405,16
6955,ZTF23abkjjkj,0.819532,23
6956,ZTF25aajcusp,0.819212,39
6957,ZTF20abegjdh,0.818945,39
6958,ZTF23aazkpac,0.818561,28
6959,ZTF23aaybaip,0.818322,16
6960,ZTF19aawtnqd,0.817522,14
6961,ZTF23aahvmpq,0.817325,40
6962,ZTF25abjkphq,0.817191,25
6963,ZTF24aarviqn,0.817036,13
6964,ZTF20abvvsok,0.817007,104
6965,ZTF20aahgcue,0.817001,34
6966,ZTF20abzbita,0.816616,26
6967,ZTF23aaqjuux,0.816384,31
6968,ZTF23aafqtag,0.814926,12
6969,ZTF21aapxtqg,0.814913,28
6970,ZTF23aadrudf,0.814274,26
6971,ZTF19ablqnuw,0.813980,14
6972,ZTF26aahaota,0.813835,43
6973,ZTF23aaxorzr,0.813802,17
6974,ZTF23abhporl,0.813769,13
6975,ZTF21acbgcma,0.813558,22
6976,ZTF25acgggyl,0.813423,36
6977,ZTF24aahmgvr,0.813280,14
6978,ZTF18acfmhrt,0.813202,24
6979,ZTF23aaqpbbu,0.813082,14
6980,ZTF21aasrcgd,0.812668,64
6981,ZTF20abgqobw,0.812207,27
6982,ZTF23abhipsi,0.811729,12
6983,ZTF19ablerwu,0.811695,15
6984,ZTF25abggutl,0.811659,16
6985,ZTF20aafkqui,0.811514,42
6986,ZTF19abtujmd,0.811068,52
6987,ZTF26aauwbqs,0.810690,19
6988,ZTF21aclpmbv,0.810557,15
6989,ZTF22aaonqcc,0.810513,33
6990,ZTF21ablducj,0.810408,35
6991,ZTF19aboclfq,0.810235,18
6992,ZTF25acgqhjx,0.808834,44
6993,ZTF21abwcois,0.807076,19
6994,ZTF20acgyulx,0.806997,11
6995,ZTF23aaqujbm,0.806344,18
6996,ZTF22aavbezc,0.805971,17
6997,ZTF21aasaxdk,0.805261,70
6998,ZTF21aaabdgr,0.805006,18
6999,ZTF23aaqmbar,0.803781,15
7000,ZTF20aauqtle,0.803720,31
7001,ZTF22aaklftp,0.802972,19
7002,ZTF24abbkewi,0.802601,31
7003,ZTF22aakddpy,0.802096,12
7004,ZTF25acegmcy,0.801919,30
7005,ZTF19abewqfb,0.801814,30
7006,ZTF24abxvcyp,0.801715,28
7007,ZTF21aarrkwn,0.801283,24
7008,ZTF25aadkeon,0.800840,24
7009,ZTF21abtavkd,0.800681,21
7010,ZTF22aajidyk,0.800521,24
7011,ZTF24aaouxmk,0.800462,10
7012,ZTF25acldzel,0.800397,14
7013,ZTF22aamjgzu,0.799536,17
7014,ZTF24abveomu,0.798984,13
7015,ZTF18aaisuxz,0.798951,94
7016,ZTF23aadjqgn,0.798618,62
7017,ZTF26aacqcmy,0.798536,56
7018,ZTF19acbszwp,0.797670,33
7019,ZTF19acxphhl,0.797607,52
7020,ZTF20accrlah,0.797601,20
7021,ZTF25aceqyfs,0.797316,14
7022,ZTF23abojogf,0.797183,12
7023,ZTF20acvagdq,0.796828,27
7024,ZTF23abolrhv,0.796761,11
7025,ZTF22aadhmoy,0.796130,43
7026,ZTF19acyogvo,0.795641,28
7027,ZTF22aadkowq,0.795413,32
7028,ZTF22aasuqme,0.795363,31
7029,ZTF20ablojul,0.794658,12
7030,ZTF20aavptfk,0.794536,10
7031,ZTF22aadhotx,0.794527,20
7032,ZTF22aafujqw,0.793751,35
7033,ZTF24abjfuew,0.792384,40
7034,ZTF22aaytmrp,0.792374,19
7035,ZTF24abosmkt,0.791996,27
7036,ZTF25aarutux,0.790707,14
7037,ZTF21aaydfro,0.790571,14
7038,ZTF21abilmme,0.790096,18
7039,ZTF19aavrcew,0.790044,28
7040,ZTF18abxjxzt,0.789792,30
7041,ZTF22abqjqmy,0.789533,20
7042,ZTF20aafwbcs,0.789411,16
7043,ZTF23abngbvw,0.788923,18
7044,ZTF18acizepv,0.788904,48
7045,ZTF23abjkwfu,0.788597,12
7046,ZTF24aauekwz,0.788061,16
7047,ZTF26aaedqqo,0.787491,15
7048,ZTF19acdihrz,0.787217,18
7049,ZTF21acjvjyk,0.786943,15
7050,ZTF22aaknvus,0.786835,27
7051,ZTF23aaejvbh,0.786568,15
7052,ZTF25aaqgpvn,0.786319,20
7053,ZTF21abkyhcg,0.785947,89
7054,ZTF21acdozee,0.785657,11
7055,ZTF20aauzoca,0.785623,16
7056,ZTF22aalbebu,0.785621,13
7057,ZTF22aatemqx,0.785487,31
7058,ZTF19abhfpok,0.784296,32
7059,ZTF23aabgybp,0.783459,36
7060,ZTF25aavwspa,0.783330,25
7061,ZTF21aaufvpg,0.782806,40
7062,ZTF24aarrkmj,0.781719,19
7063,ZTF24abyexhx,0.780949,15
7064,ZTF18aavxdrz,0.780872,18
7065,ZTF20aavgmli,0.779871,10
7066,ZTF23abawfny,0.779646,34
7067,ZTF19aclljyq,0.779535,18
7068,ZTF23abnllac,0.779298,13
7069,ZTF20aavxjmn,0.779287,21
7070,ZTF22aavcyar,0.779258,23
7071,ZTF20aascvvo,0.779193,105
7072,ZTF20aahhvci,0.778611,12
7073,ZTF22abissuo,0.778415,12
7074,ZTF25aardatq,0.778387,25
7075,ZTF19acrwvao,0.777999,20
7076,ZTF26aawilaz,0.776781,62
7077,ZTF21aagankm,0.776690,34
7078,ZTF22aaslyzj,0.776197,23
7079,ZTF23aatorzk,0.776046,31
7080,ZTF23aazxmws,0.775075,25
7081,ZTF25aatrvpg,0.774880,12
7082,ZTF19abfvhlx,0.774317,17
7083,ZTF24ablrqbf,0.774100,15
7084,ZTF18aaxvpsw,0.773244,14
7085,ZTF19acfsmih,0.772784,15
7086,ZTF22aajhlat,0.772775,16
7087,ZTF25abkxdfp,0.772439,19
7088,ZTF20abzesvm,0.771552,61
7089,ZTF21aatyplr,0.770683,40
7090,ZTF25aavoysc,0.770617,15
7091,ZTF20aagzuaw,0.770590,11
7092,ZTF25aajqewt,0.770544,24
7093,ZTF18aaaqgyc,0.768707,11
7094,ZTF22absygcs,0.768593,22
7095,ZTF25abvcnay,0.768455,23
7096,ZTF20acberca,0.768369,15
7097,ZTF24aaeolmt,0.768300,53
7098,ZTF24aaiuktj,0.767959,23
7099,ZTF19acwrujg,0.767792,34
7100,ZTF21abotjym,0.767335,39
7101,ZTF19acxxxmb,0.767245,21
7102,ZTF26aaeipil,0.766621,17
7103,ZTF20acwsaud,0.765916,14
7104,ZTF25abxfxna,0.765629,11
7105,ZTF25abqfrkp,0.765522,44
7106,ZTF22aajryew,0.764747,17
7107,ZTF23aamzljd,0.764596,14
7108,ZTF21acjepiv,0.764264,13
7109,ZTF23aabvmul,0.764230,14
7110,ZTF20acwombm,0.764195,17
7111,ZTF26aaixbao,0.764133,14
7112,ZTF22abkgiuc,0.763884,23
7113,ZTF20aaeuxqk,0.763707,45
7114,ZTF26aagrdpw,0.763437,19
7115,ZTF26aaacibe,0.763138,18
7116,ZTF22abftyra,0.763070,21
7117,ZTF20abgdkea,0.762770,146
7118,ZTF25accypwa,0.762515,18
7119,ZTF20aaommyb,0.762327,19
7120,ZTF23aaubzzz,0.762149,25
7121,ZTF21acizsqx,0.762115,15
7122,ZTF22abdoehm,0.761836,42
7123,ZTF23aalklzg,0.761492,27
7124,ZTF22abomyve,0.761435,13
7125,ZTF22aajhlaj,0.761020,87
7126,ZTF23abshpor,0.760980,18
7127,ZTF24abmpzmg,0.760862,34
7128,ZTF21aaxtscj,0.760085,20
7129,ZTF22abgbfsb,0.759540,46
7130,ZTF20abgxuqt,0.759471,100
7131,ZTF20abdxzlz,0.759329,15
7132,ZTF21abqfxnf,0.759312,33
7133,ZTF19abdhkjf,0.757992,121
7134,ZTF20abjnqcj,0.757831,26
7135,ZTF21accyulo,0.756900,16
7136,ZTF21aaafaem,0.756563,19
7137,ZTF24aaowdbj,0.756187,24
7138,ZTF20abbeoaa,0.755920,24
7139,ZTF21abmspkq,0.755713,11
7140,ZTF20abqsyfw,0.755644,20
7141,ZTF24aakajjy,0.755383,50
7142,ZTF21aawqpuf,0.755357,29
7143,ZTF21aaaevxq,0.755190,13
7144,ZTF22abgbbez,0.755169,18
7145,ZTF23abicwmr,0.755089,12
7146,ZTF21acgzwzr,0.754798,13
7147,ZTF19aavanla,0.754591,12
7148,ZTF20abeytox,0.754403,12
7149,ZTF22aakjjjj,0.753627,11
7150,ZTF24aarayhz,0.753567,21
7151,ZTF24aahtnpc,0.752752,12
7152,ZTF20acjjkhr,0.752018,16
7153,ZTF23aatddcq,0.751423,53
7154,ZTF26aakqgyq,0.750759,22
7155,ZTF20achzvss,0.749740,51
7156,ZTF21acafqtj,0.749411,38
7157,ZTF23abjaule,0.749325,29
7158,ZTF21abfapay,0.748996,13
7159,ZTF21aarmuxl,0.748933,28
7160,ZTF20acvejem,0.748761,37
7161,ZTF19abahiwr,0.748756,18
7162,ZTF22aaddvbe,0.748531,90
7163,ZTF20acsenmb,0.748363,15
7164,ZTF19abdznxo,0.747852,12
7165,ZTF25aauvaxd,0.746706,13
7166,ZTF20aazyunb,0.746561,11
7167,ZTF20ablqbvc,0.746241,41
7168,ZTF25abwpmrd,0.746146,34
7169,ZTF20abafqkq,0.745926,18
7170,ZTF24abgsvwh,0.745580,33
7171,ZTF23aajnjft,0.745493,13
7172,ZTF21abyahbi,0.745093,33
7173,ZTF19abtydmi,0.745009,139
7174,ZTF25abnmwof,0.744817,30
7175,ZTF21aaaoviv,0.744682,42
7176,ZTF22aamglhr,0.744393,11
7177,ZTF24aayajuw,0.744348,35
7178,ZTF21abwukki,0.744009,28
7179,ZTF19aavvzwq,0.743084,14
7180,ZTF20abmcoeu,0.742991,14
7181,ZTF20actowqe,0.742987,35
7182,ZTF23aacetic,0.742675,17
7183,ZTF24abqprtv,0.741513,34
7184,ZTF26aawtbkb,0.741355,15
7185,ZTF21aabdugp,0.740777,17
7186,ZTF24aaoodsh,0.740256,16
7187,ZTF26aaapzxi,0.739929,15
7188,ZTF25abwuijx,0.739724,11
7189,ZTF22aaevwec,0.739680,38
7190,ZTF21ackoiwt,0.739582,11
7191,ZTF21acizrpw,0.739474,16
7192,ZTF21abfyxpf,0.738934,41
7193,ZTF22aakqzvm,0.738862,16
7194,ZTF21achjwus,0.738833,13
7195,ZTF20acoplqe,0.738737,20
7196,ZTF24aahnviv,0.738679,24
7197,ZTF24abqldco,0.738602,34
7198,ZTF22aacrugz,0.738155,46
7199,ZTF20absejhp,0.737938,32
7200,ZTF22abfskre,0.737579,27
7201,ZTF20acvglwq,0.737130,10
7202,ZTF22aaoiddx,0.737085,28
7203,ZTF21abdlyrc,0.736734,41
7204,ZTF19acigqdd,0.736610,49
7205,ZTF24aaejrzs,0.736123,25
7206,ZTF26aaeymej,0.735956,31
7207,ZTF21aagrhot,0.734112,25
7208,ZTF22abnmqio,0.733041,22
7209,ZTF25aavthiz,0.731824,11
7210,ZTF25abugeto,0.731137,21
7211,ZTF22aapucey,0.730576,16
7212,ZTF24aaouphu,0.730217,27
7213,ZTF26aafcfhi,0.730122,43
7214,ZTF24aaoovbv,0.730002,17
7215,ZTF19aabypir,0.729962,18
7216,ZTF22abmdqzf,0.729662,19
7217,ZTF25abwcadl,0.729559,19
7218,ZTF23aaiurvg,0.729463,10
7219,ZTF25acfxzvs,0.729255,22
7220,ZTF19abkftvd,0.727895,25
7221,ZTF20aclwtgp,0.727584,15
7222,ZTF21abxaehw,0.727044,15
7223,ZTF20aarebei,0.726962,35
7224,ZTF20abrffom,0.726717,35
7225,ZTF22aaddxva,0.726656,17
7226,ZTF21abjcliz,0.726518,23
7227,ZTF21abdiilh,0.726323,14
7228,ZTF22abvciba,0.725806,16
7229,ZTF23aaovxyr,0.725664,13
7230,ZTF22aazojhy,0.725443,18
7231,ZTF21abwpkmy,0.725360,21
7232,ZTF25abxfixs,0.725187,19
7233,ZTF21acfcgnk,0.724971,16
7234,ZTF19abdduix,0.724351,13
7235,ZTF19aceckmm,0.724255,55
7236,ZTF20aaxxepr,0.724227,28
7237,ZTF24abzmhtv,0.724023,23
7238,ZTF21aaydtqk,0.723379,20
7239,ZTF23abhzekh,0.723366,15
7240,ZTF21abycrml,0.723359,19
7241,ZTF19abcyqqg,0.723174,14
7242,ZTF23aafrlta,0.722920,67
7243,ZTF24ablypqy,0.722735,13
7244,ZTF20acuiuke,0.722459,15
7245,ZTF22abmsyar,0.722382,13
7246,ZTF20actquzl,0.722133,51
7247,ZTF21acguaen,0.722115,23
7248,ZTF25abtbujl,0.721680,15
7249,ZTF23aawaoyp,0.721507,27
7250,ZTF19acykqyr,0.721406,22
7251,ZTF22aalxtor,0.721182,17
7252,ZTF23aaqsgju,0.720582,15
7253,ZTF20aabqiav,0.719759,31
7254,ZTF21abitbmh,0.719396,19
7255,ZTF20aacauwc,0.719378,31
7256,ZTF20acfkyll,0.719167,82
7257,ZTF23abhddtv,0.718267,26
7258,ZTF24aanawwh,0.717539,14
7259,ZTF21abvtfxn,0.717010,24
7260,ZTF23abogvvj,0.716684,13
7261,ZTF20aaqdkds,0.716614,22
7262,ZTF24aawokhs,0.715719,13
7263,ZTF21abyarjp,0.715563,17
7264,ZTF21acguhey,0.715405,20
7265,ZTF25aauktrd,0.715298,14
7266,ZTF23aabmbdj,0.715227,11
7267,ZTF21abaiono,0.714974,14
7268,ZTF22aazbxmi,0.714840,42
7269,ZTF25abwpluf,0.714444,22
7270,ZTF21acjosgg,0.714092,12
7271,ZTF22ablvywo,0.713283,11
7272,ZTF24aauntes,0.712553,14
7273,ZTF26aaalecs,0.711862,19
7274,ZTF23abgsbpz,0.711477,22
7275,ZTF23aajfdtn,0.710051,15
7276,ZTF25aawdzpn,0.709961,165
7277,ZTF19acdgeow,0.709721,20
7278,ZTF20aamuboy,0.708926,28
7279,ZTF22aafrecg,0.708678,28
7280,ZTF25abwpeyg,0.708415,18
7281,ZTF22aaafmzj,0.708185,14
7282,ZTF21acjnlln,0.707977,14
7283,ZTF22aaksdvi,0.707860,53
7284,ZTF19adcdgca,0.706844,49
7285,ZTF24aaxmacd,0.706793,29
7286,ZTF21abotjww,0.706790,13
7287,ZTF25aakbqpl,0.706718,33
7288,ZTF19acblqjf,0.705982,19
7289,ZTF23aafsjjj,0.705277,13
7290,ZTF19abrlznf,0.704641,12
7291,ZTF22abfzebn,0.703805,22
7292,ZTF20aamvgio,0.702898,26
7293,ZTF21abiawgh,0.702812,16
7294,ZTF25abcfyxt,0.702379,90
7295,ZTF23aamzmao,0.702104,19
7296,ZTF25absinjl,0.701966,22
7297,ZTF23aajziuv,0.701720,15
7298,ZTF26aadqmuk,0.701603,69
7299,ZTF19acymuht,0.701474,60
7300,ZTF21abcpcgi,0.701371,10
7301,ZTF21aausoqv,0.700697,26
7302,ZTF23aaxyawz,0.700458,28
7303,ZTF21abwgpgt,0.700400,53
7304,ZTF26aaljaks,0.699156,23
7305,ZTF25aapuibm,0.698821,33
7306,ZTF19abatvzs,0.697789,30
7307,ZTF22aaspijs,0.697153,25
7308,ZTF20abhziqt,0.697136,22
7309,ZTF22aahdxdt,0.697003,15
7310,ZTF21aawdqxz,0.696952,19
7311,ZTF20aagyuvy,0.696624,14
7312,ZTF24aawhnvr,0.696521,31
7313,ZTF26aaeasmp,0.696492,43
7314,ZTF26aabrsiz,0.696449,12
7315,ZTF18aaaaorq,0.696426,39
7316,ZTF20aavqfli,0.696334,29
7317,ZTF22abdjqlm,0.696014,39
7318,ZTF22aaklsqk,0.695887,11
7319,ZTF24abdwway,0.695229,13
7320,ZTF23aaefpyd,0.694990,17
7321,ZTF25abxrwbw,0.694416,15
7322,ZTF21aciuvio,0.693838,22
7323,ZTF19aazgoyz,0.693765,15
7324,ZTF24abtlsjj,0.693564,15
7325,ZTF20aciiejq,0.693259,65
7326,ZTF20abegoix,0.693105,68
7327,ZTF26aahajej,0.692953,66
7328,ZTF24abqncdb,0.692949,23
7329,ZTF18aaftrfv,0.692362,32
7330,ZTF21abicgqd,0.692121,18
7331,ZTF26aaiedvz,0.691956,96
7332,ZTF23aaixebv,0.691427,38
7333,ZTF18aamvrvi,0.691092,14
7334,ZTF20abedyic,0.690529,61
7335,ZTF19adbpulv,0.690349,28
7336,ZTF19acyfeuq,0.689954,19
7337,ZTF23ablomyj,0.689735,19
7338,ZTF20aaeopvv,0.689025,22
7339,ZTF24aaugbew,0.688739,24
7340,ZTF26aahiifn,0.688607,24
7341,ZTF22aazdzyj,0.688554,20
7342,ZTF21achziay,0.688463,14
7343,ZTF21achplgf,0.687249,40
7344,ZTF23abbdbjw,0.687068,21
7345,ZTF21abnabtv,0.686878,13
7346,ZTF20acyrodl,0.686819,16
7347,ZTF24aaqxkuz,0.686243,19
7348,ZTF20abkkvij,0.686177,17
7349,ZTF24abnoldv,0.685916,14
7350,ZTF18abuatfp,0.685583,103
7351,ZTF26aadsuad,0.685193,17
7352,ZTF21absbwyz,0.684861,16
7353,ZTF19aaywatq,0.684102,33
7354,ZTF23aawlweb,0.683802,14
7355,ZTF23aamsetv,0.683682,78
7356,ZTF20abqiyna,0.683626,12
7357,ZTF23aaqklqd,0.683520,19
7358,ZTF24aaifrrk,0.683302,19
7359,ZTF26aaeobuw,0.682922,18
7360,ZTF20aauonhf,0.682251,35
7361,ZTF24absaefn,0.681951,23
7362,ZTF23abauhvi,0.681875,39
7363,ZTF22abnsyef,0.681766,18
7364,ZTF19aamqjqc,0.681740,41
7365,ZTF22aavawoj,0.681716,11
7366,ZTF19abigafd,0.681230,12
7367,ZTF23aajiucf,0.681212,28
7368,ZTF19abqgzea,0.680578,25
7369,ZTF22aaknmsp,0.680572,21
7370,ZTF22aatqioj,0.679975,11
7371,ZTF24aaskjim,0.679735,14
7372,ZTF23aaemhsp,0.679681,19
7373,ZTF23aafgazi,0.679431,13
7374,ZTF25abuczlw,0.679373,25
7375,ZTF23abianmz,0.679366,14
7376,ZTF20acquosc,0.679258,17
7377,ZTF19acgoqhu,0.679214,16
7378,ZTF22aajtsxd,0.678782,22
7379,ZTF24abteama,0.678615,34
7380,ZTF22abqbqab,0.678541,32
7381,ZTF19acbmjrp,0.678522,23
7382,ZTF20abermbe,0.678512,56
7383,ZTF20aakfofq,0.678448,26
7384,ZTF25acerubb,0.678250,14
7385,ZTF23aazsjal,0.677445,16
7386,ZTF19aaxwsby,0.677032,31
7387,ZTF23abbbybs,0.676605,19
7388,ZTF21aabyqkf,0.676475,13
7389,ZTF25aaqbsio,0.676310,13
7390,ZTF22aajkifc,0.676180,80
7391,ZTF21abowpnd,0.675500,25
7392,ZTF20aausbfk,0.674529,17
7393,ZTF20aandvwt,0.674387,18
7394,ZTF22aapsmdv,0.674182,18
7395,ZTF24abtrbqi,0.674106,14
7396,ZTF23aavzabj,0.673990,45
7397,ZTF24abacbwh,0.673800,31
7398,ZTF21abbxnbm,0.673619,37
7399,ZTF20abwbrcv,0.673545,17
7400,ZTF19abdqaao,0.673277,21
7401,ZTF24abqvdnb,0.673256,22
7402,ZTF18acvbzlh,0.673186,33
7403,ZTF23aaqnhmi,0.672974,22
7404,ZTF24abvtglw,0.672867,54
7405,ZTF23aarlusn,0.672867,19
7406,ZTF25achctne,0.672841,24
7407,ZTF22aahwvhu,0.672786,20
7408,ZTF24aavdxwf,0.672658,16
7409,ZTF18abkhgfg,0.672427,45
7410,ZTF24aaqcrdh,0.671610,16
7411,ZTF21aagkxnb,0.671456,12
7412,ZTF22aaftqlu,0.671345,14
7413,ZTF20abrnvwf,0.671071,50
7414,ZTF22aaafyxh,0.670921,25
7415,ZTF25abwemza,0.670479,18
7416,ZTF24aaskklu,0.670470,15
7417,ZTF22aaimaod,0.670406,23
7418,ZTF21aarzrix,0.670381,31
7419,ZTF23aaenexu,0.670278,18
7420,ZTF20abqlonn,0.669707,29
7421,ZTF21aaadiap,0.669706,12
7422,ZTF21abwprfj,0.669225,23
7423,ZTF23aansjnr,0.668977,13
7424,ZTF20acwtqim,0.667799,11
7425,ZTF22aapttph,0.667719,23
7426,ZTF21aarrfjt,0.667628,17
7427,ZTF21abcprql,0.667092,15
7428,ZTF22aatnyqk,0.666995,32
7429,ZTF20aauwtdx,0.666558,27
7430,ZTF24abbsuhu,0.666478,15
7431,ZTF26aauunhp,0.665708,36
7432,ZTF22aajgubk,0.664927,31
7433,ZTF22aaaunno,0.664894,19
7434,ZTF20aayclod,0.664012,26
7435,ZTF23aamxett,0.663943,20
7436,ZTF19acaqqxo,0.663604,50
7437,ZTF21abizskk,0.663512,15
7438,ZTF22abayozq,0.663186,21
7439,ZTF19acgxbwo,0.662679,37
7440,ZTF20acwogiu,0.662636,24
7441,ZTF21aagtceu,0.662326,22
7442,ZTF22aadfnrx,0.661884,85
7443,ZTF26aahcbch,0.661857,31
7444,ZTF19abaosan,0.661320,47
7445,ZTF26aamwbaf,0.661235,22
7446,ZTF25aauefrh,0.660963,37
7447,ZTF23aavmeyo,0.660499,30
7448,ZTF23abmyivq,0.660255,13
7449,ZTF21aaxxjen,0.660155,22
7450,ZTF19abzvvkb,0.659685,20
7451,ZTF26aaflpcy,0.659675,44
7452,ZTF19abiszoe,0.659632,10
7453,ZTF20achojyc,0.659242,16
7454,ZTF26aawzpcp,0.659091,27
7455,ZTF22aajwlug,0.658919,24
7456,ZTF23aalakgj,0.658441,25
7457,ZTF21aardcks,0.658286,38
7458,ZTF24abofmrg,0.658223,27
7459,ZTF21abcbaqx,0.657992,18
7460,ZTF20aasuiks,0.657552,48
7461,ZTF24aawxpeu,0.657421,28
7462,ZTF21abbyhvw,0.657311,20
7463,ZTF20abqofgc,0.657197,40
7464,ZTF20abftdyu,0.657042,18
7465,ZTF21abvrqla,0.656822,23
7466,ZTF25acefaoq,0.656794,14
7467,ZTF20acjlkpe,0.656321,32
7468,ZTF20abdtkmi,0.656296,31
7469,ZTF24abtdxyg,0.655984,14
7470,ZTF24aaccbtw,0.655766,15
7471,ZTF25aaptbyd,0.655464,18
7472,ZTF22aayjqwa,0.655402,14
7473,ZTF18abfxhsz,0.655290,24
7474,ZTF22aagbucb,0.654808,39
7475,ZTF24aabsvls,0.654070,15
7476,ZTF20acjoazg,0.653941,20
7477,ZTF18abdnkfa,0.653755,14
7478,ZTF26aardxwd,0.653613,16
7479,ZTF20abfehpe,0.653166,45
7480,ZTF24aasqeih,0.652900,17
7481,ZTF24aawaumk,0.652825,19
7482,ZTF23ablfkge,0.652017,12
7483,ZTF24abtalyw,0.651833,17
7484,ZTF25abmrqri,0.651480,14
7485,ZTF25aadjslr,0.650720,12
7486,ZTF24aarecvo,0.649186,20
7487,ZTF21abgmyzw,0.648818,33
7488,ZTF22aakkill,0.648814,13
7489,ZTF21abdflcm,0.648645,16
7490,ZTF24abxwbfy,0.647506,18
7491,ZTF25abqnjhz,0.647087,28
7492,ZTF26aabdhlu,0.647006,19
7493,ZTF24aawhjnm,0.646958,11
7494,ZTF22aaoysqc,0.646570,13
7495,ZTF22abfhzie,0.646561,21
7496,ZTF21acjgpjk,0.646347,13
7497,ZTF20aaqxnmt,0.646327,10
7498,ZTF21abjvldx,0.646275,23
7499,ZTF23aaxftlt,0.646065,34
7500,ZTF19aavlfvn,0.645853,10
7501,ZTF24abrfcqd,0.645190,38
7502,ZTF25aaittoe,0.645106,14
7503,ZTF23aaojjru,0.645054,29
7504,ZTF23absjbyu,0.645033,16
7505,ZTF20acinaeq,0.644978,28
7506,ZTF20acuqecm,0.644931,16
7507,ZTF20acqwnmo,0.644897,18
7508,ZTF25abigydq,0.644843,13
7509,ZTF19abhxllw,0.644609,17
7510,ZTF19acnldcx,0.644286,20
7511,ZTF18abqlwgk,0.643422,45
7512,ZTF22aaoidkm,0.643181,11
7513,ZTF23aawkboo,0.642846,20
7514,ZTF25abrjkmi,0.642191,14
7515,ZTF24aaovqaq,0.642088,13
7516,ZTF21abgkcqn,0.642081,23
7517,ZTF18acvwtsg,0.642008,22
7518,ZTF21abkqvdo,0.641912,40
7519,ZTF20acmpkpr,0.641459,17
7520,ZTF26aavgtml,0.641067,16
7521,ZTF26aaaqekd,0.640532,17
7522,ZTF26aafzely,0.640046,20
7523,ZTF20aammhli,0.639977,66
7524,ZTF23aafratn,0.639877,21
7525,ZTF19acblhej,0.639693,40
7526,ZTF21aaazjia,0.639350,10
7527,ZTF23aajazzg,0.638905,19
7528,ZTF23abndank,0.638764,15
7529,ZTF25aafwssq,0.638354,38
7530,ZTF25aahgpmt,0.637667,18
7531,ZTF25abujqfg,0.636876,20
7532,ZTF24abqwrpk,0.636780,41
7533,ZTF21abflgxt,0.635820,35
7534,ZTF22ablcybb,0.635603,20
7535,ZTF20aauwtdz,0.635457,12
7536,ZTF23abcdorg,0.635265,49
7537,ZTF21acjvgxg,0.634785,17
7538,ZTF20aamigez,0.634600,44
7539,ZTF23aasllsq,0.634537,12
7540,ZTF24aanmorm,0.634424,15
7541,ZTF22abecbbd,0.634324,72
7542,ZTF20acioiem,0.633979,18
7543,ZTF24aaybeda,0.633090,30
7544,ZTF25abufvlf,0.632947,39
7545,ZTF22aagyrlp,0.632609,22
7546,ZTF25acgxwji,0.632484,13
7547,ZTF26aaadlaa,0.632249,64
7548,ZTF22aabimec,0.632147,31
7549,ZTF21abswnzb,0.632137,15
7550,ZTF23abcoduw,0.631886,41
7551,ZTF19aayebej,0.631622,14
7552,ZTF19abcndvf,0.631589,16
7553,ZTF21acqceqc,0.631400,13
7554,ZTF19acetzrc,0.631097,18
7555,ZTF22aajrrzz,0.631007,15
7556,ZTF21abclpxl,0.630816,15
7557,ZTF19abpphqt,0.630639,34
7558,ZTF18acvwmpw,0.630602,30
7559,ZTF21acidhhs,0.629977,15
7560,ZTF25aanmiqt,0.629965,11
7561,ZTF19aavqoyu,0.629960,13
7562,ZTF25abkoomo,0.629929,29
7563,ZTF19adgobek,0.629774,204
7564,ZTF20abynbhh,0.629053,10
7565,ZTF24aalcktq,0.628805,26
7566,ZTF19aaniqik,0.628379,42
7567,ZTF19aapbfot,0.628338,38
7568,ZTF22aaqrflg,0.628192,21
7569,ZTF20abbvlha,0.627847,44
7570,ZTF20acjzipj,0.627356,14
7571,ZTF24aappiba,0.627224,10
7572,ZTF24abzarii,0.626539,11
7573,ZTF24abcyplg,0.626481,12
7574,ZTF19adbtrnk,0.626377,61
7575,ZTF23aaecexq,0.626316,70
7576,ZTF23aavzgjg,0.626132,18
7577,ZTF24aajjcnd,0.626064,30
7578,ZTF24aaxqhje,0.625810,36
7579,ZTF20aahvmrw,0.625798,24
7580,ZTF21abixmzi,0.625696,18
7581,ZTF22abcmfhh,0.625665,13
7582,ZTF24aakznxl,0.624844,44
7583,ZTF21aaxxjdr,0.624328,17
7584,ZTF24aavapoe,0.624242,35
7585,ZTF21aaxtmyr,0.624175,33
7586,ZTF23abizggp,0.623933,13
7587,ZTF19abdkege,0.623684,19
7588,ZTF25abkeofy,0.623606,17
7589,ZTF26aagjxyd,0.623344,44
7590,ZTF26aahjyxl,0.623298,28
7591,ZTF22aaschcc,0.623252,24
7592,ZTF19acxnemy,0.623118,37
7593,ZTF19acfqtej,0.622346,25
7594,ZTF22aaxgujq,0.622231,65
7595,ZTF20aaurgat,0.621740,19
7596,ZTF20aavfwdo,0.621734,31
7597,ZTF23abhxvly,0.621723,30
7598,ZTF20acvdfmw,0.621485,24
7599,ZTF22aaszhgm,0.621428,18
7600,ZTF21aasmkqh,0.620149,11
7601,ZTF21aaxgwtb,0.619970,19
7602,ZTF20acplpur,0.619750,13
7603,ZTF20aavpvaw,0.619749,10
7604,ZTF22abykdbm,0.619030,26
7605,ZTF24aapjkfl,0.618891,12
7606,ZTF23aajahua,0.618730,22
7607,ZTF24aavkhwi,0.618727,56
7608,ZTF20abotoap,0.618443,11
7609,ZTF21aaqztcg,0.618439,42
7610,ZTF18aayawpk,0.618247,19
7611,ZTF19aatcwtj,0.617495,19
7612,ZTF21abukrln,0.617363,31
7613,ZTF24aajqarq,0.617265,19
7614,ZTF25aaitagy,0.617169,27
7615,ZTF22aawaudo,0.616656,22
7616,ZTF23aaelgnd,0.616535,20
7617,ZTF21abvyheu,0.616382,16
7618,ZTF21aadudgy,0.616347,17
7619,ZTF25aauyavj,0.616059,21
7620,ZTF21acfccil,0.615312,14
7621,ZTF21aagoihc,0.615073,14
7622,ZTF24aaxvbmg,0.614973,33
7623,ZTF25ackyjjn,0.614859,17
7624,ZTF19aazrnvw,0.614160,26
7625,ZTF25abghevu,0.613609,67
7626,ZTF20acpjino,0.612892,40
7627,ZTF19aagmqew,0.612734,16
7628,ZTF24aasjvif,0.612495,19
7629,ZTF24abwufbf,0.612466,19
7630,ZTF21achfddh,0.612325,19
7631,ZTF20aawrmcm,0.612186,32
7632,ZTF21aaufwyh,0.612082,29
7633,ZTF23aaqbyzr,0.611708,69
7634,ZTF25aaucqjp,0.611559,24
7635,ZTF22aafpwru,0.611511,12
7636,ZTF24abaguss,0.611477,25
7637,ZTF20aanrkeh,0.611292,20
7638,ZTF21aamgrxm,0.610013,12
7639,ZTF21aazqynq,0.609997,14
7640,ZTF19acbmydp,0.609891,16
7641,ZTF26aadtowp,0.609636,18
7642,ZTF19accjerb,0.608619,20
7643,ZTF20acnzamm,0.608043,63
7644,ZTF22aasfzzf,0.607940,33
7645,ZTF20acvkjrm,0.607829,27
7646,ZTF21abfnkvs,0.607597,28
7647,ZTF24aabnihs,0.607436,42
7648,ZTF21abzalvk,0.606789,18
7649,ZTF20acgided,0.605918,75
7650,ZTF22aalwghb,0.605866,29
7651,ZTF21achkmpq,0.605660,18
7652,ZTF20acihrmy,0.605639,11
7653,ZTF19acduepd,0.605561,18
7654,ZTF24ablvbgb,0.605275,29
7655,ZTF24aaifqft,0.605107,14
7656,ZTF20acpkqhq,0.604893,22
7657,ZTF20actlvpy,0.604667,12
7658,ZTF25abbpjct,0.604063,65
7659,ZTF21aaxyios,0.603788,36
7660,ZTF21aayyxum,0.603665,22
7661,ZTF25aarxlrd,0.603520,26
7662,ZTF19aaypehm,0.603478,23
7663,ZTF24ablzmbm,0.603014,36
7664,ZTF20acjbpny,0.603007,20
7665,ZTF23aaenavs,0.602777,20
7666,ZTF25acgzheh,0.602611,13
7667,ZTF23aasqghk,0.602567,13
7668,ZTF24abtareh,0.601539,18
7669,ZTF21acjelll,0.601151,12
7670,ZTF24aaovyix,0.600862,25
7671,ZTF25aceiycd,0.600814,53
7672,ZTF20acvkwkt,0.600749,24
7673,ZTF19abwqrgd,0.600366,15
7674,ZTF20abekrkt,0.600363,12
7675,ZTF21aahuqyp,0.600276,25
7676,ZTF23aaeozef,0.600083,24
7677,ZTF24aaoaghn,0.599895,10
7678,ZTF25abuimyi,0.599609,22
7679,ZTF25aafptqd,0.598450,23
7680,ZTF20acfveoi,0.598344,16
7681,ZTF24abvgooe,0.598135,15
7682,ZTF21aahsqng,0.598008,12
7683,ZTF20aciifmf,0.597786,11
7684,ZTF22aakdqqg,0.597717,57
7685,ZTF26aabkpnz,0.597466,16
7686,ZTF20aaifyfx,0.597431,13
7687,ZTF20abxsdit,0.597107,25
7688,ZTF20aaurgsj,0.597060,91
7689,ZTF22aakfeuk,0.597023,12
7690,ZTF20acgrmvg,0.596647,52
7691,ZTF23abkiovn,0.596509,39
7692,ZTF20aamgdkb,0.596453,41
7693,ZTF19aawfbzn,0.595406,15
7694,ZTF24abcnmsw,0.595394,11
7695,ZTF24aaiftcp,0.595371,22
7696,ZTF21achkgud,0.595074,30
7697,ZTF24aaxaqod,0.594927,18
7698,ZTF18aawigkf,0.594672,24
7699,ZTF25acgopcs,0.593927,15
7700,ZTF20achqcjd,0.593621,11
7701,ZTF20acnzpdx,0.593376,13
7702,ZTF21abqpzek,0.593013,32
7703,ZTF22aauhism,0.592918,27
7704,ZTF23aazbixo,0.592859,10
7705,ZTF20acoanlv,0.591849,16
7706,ZTF26aakxxdk,0.591693,23
7707,ZTF20abjyomd,0.590938,16
7708,ZTF23abhzznc,0.589818,33
7709,ZTF21aagpdzy,0.589789,13
7710,ZTF20abywpje,0.589675,64
7711,ZTF21abdbtqw,0.589436,24
7712,ZTF25abijzcu,0.589309,20
7713,ZTF20aamkyyx,0.589202,14
7714,ZTF24aaqjfiw,0.588982,12
7715,ZTF21ackcrao,0.588842,14
7716,ZTF22aasoyhl,0.588821,32
7717,ZTF21acilvjb,0.588605,40
7718,ZTF24aahlctw,0.588360,46
7719,ZTF21abbvvmf,0.588268,33
7720,ZTF21aaxydav,0.588208,58
7721,ZTF22abfdiwm,0.588036,19
7722,ZTF22aajwknp,0.587930,15
7723,ZTF22aatuzht,0.587248,41
7724,ZTF23aaetxdd,0.587204,13
7725,ZTF20actowxb,0.587096,24
7726,ZTF23aaixbrm,0.586775,14
7727,ZTF23aavqyeq,0.586449,38
7728,ZTF22abggmtd,0.586262,27
7729,ZTF26aaadopr,0.585326,17
7730,ZTF22aahdlla,0.585161,12
7731,ZTF21acbxtir,0.584989,34
7732,ZTF19abljinr,0.584980,19
7733,ZTF23aajinmo,0.584651,10
7734,ZTF24abbsboo,0.584236,14
7735,ZTF20aaybwwr,0.583775,48
7736,ZTF23abjffdz,0.583694,23
7737,ZTF24aaudwan,0.583578,15
7738,ZTF26aabuuiu,0.583015,30
7739,ZTF24aatwwpj,0.582967,37
7740,ZTF25abrfzvc,0.582693,21
7741,ZTF22aavdzpf,0.582572,29
7742,ZTF20aamobue,0.582255,16
7743,ZTF25aavktip,0.581802,22
7744,ZTF22aaheepe,0.581490,15
7745,ZTF24aakslfd,0.581204,29
7746,ZTF22abaucli,0.581187,13
7747,ZTF25acjglgj,0.580902,19
7748,ZTF22abijazj,0.580560,19
7749,ZTF23abdsecb,0.580499,21
7750,ZTF19abymukc,0.580317,20
7751,ZTF19achaqju,0.580311,10
7752,ZTF20acpygry,0.579674,17
7753,ZTF22aadeqlh,0.579333,35
7754,ZTF23aaixjxs,0.577843,30
7755,ZTF21abidgin,0.577756,13
7756,ZTF20achwpvs,0.577652,23
7757,ZTF21aaymysx,0.577395,25
7758,ZTF20acvchhw,0.577240,19
7759,ZTF22abjelcl,0.576970,21
7760,ZTF22aaffaah,0.576375,25
7761,ZTF23aawzkue,0.576272,14
7762,ZTF22aatuatn,0.575568,26
7763,ZTF22aaoxbke,0.575473,22
7764,ZTF18aasprui,0.575022,25
7765,ZTF20aahgkhg,0.574864,15
7766,ZTF25abinisq,0.574701,10
7767,ZTF22aajvhrj,0.574615,22
7768,ZTF20aclfavg,0.574460,17
7769,ZTF24aaxwymv,0.573820,20
7770,ZTF19abdlqbu,0.573798,15
7771,ZTF22abgdoom,0.573724,13
7772,ZTF20aahqbla,0.573638,18
7773,ZTF19abdurqw,0.573599,11
7774,ZTF20aciaxil,0.573456,16
7775,ZTF20abmjsun,0.573192,50
7776,ZTF22abokswi,0.572710,14
7777,ZTF26aarcsni,0.572660,11
7778,ZTF22abokyfg,0.572462,49
7779,ZTF22aahatzq,0.572174,30
7780,ZTF19acmbjmp,0.571736,47
7781,ZTF22abswzwg,0.571646,85
7782,ZTF25aaehohz,0.571294,30
7783,ZTF26aadewjq,0.571168,14
7784,ZTF25aavcbqe,0.570692,14
7785,ZTF25abxretq,0.570583,30
7786,ZTF25abxcmlu,0.570456,24
7787,ZTF25acgprwc,0.570416,11
7788,ZTF22abggmuu,0.570384,33
7789,ZTF24aapjmye,0.569832,86
7790,ZTF20abqosnh,0.569444,70
7791,ZTF24aajxsbr,0.568995,39
7792,ZTF21abebqtu,0.568989,23
7793,ZTF21aaymuyw,0.568347,17
7794,ZTF22aahgvlx,0.568224,18
7795,ZTF20aczskzx,0.568043,17
7796,ZTF24aarnngl,0.567848,39
7797,ZTF24abaclyy,0.567766,25
7798,ZTF21aaoofjy,0.567647,21
7799,ZTF18acsxguy,0.567388,49
7800,ZTF22aashqrd,0.567208,33
7801,ZTF21aatkdcw,0.566991,28
7802,ZTF21aapjkul,0.566846,25
7803,ZTF22abtdxyb,0.566202,15
7804,ZTF18aafzers,0.566071,20
7805,ZTF21aapvuor,0.565905,18
7806,ZTF21aatmfnz,0.565759,37
7807,ZTF22abteyfx,0.564591,13
7808,ZTF25abkopax,0.564426,18
7809,ZTF22abbdxho,0.564409,10
7810,ZTF20aatrvpl,0.564011,16
7811,ZTF21aadalct,0.563966,27
7812,ZTF22aakpdnk,0.563049,14
7813,ZTF26aasigxj,0.562555,37
7814,ZTF24aalngiq,0.562239,47
7815,ZTF23aajduii,0.561557,15
7816,ZTF25aayxbts,0.561137,18
7817,ZTF25aapqnba,0.560893,12
7818,ZTF18acskaze,0.560839,122
7819,ZTF25abazqup,0.560673,21
7820,ZTF24abkfmfr,0.560598,27
7821,ZTF24aawxngf,0.560130,13
7822,ZTF22aakpzai,0.559986,14
7823,ZTF20absvwdh,0.559921,23
7824,ZTF20actnran,0.559507,12
7825,ZTF20abyjopm,0.559478,42
7826,ZTF25aavgiuu,0.559237,13
7827,ZTF18adpqwfo,0.559177,16
7828,ZTF21abuffew,0.559030,25
7829,ZTF25aceragi,0.558958,21
7830,ZTF23abhisfx,0.558762,21
7831,ZTF24abcizry,0.557823,12
7832,ZTF22aadexun,0.557802,20
7833,ZTF19abgrmfu,0.557781,27
7834,ZTF21abdittw,0.557692,21
7835,ZTF24aalbxnl,0.557559,17
7836,ZTF22aazpfxt,0.557321,23
7837,ZTF20ablrhnn,0.557036,56
7838,ZTF24ablfmuh,0.556850,11
7839,ZTF20ackrvva,0.556786,21
7840,ZTF19aazwnwy,0.556497,25
7841,ZTF19aaywlmi,0.556246,26
7842,ZTF25aadefqg,0.556137,20
7843,ZTF24aalacml,0.555493,16
7844,ZTF22aaafdpd,0.554754,14
7845,ZTF24aauywft,0.554665,13
7846,ZTF21aatlbsi,0.554520,28
7847,ZTF18aawiilg,0.554429,21
7848,ZTF22aaiiaco,0.554273,11
7849,ZTF21aaswtok,0.554253,32
7850,ZTF20abfxhzc,0.554174,87
7851,ZTF20aaxvzja,0.553102,28
7852,ZTF23aaxfxga,0.552988,20
7853,ZTF23abepswe,0.552182,13
7854,ZTF25abogfap,0.551938,16
7855,ZTF21aaxstwx,0.551760,14
7856,ZTF20aattyyx,0.551327,28
7857,ZTF20abkrwdu,0.551245,27
7858,ZTF21aaprevg,0.550966,21
7859,ZTF20acqkagc,0.549415,15
7860,ZTF24abqppoq,0.549339,37
7861,ZTF25abwoqgx,0.549271,16
7862,ZTF24absfvyv,0.549226,15
7863,ZTF25aalqrrk,0.548992,15
7864,ZTF25abxebsb,0.548939,23
7865,ZTF21abxtthp,0.548735,22
7866,ZTF21abwptxm,0.548252,18
7867,ZTF20acpqbfu,0.548247,30
7868,ZTF20aaruwbp,0.547948,20
7869,ZTF25aaklxxk,0.547747,21
7870,ZTF21achixlj,0.547706,19
7871,ZTF23aamxfwg,0.547482,16
7872,ZTF23abociqo,0.547395,91
7873,ZTF21accomjr,0.547036,33
7874,ZTF23aaencdh,0.546644,16
7875,ZTF25aaixhzr,0.546630,12
7876,ZTF24aardkhs,0.546484,17
7877,ZTF20aaiomlf,0.546145,10
7878,ZTF26aawtwql,0.545669,20
7879,ZTF20aayuztw,0.545337,15
7880,ZTF22aahmbzq,0.545178,14
7881,ZTF21abcfgwv,0.544859,19
7882,ZTF20abirxmf,0.544414,14
7883,ZTF21abdsnos,0.544311,22
7884,ZTF19abqgytb,0.544011,27
7885,ZTF20abaizkk,0.543742,16
7886,ZTF19aboqpry,0.543528,14
7887,ZTF21aaxtgia,0.542899,17
7888,ZTF24aaleiew,0.542686,14
7889,ZTF25abwpuzu,0.542648,16
7890,ZTF21aaxtlbp,0.542353,17
7891,ZTF24aanzypu,0.542037,21
7892,ZTF20aclfqqa,0.541770,19
7893,ZTF22aatgiuw,0.541618,13
7894,ZTF24aakpxmk,0.540696,26
7895,ZTF21aaapfal,0.540460,13
7896,ZTF24aapcdqi,0.540291,19
7897,ZTF25abdsrto,0.539934,28
7898,ZTF19acaiers,0.539718,19
7899,ZTF26aakkrjv,0.539662,21
7900,ZTF24abiklnb,0.539391,14
7901,ZTF21abowuqe,0.539382,23
7902,ZTF23aaelxbd,0.538832,24
7903,ZTF25abnldhm,0.538523,46
7904,ZTF25aceqeos,0.538371,12
7905,ZTF19aathapt,0.538167,14
7906,ZTF18aajjhkq,0.538136,31
7907,ZTF25abwjhuu,0.538081,22
7908,ZTF25abbxwaw,0.537367,17
7909,ZTF21aaxxihx,0.537349,24
7910,ZTF19abvhqow,0.537148,20
7911,ZTF21abcmrkh,0.536972,17
7912,ZTF24aawsbpd,0.535118,36
7913,ZTF23aaeblgi,0.535102,11
7914,ZTF20acpmfsg,0.534208,24
7915,ZTF23aagmbrd,0.534198,17
7916,ZTF24aaabybk,0.533769,13
7917,ZTF20aagmpdc,0.533212,22
7918,ZTF23aailodz,0.533131,12
7919,ZTF24aamthmv,0.532174,15
7920,ZTF22abbisqk,0.532112,14
7921,ZTF23aaeaxgr,0.532063,19
7922,ZTF25abufxwd,0.531940,18
7923,ZTF25ablvnxt,0.531763,11
7924,ZTF24abruaqt,0.531012,21
7925,ZTF19abzhvxk,0.530973,21
7926,ZTF20aaezizk,0.530844,27
7927,ZTF20acpxvrj,0.530432,23
7928,ZTF26aamdpst,0.529724,28
7929,ZTF19abfqmqz,0.529717,17
7930,ZTF22aamgjeh,0.529703,26
7931,ZTF18acszuad,0.529697,16
7932,ZTF24aajhkza,0.529328,19
7933,ZTF24abtzpka,0.528932,50
7934,ZTF25abozbew,0.528694,32
7935,ZTF26aauyzzb,0.528254,10
7936,ZTF22aatrrjy,0.528165,23
7937,ZTF20acklbgq,0.528112,13
7938,ZTF24abtekov,0.527685,35
7939,ZTF21aapecxb,0.527548,16
7940,ZTF21abvvuhm,0.527465,14
7941,ZTF21abcyzzi,0.527126,30
7942,ZTF24ablvhhd,0.526706,14
7943,ZTF23aaizzxm,0.526687,14
7944,ZTF20actogyl,0.526494,28
7945,ZTF25ablgxyi,0.526483,69
7946,ZTF25aakgumm,0.526211,11
7947,ZTF20abseype,0.525456,19
7948,ZTF20acpbbqf,0.525384,12
7949,ZTF25acgfksh,0.524530,18
7950,ZTF22aalmrqp,0.524311,15
7951,ZTF25aavikwq,0.524054,53
7952,ZTF24aammkvn,0.523403,40
7953,ZTF23aazugbh,0.522873,66
7954,ZTF22aauhprt,0.522819,12
7955,ZTF23abiiaqx,0.522742,22
7956,ZTF20abpliud,0.522681,12
7957,ZTF20acobamg,0.522542,19
7958,ZTF21abbubxq,0.522450,28
7959,ZTF19abpmetl,0.521838,28
7960,ZTF23abbeahk,0.521580,15
7961,ZTF26aaaqczz,0.521507,20
7962,ZTF25abqrutf,0.521433,28
7963,ZTF20aaznsuz,0.520871,18
7964,ZTF21acipkxm,0.520682,11
7965,ZTF23aaewyuh,0.520543,18
7966,ZTF19aavoweu,0.520263,15
7967,ZTF24aafbdtb,0.520112,41
7968,ZTF25abyeqig,0.519853,15
7969,ZTF22aambuap,0.519834,27
7970,ZTF23aaicdql,0.519095,22
7971,ZTF20abhzgly,0.519013,93
7972,ZTF24aacggve,0.518700,81
7973,ZTF17aabzjxl,0.518556,22
7974,ZTF22abnxjnn,0.518529,12
7975,ZTF20acekfzd,0.518473,22
7976,ZTF19acbpwwg,0.518048,25
7977,ZTF25aanfcui,0.517716,17
7978,ZTF23aaqmxqw,0.517383,17
7979,ZTF22aauscai,0.516993,17
7980,ZTF26aajmiei,0.516956,15
7981,ZTF20abbbumr,0.516892,17
7982,ZTF18abobebb,0.515869,21
7983,ZTF24abbcmal,0.515573,35
7984,ZTF20acinjas,0.515512,18
7985,ZTF20aammbrw,0.515216,21
7986,ZTF18aawrotg,0.515127,20
7987,ZTF24abatvif,0.515042,30
7988,ZTF21aagolae,0.514637,17
7989,ZTF19accqfon,0.513917,30
7990,ZTF20aautxrl,0.513698,17
7991,ZTF23aanpwhc,0.513676,14
7992,ZTF21abvuclg,0.513376,25
7993,ZTF24aaotlpe,0.513269,45
7994,ZTF24abchygn,0.513006,19
7995,ZTF24aagkuss,0.512942,34
7996,ZTF21abclont,0.512892,30
7997,ZTF21abieuta,0.512630,21
7998,ZTF19abpuyve,0.512299,10
7999,ZTF20acogybn,0.512219,16
8000,ZTF19abopflp,0.512108,66
8001,ZTF21abmzrtp,0.512093,20
8002,ZTF25acdxdbq,0.512068,15
8003,ZTF24aaidazw,0.511841,24
8004,ZTF22abxbewi,0.511377,24
8005,ZTF21aaynlsf,0.511158,14
8006,ZTF21abwdasa,0.511127,17
8007,ZTF22ablbgrl,0.510719,19
8008,ZTF20aciigcw,0.510709,11
8009,ZTF21abvgprv,0.510461,20
8010,ZTF24acahvqw,0.510088,11
8011,ZTF23abjfulp,0.509530,18
8012,ZTF21aardypy,0.509496,25
8013,ZTF21aaptouk,0.508834,26
8014,ZTF19abaupin,0.508765,12
8015,ZTF23aaekily,0.508616,13
8016,ZTF21acelnth,0.508501,49
8017,ZTF20abjxtca,0.508384,13
8018,ZTF25aaxincd,0.508340,31
8019,ZTF23aalrvep,0.508329,26
8020,ZTF21ablmjsd,0.508148,21
8021,ZTF22aasrabo,0.508118,20
8022,ZTF24abuhihq,0.508007,17
8023,ZTF24aaupnbu,0.507516,41
8024,ZTF20abpdsfd,0.507210,51
8025,ZTF22aadolze,0.507178,59
8026,ZTF23aaaptpf,0.507105,38
8027,ZTF20abpuwxl,0.506592,76
8028,ZTF19acjtkha,0.505708,15
8029,ZTF25aattqgf,0.505638,20
8030,ZTF22aaijnqy,0.505490,48
8031,ZTF25aachzgf,0.505395,56
8032,ZTF23abclqik,0.505355,94
8033,ZTF22abmcfbh,0.505349,18
8034,ZTF24aahterx,0.505029,18
8035,ZTF19abxphdh,0.504848,19
8036,ZTF22abgfhkd,0.504727,13
8037,ZTF23aafwykt,0.504188,18
8038,ZTF22aadervr,0.503919,21
8039,ZTF20acmbffa,0.503751,36
8040,ZTF25abawvzf,0.503339,31
8041,ZTF23abhzlbh,0.503280,29
8042,ZTF24abmuwqd,0.503108,27
8043,ZTF24abrhxcq,0.503082,12
8044,ZTF19abqgxqb,0.502204,11
8045,ZTF25acgclla,0.501704,14
8046,ZTF19acobfoo,0.501531,22
8047,ZTF22aagtrsh,0.501039,14
8048,ZTF23aadwhmn,0.500938,15
8049,ZTF24abjsdsv,0.500909,24
8050,ZTF19adcbxkw,0.500846,11
8051,ZTF22abieqzx,0.500817,32
8052,ZTF25aavgqpf,0.500816,11
8053,ZTF22aakyeps,0.500617,48
8054,ZTF25abtmtxr,0.500537,14
8055,ZTF20acvcxkz,0.499725,29
8056,ZTF24aammkyw,0.499611,25
8057,ZTF20achpgdp,0.499482,34
8058,ZTF19acyndbj,0.499477,48
8059,ZTF21abmzzxa,0.499034,20
8060,ZTF20aamknxn,0.498922,14
8061,ZTF19abpzvae,0.498878,13
8062,ZTF23aasovdv,0.498658,31
8063,ZTF19adajnqw,0.498526,11
8064,ZTF19abdkecj,0.498214,21
8065,ZTF24abjledk,0.498188,26
8066,ZTF20abjcyhg,0.496942,60
8067,ZTF24aakzgnd,0.496334,54
8068,ZTF24aaxnldo,0.496282,24
8069,ZTF21abfyjkh,0.496193,23
8070,ZTF24abcqato,0.496121,14
8071,ZTF19aatlqdf,0.495874,45
8072,ZTF23aadwigb,0.495515,30
8073,ZTF26aaaqeak,0.495507,17
8074,ZTF20achvolj,0.494605,16
8075,ZTF19adbmfpi,0.494569,15
8076,ZTF20adaenal,0.494290,32
8077,ZTF19abhiayh,0.493962,16
8078,ZTF25acakygt,0.493581,18
8079,ZTF22aaodgop,0.493424,13
8080,ZTF21aaoqell,0.493285,14
8081,ZTF23aanspei,0.492928,28
8082,ZTF23aaprmac,0.492519,10
8083,ZTF20abhvnzc,0.491656,19
8084,ZTF23abbknap,0.491463,31
8085,ZTF20abefdew,0.491327,12
8086,ZTF22aajhdnf,0.490872,24
8087,ZTF20abkcntv,0.490821,28
8088,ZTF24abccail,0.490661,16
8089,ZTF23aafumlg,0.490336,41
8090,ZTF20acnvtxy,0.490112,14
8091,ZTF20aaftsqt,0.490099,22
8092,ZTF21abowffk,0.490035,14
8093,ZTF21aacbnkd,0.489793,20
8094,ZTF20abmkypp,0.489659,14
8095,ZTF21aayebkx,0.489649,28
8096,ZTF24abnosdv,0.489583,14
8097,ZTF20aavnljl,0.489577,32
8098,ZTF19aaxibpz,0.489363,21
8099,ZTF20abpifai,0.489170,44
8100,ZTF20acuiprx,0.489039,11
8101,ZTF18aadvsxy,0.488702,12
8102,ZTF20abyjydm,0.488469,31
8103,ZTF19aculypc,0.488354,27
8104,ZTF24aayrqqk,0.488274,56
8105,ZTF21aaxzbsl,0.487170,12
8106,ZTF22abgxzer,0.486991,17
8107,ZTF24aazlori,0.486847,53
8108,ZTF18aawhyvl,0.486810,13
8109,ZTF22absbncq,0.486683,23
8110,ZTF24abcitfj,0.486657,15
8111,ZTF20abnbcqq,0.486635,33
8112,ZTF22aamsrxb,0.485902,25
8113,ZTF26aabryhq,0.485801,28
8114,ZTF22aagpjus,0.485169,17
8115,ZTF23aafvgyf,0.484968,28
8116,ZTF23aazvhon,0.484960,62
8117,ZTF24abozetm,0.484810,19
8118,ZTF24aavovrp,0.484499,26
8119,ZTF21abuegvc,0.484242,19
8120,ZTF26aaaails,0.484094,26
8121,ZTF20abnqfli,0.483559,16
8122,ZTF21abditan,0.482759,14
8123,ZTF21acjniho,0.482508,14
8124,ZTF22abtffnd,0.482411,24
8125,ZTF23abgthzz,0.482387,22
8126,ZTF20aauupcr,0.482108,17
8127,ZTF20abegour,0.482045,23
8128,ZTF20aafmgyr,0.482038,24
8129,ZTF25acakezk,0.481738,16
8130,ZTF21abswspl,0.481463,17
8131,ZTF25abbwxew,0.481087,25
8132,ZTF21abmdzqa,0.480918,50
8133,ZTF21abcrpdc,0.480867,24
8134,ZTF22aayjqzc,0.480564,29
8135,ZTF24aampfbp,0.480436,23
8136,ZTF23aanlevl,0.480338,10
8137,ZTF23abjaxgb,0.480261,15
8138,ZTF21abbquja,0.479617,19
8139,ZTF19acxmnkc,0.479070,33
8140,ZTF19aapqqrb,0.478592,14
8141,ZTF20aazjwgh,0.478244,18
8142,ZTF19aaxwiev,0.477456,15
8143,ZTF24aaozwsw,0.476100,29
8144,ZTF22abnwsmh,0.476080,15
8145,ZTF21aceqgbv,0.475234,24
8146,ZTF20aakodiq,0.475063,56
8147,ZTF22aathxyj,0.474950,21
8148,ZTF24aazsdgx,0.474820,17
8149,ZTF24abaevvd,0.474820,17
8150,ZTF25aazvagv,0.474675,23
8151,ZTF24abaycav,0.474112,31
8152,ZTF20acwgnxk,0.474021,14
8153,ZTF20acfxnyi,0.473988,16
8154,ZTF24aaaglkn,0.473929,23
8155,ZTF19acetxvq,0.473621,61
8156,ZTF25aatxnwx,0.473612,17
8157,ZTF23abnkxgm,0.473574,12
8158,ZTF20abbpxzd,0.473173,14
8159,ZTF21aaxkccg,0.472664,22
8160,ZTF24aatrvwr,0.471989,22
8161,ZTF25abhutjc,0.471932,19
8162,ZTF20achqddb,0.471662,36
8163,ZTF22aadikuk,0.471606,15
8164,ZTF20acflmyv,0.471113,22
8165,ZTF20acmmfkd,0.470394,16
8166,ZTF23abmbqnf,0.469238,14
8167,ZTF23abihzbq,0.468466,25
8168,ZTF23aaeardk,0.468150,25
8169,ZTF26aaxnlmg,0.467914,34
8170,ZTF25aadntob,0.467676,40
8171,ZTF23ablmrep,0.467643,13
8172,ZTF20aaovpeo,0.467401,23
8173,ZTF19aavnxtq,0.467360,13
8174,ZTF26aayhcrz,0.467259,11
8175,ZTF20abldrje,0.465934,12
8176,ZTF25abfdcyl,0.465516,45
8177,ZTF19acgcdas,0.465291,16
8178,ZTF24aahhwwq,0.464787,13
8179,ZTF22abcbses,0.464751,33
8180,ZTF19abqrpji,0.464741,10
8181,ZTF20acoxtxr,0.464719,32
8182,ZTF24abmmjsa,0.464253,67
8183,ZTF20aawkhea,0.464155,15
8184,ZTF22aaizrty,0.464073,26
8185,ZTF25abdglia,0.463928,21
8186,ZTF21accfiue,0.463167,28
8187,ZTF21abczysk,0.463045,14
8188,ZTF21aaxylga,0.462960,54
8189,ZTF25aauuqtd,0.462929,35
8190,ZTF25abjbyzi,0.462663,18
8191,ZTF21abdfdwi,0.462289,29
8192,ZTF21aarzalr,0.462115,18
8193,ZTF22abahrfu,0.461773,15
8194,ZTF23aaufgdg,0.461507,14
8195,ZTF21aclmgzk,0.461217,13
8196,ZTF21aaplooj,0.461196,19
8197,ZTF20abxphtb,0.461019,77
8198,ZTF25aauvqwz,0.460748,20
8199,ZTF18acaujas,0.460648,177
8200,ZTF21acgxwlz,0.460378,14
8201,ZTF21abhuejc,0.459885,54
8202,ZTF25abvqgne,0.459829,14
8203,ZTF24abzbdqw,0.459163,13
8204,ZTF23aaayxoe,0.459112,29
8205,ZTF22abyhvtk,0.458519,13
8206,ZTF21aazpyza,0.458442,11
8207,ZTF19adccruw,0.458402,30
8208,ZTF22abfmlpm,0.457734,14
8209,ZTF22abgnofu,0.457712,20
8210,ZTF20aavhixe,0.457688,32
8211,ZTF20aaqhtcd,0.457648,25
8212,ZTF24abbybtj,0.457573,17
8213,ZTF24aapppma,0.457544,16
8214,ZTF25abfhefj,0.457540,22
8215,ZTF24aawxrws,0.457416,10
8216,ZTF25aaozqwm,0.457259,17
8217,ZTF20abvumju,0.456762,10
8218,ZTF25acgfmrm,0.456586,26
8219,ZTF25abmzahx,0.456567,21
8220,ZTF21aarpedb,0.456192,17
8221,ZTF24abvkybi,0.455689,27
8222,ZTF19adcecxf,0.455606,46
8223,ZTF24abhobgx,0.455500,13
8224,ZTF20actvlbq,0.455302,20
8225,ZTF26aaejkhw,0.455221,16
8226,ZTF22aafdaai,0.455023,25
8227,ZTF20ablwerd,0.454834,40
8228,ZTF21acizbmv,0.454771,21
8229,ZTF19abaupsd,0.454106,13
8230,ZTF21aawzkdr,0.453940,43
8231,ZTF23ablafxe,0.453845,19
8232,ZTF19abqmabf,0.453493,21
8233,ZTF21acmfxkc,0.453387,17
8234,ZTF25aaozqjf,0.453300,32
8235,ZTF22aaayhmn,0.453151,11
8236,ZTF24aauueye,0.452900,29
8237,ZTF23aawliro,0.452579,42
8238,ZTF19abbttvx,0.452547,13
8239,ZTF26aasjvzb,0.452546,13
8240,ZTF25abwmbgd,0.452253,19
8241,ZTF25aaftthw,0.452032,13
8242,ZTF25abwdrev,0.451575,25
8243,ZTF21aabiipy,0.451448,29
8244,ZTF18abxufxf,0.450938,17
8245,ZTF21aaoijsw,0.450641,20
8246,ZTF22aaklfon,0.450299,15
8247,ZTF19abjnzsi,0.450163,16
8248,ZTF26aatpqjx,0.449842,24
8249,ZTF25acabqbt,0.449254,16
8250,ZTF21aastazz,0.448758,21
8251,ZTF23aawmbkn,0.448594,19
8252,ZTF26aawedxo,0.448511,16
8253,ZTF18aaqpowv,0.448372,18
8254,ZTF25abmhmvg,0.447803,20
8255,ZTF23abhsfei,0.447692,15
8256,ZTF19abguymc,0.447506,25
8257,ZTF25abikgia,0.446856,12
8258,ZTF20achalpi,0.446423,12
8259,ZTF20aaurfwa,0.446344,129
8260,ZTF22aandnsf,0.446331,16
8261,ZTF23ablfxvj,0.445768,23
8262,ZTF20acpbpcc,0.445638,12
8263,ZTF20abbjaxk,0.445605,36
8264,ZTF21abcmzvk,0.445552,26
8265,ZTF22abfwmxx,0.445489,14
8266,ZTF21aceqrju,0.445408,27
8267,ZTF21aauvarz,0.445092,29
8268,ZTF22aagvofs,0.444739,19
8269,ZTF21abmdfyi,0.444668,16
8270,ZTF20abjcwim,0.444618,36
8271,ZTF21aaqzkhx,0.444540,39
8272,ZTF20achwhfm,0.443832,10
8273,ZTF18aagkwgz,0.443253,24
8274,ZTF25abvzaiu,0.443040,14
8275,ZTF21aaevrjl,0.442890,25
8276,ZTF25abjbmwe,0.442763,13
8277,ZTF22aaclmcj,0.442626,184
8278,ZTF21acjjwmj,0.442459,18
8279,ZTF24aaookme,0.442194,38
8280,ZTF20abavxpk,0.442089,23
8281,ZTF21aaadamr,0.441786,22
8282,ZTF23abghkdc,0.441768,25
8283,ZTF20aautzig,0.441705,18
8284,ZTF24abtgmpw,0.441519,17
8285,ZTF21aapvvtb,0.441311,35
8286,ZTF23aagdebl,0.441222,26
8287,ZTF20acawviu,0.440984,17
8288,ZTF23aawbnru,0.440435,13
8289,ZTF22aaeaqmz,0.440335,35
8290,ZTF19acavtco,0.440256,19
8291,ZTF24aboxobe,0.440152,15
8292,ZTF20abefaya,0.439985,19
8293,ZTF25abcbmnp,0.439655,45
8294,ZTF19acgjspz,0.439287,20
8295,ZTF21abbsboz,0.439177,21
8296,ZTF24aaufqkz,0.439111,11
8297,ZTF26aabddvm,0.438272,15
8298,ZTF23abamchj,0.438200,17
8299,ZTF19aaxcqwo,0.438196,16
8300,ZTF21abdpjgu,0.438138,14
8301,ZTF24aaxattg,0.437997,18
8302,ZTF22abeguhu,0.437242,15
8303,ZTF22abtdzlg,0.436918,11
8304,ZTF21aaplixv,0.436018,23
8305,ZTF21acjadml,0.435720,12
8306,ZTF22aasyada,0.435622,30
8307,ZTF24aapzosc,0.435169,10
8308,ZTF20abmoans,0.435112,10
8309,ZTF18adlfwey,0.434968,14
8310,ZTF20abyheyz,0.434845,18
8311,ZTF21aagxvul,0.434769,13
8312,ZTF23aaseyga,0.434431,14
8313,ZTF20acxbadv,0.434193,18
8314,ZTF25abcbbho,0.434048,22
8315,ZTF20acimxad,0.433945,16
8316,ZTF19abzfgzt,0.433794,50
8317,ZTF25abcerfb,0.433354,16
8318,ZTF22abatsyj,0.432997,27
8319,ZTF25aaqklxq,0.432850,28
8320,ZTF19aaydrlm,0.431971,15
8321,ZTF22aayfqjx,0.431260,16
8322,ZTF22abnocvd,0.431183,20
8323,ZTF19abfwtkw,0.431032,70
8324,ZTF19acykafj,0.430419,25
8325,ZTF21abuyhau,0.430391,28
8326,ZTF19abzkjzj,0.430304,11
8327,ZTF25abilzji,0.430281,16
8328,ZTF24abcrgam,0.430236,26
8329,ZTF19adbpviw,0.430175,17
8330,ZTF18aahwhbk,0.430068,12
8331,ZTF18abqqdrs,0.429996,15
8332,ZTF23aarlxdf,0.429889,12
8333,ZTF22abgbbrd,0.429876,14
8334,ZTF20abxyqxx,0.429415,14
8335,ZTF24aaotkrh,0.429167,22
8336,ZTF23abixwfv,0.429136,25
8337,ZTF22abaufcl,0.428797,16
8338,ZTF21acjxoro,0.428692,16
8339,ZTF25abbzqrx,0.428601,52
8340,ZTF20acwjhpo,0.428520,24
8341,ZTF24aaowiqq,0.428284,10
8342,ZTF24aafqxmg,0.427978,131
8343,ZTF23abbbygf,0.427802,15
8344,ZTF20abixkpg,0.427480,12
8345,ZTF25abrulex,0.427220,16
8346,ZTF20acuoxdl,0.427179,50
8347,ZTF20abkdnqy,0.426516,32
8348,ZTF23aapsyjp,0.426456,15
8349,ZTF20actpatx,0.426425,29
8350,ZTF23aaspxxd,0.426322,21
8351,ZTF20abswjae,0.426010,45
8352,ZTF26aavksdh,0.425827,19
8353,ZTF23abfyvnv,0.425239,18
8354,ZTF18abobkii,0.425166,20
8355,ZTF22aajvkrd,0.425108,72
8356,ZTF21abbuxfm,0.424478,19
8357,ZTF19abotzaz,0.424322,15
8358,ZTF21aaqupdt,0.424215,37
8359,ZTF20acllips,0.424167,19
8360,ZTF23aapxskt,0.424066,14
8361,ZTF22aaaycda,0.423895,41
8362,ZTF21abpjpxr,0.423857,45
8363,ZTF22abamxcl,0.423385,29
8364,ZTF24abnpdmk,0.423316,36
8365,ZTF21abcowbx,0.423311,18
8366,ZTF20abkzslg,0.423009,22
8367,ZTF23abkgdei,0.422970,21
8368,ZTF20acobvxk,0.422869,33
8369,ZTF18aawsfbk,0.422509,34
8370,ZTF24aamopla,0.421654,18
8371,ZTF20abyxnjo,0.421609,40
8372,ZTF23abhupsb,0.421427,19
8373,ZTF23aaeryve,0.421131,19
8374,ZTF21aaaouyd,0.420973,21
8375,ZTF21abcrsap,0.420503,81
8376,ZTF18aawpqgd,0.420288,13
8377,ZTF21achlbdt,0.419688,10
8378,ZTF24aaihwaq,0.419536,15
8379,ZTF19abidfag,0.419496,10
8380,ZTF25aadcylv,0.419425,16
8381,ZTF23abikzak,0.419370,28
8382,ZTF20aazquhc,0.418769,20
8383,ZTF23aadvnlm,0.418740,19
8384,ZTF24absnzsq,0.418606,15
8385,ZTF25abipuds,0.418534,24
8386,ZTF24aaybaqa,0.418402,26
8387,ZTF25aawnphj,0.418227,40
8388,ZTF19aaogtqk,0.418219,23
8389,ZTF24aazfnry,0.418042,21
8390,ZTF20aczaldj,0.417875,26
8391,ZTF24abgwajo,0.417747,15
8392,ZTF20acppchi,0.417556,13
8393,ZTF24abtdfgx,0.417526,20
8394,ZTF24abhgzjl,0.417515,36
8395,ZTF23aanqwir,0.417279,45
8396,ZTF23abhvlji,0.417213,26
8397,ZTF24aaxrpvx,0.416855,21
8398,ZTF22abakufc,0.416663,13
8399,ZTF20aatpytt,0.416420,11
8400,ZTF26aarlxmq,0.416405,19
8401,ZTF24abqneax,0.416345,27
8402,ZTF20aavqasb,0.415597,22
8403,ZTF21abgfsok,0.415460,10
8404,ZTF21abipycg,0.415395,29
8405,ZTF19acfrntd,0.415346,14
8406,ZTF19aawfely,0.415145,15
8407,ZTF20abnklbi,0.414318,12
8408,ZTF24aaynyez,0.414237,12
8409,ZTF25aaptzpf,0.413992,22
8410,ZTF19abzknnj,0.413951,23
8411,ZTF25abghnwv,0.413580,67
8412,ZTF20abyzegc,0.413576,46
8413,ZTF20acphvzi,0.413124,15
8414,ZTF20aanhfiw,0.413104,10
8415,ZTF22aaopawk,0.413087,12
8416,ZTF21aartlys,0.413050,14
8417,ZTF21aaynlnw,0.412962,11
8418,ZTF24aawsctg,0.412691,18
8419,ZTF21aajmdui,0.412462,14
8420,ZTF23aaznfqc,0.412362,58
8421,ZTF20aavqnpb,0.412283,17
8422,ZTF23aajfnvw,0.412113,29
8423,ZTF20aaiqiti,0.412031,27
8424,ZTF25abkelxj,0.411957,12
8425,ZTF19aczjzyh,0.411856,44
8426,ZTF24aalgkhi,0.411640,36
8427,ZTF25abxqxhs,0.411628,24
8428,ZTF20actmcxn,0.411497,10
8429,ZTF19acttpsv,0.411297,30
8430,ZTF19abzlsbl,0.411265,38
8431,ZTF19acxyruw,0.410183,18
8432,ZTF20aazgttn,0.410028,16
8433,ZTF26aaugxrx,0.409753,36
8434,ZTF22aaqzqzk,0.409728,13
8435,ZTF21aaapfat,0.409478,15
8436,ZTF22aaheuam,0.408702,14
8437,ZTF20acitmck,0.408557,26
8438,ZTF25aaqkhyr,0.407493,17
8439,ZTF20achpsiy,0.407408,11
8440,ZTF24abiiiuh,0.407395,14
8441,ZTF25aalvnyi,0.407031,13
8442,ZTF23abijmzk,0.406985,30
8443,ZTF19abqypak,0.406944,11
8444,ZTF21abidxcy,0.406802,36
8445,ZTF23aaizezh,0.406699,19
8446,ZTF19abegxey,0.406676,20
8447,ZTF25abybinu,0.406431,15
8448,ZTF24aaosvzx,0.405881,34
8449,ZTF23aalyrlm,0.405459,15
8450,ZTF19actfxcd,0.405308,20
8451,ZTF24aaxiuvg,0.405182,24
8452,ZTF23aamxgnf,0.405048,20
8453,ZTF22abfoehf,0.404863,18
8454,ZTF22aakdali,0.404755,13
8455,ZTF18aakcdye,0.404624,85
8456,ZTF21aasgcve,0.404459,29
8457,ZTF21abiawdx,0.404452,19
8458,ZTF23aajosde,0.404041,22
8459,ZTF20abmdovq,0.403811,13
8460,ZTF24aaxrrhu,0.403560,38
8461,ZTF23abklwav,0.403532,27
8462,ZTF23aanlrim,0.403471,23
8463,ZTF23aafhfsb,0.402955,16
8464,ZTF19acystyr,0.402548,26
8465,ZTF26aaxbgss,0.402011,22
8466,ZTF21aarnlgc,0.401555,17
8467,ZTF24aapenbt,0.401447,10
8468,ZTF20acpwljl,0.401428,35
8469,ZTF20aaullwz,0.401277,22
8470,ZTF24aaotrva,0.401155,11
8471,ZTF23aafqmzf,0.400611,14
8472,ZTF19aavlgjq,0.400098,13
8473,ZTF26aahqgva,0.399801,31
8474,ZTF24aaynjfz,0.399510,23
8475,ZTF24abxzdek,0.399508,17
8476,ZTF20aatvzmm,0.399135,18
8477,ZTF23absafrf,0.398898,20
8478,ZTF19abgbkwv,0.398333,16
8479,ZTF25abyxdnh,0.398267,15
8480,ZTF24aakzfbd,0.398198,22
8481,ZTF22aafuwur,0.398101,20
8482,ZTF19adceddw,0.397842,20
8483,ZTF21aaqhxvc,0.397557,31
8484,ZTF18aajhbkg,0.397533,22
8485,ZTF23aansrmz,0.397054,20
8486,ZTF21abdvhns,0.396540,16
8487,ZTF24ablmzzi,0.395780,19
8488,ZTF20ablwdus,0.395437,26
8489,ZTF18aaeipng,0.395211,39
8490,ZTF23abqbpob,0.394655,31
8491,ZTF19aaxzdtw,0.394551,19
8492,ZTF25abptfss,0.394406,35
8493,ZTF26aavbols,0.394338,18
8494,ZTF25abipumk,0.393217,21
8495,ZTF20acezhcf,0.393125,14
8496,ZTF23aaujhvs,0.392528,17
8497,ZTF23abjehlx,0.392329,32
8498,ZTF20abeeyme,0.392208,13
8499,ZTF23abgwyik,0.392196,14
8500,ZTF23aboqoln,0.392084,18
8501,ZTF18acenppx,0.391905,14
8502,ZTF20ablwebh,0.391859,81
8503,ZTF26aauwbks,0.391768,31
8504,ZTF20abkmfvq,0.391476,17
8505,ZTF20abthibj,0.391331,27
8506,ZTF22aazbpgn,0.391109,74
8507,ZTF21abcmoel,0.390884,48
8508,ZTF24aatyini,0.390857,60
8509,ZTF18aaeryml,0.390698,17
8510,ZTF24absmtwf,0.390637,26
8511,ZTF25acibfse,0.390517,46
8512,ZTF25acepxek,0.390385,13
8513,ZTF22aafulyi,0.389383,13
8514,ZTF25aavtyxo,0.388398,14
8515,ZTF21aayfrdb,0.388366,20
8516,ZTF20abbpxut,0.388272,34
8517,ZTF21abcounq,0.388044,10
8518,ZTF20abzqomr,0.387715,39
8519,ZTF21aavhxle,0.387475,23
8520,ZTF23abhsglj,0.387298,57
8521,ZTF23abnbfda,0.387278,14
8522,ZTF23abijopy,0.387154,22
8523,ZTF20aahubwe,0.387130,18
8524,ZTF24ablgasd,0.386961,24
8525,ZTF20aavnztx,0.386917,13
8526,ZTF22aamlsrt,0.386827,40
8527,ZTF23aaekejj,0.386821,25
8528,ZTF20aalbtwh,0.386617,13
8529,ZTF18aaovwbp,0.386468,14
8530,ZTF20aafjmdg,0.386036,21
8531,ZTF25abxcixq,0.385565,14
8532,ZTF20aavwzld,0.385500,12
8533,ZTF20acwnmks,0.385235,11
8534,ZTF18aajeaby,0.385162,16
8535,ZTF26aajmiae,0.384197,30
8536,ZTF25abosoxv,0.384062,20
8537,ZTF24aaxnrue,0.383712,14
8538,ZTF21aaaacuu,0.383640,14
8539,ZTF21aaokbmw,0.383586,17
8540,ZTF26aaapurc,0.383277,21
8541,ZTF25aapsolr,0.383202,14
8542,ZTF26aatlqmb,0.382788,33
8543,ZTF18aaxgwpl,0.382671,22
8544,ZTF21aackkyb,0.381572,11
8545,ZTF23aazveas,0.381516,14
8546,ZTF18abwupjt,0.380947,15
8547,ZTF19aafpsbz,0.380867,25
8548,ZTF21acjzvbl,0.380551,15
8549,ZTF24aakwpef,0.380466,18
8550,ZTF20aavqaze,0.380114,30
8551,ZTF20acxqspl,0.379902,20
8552,ZTF25abzovlx,0.379655,27
8553,ZTF19aavqotz,0.379271,14
8554,ZTF20abmxxab,0.379142,33
8555,ZTF25aavjytr,0.379084,14
8556,ZTF21aarejjp,0.378520,17
8557,ZTF22aadqwbg,0.377894,18
8558,ZTF20acnvswy,0.377648,12
8559,ZTF20abhwgfu,0.377241,25
8560,ZTF25acfhaoj,0.377033,11
8561,ZTF24ablvaey,0.376554,19
8562,ZTF20aamdqiz,0.376357,26
8563,ZTF23aavkhpi,0.376175,26
8564,ZTF22abtdzyw,0.376125,16
8565,ZTF24abaoemb,0.375644,14
8566,ZTF20aaydgsu,0.375511,13
8567,ZTF24abrcymh,0.375423,18
8568,ZTF25acfbphf,0.374670,16
8569,ZTF25aaqgkws,0.374395,22
8570,ZTF20acgynyw,0.373970,19
8571,ZTF25abwoggs,0.373882,23
8572,ZTF18aawqhda,0.373637,14
8573,ZTF20abeidnf,0.372997,18
8574,ZTF20actrrms,0.372973,28
8575,ZTF22aalidkb,0.372887,29
8576,ZTF20acoiehw,0.372821,24
8577,ZTF23aaejwkh,0.372796,20
8578,ZTF19abpelgt,0.372543,16
8579,ZTF22aaohmcv,0.372287,36
8580,ZTF20acnwjqa,0.372138,20
8581,ZTF19abqgyow,0.371243,11
8582,ZTF25aasfkmy,0.371213,76
8583,ZTF17aadcedu,0.371200,20
8584,ZTF22aalzjnl,0.370427,14
8585,ZTF21abjaimp,0.370226,12
8586,ZTF24absjfzb,0.369876,17
8587,ZTF20ablbbjv,0.369835,34
8588,ZTF20acpayvy,0.369608,19
8589,ZTF21abflgyw,0.369568,19
8590,ZTF19abzsogy,0.369388,24
8591,ZTF22aadphku,0.369315,14
8592,ZTF25aavcdbz,0.369056,16
8593,ZTF21aafdwls,0.368839,14
8594,ZTF26aadsfxv,0.368643,50
8595,ZTF21acjgmxn,0.368139,16
8596,ZTF23abjemle,0.368027,12
8597,ZTF21abadfmr,0.367530,20
8598,ZTF25acldgsc,0.367198,23
8599,ZTF20aaemdib,0.366830,36
8600,ZTF21acjeqpb,0.366826,13
8601,ZTF21aardsgh,0.366023,14
8602,ZTF24abqpbas,0.365766,21
8603,ZTF22aavuiul,0.364975,17
8604,ZTF26aaftcej,0.364929,21
8605,ZTF22abssxus,0.364407,20
8606,ZTF20adadgpw,0.364181,16
8607,ZTF19acbkyma,0.364114,14
8608,ZTF21acngwoy,0.364075,20
8609,ZTF23aasaaya,0.363938,11
8610,ZTF23aadwjtg,0.363678,22
8611,ZTF24abizyga,0.363654,13
8612,ZTF20acgzjje,0.363475,24
8613,ZTF20aceziix,0.363235,14
8614,ZTF25abvaxbs,0.362610,42
8615,ZTF19acfwfij,0.362273,46
8616,ZTF20aaeseji,0.361870,15
8617,ZTF20aagkyty,0.361127,32
8618,ZTF23aapqkvw,0.360919,18
8619,ZTF25abxyyuu,0.360704,16
8620,ZTF22abtpqjm,0.360564,23
8621,ZTF25acegkfd,0.360346,17
8622,ZTF25aawkccq,0.360196,21
8623,ZTF21acashdh,0.359872,17
8624,ZTF23abjasfc,0.359561,19
8625,ZTF19abxgmzr,0.359426,24
8626,ZTF25aatpkdu,0.359389,23
8627,ZTF21aarskup,0.358762,31
8628,ZTF23aanqeqh,0.358611,14
8629,ZTF25aadfmmv,0.358559,12
8630,ZTF22aaliwli,0.358479,15
8631,ZTF20aauoipy,0.358093,22
8632,ZTF20acfvgsu,0.357835,16
8633,ZTF20aatwacm,0.357751,27
8634,ZTF24aanqosm,0.357576,22
8635,ZTF20aaydspc,0.357294,11
8636,ZTF19acypppb,0.356460,17
8637,ZTF23abamrnj,0.356388,32
8638,ZTF23aajdusw,0.356163,21
8639,ZTF22aaglhrd,0.356010,14
8640,ZTF20aaznlnj,0.355986,29
8641,ZTF25acirkvb,0.355650,11
8642,ZTF19abattvp,0.355569,17
8643,ZTF21abtoqij,0.355220,14
8644,ZTF22aaolelx,0.355082,15
8645,ZTF23aascgbr,0.354968,31
8646,ZTF25abqzeqy,0.354846,37
8647,ZTF20acpjodk,0.354814,12
8648,ZTF19abzprpk,0.354544,11
8649,ZTF21aagkzye,0.354516,21
8650,ZTF20abggxuq,0.354416,43
8651,ZTF23aamumyw,0.354178,14
8652,ZTF21abdorwt,0.354006,22
8653,ZTF21aaqgsft,0.353113,21
8654,ZTF19abctkvl,0.353018,18
8655,ZTF25aafqyhb,0.352967,22
8656,ZTF22aatbjir,0.352852,16
8657,ZTF20acfpqlp,0.352780,17
8658,ZTF18aayyqia,0.352639,15
8659,ZTF25aahwexr,0.352320,15
8660,ZTF23aaqqcdp,0.352201,15
8661,ZTF22aagtzdf,0.351871,16
8662,ZTF23abgbytx,0.351663,25
8663,ZTF26aadjruf,0.351373,13
8664,ZTF19adajivt,0.351095,17
8665,ZTF22aaknqvr,0.351057,17
8666,ZTF24aaxjaul,0.350905,12
8667,ZTF20aclgesv,0.350799,12
8668,ZTF22aaynvqo,0.350724,40
8669,ZTF21abmqubi,0.350546,13
8670,ZTF20abqohjw,0.350338,35
8671,ZTF23aapzdah,0.350122,18
8672,ZTF22aaogyhz,0.349898,10
8673,ZTF21aavgnld,0.349871,82
8674,ZTF25abipztu,0.349584,11
8675,ZTF25acexrbn,0.349414,11
8676,ZTF21abddmct,0.349091,36
8677,ZTF18abfbsqo,0.348306,11
8678,ZTF26aaercmg,0.348090,24
8679,ZTF21aakzold,0.347747,18
8680,ZTF18aaqceqh,0.347744,10
8681,ZTF25aaqondx,0.347644,13
8682,ZTF18aatezaj,0.347075,29
8683,ZTF20acnrphs,0.347002,17
8684,ZTF22aatnyuo,0.346842,22
8685,ZTF25abpqkox,0.346265,40
8686,ZTF20aausxam,0.346150,17
8687,ZTF21aafncuz,0.345394,10
8688,ZTF19aclsspc,0.344997,16
8689,ZTF23aaeuaci,0.344972,12
8690,ZTF21aaqzsih,0.344713,26
8691,ZTF22aahwwhp,0.344693,48
8692,ZTF20abfcsnk,0.344606,48
8693,ZTF24abtnefk,0.344482,17
8694,ZTF19abpbvsk,0.344345,30
8695,ZTF24aavmrik,0.344255,22
8696,ZTF20acphbem,0.343851,36
8697,ZTF22aaoglxd,0.343837,21
8698,ZTF25abbptpl,0.343743,11
8699,ZTF20abgwfek,0.343707,20
8700,ZTF24aayheno,0.343590,27
8701,ZTF22aaowhti,0.343303,20
8702,ZTF26aabdhfl,0.343226,33
8703,ZTF24ablsspa,0.342882,19
8704,ZTF19abzrcje,0.342819,11
8705,ZTF25abevfgb,0.342089,15
8706,ZTF22abakeha,0.342061,10
8707,ZTF23abaxkvy,0.341739,30
8708,ZTF24abpuatr,0.341437,18
8709,ZTF23abjrqec,0.341031,14
8710,ZTF23abjfdzl,0.340965,21
8711,ZTF19aavldve,0.340893,25
8712,ZTF24abhbrcs,0.340541,73
8713,ZTF22aawcmcr,0.340150,24
8714,ZTF20abyzcbn,0.340073,33
8715,ZTF24aabniev,0.340070,38
8716,ZTF26aagpnaq,0.340069,11
8717,ZTF23aajlxmp,0.339931,16
8718,ZTF20aauuftn,0.339533,18
8719,ZTF19abaejrh,0.339461,12
8720,ZTF23aazofzx,0.339116,18
8721,ZTF26aatdfon,0.338754,33
8722,ZTF22abfwsaa,0.338416,25
8723,ZTF20acoqlav,0.338060,23
8724,ZTF23aaivawm,0.337918,15
8725,ZTF21abcsqac,0.337892,12
8726,ZTF21abmqpmh,0.337833,15
8727,ZTF24absnyux,0.337797,11
8728,ZTF19abhxrnm,0.337477,12
8729,ZTF26aavilqo,0.337257,40
8730,ZTF20abcgkom,0.336894,20
8731,ZTF19abtslqm,0.336842,20
8732,ZTF20abmkukf,0.336822,41
8733,ZTF19acyfprz,0.336741,22
8734,ZTF20acgsvwb,0.336655,22
8735,ZTF24aahepdc,0.336440,19
8736,ZTF20abcxnjl,0.336312,15
8737,ZTF21aaikpnj,0.336242,12
8738,ZTF21aarhgkq,0.336235,83
8739,ZTF23aavaaox,0.335749,21
8740,ZTF25aaqlevn,0.335732,13
8741,ZTF21abvwtcb,0.335495,10
8742,ZTF22abqpclr,0.335225,29
8743,ZTF22abaiyyz,0.334998,29
8744,ZTF20acgpigm,0.334616,16
8745,ZTF20acpmntn,0.334567,16
8746,ZTF18abxzitr,0.334461,26
8747,ZTF20acpuqvx,0.334350,22
8748,ZTF23aamsdxj,0.334311,13
8749,ZTF24abnnyqm,0.334307,18
8750,ZTF19abgnafl,0.333993,15
8751,ZTF23aansumt,0.333787,15
8752,ZTF25aacldzw,0.333667,63
8753,ZTF25aaruuln,0.333640,12
8754,ZTF22aaolcie,0.333638,16
8755,ZTF21ackzfeh,0.333273,14
8756,ZTF23aajoppk,0.333156,10
8757,ZTF19abangws,0.332850,12
8758,ZTF21aacfvpg,0.332777,17
8759,ZTF22abgnpbg,0.332686,21
8760,ZTF19abuhlpn,0.332499,17
8761,ZTF23abjhsib,0.332483,18
8762,ZTF21achutuk,0.332232,14
8763,ZTF23aailduq,0.331771,29
8764,ZTF25abjqeok,0.331753,38
8765,ZTF24aauvfow,0.331716,19
8766,ZTF20achktbf,0.331596,10
8767,ZTF20abjblfw,0.331562,48
8768,ZTF21aaxtlbj,0.331223,12
8769,ZTF19abpaspf,0.331199,12
8770,ZTF19abzmiek,0.331139,15
8771,ZTF23ablaoeh,0.331113,10
8772,ZTF20achsoln,0.331012,22
8773,ZTF22abawyul,0.330953,14
8774,ZTF25abimkyu,0.330636,36
8775,ZTF26aajmgbi,0.330545,19
8776,ZTF20abefbiq,0.330478,11
8777,ZTF25acdqycc,0.330451,12
8778,ZTF24abllaqk,0.330435,31
8779,ZTF20aavqeap,0.329974,13
8780,ZTF20aauwtsh,0.329949,11
8781,ZTF25abtahou,0.329583,10
8782,ZTF22aaymefn,0.329476,11
8783,ZTF20abpoyqa,0.329175,35
8784,ZTF22abxjdix,0.329170,20
8785,ZTF20abyxruq,0.329017,16
8786,ZTF22abzacnm,0.329010,54
8787,ZTF21aafobir,0.328812,10
8788,ZTF26aahfima,0.328701,15
8789,ZTF20acjaayt,0.328578,44
8790,ZTF18aamapyg,0.328541,11
8791,ZTF23abscohj,0.328097,23
8792,ZTF19abdcbwl,0.327898,39
8793,ZTF25aciwmeh,0.327897,75
8794,ZTF25aanowge,0.327850,15
8795,ZTF18aatpqxq,0.327753,15
8796,ZTF25abxotyj,0.327679,16
8797,ZTF23aaiwlzm,0.327548,28
8798,ZTF19acmbekd,0.327424,11
8799,ZTF20aascepg,0.327281,24
8800,ZTF26aavlndv,0.327280,27
8801,ZTF19aaeoulo,0.327149,19
8802,ZTF22aaftczy,0.326616,14
8803,ZTF26aapozll,0.326488,17
8804,ZTF25abigspi,0.326456,13
8805,ZTF23aaqqwle,0.326093,16
8806,ZTF20acpwimx,0.326039,14
8807,ZTF20abcrvyc,0.325324,13
8808,ZTF21aapduio,0.325088,14
8809,ZTF25aauzyuh,0.325053,10
8810,ZTF19abuivre,0.324811,19
8811,ZTF23abewppo,0.324609,26
8812,ZTF26aanfofe,0.324307,34
8813,ZTF24aawvrtc,0.324156,15
8814,ZTF19abaknbp,0.324075,12
8815,ZTF21abizmnw,0.324066,13
8816,ZTF19acxowop,0.323969,13
8817,ZTF25acfqvdu,0.323930,15
8818,ZTF24aaxkipy,0.323358,28
8819,ZTF22aaysrue,0.323233,19
8820,ZTF24aamkufg,0.323211,14
8821,ZTF19acfwoug,0.323170,37
8822,ZTF24abnwjpi,0.322876,16
8823,ZTF26aafeqfz,0.322777,16
8824,ZTF21abcrknf,0.322712,16
8825,ZTF19abakjci,0.322619,14
8826,ZTF23aavibze,0.322324,14
8827,ZTF21abgekle,0.322212,70
8828,ZTF20aaurknv,0.322173,35
8829,ZTF18aaqznkg,0.322117,32
8830,ZTF21aarejnt,0.322016,17
8831,ZTF23aaikxbc,0.321971,20
8832,ZTF20abjegru,0.321503,23
8833,ZTF21abpsann,0.321242,14
8834,ZTF23aaahmxp,0.320268,20
8835,ZTF22aauizen,0.320006,17
8836,ZTF25aadjukb,0.319969,27
8837,ZTF23aaptbvm,0.319870,18
8838,ZTF21abxhyyh,0.319718,18
8839,ZTF22abmuvww,0.319716,14
8840,ZTF22aacqsaz,0.319692,19
8841,ZTF19acgemqj,0.319662,17
8842,ZTF21aaroiur,0.319566,12
8843,ZTF22aajhkpo,0.319534,16
8844,ZTF20aavvzlw,0.319486,13
8845,ZTF22aamjutx,0.319348,26
8846,ZTF24aanjvkm,0.319008,15
8847,ZTF20abzijyt,0.318889,22
8848,ZTF26aagprdq,0.318844,19
8849,ZTF23abjrmon,0.318836,10
8850,ZTF23aagkutf,0.318635,25
8851,ZTF21aavyxcf,0.318590,50
8852,ZTF24aakpvnd,0.318247,15
8853,ZTF23aawzixu,0.317856,21
8854,ZTF26aahdubh,0.317082,76
8855,ZTF20abgntuh,0.316960,11
8856,ZTF24aalhjiw,0.316929,28
8857,ZTF23abikgmu,0.316836,17
8858,ZTF26aauxhbe,0.316783,41
8859,ZTF23aakvndd,0.315977,16
8860,ZTF24aaowqna,0.315900,14
8861,ZTF24aaowdkk,0.315363,19
8862,ZTF24aasktkt,0.315305,32
8863,ZTF19aazdrwo,0.315150,19
8864,ZTF19acqcxxw,0.315102,18
8865,ZTF24aaleixp,0.315082,57
8866,ZTF23abdgsbw,0.315065,27
8867,ZTF20aangpne,0.314968,19
8868,ZTF19abuzwbh,0.314877,14
8869,ZTF18adkyrgj,0.314853,13
8870,ZTF22abnaiej,0.314565,13
8871,ZTF22aakrnmj,0.314483,30
8872,ZTF24aawruoc,0.314207,11
8873,ZTF19abylxyt,0.313310,14
8874,ZTF21abovblm,0.313080,11
8875,ZTF21accohtt,0.313037,15
8876,ZTF20ablrhmp,0.313026,20
8877,ZTF25aafyowc,0.312803,15
8878,ZTF23abhjzqz,0.312718,14
8879,ZTF24abcixyi,0.312699,12
8880,ZTF20abbjwgc,0.312411,15
8881,ZTF20acsfcph,0.312373,19
8882,ZTF22abgiout,0.312253,17
8883,ZTF23aaqvofk,0.311989,29
8884,ZTF24abyiyvp,0.311835,20
8885,ZTF18abxqnxa,0.311721,15
8886,ZTF20acvbrbv,0.311688,11
8887,ZTF23abfwupu,0.311502,14
8888,ZTF24aaldwfc,0.311199,11
8889,ZTF20aanyhje,0.310910,20
8890,ZTF24abiesnr,0.310750,11
8891,ZTF20acpkuvc,0.310692,20
8892,ZTF23aansdxy,0.310383,21
8893,ZTF22abmvmyh,0.310247,31
8894,ZTF24aapxjig,0.309956,101
8895,ZTF20ablxvll,0.309742,41
8896,ZTF20abkacis,0.309187,57
8897,ZTF19aaztcqh,0.309113,14
8898,ZTF20ablkiat,0.308796,10
8899,ZTF20acilkfp,0.308605,13
8900,ZTF21acjgafq,0.308598,13
8901,ZTF21aayrnqt,0.308198,19
8902,ZTF20acxsqel,0.308038,18
8903,ZTF22aaprthg,0.307848,14
8904,ZTF20acounqo,0.307713,16
8905,ZTF23aaepuao,0.307505,21
8906,ZTF18aajvqye,0.307075,27
8907,ZTF22aausivy,0.306954,14
8908,ZTF20abglyyb,0.306934,30
8909,ZTF22aalyjfv,0.306878,24
8910,ZTF21aabeuut,0.306496,18
8911,ZTF19abkromi,0.306452,14
8912,ZTF20abkwacw,0.306393,12
8913,ZTF23aaeofvj,0.305755,20
8914,ZTF24aaxasok,0.305750,15
8915,ZTF19abrirdm,0.304826,14
8916,ZTF23aaqalcx,0.304747,19
8917,ZTF23abgqzhi,0.304696,35
8918,ZTF26aaxnixn,0.304195,12
8919,ZTF25abipqkc,0.304159,13
8920,ZTF24ablkeoh,0.303754,23
8921,ZTF24abltheg,0.303459,20
8922,ZTF19aavmiij,0.303435,19
8923,ZTF26aaezddr,0.303412,24
8924,ZTF22aafztmk,0.303145,17
8925,ZTF24aajxolc,0.302989,26
8926,ZTF19abdedne,0.302247,26
8927,ZTF19abvislp,0.301585,10
8928,ZTF21acjrrle,0.301581,12
8929,ZTF20aafmguk,0.301424,24
8930,ZTF20aahfoaz,0.301215,48
8931,ZTF21aafkphg,0.301154,17
8932,ZTF20aautqyd,0.300816,11
8933,ZTF20aamaqak,0.300615,31
8934,ZTF24aamehev,0.300605,12
8935,ZTF25acbypmg,0.300388,27
8936,ZTF21abasjcd,0.300219,17
8937,ZTF20abgbdeh,0.300131,18
8938,ZTF20aawjbsf,0.299612,10
8939,ZTF23abncbma,0.299509,12
8940,ZTF20aclgfji,0.299472,18
8941,ZTF19aavwcow,0.299462,12
8942,ZTF24abcsyba,0.299377,16
8943,ZTF19accmxtw,0.298225,21
8944,ZTF26aafsyld,0.298187,13
8945,ZTF26aawbvor,0.297984,19
8946,ZTF21aaqmgnp,0.297367,36
8947,ZTF26aaulhso,0.297034,12
8948,ZTF19abimnaf,0.297008,22
8949,ZTF20acquffv,0.296884,22
8950,ZTF20adadzak,0.296176,10
8951,ZTF25acefzgn,0.296125,30
8952,ZTF25aaugdpv,0.295897,13
8953,ZTF22abtkkyg,0.295803,27
8954,ZTF24aaxjbzn,0.295775,10
8955,ZTF23abtnhva,0.295587,17
8956,ZTF25abwnmgf,0.295089,14
8957,ZTF19abxvles,0.295074,21
8958,ZTF20aankgjl,0.294625,18
8959,ZTF19abqrpdf,0.294542,24
8960,ZTF20abavnaw,0.294013,40
8961,ZTF25aaptroz,0.293504,12
8962,ZTF21aabvpub,0.293478,13
8963,ZTF19acaxbjt,0.293297,19
8964,ZTF26aaskybv,0.293221,12
8965,ZTF24aawivmh,0.293041,22
8966,ZTF22aadknec,0.292840,16
8967,ZTF26aauxefy,0.292432,19
8968,ZTF24aaeklcd,0.292392,16
8969,ZTF26aaruydz,0.292212,50
8970,ZTF21aaqxiaj,0.291977,21
8971,ZTF22aanxwlv,0.291481,10
8972,ZTF26aajybxd,0.291384,10
8973,ZTF20acoqpyb,0.291340,15
8974,ZTF19acgjjpl,0.291293,20
8975,ZTF25abikagm,0.291258,22
8976,ZTF19acxmnlb,0.290942,38
8977,ZTF26aardzfu,0.290610,17
8978,ZTF22abfyrdm,0.290513,12
8979,ZTF21aaxsofj,0.290500,30
8980,ZTF21abukwfl,0.290457,18
8981,ZTF21aarifeh,0.290454,33
8982,ZTF22abgyvgx,0.290207,21
8983,ZTF20acoyrlm,0.290008,13
8984,ZTF20acvcnki,0.289976,14
8985,ZTF19aawvklc,0.289881,29
8986,ZTF23abrydqk,0.289760,18
8987,ZTF25aceqxfd,0.289729,21
8988,ZTF25aavaacf,0.289398,11
8989,ZTF23aaquokj,0.289357,15
8990,ZTF20aauwtwr,0.289132,12
8991,ZTF18abytcbx,0.289057,17
8992,ZTF25aaxiqif,0.288720,14
8993,ZTF20aazrxef,0.288643,29
8994,ZTF21abiytsg,0.288618,14
8995,ZTF19abaeyio,0.288047,18
8996,ZTF24aaydpre,0.287823,42
8997,ZTF26aaajvex,0.287742,14
8998,ZTF22aakkyyp,0.287445,16
8999,ZTF21aaqytbw,0.286856,23
9000,ZTF20aakbthe,0.286855,20
9001,ZTF20acwkbjm,0.286450,25
9002,ZTF21abvctva,0.286355,14
9003,ZTF21abhqrzp,0.286070,19
9004,ZTF24abrkgeb,0.285949,21
9005,ZTF23aaqoahl,0.285852,23
9006,ZTF21aaaqtwd,0.285544,30
9007,ZTF20ablpwix,0.285429,14
9008,ZTF21acdonsx,0.285284,10
9009,ZTF20abmdlfb,0.285011,58
9010,ZTF20aautroj,0.284887,11
9011,ZTF24abebtgs,0.284374,16
9012,ZTF20abojzhs,0.284312,21
9013,ZTF19abzkvvh,0.284259,23
9014,ZTF21aagrzqz,0.284109,23
9015,ZTF23abhxqsf,0.284061,20
9016,ZTF24aakxvdo,0.283530,13
9017,ZTF19adaitsb,0.283409,11
9018,ZTF19aaworze,0.283387,19
9019,ZTF20abevcoo,0.282865,14
9020,ZTF24abptzoh,0.282800,25
9021,ZTF24absmnre,0.282780,15
9022,ZTF21aaocrlm,0.282764,25
9023,ZTF23aadnpbq,0.282698,23
9024,ZTF20abmddts,0.282530,18
9025,ZTF20acnznol,0.282456,16
9026,ZTF20abeevyo,0.282176,16
9027,ZTF21aaaosga,0.281886,14
9028,ZTF20aauwfvu,0.281772,11
9029,ZTF21aaaokyq,0.281709,13
9030,ZTF22abubrek,0.281490,17
9031,ZTF20abefbjx,0.281456,26
9032,ZTF20acsdpsg,0.281356,20
9033,ZTF25aceqpfv,0.281231,17
9034,ZTF20abmvfwy,0.281149,25
9035,ZTF26aaajozs,0.280767,15
9036,ZTF26aakjvop,0.280542,15
9037,ZTF23aardbqv,0.280330,21
9038,ZTF23aaeaptm,0.280096,13
9039,ZTF23aanztsf,0.279965,95
9040,ZTF24abvherf,0.279827,11
9041,ZTF23aaxboby,0.279784,20
9042,ZTF21acdeqjg,0.279566,18
9043,ZTF23aandtgm,0.279480,13
9044,ZTF19acewyfx,0.279366,17
9045,ZTF20abgbvgl,0.279312,25
9046,ZTF24abkgfqo,0.279187,22
9047,ZTF20aaifyfd,0.278976,83
9048,ZTF21abmrala,0.278794,17
9049,ZTF22abvbjkl,0.278216,22
9050,ZTF22aazjesh,0.277811,23
9051,ZTF21abnkahc,0.277794,15
9052,ZTF25abmzizc,0.277784,32
9053,ZTF21aaxthsz,0.277615,24
9054,ZTF24abqttfy,0.277398,16
9055,ZTF20abmdlng,0.277219,22
9056,ZTF22aagowjy,0.276973,14
9057,ZTF24abciekd,0.276810,10
9058,ZTF21aaymdan,0.276767,20
9059,ZTF24aakpolx,0.276623,10
9060,ZTF21aajjwoa,0.276423,11
9061,ZTF25abaaxps,0.276325,43
9062,ZTF18aaqrmuk,0.276317,11
9063,ZTF25aavyszg,0.276315,19
9064,ZTF25aclcjxa,0.276048,14
9065,ZTF21abtuutw,0.275984,18
9066,ZTF21aarrwdu,0.275483,12
9067,ZTF19abvdgqo,0.275338,37
9068,ZTF20abjwomx,0.275173,16
9069,ZTF21acjeolh,0.274885,14
9070,ZTF25abirmsp,0.274426,16
9071,ZTF21achiyby,0.274301,29
9072,ZTF21abhyukx,0.274160,24
9073,ZTF19adhmquo,0.274065,87
9074,ZTF20abcujso,0.273759,10
9075,ZTF22aakykot,0.273588,11
9076,ZTF20aazgnpn,0.273423,14
9077,ZTF24abcgwxk,0.272773,16
9078,ZTF25abngnls,0.272413,18
9079,ZTF20acotwqe,0.272024,12
9080,ZTF20aaimmai,0.271995,51
9081,ZTF20achodfe,0.271697,21
9082,ZTF23aaiysch,0.271533,11
9083,ZTF20abeinak,0.271319,11
9084,ZTF18aankxqv,0.271127,18
9085,ZTF23aapivjb,0.270812,21
9086,ZTF22aakfmcf,0.270431,25
9087,ZTF20aammnnm,0.270261,46
9088,ZTF22aausjcd,0.270028,22
9089,ZTF21aaarnro,0.269834,17
9090,ZTF25abxclmk,0.269386,20
9091,ZTF22abccnue,0.269359,14
9092,ZTF23absholu,0.269094,15
9093,ZTF19abiovio,0.268977,14
9094,ZTF21acirwxt,0.268947,20
9095,ZTF25aahlyfc,0.268947,19
9096,ZTF19abfzijq,0.268778,17
9097,ZTF19abfxbro,0.268693,40
9098,ZTF23aaeejzm,0.268493,20
9099,ZTF23aakfysp,0.268329,17
9100,ZTF21aastzsn,0.268032,20
9101,ZTF21acjoorl,0.267756,15
9102,ZTF25aavghnx,0.267724,31
9103,ZTF25aavwrtd,0.267668,18
9104,ZTF20abvqizw,0.267487,17
9105,ZTF23aaglpmu,0.267465,16
9106,ZTF23abankea,0.266873,37
9107,ZTF22abvmbow,0.266837,16
9108,ZTF20acaxvzf,0.265715,28
9109,ZTF20acujaft,0.265641,21
9110,ZTF24aahitev,0.265594,32
9111,ZTF21abcahhq,0.265540,25
9112,ZTF21aalkkan,0.265137,14
9113,ZTF21achkdtc,0.265025,29
9114,ZTF20acpmcmu,0.264930,20
9115,ZTF24abdjbyl,0.264864,12
9116,ZTF18aakipwm,0.264798,10
9117,ZTF23aavdhtr,0.264532,10
9118,ZTF20aclczrv,0.264292,12
9119,ZTF25ababepu,0.263992,45
9120,ZTF20aazpotn,0.263965,11
9121,ZTF25acdgvvd,0.263943,24
9122,ZTF22aawngdq,0.263799,28
9123,ZTF21aaapesv,0.263724,12
9124,ZTF20abcasax,0.263612,11
9125,ZTF23aajslbe,0.263396,20
9126,ZTF25absxqav,0.263362,12
9127,ZTF23aaeqiyd,0.263345,25
9128,ZTF20acopmey,0.263177,22
9129,ZTF25abilyro,0.262823,31
9130,ZTF25abocxbg,0.262675,25
9131,ZTF19adcbxli,0.262020,344
9132,ZTF19abgjsif,0.261835,232
9133,ZTF20acuiqih,0.261656,10
9134,ZTF26aauxeux,0.261237,41
9135,ZTF20abriubk,0.260936,42
9136,ZTF19acftofj,0.260665,12
9137,ZTF22aakcoin,0.260411,13
9138,ZTF21abowsub,0.260286,31
9139,ZTF23abjtozz,0.260135,21
9140,ZTF20aabqxeg,0.259777,15
9141,ZTF22abfweew,0.259720,25
9142,ZTF20acowata,0.259631,32
9143,ZTF24aaqxajf,0.259439,14
9144,ZTF23aamgela,0.259190,53
9145,ZTF23aaedrzc,0.259150,16
9146,ZTF24aalpqir,0.258978,13
9147,ZTF25aceprla,0.258652,13
9148,ZTF20aawkpik,0.258491,15
9149,ZTF20acnvprg,0.258230,12
9150,ZTF21abcxswe,0.258154,18
9151,ZTF20abeimho,0.257890,14
9152,ZTF26aadsbxh,0.257860,17
9153,ZTF21aaryfvu,0.257722,16
9154,ZTF21abvuuea,0.257173,22
9155,ZTF23aaslllz,0.257087,11
9156,ZTF21abvtzbv,0.257058,24
9157,ZTF22aayjqlo,0.256465,13
9158,ZTF19aczjxem,0.256169,15
9159,ZTF20aavrnak,0.255943,27
9160,ZTF25abjmvqa,0.255485,12
9161,ZTF23aaiyobb,0.255277,20
9162,ZTF24aboaeip,0.254751,15
9163,ZTF25aaufoxf,0.254602,27
9164,ZTF19abnshgg,0.254576,14
9165,ZTF20actljxj,0.254458,22
9166,ZTF19acxytaz,0.254250,11
9167,ZTF21abdawxy,0.254071,17
9168,ZTF21abbqxdp,0.254003,14
9169,ZTF20acgrvtr,0.253966,18
9170,ZTF24aaxqufu,0.253795,13
9171,ZTF25abbdvqe,0.253204,19
9172,ZTF21abxnjeg,0.252653,14
9173,ZTF20aahqabk,0.252554,13
9174,ZTF21aaacwmx,0.252461,15
9175,ZTF20achfetb,0.252209,10
9176,ZTF25aatnxnh,0.252036,44
9177,ZTF24abpmuga,0.251658,49
9178,ZTF20aayjtfh,0.251652,13
9179,ZTF25abxcjwp,0.251469,16
9180,ZTF20aayxapt,0.251447,12
9181,ZTF23abmxiuy,0.251331,16
9182,ZTF23aalravi,0.250865,19
9183,ZTF20aazyumm,0.250855,15
9184,ZTF24abrtngt,0.250812,19
9185,ZTF25abigvgg,0.250805,14
9186,ZTF21aagmhzg,0.250663,13
9187,ZTF21aayngrz,0.250439,13
9188,ZTF23abiihkq,0.250141,13
9189,ZTF24abeycof,0.249783,21
9190,ZTF22aagyatt,0.249765,10
9191,ZTF18aavtxjk,0.249457,13
9192,ZTF23aaeruju,0.249312,16
9193,ZTF20aankfap,0.249294,17
9194,ZTF26aabblen,0.249290,17
9195,ZTF22aadiqpp,0.249228,14
9196,ZTF20acujiae,0.249047,20
9197,ZTF20acrryhl,0.248877,24
9198,ZTF24aaxqguj,0.248646,23
9199,ZTF23aaitimz,0.248630,27
9200,ZTF24ablnmez,0.248557,16
9201,ZTF20acphjfn,0.248497,15
9202,ZTF19actucih,0.248494,31
9203,ZTF24aahzlcx,0.248255,15
9204,ZTF22aaaftxq,0.247686,19
9205,ZTF19acfthre,0.247500,18
9206,ZTF25aagqptv,0.247116,15
9207,ZTF22abfwihc,0.246958,20
9208,ZTF22aaohlic,0.246945,11
9209,ZTF22abcfics,0.246867,81
9210,ZTF22abfyhnr,0.246834,25
9211,ZTF23aajhyco,0.246556,20
9212,ZTF22aayobas,0.246436,20
9213,ZTF24aaqubvf,0.246150,16
9214,ZTF20abrcnbr,0.246122,10
9215,ZTF20abpgbro,0.245999,31
9216,ZTF21abwtqbx,0.245866,18
9217,ZTF19acedfpz,0.245808,10
9218,ZTF25abfnszm,0.245774,13
9219,ZTF20abefadn,0.245413,17
9220,ZTF21aaxwmty,0.244796,33
9221,ZTF23aarzfhf,0.244752,21
9222,ZTF25aayygab,0.244262,11
9223,ZTF22abulmre,0.243961,12
9224,ZTF20aattnyf,0.243793,11
9225,ZTF23aamtyjs,0.243453,20
9226,ZTF20abeyqmx,0.243263,11
9227,ZTF25abqnjol,0.243188,11
9228,ZTF26aaulhci,0.242587,12
9229,ZTF25abibgtc,0.242498,27
9230,ZTF23aajalbz,0.242383,11
9231,ZTF23aapypaw,0.242107,23
9232,ZTF20aazbpkv,0.241978,15
9233,ZTF24aawtgrj,0.241924,27
9234,ZTF22aakqzlj,0.241903,18
9235,ZTF25abiksod,0.241562,15
9236,ZTF23abohjok,0.241369,10
9237,ZTF21abtzbhx,0.241117,37
9238,ZTF20ackapmm,0.241070,15
9239,ZTF21abmxhwj,0.241061,12
9240,ZTF21aaadxid,0.240857,15
9241,ZTF20abloktg,0.240314,19
9242,ZTF25abtlvqt,0.239929,18
9243,ZTF23aaxfqfq,0.239916,48
9244,ZTF20abefyha,0.239846,12
9245,ZTF25aaawevx,0.239674,22
9246,ZTF23aadwfad,0.239664,13
9247,ZTF21aardtpp,0.239561,14
9248,ZTF22aawetbp,0.239550,23
9249,ZTF20aaurxdd,0.239493,26
9250,ZTF23abipwsa,0.239399,23
9251,ZTF20acmydwh,0.239256,16
9252,ZTF20aanshtt,0.239232,15
9253,ZTF18aaqcezl,0.239072,11
9254,ZTF19abxxglm,0.238938,20
9255,ZTF22abqmiww,0.238847,25
9256,ZTF23abiykkt,0.238365,18
9257,ZTF24aambzji,0.238200,15
9258,ZTF22abamuic,0.237595,16
9259,ZTF20abektyy,0.237388,39
9260,ZTF24abaalzx,0.237268,18
9261,ZTF25abiiufk,0.237093,14
9262,ZTF26aaurtku,0.236928,51
9263,ZTF24abcstvi,0.236482,13
9264,ZTF25acehlvo,0.236336,16
9265,ZTF21aaaotqa,0.236118,25
9266,ZTF20aaetvkh,0.236100,25
9267,ZTF23aawmzmi,0.235615,10
9268,ZTF25abupncg,0.234234,18
9269,ZTF22abdvtdk,0.233850,22
9270,ZTF25acknkcs,0.233776,25
9271,ZTF25abqdqzc,0.233538,18
9272,ZTF24abpwwcs,0.233171,16
9273,ZTF21abcudhu,0.233110,26
9274,ZTF20abhttyd,0.232905,22
9275,ZTF25acehaao,0.232874,15
9276,ZTF24abjjeet,0.232855,22
9277,ZTF19acrenwk,0.232469,13
9278,ZTF20aafchgb,0.232463,33
9279,ZTF19acefvav,0.232367,14
9280,ZTF21aapjjec,0.232316,27
9281,ZTF20abatutl,0.232233,12
9282,ZTF25aaprgxk,0.231868,11
9283,ZTF20aaqpswu,0.231868,17
9284,ZTF20achaeil,0.231818,17
9285,ZTF20acoqpbg,0.231693,24
9286,ZTF21abconph,0.231684,14
9287,ZTF20aaznokb,0.231623,16
9288,ZTF20ablrkhb,0.231575,20
9289,ZTF19aacznwv,0.231048,242
9290,ZTF23abhshad,0.230500,25
9291,ZTF26aaqouju,0.230419,20
9292,ZTF26aahitfw,0.230285,25
9293,ZTF23abliddq,0.229581,17
9294,ZTF19abdkfqe,0.229567,35
9295,ZTF26aaaaknw,0.229421,15
9296,ZTF18aasouko,0.229414,20
9297,ZTF21acdagka,0.229295,14
9298,ZTF18aawdynj,0.229003,13
9299,ZTF22abkwwio,0.228946,20
9300,ZTF25acbhuqx,0.228765,15
9301,ZTF21abrssvd,0.228465,19
9302,ZTF18aahppeb,0.228430,21
9303,ZTF19aayrhmb,0.228132,15
9304,ZTF25aarxasj,0.228029,33
9305,ZTF18adjkvrr,0.227799,15
9306,ZTF19aczlcvh,0.227364,23
9307,ZTF21aaraqpr,0.227332,24
9308,ZTF19abkerko,0.227237,120
9309,ZTF24abpwsxq,0.227081,28
9310,ZTF19achvsey,0.226929,14
9311,ZTF19acokfaj,0.226918,31
9312,ZTF25abigtyq,0.226619,20
9313,ZTF20achopst,0.226207,12
9314,ZTF22aaynzul,0.225997,15
9315,ZTF22abkpkej,0.225864,19
9316,ZTF19aawfxwj,0.225817,10
9317,ZTF24abkegqp,0.225798,27
9318,ZTF24aayabgl,0.225764,14
9319,ZTF20aausahr,0.225586,17
9320,ZTF21aagjqjt,0.225125,10
9321,ZTF18aapukti,0.224872,12
9322,ZTF23aajfipk,0.224769,13
9323,ZTF22aaexebq,0.224691,18
9324,ZTF25aaodsbg,0.224565,15
9325,ZTF21aavoupx,0.224392,11
9326,ZTF21aaacwom,0.224071,15
9327,ZTF25abqvwwa,0.224059,21
9328,ZTF23aajduji,0.223994,18
9329,ZTF20aazompu,0.223626,56
9330,ZTF25aaqpimk,0.223222,13
9331,ZTF20ablapck,0.223063,17
9332,ZTF19abcundg,0.222722,20
9333,ZTF20acoygag,0.222680,17
9334,ZTF21aaaroyw,0.222435,14
9335,ZTF21abprygm,0.222155,10
9336,ZTF20abmeesd,0.221533,17
9337,ZTF22aabwxnp,0.221410,18
9338,ZTF21acgunkr,0.221350,21
9339,ZTF20abjcuep,0.221349,18
9340,ZTF21aaxxdpa,0.221233,12
9341,ZTF19acfvlyj,0.220957,33
9342,ZTF20aakyqlh,0.220621,10
9343,ZTF19abqkpoi,0.220617,12
9344,ZTF23aajkejg,0.220608,15
9345,ZTF20aceinvi,0.219989,23
9346,ZTF22abprvjx,0.219855,34
9347,ZTF24abotesa,0.219836,35
9348,ZTF21abbybbx,0.219804,18
9349,ZTF22aaoemmz,0.218945,24
9350,ZTF21aaxveyl,0.218891,23
9351,ZTF26aajlpya,0.218854,22
9352,ZTF22aakbyvd,0.218822,17
9353,ZTF25abtaxwk,0.218728,11
9354,ZTF21ackckmr,0.218617,17
9355,ZTF22abemaki,0.218555,27
9356,ZTF22abomdxg,0.218400,19
9357,ZTF23aagunkc,0.218347,17
9358,ZTF19abzkuia,0.217495,16
9359,ZTF19abaezmo,0.217468,15
9360,ZTF22abykdwl,0.217073,17
9361,ZTF20acqilvj,0.217053,12
9362,ZTF20acuipou,0.217022,13
9363,ZTF25abaheco,0.216750,25
9364,ZTF18abbbeak,0.216138,14
9365,ZTF20aaeswym,0.215819,23
9366,ZTF22aahwmww,0.215537,27
9367,ZTF22abfunou,0.215219,11
9368,ZTF23aamkdfi,0.215152,23
9369,ZTF20acuoves,0.214796,12
9370,ZTF22aadlpiz,0.214761,21
9371,ZTF25abqkywk,0.213789,10
9372,ZTF20actvmne,0.213470,13
9373,ZTF22aaohaav,0.213469,16
9374,ZTF20aauuazr,0.213237,12
9375,ZTF20actezmo,0.212992,15
9376,ZTF20acowutp,0.212957,25
9377,ZTF23aaebsxt,0.212861,76
9378,ZTF23aaejwdu,0.212778,21
9379,ZTF22aanweuf,0.212364,14
9380,ZTF19aavrbra,0.212268,13
9381,ZTF20aaetsvt,0.212198,18
9382,ZTF20acnrvfm,0.211876,22
9383,ZTF20aahgkuc,0.211868,14
9384,ZTF19adbnlnz,0.211826,39
9385,ZTF24abvtoyo,0.211743,14
9386,ZTF18adfyesp,0.211510,16
9387,ZTF22abbosas,0.211427,15
9388,ZTF26aajnayv,0.210807,39
9389,ZTF22abifgwl,0.210782,17
9390,ZTF19abprrpm,0.210686,19
9391,ZTF22aafnldl,0.210676,11
9392,ZTF20acvezau,0.210641,13
9393,ZTF20aagsren,0.210279,13
9394,ZTF22aavacry,0.209823,18
9395,ZTF24aavcexj,0.209507,22
9396,ZTF23abmtzcg,0.209493,15
9397,ZTF24abcfigw,0.209465,12
9398,ZTF24abdolll,0.209377,18
9399,ZTF19acyitga,0.209372,15
9400,ZTF20aciubiw,0.209065,11
9401,ZTF26aaaaegg,0.209043,23
9402,ZTF25abgryxe,0.208864,12
9403,ZTF23aadrtra,0.208359,23
9404,ZTF20acowsyj,0.208276,25
9405,ZTF21abnuiwm,0.208066,14
9406,ZTF20achtpbn,0.207890,24
9407,ZTF21abypwuv,0.207871,13
9408,ZTF24aasqgkj,0.207854,17
9409,ZTF24aawjnuo,0.207765,12
9410,ZTF24aajjmlk,0.207741,14
9411,ZTF26aahfyrc,0.207690,29
9412,ZTF21abfnjya,0.207637,23
9413,ZTF20acusjnl,0.207569,27
9414,ZTF20actfnvf,0.207429,14
9415,ZTF20acmktxr,0.207396,16
9416,ZTF22abfynid,0.207224,12
9417,ZTF20acxuloz,0.207173,13
9418,ZTF21aapwakp,0.206950,21
9419,ZTF21aarjmsf,0.206838,15
9420,ZTF20abepjsq,0.206744,14
9421,ZTF20abqskvo,0.206617,47
9422,ZTF21accvpuq,0.206360,18
9423,ZTF18aatjmcx,0.206327,19
9424,ZTF25aaudgky,0.206302,23
9425,ZTF24aaneoyr,0.205855,11
9426,ZTF25achcnwt,0.205527,14
9427,ZTF19abdkcye,0.205368,24
9428,ZTF21achqzub,0.204958,22
9429,ZTF20acitbmh,0.204891,25
9430,ZTF25abvqiyx,0.204884,18
9431,ZTF24abyfclq,0.204850,15
9432,ZTF20adadhnz,0.204682,16
9433,ZTF22abfyjqf,0.204623,13
9434,ZTF24abnsgzr,0.204528,11
9435,ZTF25aaqqjxs,0.204434,14
9436,ZTF19achkimd,0.204432,31
9437,ZTF20abpvhqv,0.204244,29
9438,ZTF24aamilir,0.204218,18
9439,ZTF23aazjwck,0.204077,16
9440,ZTF20acvczmt,0.203871,10
9441,ZTF20actrjdy,0.203679,15
9442,ZTF24aaoxpxs,0.203537,30
9443,ZTF24abuerbi,0.203483,15
9444,ZTF26aabdklz,0.203354,14
9445,ZTF21aaaovyi,0.203275,14
9446,ZTF22aafntmb,0.203251,14
9447,ZTF18aasywuv,0.203135,10
9448,ZTF19abafrvy,0.202947,11
9449,ZTF24abfbsdo,0.202938,13
9450,ZTF22abvebdc,0.202803,20
9451,ZTF21aayramw,0.202741,24
9452,ZTF25abuoqfv,0.202628,16
9453,ZTF21aaoghvr,0.202337,12
9454,ZTF18abfakyu,0.202279,12
9455,ZTF20aawlmfu,0.201622,21
9456,ZTF19aawpgwv,0.201259,13
9457,ZTF19abqsvue,0.200973,47
9458,ZTF21abdkojo,0.200911,15
9459,ZTF25aceggtw,0.200885,14
9460,ZTF22aadeclf,0.200802,12
9461,ZTF20acjptet,0.200721,22
9462,ZTF24aamjpwm,0.200476,12
9463,ZTF24abngjbr,0.200271,18
9464,ZTF20abpgpwr,0.200170,11
9465,ZTF23aamzkrr,0.199822,23
9466,ZTF21acipdhn,0.199740,16
9467,ZTF25aaskxwm,0.199645,23
9468,ZTF25aaqfffi,0.199449,15
9469,ZTF20abshezl,0.199397,19
9470,ZTF20acazpve,0.199395,10
9471,ZTF25aaofmmt,0.199284,11
9472,ZTF22abfzdjj,0.199125,31
9473,ZTF26aaadpeh,0.199105,19
9474,ZTF20abjbede,0.198808,29
9475,ZTF19aauitks,0.198660,22
9476,ZTF19abrdliq,0.198520,16
9477,ZTF19abyhobw,0.198291,36
9478,ZTF23aaiztxa,0.198260,19
9479,ZTF22aajjipy,0.197923,14
9480,ZTF21abczhfv,0.197811,16
9481,ZTF26aauvuns,0.197752,31
9482,ZTF22abmqlre,0.197519,15
9483,ZTF26aaulhlc,0.197161,12
9484,ZTF25acegmdk,0.196975,13
9485,ZTF21abcpbgy,0.196832,10
9486,ZTF21aagjkqo,0.196792,10
9487,ZTF22abypiqc,0.196091,62
9488,ZTF23abermxr,0.195946,11
9489,ZTF24abbovsz,0.195898,16
9490,ZTF26aarfinh,0.195561,14
9491,ZTF24aaijmnq,0.195376,48
9492,ZTF22aahedwz,0.195321,15
9493,ZTF26aaadewy,0.195123,17
9494,ZTF20aafmskt,0.194963,16
9495,ZTF20aciugaf,0.194855,15
9496,ZTF20abjyovb,0.194754,15
9497,ZTF26aaeuqwl,0.194657,33
9498,ZTF20abgwwnq,0.194617,13
9499,ZTF18adjqcfc,0.193984,25
9500,ZTF23abjfflu,0.193695,13
9501,ZTF20aadbcno,0.193501,18
9502,ZTF21aasruah,0.192990,32
9503,ZTF21abytufi,0.192946,17
9504,ZTF25aaiysoc,0.192627,12
9505,ZTF22aayieud,0.192483,26
9506,ZTF22aaoztzy,0.192274,37
9507,ZTF21abcmvci,0.192220,18
9508,ZTF20abceeqp,0.192116,101
9509,ZTF20acoxcxx,0.192094,10
9510,ZTF20acxiyyp,0.191962,34
9511,ZTF25aavgtuu,0.191498,13
9512,ZTF26aabdfqr,0.191088,16
9513,ZTF26aarlpwa,0.190754,13
9514,ZTF18aakelin,0.190734,16
9515,ZTF20aaupott,0.190561,16
9516,ZTF26aagsygf,0.190538,12
9517,ZTF23ablvrqg,0.190433,24
9518,ZTF24aajgqli,0.190426,11
9519,ZTF21aaxvvqq,0.190239,12
9520,ZTF19abfzzxy,0.190140,16
9521,ZTF21acinyte,0.190092,14
9522,ZTF22abfwign,0.189992,46
9523,ZTF25ablioyb,0.189961,10
9524,ZTF20aazuumw,0.189694,16
9525,ZTF25abalmgt,0.189690,77
9526,ZTF20aankgex,0.189305,12
9527,ZTF21acckqaq,0.189280,39
9528,ZTF25aaqosfn,0.189196,23
9529,ZTF19aczkhah,0.189172,15
9530,ZTF22aammscg,0.189121,19
9531,ZTF23aajuala,0.189028,23
9532,ZTF19aavspux,0.188994,16
9533,ZTF22abfvjxv,0.188812,19
9534,ZTF25aarahxh,0.188604,21
9535,ZTF21aceyqac,0.188442,12
9536,ZTF20abstytq,0.188388,59
9537,ZTF24aaoymvy,0.188369,29
9538,ZTF20aazrqke,0.188122,11
9539,ZTF19aavhvwd,0.188013,17
9540,ZTF22aaaumiw,0.187928,18
9541,ZTF20abjpvce,0.187869,36
9542,ZTF20acleely,0.187696,24
9543,ZTF21acniqxq,0.187553,22
9544,ZTF21abxnhpn,0.187116,15
9545,ZTF22aaooldm,0.186939,20
9546,ZTF19abcupbu,0.186537,43
9547,ZTF20aanqtil,0.185933,19
9548,ZTF24abethzy,0.185845,15
9549,ZTF20aadayjw,0.185787,17
9550,ZTF22aavclih,0.185773,11
9551,ZTF23abhvjrw,0.185759,22
9552,ZTF20abpvgmn,0.185299,36
9553,ZTF19acbhveu,0.185129,12
9554,ZTF25abqamzb,0.185124,34
9555,ZTF22abfunyc,0.184991,25
9556,ZTF25aalpouv,0.184689,22
9557,ZTF19acbwrsu,0.184601,13
9558,ZTF22abgdjlx,0.184323,16
9559,ZTF19ackkgau,0.184102,57
9560,ZTF25aaqqlys,0.184014,37
9561,ZTF26aajsuxa,0.183830,20
9562,ZTF23aajjcuk,0.183812,24
9563,ZTF25aazgaxt,0.183806,156
9564,ZTF20abzhlbs,0.183674,17
9565,ZTF21achyekh,0.183610,20
9566,ZTF20acbstii,0.183205,20
9567,ZTF19abtukyd,0.183142,17
9568,ZTF19accjfgv,0.183017,10
9569,ZTF19acxmpnz,0.182883,18
9570,ZTF25abvcnys,0.182721,17
9571,ZTF22aaycyfd,0.182066,20
9572,ZTF20abjwoaz,0.181951,12
9573,ZTF22aafnqtw,0.181902,19
9574,ZTF23aamnhdx,0.181711,20
9575,ZTF19aawblge,0.181304,18
9576,ZTF20ackqhbl,0.180790,13
9577,ZTF20aamtusf,0.180661,46
9578,ZTF20acxuxdd,0.180301,12
9579,ZTF21abyfywy,0.179991,14
9580,ZTF24aakbibx,0.179871,31
9581,ZTF20acwjtwm,0.179842,20
9582,ZTF24abolyxg,0.179728,26
9583,ZTF24aajmmhu,0.179164,14
9584,ZTF21acjbedo,0.179158,21
9585,ZTF20abevcla,0.178976,16
9586,ZTF20aammicx,0.178871,12
9587,ZTF21achkexv,0.178733,27
9588,ZTF19abrtgbz,0.178453,11
9589,ZTF26aagriqt,0.178295,11
9590,ZTF18aaweoqq,0.178098,12
9591,ZTF20acgprcg,0.177777,30
9592,ZTF21abjacvc,0.177721,36
9593,ZTF22aakemyc,0.177634,16
9594,ZTF25acatrqa,0.177403,15
9595,ZTF20ablagfg,0.177350,10
9596,ZTF24aaigbqj,0.177172,51
9597,ZTF21abcpaus,0.177165,17
9598,ZTF19abzyvfi,0.177024,20
9599,ZTF24aalbepd,0.176910,19
9600,ZTF20achlpct,0.176660,16
9601,ZTF18adkepxr,0.176157,18
9602,ZTF24aaobpwf,0.176013,17
9603,ZTF19acaknqa,0.175390,22
9604,ZTF19aavldrt,0.175311,15
9605,ZTF22abxlpzz,0.175093,21
9606,ZTF23aaelbgl,0.174993,16
9607,ZTF23aakcmvz,0.174879,26
9608,ZTF26aaaanjy,0.174779,21
9609,ZTF23aagwgjw,0.174776,49
9610,ZTF23abkixct,0.174756,18
9611,ZTF20aadccun,0.174705,14
9612,ZTF23abhuuyz,0.174628,12
9613,ZTF21aadsosc,0.174469,13
9614,ZTF24abbwppe,0.174459,27
9615,ZTF19abahsgg,0.174419,14
9616,ZTF23aaptagz,0.174313,14
9617,ZTF21aapflmi,0.173920,14
9618,ZTF22aapmdpc,0.173805,23
9619,ZTF20aatuqva,0.173792,17
9620,ZTF21ackpanz,0.173692,61
9621,ZTF20acuosiq,0.173644,20
9622,ZTF19aarqhaa,0.173484,36
9623,ZTF20abjmiyi,0.173412,10
9624,ZTF24aaxefgt,0.173408,11
9625,ZTF25abismig,0.173237,11
9626,ZTF22aajmmkn,0.173148,14
9627,ZTF26aaacimu,0.172754,13
9628,ZTF22aadeizy,0.172681,13
9629,ZTF20aatzcxk,0.172591,14
9630,ZTF24aappvbt,0.172575,17
9631,ZTF20abzvwss,0.172529,18
9632,ZTF19abbbrgx,0.172255,13
9633,ZTF20aaiceeg,0.172078,45
9634,ZTF24aalcfbz,0.171967,13
9635,ZTF20aabhraq,0.171953,33
9636,ZTF20acdkfjn,0.171852,13
9637,ZTF25abihodb,0.171787,12
9638,ZTF20ablmvmj,0.171702,41
9639,ZTF20aahbcgo,0.171378,36
9640,ZTF20aaavzup,0.171310,15
9641,ZTF19abetirh,0.171247,13
9642,ZTF23aavvcqq,0.170561,12
9643,ZTF20aanhenj,0.170413,17
9644,ZTF21achqdqs,0.170384,13
9645,ZTF21acjjxww,0.170366,16
9646,ZTF23abphonx,0.170142,13
9647,ZTF24aaxpsfl,0.169847,26
9648,ZTF24abctntt,0.169486,45
9649,ZTF21aayrwvr,0.169274,14
9650,ZTF24aayeatn,0.169206,27
9651,ZTF20aancncs,0.169103,16
9652,ZTF24abfodqg,0.168656,15
9653,ZTF24aalpsin,0.168202,14
9654,ZTF20acphvjk,0.167894,27
9655,ZTF24abljlca,0.167741,12
9656,ZTF21aareeit,0.167653,13
9657,ZTF23aawobey,0.167515,26
9658,ZTF21aagdrdu,0.167375,50
9659,ZTF18aawiluo,0.167156,22
9660,ZTF22aafulrw,0.167060,10
9661,ZTF21aazenvp,0.166985,33
9662,ZTF19acnxsle,0.166739,32
9663,ZTF21abwzwzr,0.166689,12
9664,ZTF26aaeqoxr,0.166466,12
9665,ZTF21aanhvpo,0.166413,17
9666,ZTF20acpzkeu,0.166224,18
9667,ZTF26aaadiny,0.166127,13
9668,ZTF23abivylu,0.166095,14
9669,ZTF20abzqphp,0.165894,21
9670,ZTF21abhqoja,0.165778,13
9671,ZTF20aazciqx,0.165726,15
9672,ZTF25abeldjp,0.165658,25
9673,ZTF21aayddvb,0.165549,14
9674,ZTF25abimgse,0.165492,19
9675,ZTF20aavshar,0.165464,34
9676,ZTF20achbkud,0.165322,27
9677,ZTF20abmectx,0.165287,20
9678,ZTF24abtcxfm,0.165165,16
9679,ZTF25abhbvnd,0.164972,13
9680,ZTF20aavyzid,0.164944,16
9681,ZTF24absoabp,0.164907,18
9682,ZTF23aawcbby,0.164762,19
9683,ZTF26aallvrf,0.164466,15
9684,ZTF19abpftbj,0.164363,34
9685,ZTF21aagsynt,0.164283,15
9686,ZTF23aakhjuz,0.164217,17
9687,ZTF25abusnta,0.164152,17
9688,ZTF19acigkxd,0.163881,21
9689,ZTF22abduiem,0.163535,10
9690,ZTF21aasraph,0.163350,12
9691,ZTF19abowblg,0.163317,17
9692,ZTF25aamkqzo,0.163254,10
9693,ZTF20aavqaws,0.163075,19
9694,ZTF26aaiyura,0.163046,20
9695,ZTF21abiawgw,0.162500,19
9696,ZTF21aastxqq,0.162455,19
9697,ZTF23aahwchb,0.162446,30
9698,ZTF26aapoyyf,0.162251,21
9699,ZTF22aavebae,0.161519,13
9700,ZTF20abbauvp,0.161475,23
9701,ZTF25aauvipc,0.161453,17
9702,ZTF20aamxlmf,0.161195,14
9703,ZTF20aarzdzd,0.160854,14
9704,ZTF22abfzajc,0.160628,18
9705,ZTF23aaejxls,0.160614,20
9706,ZTF21abjhgra,0.160335,13
9707,ZTF21abzeggr,0.160203,17
9708,ZTF21aasmksq,0.159957,17
9709,ZTF18aawxxvy,0.159936,22
9710,ZTF20acpgokr,0.159892,23
9711,ZTF19abfzhzc,0.159886,35
9712,ZTF20aaeipdz,0.159836,20
9713,ZTF21abawosy,0.159774,16
9714,ZTF22aapehze,0.159587,12
9715,ZTF23abgawjv,0.159460,16
9716,ZTF25acbendr,0.159460,11
9717,ZTF20abmdorz,0.159459,34
9718,ZTF20abefdbs,0.159352,20
9719,ZTF22aakzrsm,0.159087,13
9720,ZTF22abmzuez,0.159022,19
9721,ZTF21ackmyac,0.158826,23
9722,ZTF21abvdjcu,0.158685,20
9723,ZTF20abcdknl,0.158487,15
9724,ZTF22abhjuqr,0.158126,44
9725,ZTF22abaqgpd,0.158072,17
9726,ZTF23aajfdxf,0.157954,21
9727,ZTF22abxlqex,0.157796,20
9728,ZTF23aazshvj,0.157776,16
9729,ZTF22aajjmiy,0.157773,21
9730,ZTF22abgprmc,0.157729,14
9731,ZTF19acysrpv,0.157629,23
9732,ZTF20acpjfxy,0.157614,14
9733,ZTF21abcpbjj,0.157560,15
9734,ZTF19acyjybc,0.157257,158
9735,ZTF20achnjnz,0.157246,23
9736,ZTF19aavnven,0.157213,12
9737,ZTF20abmsryv,0.156989,30
9738,ZTF22aakizqm,0.156899,16
9739,ZTF24abhwgoi,0.156620,26
9740,ZTF24aabqmrm,0.156558,31
9741,ZTF22aafuede,0.156278,11
9742,ZTF21aahmxsq,0.156196,15
9743,ZTF21aacvupj,0.156158,21
9744,ZTF21aazniwg,0.155684,44
9745,ZTF21aanuafi,0.155541,16
9746,ZTF21abrqois,0.155411,47
9747,ZTF19abaunzt,0.155301,14
9748,ZTF20aahfate,0.155159,46
9749,ZTF23aaoulng,0.155131,14
9750,ZTF24abcsosy,0.155072,16
9751,ZTF20abztyuw,0.155036,15
9752,ZTF25aavuxkd,0.154433,14
9753,ZTF19achspzk,0.154340,14
9754,ZTF21aavpciy,0.154296,14
9755,ZTF21abbwxbf,0.153891,18
9756,ZTF20acjejlu,0.153838,10
9757,ZTF20acqcxmx,0.153689,18
9758,ZTF25abhhyqm,0.153532,19
9759,ZTF21aawbbid,0.153399,21
9760,ZTF20aaljhbu,0.153360,13
9761,ZTF19acbtkmt,0.153186,50
9762,ZTF21aaaosne,0.152890,14
9763,ZTF24aauncwh,0.152860,18
9764,ZTF24aascpbx,0.152711,11
9765,ZTF20abtgpbn,0.152649,19
9766,ZTF18adbbwlk,0.152590,14
9767,ZTF22aaphcwi,0.152507,19
9768,ZTF20aagzxsq,0.152430,15
9769,ZTF22aaolybe,0.152406,14
9770,ZTF23abkgwiy,0.152230,16
9771,ZTF20abekcdt,0.152122,28
9772,ZTF26aaachld,0.152119,16
9773,ZTF20aciqtvg,0.152106,14
9774,ZTF20abyjieg,0.152050,15
9775,ZTF21abismqa,0.151972,16
9776,ZTF25acfdklu,0.151878,15
9777,ZTF22aadkwgl,0.151789,15
9778,ZTF21acitbcw,0.151729,15
9779,ZTF20aaomeaa,0.151725,11
9780,ZTF22abqgvkn,0.151705,20
9781,ZTF19acjjizo,0.151622,14
9782,ZTF23abbbvba,0.151506,14
9783,ZTF22abfyqxs,0.151256,13
9784,ZTF22abtkhez,0.151194,35
9785,ZTF24aawlhdv,0.151127,14
9786,ZTF24aalbhuy,0.150953,11
9787,ZTF22aakelql,0.150428,40
9788,ZTF19abzlcjk,0.150377,19
9789,ZTF18abqxaqe,0.150346,18
9790,ZTF26aaogzyy,0.150293,26
9791,ZTF25abjbclh,0.150269,19
9792,ZTF26aaadhep,0.150185,20
9793,ZTF21absxtdp,0.150170,20
9794,ZTF25aanztch,0.150146,11
9795,ZTF21abecsci,0.150034,41
9796,ZTF20acuomki,0.149999,24
9797,ZTF24abutdkw,0.149734,21
9798,ZTF20aarvtqd,0.149648,23
9799,ZTF24aavextw,0.149551,10
9800,ZTF22abfxwkm,0.149374,25
9801,ZTF19abnsdec,0.149272,12
9802,ZTF22aagtxzo,0.149201,17
9803,ZTF24aaovnjb,0.148748,13
9804,ZTF21aaqdwzs,0.148688,16
9805,ZTF26aakyery,0.148531,23
9806,ZTF20abbhzay,0.148130,12
9807,ZTF20abygoad,0.147809,15
9808,ZTF24abnafhe,0.147657,15
9809,ZTF21aapvuzq,0.147579,13
9810,ZTF24aasdtkt,0.147435,15
9811,ZTF21abaeiei,0.147182,19
9812,ZTF20abtaeux,0.146855,23
9813,ZTF20abxauoa,0.146783,24
9814,ZTF21abfqvjb,0.146579,19
9815,ZTF24abdfesv,0.146365,12
9816,ZTF21aavrznp,0.146358,49
9817,ZTF25aaisegx,0.146301,14
9818,ZTF21acioiha,0.146154,15
9819,ZTF24aasrfth,0.145857,24
9820,ZTF19acfcdxy,0.145803,27
9821,ZTF19aburhkf,0.145548,10
9822,ZTF24aaupndu,0.145410,23
9823,ZTF26aawvsjv,0.145394,16
9824,ZTF20abqnztv,0.145109,14
9825,ZTF20acjfitv,0.145008,72
9826,ZTF21aaoggqn,0.144805,16
9827,ZTF19acbtlkz,0.144323,33
9828,ZTF25aafvrmz,0.144128,20
9829,ZTF24abdjlyq,0.144067,17
9830,ZTF20abawjrj,0.144028,20
9831,ZTF26aavetxj,0.144010,23
9832,ZTF22abfvxob,0.143908,10
9833,ZTF19acykhsz,0.143899,92
9834,ZTF21abrdbbe,0.143778,12
9835,ZTF20abhahab,0.143745,93
9836,ZTF24abistvp,0.143432,11
9837,ZTF20acjrytv,0.143109,15
9838,ZTF22aaonhaa,0.142938,17
9839,ZTF24abvmxcl,0.142773,26
9840,ZTF22aalcfxa,0.142765,12
9841,ZTF20achnhlt,0.142643,13
9842,ZTF24abltxrh,0.142340,15
9843,ZTF22aagfchp,0.142326,23
9844,ZTF19acbvgee,0.142303,18
9845,ZTF22abgqjmt,0.142100,18
9846,ZTF20acbqtpg,0.142067,16
9847,ZTF24abeqnyi,0.141989,19
9848,ZTF26aaeqrvs,0.141637,15
9849,ZTF22aadevfd,0.141163,20
9850,ZTF25aatvppu,0.141138,23
9851,ZTF24abeppdw,0.141040,31
9852,ZTF24aaivxia,0.140726,15
9853,ZTF25abkinjq,0.140609,11
9854,ZTF22aaorjov,0.140238,21
9855,ZTF21aagyvtq,0.140121,20
9856,ZTF19acbjmlh,0.139964,15
9857,ZTF20abfhxej,0.139956,63
9858,ZTF22abmtvkw,0.139723,27
9859,ZTF21aaarhgy,0.139099,19
9860,ZTF21abxdzzr,0.138867,17
9861,ZTF24aalcenn,0.138604,12
9862,ZTF21aaqqjoe,0.138587,24
9863,ZTF20abfzbvg,0.138548,33
9864,ZTF19aaxrfvd,0.138247,14
9865,ZTF20aaeiqrk,0.138042,21
9866,ZTF22aakqwav,0.137980,15
9867,ZTF26aaejkev,0.137924,17
9868,ZTF25abbnidh,0.137477,18
9869,ZTF24aatcenz,0.137205,19
9870,ZTF23aberuma,0.137165,20
9871,ZTF19acytcao,0.136984,27
9872,ZTF22aamxbjk,0.136767,25
9873,ZTF23aamsjpi,0.136715,38
9874,ZTF19abfwkof,0.136691,30
9875,ZTF22aaxfqka,0.136499,33
9876,ZTF20aalkksc,0.136480,14
9877,ZTF24ablkwit,0.136408,11
9878,ZTF20aazhxjf,0.136326,11
9879,ZTF23aafqkuj,0.136238,16
9880,ZTF21acimaio,0.136190,12
9881,ZTF20abbvlpv,0.135793,30
9882,ZTF20abbupzh,0.135641,13
9883,ZTF20aagzcno,0.135077,11
9884,ZTF23aanwzfc,0.135074,26
9885,ZTF20abefaaw,0.134915,14
9886,ZTF22aaswalk,0.134779,16
9887,ZTF24aartlir,0.134708,10
9888,ZTF19abfjjwc,0.134479,12
9889,ZTF24aaerxqv,0.134423,45
9890,ZTF21acjefpt,0.134231,14
9891,ZTF20abjafnr,0.134055,18
9892,ZTF20abramro,0.134039,12
9893,ZTF23abkhtda,0.133957,14
9894,ZTF23aaqboan,0.133828,17
9895,ZTF25abwkbmm,0.133816,20
9896,ZTF23abauhws,0.133803,17
9897,ZTF20aaglvqe,0.133748,26
9898,ZTF25abwdcgh,0.133493,11
9899,ZTF26aagpumr,0.133366,20
9900,ZTF21aaxsuuk,0.133321,18
9901,ZTF22abmuaiu,0.133287,15
9902,ZTF21aagmogi,0.132821,15
9903,ZTF23aanrhsu,0.132110,12
9904,ZTF20aciaaiw,0.131925,15
9905,ZTF21aacikuo,0.131925,13
9906,ZTF22aansjuu,0.131839,16
9907,ZTF26aarhchh,0.131794,15
9908,ZTF20abjziij,0.131785,16
9909,ZTF22aaddrgt,0.131711,15
9910,ZTF23aambtdw,0.131405,18
9911,ZTF22aalmgkb,0.131405,17
9912,ZTF19aazwzsw,0.131392,16
9913,ZTF23aamzkrs,0.131373,12
9914,ZTF21acldimi,0.131366,77
9915,ZTF21aagpbkj,0.131349,22
9916,ZTF22aadnwlu,0.131330,50
9917,ZTF23abkjoij,0.131300,13
9918,ZTF18aarneoz,0.131192,25
9919,ZTF20aaxwdeq,0.130962,20
9920,ZTF22aaimays,0.130889,10
9921,ZTF21aaciget,0.130866,10
9922,ZTF21acerusx,0.130860,19
9923,ZTF24aaktjyo,0.130344,13
9924,ZTF24abocwde,0.130326,24
9925,ZTF19acanuyb,0.130305,22
9926,ZTF22aagporg,0.130238,16
9927,ZTF21aasjqhm,0.129992,17
9928,ZTF21abfjaxa,0.129261,15
9929,ZTF25abijxtr,0.129163,26
9930,ZTF26aauwdrs,0.129038,41
9931,ZTF21acksjmc,0.129006,24
9932,ZTF23aandzdg,0.128966,13
9933,ZTF22aajsmxb,0.128751,16
9934,ZTF21aaabvzf,0.128544,20
9935,ZTF20abbufrx,0.128497,24
9936,ZTF21aaygefv,0.128350,30
9937,ZTF22abcaqcx,0.128338,13
9938,ZTF20acnvoql,0.128140,12
9939,ZTF20aauxgsi,0.128084,113
9940,ZTF21aayqycm,0.128083,19
9941,ZTF21aascgqk,0.127618,25
9942,ZTF21aaxhveb,0.127547,22
9943,ZTF24abcxyab,0.127033,15
9944,ZTF21aaavbqk,0.126923,13
9945,ZTF22abgbydx,0.126816,14
9946,ZTF22aaorkwk,0.126790,16
9947,ZTF20acaisct,0.126730,10
9948,ZTF22abghqen,0.126721,15
9949,ZTF24abhkirn,0.126674,29
9950,ZTF22aazjsbv,0.126026,17
9951,ZTF17aadqidc,0.125953,12
9952,ZTF20abwqgtj,0.125644,23
9953,ZTF19abceibh,0.125569,12
9954,ZTF22aajhqgm,0.125509,22
9955,ZTF26aajrjnv,0.125473,26
9956,ZTF20aazklcj,0.125162,14
9957,ZTF23aafvstv,0.124813,223
9958,ZTF22abyjury,0.124808,14
9959,ZTF20aazpfug,0.124753,23
9960,ZTF19aazxbeq,0.124631,14
9961,ZTF22aaipujm,0.124579,19
9962,ZTF25aacldyr,0.124570,40
9963,ZTF22abwuian,0.124367,13
9964,ZTF23abeujrk,0.124185,20
9965,ZTF19aavmxiu,0.124185,14
9966,ZTF20abeezcd,0.123803,10
9967,ZTF24abrkimt,0.123614,28
9968,ZTF25abwlxic,0.123594,15
9969,ZTF22aairitg,0.123558,13
9970,ZTF21acgzuef,0.123538,14
9971,ZTF20acfrobh,0.123415,19
9972,ZTF22aanynls,0.123244,16
9973,ZTF25aaqknkx,0.123224,10
9974,ZTF20aaopkkz,0.123098,12
9975,ZTF25abiivrs,0.123057,14
9976,ZTF24abjjana,0.122783,15
9977,ZTF21aasbajb,0.122710,11
9978,ZTF22abjbwdn,0.122651,16
9979,ZTF20abfadbm,0.122536,128
9980,ZTF22abgawib,0.122517,24
9981,ZTF20acjblcq,0.122450,18
9982,ZTF25abfoioj,0.122344,34
9983,ZTF23absfblt,0.122315,20
9984,ZTF23abhvkby,0.122215,21
9985,ZTF21abicxfn,0.122019,27
9986,ZTF26aanznaf,0.122000,18
9987,ZTF19aawviut,0.121545,19
9988,ZTF21aaxhkju,0.121530,19
9989,ZTF26aauebrh,0.121398,12
9990,ZTF20abtghky,0.121129,22
9991,ZTF21abtmczy,0.121101,21
9992,ZTF23aapnlvr,0.121087,15
9993,ZTF20abshyoa,0.120971,19
9994,ZTF20abqmgqa,0.120954,11
9995,ZTF24aaiwbat,0.120877,15
9996,ZTF21abamhus,0.120703,16
9997,ZTF21abicxyj,0.120587,14
9998,ZTF25aaqgttb,0.120567,12
9999,ZTF19aczjsqn,0.120384,22
10000,ZTF20abxtjpi,0.120049,52
10001,ZTF21abrqpzy,0.119917,64
10002,ZTF24abugyce,0.119850,21
10003,ZTF20abcojqd,0.119804,13
10004,ZTF21aawaguv,0.119711,24
10005,ZTF23aapkwyh,0.119520,35
10006,ZTF19acmmxqy,0.118994,11
10007,ZTF25aancucy,0.118748,14
10008,ZTF23aasxgup,0.118681,12
10009,ZTF21abwoblr,0.118610,15
10010,ZTF18aaszzcy,0.118273,18
10011,ZTF26aadfaqm,0.117933,11
10012,ZTF24aakwvbi,0.117588,29
10013,ZTF19acbnhby,0.117567,15
10014,ZTF22aajzlno,0.117538,23
10015,ZTF23aaeijko,0.117476,17
10016,ZTF26aagluew,0.117039,18
10017,ZTF24aakprsy,0.116744,19
10018,ZTF22aadikzz,0.116663,21
10019,ZTF19acftfst,0.116344,12
10020,ZTF19abhibzk,0.116175,19
10021,ZTF19aawoaio,0.116010,29
10022,ZTF21abhtjly,0.115946,12
10023,ZTF20abjoime,0.115770,22
10024,ZTF18aaejisa,0.115729,11
10025,ZTF25aaxybpw,0.115581,13
10026,ZTF24abthdbb,0.115264,18
10027,ZTF23aaosrps,0.115115,43
10028,ZTF20abuzzgm,0.115030,25
10029,ZTF20acmntog,0.114988,17
10030,ZTF20aazgafx,0.114905,12
10031,ZTF23aajivms,0.114695,12
10032,ZTF20acbtmts,0.114641,18
10033,ZTF20aahgyet,0.114538,85
10034,ZTF20acynjic,0.114473,15
10035,ZTF21aatabgn,0.114259,62
10036,ZTF20acwoeid,0.114222,17
10037,ZTF21acjnojg,0.114198,16
10038,ZTF21abnvljt,0.114138,18
10039,ZTF22aapaqug,0.113943,17
10040,ZTF22aadeshc,0.113913,13
10041,ZTF25aapsipz,0.113784,18
10042,ZTF22absxcbi,0.113543,19
10043,ZTF20adafibq,0.113469,14
10044,ZTF21abbgxbq,0.113423,17
10045,ZTF19aczkeob,0.113256,22
10046,ZTF26aablqlw,0.112465,17
10047,ZTF23aajjydq,0.112428,21
10048,ZTF24abuqxou,0.112212,13
10049,ZTF20aaznlqy,0.112175,19
10050,ZTF25abzuidd,0.111980,20
10051,ZTF20aalrlsu,0.111903,13
10052,ZTF24aaikhcb,0.111882,12
10053,ZTF20abuegnx,0.111687,24
10054,ZTF22abjffjw,0.111604,15
10055,ZTF20achrdha,0.111540,12
10056,ZTF22aaajgss,0.111502,40
10057,ZTF18abfbsbx,0.111240,18
10058,ZTF25abxdupm,0.110813,21
10059,ZTF22aaonelf,0.110779,27
10060,ZTF21abcluco,0.110770,14
10061,ZTF20abbbtfw,0.110525,11
10062,ZTF20acpyndh,0.110414,14
10063,ZTF24aaxqzmr,0.110330,16
10064,ZTF23abnfram,0.110181,15
10065,ZTF26aafpwbs,0.110137,14
10066,ZTF21aarzxnb,0.110082,14
10067,ZTF20ababkom,0.109898,11
10068,ZTF20acphbpb,0.109835,17
10069,ZTF20abzbgad,0.109544,22
10070,ZTF19abnhegb,0.109364,10
10071,ZTF20acihfol,0.109291,13
10072,ZTF21aagltxy,0.109079,18
10073,ZTF20acoaqnn,0.108695,14
10074,ZTF25aazpzcv,0.108608,131
10075,ZTF21abyslhz,0.108525,13
10076,ZTF24abpqghw,0.108525,11
10077,ZTF21abcopeh,0.108500,14
10078,ZTF25abfilbp,0.108447,15
10079,ZTF25aclcgrj,0.108363,21
10080,ZTF23ablauns,0.108278,10
10081,ZTF21abamdsz,0.108105,18
10082,ZTF20abzbjtq,0.107799,14
10083,ZTF21aaxjvyl,0.107709,42
10084,ZTF21abijbkb,0.107560,10
10085,ZTF25aavaxgg,0.107505,16
10086,ZTF25acgvjru,0.107479,13
10087,ZTF25abinrrs,0.107301,33
10088,ZTF20acxxiun,0.106843,16
10089,ZTF24abboumm,0.106799,13
10090,ZTF20aaaybnr,0.106662,21
10091,ZTF20aaldmmo,0.106661,23
10092,ZTF20aatusgs,0.106517,46
10093,ZTF22aamgiud,0.106461,12
10094,ZTF23abglsmj,0.106450,20
10095,ZTF22aakmpsa,0.106434,16
10096,ZTF23abphqsy,0.106357,16
10097,ZTF23abimemi,0.106339,11
10098,ZTF20abaftap,0.106228,36
10099,ZTF26aaalaxi,0.106125,22
10100,ZTF21aabgpbe,0.106098,15
10101,ZTF20aauweyt,0.106029,16
10102,ZTF25acjbtob,0.105946,18
10103,ZTF23aaodkxl,0.105809,14
10104,ZTF22aaomcpn,0.105622,114
10105,ZTF20aboybxb,0.105349,20
10106,ZTF21aajawri,0.105251,15
10107,ZTF18aaanaev,0.105195,15
10108,ZTF20aanvlnk,0.105019,11
10109,ZTF24aaoesxn,0.105004,18
10110,ZTF20acduwgg,0.104996,20
10111,ZTF26aauybpk,0.104989,27
10112,ZTF23aagdbtg,0.104962,22
10113,ZTF23aboewmj,0.104757,11
10114,ZTF23abscruh,0.104699,20
10115,ZTF21abwunpp,0.104499,17
10116,ZTF20aaqpour,0.104455,14
10117,ZTF20acplqek,0.104450,22
10118,ZTF20acmxubf,0.104438,17
10119,ZTF24aalwwri,0.104260,19
10120,ZTF22aalktcq,0.103980,15
10121,ZTF25acehfrz,0.103928,20
10122,ZTF21aceqpgp,0.103859,27
10123,ZTF25abutewz,0.103756,37
10124,ZTF21abtzcef,0.103726,29
10125,ZTF21aafdxdg,0.103450,14
10126,ZTF20aboprop,0.103442,24
10127,ZTF19aavlnnp,0.103437,10
10128,ZTF21aardqso,0.103111,29
10129,ZTF21aazcune,0.103100,15
10130,ZTF22aaiiclc,0.103025,14
10131,ZTF19acgqsov,0.102998,14
10132,ZTF26aajybds,0.102839,22
10133,ZTF20acxgqrz,0.102605,15
10134,ZTF22aakqmlw,0.102570,13
10135,ZTF20aaowvdr,0.102543,22
10136,ZTF20acxzsxb,0.102383,28
10137,ZTF20acbqrme,0.102310,13
10138,ZTF19aczmhhe,0.102233,14
10139,ZTF20acggzxc,0.101816,20
10140,ZTF25abupeje,0.101727,17
10141,ZTF24aasjzkt,0.101647,14
10142,ZTF22aamerfh,0.101609,18
10143,ZTF20acnexgl,0.101467,17
10144,ZTF23aahtiju,0.101450,52
10145,ZTF23aajfhsg,0.101214,24
10146,ZTF20aazsyfu,0.100897,16
10147,ZTF22aatnynt,0.100859,29
10148,ZTF25abxecjw,0.100763,16
10149,ZTF18abwhxre,0.100754,23
10150,ZTF21aagriaz,0.100608,13
10151,ZTF22abaernn,0.100500,14
10152,ZTF20aavdcbx,0.100488,18
10153,ZTF19abhusrq,0.100358,19
10154,ZTF21ackwybb,0.100351,13
10155,ZTF25aaxcryf,0.099965,17
10156,ZTF20acxtdlw,0.099817,11
10157,ZTF22abcgmne,0.099770,24
10158,ZTF20aauuqwp,0.099658,14
10159,ZTF20abnvvrj,0.099655,12
10160,ZTF22aaohdyp,0.099440,37
10161,ZTF20abfsdlh,0.099154,15
10162,ZTF22abmqxyl,0.099008,15
10163,ZTF25ablojob,0.098866,19
10164,ZTF21acinvvh,0.098784,18
10165,ZTF23abmsevn,0.098761,27
10166,ZTF20aafeias,0.098645,28
10167,ZTF25abuioua,0.098538,20
10168,ZTF22aajtadt,0.098479,13
10169,ZTF23aarerww,0.098462,11
10170,ZTF25aaghzcn,0.098333,12
10171,ZTF21abamwbs,0.098258,15
10172,ZTF22abslyaz,0.098080,32
10173,ZTF22aafaxiz,0.098011,13
10174,ZTF21abowvxq,0.097913,14
10175,ZTF20acpqxsz,0.097826,14
10176,ZTF20aazgrkx,0.097694,19
10177,ZTF20aaxmety,0.097553,28
10178,ZTF20acbkavh,0.097513,26
10179,ZTF22aaderpg,0.097441,13
10180,ZTF24aapziyd,0.097392,20
10181,ZTF25abcgqnc,0.097323,19
10182,ZTF20abhdhzc,0.097284,14
10183,ZTF26aaaoxwq,0.097240,18
10184,ZTF19acduqvr,0.097240,11
10185,ZTF21aarrgzp,0.097237,15
10186,ZTF23abkgtem,0.097143,12
10187,ZTF22aaqnctp,0.097036,20
10188,ZTF23aafadba,0.097020,15
10189,ZTF22aamhyof,0.096962,14
10190,ZTF20aacfvnj,0.096884,12
10191,ZTF20abaheah,0.096844,19
10192,ZTF22aafunqc,0.096646,18
10193,ZTF22aakrhqe,0.096611,14
10194,ZTF20aaayuvw,0.096536,32
10195,ZTF21aapzbgv,0.096236,11
10196,ZTF19acucmja,0.096208,23
10197,ZTF21abctgpz,0.096200,23
10198,ZTF20abtjwju,0.095761,40
10199,ZTF20acnbhsq,0.095750,12
10200,ZTF22aamjndl,0.095648,13
10201,ZTF18aagfrzv,0.095417,15
10202,ZTF21acclgcx,0.095259,33
10203,ZTF21abgibcy,0.095020,17
10204,ZTF22abfvvpv,0.094922,16
10205,ZTF20abascfx,0.094784,60
10206,ZTF19acgfvvi,0.094778,21
10207,ZTF20abzbydw,0.094357,22
10208,ZTF21abpoufi,0.093978,14
10209,ZTF19abyjhuo,0.093436,72
10210,ZTF24absmvsz,0.093401,11
10211,ZTF22aajingj,0.093366,16
10212,ZTF22aalwrsw,0.093197,12
10213,ZTF23abljtvv,0.093111,15
10214,ZTF22abksmqa,0.093090,17
10215,ZTF24aaifzzk,0.092856,54
10216,ZTF19abrnwbe,0.092688,11
10217,ZTF24aamtxrn,0.092671,11
10218,ZTF20abtnncf,0.092343,13
10219,ZTF23absqrst,0.092155,18
10220,ZTF20aaetqwv,0.092094,18
10221,ZTF20aausyrp,0.091820,12
10222,ZTF19aavqiuw,0.091668,11
10223,ZTF23aaezbbb,0.091556,16
10224,ZTF25aafvbzn,0.091370,14
10225,ZTF19acivqkf,0.091347,17
10226,ZTF24aautfia,0.091290,12
10227,ZTF19acccetx,0.091169,26
10228,ZTF23abjpsyy,0.091162,11
10229,ZTF25abodfew,0.091121,14
10230,ZTF21abieebw,0.091006,14
10231,ZTF19aclllpn,0.090905,25
10232,ZTF21abtmsie,0.090899,14
10233,ZTF19abxdybz,0.090829,41
10234,ZTF21aaxtufg,0.090699,19
10235,ZTF25abbwybk,0.090681,14
10236,ZTF20aagfqvn,0.090584,25
10237,ZTF26aaaxkvb,0.090469,16
10238,ZTF24aakwvmf,0.090334,14
10239,ZTF20abgdvus,0.089888,19
10240,ZTF21aaanxmm,0.089801,13
10241,ZTF20acabufr,0.089765,40
10242,ZTF21abwpyks,0.088965,16
10243,ZTF23aaeczcv,0.088951,21
10244,ZTF21aaylouj,0.088944,17
10245,ZTF24abuntvn,0.088809,13
10246,ZTF20aaicaxh,0.088673,33
10247,ZTF20accxuth,0.088621,17
10248,ZTF22abtlfza,0.088616,15
10249,ZTF25acgculc,0.088600,19
10250,ZTF20aafitdr,0.088549,21
10251,ZTF20aaideho,0.088431,11
10252,ZTF22aagvhtn,0.088211,14
10253,ZTF21aaxshgu,0.088189,18
10254,ZTF20acloiji,0.088186,105
10255,ZTF20abkaqkz,0.088131,14
10256,ZTF20abcolkd,0.088047,22
10257,ZTF23abhtsqs,0.087908,12
10258,ZTF24abgvrvp,0.087881,14
10259,ZTF20abrlcov,0.087866,12
10260,ZTF23abhzdhc,0.087821,26
10261,ZTF22abjqlmp,0.087588,16
10262,ZTF25aaxeunv,0.087246,33
10263,ZTF25aalvzjj,0.087177,12
10264,ZTF20abaqkji,0.087167,18
10265,ZTF26aalwkcc,0.087011,28
10266,ZTF20aaxkpwj,0.087009,37
10267,ZTF24aaiagnj,0.086688,24
10268,ZTF25ackarzf,0.086663,66
10269,ZTF22aaeslsg,0.086619,68
10270,ZTF20abjdakv,0.086490,39
10271,ZTF18aceeqya,0.086461,16
10272,ZTF23aafgsjv,0.086139,26
10273,ZTF20acbeacx,0.086092,14
10274,ZTF21aaaroua,0.086063,13
10275,ZTF20abstcjg,0.085938,15
10276,ZTF18abeyyix,0.085867,15
10277,ZTF20accfjsf,0.085691,20
10278,ZTF23abtnjuf,0.085504,12
10279,ZTF26aamvygg,0.085478,13
10280,ZTF22aakqsyq,0.085460,20
10281,ZTF20aawhlcw,0.085408,39
10282,ZTF20acjrpia,0.085239,62
10283,ZTF20aavfqfx,0.085186,126
10284,ZTF20aciirfv,0.085048,18
10285,ZTF22aanvtjd,0.085044,17
10286,ZTF25aceijnq,0.085037,24
10287,ZTF23aanqvvc,0.084963,47
10288,ZTF23aaplkbx,0.084911,18
10289,ZTF18aawreaa,0.084864,17
10290,ZTF20acjejki,0.084764,12
10291,ZTF24aaudsuo,0.084759,21
10292,ZTF18abwejxi,0.084719,12
10293,ZTF21aavdtwe,0.084685,22
10294,ZTF20aaghwyf,0.084554,25
10295,ZTF22aakhhtq,0.084480,34
10296,ZTF20abaswgg,0.084244,27
10297,ZTF20aaicdmc,0.084183,38
10298,ZTF21acisemu,0.084132,14
10299,ZTF21aaxtshx,0.084123,24
10300,ZTF23aaoihtp,0.084094,106
10301,ZTF26aajqbmw,0.084013,22
10302,ZTF22aajycpi,0.083887,27
10303,ZTF21abjqkkm,0.083878,21
10304,ZTF20aawgrlj,0.083731,95
10305,ZTF19acefycg,0.083691,12
10306,ZTF22aajmhyh,0.083663,14
10307,ZTF26aahmlxn,0.083432,40
10308,ZTF20actrjog,0.083391,11
10309,ZTF21aazhivg,0.083370,19
10310,ZTF25aafgatv,0.083060,10
10311,ZTF20aavhywt,0.083027,24
10312,ZTF22aaijqeb,0.082946,12
10313,ZTF19abavull,0.082907,14
10314,ZTF24abjioxz,0.082884,26
10315,ZTF20abhwpbr,0.082839,35
10316,ZTF20aawgyil,0.082833,12
10317,ZTF20abdxxyz,0.082740,12
10318,ZTF22abedonf,0.082568,25
10319,ZTF21acjnash,0.082511,11
10320,ZTF19abybttr,0.082025,11
10321,ZTF20acinffv,0.081986,15
10322,ZTF21abjphzt,0.081979,20
10323,ZTF24abdijtu,0.081731,16
10324,ZTF19abtnksl,0.081679,23
10325,ZTF20acaiofz,0.081522,24
10326,ZTF23aahtiay,0.081394,65
10327,ZTF21abvxtfu,0.081021,39
10328,ZTF21abcoayv,0.080732,90
10329,ZTF25aatpjoi,0.080650,15
10330,ZTF24abrfplt,0.080561,21
10331,ZTF21aaxtzbm,0.080394,30
10332,ZTF24abbgpam,0.080301,14
10333,ZTF25aaqkvza,0.079772,12
10334,ZTF22aaiddqu,0.079276,16
10335,ZTF24aajzajd,0.078912,13
10336,ZTF20aankywm,0.078910,11
10337,ZTF21aarlbhq,0.078849,13
10338,ZTF22abmymuw,0.078716,20
10339,ZTF20aauodih,0.078557,25
10340,ZTF25aasqfyp,0.078352,18
10341,ZTF25aadelxg,0.078278,31
10342,ZTF20abfewbr,0.078227,36
10343,ZTF18aaxvbmu,0.078073,17
10344,ZTF20aavrzqn,0.078040,20
10345,ZTF19abofawq,0.077823,16
10346,ZTF25abivwdg,0.077450,16
10347,ZTF20abgxbvp,0.077220,32
10348,ZTF24aapflrm,0.077213,17
10349,ZTF20abxjqfc,0.077183,24
10350,ZTF21abdvjnz,0.077133,14
10351,ZTF24absfrth,0.077076,37
10352,ZTF20aavczqq,0.077022,21
10353,ZTF21abeyymy,0.076976,17
10354,ZTF20abrnpud,0.076960,17
10355,ZTF23aaoawxu,0.076713,15
10356,ZTF22aakzbak,0.076710,33
10357,ZTF20aazomcu,0.076455,17
10358,ZTF20aawkonv,0.076379,12
10359,ZTF24aalsrfn,0.076305,13
10360,ZTF24aagksvj,0.076209,17
10361,ZTF22abjihgt,0.076159,12
10362,ZTF23abgznvq,0.076126,18
10363,ZTF21acjglei,0.075915,19
10364,ZTF20aclgera,0.075876,16
10365,ZTF21aaebdfn,0.075803,21
10366,ZTF23abiklhv,0.075770,11
10367,ZTF21aapkbeu,0.075672,28
10368,ZTF23aafsnqj,0.075567,11
10369,ZTF19abubxrk,0.075341,17
10370,ZTF22aaihlaf,0.075310,15
10371,ZTF22aadhtdu,0.075269,19
10372,ZTF20adcdkcr,0.075121,50
10373,ZTF20aausuzy,0.075105,16
10374,ZTF21aarmrwb,0.075052,11
10375,ZTF23aamxpis,0.074968,16
10376,ZTF20acpevlh,0.074777,19
10377,ZTF25aaptkov,0.074741,19
10378,ZTF18aawpuhh,0.074719,18
10379,ZTF19acdpnck,0.074608,19
10380,ZTF21aasfcra,0.074467,21
10381,ZTF20abfcsio,0.074423,16
10382,ZTF23aajfcaf,0.074372,25
10383,ZTF20acitaqc,0.074231,15
10384,ZTF22aalwist,0.074196,17
10385,ZTF22abmynhj,0.073974,13
10386,ZTF21aaaxvno,0.073838,20
10387,ZTF24abprheu,0.073778,14
10388,ZTF21aazlamf,0.073661,10
10389,ZTF20acqqiao,0.073313,12
10390,ZTF24ablozwz,0.073246,15
10391,ZTF19acfcgpy,0.073244,25
10392,ZTF21abfxlrm,0.073057,128
10393,ZTF19acyfsmv,0.072935,19
10394,ZTF20acptayg,0.072821,11
10395,ZTF25aamgtxu,0.072807,56
10396,ZTF23aakdzpk,0.072798,28
10397,ZTF20acqyjih,0.072560,11
10398,ZTF26aatxzxc,0.072448,20
10399,ZTF18acehihc,0.072120,17
10400,ZTF22abbxmab,0.071716,10
10401,ZTF20aafjjnm,0.071625,35
10402,ZTF21abprwje,0.071509,13
10403,ZTF22aafzdsy,0.071396,14
10404,ZTF22aatscvi,0.071340,29
10405,ZTF20abzjdvk,0.071270,13
10406,ZTF22aalyqkz,0.071242,31
10407,ZTF24abgzjla,0.071236,16
10408,ZTF22abrbjfc,0.071125,12
10409,ZTF23aanqllh,0.071124,32
10410,ZTF20acwfgrm,0.071072,13
10411,ZTF18aawpclf,0.070891,10
10412,ZTF20aanrvft,0.070670,66
10413,ZTF21abwpyll,0.070378,25
10414,ZTF25abpwtly,0.070376,26
10415,ZTF24aaoukon,0.070367,31
10416,ZTF21achwjct,0.070276,13
10417,ZTF22aajjeqx,0.070274,14
10418,ZTF21aaaywdg,0.070201,17
10419,ZTF20aahgekn,0.070128,24
10420,ZTF19abzifrq,0.070117,18
10421,ZTF22aazdxxj,0.069905,16
10422,ZTF19abtxoqy,0.069879,40
10423,ZTF20ackasol,0.069840,13
10424,ZTF20aajcfsq,0.069706,15
10425,ZTF20abgnmsa,0.069701,17
10426,ZTF25abigtdw,0.069521,16
10427,ZTF20aammmln,0.069500,11
10428,ZTF21abizhud,0.069471,15
10429,ZTF21acermma,0.069347,21
10430,ZTF21acjghse,0.069292,12
10431,ZTF21acjndeu,0.069267,14
10432,ZTF25aafxvjw,0.069133,10
10433,ZTF21aamfdzo,0.068993,11
10434,ZTF20abyhxcm,0.068903,31
10435,ZTF19abqhnaw,0.068888,47
10436,ZTF19abucxbm,0.068782,12
10437,ZTF19abxgatn,0.068406,25
10438,ZTF23aasodyo,0.068362,18
10439,ZTF25abdssam,0.068331,12
10440,ZTF20aaqpvkh,0.068303,14
10441,ZTF19adcfzyu,0.068189,14
10442,ZTF20abjblbo,0.068033,40
10443,ZTF21abxdivi,0.067872,20
10444,ZTF26aarzjjh,0.067628,13
10445,ZTF25abpwdad,0.067507,11
10446,ZTF26aaknctf,0.067462,16
10447,ZTF24aaijgee,0.067373,16
10448,ZTF20aczahzi,0.067324,19
10449,ZTF22aanptcx,0.067319,14
10450,ZTF21aasfxos,0.067168,17
10451,ZTF21aalgiht,0.067162,16
10452,ZTF19acnpnjn,0.067130,16
10453,ZTF25abragjm,0.067079,17
10454,ZTF22aaliaoy,0.066995,17
10455,ZTF20aakhbvd,0.066687,32
10456,ZTF20aavynge,0.066592,17
10457,ZTF20aaiojgy,0.066414,92
10458,ZTF22abmlmym,0.066231,12
10459,ZTF21aaydlhz,0.066177,19
10460,ZTF18aafzcbw,0.066025,16
10461,ZTF19abceiec,0.065856,25
10462,ZTF22aakqnql,0.065844,13
10463,ZTF22aajfxrx,0.065814,42
10464,ZTF20abpogwl,0.065791,10
10465,ZTF22aaabpsx,0.065787,18
10466,ZTF20abpltth,0.065718,32
10467,ZTF24abymxim,0.065631,20
10468,ZTF21abizxrv,0.065129,13
10469,ZTF22aapyqaj,0.065060,11
10470,ZTF20aaikjwb,0.065016,19
10471,ZTF25abujjky,0.064864,16
10472,ZTF22abslxzz,0.064842,22
10473,ZTF21aafdxgv,0.064724,10
10474,ZTF20abxoekx,0.064647,36
10475,ZTF23aagukpw,0.064554,27
10476,ZTF24abbpail,0.064497,36
10477,ZTF23aanqsit,0.064341,15
10478,ZTF20abhcbzo,0.064059,39
10479,ZTF22aayvxft,0.063997,30
10480,ZTF19abfwfjd,0.063866,15
10481,ZTF20acllkua,0.063784,15
10482,ZTF24aaaayvk,0.063722,722
10483,ZTF20aaunkcf,0.063667,27
10484,ZTF25aagledm,0.063641,13
10485,ZTF22aaypvnw,0.063537,14
10486,ZTF24aayhznc,0.063384,35
10487,ZTF23abiiqfu,0.063297,11
10488,ZTF21aarmlbk,0.063141,16
10489,ZTF24aahkboj,0.063043,11
10490,ZTF19acytfkw,0.062948,18
10491,ZTF22aahefgw,0.062879,13
10492,ZTF23abnkhmk,0.062829,19
10493,ZTF21aagmqwj,0.062802,12
10494,ZTF20abokily,0.062219,34
10495,ZTF25abxrifp,0.062152,21
10496,ZTF22aamjqqf,0.061933,18
10497,ZTF25abmvftr,0.061887,45
10498,ZTF18aagljdt,0.061707,16
10499,ZTF25acbcezj,0.061684,16
10500,ZTF19abdlorh,0.061677,26
10501,ZTF22aawzpvc,0.061643,122
10502,ZTF23abmgkeh,0.061517,20
10503,ZTF20aauwwtj,0.061481,24
10504,ZTF20aculrpj,0.061263,14
10505,ZTF21aaszmdf,0.061194,13
10506,ZTF25aakionr,0.061108,25
10507,ZTF24abbpqdu,0.061073,16
10508,ZTF22aannfff,0.061061,25
10509,ZTF20ablqjke,0.060933,30
10510,ZTF20aadbums,0.060925,46
10511,ZTF20aaglpho,0.060825,28
10512,ZTF20abzbdxb,0.060816,25
10513,ZTF25abimydq,0.060790,14
10514,ZTF25abmzfoq,0.060651,13
10515,ZTF22aaexjup,0.060508,11
10516,ZTF20aahevxh,0.060389,15
10517,ZTF22aajjcux,0.060344,21
10518,ZTF26aauwlbv,0.060318,14
10519,ZTF19acanohn,0.060288,13
10520,ZTF23abtnjdn,0.060273,14
10521,ZTF25abupzxj,0.060090,16
10522,ZTF21abdauiq,0.059918,14
10523,ZTF20aatwakl,0.059870,26
10524,ZTF19aaynoup,0.059632,38
10525,ZTF21aarsnpw,0.059617,43
10526,ZTF26aahfefr,0.059532,11
10527,ZTF20aaqrdqx,0.059484,16
10528,ZTF19abeeqoj,0.059463,10
10529,ZTF21abspqma,0.059294,17
10530,ZTF21aabjhie,0.059072,15
10531,ZTF22abollhi,0.059015,21
10532,ZTF20aampugt,0.058712,12
10533,ZTF26aawxayq,0.058689,22
10534,ZTF20abshiaq,0.058563,14
10535,ZTF23aamxwso,0.058208,23
10536,ZTF21abdoupg,0.058176,19
10537,ZTF26aatltea,0.057946,45
10538,ZTF21aatjhqe,0.057924,25
10539,ZTF20accozfu,0.057826,14
10540,ZTF25acejuzk,0.057763,15
10541,ZTF21aagtrkk,0.057752,26
10542,ZTF20aatuqfl,0.057655,20
10543,ZTF25abqbxbn,0.057560,13
10544,ZTF20acfxlpo,0.057429,15
10545,ZTF22abkiduq,0.057308,115
10546,ZTF20achkmpv,0.057251,14
10547,ZTF26aauxbmc,0.057140,19
10548,ZTF23aaeldtx,0.056905,14
10549,ZTF20abzkczd,0.056871,14
10550,ZTF20aboxzml,0.056831,35
10551,ZTF21aaofwxe,0.056803,30
10552,ZTF26aabpvpi,0.056699,12
10553,ZTF26aawjkcf,0.056672,33
10554,ZTF24aawcbbp,0.056510,14
10555,ZTF19achjvnp,0.056507,12
10556,ZTF18aarlolp,0.056487,12
10557,ZTF20aahujpd,0.056342,14
10558,ZTF24abggpti,0.056212,12
10559,ZTF21aciwixf,0.056162,11
10560,ZTF20acptdpf,0.056110,14
10561,ZTF21abibnyc,0.056055,35
10562,ZTF20acivsjd,0.055957,15
10563,ZTF24aakchfa,0.055781,15
10564,ZTF21aaqyenr,0.055776,16
10565,ZTF21abclatf,0.055761,19
10566,ZTF21aarjqkt,0.055689,20
10567,ZTF20aauxmab,0.055672,20
10568,ZTF20abwztmg,0.055672,27
10569,ZTF25abgcxsz,0.055257,50
10570,ZTF18aawsekm,0.054567,13
10571,ZTF26aasvrfz,0.054462,22
10572,ZTF19abnjest,0.054259,17
10573,ZTF24aasaple,0.054198,12
10574,ZTF21abxhndv,0.054169,14
10575,ZTF20acpwioh,0.053721,36
10576,ZTF22aaparxg,0.052864,15
10577,ZTF22aafprhd,0.052627,40
10578,ZTF20acpbyfl,0.052448,14
10579,ZTF22aakninz,0.052378,12
10580,ZTF24aarpfty,0.052366,16
10581,ZTF20acnzzlo,0.052260,13
10582,ZTF20acmmsqp,0.052213,16
10583,ZTF19acyjisf,0.052205,17
10584,ZTF25aatdomz,0.052197,21
10585,ZTF20acdojld,0.052065,14
10586,ZTF22aafbrgy,0.051595,33
10587,ZTF23aboucop,0.051394,12
10588,ZTF26aasqaoq,0.051387,24
10589,ZTF20achlkll,0.051379,13
10590,ZTF19abzlquc,0.051289,22
10591,ZTF25aakhxdj,0.051273,32
10592,ZTF20abatzmx,0.051153,18
10593,ZTF21aarpbqx,0.051147,10
10594,ZTF20acrbphj,0.051053,112
10595,ZTF21aavbyij,0.050713,33
10596,ZTF25abpsses,0.050578,10
10597,ZTF20aalkxvg,0.050571,21
10598,ZTF23abjknzw,0.050277,15
10599,ZTF21aahaqaa,0.050255,13
10600,ZTF25aaznaan,0.050232,14
10601,ZTF19abvakbo,0.050195,33
10602,ZTF22abnfgms,0.050182,21
10603,ZTF20acpxtkj,0.050122,15
10604,ZTF21aadatiw,0.050097,11
10605,ZTF22aaetxnt,0.050012,29
10606,ZTF22aakniaz,0.050006,14
10607,ZTF20aalojss,0.049941,14
10608,ZTF21abysloy,0.049919,19
10609,ZTF25abdgiax,0.049698,84
10610,ZTF21aaaoezc,0.049574,15
10611,ZTF20aczkcqr,0.049536,16
10612,ZTF23aaefkhe,0.049368,31
10613,ZTF19aclczir,0.049282,15
10614,ZTF23abshhcr,0.048893,17
10615,ZTF22aalqbwe,0.048381,11
10616,ZTF20acotzgs,0.048028,12
10617,ZTF23abhsjed,0.047948,18
10618,ZTF22aaetjts,0.047828,17
10619,ZTF20aaliqcb,0.047776,20
10620,ZTF26aaajzkh,0.047492,14
10621,ZTF24abaldml,0.047338,14
10622,ZTF21abiumsl,0.047263,12
10623,ZTF19acxpyya,0.047195,14
10624,ZTF24abhtadx,0.047156,22
10625,ZTF21abqjmfy,0.047131,14
10626,ZTF20achyykf,0.046885,53
10627,ZTF21abiuvgs,0.046873,13
10628,ZTF20aafkjqu,0.046827,17
10629,ZTF22aaabqko,0.046713,21
10630,ZTF21abjcywh,0.046646,13
10631,ZTF21aajvstn,0.046627,78
10632,ZTF18aarodqs,0.046605,11
10633,ZTF20actkuxm,0.046517,11
10634,ZTF19accmvvy,0.046319,14
10635,ZTF20acvdqsy,0.046286,14
10636,ZTF24aalpkfq,0.046202,115
10637,ZTF25ablamoy,0.046020,14
10638,ZTF24abelgwg,0.045830,19
10639,ZTF19aaobvhz,0.045786,38
10640,ZTF22aajqikz,0.045492,18
10641,ZTF24aaqainu,0.045057,12
10642,ZTF23ablbzel,0.044957,13
10643,ZTF25abvnrjf,0.044924,16
10644,ZTF20aafkzrc,0.044897,11
10645,ZTF25abtjrji,0.044751,16
10646,ZTF23abmpkmr,0.044671,14
10647,ZTF19acxoyqf,0.044654,24
10648,ZTF20acdpklw,0.044548,23
10649,ZTF20abyptzu,0.044243,17
10650,ZTF25abnospn,0.043932,27
10651,ZTF22abkvwhf,0.043693,12
10652,ZTF24aaadmvn,0.043684,12
10653,ZTF19acaennw,0.043441,19
10654,ZTF21aapxqkv,0.043031,43
10655,ZTF23aaxuvdw,0.042359,37
10656,ZTF26aailnze,0.042294,28
10657,ZTF20aaflctv,0.042168,17
10658,ZTF22aaolqzi,0.041712,15
10659,ZTF20absvsqn,0.041498,24
10660,ZTF23aaenttb,0.041297,52
10661,ZTF23abkyroe,0.041236,16
10662,ZTF23aachzsu,0.041211,22
10663,ZTF24aarajyp,0.041043,12
10664,ZTF23aaqzywb,0.041041,14
10665,ZTF21abfozkm,0.040899,26
10666,ZTF22abnmwae,0.040868,12
10667,ZTF20aarqopi,0.040793,12
10668,ZTF18aacqksn,0.040679,10
10669,ZTF23aagjcoo,0.040569,33
10670,ZTF21abjwlri,0.040351,21
10671,ZTF22abhebtq,0.040227,38
10672,ZTF20abzzhwx,0.039718,25
10673,ZTF23aaqyrha,0.039530,18
10674,ZTF23aafrlqa,0.039457,42
10675,ZTF26aaksnde,0.039400,20
10676,ZTF25aawdpws,0.038675,16
10677,ZTF21abyalle,0.038399,13
10678,ZTF26aascgfc,0.038321,16
10679,ZTF24ablnexm,0.038296,15
10680,ZTF21aaciiqb,0.038271,10
10681,ZTF26aajquot,0.038145,13
10682,ZTF19adcbhxn,0.038038,33
10683,ZTF20acyzxse,0.038033,14
10684,ZTF20acfvqmt,0.038002,29
10685,ZTF21aawnopx,0.037965,17
10686,ZTF22aajssgv,0.037878,30
10687,ZTF20abprtkm,0.037719,15
10688,ZTF23aajnlic,0.037380,15
10689,ZTF21abxnytt,0.037204,23
10690,ZTF20abzfdlc,0.037048,31
10691,ZTF21aaztvub,0.037025,31
10692,ZTF23abawwyy,0.036753,19
10693,ZTF21aawkspf,0.036328,19
10694,ZTF19abxwkty,0.036099,15
10695,ZTF23aajfdmp,0.035991,10
10696,ZTF25abwtnkx,0.035866,18
10697,ZTF20aconebc,0.035846,12
10698,ZTF21abxgipt,0.035812,48
10699,ZTF23abdiqut,0.034695,16
10700,ZTF21aaqzalw,0.034577,12
10701,ZTF24abuhmgy,0.034170,16
10702,ZTF26aakokjx,0.033991,14
10703,ZTF19acygqde,0.033872,31
10704,ZTF22ablbnsg,0.033421,18
10705,ZTF25aajoerz,0.033175,16
10706,ZTF22aaolbaw,0.032966,14
10707,ZTF23abbaesv,0.032926,31
10708,ZTF26aatxzfs,0.032817,22
10709,ZTF21abxgiqf,0.032708,15
10710,ZTF23abamrvt,0.032419,27
10711,ZTF20aadcygw,0.032367,22
10712,ZTF19acazljd,0.032058,15
10713,ZTF20abjrpwp,0.032041,15
10714,ZTF25abmpfnq,0.031592,13
10715,ZTF22abdohmd,0.031313,16
10716,ZTF26aavlzpd,0.031013,14
10717,ZTF25aauulwo,0.030990,14
10718,ZTF21acdwbpx,0.030667,13
10719,ZTF18acryhcb,0.030392,57
10720,ZTF20aagngaz,0.030069,15
10721,ZTF23abtnijv,0.029526,13
10722,ZTF21aadmkrm,0.028866,17
10723,ZTF20abhtxwf,0.028579,14
10724,ZTF21abyiszs,0.028226,17
10725,ZTF20abeiqzy,0.028177,11
10726,ZTF21abecsao,0.027747,14
10727,ZTF25acdpzld,0.027747,11
10728,ZTF21aaslhkc,0.027253,24
10729,ZTF21aaaernv,0.026693,15
10730,ZTF23aasmxtj,0.025594,53
10731,ZTF23abvzikf,0.024011,13
10732,ZTF22abqhkhx,0.023901,23
10733,ZTF23aazlujs,0.023712,16
10734,ZTF25abhtwhd,0.023359,18
10735,ZTF22aavklii,0.023130,11
10736,ZTF21aawsnmn,0.022987,16
10737,ZTF23aalutyy,0.022578,24
10738,ZTF24abjjobd,0.021423,23
10739,ZTF24aaadnxp,0.020648,19
10740,ZTF25aajcqze,0.020233,14
10741,ZTF22abmnzls,0.020147,10
10742,ZTF25aahmvto,0.019635,15
10743,ZTF22abhdmfb,0.019602,18
10744,ZTF23aadsnop,0.017985,28
10745,ZTF22aaaucmp,0.017703,15
10746,ZTF23abipvbr,0.017300,17
10747,ZTF22abinfly,0.015629,16
10748,ZTF22abnvupo,0.013849,22
