,jd,ra,dec,fid,magpsf,sigmapsf,mjd
0,2461077.7979051,121.8548704,70.6382591,2,19.066020965576172,0.1403539776802063,61077.297905100044
1,2461076.6811574,121.8547002,70.638322,1,18.942899703979492,0.11259999871253967,61076.1811573999
2,2461076.6385995,121.8548467,70.6383279,2,19.044700622558594,0.10988999903202057,61076.13859950006
3,2461075.719294,121.8549871,70.6383138,2,19.25779914855957,0.23301799595355988,61075.21929399995
4,2461075.6601389,121.8551124,70.6383499,1,19.039400100708008,0.1855430006980896,61075.160138899926
5,2461074.9380671,121.854742,70.6381632,1,18.964599609375,0.19312000274658203,61074.43806710001
6,2461074.8193056,121.8548206,70.6383404,2,18.936599731445312,0.11388900130987167,61074.31930560013
7,2461073.809537,121.855053,70.6383202,1,19.0314998626709,0.2511169910430908,61073.30953700002
8,2461073.7570718,121.8548375,70.6383624,2,19.05940055847168,0.21526800096035004,61073.257071800064
9,2461072.7512616,121.8548301,70.6383579,2,19.15399932861328,0.19078899919986725,61072.25126159983
11,2461071.6626389,121.8552643,70.6383701,1,18.833900451660156,0.2107750028371811,61071.16263889987
12,2461070.8045718,121.8547226,70.6384028,1,18.960899353027344,0.14249500632286072,61070.304571799934
13,2461070.7826505,121.8548325,70.6383931,2,18.979299545288086,0.1946139931678772,61070.28265050007
14,2461068.8299769,121.854898,70.6383323,2,18.989099502563477,0.10275900363922119,61068.329976900015
15,2461068.8299769,121.854898,70.6383323,2,18.989099502563477,0.10275900363922119,61068.329976900015
16,2461068.7793171,121.8548624,70.6383271,1,18.987199783325195,0.13258500397205353,61068.27931710007
17,2461066.9036921,121.8546161,70.6383796,2,18.97010040283203,0.14023199677467346,61066.4036921002
18,2461065.8202431,121.8548226,70.638303,2,19.072099685668945,0.11148600280284882,61065.32024310017
19,2461065.8066551,121.8548783,70.638343,1,18.94230079650879,0.09653899818658829,61065.30665510008
20,2461061.7854282,121.8547995,70.6382981,2,19.045299530029297,0.10087300091981888,61061.28542819992
21,2461061.7588773,121.8548272,70.6383255,1,18.938199996948242,0.11131100356578827,61061.25887730019
22,2461060.8433333,121.8548869,70.6383283,1,18.935400009155273,0.10848399996757507,61060.3433333002
23,2461060.8012384,121.8548688,70.6383526,2,19.02680015563965,0.08681099861860275,61060.30123839993
24,2461059.8268287,121.8547921,70.6383429,1,19.076400756835938,0.09318699687719345,61059.326828700025
25,2461059.7588889,121.8548055,70.6383504,2,19.003799438476562,0.09681999683380127,61059.258888899814
26,2461058.868912,121.8549353,70.6383191,1,18.912500381469727,0.08092299848794937,61058.36891200021
27,2461058.8110301,121.8547933,70.6383261,2,19.099199295043945,0.1313129961490631,61058.3110301001
28,2461057.886412,121.8545447,70.6384239,1,19.01300048828125,0.19093899428844452,61057.38641199982
29,2461057.8065972,121.8549781,70.6383331,2,19.065900802612305,0.16303299367427826,61057.30659720022
31,2461056.8046875,121.8548073,70.6383468,2,19.078100204467773,0.08009999990463257,61056.3046875
32,2461055.8828472,121.8548298,70.6383265,1,19.01460075378418,0.10594899952411652,61055.38284720015
33,2461055.8008102,121.8548796,70.6383371,2,19.09000015258789,0.1335500031709671,61055.30081020016
34,2461054.8728125,121.8548217,70.6382903,2,19.030799865722656,0.09270799905061722,61054.37281250022
35,2461054.778831,121.8547596,70.638337,1,18.95199966430664,0.13680599629878998,61054.278830999974
36,2461053.9839468,121.8547893,70.6382574,2,19.045799255371094,0.13655899465084076,61053.48394680023
37,2461053.8109259,121.8548299,70.6381656,1,19.062999725341797,0.16685500741004944,61053.310925900005
38,2461052.8238426,121.8547899,70.6383287,1,18.962299346923828,0.13721999526023865,61052.32384259999
39,2461052.7800231,121.8548126,70.6383581,2,19.084199905395508,0.13597799837589264,61052.280023099855
40,2461051.8045139,121.854745,70.6381035,2,19.220800399780273,0.21812500059604645,61051.304513900075
41,2461051.7381944,121.8546408,70.6383928,1,19.035600662231445,0.21915499866008759,61051.23819439998
42,2461049.7846991,121.8546212,70.6382366,1,19.099599838256836,0.14953799545764923,61049.28469910007
43,2461049.7433681,121.854631,70.6383475,2,18.919599533081055,0.1517529934644699,61049.24336809991
44,2461038.8873495,121.8548601,70.6383141,1,19.0314998626709,0.12020199745893478,61038.387349499855
45,2461038.8601852,121.8549057,70.6383089,2,19.049400329589844,0.11996600031852722,61038.36018519988
46,2461038.8141667,121.8547676,70.6382998,2,18.98040008544922,0.14962099492549896,61038.3141667
47,2461038.7572338,121.8548272,70.6383013,1,19.0137996673584,0.1462859958410263,61038.2572337999
48,2461031.8918403,121.8547397,70.6382882,2,19.011999130249023,0.1160850003361702,61031.39184030006
49,2461031.8903704,121.8548359,70.6383229,2,19.038700103759766,0.0755309984087944,61031.39037040016
50,2461031.8477199,121.8547798,70.6383215,1,19.087400436401367,0.10135000199079514,61031.347719899844
51,2461031.8467593,121.8548694,70.63832,1,18.969600677490234,0.09152799844741821,61031.34675930021
52,2461029.9134144,121.8547575,70.6383069,2,18.99090003967285,0.08760599792003632,61029.41341440007
53,2461029.7798958,121.8547996,70.6383088,1,18.96179962158203,0.10307800024747849,61029.279895800166
54,2461029.7674537,121.8548042,70.6383109,1,19.049100875854492,0.1003049984574318,61029.26745369984
55,2461027.884456,121.8549523,70.6383157,2,19.05069923400879,0.10464499890804291,61027.384455999825
56,2461027.8060995,121.8548688,70.6383481,1,18.959800720214844,0.09198500216007233,61027.30609950004
57,2461026.9826505,121.855003,70.6383403,2,19.019800186157227,0.12890399992465973,61026.48265049979
58,2461026.8801736,121.8552106,70.6381059,1,19.19029998779297,0.2583180069923401,61026.38017359981
59,2461025.8569792,121.8548788,70.6383122,2,19.03059959411621,0.09082400053739548,61025.35697920015
60,2461024.8912269,121.8546884,70.6382774,2,19.134700775146484,0.1480650007724762,61024.39122689981
61,2461024.8035532,121.854677,70.6382935,1,19.06559944152832,0.12151399999856949,61024.30355319986
62,2461022.9840856,121.8548437,70.6383263,2,19.09670066833496,0.08141700178384781,61022.48408559989
63,2461022.8946065,121.854812,70.6383587,1,19.01959991455078,0.1390720009803772,61022.39460649993
64,2461022.8903009,121.8547999,70.6383193,1,18.956600189208984,0.09572800248861313,61022.39030090021
65,2461020.9982755,121.8547954,70.6383425,2,19.12190055847168,0.12505200505256653,61020.49827549979
66,2461020.8707523,121.8548408,70.6383373,1,19.02899932861328,0.1157890036702156,61020.370752300136
67,2461020.7709606,121.8548587,70.6383365,2,19.05470085144043,0.1589220017194748,61020.270960600115
68,2461016.8035648,121.8547489,70.6383819,2,19.00189971923828,0.17684000730514526,61016.30356479995
69,2461014.9484491,121.854618,70.6384117,1,19.289899826049805,0.3050509989261627,61014.4484490999
71,2461011.9258449,121.8548576,70.6382875,2,19.179500579833984,0.11736399680376053,61011.425844899844
73,2461009.9492245,121.8548329,70.6383344,1,19.111600875854492,0.08177600055932999,61009.449224499986
74,2461009.9098611,121.85487,70.6383466,2,19.06060028076172,0.09455899894237518,61009.409861099906
75,2461007.8703125,121.8548201,70.6383333,1,19.122600555419922,0.10760000348091125,61007.370312499814
76,2461007.8427778,121.8549031,70.6383316,2,19.07110023498535,0.11458099633455276,61007.342777799815
78,2461006.9122106,121.8547533,70.6383315,2,19.173799514770508,0.13219699263572693,61006.412210599985
79,2461005.9586227,121.8549562,70.638356,2,19.145000457763672,0.0955289974808693,61005.45862270007
80,2461005.8819097,121.8548569,70.6382521,1,19.09869956970215,0.09802000224590302,61005.38190970011
81,2461003.9949769,121.8548383,70.6383394,1,19.068899154663086,0.10556399822235107,61003.49497690005
82,2461003.9475231,121.8548643,70.6383489,2,19.1112003326416,0.10699199885129929,61003.447523099836
83,2460999.9232755,121.8546867,70.6383121,2,19.204099655151367,0.12689800560474396,60999.42327550007
87,2460989.9726968,121.8549123,70.6383922,2,19.115800857543945,0.15981599688529968,60989.472696799785
88,2460989.9239468,121.8549151,70.6383556,2,19.223400115966797,0.12355799973011017,60989.423946800176
89,2460989.865081,121.8549414,70.6383845,1,19.090099334716797,0.142303004860878,60989.36508100014
90,2460989.8434954,121.8545918,70.6383085,1,19.18939971923828,0.14988799393177032,60989.34349540016
91,2460988.0051042,121.8548788,70.6383252,2,19.093599319458008,0.12247899919748306,60987.50510419998
92,2460987.9929398,121.8548507,70.6383177,1,19.161399841308594,0.13075999915599823,60987.492939800024
93,2460987.9671991,121.8548623,70.6383483,1,19.073699951171875,0.18457399308681488,60987.46719910018
94,2460987.8896181,121.8548475,70.6383477,2,19.143400192260742,0.14899100363254547,60987.38961810013
95,2460985.9335764,121.8546801,70.638378,1,19.125200271606445,0.14881500601768494,60985.433576399926
96,2460985.9316435,121.8547732,70.6383981,1,19.24839973449707,0.23398099839687347,60985.43164349999
97,2460985.8475116,121.854422,70.6383839,1,19.238300323486328,0.2438659965991974,60985.34751159977
98,2460985.8465162,121.8548187,70.6382943,1,18.96030044555664,0.15593299269676208,60985.346516199876
100,2460983.8683565,121.8547876,70.638254,1,19.23430061340332,0.18921099603176117,60983.36835649982
101,2460981.8896644,121.8548056,70.6383328,2,19.111000061035156,0.098130002617836,60981.3896643999
102,2460981.8886921,121.8547896,70.6383391,2,19.204500198364258,0.12073100358247757,60981.38869210007
103,2460979.9338079,121.8548223,70.6383164,2,19.111499786376953,0.10210099816322327,60979.433807900175
104,2460979.9266782,121.8548925,70.6383031,2,19.149999618530273,0.08286699652671814,60979.42667819979
105,2460979.8721412,121.8547868,70.6383314,1,19.14259910583496,0.10389900207519531,60979.37214120012
106,2460979.854537,121.8548204,70.6383508,1,19.2101993560791,0.1194240003824234,60979.35453699995
107,2460977.9660995,121.8546449,70.6383363,2,19.165199279785156,0.11799400299787521,60977.46609950019
108,2460977.9517824,121.8547966,70.6383192,2,19.122699737548828,0.10780400037765503,60977.45178239979
109,2460977.9014236,121.8547503,70.6383338,1,19.21470069885254,0.12578000128269196,60977.40142360004
110,2460977.9009144,121.8548768,70.6383355,1,19.18790054321289,0.11904600262641907,60977.400914399885
111,2460975.9916667,121.8547926,70.6383187,2,19.140899658203125,0.10849899798631668,60975.491666700225
112,2460975.9911574,121.8548023,70.6383084,2,19.17259979248047,0.11870700120925903,60975.491157399956
113,2460975.9466088,121.8547639,70.6382667,1,19.151100158691406,0.09713999927043915,60975.446608799975
114,2460975.8458449,121.8548218,70.6382007,1,19.250699996948242,0.17390699684619904,60975.34584489977
116,2460973.9088079,121.8548368,70.6383307,2,19.1781005859375,0.08893900364637375,60973.4088078998
117,2460973.9082986,121.8546235,70.6383632,2,19.21969985961914,0.11396600306034088,60973.4082986
118,2460973.8858912,121.8547727,70.6383477,1,19.222999572753906,0.14084899425506592,60973.38589120004
119,2460973.8618866,121.8548127,70.6383132,1,19.202800750732422,0.12204600125551224,60973.36188660003
122,2460970.8685532,121.8548359,70.6383377,1,19.167999267578125,0.10078699886798859,60970.368553199805
123,2460968.9680324,121.8547927,70.6383571,2,19.228300094604492,0.09309499710798264,60968.468032400124
124,2460968.9550347,121.854709,70.6383393,2,19.313100814819336,0.13135400414466858,60968.45503470022
125,2460968.8903935,121.8549099,70.6383426,1,19.240800857543945,0.11207500100135803,60968.390393500216
126,2460968.8893981,121.8547458,70.6383407,1,19.312599182128906,0.14693300426006317,60968.389398099855
127,2460967.0151157,121.8548631,70.6383169,1,19.2637996673584,0.12795299291610718,60966.5151157002
128,2460966.9067708,121.8549523,70.6383528,2,19.239999771118164,0.10752499848604202,60966.406770799775
129,2460966.9057986,121.8547974,70.6383308,2,19.227800369262695,0.12534399330615997,60966.405798600055
130,2460966.8429745,121.85482,70.6383371,1,19.279600143432617,0.15287500619888306,60966.3429744998
131,2460961.9959375,121.8548509,70.6383466,1,19.19659996032715,0.12328299880027771,60961.49593750015
132,2460961.9540162,121.8548334,70.6383512,2,19.17329978942871,0.10001199692487717,60961.4540161998
133,2460961.9289931,121.8546397,70.6383271,2,19.40570068359375,0.14466699957847595,60961.428993099835
134,2460961.8397917,121.8547965,70.6384198,1,19.12649917602539,0.20554499328136444,60961.33979169978
135,2460959.9083565,121.8548831,70.6383202,1,19.18709945678711,0.1421090066432953,60959.40835649986
136,2460959.8600926,121.8549334,70.6383181,2,19.297500610351562,0.17416299879550934,60959.360092599876
138,2460957.0121644,121.8549905,70.6383114,2,19.199199676513672,0.12257599830627441,60956.51216439996
139,2460956.9938657,121.854749,70.6383379,2,19.114999771118164,0.13810500502586365,60956.49386569997
140,2460956.9493866,121.8549302,70.6383554,1,19.271400451660156,0.20237700641155243,60956.44938659994
141,2460956.9224769,121.854897,70.6382874,1,19.310199737548828,0.29390600323677063,60956.42247689981
142,2460955.0103819,121.8548526,70.638284,1,19.215099334716797,0.14431999623775482,60954.510381899774
143,2460955.0098727,121.8547867,70.6383407,1,19.1205997467041,0.1305440068244934,60954.50987270009
144,2460954.9552083,121.8549932,70.6382958,2,19.263500213623047,0.14411400258541107,60954.45520830015
145,2460954.9536806,121.8548882,70.6383968,2,19.30620002746582,0.17800399661064148,60954.45368060004
146,2460953.0103704,121.8548169,70.6383256,1,19.155899047851562,0.10067799687385559,60952.5103703998
147,2460952.9684838,121.8547053,70.6383052,1,19.20159912109375,0.12594500184059143,60952.46848380007
148,2460952.9296296,121.8548037,70.638353,2,19.188499450683594,0.1358339935541153,60952.42962960014
149,2460952.8616782,121.8547949,70.6383516,2,18.957000732421875,0.15351800620555878,60952.36167819984
150,2460950.9314699,121.8548136,70.6382952,2,19.13010025024414,0.09324400126934052,60950.43146990007
151,2460950.907963,121.8548075,70.6383231,2,19.25349998474121,0.12494000047445297,60950.40796299977
152,2460950.8823611,121.8547863,70.6383659,1,19.191699981689453,0.14371100068092346,60950.382361100055
153,2460949.0110417,121.8549097,70.6383055,2,19.165000915527344,0.09070199728012085,60948.51104169991
154,2460948.9909722,121.8547563,70.6383252,2,19.14189910888672,0.1313749998807907,60948.49097219994
155,2460948.9510648,121.8548619,70.6383191,1,19.15049934387207,0.10341300070285797,60948.45106479991
156,2460948.9458681,121.8546644,70.6383247,1,19.213300704956055,0.09048199653625488,60948.44586810004
157,2460924.0156019,121.8548427,70.6383573,2,19.250499725341797,0.142208993434906,60923.51560189994
158,2460923.9884491,121.8547392,70.6383144,1,19.229299545288086,0.15096600353717804,60923.48844909994
159,2460817.7241435,121.8549186,70.6383336,2,19.069372177124023,0.0959399864077568,60817.224143499974
160,2460817.7025,121.8549547,70.6383462,1,18.99090003967285,0.10592299699783325,60817.20250000013
161,2460815.6990278,121.8548798,70.6383422,1,18.98080062866211,0.11178500205278397,60815.1990278
164,2460804.7218287,121.8547535,70.6383218,2,19.046199798583984,0.11438000202178955,60804.22182870004
165,2460803.6747454,121.8547972,70.6383804,1,19.039400100708008,0.1500840038061142,60803.17474539997
166,2460803.6747454,121.8547972,70.6383804,1,19.039400100708008,0.1500840038061142,60803.17474539997
168,2460796.7830787,121.8548539,70.6383461,2,19.029300689697266,0.1151290014386177,60796.28307869984
169,2460795.7385764,121.8547821,70.6383364,2,19.11720085144043,0.12315099686384201,60795.238576400094
172,2460788.8255324,121.8546601,70.6383141,2,18.96619987487793,0.11328499764204025,60788.32553240005
173,2460788.7787153,121.8548383,70.6383301,1,19.028400421142578,0.101453997194767,60788.27871529991
174,2460788.7787153,121.8548383,70.6383301,1,19.028400421142578,0.101453997194767,60788.27871529991
175,2460786.8032407,121.8547967,70.6383352,1,18.910999298095703,0.299234002828598,60786.30324070016
176,2460786.7814352,121.8548325,70.6383754,2,18.887500762939453,0.1032869964838028,60786.28143520001
177,2460786.7596875,121.8548423,70.6383357,2,18.931299209594727,0.11335200071334839,60786.259687500075
178,2460786.6665162,121.8547495,70.6383663,1,18.955699920654297,0.10790400207042694,60786.166516200174
179,2460781.7570023,121.8547437,70.638305,2,18.96820068359375,0.1332319974899292,60781.25700230012
180,2460781.7433681,121.8548546,70.6383042,2,19.0049991607666,0.11610399931669235,60781.24336809991
181,2460781.6661458,121.8548382,70.6383394,1,18.90489959716797,0.08413100242614746,60781.16614580015
182,2460781.6656366,121.8548375,70.6383323,1,18.935699462890625,0.07884000241756439,60781.165636599995
184,2460776.7954051,121.8551377,70.6383522,1,19.0408992767334,0.1541920006275177,60776.2954051001
185,2460776.7840972,121.8549407,70.63838,1,18.866300582885742,0.13050399720668793,60776.284097199794
186,2460776.7840972,121.8549407,70.63838,1,18.866300582885742,0.13050399720668793,60776.284097199794
187,2460776.7409722,121.8549026,70.6383936,2,19.17140007019043,0.1654440015554428,60776.24097219994
188,2460774.8614005,121.8544799,70.6383113,1,18.915700912475586,0.21424800157546997,60774.36140049994
189,2460774.762662,121.8548239,70.6383128,2,19.06279945373535,0.13395600020885468,60774.26266200002
190,2460774.7616898,121.8547153,70.6383725,2,18.987499237060547,0.1279519945383072,60774.26168979984
191,2460774.7616898,121.8547153,70.6383725,2,18.987499237060547,0.1279519945383072,60774.26168979984
192,2460774.7449653,121.8550737,70.6381954,1,19.021099090576172,0.18628600239753723,60774.244965299964
193,2460772.8224769,121.8547716,70.6383433,2,19.180700302124023,0.18144400417804718,60772.32247690018
194,2460772.7982292,121.8548369,70.6383518,2,19.04680061340332,0.1388310045003891,60772.298229199834
195,2460772.7982292,121.8548369,70.6383518,2,19.04680061340332,0.1388310045003891,60772.298229199834
196,2460772.7709375,121.8547865,70.6383504,1,18.856399536132812,0.14302900433540344,60772.270937500056
197,2460770.8265278,121.8548207,70.6383658,1,18.950300216674805,0.13142000138759613,60770.326527799945
198,2460770.7970602,121.8546559,70.6383394,2,18.95949935913086,0.13955900073051453,60770.29706020001
199,2460770.7965509,121.8548585,70.6383546,2,18.967300415039062,0.1168299987912178,60770.29655090021
200,2460760.7961806,121.8548801,70.6383294,2,19.049299240112305,0.10591799765825272,60760.296180599835
201,2460760.7822454,121.8547695,70.6383348,2,19.15169906616211,0.08209999650716782,60760.282245399896
202,2460760.7574306,121.8548978,70.6383358,1,19.15559959411621,0.1117670014500618,60760.2574306
203,2460760.7563889,121.854832,70.6383457,1,19.140600204467773,0.09212099760770798,60760.25638889987
204,2460758.7957176,121.8547976,70.6383685,2,19.173999786376953,0.14817500114440918,60758.2957175998
205,2460758.7952083,121.854805,70.6383396,2,19.201799392700195,0.12715399265289307,60758.2952083
206,2460758.7952083,121.854805,70.6383396,2,19.201799392700195,0.12715399265289307,60758.2952083
207,2460758.7561921,121.8547598,70.6383602,1,19.12820053100586,0.11608199775218964,60758.25619209977
208,2460758.7457176,121.8548837,70.6383103,1,19.098400115966797,0.12102299928665161,60758.24571759999
209,2460756.7978356,121.8548456,70.638339,2,19.09589958190918,0.08962099999189377,60756.2978356001
210,2460756.7617361,121.8548565,70.6383313,2,19.222999572753906,0.15020200610160828,60756.261736100074
211,2460756.7416898,121.8548768,70.6383438,1,19.098600387573242,0.09928800165653229,60756.24168979982
212,2460756.7411806,121.8549135,70.6383279,1,19.114700317382812,0.10275500267744064,60756.24118060013
213,2460754.8639931,121.8548057,70.638371,2,19.22599983215332,0.12345699965953827,60754.36399309989
214,2460754.7810995,121.8548825,70.6383745,1,19.07270050048828,0.1166670024394989,60754.281099500135
215,2460754.769213,121.8548723,70.638333,2,19.17639923095703,0.1414009928703308,60754.26921299985
216,2460751.7632176,121.8547033,70.6383096,2,19.224899291992188,0.114996999502182,60751.26321760006
217,2460751.7621759,121.8549441,70.6383445,2,19.334400177001953,0.16677400469779968,60751.26217589993
218,2460751.6999306,121.8547378,70.6383156,1,19.25309944152832,0.14973899722099304,60751.19993059989
220,2460750.7654282,121.8548019,70.638348,2,19.317800521850586,0.15382400155067444,60750.2654281999
222,2460744.7815509,121.8547283,70.6383334,2,19.27090072631836,0.18179099261760712,60744.28155090008
223,2460744.7388889,121.8550023,70.6382565,1,19.23240089416504,0.1398009955883026,60744.238888899796
224,2460744.6340162,121.8548543,70.6382219,1,18.97249984741211,0.1851319968700409,60744.13401619997
225,2460739.7141088,121.8546974,70.6382541,2,19.05459976196289,0.20895400643348694,60739.21410880005
227,2460739.6734028,121.8551304,70.6383017,1,19.055999755859375,0.17634199559688568,60739.173402800225
229,2460734.8683681,121.8546681,70.638335,2,19.142499923706055,0.12163099646568298,60734.36836809991
230,2460734.8266667,121.8547534,70.6383119,2,19.222700119018555,0.16821099817752838,60734.32666670019
231,2460734.7829398,121.8548372,70.6382985,1,19.27989959716797,0.13170500099658966,60734.28293980006
232,2460734.7815046,121.8546128,70.6382613,1,19.062999725341797,0.12405399978160858,60734.28150459984
233,2460732.759919,121.8548318,70.6383284,2,19.10379981994629,0.08366800099611282,60732.25991899986
234,2460732.7156366,121.8547491,70.6383384,2,19.187299728393555,0.10509800165891647,60732.21563659981
235,2460732.6998727,121.8548637,70.6383178,1,19.2189998626709,0.10554499924182892,60732.19987270003
236,2460732.683669,121.8548008,70.6382852,1,19.17729949951172,0.12548799812793732,60732.18366899993
237,2460730.8203356,121.855029,70.6382646,1,19.133899688720703,0.13513100147247314,60730.32033560006
238,2460730.7482292,121.8548731,70.6383435,1,19.07550048828125,0.10835500061511993,60730.24822920002
239,2460730.7039583,121.8548462,70.6383056,2,19.107799530029297,0.09154699742794037,60730.20395829994
240,2460730.7025231,121.854694,70.6383075,2,19.170299530029297,0.13048699498176575,60730.20252310019
241,2460728.7651273,121.8548635,70.6383206,1,19.13960075378418,0.09181699901819229,60728.26512729982
242,2460728.7406944,121.8547898,70.6383322,1,19.079599380493164,0.11813899874687195,60728.24069439992
243,2460728.7195486,121.8549266,70.6382967,2,19.117700576782227,0.09102900326251984,60728.219548599795
245,2460726.8640162,121.854742,70.6383278,1,19.15730094909668,0.10281199961900711,60726.36401619995
246,2460726.8241435,121.8548904,70.6383135,2,19.22279930114746,0.08808299899101257,60726.32414350007
247,2460726.822662,121.854833,70.6383536,2,19.194299697875977,0.09114599972963333,60726.32266200008
249,2460724.8297685,121.8547781,70.6383266,2,19.12969970703125,0.09622199833393097,60724.329768499825
251,2460722.6814005,121.8549102,70.6382578,1,19.226699829101562,0.1996850073337555,60722.18140049977
252,2460716.8805324,121.8548648,70.6383753,1,19.17840003967285,0.2004079967737198,60716.38053240022
253,2460716.8795602,121.8547844,70.6383892,1,19.246299743652344,0.2417220026254654,60716.37956020003
255,2460714.9085301,121.8546434,70.6383389,2,19.194400787353516,0.16825099289417267,60714.40853009978
257,2460710.6947338,121.8549115,70.6383347,2,19.181299209594727,0.11474499851465225,60710.1947337999
259,2460705.8119329,121.8548673,70.6383002,2,19.188100814819336,0.12558700144290924,60705.31193289999
260,2460698.8275,121.8547812,70.6383553,2,19.126800537109375,0.1279129981994629,60698.32750000013
261,2460698.734919,121.8546167,70.6383406,2,19.17639923095703,0.15167200565338135,60698.23491899995
262,2460698.65625,121.8548009,70.6382783,1,19.063899993896484,0.1835249960422516,60698.15625
263,2460698.6387384,121.8548319,70.6383563,1,19.173900604248047,0.22693699598312378,60698.13873839984
264,2460696.850162,121.8545383,70.6383499,2,19.213899612426758,0.17569099366664886,60696.35016199993
266,2460695.7799306,121.8548121,70.6383188,1,19.078800201416016,0.0873119980096817,60695.279930599965
267,2460694.7634028,121.8547747,70.6383575,1,19.222200393676758,0.13492000102996826,60694.263402800076
268,2460693.8650579,121.8548846,70.6383195,2,19.10770034790039,0.10656700283288956,60693.36505790008
269,2460693.8650579,121.8548846,70.6383195,2,19.10770034790039,0.10656700283288956,60693.36505790008
270,2460693.8015625,121.8548785,70.6383018,1,19.02630043029785,0.13776199519634247,60693.301562500186
271,2460692.776794,121.8548974,70.6383609,2,19.225799560546875,0.13188600540161133,60692.27679400006
273,2460691.9018634,121.854766,70.6383041,2,19.03179931640625,0.12104099988937378,60691.40186339989
274,2460691.8123495,121.8548453,70.6383383,1,19.063600540161133,0.16853700578212738,60691.312349500135
276,2460690.8255903,121.8547867,70.638333,2,19.090299606323242,0.16806399822235107,60690.32559029991
279,2460688.9289352,121.855006,70.6383836,1,18.92650032043457,0.18664099276065826,60688.428935199976
280,2460688.7584375,121.8544619,70.638324,2,19.172199249267578,0.19832099974155426,60688.25843749987
281,2460687.8377315,121.8556107,70.63829,2,19.027599334716797,0.28523799777030945,60687.337731500156
282,2460686.8084838,121.8548871,70.6383964,2,19.088899612426758,0.11996500194072723,60686.30848379992
284,2460683.9136227,121.8543473,70.6381912,1,18.940399169921875,0.20667199790477753,60683.41362270014
289,2460678.035787,121.8549446,70.6383016,1,19.121660232543945,0.12194783985614777,60677.535786999855
290,2460678.035787,121.8549446,70.6383016,1,19.121700286865234,0.1219479963183403,60677.535786999855
291,2460677.8635069,121.8548833,70.6383325,2,19.1210994720459,0.11065500229597092,60677.36350690015
292,2460677.8635069,121.8548833,70.6383325,2,19.1210994720459,0.11065500229597092,60677.36350690015
293,2460677.8625347,121.85468,70.6383057,2,19.03660011291504,0.11691399663686752,60677.36253469996
294,2460677.8625347,121.85468,70.6383057,2,19.03660011291504,0.11691399663686752,60677.36253469996
295,2460677.8447685,121.8546905,70.6383224,1,19.05620002746582,0.10884500294923782,60677.344768499956
296,2460677.8447685,121.8546905,70.6383224,1,19.05620002746582,0.10884500294923782,60677.344768499956
297,2460674.7486921,121.8547334,70.6383543,1,19.252099990844727,0.2109149992465973,60674.248692099936
298,2460674.7446181,121.8548347,70.6383331,1,18.961999893188477,0.11299899965524673,60674.244618100114
299,2460674.6996875,121.8548373,70.638307,2,19.01569938659668,0.13872100412845612,60674.19968750002
300,2460674.6991782,121.8547351,70.6382605,2,19.04669952392578,0.12916800379753113,60674.199178200215
301,2460672.6772801,121.8548164,70.638388,1,19.00309944152832,0.18921099603176117,60672.17728010006
302,2460672.6382986,121.8548892,70.638272,1,19.09869956970215,0.2538119852542877,60672.13829859998
303,2460668.8839699,121.8548663,70.6383291,1,18.93790054321289,0.09140100330114365,60668.3839699002
305,2460667.9213194,121.8549221,70.6383282,2,19.00040054321289,0.2740029990673065,60667.42131939996
306,2460667.8671875,121.8546559,70.6383375,1,19.092599868774414,0.13714699447155,60667.3671875
307,2460666.7435648,121.8548307,70.6383251,2,18.97319984436035,0.09811799973249435,60666.243564799894
308,2460666.707662,121.8547333,70.6383252,1,19.052499771118164,0.1157739982008934,60666.207661999855
309,2460665.9085764,121.8548532,70.6383237,1,18.96739959716797,0.11098600178956985,60665.40857640002
310,2460665.8699769,121.8546762,70.6383431,2,18.986600875854492,0.09408000111579895,60665.36997690005
311,2460664.8879051,121.8548631,70.6383408,2,19.06800079345703,0.09823399782180786,60664.387905099895
312,2460664.7930903,121.854745,70.6383305,1,18.896400451660156,0.1336130052804947,60664.29309030017
313,2460663.9491435,121.8547933,70.6383279,1,18.936199188232422,0.13397300243377686,60663.44914350007
314,2460663.873912,121.8547776,70.6383421,2,19.01129913330078,0.11838699877262115,60663.3739120001
316,2460661.7200694,121.8546118,70.6382799,1,19.010400772094727,0.20100900530815125,60661.220069400035
317,2460660.9038426,121.854792,70.638403,1,18.75909996032715,0.1501609981060028,60660.40384260006
318,2460660.8858681,121.8548427,70.6383676,2,19.112699508666992,0.23820699751377106,60660.385868099984
320,2460658.7466551,121.8547207,70.638375,1,19.222700119018555,0.2255219966173172,60658.246655100025
322,2460655.736956,121.855002,70.6383355,1,19.091800689697266,0.22759400308132172,60655.23695599986
323,2460654.8084491,121.8552081,70.6382801,2,19.316499710083008,0.2953689992427826,60654.30844909977
324,2460654.7471759,121.8554211,70.6383232,1,19.063499450683594,0.27368301153182983,60654.2471758998
325,2460653.8221991,121.8548177,70.6382907,1,19.003999710083008,0.11306499689817429,60653.32219910016
327,2460652.7561343,121.8548647,70.638349,1,19.17060089111328,0.11469300091266632,60652.25613430003
328,2460652.6990741,121.8549114,70.6383485,2,19.108200073242188,0.13359500467777252,60652.19907409977
329,2460651.9461806,121.8548943,70.6383,2,19.178800582885742,0.09878399968147278,60651.44618060021
330,2460651.7388773,121.8548197,70.6383294,1,19.072500228881836,0.12375599890947342,60651.23887730017
331,2460650.9494907,121.8547181,70.6382793,2,19.203899383544922,0.12605099380016327,60650.44949069992
332,2460650.8685301,121.8548206,70.6383537,1,19.1825008392334,0.0991009995341301,60650.36853010021
333,2460649.9729861,121.854981,70.6383258,2,19.19029998779297,0.08722300082445145,60649.472986099776
334,2460649.8486458,121.8548223,70.6383227,1,19.178600311279297,0.10590100288391113,60649.34864579979
335,2460648.910544,121.8547724,70.6383442,2,19.18950080871582,0.11646199971437454,60648.4105440001
336,2460648.8859144,121.8547163,70.6383265,1,19.17569923400879,0.08684799820184708,60648.38591440022
337,2460647.8904051,121.8548258,70.6382955,2,19.25149917602539,0.14525100588798523,60647.39040509984
338,2460646.9274884,121.8547944,70.6383444,1,19.28459930419922,0.11889699846506119,60646.427488400135
339,2460646.8933449,121.8548118,70.638326,2,19.260000228881836,0.12388599663972855,60646.393344900105
340,2460644.9727662,121.8547208,70.6382992,2,19.259000778198242,0.12173300236463547,60644.47276620008
342,2460640.8484028,121.8548129,70.6383325,2,19.334999084472656,0.13684499263763428,60640.34840280004
343,2460640.8077315,121.8548507,70.6383032,1,19.301599502563477,0.14665000140666962,60640.307731499895
344,2460637.9035764,121.8547172,70.6383067,2,19.23040008544922,0.11984500288963318,60637.40357640013
345,2460637.8865394,121.8548146,70.6383016,2,19.27429962158203,0.09918899834156036,60637.38653940009
346,2460637.7810764,121.8547541,70.6383541,1,19.2450008392334,0.14619900286197662,60637.281076400075
349,2460635.8862037,121.8548215,70.6383219,2,19.271499633789062,0.12149599939584732,60635.38620370021
351,2460635.842963,121.8547319,70.6382692,1,19.10099983215332,0.16090300679206848,60635.34296299983
353,2460632.8126736,121.8546509,70.6383493,1,19.236799240112305,0.20758900046348572,60632.312673599925
354,2460631.9726968,121.8550503,70.6382905,1,19.203899383544922,0.15173499286174774,60631.472696799785
355,2460629.036412,121.8548565,70.6383665,1,19.293500900268555,0.10500500351190567,60628.53641200019
357,2460628.7799421,121.8547007,70.6383941,2,19.34939956665039,0.19715499877929688,60628.279942099936
358,2460626.803831,121.8546595,70.638334,2,19.14900016784668,0.2585830092430115,60626.30383099988
360,2460624.9754282,121.8548401,70.6383375,1,19.30069923400879,0.11844400316476822,60624.47542819986
362,2460624.0103125,121.8548173,70.6382696,2,19.284099578857422,0.10548999905586243,60623.510312499944
364,2460623.0146759,121.8549273,70.6383152,2,19.40559959411621,0.14005599915981293,60622.514675899874
365,2460622.975787,121.8546821,70.6383315,1,19.211599349975586,0.11178400367498398,60622.4757869998
366,2460621.9961574,121.8547623,70.6382727,2,19.108800888061523,0.21791699528694153,60621.496157399844
367,2460621.9961574,121.8547623,70.6382727,2,19.108800888061523,0.21791699528694153,60621.496157399844
368,2460621.9447454,121.8549799,70.6381862,1,19.216699600219727,0.16735099256038666,60621.44474539999
369,2460621.9437731,121.8543744,70.6383556,1,19.34709930419922,0.22002600133419037,60621.44377310015
370,2460619.9912153,121.8548226,70.6383827,1,19.25480079650879,0.1567460000514984,60619.491215299815
371,2460619.9516204,121.8547841,70.6383418,2,19.365100860595703,0.13684600591659546,60619.45162039995
372,2460618.8417593,121.8548124,70.6383521,2,19.212900161743164,0.18920199573040009,60618.34175929986
373,2460616.9362963,121.854727,70.6383272,2,19.203399658203125,0.12077199667692184,60616.43629630003
374,2460616.8908912,121.8547765,70.638338,1,19.190799713134766,0.11041200160980225,60616.39089119993
375,2460615.0076042,121.8548668,70.6383317,1,19.121700286865234,0.09036099910736084,60614.50760419993
376,2460615.0038079,121.8547689,70.6383428,1,19.203399658203125,0.13284100592136383,60614.50380790001
377,2460614.9705903,121.8547508,70.638344,2,19.16510009765625,0.09030800312757492,60614.47059029993
378,2460614.9477083,121.8548064,70.6383222,2,19.184200286865234,0.09731300175189972,60614.44770829985
379,2460610.9497801,121.8547249,70.6383131,1,19.08690071105957,0.13471299409866333,60610.449780100025
381,2460610.8862963,121.8548278,70.6382995,2,19.14080047607422,0.11106900125741959,60610.38629630022
383,2460608.9762153,121.8548262,70.638324,1,19.067699432373047,0.08208899945020676,60608.47621530015
384,2460608.9331944,121.8547977,70.6383143,2,19.090099334716797,0.10035199671983719,60608.43319439981
385,2460608.9321991,121.8547588,70.6383332,2,19.04490089416504,0.11224299669265747,60608.43219910003
386,2460608.8658218,121.8547343,70.6383437,1,19.06279945373535,0.10962799936532974,60608.365821800195
387,2460606.9975463,121.8547773,70.638343,1,19.034500122070312,0.10897599905729294,60606.497546299826
388,2460606.9483449,121.854876,70.6383341,2,19.077800750732422,0.11548600345849991,60606.44834489981
389,2460606.9112269,121.8548966,70.6383675,1,18.975900650024414,0.1085750013589859,60606.41122689983
390,2460606.8457407,121.8547641,70.6383566,2,18.997299194335938,0.09279900044202805,60606.34574070014
391,2460604.9368287,121.8548304,70.6383126,2,18.988000869750977,0.10398399829864502,60604.436828699894
392,2460604.9368287,121.8548304,70.6383126,2,18.988000869750977,0.10398399829864502,60604.436828699894
393,2460604.8861343,121.8547868,70.6382931,1,18.963899612426758,0.13707900047302246,60604.386134299915
394,2460604.8851389,121.8548585,70.6383353,1,19.044599533081055,0.13690100610256195,60604.38513890002
395,2460603.0129861,121.8553262,70.6383841,2,19.10740089416504,0.20821000635623932,60602.51298609981
396,2460602.9942824,121.8550916,70.638256,2,18.917200088500977,0.19251999258995056,60602.49428239977
397,2460602.9508681,121.8550682,70.6381623,1,18.97719955444336,0.22081099450588226,60602.45086809993
398,2460602.9494329,121.854434,70.6384915,1,18.883699417114258,0.23123799264431,60602.449432900175
399,2460599.9662153,121.8548112,70.6383009,1,18.972400665283203,0.17400799691677094,60599.46621529991
400,2460599.9643171,121.8546534,70.6382916,1,19.003400802612305,0.18543800711631775,60599.46431710012
401,2460599.9452199,121.8549876,70.6383314,2,19.068700790405273,0.12918199598789215,60599.44521989999
402,2460599.9358333,121.8548676,70.6383854,2,19.172000885009766,0.16975200176239014,60599.4358333
403,2460598.0104861,121.8548353,70.6383379,2,19.09480094909668,0.09590999782085419,60597.51048609987
404,2460597.9677199,121.8547158,70.6383331,1,18.96969985961914,0.09856700152158737,60597.467719899956
405,2460597.9120602,121.8547507,70.6383342,1,18.974199295043945,0.1108890026807785,60597.41206019977
406,2460597.8858912,121.8547792,70.6382742,2,19.042800903320312,0.11047700047492981,60597.38589120004
407,2460595.9052778,121.8546676,70.6382629,1,19.045000076293945,0.1005759984254837,60595.405277799815
408,2460595.8890278,121.8548016,70.6383382,2,18.9507999420166,0.08729399740695953,60595.389027799945
409,2460595.8885185,121.8548276,70.6383293,2,19.05229949951172,0.09499099850654602,60595.38851850014
410,2460595.0077431,121.8546434,70.6383502,2,19.08009910583496,0.1520799994468689,60594.50774310017
411,2460594.9746181,121.8547082,70.6383342,1,18.878000259399414,0.11218299716711044,60594.474618100096
412,2460592.9678819,121.8546865,70.6383189,1,18.974599838256836,0.11891599744558334,60592.46788189979
413,2460592.9453472,121.8547321,70.6382666,2,18.98150062561035,0.11366800218820572,60592.44534720015
414,2460578.0284722,121.8547337,70.6382329,3,19.597200393676758,0.29715099930763245,60577.528472200036
415,2460578.0072569,121.8548261,70.6383679,3,19.13409996032715,0.14788800477981567,60577.50725689996
416,2460577.9952894,121.8548092,70.6383002,1,18.852100372314453,0.11443199962377548,60577.49528940022
417,2460577.9933218,121.8547823,70.6383402,1,18.821399688720703,0.11124400049448013,60577.49332180014
418,2460577.9709491,121.8548543,70.6383065,2,18.854700088500977,0.1005999967455864,60577.470949099865
419,2460577.9689815,121.8547822,70.6383298,2,18.908899307250977,0.09055200219154358,60577.468981499784
420,2460577.0075694,121.8548561,70.6383283,2,18.962299346923828,0.101282998919487,60576.50756940013
421,2460577.0056019,121.8548766,70.6383031,2,18.90999984741211,0.08980599790811539,60576.505601900164
422,2460576.9893634,121.8548472,70.638318,1,18.899499893188477,0.09435000270605087,60576.4893633998
423,2460576.9873727,121.8548005,70.6383145,1,18.847900390625,0.12168999761343002,60576.487372700125
424,2460576.9520023,121.8548759,70.6382929,3,19.173099517822266,0.1766590029001236,60576.45200229995
425,2460576.950544,121.8548489,70.6383469,3,19.12660026550293,0.15831699967384338,60576.45054400014
426,2460576.0087153,121.8548884,70.638331,2,19.061899185180664,0.13671599328517914,60575.50871529989
427,2460576.0067245,121.8547897,70.638331,2,18.877099990844727,0.132191002368927,60575.5067245001
428,2460575.9884954,121.8549298,70.6383917,3,19.267200469970703,0.17709800601005554,60575.488495400175
429,2460575.9674537,121.8550024,70.6384018,3,19.426700592041016,0.25612500309944153,60575.467453700025
430,2460575.9424421,121.8548058,70.6382751,1,18.903600692749023,0.14896699786186218,60575.44244210003
431,2460575.9299074,121.854797,70.6383466,1,18.877399444580078,0.1531050056219101,60575.42990740016
432,2460572.9921412,121.8548964,70.6383277,1,18.798999786376953,0.14519700407981873,60572.49214120023
433,2460572.9723611,121.8548939,70.638319,2,18.894399642944336,0.1448020040988922,60572.472361099906
434,2460572.9718519,121.8549046,70.6383537,2,18.874399185180664,0.10016600042581558,60572.47185190022
435,2460572.9343171,121.8547139,70.6382593,1,18.70870018005371,0.1365170031785965,60572.43431709986
436,2460568.9920139,121.8546324,70.6383395,1,18.87660026550293,0.09405499696731567,60568.492013900075
438,2460568.9910185,121.8548197,70.6383327,1,18.81130027770996,0.08282800018787384,60568.49101850018
440,2460565.9727662,121.854749,70.6383127,2,18.944000244140625,0.09100399911403656,60565.47276620008
441,2460565.9236921,121.8546789,70.6383512,1,18.810800552368164,0.08043000102043152,60565.423692100216
442,2460438.7257523,121.8548268,70.6383332,2,19.07891845703125,0.10112887620925903,60438.22575230012
443,2460438.7007292,121.854795,70.6382948,1,19.117000579833984,0.15492500364780426,60438.20072920015
445,2460437.7273148,121.8548443,70.6383778,2,19.188899993896484,0.15086300671100616,60437.227314800024
446,2460437.7061921,121.8549453,70.6383381,3,19.462200164794922,0.1875769942998886,60437.206192099955
447,2460437.6829514,121.8548841,70.6382921,1,19.141599655151367,0.10322900116443634,60437.18295140006
448,2460435.7166898,121.854365,70.6380664,2,18.979400634765625,0.2937690019607544,60435.21668979991
449,2460435.7003704,121.8547241,70.6382411,1,19.322799682617188,0.16443100571632385,60435.20037040021
450,2460433.7849884,121.8548407,70.6383287,2,19.16160011291504,0.11376400291919708,60433.28498840006
451,2460433.7380093,121.8549136,70.6383156,1,19.114599227905273,0.1067660003900528,60433.23800930008
452,2460433.7370139,121.8548334,70.6383322,1,19.114700317382812,0.09692399948835373,60433.23701390019
453,2460433.6783565,121.8547765,70.6383188,2,19.166799545288086,0.10513799637556076,60433.17835649988
454,2460431.7955556,121.8549915,70.638297,1,19.186399459838867,0.1263670027256012,60431.295555599965
455,2460431.7479514,121.854838,70.6383014,2,19.19379997253418,0.08902200311422348,60431.2479514
456,2460431.7474421,121.8547269,70.638322,2,19.313199996948242,0.1409049928188324,60431.2474421002
457,2460429.8005903,121.85495,70.6383173,1,19.10890007019043,0.12654399871826172,60429.3005903
458,2460429.7646065,121.8548258,70.6383175,1,19.21820068359375,0.1229960024356842,60429.264606500044
459,2460429.7185069,121.8548223,70.6383594,2,19.24020004272461,0.14129699766635895,60429.21850690013
460,2460429.7175116,121.8546998,70.6383575,2,19.14389991760254,0.12982800602912903,60429.21751159988
461,2460423.8076505,121.8550484,70.6383845,1,19.126399993896484,0.21827100217342377,60423.30765049998
462,2460422.7820833,121.8548291,70.6383481,2,19.105199813842773,0.14611999690532684,60422.28208329994
464,2460421.8177199,121.8550996,70.6383812,1,19.126699447631836,0.15690599381923676,60421.31771990005
465,2460421.7190046,121.8548694,70.6383778,2,19.230100631713867,0.1562879979610443,60421.21900459984
466,2460419.7183565,121.8548083,70.6382996,2,19.277700424194336,0.13736200332641602,60419.218356499914
467,2460419.6996296,121.855014,70.6383193,1,19.064599990844727,0.13663199543952942,60419.19962960016
468,2460417.7776273,121.8549489,70.6383547,2,19.204500198364258,0.13708800077438354,60417.277627300005
469,2460407.8019097,121.8549594,70.6383788,1,19.089099884033203,0.13787099719047546,60407.301909700036
470,2460407.7863542,121.8549261,70.6383539,1,19.092100143432617,0.15932099521160126,60407.28635419998
471,2460407.7388079,121.8548304,70.6383255,2,19.127500534057617,0.1132500022649765,60407.23880789988
472,2460403.8023148,121.8548853,70.638307,1,19.230300903320312,0.13079200685024261,60403.30231480021
473,2460403.7821412,121.8549201,70.6383164,1,19.04210090637207,0.10695400089025497,60403.2821411998
474,2460403.7552199,121.8547501,70.6382977,2,19.11669921875,0.09055700153112411,60403.25521990005
475,2460403.7211921,121.8547504,70.638357,2,19.160600662231445,0.09855999797582626,60403.221192100085
476,2460397.8245718,121.8550314,70.6383494,1,19.217599868774414,0.22085900604724884,60397.32457179995
477,2460397.7854398,121.8547038,70.6383329,2,19.149099349975586,0.1538340002298355,60397.285439800005
478,2460397.784456,121.8548864,70.638314,2,19.16900062561035,0.16560900211334229,60397.2844560002
482,2460390.8283102,121.8548615,70.6383301,2,19.183700561523438,0.145797997713089,60390.32831020001
483,2460388.8014815,121.8547171,70.6383576,1,19.1875,0.16659900546073914,60388.3014814998
484,2460388.7797569,121.854848,70.6383444,1,18.88279914855957,0.1166900023818016,60388.27975689992
485,2460388.7009954,121.8547968,70.6383317,2,19.208599090576172,0.15222400426864624,60388.20099540008
486,2460388.6990625,121.8548238,70.6383189,2,19.273000717163086,0.1598069965839386,60388.19906250015
487,2460378.7243866,121.8547912,70.638365,2,19.246400833129883,0.11671599745750427,60378.224386599846
488,2460378.7005093,121.8547824,70.638341,1,19.236099243164062,0.11394699662923813,60378.20050929999
489,2460378.6592477,121.8546956,70.6383029,2,19.321800231933594,0.1302739977836609,60378.159247700125
490,2460369.8113773,121.8548166,70.6383143,2,19.251800537109375,0.11442799866199493,60369.31137729995
491,2460369.8088194,121.8546995,70.6383167,2,19.27090072631836,0.1390800029039383,60369.30881940015
494,2460357.9121991,121.8549671,70.6383109,1,19.079200744628906,0.10150200128555298,60357.412199100014
495,2460357.9033912,121.854787,70.6383157,1,19.17060089111328,0.09754300117492676,60357.40339120012
496,2460357.7901042,121.8548217,70.6383096,2,19.255199432373047,0.11558300256729126,60357.29010420013
497,2460357.7880787,121.8547719,70.6383423,2,19.187700271606445,0.11398299783468246,60357.28807870019
498,2460354.7982176,121.8548457,70.6383152,1,19.078500747680664,0.1344349980354309,60354.29821760021
499,2460354.7802083,121.8547691,70.6383356,1,19.103099822998047,0.11843699961900711,60354.28020829987
500,2460354.7629861,121.8550081,70.6383288,2,19.149799346923828,0.12584200501441956,60354.26298609981
501,2460354.7054167,121.8546516,70.6382974,2,19.21430015563965,0.11182399839162827,60354.20541669987
502,2460352.8433102,121.854945,70.638305,2,19.093700408935547,0.10396499931812286,60352.34331020014
503,2460352.8418634,121.8547799,70.6383579,2,19.232999801635742,0.11431100219488144,60352.34186339984
504,2460352.7823843,121.8548568,70.638316,1,19.121700286865234,0.1008170023560524,60352.28238430014
505,2460341.7479051,121.8548056,70.638349,1,19.093399047851562,0.12848900258541107,60341.24790510023
506,2460341.715,121.8547961,70.6383359,2,19.2091007232666,0.16597400605678558,60341.21499999985
507,2460340.8805324,121.8548617,70.6383306,1,18.962400436401367,0.10983200371265411,60340.38053240022
508,2460340.8259491,121.8548823,70.6382928,2,19.0093994140625,0.12382300198078156,60340.325949099846
509,2460339.7999421,121.854857,70.6383049,2,19.082700729370117,0.12376099824905396,60339.299942099955
510,2460339.7231134,121.8548898,70.6383267,1,19.04990005493164,0.11334200203418732,60339.22311339993
511,2460337.6794329,121.8542284,70.6382844,1,18.747699737548828,0.36569100618362427,60337.17943290016
513,2460334.7389468,121.8548502,70.6383073,2,18.988399505615234,0.1565379947423935,60334.23894680012
515,2460326.9052546,121.8548649,70.6383591,2,19.03619956970215,0.09483599662780762,60326.405254600104
516,2460326.7996065,121.8548311,70.6383287,1,18.879100799560547,0.07762499898672104,60326.29960650019
517,2460326.7972222,121.8547242,70.6383168,1,19.013200759887695,0.10144499689340591,60326.29722219985
518,2460326.7159606,121.854692,70.6382998,2,19.06529998779297,0.10217499732971191,60326.21596059995
519,2460324.8615278,121.8548499,70.6383305,1,18.958799362182617,0.08081500232219696,60324.361527800094
520,2460324.860544,121.8547631,70.6383277,1,18.99049949645996,0.10926800221204758,60324.36054399982
521,2460324.781794,121.8548495,70.6383355,2,18.980899810791016,0.08325400203466415,60324.28179399995
522,2460324.7803356,121.8547607,70.6383579,2,19.08449935913086,0.09896399825811386,60324.28033560002
523,2460322.8972917,121.8548272,70.6383197,2,19.05660057067871,0.10323599725961685,60322.39729169989
524,2460322.8967824,121.8548518,70.6383398,2,19.084999084472656,0.10109200328588486,60322.39678240009
525,2460322.819375,121.8549392,70.6383262,1,18.947599411010742,0.11553800106048584,60322.31937499996
526,2460322.7815162,121.8546048,70.6383535,1,18.950300216674805,0.15476100146770477,60322.28151619993
527,2460319.0626968,121.8547755,70.638333,2,18.989099502563477,0.09130500257015228,60318.5626968001
528,2460319.0622222,121.8547393,70.6383138,2,19.02090072631836,0.09554599970579147,60318.56222219998
529,2460319.0617593,121.8548056,70.6383304,2,19.068300247192383,0.09765999764204025,60318.561759300064
530,2460319.0612847,121.8548676,70.6383364,2,18.97260093688965,0.08485700190067291,60318.56128469994
531,2460319.0608102,121.8548532,70.6383466,2,18.953100204467773,0.07809799909591675,60318.56081019994
532,2460319.0603356,121.8548493,70.6383362,2,18.973899841308594,0.08995699882507324,60318.56033559982
533,2460319.0598611,121.8549232,70.6383393,2,18.942899703979492,0.09612800180912018,60318.55986109981
534,2460319.0593981,121.85492,70.6383407,2,18.940799713134766,0.08466199785470963,60318.55939809978
535,2460319.0589236,121.854856,70.6383444,2,18.924400329589844,0.08629100024700165,60318.558923599776
536,2460319.0584606,121.8548608,70.6383388,2,18.915199279785156,0.08826900273561478,60318.55846060021
537,2460319.0579861,121.8548807,70.6382904,2,19.0,0.1161390021443367,60318.557986100204
538,2460319.0575116,121.8547932,70.6382754,2,19.02989959716797,0.09347599744796753,60318.5575116002
539,2460319.057037,121.8548398,70.6383291,2,18.964599609375,0.08476199954748154,60318.55703700008
540,2460319.0565741,121.8549267,70.6383422,2,18.935100555419922,0.080424003303051,60318.55657410016
541,2460319.0560995,121.8548225,70.6383318,2,18.963899612426758,0.09693200141191483,60318.55609950004
542,2460319.055625,121.8548453,70.6382915,2,18.95159912109375,0.08930200338363647,60318.55562500004
543,2460319.055162,121.8548989,70.6383671,2,18.959999084472656,0.0928879976272583,60318.555162000004
544,2460319.0546875,121.8548468,70.6383366,2,19.033000946044922,0.10006000101566315,60318.5546875
545,2460319.054213,121.8548699,70.6383527,2,18.978900909423828,0.09852500259876251,60318.554212999996
546,2460319.0537384,121.8548301,70.6383035,2,18.97570037841797,0.08148100227117538,60318.553738399874
547,2460319.0532755,121.854823,70.63835,2,19.01449966430664,0.09556099772453308,60318.55327549996
548,2460319.0528009,121.8548449,70.6383322,2,19.00790023803711,0.08756300061941147,60318.55280089984
549,2460319.0523264,121.8548353,70.6383483,2,18.96980094909668,0.10183300077915192,60318.55232639983
550,2460319.0518634,121.854887,70.638316,2,18.901399612426758,0.07880999892950058,60318.5518633998
551,2460319.0513889,121.8548838,70.6383328,2,18.968399047851562,0.09181699901819229,60318.551388899796
552,2460319.0509144,121.8548951,70.6383133,2,18.973400115966797,0.09040799736976624,60318.55091439979
554,2460319.0499769,121.8549096,70.6383415,2,18.991500854492188,0.08498799800872803,60318.54997690022
555,2460319.0495023,121.8548442,70.638331,2,18.955900192260742,0.08698499947786331,60318.5495023001
556,2460319.0490394,121.8548075,70.6383391,2,18.941499710083008,0.08398400247097015,60318.54903940018
557,2460319.0485648,121.8548572,70.6383569,2,18.968700408935547,0.08329199999570847,60318.54856480006
558,2460319.0480903,121.8548771,70.6383407,2,18.969999313354492,0.09745100140571594,60318.54809030006
559,2460319.0476157,121.8548699,70.6383556,2,18.89590072631836,0.08927900344133377,60318.547615699936
560,2460319.0471528,121.8548074,70.6383086,2,18.968299865722656,0.09852900356054306,60318.54715280002
561,2460319.0466782,121.8548462,70.6383326,2,19.004899978637695,0.0814569965004921,60318.5466781999
562,2460319.0462037,121.8548209,70.6383039,2,18.93400001525879,0.10385800153017044,60318.546203699894
563,2460319.0457407,121.8548671,70.6383154,2,18.958799362182617,0.09016399830579758,60318.54574069986
564,2460319.0452662,121.8547564,70.638314,2,18.930299758911133,0.07953400164842606,60318.54526619986
565,2460319.0447917,121.8549282,70.6383133,2,18.997800827026367,0.1017260029911995,60318.54479169985
566,2460319.0443287,121.8549479,70.6383443,2,18.961599349975586,0.10081599652767181,60318.54432869982
567,2460319.0438542,121.8549031,70.6383347,2,19.03619956970215,0.10041099786758423,60318.543854199816
568,2460319.0433912,121.8548658,70.6383034,2,19.072200775146484,0.09314300119876862,60318.54339119978
569,2460319.0429167,121.8548883,70.638331,2,18.984800338745117,0.08795999735593796,60318.54291669978
570,2460319.0424421,121.8548976,70.6383295,2,18.933300018310547,0.08760499954223633,60318.54244210012
571,2460319.0419676,121.8549164,70.6383258,2,19.010799407958984,0.11649399995803833,60318.54196760012
572,2460319.0415046,121.8548047,70.6383564,2,18.956499099731445,0.08974099904298782,60318.541504600085
573,2460319.0410301,121.85482,70.6383383,2,19.01129913330078,0.0770220011472702,60318.54103010008
574,2460319.0405556,121.8549057,70.6383349,2,18.919099807739258,0.0824510008096695,60318.54055560008
575,2460319.040081,121.8548455,70.6383412,2,18.90570068359375,0.090488001704216,60318.540080999956
576,2460319.0396065,121.8548782,70.6382912,2,19.049699783325195,0.09409800171852112,60318.53960649995
577,2460319.0391435,121.8548949,70.6382939,2,18.863300323486328,0.08230900019407272,60318.53914349992
578,2460319.038669,121.854834,70.6383457,2,18.970600128173828,0.10151699930429459,60318.538668999914
579,2460319.0381944,121.8547545,70.6383114,2,18.94179916381836,0.09134799987077713,60318.53819439979
580,2460319.0377315,121.8549237,70.6383037,2,18.979000091552734,0.08997900038957596,60318.53773149988
581,2460319.0372569,121.8548665,70.6383132,2,18.922500610351562,0.09874500334262848,60318.53725690022
582,2460319.036794,121.8549151,70.638301,2,18.927600860595703,0.10765700042247772,60318.53679399984
583,2460319.0363194,121.8548192,70.6383118,2,18.916799545288086,0.09004700183868408,60318.536319400184
584,2460319.0358449,121.8547614,70.6383505,2,18.957500457763672,0.08334299921989441,60318.53584490018
585,2460319.0353704,121.8548876,70.6383513,2,18.909500122070312,0.0880649983882904,60318.535370400175
586,2460319.0348958,121.8548953,70.6383574,2,18.972999572753906,0.09925799816846848,60318.534895800054
587,2460319.0344329,121.8548401,70.6383301,2,19.023799896240234,0.08982100337743759,60318.53443290014
588,2460319.0339583,121.854868,70.6383047,2,18.970800399780273,0.0816119983792305,60318.53395830002
589,2460319.0334838,121.8548496,70.6383183,2,18.915599822998047,0.09129899740219116,60318.53348380001
590,2460319.0330208,121.8547764,70.6383126,2,18.90410041809082,0.08048100024461746,60318.53302079998
591,2460319.0325463,121.8549607,70.6383182,2,18.84779930114746,0.09631399810314178,60318.532546299975
592,2460319.0320718,121.8548111,70.6383066,2,18.96139907836914,0.08039899915456772,60318.53207179997
593,2460319.0315972,121.8547987,70.638332,2,18.902299880981445,0.08390200138092041,60318.53159719985
594,2460319.0311343,121.8548458,70.6383454,2,18.960899353027344,0.07945600152015686,60318.531134299934
595,2460319.0306597,121.8548086,70.6382995,2,18.973899841308594,0.0812470018863678,60318.53065969981
596,2460319.0301852,121.854863,70.6383186,2,18.973499298095703,0.08857200294733047,60318.53018519981
597,2460319.0297222,121.8548977,70.6383275,2,18.941600799560547,0.0815420001745224,60318.529722199775
598,2460319.0292477,121.854848,70.638334,2,18.946699142456055,0.07559599727392197,60318.52924769977
599,2460319.0287847,121.8548311,70.6383317,2,18.960899353027344,0.0978740006685257,60318.528784700204
600,2460319.0283102,121.8549134,70.6383197,2,19.013700485229492,0.09892400354146957,60318.5283102002
601,2460319.0278356,121.8548612,70.6383155,2,18.965700149536133,0.0964059978723526,60318.52783560008
602,2460319.0273611,121.8548848,70.6383365,2,18.909400939941406,0.08765099942684174,60318.527361100074
603,2460319.0268981,121.8547991,70.6383049,2,18.936100006103516,0.08485499769449234,60318.52689810004
604,2460319.0264236,121.8548343,70.6383289,2,18.96269989013672,0.10731899738311768,60318.52642360004
605,2460319.0259491,121.8548612,70.6383328,2,18.963699340820312,0.10192500054836273,60318.52594910003
606,2460319.0254861,121.8548567,70.638359,2,19.014400482177734,0.08109500259160995,60318.5254861
607,2460319.0250116,121.854804,70.6382955,2,19.004199981689453,0.08187399804592133,60318.525011599995
608,2460319.0245486,121.8547705,70.6383215,2,18.983400344848633,0.08694499731063843,60318.52454859996
609,2460319.0240741,121.8548774,70.6383119,2,18.943599700927734,0.08673500269651413,60318.52407409996
610,2460319.0235995,121.8548334,70.6382955,2,18.96419906616211,0.08472800254821777,60318.52359949984
611,2460319.023125,121.8548321,70.6383456,2,19.011199951171875,0.10489299893379211,60318.52312499983
612,2460319.0226505,121.854922,70.6383226,2,18.89189910888672,0.09746900200843811,60318.52265049983
613,2460319.0221875,121.8548205,70.6383337,2,18.99519920349121,0.10956600308418274,60318.522187499795
614,2460319.021713,121.8548524,70.6383321,2,18.984100341796875,0.10069099813699722,60318.52171299979
615,2460319.0212384,121.8549534,70.6383227,2,18.91469955444336,0.08477000147104263,60318.521238400135
616,2460319.0207639,121.8548811,70.6383723,2,18.96540069580078,0.11337599903345108,60318.52076390013
617,2460319.0203009,121.8548346,70.6383169,2,19.004199981689453,0.09055499732494354,60318.5203009001
618,2460319.0198264,121.8548702,70.6382903,2,18.891399383544922,0.0764160007238388,60318.519826400094
619,2460319.0193519,121.8548274,70.6383635,2,18.992799758911133,0.10348600149154663,60318.51935190009
620,2460319.0188773,121.8549727,70.638348,2,18.970300674438477,0.0938820019364357,60318.51887729997
621,2460319.0184144,121.8549407,70.6383083,2,18.972900390625,0.08791200071573257,60318.51841440005
622,2460319.0179398,121.854831,70.638309,2,18.97170066833496,0.09118299931287766,60318.51793979993
623,2460319.0174653,121.8548156,70.6383116,2,18.972200393676758,0.08832100033760071,60318.51746529993
624,2460319.0170023,121.8548787,70.6383321,2,18.988399505615234,0.10614699870347977,60318.517002299894
625,2460319.0165278,121.8548926,70.638308,2,19.011199951171875,0.1029909998178482,60318.51652779989
626,2460319.0160532,121.8547841,70.6382598,2,18.85099983215332,0.08488299697637558,60318.51605319977
627,2460319.0155903,121.8547983,70.6382748,2,19.001699447631836,0.1308320015668869,60318.51559029985
628,2460319.0151157,121.8548464,70.6383382,2,18.92490005493164,0.08678799867630005,60318.5151157002
629,2460319.0146412,121.8548256,70.6383197,2,18.96269989013672,0.09357199817895889,60318.51464120019
630,2460319.0141667,121.8549687,70.6383361,2,18.916500091552734,0.08837199956178665,60318.51416670019
631,2460319.0137037,121.8548891,70.6383289,2,18.926000595092773,0.10020600259304047,60318.513703700155
632,2460319.0132292,121.8548721,70.6383577,2,18.950199127197266,0.12844300270080566,60318.51322920015
633,2460319.0127546,121.8549328,70.6383392,2,18.937999725341797,0.10552500188350677,60318.51275460003
634,2460319.0122917,121.8548766,70.6383694,2,18.98310089111328,0.10488399863243103,60318.51229170011
635,2460319.0118171,121.8549106,70.6383698,2,18.98550033569336,0.09935300052165985,60318.51181709999
636,2460319.0113426,121.8548064,70.6383146,2,18.97719955444336,0.09373600035905838,60318.51134259999
637,2460319.0108681,121.8547977,70.6383274,2,18.976200103759766,0.09702400118112564,60318.510868099984
638,2460319.0104051,121.8548943,70.6383446,2,18.986400604248047,0.10913699865341187,60318.51040509995
639,2460319.0099306,121.8548396,70.6383443,2,18.891700744628906,0.10058300197124481,60318.50993059995
640,2460319.009456,121.8548538,70.638307,2,18.958499908447266,0.09627699851989746,60318.509455999825
641,2460319.0089931,121.8548841,70.6383297,2,18.960800170898438,0.10596799850463867,60318.50899309991
642,2460319.0085185,121.8548809,70.6383096,2,18.965299606323242,0.11437200009822845,60318.50851849979
643,2460319.0080556,121.8548127,70.6383212,2,18.90570068359375,0.10619500279426575,60318.50805559987
644,2460319.007581,121.8548541,70.6383126,2,19.019800186157227,0.10803099721670151,60318.507581000216
645,2460319.0071181,121.8548549,70.6383314,2,18.975500106811523,0.11011199653148651,60318.507118099835
646,2460319.0066435,121.8548773,70.638305,2,18.94540023803711,0.10460499674081802,60318.50664350018
647,2460319.006169,121.8548133,70.6383295,2,18.995899200439453,0.11731000244617462,60318.506169000175
648,2460319.0056944,121.8548595,70.6383448,2,18.989599227905273,0.10363300144672394,60318.50569440005
649,2460319.0052315,121.8547693,70.6383438,2,18.895299911499023,0.10147199779748917,60318.50523150014
650,2460319.0047569,121.8549135,70.6383036,2,18.94029998779297,0.11278200149536133,60318.504756900016
651,2460319.0038079,121.8548265,70.6383285,2,18.86039924621582,0.09564000368118286,60318.50380790001
652,2460319.0033449,121.8548917,70.6382555,2,18.911300659179688,0.1051110029220581,60318.503344899975
653,2460319.0028704,121.8549,70.6383426,2,18.950300216674805,0.08955699950456619,60318.50287039997
654,2460319.0023958,121.8547472,70.6382684,2,18.981300354003906,0.09793400019407272,60318.50239579985
655,2460319.0019329,121.85484,70.6383213,2,18.950199127197266,0.10412000119686127,60318.50193289993
656,2460319.0014583,121.8547681,70.6383574,2,19.032400131225586,0.11293499916791916,60318.50145829981
657,2460319.0009838,121.8548953,70.6383168,2,18.892099380493164,0.08837399631738663,60318.50098379981
658,2460319.0005208,121.8547518,70.6383945,2,18.933700561523438,0.09460300207138062,60318.500520799775
659,2460318.9995718,121.8548789,70.638306,2,18.930200576782227,0.11304300278425217,60318.49957180023
660,2460318.9986343,121.8547887,70.6383331,2,18.94230079650879,0.09285400062799454,60318.498634300195
661,2460318.9981597,121.8549031,70.6383368,2,18.92060089111328,0.0838870033621788,60318.49815970007
662,2460318.9976968,121.8547979,70.6383369,2,18.9414005279541,0.08221899718046188,60318.49769680016
663,2460318.9972222,121.8548438,70.6382689,2,18.969100952148438,0.0892769992351532,60318.497222200036
664,2460318.9967477,121.854833,70.6383181,2,18.913299560546875,0.10012900084257126,60318.49674770003
665,2460318.9958102,121.8547402,70.6383142,2,18.967500686645508,0.09955000132322311,60318.495810199995
666,2460318.9953356,121.854726,70.6383269,2,18.985599517822266,0.08216899633407593,60318.49533559987
667,2460318.9948727,121.8549671,70.6382902,2,18.951000213623047,0.07771600037813187,60318.49487269996
668,2460318.9943981,121.8548166,70.6383228,2,18.913000106811523,0.09211999922990799,60318.494398099836
669,2460318.9939236,121.8548229,70.6383383,2,18.989900588989258,0.10379300266504288,60318.49392359983
670,2460318.9934491,121.854952,70.6383304,2,19.018800735473633,0.11022000014781952,60318.49344909983
671,2460318.9929861,121.8549469,70.638319,2,18.92340087890625,0.0973920002579689,60318.492986099795
672,2460318.9925116,121.8550608,70.6383115,2,18.988100051879883,0.09263599663972855,60318.49251159979
673,2460318.992037,121.8548493,70.638307,2,18.988300323486328,0.09070999920368195,60318.492037000135
674,2460318.9915741,121.8548427,70.6383522,2,18.93720054626465,0.10715600103139877,60318.49157410022
675,2460318.9910995,121.8547953,70.6383499,2,18.951400756835938,0.11663500219583511,60318.4910995001
676,2460318.990625,121.8548164,70.6383636,2,18.919200897216797,0.09813299775123596,60318.49062500009
677,2460318.990162,121.8547824,70.6383398,2,18.92889976501465,0.11615800112485886,60318.49016200006
678,2460318.9896875,121.854851,70.638339,2,19.103099822998047,0.11315999925136566,60318.489687500056
679,2460318.989213,121.8547842,70.6383128,2,18.90019989013672,0.08115000277757645,60318.48921300005
680,2460318.98875,121.8548328,70.6383231,2,19.003599166870117,0.08901499956846237,60318.48875000002
681,2460318.9882755,121.8548468,70.6383506,2,18.970699310302734,0.09619800001382828,60318.488275500014
682,2460318.9873264,121.8547947,70.6383082,2,18.95870018005371,0.10010000318288803,60318.48732639989
683,2460318.9868634,121.854771,70.6383616,2,19.021499633789062,0.11465500295162201,60318.486863399856
684,2460318.9863889,121.8547544,70.6383079,2,18.912099838256836,0.09499300271272659,60318.48638889985
685,2460318.9859144,121.8549254,70.638327,2,18.923200607299805,0.0983780026435852,60318.48591439985
686,2460318.9854398,121.8547791,70.6383164,2,18.961700439453125,0.0919409990310669,60318.48543980019
687,2460318.9849769,121.8548817,70.638335,2,18.988100051879883,0.09406299889087677,60318.48497689981
688,2460318.9845023,121.8549998,70.6383311,2,18.914199829101562,0.07750900089740753,60318.484502300154
689,2460318.9840278,121.8549402,70.6383373,2,18.99650001525879,0.11339399963617325,60318.48402780015
690,2460318.9835648,121.8548657,70.6383046,2,18.912099838256836,0.12017100304365158,60318.48356480012
691,2460318.9830903,121.8548185,70.6383217,2,18.874399185180664,0.0899529978632927,60318.48309030011
692,2460318.9821528,121.8547878,70.6382971,2,18.925500869750977,0.10594400018453598,60318.482152800076
693,2460318.9816782,121.8547754,70.6383025,2,18.990699768066406,0.08625999838113785,60318.481678199954
694,2460318.9812153,121.8548264,70.6382854,2,18.975400924682617,0.10434500128030777,60318.48121530004
695,2460318.9807407,121.8548945,70.6383579,2,18.926700592041016,0.08235500007867813,60318.48074069992
696,2460318.9802662,121.8548314,70.6383391,2,18.8966007232666,0.10526599735021591,60318.48026619991
697,2460318.9797917,121.8548054,70.638369,2,18.972299575805664,0.13177600502967834,60318.47979169991
698,2460318.9793171,121.8548519,70.6382963,2,18.968799591064453,0.09623300284147263,60318.47931709979
699,2460318.9788542,121.8549316,70.6383367,2,19.03339958190918,0.1069599986076355,60318.47885419987
700,2460318.9783796,121.8547151,70.6383121,2,18.926300048828125,0.10074000060558319,60318.478379600216
701,2460318.9769676,121.8548292,70.6382862,2,18.89579963684082,0.09944800287485123,60318.476967600174
702,2460318.9760185,121.8548352,70.6383044,2,18.87969970703125,0.12352000176906586,60318.47601850005
703,2460318.9755556,121.8548007,70.6383266,2,19.01099967956543,0.1327430009841919,60318.47555560013
704,2460318.9746065,121.8548881,70.6383336,2,18.901399612426758,0.10323300212621689,60318.47460650001
705,2460318.973669,121.8546838,70.6383231,2,18.947999954223633,0.12073300033807755,60318.47366899997
706,2460318.9731944,121.8547246,70.6383496,2,18.971500396728516,0.10559800267219543,60318.47319439985
707,2460318.9727315,121.8549239,70.6383186,2,18.99449920654297,0.1423500031232834,60318.47273149993
708,2460318.9722569,121.8547218,70.6383141,2,18.89189910888672,0.10883499681949615,60318.47225689981
709,2460318.9717824,121.8549013,70.6383268,2,18.92340087890625,0.127360001206398,60318.47178239981
710,2460318.9713194,121.8547453,70.6383026,2,19.001800537109375,0.10558000206947327,60318.471319399774
711,2460318.9708449,121.854855,70.6383018,2,18.991600036621094,0.09992200136184692,60318.47084489977
712,2460318.9703704,121.8547796,70.6383685,2,19.01609992980957,0.10908599942922592,60318.47037040023
713,2460318.9698958,121.8548199,70.6383632,2,18.97800064086914,0.11251000314950943,60318.46989580011
714,2460318.9694329,121.8547863,70.6382801,2,19.038799285888672,0.10849600285291672,60318.469432900194
715,2460318.9684838,121.8548433,70.6382906,2,18.980600357055664,0.10007800161838531,60318.46848380007
716,2460318.9680208,121.8548036,70.6383426,2,18.899099349975586,0.12098699808120728,60318.468020800035
717,2460318.9675463,121.8547722,70.6383724,2,18.980199813842773,0.11187800019979477,60318.46754630003
718,2460318.9666088,121.85502,70.6383176,2,18.936199188232422,0.08428099751472473,60318.466608799994
719,2460318.9661343,121.8549088,70.6383476,2,18.92930030822754,0.12385399639606476,60318.46613429999
720,2460318.9656597,121.8549883,70.6382937,2,18.984800338745117,0.10892599821090698,60318.46565969987
721,2460318.9651852,121.8546922,70.6382746,2,19.021900177001953,0.1203169971704483,60318.465185199864
722,2460318.9647106,121.8549608,70.638354,2,19.018699645996094,0.10625000298023224,60318.46471060021
723,2460318.9642477,121.8549101,70.6383539,2,18.979299545288086,0.1182200014591217,60318.46424769983
724,2460318.9637731,121.8548187,70.6383617,2,18.90519905090332,0.11189000308513641,60318.46377310017
725,2460318.9632986,121.8547906,70.638345,2,18.956300735473633,0.10002999752759933,60318.46329860017
726,2460318.9628241,121.8548555,70.6383585,2,19.021299362182617,0.11938700079917908,60318.46282410016
727,2460318.9623611,121.8548396,70.6383155,2,18.910900115966797,0.10759799927473068,60318.46236110013
728,2460318.9618866,121.8548809,70.638328,2,18.982200622558594,0.09680499881505966,60318.461886600126
729,2460318.961412,121.8548661,70.6383507,2,18.898500442504883,0.10159800201654434,60318.461412000004
730,2460318.9609375,121.8548503,70.6383416,2,18.914199829101562,0.10224799811840057,60318.4609375
731,2460318.960463,121.8548305,70.6383089,2,18.978099822998047,0.10263899713754654,60318.460462999996
732,2460318.96,121.8549619,70.6383578,2,18.95599937438965,0.10623499751091003,60318.45999999996
733,2460318.9595255,121.8548447,70.6383479,2,18.945999145507812,0.10194399952888489,60318.45952549996
734,2460318.9590625,121.8549411,70.6383494,2,18.977699279785156,0.09303800016641617,60318.459062499925
735,2460318.958588,121.8547808,70.6383386,2,18.927400588989258,0.08970800042152405,60318.45858799992
736,2460318.9581134,121.8547886,70.6383058,2,19.02429962158203,0.12170100212097168,60318.4581133998
737,2460318.9576389,121.8548006,70.6383135,2,18.945899963378906,0.11151900142431259,60318.457638899796
738,2460318.9571644,121.8547076,70.63836,2,19.031400680541992,0.11742699891328812,60318.45716439979
739,2460318.9567014,121.8549445,70.6383181,2,19.08530044555664,0.11321300268173218,60318.456701400224
740,2460318.9562269,121.8549029,70.6383037,2,18.98699951171875,0.08894100040197372,60318.45622690022
741,2460318.9557523,121.8548006,70.6383518,2,19.058799743652344,0.11928000301122665,60318.4557523001
742,2460318.9552778,121.8549453,70.6383209,2,19.03890037536621,0.09016600251197815,60318.455277800094
743,2460318.9548148,121.854889,70.6383926,2,18.996700286865234,0.1084510013461113,60318.45481480006
744,2460318.9543403,121.8550718,70.6383323,2,18.984600067138672,0.1085750013589859,60318.45434030006
745,2460318.9538657,121.854955,70.6384204,2,18.97089958190918,0.13431000709533691,60318.453865699936
746,2460318.9534028,121.8547577,70.6383004,2,18.967899322509766,0.1102909967303276,60318.45340280002
747,2460318.9529282,121.8548748,70.638333,2,18.94969940185547,0.11255499720573425,60318.4529281999
748,2460318.9524537,121.8547014,70.6382621,2,18.947500228881836,0.10378000140190125,60318.452453699894
749,2460318.9519792,121.8547682,70.6382974,2,18.9950008392334,0.10590799897909164,60318.45197919989
750,2460318.9515162,121.8547947,70.6383246,2,18.959800720214844,0.11350700259208679,60318.45151619986
751,2460318.9510417,121.8549989,70.6382721,2,19.077600479125977,0.11708500236272812,60318.45104169985
752,2460318.9505787,121.8547314,70.6383406,2,19.055200576782227,0.12688800692558289,60318.45057869982
753,2460318.9501042,121.8548069,70.6383361,2,19.007200241088867,0.12119100242853165,60318.450104199816
754,2460318.9496296,121.8549135,70.6382725,2,18.875499725341797,0.1187020018696785,60318.44962960016
755,2460318.9491551,121.8549343,70.6383079,2,19.002500534057617,0.13282400369644165,60318.449155100156
756,2460318.9486921,121.854913,70.6382444,2,19.033100128173828,0.10064200311899185,60318.44869210012
757,2460318.9482176,121.8548309,70.638333,2,19.146499633789062,0.14668500423431396,60318.44821760012
758,2460318.9477546,121.8548356,70.6382502,2,19.021900177001953,0.11884099990129471,60318.447754600085
759,2460318.9472801,121.8548643,70.6383053,2,18.97640037536621,0.12698499858379364,60318.44728010008
760,2460318.9468056,121.854904,70.6383264,2,18.9685001373291,0.13526000082492828,60318.44680560008
761,2460318.9463426,121.8549177,70.6383748,2,18.975400924682617,0.12397100031375885,60318.446342600044
762,2460318.9458681,121.8548803,70.6383623,2,18.94610023498535,0.10053099691867828,60318.44586810004
763,2460318.9453935,121.8549298,70.6383263,2,19.02199935913086,0.12515300512313843,60318.44539349992
764,2460318.944919,121.8548814,70.6383104,2,18.9950008392334,0.12800900638103485,60318.444918999914
765,2460318.9444444,121.8546698,70.6383541,2,18.988500595092773,0.11768300086259842,60318.44444439979
766,2460318.9439815,121.8548053,70.6383153,2,18.923200607299805,0.11373099684715271,60318.44398149988
767,2460318.9435069,121.854821,70.6383957,2,18.944599151611328,0.12544700503349304,60318.44350690022
768,2460318.9430324,121.8549784,70.6383495,2,18.96179962158203,0.11452300101518631,60318.44303240022
769,2460318.9425694,121.8547631,70.6383748,2,19.10919952392578,0.1116809993982315,60318.442569400184
770,2460318.9420949,121.8548084,70.6382811,2,18.956499099731445,0.10405600070953369,60318.44209490018
771,2460318.9416204,121.8548737,70.6382664,2,19.005800247192383,0.13068799674510956,60318.441620400175
772,2460318.9411574,121.8546735,70.638279,2,18.979999542236328,0.1563120037317276,60318.44115740014
773,2460318.9406829,121.8549423,70.6382568,2,18.99959945678711,0.12865400314331055,60318.44068290014
774,2460318.9402083,121.8548574,70.6383109,2,18.86039924621582,0.0976490005850792,60318.44020830002
775,2460318.9397338,121.8548625,70.6382803,2,18.976999282836914,0.15130500495433807,60318.43973380001
776,2460318.9392708,121.8549229,70.6382238,2,18.90730094909668,0.11316400021314621,60318.43927079998
777,2460318.9387963,121.8547733,70.6381865,2,19.02910041809082,0.1391489952802658,60318.438796299975
778,2460318.9383333,121.8551259,70.6383225,2,19.0314998626709,0.13603800535202026,60318.43833329994
779,2460318.9378588,121.8550329,70.6383575,2,19.060400009155273,0.15623800456523895,60318.43785879994
780,2460318.9373843,121.8548843,70.6382773,2,19.03230094909668,0.15344500541687012,60318.437384299934
781,2460318.9369213,121.8548007,70.6383298,2,18.979900360107422,0.12928099930286407,60318.4369212999
782,2460318.9364468,121.8549285,70.6383494,2,18.837499618530273,0.10445600003004074,60318.4364467999
783,2460318.9359722,121.8550099,70.6382645,2,18.95039939880371,0.14882999658584595,60318.435972199775
784,2460318.9355093,121.8547982,70.6383227,2,19.0398006439209,0.11719100177288055,60318.43550929986
785,2460318.9350347,121.855112,70.6383329,2,18.896400451660156,0.11723800003528595,60318.435034700204
786,2460318.9345602,121.8549856,70.6383,2,19.014299392700195,0.11423999816179276,60318.4345602002
787,2460318.9340856,121.8548938,70.6383421,2,18.952899932861328,0.1051810011267662,60318.43408560008
788,2460318.9336111,121.8548612,70.6383056,2,18.89430046081543,0.11172399669885635,60318.433611100074
789,2460318.9331481,121.8550179,70.638343,2,19.012699127197266,0.10649900138378143,60318.43314810004
790,2460318.9326736,121.8548842,70.6384021,2,19.002700805664062,0.11880899965763092,60318.43267360004
791,2460318.9321991,121.8548394,70.6383351,2,18.8887996673584,0.08708799630403519,60318.43219910003
792,2460318.9317361,121.8548303,70.6383354,2,18.87689971923828,0.11432799696922302,60318.4317361
793,2460318.9312616,121.8548505,70.6383321,2,18.93429946899414,0.09929700195789337,60318.431261599995
794,2460318.930787,121.854851,70.6382964,2,19.0137996673584,0.10710799694061279,60318.430786999874
795,2460318.9303241,121.8549155,70.6383148,2,18.963600158691406,0.09852799773216248,60318.43032409996
796,2460318.9298495,121.8548189,70.6383377,2,19.059900283813477,0.11546800285577774,60318.42984949984
797,2460318.929375,121.8548012,70.6383043,2,19.02910041809082,0.10677599906921387,60318.42937499983
798,2460318.928912,121.8547519,70.6383054,2,18.967599868774414,0.10556100308895111,60318.4289119998
799,2460318.9284375,121.8548385,70.638345,2,19.02519989013672,0.11330399662256241,60318.428437499795
800,2460318.927963,121.8548412,70.6383442,2,18.9335994720459,0.08310700207948685,60318.42796299979
801,2460318.9275,121.8548272,70.6383761,2,18.944799423217773,0.09919899702072144,60318.42750000022
802,2460318.9270255,121.8547892,70.6383426,2,18.973600387573242,0.12465299665927887,60318.42702550022
803,2460318.9265509,121.8547653,70.6383764,2,18.942899703979492,0.12272100150585175,60318.4265509001
804,2460318.926088,121.8548436,70.6382583,2,18.96380043029785,0.11722499877214432,60318.42608800018
805,2460318.9256134,121.8549225,70.6383882,2,18.933799743652344,0.11508499830961227,60318.42561340006
806,2460318.9251389,121.85501,70.6383582,2,18.98590087890625,0.09998899698257446,60318.42513890006
807,2460318.9246759,121.8549931,70.6383554,2,18.92799949645996,0.12160100042819977,60318.42467590002
808,2460318.9242014,121.8548697,70.6383801,2,19.042400360107422,0.11125099658966064,60318.42420140002
809,2460318.9237269,121.8549656,70.6382766,2,18.90850067138672,0.13854099810123444,60318.423726900015
810,2460318.9232523,121.8548152,70.6383238,2,18.996999740600586,0.12384899705648422,60318.423252299894
811,2460318.9227894,121.8547588,70.6383477,2,19.013700485229492,0.10939399898052216,60318.42278939998
812,2460318.9223148,121.8548048,70.6383439,2,18.940799713134766,0.11301899701356888,60318.42231479986
813,2460318.9218403,121.8548644,70.6383683,2,19.04199981689453,0.11448600143194199,60318.42184029985
814,2460318.9213657,121.854829,70.6383015,2,18.94260025024414,0.09779399633407593,60318.4213657002
815,2460318.9209028,121.8548438,70.6383629,2,19.03350067138672,0.14355400204658508,60318.420902799815
816,2460318.9204282,121.8548693,70.6383639,2,19.026100158691406,0.11906400322914124,60318.42042820016
817,2460318.9199537,121.8547171,70.6383563,2,18.871299743652344,0.10673800110816956,60318.419953700155
818,2460318.9194907,121.8549816,70.6383282,2,19.00189971923828,0.0937340036034584,60318.41949070012
819,2460318.9190162,121.8549226,70.6383793,2,18.964799880981445,0.1191290020942688,60318.41901620012
820,2460318.9185417,121.8547456,70.6383263,2,18.843299865722656,0.1016170009970665,60318.41854170011
821,2460318.9180671,121.8549977,70.6383355,2,18.944799423217773,0.10572899878025055,60318.41806709999
822,2460318.9176042,121.8546803,70.638304,2,18.98240089416504,0.1000560000538826,60318.417604200076
823,2460318.9171296,121.8547733,70.6383206,2,18.94700050354004,0.12189900130033493,60318.417129599955
824,2460318.9166551,121.8547739,70.6382978,2,18.970600128173828,0.13665999472141266,60318.41665509995
825,2460318.9161921,121.8548454,70.638367,2,18.87929916381836,0.09934300184249878,60318.41619209992
826,2460318.9157176,121.8547754,70.6383007,2,18.900100708007812,0.11691500246524811,60318.41571759991
827,2460318.9152431,121.8547726,70.6383512,2,18.99720001220703,0.12716099619865417,60318.41524309991
828,2460318.9147685,121.8548629,70.6383525,2,18.92919921875,0.10828199982643127,60318.41476849979
829,2460318.9143056,121.8548608,70.6383631,2,18.948999404907227,0.1271190047264099,60318.41430559987
830,2460318.913831,121.8548935,70.6384119,2,18.956899642944336,0.10056799650192261,60318.413831000216
831,2460318.9133565,121.854861,70.6383265,2,19.05270004272461,0.15200699865818024,60318.41335650021
832,2460318.9128819,121.8546753,70.6383264,2,19.023799896240234,0.1420080065727234,60318.41288190009
833,2460318.912419,121.8548461,70.6383012,2,18.922800064086914,0.11267100274562836,60318.412419000175
834,2460318.9119444,121.8547236,70.638335,2,19.06570053100586,0.15709100663661957,60318.41194440005
835,2460318.9114699,121.8547316,70.6382961,2,18.892000198364258,0.11478299647569656,60318.41146990005
836,2460318.9110069,121.8547411,70.6383406,2,18.98740005493164,0.12356700003147125,60318.411006900016
837,2460318.9105324,121.8548258,70.6382999,2,19.004199981689453,0.10206100344657898,60318.41053240001
838,2460318.9100579,121.8548638,70.6383194,2,18.899599075317383,0.10019399970769882,60318.41005790001
839,2460318.9095949,121.8549976,70.6382458,2,19.055700302124023,0.11440800130367279,60318.409594899975
840,2460318.9091204,121.8549048,70.6382092,2,18.969100952148438,0.13739700615406036,60318.40912039997
841,2460318.9086458,121.854939,70.6382916,2,18.872800827026367,0.1271660029888153,60318.40864579985
842,2460318.9081713,121.8548337,70.6383653,2,19.029199600219727,0.11794599890708923,60318.408171299845
843,2460318.9076968,121.8549267,70.6383014,2,18.9419002532959,0.1275169998407364,60318.40769679984
844,2460318.9072338,121.8549975,70.6383037,2,19.032699584960938,0.15136699378490448,60318.40723379981
845,2460318.9067593,121.8547265,70.6383358,2,18.95789909362793,0.15908999741077423,60318.4067592998
846,2460318.9062847,121.8549787,70.6383561,2,18.772600173950195,0.10452000051736832,60318.40628470015
847,2460318.9058102,121.8546432,70.6383505,2,18.94729995727539,0.14065399765968323,60318.40581020014
848,2460318.9053472,121.8548348,70.6383107,2,18.875200271606445,0.11636900156736374,60318.40534720011
849,2460318.9048727,121.8547192,70.6382983,2,18.988300323486328,0.13209499418735504,60318.404872700106
850,2460318.9043981,121.854682,70.6384438,2,18.893699645996094,0.12860099971294403,60318.404398099985
851,2460318.9039352,121.8550591,70.6383098,2,18.947900772094727,0.16423499584197998,60318.40393520007
852,2460318.9034606,121.8547426,70.6383268,2,18.850500106811523,0.10723999887704849,60318.40346059995
853,2460318.9029977,121.8549459,70.6382687,2,18.991199493408203,0.1261560022830963,60318.40299770003
854,2460318.9025231,121.854585,70.6383192,2,19.048599243164062,0.14294199645519257,60318.40252309991
855,2460318.9020486,121.8545457,70.6383665,2,18.98699951171875,0.13488100469112396,60318.402048599906
856,2460318.9015741,121.8549731,70.6383204,2,19.15060043334961,0.15359200537204742,60318.4015740999
857,2460318.9011111,121.8548326,70.6383953,2,19.016399383544922,0.13568000495433807,60318.40111109987
858,2460318.9006366,121.8544638,70.638295,2,19.022199630737305,0.1582999974489212,60318.400636599865
859,2460318.900162,121.8546987,70.6382773,2,18.966299057006836,0.13441599905490875,60318.40016200021
860,2460318.8996991,121.8549223,70.6382843,2,18.970399856567383,0.14094099402427673,60318.39969909983
861,2460318.8992245,121.8548591,70.6383649,2,18.976200103759766,0.13221099972724915,60318.39922450017
862,2460318.89875,121.8549588,70.6382943,2,19.004100799560547,0.13901999592781067,60318.39875000017
863,2460318.8982755,121.8547562,70.6382962,2,18.90880012512207,0.12910200655460358,60318.39827550016
864,2460318.8978125,121.8545636,70.6383708,2,19.0137996673584,0.15544800460338593,60318.39781250013
865,2460318.897338,121.8548887,70.6383646,2,19.028799057006836,0.1351650059223175,60318.397338000126
866,2460318.8968634,121.8548029,70.6383546,2,19.1117000579834,0.13772299885749817,60318.396863400005
867,2460318.8964005,121.8547146,70.6383354,2,19.08799934387207,0.1587969958782196,60318.39640050009
868,2460318.8959259,121.8547157,70.6382504,2,19.054000854492188,0.15660500526428223,60318.39592589997
869,2460318.895463,121.8547187,70.6383118,2,18.904199600219727,0.11686299741268158,60318.39546300005
870,2460318.8949884,121.8548762,70.6383279,2,19.11709976196289,0.12803100049495697,60318.39498839993
871,2460318.8945139,121.855002,70.6383022,2,18.943099975585938,0.13354000449180603,60318.394513899926
872,2460318.8940509,121.8549817,70.6383395,2,18.955799102783203,0.12468799948692322,60318.39405089989
873,2460318.8935764,121.8549062,70.6383249,2,19.00279998779297,0.1448879987001419,60318.39357639989
874,2460318.8931019,121.854938,70.638409,2,18.94860076904297,0.1514739990234375,60318.393101899885
875,2460318.8926389,121.8549996,70.6383572,2,18.913799285888672,0.11703500151634216,60318.39263889985
876,2460318.8921644,121.8549146,70.6383142,2,18.925800323486328,0.11573900282382965,60318.39216439985
877,2460318.8916898,121.8548067,70.6383225,2,18.85810089111328,0.12338600307703018,60318.39168980019
878,2460318.8912153,121.8548865,70.6383192,2,18.951400756835938,0.1563969999551773,60318.39121530019
879,2460318.8907407,121.8547572,70.6383454,2,18.95989990234375,0.11697400361299515,60318.390740700066
880,2460318.8893287,121.8548992,70.638351,2,18.893800735473633,0.11380600184202194,60318.389328700025
881,2460318.8888542,121.8548037,70.6383651,2,18.94860076904297,0.11163000017404556,60318.38885420002
882,2460318.8883912,121.8548824,70.6383126,2,18.957000732421875,0.09842099994421005,60318.38839119999
883,2460318.8879167,121.8548247,70.6383334,2,18.816499710083008,0.08585099875926971,60318.38791669998
884,2460318.8874421,121.8548776,70.6383712,2,18.903099060058594,0.10833799839019775,60318.38744209986
885,2460318.8869792,121.8547429,70.6383624,2,19.06220054626465,0.13128800690174103,60318.386979199946
886,2460318.8865046,121.8547135,70.6383136,2,19.040000915527344,0.10873500257730484,60318.386504599825
887,2460318.8860301,121.8548386,70.6383096,2,18.972400665283203,0.10115700215101242,60318.38603009982
888,2460318.8855556,121.8547859,70.6383907,2,19.00149917602539,0.10458199679851532,60318.385555599816
889,2460318.8850926,121.8549057,70.6384273,2,18.95709991455078,0.12493599951267242,60318.38509259978
890,2460318.8846181,121.854804,70.6382684,2,19.07990074157715,0.11207199841737747,60318.38461809978
891,2460318.8841435,121.8549628,70.6382994,2,18.96109962463379,0.10975799709558487,60318.38414350012
892,2460318.883669,121.8548573,70.638276,2,19.006999969482422,0.10202699899673462,60318.38366900012
893,2460318.883206,121.8547868,70.6383594,2,19.03260040283203,0.12304999679327011,60318.383206000086
894,2460318.8827315,121.8547599,70.6382997,2,19.02039909362793,0.1163949966430664,60318.38273150008
895,2460318.8822569,121.8548471,70.6383705,2,18.89940071105957,0.135125994682312,60318.38225689996
896,2460318.881794,121.8549086,70.6383548,2,19.071300506591797,0.10477100312709808,60318.381794000044
897,2460318.8813194,121.8548104,70.6384145,2,19.00819969177246,0.12226399779319763,60318.38131939992
898,2460318.8808449,121.8549962,70.6383785,2,18.932899475097656,0.11151699721813202,60318.38084489992
899,2460318.8803704,121.854823,70.638352,2,19.006000518798828,0.11535999923944473,60318.380370399915
900,2460318.8799074,121.8548272,70.6383618,2,18.956899642944336,0.11083000153303146,60318.37990739988
901,2460318.8794329,121.85471,70.6382795,2,19.06130027770996,0.14813299477100372,60318.37943289988
902,2460318.8789583,121.8550386,70.6382796,2,18.955299377441406,0.09685800224542618,60318.37895830022
903,2460318.8784954,121.8550283,70.6384148,2,18.968399047851562,0.14365699887275696,60318.37849539984
904,2460318.8780208,121.855048,70.6383762,2,18.971200942993164,0.11505500227212906,60318.378020800184
905,2460318.8775463,121.8549408,70.638322,2,18.968700408935547,0.12041299790143967,60318.37754630018
906,2460318.8770718,121.8546963,70.6383497,2,19.06369972229004,0.1466580033302307,60318.377071800176
907,2460318.8766088,121.8549167,70.6383381,2,18.955299377441406,0.13808700442314148,60318.37660880014
908,2460318.8761343,121.854945,70.6383238,2,18.980600357055664,0.12698900699615479,60318.37613430014
909,2460318.8756597,121.8546483,70.6383191,2,19.03860092163086,0.17106999456882477,60318.37565970002
910,2460318.8751852,121.8548028,70.638374,2,19.00079917907715,0.1254110038280487,60318.37518520001
911,2460318.8747106,121.8548209,70.6383612,2,18.946500778198242,0.11793699860572815,60318.37471059989
912,2460318.8742477,121.8548377,70.6381878,2,19.097000122070312,0.1326729953289032,60318.374247699976
913,2460318.8737731,121.8549306,70.6383687,2,18.885400772094727,0.12245900183916092,60318.373773099855
914,2460318.8732986,121.855046,70.6383764,2,19.092500686645508,0.18325600028038025,60318.37329859985
915,2460318.8728356,121.8547361,70.6383297,2,19.06719970703125,0.16096700727939606,60318.37283559982
916,2460318.8723611,121.8548961,70.6384145,2,19.018199920654297,0.11486399918794632,60318.37236109981
917,2460318.8714236,121.8550885,70.6383571,2,19.066999435424805,0.14924399554729462,60318.371423599776
918,2460318.8709491,121.8549632,70.6383813,2,19.074199676513672,0.12945100665092468,60318.37094909977
919,2460318.8704745,121.855223,70.6383615,2,19.036100387573242,0.13808299601078033,60318.370474500116
920,2460318.8700116,121.8548579,70.6382517,2,19.00309944152832,0.12720799446105957,60318.3700116002
921,2460318.869537,121.8548054,70.6384176,2,19.14349937438965,0.14031699299812317,60318.36953700008
922,2460318.8690625,121.8548766,70.6383063,2,18.91790008544922,0.10694999992847443,60318.369062500075
923,2460318.8685995,121.8546735,70.638314,2,19.01300048828125,0.14486399292945862,60318.36859950004
924,2460318.868125,121.854924,70.6384301,2,19.05820083618164,0.15623900294303894,60318.36812500004
925,2460318.8676505,121.8547981,70.6383521,2,18.97010040283203,0.11910200119018555,60318.36765050003
926,2460318.8671759,121.854989,70.6382925,2,18.924299240112305,0.1086139976978302,60318.36717589991
927,2460318.866713,121.85485,70.6383216,2,18.890899658203125,0.10522499680519104,60318.366712999996
928,2460318.8662384,121.8548152,70.6383248,2,18.902700424194336,0.12219700217247009,60318.366238399874
929,2460318.8657755,121.8548535,70.6383206,2,18.963499069213867,0.1458120048046112,60318.36577549996
930,2460318.8653009,121.8547781,70.6382645,2,18.921899795532227,0.12568500638008118,60318.36530089984
931,2460318.8648264,121.8549919,70.6383031,2,19.00160026550293,0.12265399843454361,60318.36482639983
932,2460318.8643634,121.8549026,70.6383608,2,19.016399383544922,0.13719800114631653,60318.3643633998
933,2460318.8638889,121.8549582,70.6383061,2,18.944700241088867,0.1648779958486557,60318.363888899796
934,2460318.8634144,121.8549704,70.6383976,2,19.00629997253418,0.12515200674533844,60318.36341439979
935,2460318.8629398,121.8547414,70.6383669,2,18.947200775146484,0.14557699859142303,60318.362939800136
936,2460318.8624769,121.8549746,70.6383221,2,19.00510025024414,0.11021500080823898,60318.36247690022
937,2460318.8620023,121.8548018,70.638331,2,18.906299591064453,0.12163899838924408,60318.3620023001
938,2460318.8615394,121.8548406,70.6383142,2,19.07270050048828,0.15067699551582336,60318.36153940018
939,2460318.8610648,121.8547343,70.6383262,2,18.91320037841797,0.11362399905920029,60318.36106480006
940,2460318.8605903,121.8547943,70.6383115,2,18.966800689697266,0.10668899863958359,60318.36059030006
941,2460318.8601157,121.8547487,70.6383449,2,18.962299346923828,0.11330600082874298,60318.360115699936
942,2460318.8596528,121.854897,70.6383228,2,19.047300338745117,0.126133993268013,60318.35965280002
943,2460318.8591782,121.8547801,70.6382532,2,18.930200576782227,0.12679800391197205,60318.3591781999
944,2460318.8587037,121.8549396,70.6382812,2,18.99340057373047,0.13566499948501587,60318.358703699894
945,2460318.8582292,121.854722,70.6383425,2,18.980199813842773,0.12234900146722794,60318.35822919989
946,2460318.8577662,121.8548654,70.6383217,2,18.964500427246094,0.11529800295829773,60318.35776619986
947,2460318.8572917,121.8548614,70.6383499,2,19.075700759887695,0.1123180016875267,60318.35729169985
948,2460318.8568287,121.8547947,70.6382824,2,18.973100662231445,0.11781100183725357,60318.35682869982
949,2460318.8563542,121.8549817,70.6383664,2,18.939699172973633,0.11547199636697769,60318.356354199816
950,2460318.8558796,121.8547012,70.6382913,2,18.895999908447266,0.12896600365638733,60318.35587960016
951,2460318.8554167,121.855053,70.638347,2,19.0226993560791,0.13019999861717224,60318.35541669978
952,2460318.8549421,121.8546875,70.6382819,2,18.98550033569336,0.11522500216960907,60318.35494210012
953,2460318.8544676,121.8547771,70.6382588,2,19.02090072631836,0.12812399864196777,60318.35446760012
954,2460318.8540046,121.8549243,70.6383129,2,18.961999893188477,0.1192379966378212,60318.354004600085
955,2460318.8535301,121.85462,70.6382667,2,19.055200576782227,0.14981499314308167,60318.35353010008
956,2460318.8530556,121.8548665,70.6383105,2,18.97319984436035,0.11164700239896774,60318.35305560008
957,2460318.852581,121.8548188,70.6383536,2,18.94569969177246,0.11721599847078323,60318.352580999956
958,2460318.8521181,121.8549416,70.6382982,2,19.00309944152832,0.12422099709510803,60318.35211810004
959,2460318.8516435,121.8549547,70.6382896,2,18.976200103759766,0.10668099671602249,60318.35164349992
960,2460318.851169,121.8548373,70.6383156,2,18.896299362182617,0.13227799534797668,60318.351168999914
961,2460318.850706,121.8549227,70.6383226,2,18.8971004486084,0.10868699848651886,60318.35070599988
962,2460318.8502315,121.8547552,70.6383293,2,18.944900512695312,0.10134699940681458,60318.35023149988
963,2460318.8497569,121.8549462,70.638341,2,18.899099349975586,0.1279039978981018,60318.34975690022
964,2460318.8492824,121.8548611,70.6382767,2,18.870500564575195,0.10339000076055527,60318.34928240022
965,2460318.8488194,121.854979,70.6382958,2,19.071399688720703,0.1473200023174286,60318.348819400184
966,2460318.8483449,121.8548583,70.6383034,2,19.07080078125,0.127020001411438,60318.34834490018
967,2460318.8478704,121.854844,70.6382919,2,19.031099319458008,0.12325900048017502,60318.347870400175
968,2460318.8473958,121.8548938,70.6383591,2,18.832799911499023,0.15392599999904633,60318.347395800054
969,2460318.8469329,121.8548419,70.6384045,2,19.030099868774414,0.12966899573802948,60318.34693290014
970,2460318.8464583,121.8548216,70.6382631,2,18.882999420166016,0.12620599567890167,60318.34645830002
971,2460318.8459838,121.8547046,70.6382354,2,18.929100036621094,0.13739700615406036,60318.34598380001
972,2460318.8455093,121.8549503,70.6383816,2,18.937000274658203,0.17743900418281555,60318.34550930001
973,2460318.8450463,121.8549716,70.6383578,2,18.900800704956055,0.14872300624847412,60318.345046299975
974,2460318.8445718,121.8549649,70.6383318,2,19.01740074157715,0.13869799673557281,60318.34457179997
975,2460318.8441088,121.8549133,70.6382821,2,18.896400451660156,0.15178699791431427,60318.34410879994
976,2460318.8436343,121.8547433,70.6384076,2,18.92729949951172,0.1056390032172203,60318.343634299934
977,2460318.8431597,121.8548559,70.6383485,2,18.98900032043457,0.11052799969911575,60318.34315969981
978,2460318.8426852,121.8550039,70.6382918,2,19.047800064086914,0.10612399876117706,60318.34268519981
979,2460318.8422106,121.854837,70.6382558,2,19.119800567626953,0.15947499871253967,60318.34221060015
980,2460318.8417477,121.8548824,70.6383321,2,18.968399047851562,0.11272499710321426,60318.34174769977
981,2460318.8412731,121.8548875,70.6383653,2,18.900400161743164,0.11090400069952011,60318.341273100115
982,2460318.8408102,121.8547011,70.6383078,2,18.933000564575195,0.11415600031614304,60318.3408102002
983,2460318.8403356,121.8549233,70.638323,2,18.993000030517578,0.12723000347614288,60318.34033560008
984,2460318.8398611,121.8548114,70.6382764,2,19.006999969482422,0.0961650013923645,60318.339861100074
985,2460318.8393981,121.8546918,70.6383375,2,18.975900650024414,0.10740599781274796,60318.33939810004
986,2460318.8389236,121.8547192,70.6382961,2,18.90760040283203,0.11586599797010422,60318.33892360004
987,2460318.8384491,121.8549569,70.6383364,2,18.897300720214844,0.12964099645614624,60318.33844910003
988,2460318.8379745,121.8548197,70.6383029,2,18.90329933166504,0.10509700328111649,60318.33797449991
989,2460318.8375116,121.8547292,70.638279,2,18.918500900268555,0.1058100014925003,60318.337511599995
990,2460318.837037,121.8547202,70.6383159,2,18.91360092163086,0.11007600277662277,60318.337036999874
991,2460318.8365625,121.8548984,70.6383654,2,18.955400466918945,0.143544003367424,60318.33656249987
992,2460318.8360995,121.8548216,70.6382894,2,18.958499908447266,0.126009002327919,60318.33609949984
993,2460318.835625,121.8548954,70.638323,2,18.97610092163086,0.11983300000429153,60318.33562499983
994,2460318.8351505,121.8548076,70.6383491,2,18.928300857543945,0.11212600022554398,60318.33515049983
995,2460318.8346875,121.8548441,70.6383181,2,19.167800903320312,0.11421799659729004,60318.334687499795
996,2460318.834213,121.8549197,70.6383658,2,19.000200271606445,0.11803299933671951,60318.33421299979
997,2460318.8337384,121.8547591,70.6383119,2,19.033100128173828,0.10587199777364731,60318.333738400135
998,2460318.8332755,121.8547781,70.6383736,2,18.911699295043945,0.12237399816513062,60318.33327550022
999,2460318.8328009,121.8550282,70.6383268,2,18.95330047607422,0.1069749966263771,60318.3328009001
1000,2460318.832338,121.8548366,70.6383373,2,18.903600692749023,0.10487599670886993,60318.33233800018
1001,2460318.8318634,121.8549216,70.6383526,2,19.042800903320312,0.12318100035190582,60318.33186340006
1002,2460318.8313889,121.8547848,70.6383132,2,19.01580047607422,0.11184199899435043,60318.33138890006
1003,2460318.8309144,121.8548784,70.6383598,2,18.959699630737305,0.11237499862909317,60318.33091440005
1004,2460318.8304514,121.8547888,70.6383018,2,18.903400421142578,0.0982000008225441,60318.33045140002
1005,2460318.8299769,121.8548995,70.6383044,2,19.042299270629883,0.10158400237560272,60318.329976900015
1006,2460318.8295023,121.8548893,70.6383183,2,19.035499572753906,0.10538200289011002,60318.329502299894
1007,2460318.8290278,121.854834,70.638324,2,18.987499237060547,0.09892699867486954,60318.32902779989
1008,2460318.8285648,121.8547675,70.6383403,2,18.9512996673584,0.13341400027275085,60318.32856479986
1009,2460318.8280903,121.854626,70.638328,2,19.092199325561523,0.11329799890518188,60318.32809029985
1010,2460318.8276273,121.8546328,70.6383039,2,19.016000747680664,0.11063499748706818,60318.32762729982
1011,2460318.8271528,121.8548836,70.6383057,2,18.895200729370117,0.10685600340366364,60318.327152799815
1012,2460318.8266782,121.8547959,70.6383548,2,18.96139907836914,0.13541199266910553,60318.32667820016
1013,2460318.8262153,121.8550461,70.6382779,2,18.9773006439209,0.1257620006799698,60318.32621529978
1014,2460318.8257407,121.8548342,70.6382891,2,19.07110023498535,0.12055099755525589,60318.32574070012
1015,2460318.8252778,121.8548506,70.6383222,2,19.000499725341797,0.13032500445842743,60318.325277800206
1016,2460318.8248032,121.854806,70.6383499,2,18.97559928894043,0.11036700010299683,60318.324803200085
1017,2460318.8243287,121.854753,70.6383247,2,18.97319984436035,0.1315629929304123,60318.32432870008
1018,2460318.8238542,121.8550214,70.6382976,2,19.052799224853516,0.12942799925804138,60318.323854200076
1019,2460318.8233912,121.8548251,70.6383116,2,19.01689910888672,0.11814399808645248,60318.32339120004
1020,2460318.8229167,121.8547474,70.6383217,2,19.016700744628906,0.11820299923419952,60318.32291670004
1021,2460318.8224421,121.8549307,70.6384086,2,19.01140022277832,0.11177299916744232,60318.32244209992
1022,2460318.8219792,121.8547947,70.6382933,2,18.97920036315918,0.11872600018978119,60318.3219792
1023,2460318.8215046,121.8547857,70.638358,2,18.93779945373535,0.12545399367809296,60318.32150459988
1024,2460318.8210301,121.854647,70.6383002,2,19.014999389648438,0.1585180014371872,60318.321030099876
1025,2460318.8205671,121.8549892,70.6382801,2,18.902700424194336,0.1035199984908104,60318.32056709984
1026,2460318.8200926,121.8548569,70.6383251,2,18.980600357055664,0.13869300484657288,60318.32009259984
1027,2460318.8196181,121.8550088,70.6383177,2,18.895999908447266,0.11761400103569031,60318.319618099835
1028,2460318.8191551,121.85488,70.6383089,2,18.937599182128906,0.10708600282669067,60318.3191550998
1029,2460318.8186806,121.8549028,70.6383492,2,18.92449951171875,0.10027100145816803,60318.3186805998
1030,2460318.818206,121.8548566,70.6382392,2,19.1289005279541,0.11916500329971313,60318.31820600014
1031,2460318.8177431,121.8548111,70.6382297,2,18.9955997467041,0.11888100206851959,60318.317743100226
1032,2460318.8172685,121.8549164,70.6383099,2,18.933799743652344,0.10712499916553497,60318.317268500105
1033,2460318.816794,121.8549819,70.6382921,2,18.968799591064453,0.1141199991106987,60318.3167940001
1034,2460318.8163194,121.8549697,70.6383273,2,18.95680046081543,0.10058800131082535,60318.31631939998
1035,2460318.8158565,121.8547357,70.6382812,2,18.997400283813477,0.10885400325059891,60318.31585650006
1036,2460318.8153819,121.8550748,70.6382657,2,19.015399932861328,0.10920000076293945,60318.31538189994
1037,2460318.8149074,121.8548345,70.638324,2,18.99209976196289,0.13203400373458862,60318.31490739994
1038,2460318.8144329,121.8547427,70.6382813,2,18.996000289916992,0.10863299667835236,60318.31443289993
1039,2460318.8139699,121.8547688,70.6383206,2,18.96139907836914,0.11301399767398834,60318.3139698999
1040,2460318.8134954,121.8549118,70.6383897,2,19.03070068359375,0.12770000100135803,60318.313495399896
1041,2460318.8130208,121.8548704,70.6383522,2,18.927799224853516,0.10909000039100647,60318.313020799775
1042,2460318.8125579,121.8547687,70.6383378,2,18.996000289916992,0.10848499834537506,60318.31255789986
1043,2460318.8120833,121.8548159,70.6382893,2,18.96980094909668,0.12418100237846375,60318.3120833002
1044,2460318.8116088,121.8548863,70.638379,2,19.049999237060547,0.12176100164651871,60318.3116088002
1045,2460318.8111343,121.8549408,70.6382798,2,18.989900588989258,0.10860300064086914,60318.311134300195
1046,2460318.8106713,121.8548814,70.6383177,2,18.987499237060547,0.11841599643230438,60318.31067130016
1047,2460318.8101968,121.8548792,70.6383629,2,18.911699295043945,0.11139000207185745,60318.31019680016
1048,2460318.8097222,121.854865,70.6383144,2,18.978200912475586,0.10380300134420395,60318.309722200036
1049,2460318.8092593,121.8546936,70.6383432,2,19.024599075317383,0.12432599812746048,60318.30925930012
1050,2460318.8087847,121.8548708,70.6383106,2,18.965200424194336,0.11396700143814087,60318.3087847
1051,2460318.8083102,121.854803,70.6382889,2,18.996299743652344,0.12736299633979797,60318.308310199995
1052,2460318.8078472,121.8548261,70.6383016,2,18.940099716186523,0.13959600031375885,60318.30784719996
1053,2460318.8073727,121.8550733,70.6382628,2,18.873600006103516,0.12339399755001068,60318.30737269996
1054,2460318.8068981,121.8547811,70.6382782,2,18.95639991760254,0.14592300355434418,60318.306898099836
1055,2460318.8064236,121.8549449,70.6383528,2,18.98859977722168,0.10256800055503845,60318.30642359983
1056,2460318.8059491,121.8548027,70.6383405,2,18.95639991760254,0.1117440015077591,60318.30594909983
1057,2460318.8054861,121.8546688,70.6382508,2,19.015899658203125,0.11017200350761414,60318.305486099795
1058,2460318.8050116,121.8548182,70.6383386,2,18.935800552368164,0.09942000359296799,60318.30501159979
1059,2460318.804537,121.8549139,70.6383199,2,18.95829963684082,0.1072010025382042,60318.304537000135
1060,2460318.8040741,121.8547235,70.6383548,2,18.990800857543945,0.1282549947500229,60318.30407410022
1061,2460318.8035995,121.854962,70.6383091,2,18.971599578857422,0.09776400029659271,60318.3035995001
1062,2460318.803125,121.8548211,70.6383233,2,19.014999389648438,0.10520400106906891,60318.30312500009
1063,2460318.802662,121.8549619,70.6383075,2,18.905399322509766,0.11028599739074707,60318.30266200006
1064,2460318.8021875,121.8547662,70.638341,2,18.955299377441406,0.10892599821090698,60318.302187500056
1065,2460318.801713,121.8548173,70.6382978,2,18.93560028076172,0.09621699899435043,60318.30171300005
1066,2460318.80125,121.8547991,70.6383491,2,19.01609992980957,0.10673899948596954,60318.30125000002
1067,2460318.8007755,121.8549467,70.6383796,2,19.000900268554688,0.10465899854898453,60318.300775500014
1068,2460318.8003009,121.8546886,70.6383057,2,19.003700256347656,0.10817199945449829,60318.30030089989
1069,2460318.799838,121.8547723,70.6383516,2,18.986799240112305,0.08409799635410309,60318.29983799998
1070,2460318.7993634,121.8547703,70.6383152,2,19.014999389648438,0.11410299688577652,60318.299363399856
1071,2460318.7988889,121.8548591,70.6383131,2,18.90250015258789,0.12615999579429626,60318.29888889985
1072,2460318.7984259,121.8548654,70.6383271,2,18.98080062866211,0.12692900002002716,60318.29842589982
1073,2460318.7979514,121.8547306,70.6382939,2,19.03019905090332,0.1240060031414032,60318.297951399814
1074,2460318.7974769,121.8548789,70.6383071,2,18.978599548339844,0.10546299815177917,60318.29747689981
1075,2460318.7970023,121.854782,70.6382971,2,18.943099975585938,0.12632200121879578,60318.297002300154
1076,2460318.7965394,121.8548161,70.6383266,2,18.9960994720459,0.12113600224256516,60318.29653939977
1077,2460318.7960648,121.8548113,70.6383039,2,18.983699798583984,0.10366199910640717,60318.29606480012
1078,2460318.7955903,121.8549772,70.6383421,2,18.99139976501465,0.09321600198745728,60318.29559030011
1079,2460318.7951273,121.8547824,70.6383377,2,19.023300170898438,0.1194320023059845,60318.29512730008
1080,2460318.7946528,121.8548691,70.6383083,2,18.91189956665039,0.09456299990415573,60318.294652800076
1081,2460318.7941898,121.8550567,70.6383196,2,18.97279930114746,0.09885799884796143,60318.29418980004
1082,2460318.7937153,121.8548455,70.6383474,2,18.98419952392578,0.11891400068998337,60318.29371530004
1083,2460318.7932407,121.8548703,70.6383002,2,18.905399322509766,0.09509900212287903,60318.29324069992
1084,2460318.7927778,121.8548191,70.6382837,2,18.92919921875,0.1056009978055954,60318.2927778
1085,2460318.7923032,121.8547282,70.6383428,2,18.969200134277344,0.11444699764251709,60318.29230319988
1086,2460318.7918287,121.8547796,70.6382523,2,18.983200073242188,0.11081899702548981,60318.291828699876
1087,2460318.7913542,121.8548489,70.6383567,2,18.93429946899414,0.11360500007867813,60318.29135419987
1088,2460318.7908912,121.8548417,70.638306,2,18.926000595092773,0.10183499753475189,60318.29089119984
1089,2460318.7904167,121.8548202,70.6383725,2,18.976600646972656,0.1148810014128685,60318.290416699834
1090,2460318.7899537,121.8549331,70.6383157,2,19.00079917907715,0.10766900330781937,60318.2899536998
1091,2460318.7894792,121.8548626,70.6383463,2,18.914600372314453,0.11890099942684174,60318.2894791998
1092,2460318.7890046,121.854783,70.6382998,2,18.936500549316406,0.09997399896383286,60318.28900460014
1093,2460318.7885417,121.8547653,70.6383085,2,18.914100646972656,0.12461800128221512,60318.288541700225
1094,2460318.7880671,121.8549308,70.6383241,2,18.970399856567383,0.09683100134134293,60318.288067100104
1095,2460318.7875926,121.8548319,70.6382839,2,19.02280044555664,0.10600200295448303,60318.2875926001
1096,2460318.7871181,121.854905,70.6383072,2,19.020299911499023,0.13125500082969666,60318.287118100096
1097,2460318.7866551,121.8548524,70.6383186,2,18.88360023498535,0.1256439983844757,60318.28665510006
1098,2460318.7861806,121.8547915,70.6383041,2,18.89150047302246,0.09129200130701065,60318.28618060006
1099,2460318.785706,121.8548677,70.6383409,2,18.989099502563477,0.08940000087022781,60318.28570599994
1100,2460318.7852431,121.8548774,70.6382684,2,19.016199111938477,0.11833400279283524,60318.28524310002
1101,2460318.7847685,121.8548896,70.6383042,2,18.997499465942383,0.11223199963569641,60318.2847684999
1102,2460318.784294,121.8548759,70.6382902,2,18.984800338745117,0.10148099809885025,60318.284293999895
1103,2460318.7838194,121.8547865,70.6383124,2,18.9601993560791,0.10429300367832184,60318.283819399774
1104,2460318.7833565,121.854834,70.6383379,2,18.950300216674805,0.10397700220346451,60318.28335649986
1105,2460318.7828819,121.8549794,70.6382966,2,18.939899444580078,0.11488699913024902,60318.2828819002
1106,2460318.7824074,121.8548749,70.6383387,2,18.989700317382812,0.10494499653577805,60318.2824074002
1107,2460318.7819329,121.8548105,70.638333,2,18.86370086669922,0.1094290018081665,60318.281932900194
1108,2460318.7814699,121.8548216,70.6383322,2,19.014299392700195,0.1060120016336441,60318.28146990016
1109,2460318.7809954,121.8549527,70.6383337,2,19.01889991760254,0.11095499992370605,60318.28099540016
1110,2460318.7805324,121.8547904,70.6383383,2,19.03510093688965,0.10002099722623825,60318.280532400124
1111,2460318.7800579,121.8547456,70.6383417,2,18.91830062866211,0.1043500006198883,60318.28005790012
1112,2460318.7795833,121.8547964,70.6383466,2,18.966999053955078,0.08405499905347824,60318.2795833
1113,2460318.7791204,121.8548653,70.63833,2,18.959299087524414,0.0959239974617958,60318.27912040008
1114,2460318.7786458,121.854902,70.6382918,2,18.951799392700195,0.09910299628973007,60318.27864579996
1115,2460318.7781713,121.8548311,70.638352,2,18.948299407958984,0.10678300261497498,60318.27817129996
1116,2460318.7776968,121.8548762,70.6383639,2,18.95509910583496,0.1238889992237091,60318.27769679995
1117,2460318.7772338,121.8548049,70.6383373,2,18.902099609375,0.08876699954271317,60318.27723379992
1118,2460318.7767593,121.8547848,70.638324,2,18.88909912109375,0.08741199970245361,60318.276759299915
1119,2460318.7762847,121.8548177,70.6383287,2,19.04490089416504,0.15818600356578827,60318.276284699794
1120,2460318.7758102,121.8548575,70.6383436,2,18.898799896240234,0.11261499673128128,60318.27581019979
1121,2460318.7753472,121.8549202,70.6382647,2,19.04159927368164,0.1308629959821701,60318.27534720022
1122,2460318.7748727,121.8548523,70.6383534,2,19.00510025024414,0.09927000105381012,60318.27487270022
1123,2460318.7743981,121.8548445,70.6383524,2,19.015499114990234,0.09288600087165833,60318.2743981001
1124,2460318.7739352,121.8547953,70.6383141,2,19.064899444580078,0.111455999314785,60318.27393520018
1125,2460318.7734606,121.8548203,70.6383129,2,19.006099700927734,0.09794999659061432,60318.27346060006
1126,2460318.7729861,121.8546861,70.6383817,2,18.908000946044922,0.09002099931240082,60318.272986100055
1127,2460318.7725231,121.8548027,70.6382941,2,18.949899673461914,0.10568299889564514,60318.27252310002
1128,2460318.7720486,121.8548999,70.6383038,2,18.988500595092773,0.12225999683141708,60318.27204860002
1129,2460318.7715856,121.8548605,70.6383285,2,19.00349998474121,0.11121100187301636,60318.271585599985
1130,2460318.7711111,121.8549225,70.6383494,2,18.931699752807617,0.0974159985780716,60318.27111109998
1131,2460318.7706366,121.8548591,70.6383272,2,18.930200576782227,0.11077500134706497,60318.27063659998
1132,2460318.770162,121.8548865,70.6383169,2,18.845800399780273,0.11142300069332123,60318.270161999855
1133,2460318.7696991,121.8548474,70.6383828,2,18.96809959411621,0.1424800008535385,60318.26969909994
1134,2460318.7692245,121.8548808,70.638381,2,19.06450080871582,0.1334020048379898,60318.26922449982
1135,2460318.76875,121.8549307,70.6383433,2,18.905399322509766,0.13769200444221497,60318.268749999814
1136,2460318.768287,121.85477,70.6383585,2,19.072500228881836,0.12636199593544006,60318.26828699978
1137,2460318.7678125,121.8549315,70.6383274,2,18.981000900268555,0.10976000130176544,60318.26781249978
1138,2460318.767338,121.8547964,70.6382495,2,19.032899856567383,0.12244399636983871,60318.26733799977
1139,2460318.7668634,121.8548717,70.6383301,2,18.965900421142578,0.10836400091648102,60318.26686340012
1140,2460318.7664005,121.8548386,70.6382911,2,18.992700576782227,0.12151700258255005,60318.2664005002
1141,2460318.7659259,121.8548411,70.6383045,2,19.012800216674805,0.10071399807929993,60318.26592590008
1142,2460318.765463,121.8549413,70.6383744,2,18.99169921875,0.09653300046920776,60318.26546300016
1143,2460318.7649769,121.8548953,70.638346,2,18.927900314331055,0.10075300186872482,60318.26497690007
1144,2460318.7645139,121.8547692,70.6383775,2,18.971200942993164,0.13326700031757355,60318.26451390004
1145,2460318.7640394,121.8548313,70.6382912,2,18.95210075378418,0.10453599691390991,60318.264039400034
1146,2460318.7635648,121.8548796,70.6383336,2,18.875699996948242,0.11243899911642075,60318.26356479991
1147,2460318.7631019,121.8549133,70.6383211,2,18.87969970703125,0.10124699771404266,60318.2631019
1148,2460318.7626273,121.8546983,70.6383369,2,18.932600021362305,0.1149820014834404,60318.262627299875
1149,2460318.7621528,121.8548509,70.6383361,2,19.042299270629883,0.09991200268268585,60318.26215279987
1150,2460318.7616782,121.8547986,70.6383059,2,18.9507999420166,0.106393001973629,60318.261678200215
1151,2460318.7612153,121.8547575,70.638354,2,18.980100631713867,0.11510500311851501,60318.26121529983
1152,2460318.7607407,121.8548135,70.638348,2,18.996400833129883,0.10740199685096741,60318.26074070018
1153,2460318.7602662,121.8549069,70.6383094,2,18.94729995727539,0.09524200111627579,60318.260266200174
1154,2460318.7597917,121.8548044,70.6383101,2,18.979900360107422,0.10439500212669373,60318.25979170017
1155,2460318.7593171,121.8548421,70.6383325,2,18.93899917602539,0.10779000073671341,60318.25931710005
1156,2460318.7588542,121.8549602,70.6383468,2,18.971799850463867,0.11262600123882294,60318.25885420013
1157,2460318.7583796,121.8548697,70.6383026,2,18.901500701904297,0.08607900142669678,60318.25837960001
1158,2460318.7579167,121.8548219,70.6383315,2,18.939699172973633,0.09255900233983994,60318.257916700095
1159,2460318.7574421,121.854858,70.6383105,2,18.877199172973633,0.10297500342130661,60318.25744209997
1160,2460318.7569676,121.8547943,70.6383028,2,18.976900100708008,0.09835799783468246,60318.25696759997
1161,2460318.7565046,121.8548223,70.6383912,2,18.93829917907715,0.099201999604702,60318.256504599936
1162,2460318.7560301,121.8547804,70.6383379,2,18.968900680541992,0.09725300222635269,60318.25603009993
1163,2460318.7555671,121.8549246,70.6383286,2,18.905500411987305,0.09595800191164017,60318.2555670999
1164,2460318.7550926,121.8549818,70.6383386,2,18.93950080871582,0.09059400111436844,60318.255092599895
1165,2460318.7546181,121.8549786,70.6383116,2,18.936800003051758,0.09909900277853012,60318.25461809989
1166,2460318.7541551,121.8547665,70.6383386,2,19.036300659179688,0.1103530004620552,60318.25415509986
1167,2460318.7536806,121.8547227,70.6383035,2,18.957199096679688,0.0943479984998703,60318.25368059985
1168,2460318.753206,121.8548439,70.638324,2,18.903099060058594,0.12095099687576294,60318.2532060002
1169,2460318.7527431,121.8548091,70.6382933,2,18.934600830078125,0.11722499877214432,60318.252743099816
1170,2460318.7522685,121.8547585,70.6383244,2,19.014400482177734,0.11003600060939789,60318.25226850016
1171,2460318.751794,121.8548229,70.6383645,2,19.00029945373535,0.1186090037226677,60318.251794000156
1172,2460318.7513194,121.8549165,70.6383082,2,19.020599365234375,0.12878300249576569,60318.251319400035
1173,2460318.7508565,121.8548174,70.6383781,2,18.95050048828125,0.11073499917984009,60318.25085650012
1174,2460318.7503819,121.8549402,70.6383383,2,18.94890022277832,0.13389599323272705,60318.2503819
1175,2460318.7499074,121.8547742,70.6382943,2,18.928699493408203,0.10926199704408646,60318.24990739999
1176,2460318.7494444,121.8548482,70.6383388,2,18.978900909423828,0.13269999623298645,60318.24944439996
1177,2460318.7489699,121.8548575,70.6383915,2,19.01919937133789,0.10977800190448761,60318.248969899956
1178,2460318.7484954,121.854898,70.6383101,2,19.054500579833984,0.16036200523376465,60318.24849539995
1179,2460318.7480208,121.8549244,70.638272,2,18.910600662231445,0.10494499653577805,60318.24802079983
1180,2460318.7475579,121.8549895,70.6383686,2,18.945999145507812,0.1323390007019043,60318.247557899915
1181,2460318.7470833,121.8546968,70.6383373,2,18.91320037841797,0.129379004240036,60318.24708329979
1182,2460318.7466088,121.8547158,70.6382909,2,18.99139976501465,0.1251869946718216,60318.24660879979
1183,2460318.7461343,121.8548847,70.6382637,2,18.953800201416016,0.10272900015115738,60318.246134299785
1184,2460318.7456597,121.8548059,70.6383696,2,18.96500015258789,0.11328999698162079,60318.24565970013
1185,2460318.7451968,121.8548693,70.6383152,2,19.11870002746582,0.13506099581718445,60318.24519680021
1186,2460318.7447222,121.8549213,70.6383411,2,18.984399795532227,0.10699699819087982,60318.24472220009
1187,2460318.7442477,121.8549469,70.6383334,2,19.023500442504883,0.10451400279998779,60318.24424770009
1188,2460318.7437731,121.8547955,70.6382597,2,18.993200302124023,0.12314900010824203,60318.243773099966
1189,2460318.7433102,121.8548412,70.638338,2,18.978300094604492,0.10729099810123444,60318.24331020005
1190,2460318.7428356,121.8549698,70.6383405,2,18.961000442504883,0.12613800168037415,60318.24283559993
1191,2460318.7423611,121.8548331,70.6383212,2,18.93869972229004,0.11515600234270096,60318.242361099925
1192,2460318.7418981,121.8546987,70.638332,2,18.942800521850586,0.09816499799489975,60318.24189809989
1193,2460318.7414236,121.8548623,70.6383089,2,18.902999877929688,0.09052900224924088,60318.24142359989
1194,2460318.7409491,121.8546969,70.638279,2,18.9064998626709,0.09599199891090393,60318.24094909988
1195,2460318.7404861,121.8548625,70.6383112,2,18.920299530029297,0.09542600065469742,60318.24048609985
1196,2460318.7400116,121.8548116,70.6382631,2,18.932199478149414,0.08863899856805801,60318.240011599846
1197,2460318.739537,121.8548263,70.6383316,2,19.012100219726562,0.11242199689149857,60318.23953700019
1198,2460318.7390625,121.8547681,70.638363,2,18.948699951171875,0.10135500133037567,60318.239062500186
1199,2460318.738588,121.8548948,70.638366,2,18.904600143432617,0.10475099831819534,60318.23858800018
1200,2460318.738125,121.8548422,70.6382968,2,18.915599822998047,0.0964289978146553,60318.23812500015
1201,2460318.7376505,121.8548142,70.6383185,2,19.00950050354004,0.08825399726629257,60318.237650500145
1202,2460318.7371759,121.8548874,70.6383388,2,18.97369956970215,0.09987500309944153,60318.23717590002
1203,2460318.736713,121.8547552,70.6383105,2,18.959800720214844,0.12260100245475769,60318.23671300011
1204,2460318.7362384,121.8548986,70.6383417,2,18.940000534057617,0.10381899774074554,60318.236238399986
1205,2460318.7357639,121.8548504,70.6382981,2,18.94499969482422,0.0969190001487732,60318.23576389998
1206,2460318.7353009,121.8547059,70.6383129,2,18.993000030517578,0.10055200010538101,60318.23530089995
1207,2460318.7348264,121.8547032,70.6382677,2,18.962600708007812,0.12617400288581848,60318.234826399945
1208,2460318.7343519,121.854712,70.6383116,2,18.907899856567383,0.0995670035481453,60318.23435189994
1209,2460318.7338773,121.8547562,70.6383058,2,18.927099227905273,0.10684499889612198,60318.23387729982
1210,2460318.7334144,121.8548771,70.6383685,2,19.01889991760254,0.10974600166082382,60318.2334143999
1211,2460318.7329398,121.8547749,70.6383033,2,19.01140022277832,0.10454200208187103,60318.23293979978
1212,2460318.7324653,121.8549746,70.6383327,2,19.02549934387207,0.10197599977254868,60318.23246529978
1213,2460318.7320023,121.8548014,70.6383589,2,19.05500030517578,0.12478099763393402,60318.23200230021
1214,2460318.7315278,121.854817,70.6382754,2,18.93950080871582,0.11030100286006927,60318.231527800206
1215,2460318.7310532,121.8549944,70.6382519,2,19.006799697875977,0.11756400018930435,60318.231053200085
1216,2460318.7305903,121.8548219,70.6383234,2,19.046499252319336,0.10528399795293808,60318.23059030017
1217,2460318.7301157,121.8548862,70.6383333,2,18.94890022277832,0.1178240031003952,60318.23011570005
1218,2460318.7296412,121.8548156,70.6382772,2,18.897300720214844,0.09755799919366837,60318.22964120004
1219,2460318.7291782,121.8549436,70.6383184,2,18.916900634765625,0.10544600337743759,60318.22917820001
1220,2460318.7287037,121.8548873,70.6383044,2,18.942899703979492,0.11138799786567688,60318.228703700006
1221,2460318.7282292,121.8548543,70.6383606,2,18.921899795532227,0.10378900170326233,60318.2282292
1222,2460318.7277546,121.8547966,70.6383265,2,18.909799575805664,0.08303000032901764,60318.22775459988
1223,2460318.7272801,121.8547396,70.6383694,2,18.961999893188477,0.09856600314378738,60318.227280099876
1224,2460318.7268171,121.854844,70.638264,2,18.935400009155273,0.1386760026216507,60318.22681709984
1225,2460318.7263426,121.854886,70.6383038,2,19.002700805664062,0.10915300250053406,60318.22634259984
1226,2460318.7258681,121.8547171,70.6383164,2,18.91010093688965,0.10346899926662445,60318.225868099835
1227,2460318.7254051,121.8550237,70.638309,2,18.990299224853516,0.0993029996752739,60318.2254050998
1228,2460318.7249306,121.854912,70.6383605,2,19.01140022277832,0.10757099837064743,60318.2249305998
1229,2460318.724456,121.854908,70.6383296,2,18.897300720214844,0.112466000020504,60318.22445600014
1230,2460318.7239931,121.8549908,70.6383168,2,18.92919921875,0.11797399818897247,60318.223993100226
1231,2460318.7235185,121.8548771,70.6382226,2,19.119199752807617,0.11060000211000443,60318.223518500105
1232,2460318.723044,121.8549352,70.6382552,2,19.054399490356445,0.10427399724721909,60318.2230440001
1233,2460318.7225694,121.8548231,70.6383534,2,18.977800369262695,0.11242199689149857,60318.22256939998
1234,2460318.7221065,121.8549861,70.6382677,2,18.95949935913086,0.10181599855422974,60318.22210650006
1235,2460318.7216319,121.8549286,70.6382846,2,18.99489974975586,0.1091340035200119,60318.22163189994
1236,2460318.7211574,121.8548383,70.638319,2,19.049999237060547,0.1150590032339096,60318.22115739994
1237,2460318.7206829,121.8549666,70.6383477,2,18.966999053955078,0.11580699682235718,60318.22068289993
1238,2460318.7202083,121.8549429,70.6382964,2,18.930099487304688,0.10204699635505676,60318.22020829981
1239,2460318.7197338,121.8551229,70.6383383,2,18.88249969482422,0.1238510012626648,60318.21973379981
1240,2460318.7192708,121.8549076,70.6383013,2,19.04450035095215,0.11821900308132172,60318.219270799775
1241,2460318.7187963,121.8549848,70.6382544,2,18.98780059814453,0.1264290064573288,60318.21879629977
1242,2460318.7183218,121.8548989,70.6382595,2,19.039199829101562,0.11428699642419815,60318.21832180023
1243,2460318.7178588,121.855119,70.6383042,2,19.000499725341797,0.09666000306606293,60318.2178588002
1244,2460318.7173843,121.8550779,70.6383018,2,19.026100158691406,0.14491499960422516,60318.217384300195
1245,2460318.7169097,121.8549225,70.6383335,2,18.867799758911133,0.10687500238418579,60318.21690970007
1246,2460318.7164468,121.8549674,70.6383267,2,19.011699676513672,0.10412599891424179,60318.21644680016
1247,2460318.7159722,121.8549919,70.6383173,2,18.908700942993164,0.10718999803066254,60318.215972200036
1248,2460318.7154977,121.8548129,70.6383212,2,18.980899810791016,0.13022199273109436,60318.21549770003
1249,2460318.7150231,121.8547269,70.6384304,2,18.917200088500977,0.09863000363111496,60318.21502309991
1250,2460318.7145602,121.8549071,70.6382927,2,18.9906005859375,0.12389799952507019,60318.214560199995
1251,2460318.7140856,121.8547765,70.6383263,2,19.099599838256836,0.1339229941368103,60318.21408559987
1252,2460318.7136111,121.8549667,70.638359,2,18.90180015563965,0.14595399796962738,60318.21361109987
1253,2460318.7131481,121.854671,70.6383002,2,18.901500701904297,0.12019400298595428,60318.213148099836
1254,2460318.7126736,121.8548697,70.6383682,2,18.94029998779297,0.1483670026063919,60318.21267359983
1255,2460318.7121991,121.8548304,70.6382882,2,18.970600128173828,0.1547670066356659,60318.21219909983
1256,2460318.7117361,121.8547844,70.6382436,2,18.968799591064453,0.11366699635982513,60318.211736099795
1257,2460318.7112616,121.8550697,70.6383484,2,19.079500198364258,0.13911600410938263,60318.21126159979
1258,2460318.710787,121.8547294,70.6383396,2,19.096099853515625,0.1326189935207367,60318.210787000135
1259,2460318.7103241,121.854942,70.6382986,2,19.00149917602539,0.14479799568653107,60318.21032410022
1260,2460318.7098495,121.8548893,70.6383255,2,18.956300735473633,0.12296000123023987,60318.2098495001
1261,2460318.709375,121.8547355,70.6383529,2,18.915000915527344,0.16638800501823425,60318.20937500009
1262,2460318.708912,121.8547582,70.638269,2,19.06100082397461,0.13392400741577148,60318.20891200006
1263,2460318.7084375,121.8550176,70.638347,2,18.957300186157227,0.16741900146007538,60318.208437500056
1264,2460318.707963,121.8547849,70.6383588,2,18.993900299072266,0.11413399875164032,60318.20796300005
1265,2460318.7075,121.8546554,70.6383157,2,18.92770004272461,0.150737002491951,60318.20750000002
1266,2460318.7070255,121.8548552,70.638363,2,19.055299758911133,0.12230999767780304,60318.207025500014
1267,2460318.7065509,121.854667,70.6383434,2,19.05430030822754,0.13344000279903412,60318.20655089989
1268,2460318.7060764,121.8550208,70.6382614,2,18.91990089416504,0.13266800343990326,60318.20607639989
1269,2460318.7056019,121.8547755,70.6382731,2,18.930999755859375,0.1366019994020462,60318.205601899885
1270,2460318.7051273,121.8548127,70.6383076,2,18.859399795532227,0.11531099677085876,60318.20512730023
1271,2460318.7046644,121.8549103,70.6383334,2,19.048999786376953,0.15649999678134918,60318.20466439985
1272,2460318.7041898,121.8549107,70.6383352,2,19.00309944152832,0.12675799429416656,60318.20418980019
1273,2460318.7037153,121.8548344,70.6383293,2,18.968900680541992,0.11259700357913971,60318.20371530019
1274,2460318.7032407,121.8549109,70.6382886,2,18.94569969177246,0.11632999777793884,60318.203240700066
1275,2460318.7027662,121.854901,70.63837,2,18.99169921875,0.13358299434185028,60318.20276620006
1276,2460318.7023032,121.8549288,70.6382886,2,18.99180030822754,0.1149739995598793,60318.20230320003
1277,2460318.7018287,121.8548419,70.6383475,2,19.00029945373535,0.13854500651359558,60318.201828700025
1278,2460318.7013542,121.8548243,70.6383348,2,19.02090072631836,0.11377499997615814,60318.20135420002
1279,2460318.7008912,121.854828,70.6383249,2,18.97260093688965,0.10529199987649918,60318.20089119999
1280,2460318.7004167,121.8547793,70.6382861,2,18.919599533081055,0.11124499887228012,60318.20041669998
1281,2460318.6999421,121.8549918,70.6383212,2,18.9596004486084,0.11469200253486633,60318.19994209986
1282,2460318.6994792,121.855027,70.6382847,2,18.985000610351562,0.13285499811172485,60318.199479199946
1283,2460318.6990046,121.8548873,70.6383436,2,18.957799911499023,0.11510399729013443,60318.199004599825
1284,2460318.6985301,121.8547735,70.6382966,2,18.964399337768555,0.10611999779939651,60318.19853009982
1285,2460318.6980556,121.8549717,70.6382703,2,18.92620086669922,0.11794299632310867,60318.198055599816
1286,2460318.697581,121.8549333,70.6383398,2,18.906700134277344,0.1115109995007515,60318.19758100016
1287,2460318.6971065,121.854843,70.638334,2,19.0718994140625,0.13704699277877808,60318.197106500156
1288,2460318.6966435,121.8548,70.6383515,2,19.037099838256836,0.10341600328683853,60318.19664350012
1289,2460318.696169,121.8549375,70.6383253,2,18.94969940185547,0.1269730031490326,60318.19616900012
1290,2460318.6956944,121.8546575,70.6382643,2,18.923999786376953,0.0993489995598793,60318.1956944
1291,2460318.6952315,121.8548451,70.6383509,2,19.010700225830078,0.11146300286054611,60318.19523150008
1292,2460318.6947569,121.8548406,70.6382775,2,19.023500442504883,0.10778599977493286,60318.19475689996
1293,2460318.6942824,121.8546896,70.6383272,2,18.890399932861328,0.10238800197839737,60318.194282399956
1294,2460318.6938194,121.854805,70.6383316,2,19.04439926147461,0.12946200370788574,60318.19381939992
1295,2460318.6933449,121.8548113,70.6382398,2,19.00149917602539,0.11699700355529785,60318.19334489992
1296,2460318.6928704,121.8548518,70.6382813,2,18.97879981994629,0.11756599694490433,60318.192870399915
1297,2460318.6923958,121.8548858,70.6383002,2,19.01449966430664,0.13397300243377686,60318.19239579979
1298,2460318.6919329,121.8548786,70.6383049,2,18.962799072265625,0.1130089983344078,60318.19193289988
1299,2460318.6914583,121.8550391,70.6382944,2,18.93400001525879,0.12413199990987778,60318.19145830022
1300,2460318.6909838,121.8549491,70.6383089,2,18.988000869750977,0.12201999872922897,60318.19098380022
1301,2460318.6905208,121.8549042,70.6382857,2,18.95170021057129,0.12690100073814392,60318.190520800184
1302,2460318.6900463,121.8549347,70.6383184,2,18.909400939941406,0.1156499981880188,60318.19004630018
1303,2460318.6895718,121.8547563,70.6383155,2,18.995500564575195,0.13281799852848053,60318.189571800176
1304,2460318.6890972,121.8548597,70.6382867,2,18.993099212646484,0.11071799695491791,60318.189097200055
1305,2460318.6886343,121.8547444,70.6383355,2,18.902299880981445,0.11187800019979477,60318.18863430014
1306,2460318.6881597,121.8547458,70.6383005,2,18.91010093688965,0.14632399380207062,60318.18815970002
1307,2460318.6876852,121.8547307,70.6383741,2,18.90369987487793,0.10964500159025192,60318.18768520001
1308,2460318.6872222,121.8550414,70.6383218,2,18.971099853515625,0.12609100341796875,60318.18722219998
1309,2460318.6867477,121.8549513,70.638261,2,19.0856990814209,0.17065900564193726,60318.186747699976
1310,2460318.6862731,121.8547368,70.6383142,2,18.942399978637695,0.14008000493049622,60318.186273099855
1311,2460318.6858102,121.8548303,70.6383039,2,19.02120018005371,0.19632600247859955,60318.18581019994
1312,2460318.6853356,121.8548446,70.638354,2,18.992300033569336,0.12719200551509857,60318.18533559982
1313,2460318.6848611,121.8547694,70.638304,2,18.89259910583496,0.13484500348567963,60318.18486109981
1314,2460318.6843981,121.8549214,70.6383074,2,19.082599639892578,0.13881100714206696,60318.18439809978
1315,2460318.6839236,121.8547251,70.6383333,2,18.95599937438965,0.12178300321102142,60318.183923599776
1316,2460318.6834491,121.8549772,70.6383562,2,19.047399520874023,0.13650399446487427,60318.18344909977
1317,2460318.6829861,121.8548812,70.6383463,2,18.920000076293945,0.15074899792671204,60318.182986100204
1318,2460318.6825116,121.854893,70.638274,2,19.082199096679688,0.14390799403190613,60318.1825116002
1319,2460318.682037,121.854827,70.6383437,2,18.964799880981445,0.1312589943408966,60318.18203700008
1320,2460318.6815741,121.8548138,70.6383054,2,18.979400634765625,0.11819499731063843,60318.18157410016
1321,2460318.6810995,121.8548236,70.6382313,2,18.931699752807617,0.12334500253200531,60318.18109950004
1322,2460318.680625,121.855018,70.638367,2,19.01689910888672,0.13120099902153015,60318.18062500004
1323,2460318.680162,121.8549164,70.638276,2,18.96769905090332,0.11912299692630768,60318.180162000004
1324,2460318.6796875,121.8549903,70.63829,2,19.041900634765625,0.13315600156784058,60318.1796875
1325,2460318.679213,121.8548891,70.6383796,2,18.87849998474121,0.11567799746990204,60318.179212999996
1326,2460318.6787384,121.8550754,70.6383877,2,18.90239906311035,0.12243399769067764,60318.178738399874
1327,2460318.6782755,121.8550069,70.6382648,2,18.95949935913086,0.13262200355529785,60318.17827549996
1328,2460318.6778009,121.8547449,70.6382421,2,19.025999069213867,0.14191000163555145,60318.17780089984
1329,2460318.6773264,121.8548987,70.6383035,2,19.029300689697266,0.17740799486637115,60318.17732639983
1330,2460318.6768634,121.8549283,70.6383246,2,18.953100204467773,0.1368360072374344,60318.1768633998
1331,2460318.6763889,121.8550605,70.6382909,2,18.92329978942871,0.14579300582408905,60318.176388899796
1332,2460318.6759144,121.8546376,70.6382972,2,19.08449935913086,0.14012399315834045,60318.17591439979
1333,2460318.6754398,121.8548821,70.6383433,2,18.9685001373291,0.13713499903678894,60318.175439800136
1334,2460318.6749769,121.8544677,70.6382627,2,18.94729995727539,0.13447700440883636,60318.17497690022
1335,2460318.6745023,121.8547516,70.6382331,2,19.06439971923828,0.12959399819374084,60318.1745023001
1336,2460318.6740278,121.8549243,70.6382346,2,19.007200241088867,0.11098899692296982,60318.174027800094
1337,2460318.6735532,121.8549592,70.6383371,2,18.962900161743164,0.11291900277137756,60318.17355319997
1338,2460318.6730903,121.8547508,70.63839,2,18.94179916381836,0.13751600682735443,60318.17309030006
1339,2460318.6726157,121.8547656,70.6383959,2,18.898799896240234,0.10351499915122986,60318.172615699936
1340,2460318.6721412,121.8547511,70.6382446,2,19.122100830078125,0.14050500094890594,60318.17214119993
1341,2460318.6716782,121.8548668,70.6382709,2,18.992799758911133,0.13202600181102753,60318.1716781999
1342,2460318.6712037,121.8547985,70.6382885,2,19.034500122070312,0.13731299340724945,60318.171203699894
1343,2460318.6707292,121.8547848,70.6383717,2,19.099300384521484,0.1069599986076355,60318.17072919989
1344,2460318.6702662,121.8550173,70.638361,2,19.070999145507812,0.12928800284862518,60318.17026619986
1345,2460318.6697917,121.854763,70.6382164,2,18.96430015563965,0.13392899930477142,60318.16979169985
1346,2460318.6693287,121.8546704,70.6383122,2,18.944299697875977,0.10630299896001816,60318.16932869982
1347,2460318.6688542,121.8550943,70.6383054,2,18.861299514770508,0.12283600121736526,60318.168854199816
1348,2460318.6683796,121.8548256,70.6383665,2,18.968299865722656,0.10948900133371353,60318.16837960016
1349,2460318.6679167,121.8548978,70.638295,2,18.942399978637695,0.12017899751663208,60318.16791669978
1350,2460318.6674421,121.85492,70.6383617,2,18.96619987487793,0.12039300054311752,60318.16744210012
1351,2460318.6669676,121.8550234,70.638316,2,19.014799118041992,0.15866200625896454,60318.16696760012
1352,2460318.6665046,121.8548363,70.6383528,2,18.992000579833984,0.12666800618171692,60318.166504600085
1353,2460318.6660301,121.854893,70.6382772,2,18.9778995513916,0.12361200153827667,60318.16603010008
1354,2460318.6655556,121.8546464,70.6383012,2,19.055700302124023,0.1282230019569397,60318.16555560008
1355,2460318.6650926,121.8547329,70.6383534,2,18.917800903320312,0.13160400092601776,60318.165092600044
1356,2460318.6646181,121.8548098,70.6382819,2,19.14780044555664,0.16150200366973877,60318.16461810004
1357,2460318.6641435,121.8547939,70.6382625,2,19.020700454711914,0.1317320019006729,60318.16414349992
1358,2460318.663669,121.8553016,70.6383128,2,19.037399291992188,0.17178300023078918,60318.163668999914
1359,2460318.663206,121.854752,70.6383673,2,18.96769905090332,0.11928500235080719,60318.16320599988
1360,2460318.6627315,121.8546176,70.6383742,2,18.894399642944336,0.12031300365924835,60318.16273149988
1361,2460318.6622685,121.8549742,70.6384088,2,18.96179962158203,0.14876900613307953,60318.162268499844
1362,2460318.661794,121.8546019,70.6383227,2,19.016300201416016,0.1468230038881302,60318.16179399984
1363,2460318.661331,121.8545332,70.6382763,2,19.072399139404297,0.15992599725723267,60318.16133099981
1364,2460318.6608565,121.8549528,70.6382793,2,19.048500061035156,0.18111799657344818,60318.1608564998
1365,2460318.6603819,121.8548009,70.638318,2,19.147899627685547,0.14345599710941315,60318.16038190015
1366,2460318.659919,121.8548366,70.6382631,2,18.978700637817383,0.11895199865102768,60318.15991900023
1367,2460318.6594444,121.8550225,70.6383597,2,19.059600830078125,0.14662399888038635,60318.15944440011
1368,2460318.6589699,121.854708,70.6383292,2,18.821300506591797,0.11093299835920334,60318.158969900105
1369,2460318.6584954,121.8548101,70.6383284,2,18.941099166870117,0.10365399718284607,60318.1584954001
1370,2460318.6580324,121.8549161,70.638356,2,18.99180030822754,0.14171600341796875,60318.15803240007
1371,2460318.6575579,121.8549092,70.6383051,2,18.975000381469727,0.12307500094175339,60318.157557900064
1372,2460315.9031366,121.8549701,70.6382669,2,19.03070068359375,0.10269799828529358,60315.40313659981
1373,2460315.8167824,121.8547723,70.6383258,2,18.92259979248047,0.08162300288677216,60315.31678240001
1374,2460314.9653009,121.8547738,70.6383725,2,19.013200759887695,0.12616600096225739,60314.46530089993
1375,2460314.7603935,121.8546872,70.6383023,1,18.914100646972656,0.10860999673604965,60314.26039349986
1382,2460296.9471644,121.8547169,70.6383318,2,19.032699584960938,0.11113599687814713,60296.447164400015
1383,2460296.9418287,121.8549149,70.6382994,2,18.90839958190918,0.08093799650669098,60296.44182869978
1384,2460296.8521991,121.85473,70.6383236,1,18.98590087890625,0.11754900217056274,60296.35219909996
1385,2460296.8502546,121.8547636,70.6383038,1,18.874500274658203,0.13120299577713013,60296.350254599936
1386,2460295.0709722,121.854753,70.6382876,2,19.081300735473633,0.15454299747943878,60294.57097220002
1387,2460295.0651273,121.855014,70.6383869,2,19.01759910583496,0.14719800651073456,60294.5651273001
1388,2460294.9742824,121.8555772,70.6382791,1,19.08769989013672,0.2848300039768219,60294.47428240022
1389,2460294.9418519,121.8547819,70.6383399,1,18.914600372314453,0.15098200738430023,60294.44185189996
1390,2460294.889919,121.8547233,70.6383398,1,18.950700759887695,0.08722099661827087,60294.38991900021
1391,2460294.8580208,121.8547359,70.6382504,1,18.955799102783203,0.06809300184249878,60294.358020800166
1392,2460294.8212963,121.8549965,70.6382822,1,18.912500381469727,0.08497600257396698,60294.32129629981
1393,2460294.8177546,121.8546936,70.6383356,1,18.917200088500977,0.09342200309038162,60294.3177546002
1394,2460294.0310417,121.8548484,70.6382851,1,18.907899856567383,0.07660900056362152,60293.53104169993
1395,2460294.029838,121.8547999,70.638304,1,18.86549949645996,0.08582600206136703,60293.52983799996
1396,2460294.0142014,121.8547809,70.6383415,1,18.91939926147461,0.06857199966907501,60293.51420139987
1397,2460294.0118403,121.8548565,70.6383077,1,18.86829948425293,0.05686499923467636,60293.51184030017
1398,2460293.9733218,121.8548735,70.6383104,1,18.90559959411621,0.060784999281167984,60293.47332180012
1399,2460293.9305671,121.8548634,70.6383303,2,18.982999801635742,0.11324899643659592,60293.43056710018
1400,2460293.8906597,121.8548697,70.6383673,2,18.98870086669922,0.06560999900102615,60293.39065970015
1401,2460293.7848032,121.8548769,70.6383684,1,18.872800827026367,0.11223500221967697,60293.28480320005
1402,2460293.0111343,121.8548474,70.6383237,1,18.868000030517578,0.052080001682043076,60292.511134299915
1403,2460293.0087731,121.854828,70.6383245,1,18.90679931640625,0.05355200171470642,60292.5087731001
1404,2460292.9919097,121.8548788,70.6383079,1,18.889999389648438,0.05682399868965149,60292.49190969998
1405,2460292.9895486,121.8548179,70.6383127,1,18.915199279785156,0.07349900156259537,60292.48954859981
1406,2460292.9726852,121.8548708,70.6383114,1,18.88949966430664,0.051580000668764114,60292.47268520016
1407,2460292.9120949,121.8547921,70.6383114,2,18.974199295043945,0.05729300156235695,60292.41209489992
1408,2460292.8672454,121.8548229,70.6383065,2,19.028799057006836,0.05637599900364876,60292.36724539986
1409,2460292.8057755,121.8548252,70.6383158,1,18.988500595092773,0.055378999561071396,60292.3057754999
1410,2460292.8057755,121.8548252,70.6383158,1,18.988500595092773,0.055378999561071396,60292.3057754999
1411,2460291.9067593,121.8548303,70.6382873,1,18.946699142456055,0.09564200043678284,60291.4067592998
1412,2460291.8670486,121.8548839,70.6383144,2,19.031099319458008,0.09475599974393845,60291.36704860022
1413,2460291.8656134,121.8547739,70.6383469,2,19.037599563598633,0.0969650000333786,60291.365613400005
1414,2460291.7232176,121.8547091,70.6383312,1,18.91200065612793,0.08495000004768372,60291.223217600025
1415,2460289.8859259,121.8548935,70.6382968,1,18.844999313354492,0.11451900005340576,60289.38592590019
1416,2460289.8707176,121.8547882,70.6383327,1,18.98310089111328,0.10729099810123444,60289.37071759999
1419,2460287.802963,121.8547724,70.6383495,1,18.878599166870117,0.09018299728631973,60287.30296299979
1420,2460287.7808912,121.8548735,70.6383266,2,19.022600173950195,0.11871500313282013,60287.28089120006
1421,2460287.7785301,121.8547766,70.6383348,2,19.02199935913086,0.09995599836111069,60287.278530099895
1422,2460287.6996528,121.8546942,70.6383166,1,19.028099060058594,0.15861600637435913,60287.19965279987
1423,2460262.9892014,121.8548424,70.638319,2,19.069400787353516,0.07741600275039673,60262.48920139996
1424,2460262.9742477,121.8548279,70.6383438,2,19.085599899291992,0.1333480030298233,60262.47424770007
1425,2460262.9482986,121.854743,70.6383162,1,18.93199920654297,0.08284399658441544,60262.44829860004
1426,2460262.9473264,121.8548728,70.6383421,1,18.964500427246094,0.09930399805307388,60262.44732639985
1427,2460260.8640278,121.8548408,70.6383262,2,19.058799743652344,0.09349100291728973,60260.36402780004
1428,2460260.8625926,121.854796,70.6383648,2,19.111799240112305,0.11056800186634064,60260.36259259982
1429,2460260.8433218,121.8548189,70.6383402,1,18.98900032043457,0.11210600286722183,60260.34332180023
1430,2460260.8399769,121.8545512,70.6383696,1,19.012399673461914,0.12313800305128098,60260.33997689979
1431,2460258.9498495,121.8548426,70.6383136,2,19.005599975585938,0.0876069962978363,60258.449849499855
1432,2460258.9488773,121.8547721,70.6383406,2,19.029699325561523,0.11179900169372559,60258.448877300136
1433,2460258.9150926,121.8547504,70.6382818,1,19.01650047302246,0.10513699799776077,60258.415092600044
1434,2460258.8820255,121.8548437,70.6383268,1,18.97800064086914,0.0996910035610199,60258.38202549983
1435,2460255.0139583,121.8548665,70.6383158,2,19.122699737548828,0.08711499720811844,60254.5139583
1436,2460255.0129861,121.8548215,70.6383243,2,19.07550048828125,0.09600699692964554,60254.51298609981
1437,2460254.8840278,121.8548264,70.6383391,1,19.03190040588379,0.11048699915409088,60254.38402780006
1438,2460254.857419,121.8548993,70.6383482,1,19.02079963684082,0.10817699879407883,60254.35741900001
1439,2460252.9735648,121.8548381,70.6383299,1,18.996700286865234,0.10975699871778488,60252.473564799875
1440,2460252.9696991,121.8549723,70.6383758,1,19.05590057373047,0.14707699418067932,60252.469699100126
1441,2460252.9283102,121.8549515,70.6383502,2,19.095199584960938,0.09620700031518936,60252.428310200106
1442,2460252.9095023,121.8548637,70.6383231,2,19.15519905090332,0.11329499632120132,60252.40950229997
1443,2460250.9534259,121.8547758,70.6383353,1,19.03070068359375,0.12752699851989746,60250.45342590008
1444,2460250.9486806,121.8546884,70.6383266,1,19.14299964904785,0.1497350037097931,60250.44868060015
1445,2460250.8999306,121.8548583,70.6383074,2,19.14229965209961,0.10668399930000305,60250.39993060008
1446,2460250.8801042,121.8548966,70.6383018,2,19.17289924621582,0.1233849972486496,60250.38010419998
1447,2460246.9519907,121.8548124,70.6383784,1,19.112199783325195,0.2374259978532791,60246.45199069986
1448,2460246.9509954,121.85462,70.6384049,1,19.01059913635254,0.20824100077152252,60246.45099540008
1449,2460246.8486921,121.8548842,70.6382728,2,19.215299606323242,0.22947999835014343,60246.34869210003
1450,2460246.8481713,121.8547835,70.6382622,2,19.08799934387207,0.19319599866867065,60246.34817129979
1451,2460245.0130556,121.8548025,70.6383623,1,19.105899810791016,0.1024250015616417,60244.513055600226
1452,2460244.9713194,121.8548693,70.638282,2,19.100299835205078,0.10555700212717056,60244.471319399774
1453,2460244.8666204,121.8546353,70.6382991,1,19.083999633789062,0.2114430069923401,60244.36662039999
1454,2460244.8010764,121.8550289,70.6382727,2,19.133499145507812,0.18284299969673157,60244.301076400094
1455,2460241.943912,121.8547188,70.6383716,1,19.05109977722168,0.16070500016212463,60241.44391199993
1456,2460241.9228704,121.8548215,70.6383605,2,19.200300216674805,0.1610260009765625,60241.422870399896
1457,2460241.9108218,121.8550531,70.638346,2,19.1033992767334,0.14303800463676453,60241.41082180012
1458,2460241.8691319,121.8544344,70.6382742,1,19.2106990814209,0.21880799531936646,60241.369131899904
1459,2460239.0085417,121.8547416,70.6383055,2,19.217500686645508,0.08353199809789658,60238.508541699965
1460,2460239.0071065,121.8548443,70.6383219,2,19.104900360107422,0.07724999636411667,60238.50710650021
1461,2460238.9295602,121.8547556,70.6383463,1,19.249500274658203,0.09760700166225433,60238.429560199846
1462,2460238.928588,121.8549378,70.6383314,1,19.155000686645508,0.1062140017747879,60238.428588000126
1463,2460236.9912153,121.854832,70.638335,2,19.285400390625,0.1280760020017624,60236.491215299815
1464,2460236.908588,121.8547727,70.6383333,1,19.121599197387695,0.09626799821853638,60236.40858800011
1465,2460236.9046875,121.8547547,70.6383163,1,19.18269920349121,0.11802099645137787,60236.40468750009
1466,2460236.8630093,121.8547735,70.6383335,2,19.24220085144043,0.13586899638175964,60236.36300930008
1467,2460234.9534144,121.8547458,70.6383273,1,19.212400436401367,0.11436399817466736,60234.45341440011
1468,2460234.94625,121.8548593,70.6383258,1,19.065900802612305,0.09635700285434723,60234.44625000004
1469,2460232.9922685,121.854912,70.638288,2,19.17959976196289,0.09337200224399567,60232.49226849992
1470,2460232.9478704,121.8549059,70.6383527,1,19.037900924682617,0.1034500002861023,60232.4478703998
1471,2460232.9126042,121.8547803,70.6383163,1,19.045299530029297,0.10708700120449066,60232.41260420019
1472,2460232.8842824,121.8546798,70.638291,2,19.1294002532959,0.1234079971909523,60232.3842823999
1473,2460230.0100694,121.8547999,70.6382813,2,19.2992000579834,0.19128799438476562,60229.51006940007
1474,2460229.9922569,121.8545726,70.6383277,2,19.09309959411621,0.13194499909877777,60229.49225689983
1475,2460224.9417014,121.8547771,70.6383523,1,19.036300659179688,0.09861700236797333,60224.441701400094
1476,2460224.9241088,121.854679,70.6383025,1,19.04960060119629,0.1265619993209839,60224.42410880001
1477,2460224.9034144,121.8548771,70.6383699,2,19.101299285888672,0.11322099715471268,60224.40341439983
1478,2460224.9014468,121.8549176,70.6382913,2,19.035999298095703,0.10686500370502472,60224.40144680021
1479,2460223.0073611,121.8548417,70.6383192,2,19.17259979248047,0.1200070008635521,60222.507361100055
1480,2460223.0063657,121.8547943,70.6383216,2,19.094900131225586,0.1521099954843521,60222.50636570016
1481,2460222.9705671,121.8546492,70.638233,1,19.095600128173828,0.2290620058774948,60222.470567100216
1484,2460220.9194097,121.8548534,70.6383426,1,19.208599090576172,0.18780399858951569,60220.419409700204
1485,2460220.9030324,121.8547715,70.6382364,1,19.04840087890625,0.21619699895381927,60220.40303240018
1487,2460216.0029167,121.8546607,70.6382522,1,19.122600555419922,0.16634400188922882,60215.50291670021
1488,2460215.9535532,121.8548421,70.6383355,2,19.257600784301758,0.15706799924373627,60215.45355319977
1489,2460213.9902431,121.8548494,70.6383295,2,19.055700302124023,0.0921270027756691,60213.490243100096
1490,2460213.9468171,121.8545694,70.6383236,1,19.00950050354004,0.108644999563694,60213.44681710005
1491,2460211.9964815,121.8546808,70.6383194,1,19.002500534057617,0.10137800127267838,60211.4964815001
1492,2460211.9718981,121.8548284,70.6383307,2,19.052200317382812,0.10384000092744827,60211.47189809987
1493,2460194.95375,121.8549113,70.6383459,1,19.010700225830078,0.17158900201320648,60194.45374999987
1494,2460191.9684144,121.8549527,70.6383272,2,18.93899917602539,0.13429699838161469,60191.46841439977
1495,2460191.95625,121.8544739,70.6382606,1,18.829099655151367,0.17832200229167938,60191.456249999814
1496,2460097.7229051,121.8549806,70.6383388,2,19.042984008789062,0.20398089289665222,60097.22290509986
1497,2460073.7790509,121.8549066,70.6382614,1,19.49090003967285,0.20078299939632416,60073.279050900135
1498,2460073.6798495,121.8549359,70.6382532,2,19.553600311279297,0.11633700132369995,60073.17984949984
1499,2460065.8028241,121.854984,70.6382825,1,19.059999465942383,0.16344000399112701,60065.302824100014
1500,2460065.7027894,121.8548248,70.6383412,2,19.379600524902344,0.16176900267601013,60065.20278939977
1501,2460065.7013542,121.8549839,70.6383433,2,19.35409927368164,0.16642199456691742,60065.20135420002
1503,2460062.7170023,121.855118,70.638327,1,19.384599685668945,0.1551939994096756,60062.21700230008
1504,2460062.6736227,121.8548676,70.6383339,2,19.435300827026367,0.13395799696445465,60062.17362269992
1505,2460060.6972569,121.8548493,70.6383009,1,19.305599212646484,0.15448099374771118,60060.197256899904
1506,2460060.6652662,121.8549474,70.6383283,2,19.393400192260742,0.19683599472045898,60060.16526619997
1507,2460058.7206481,121.8547792,70.6383339,2,19.361600875854492,0.14218300580978394,60058.220648100134
1508,2460058.6855093,121.8547813,70.6382889,1,19.449499130249023,0.16013699769973755,60058.18550929986
1509,2460056.6992824,121.8548037,70.6383338,1,19.408599853515625,0.1285099983215332,60056.199282399844
1510,2460056.6978241,121.8549031,70.6383432,1,19.299800872802734,0.13726000487804413,60056.19782410003
1511,2460056.6804861,121.8548739,70.6383387,2,19.441699981689453,0.14286600053310394,60056.180486099795
1512,2460056.6790278,121.8547861,70.6382983,2,19.410200119018555,0.1048860028386116,60056.17902779998
1513,2460054.7898843,121.854846,70.6382173,2,19.39069938659668,0.15651799738407135,60054.28988429997
1514,2460054.6822569,121.854839,70.6382982,1,19.342300415039062,0.12077599763870239,60054.182256899774
1515,2460054.6803125,121.8547704,70.6382939,1,19.38089942932129,0.12738800048828125,60054.18031249987
1516,2460052.7377546,121.8548648,70.6383185,1,19.315799713134766,0.11473699659109116,60052.23775460012
1517,2460052.73625,121.8546896,70.6383649,1,19.300399780273438,0.13709799945354462,60052.236250000075
1518,2460052.659537,121.8549224,70.6383496,2,19.358200073242188,0.08831200003623962,60052.159537000116
1519,2460052.6590278,121.8547102,70.6383346,2,19.319599151611328,0.10124299675226212,60052.159027799964
1520,2460050.7003472,121.8548069,70.6383093,2,19.382699966430664,0.12696799635887146,60050.200347200036
1521,2460050.698912,121.8547267,70.638298,2,19.34239959716797,0.13455499708652496,60050.19891199982
1522,2460050.6656366,121.8549202,70.6383528,1,19.243000030517578,0.12000399827957153,60050.165636599995
1523,2460050.6642014,121.8547109,70.6383618,1,19.3435001373291,0.1266459971666336,60050.16420139978
1524,2460045.849213,121.854913,70.6383529,1,19.05459976196289,0.12031999975442886,60045.34921299992
1525,2460045.7686921,121.8548322,70.6383184,2,19.286100387573242,0.11223900318145752,60045.268692099955
1526,2460045.7467708,121.8547343,70.6383442,2,19.43400001525879,0.11954700201749802,60045.24677080009
1527,2460045.6835532,121.8547588,70.6383241,1,19.328100204467773,0.1366340070962906,60045.183553200215
1528,2460043.824537,121.8551003,70.638393,1,19.204099655151367,0.253915011882782,60043.32453700015
1529,2460043.8083565,121.8550049,70.6384022,1,19.571399688720703,0.32694101333618164,60043.30835650023
1530,2460043.7657986,121.8547367,70.6382795,2,19.201400756835938,0.19791600108146667,60043.265798599925
1531,2460043.6964931,121.8545806,70.6383151,2,19.272199630737305,0.2145709991455078,60043.19649309991
1532,2460036.8247685,121.8549433,70.6383765,1,19.13960075378418,0.16477100551128387,60036.32476849994
1533,2460036.8074769,121.8548528,70.63834,1,19.350400924682617,0.18365299701690674,60036.30747690005
1534,2460036.7062616,121.8548866,70.6383157,2,19.29490089416504,0.14943000674247742,60036.2062615999
1535,2460036.7057523,121.8548625,70.6383323,2,19.10460090637207,0.13424499332904816,60036.2057523001
1536,2460031.8076042,121.8549301,70.6383181,2,19.19969940185547,0.20470499992370605,60031.30760420021
1537,2460031.7022106,121.8549047,70.6383481,1,19.199800491333008,0.1491049975156784,60031.20221060002
1538,2460030.6791898,121.854848,70.6383442,2,19.24169921875,0.09951700270175934,60030.17918979982
1539,2460020.7702662,121.8548014,70.6382783,2,19.114900588989258,0.0806720033288002,60020.27026619995
1540,2460020.6948611,121.8548552,70.6383127,1,19.15530014038086,0.10442099720239639,60020.194861100055
1542,2460017.6976042,121.8548214,70.6383536,1,19.13360023498535,0.13672000169754028,60017.19760419987
1544,2460013.8075,121.8548123,70.6383167,1,18.507600784301758,0.23381899297237396,60013.30750000011
1545,2459994.8284259,121.8548547,70.6383285,1,19.010400772094727,0.19382600486278534,59994.32842590008
1546,2459994.7388079,121.8548905,70.6383167,2,18.996299743652344,0.0997920036315918,59994.23880789988
1547,2459992.7583102,121.8546209,70.6382695,1,18.87459945678711,0.16832800209522247,59992.25831020018
1549,2459985.7645833,121.8548167,70.6382171,1,18.977500915527344,0.1511950045824051,59985.26458329987
1550,2459985.7422338,121.8547649,70.6382926,2,19.01300048828125,0.126119002699852,59985.24223379977
1551,2459983.6949421,121.8546944,70.6383574,1,18.760589599609375,0.20045942068099976,59983.19494209997
1552,2459983.6949421,121.8546944,70.6383574,1,18.76059913635254,0.20045900344848633,59983.19494209997
1554,2459980.8019907,121.8548579,70.6383036,2,19.05739974975586,0.14916600286960602,59980.301990699954
1555,2459980.7580671,121.8548791,70.63836,1,18.811599731445312,0.12169899791479111,59980.25806709984
1556,2459977.9475,121.854896,70.6382419,1,18.943899154663086,0.13911999762058258,59977.44749999978
1557,2459971.8659028,121.8546991,70.6382472,1,18.818300247192383,0.10745099931955338,59971.36590280011
1558,2459971.8253704,121.8548752,70.6383356,2,18.992399215698242,0.10957100242376328,59971.32537040021
1559,2459969.8237269,121.8548455,70.6382726,2,19.013200759887695,0.08793999999761581,59969.32372689992
1560,2459969.8217708,121.8548718,70.6383161,2,19.05500030517578,0.12338799983263016,59969.32177079981
1561,2459969.7818981,121.8548514,70.6382888,1,18.840099334716797,0.08053900301456451,59969.28189809993
1562,2459969.7592477,121.8546924,70.638279,1,19.003400802612305,0.13283999264240265,59969.25924770022
1563,2459967.8308912,121.854736,70.6381964,1,19.002099990844727,0.22896400094032288,59967.330891199876
1564,2459967.7793056,121.8550608,70.6382939,2,19.047000885009766,0.1750970035791397,59967.279305600096
1565,2459965.8213542,121.8548762,70.6382714,1,18.975500106811523,0.19787199795246124,59965.32135420013
1566,2459965.8189468,121.8545793,70.6382473,1,18.872499465942383,0.16067799925804138,59965.318946800195
1567,2459965.7414236,121.8545367,70.6383336,2,19.158300399780273,0.1273380070924759,59965.24142359989
1568,2459957.6376042,121.8543397,70.6382893,1,18.86720085144043,0.28708699345588684,59957.137604199816
1571,2459951.9746065,121.8546033,70.6381655,1,18.831600189208984,0.20986899733543396,59951.47460650001
1572,2459951.7797917,121.8547246,70.6379128,2,19.105300903320312,0.22794899344444275,59951.27979170019
1574,2459937.9125694,121.8547058,70.6382791,1,19.0585994720459,0.11757899820804596,59937.41256939992
1575,2459937.8193171,121.8547317,70.6383207,1,19.075700759887695,0.11361700296401978,59937.319317100104
1576,2459937.8013194,121.8546429,70.6382878,2,19.168399810791016,0.1415649950504303,59937.30131939985
1577,2459937.7777199,121.8547331,70.638231,2,19.15920066833496,0.13540999591350555,59937.27771990001
1578,2459935.8266898,121.8547864,70.6383368,1,19.0718994140625,0.12123599648475647,59935.32668979978
1579,2459935.8252546,121.8548925,70.6383227,1,19.09830093383789,0.11500199884176254,59935.32525460003
1581,2459935.8039236,121.8548776,70.6383136,2,19.1471004486084,0.09318400174379349,59935.30392359989
1582,2459933.8893981,121.8548134,70.6383327,2,19.047700881958008,0.12357600033283234,59933.389398099855
1583,2459933.8884259,121.854832,70.6382972,2,19.14699935913086,0.15057000517845154,59933.388425900135
1584,2459933.8186806,121.8548893,70.6383099,1,19.0585994720459,0.17200599610805511,59933.3186805998
1585,2459930.8462963,121.8547827,70.6383161,2,19.138200759887695,0.09598200023174286,59930.34629630018
1586,2459930.8234259,121.8547622,70.638301,1,19.092199325561523,0.09879899770021439,59930.32342590019
1587,2459930.820081,121.8548116,70.6383027,1,19.11079978942871,0.10867399722337723,59930.320081000216
1588,2459923.9103241,121.8548247,70.6383589,1,18.993799209594727,0.14785900712013245,59923.41032409994
1589,2459923.9051157,121.8548965,70.6383401,1,19.083200454711914,0.16414399445056915,59923.40511569986
1590,2459923.8731366,121.8548664,70.6383583,2,19.07699966430664,0.16563700139522552,59923.373136600014
1591,2459923.8465741,121.8548696,70.6383068,2,19.4862003326416,0.1892859935760498,59923.3465741002
1592,2459914.9330093,121.8548817,70.6383179,2,19.178800582885742,0.096049003303051,59914.433009299915
1594,2459910.9881829,121.8548585,70.6383328,1,19.19529914855957,0.10541900247335434,59910.48818290001
1595,2459910.9070602,121.8547147,70.6383066,2,19.23310089111328,0.11838400363922119,59910.40706019988
1596,2459910.824838,121.8548135,70.6383111,2,19.252199172973633,0.10485299676656723,59910.324837999884
1597,2459908.9539352,121.8548641,70.6382074,1,19.068500518798828,0.17517100274562836,59908.45393519988
1598,2459908.9495255,121.8546659,70.6382876,1,19.19099998474121,0.16969600319862366,59908.44952550018
1599,2459908.9323495,121.8547236,70.6383325,2,19.204599380493164,0.12972599267959595,59908.43234949978
1600,2459908.9308912,121.8549047,70.6383022,2,19.208599090576172,0.10408200323581696,59908.43089119997
1602,2459905.8893171,121.8548268,70.6383452,1,19.066099166870117,0.11279799789190292,59905.389317099936
1603,2459905.8497454,121.8548788,70.6383125,2,19.14929962158203,0.1326950043439865,59905.349745399784
1604,2459905.8492361,121.8548546,70.6383718,2,19.182600021362305,0.228970006108284,59905.34923609998
1605,2459903.8840856,121.8547826,70.6383016,1,19.010299682617188,0.11452999711036682,59903.3840855998
1606,2459903.8457986,121.8548188,70.6383489,2,19.15519905090332,0.11892899870872498,59903.3457986
1607,2459903.8443403,121.854863,70.638302,2,19.120500564575195,0.09384100139141083,59903.34434030019
1608,2459903.767581,121.8547852,70.6382959,1,19.02079963684082,0.10322599858045578,59903.26758099999
1609,2459901.9921991,121.8548829,70.6382999,2,19.159500122070312,0.09799399971961975,59901.49219910009
1610,2459901.9679977,121.8547915,70.6383124,1,19.047700881958008,0.1005759984254837,59901.467997699976
1613,2459899.9671296,121.8549988,70.6383684,2,19.418399810791016,0.339260995388031,59899.46712959977
1617,2459898.0001157,121.8548793,70.638314,1,19.00670051574707,0.1381720006465912,59897.500115700066
1618,2459897.8677315,121.8549029,70.6383347,2,19.00659942626953,0.13728199899196625,59897.36773149995
1619,2459897.8667593,121.8550011,70.6382915,2,19.19059944152832,0.19631299376487732,59897.36675930023
1620,2459897.7641435,121.8547871,70.6382914,1,19.102399826049805,0.1569799929857254,59897.26414350001
1621,2459895.9071181,121.8548173,70.6383272,2,19.15239906311035,0.12995100021362305,59895.40711810021
1622,2459895.8791782,121.8547873,70.6383289,2,19.136499404907227,0.12104299664497375,59895.37917819992
1623,2459895.866088,121.8546388,70.6383876,1,19.18429946899414,0.13541199266910553,59895.366088000126
1624,2459895.8233102,121.8548954,70.6383643,1,18.96769905090332,0.13947300612926483,59895.323310200125
1625,2459889.9507407,121.8547727,70.6382885,2,19.26110076904297,0.13392199575901031,59889.45074070012
1626,2459889.9101852,121.854892,70.6383601,1,19.04680061340332,0.14626699686050415,59889.41018520016
1627,2459889.9087153,121.8547983,70.6383268,1,19.019800186157227,0.14872699975967407,59889.408715299796
1628,2459889.8872801,121.8547114,70.6383212,2,19.14459991455078,0.1539050042629242,59889.387280100025
1629,2459887.9646528,121.8547865,70.6383333,2,19.20439910888672,0.10585799813270569,59887.4646528
1630,2459887.9491551,121.8548051,70.6382945,2,19.147199630737305,0.09942600131034851,59887.449155100156
1631,2459887.8663079,121.8547422,70.638301,1,18.992000579833984,0.1460690051317215,59887.36630789982
1632,2459887.7848264,121.8546318,70.6383039,1,19.048099517822266,0.19387400150299072,59887.284826400224
1633,2459882.9934606,121.854668,70.6382531,2,19.11680030822754,0.1285340040922165,59882.4934605998
1634,2459882.9679398,121.8539367,70.6382291,2,19.468900680541992,0.19557799398899078,59882.46793980012
1635,2459882.9335532,121.8548035,70.6383218,1,19.056400299072266,0.14046700298786163,59882.433553200215
1636,2459882.933044,121.8547971,70.6383395,1,19.055400848388672,0.10208100080490112,59882.43304400006
1637,2459880.9723958,121.8549245,70.6383379,2,19.12150001525879,0.12206599861383438,59880.472395800054
1638,2459880.953206,121.854777,70.6382992,2,19.13800048828125,0.10534799844026566,59880.45320599992
1639,2459880.9042014,121.8547144,70.6384253,1,19.02739906311035,0.12043999880552292,59880.4042014
1640,2459880.8898611,121.8544721,70.6382635,1,19.18899917602539,0.14704300463199615,59880.38986109989
1641,2459878.9764931,121.8549378,70.6383151,2,19.085399627685547,0.0854329988360405,59878.47649310017
1642,2459878.9301273,121.8548315,70.6383319,1,19.079599380493164,0.09005200117826462,59878.43012729986
1643,2459878.9128819,121.8547203,70.6383022,1,19.159299850463867,0.13323600590229034,59878.41288190009
1644,2459878.8441204,121.8547775,70.6382606,2,19.287700653076172,0.13417699933052063,59878.34412040003
1645,2459874.9918287,121.8548327,70.638325,2,19.154600143432617,0.09342899918556213,59874.49182870006
1646,2459874.9889931,121.8546554,70.6383241,2,19.278799057006836,0.11135700345039368,59874.48899309989
1647,2459874.970625,121.8547553,70.6383218,1,19.101900100708008,0.10217200219631195,59874.470625000075
1648,2459874.951331,121.854582,70.6383488,1,19.16119956970215,0.09164000302553177,59874.451330999844
1649,2459872.9711574,121.8548982,70.6383219,1,19.044700622558594,0.09122999757528305,59872.47115739994
1650,2459872.9187963,121.8549681,70.6382366,2,19.084199905395508,0.12347900122404099,59872.41879629996
1651,2459872.9178009,121.8547419,70.6383239,2,19.223600387573242,0.14546099305152893,59872.41780090006
1652,2459872.8507523,121.8545194,70.638294,1,19.111400604248047,0.13415099680423737,59872.35075230012
1653,2459870.0097454,121.8547805,70.6383373,2,19.191999435424805,0.10077100247144699,59869.50974539993
1654,2459869.9958333,121.8548838,70.6383143,2,19.120899200439453,0.09649199992418289,59869.495833300054
1655,2459869.9438773,121.8547611,70.6382749,1,19.195600509643555,0.12266600131988525,59869.44387729978
1656,2459869.9433681,121.8547882,70.6383324,1,19.057199478149414,0.10353899747133255,59869.443368100096
1657,2459866.989456,121.8548582,70.6382656,2,19.35460090637207,0.22891299426555634,59866.48945599981
1658,2459866.9884491,121.8549302,70.6383294,2,19.075599670410156,0.09991300106048584,59866.48844909994
1659,2459866.9543981,121.8547237,70.6383104,1,19.22909927368164,0.1488720029592514,59866.4543980998
1660,2459866.9534259,121.854847,70.6383298,1,19.11949920654297,0.12546400725841522,59866.45342590008
1661,2459864.9969213,121.8550453,70.6383762,2,19.06529998779297,0.11507400125265121,59864.49692129996
1662,2459864.9717361,121.854902,70.6382495,1,18.97800064086914,0.17942099273204803,59864.47173610004
1663,2459864.9191898,121.8546638,70.638242,1,19.219200134277344,0.18365299701690674,59864.41918980004
1664,2459864.8623843,121.854802,70.6383857,2,19.279499053955078,0.19361500442028046,59864.36238430021
1665,2459861.9991782,121.8547661,70.638316,2,19.16080093383789,0.14129699766635895,59861.49917820003
1666,2459861.9977431,121.8548232,70.6383395,2,19.232099533081055,0.16241399943828583,59861.49774309993
1667,2459861.9783449,121.8548201,70.6383153,1,19.03070068359375,0.1661289930343628,59861.47834490007
1668,2459861.9712384,121.8548151,70.6383978,1,19.12470054626465,0.23732100427150726,59861.471238399856
1669,2459859.989838,121.8547334,70.6383231,2,19.18709945678711,0.09213399887084961,59859.48983799992
1670,2459859.9884028,121.8549225,70.6383338,2,19.180400848388672,0.08050999790430069,59859.48840280017
1671,2459859.9761458,121.8547993,70.6383353,1,19.16629981994629,0.09882800281047821,59859.4761458002
1672,2459859.9503125,121.8547315,70.6382918,1,19.129100799560547,0.1236329972743988,59859.45031249989
1673,2459857.9731019,121.8546519,70.6383115,1,19.138399124145508,0.1086679995059967,59857.47310189996
1674,2459857.9702662,121.8548145,70.6383116,1,19.098499298095703,0.09168300032615662,59857.47026620014
1675,2459857.9120139,121.8548447,70.6383369,2,19.143600463867188,0.0740709975361824,59857.4120139
1676,2459857.9091435,121.8547329,70.6383559,2,19.260900497436523,0.12493900209665298,59857.40914350003
1677,2459855.9969329,121.854755,70.6383268,2,19.29170036315918,0.09637700021266937,59855.496932900045
1678,2459855.9744444,121.8546115,70.6383061,1,19.180599212646484,0.11777699738740921,59855.47444440005
1679,2459855.9513194,121.8548643,70.6383326,1,19.049400329589844,0.0898440033197403,59855.45131940022
1680,2459853.9885532,121.8549327,70.6383128,1,19.091999053955078,0.11131799966096878,59853.48855319992
1681,2459853.988044,121.8545774,70.6382941,1,19.243999481201172,0.12318799644708633,59853.48804400023
1682,2459853.9500116,121.8548224,70.6383007,2,19.217500686645508,0.07598000019788742,59853.45001159981
1683,2459853.8870602,121.8547206,70.6383616,2,19.243499755859375,0.10115800052881241,59853.387060199864
1684,2459849.9930903,121.8547701,70.6383334,2,19.24370002746582,0.12446799874305725,59849.49309029989
1685,2459849.9715509,121.8547406,70.638337,1,19.190000534057617,0.1358720064163208,59849.47155090002
1686,2459847.9897801,121.8545908,70.6383086,1,19.168399810791016,0.15826000273227692,59847.48978010006
1687,2459847.947963,121.8547418,70.6383479,2,19.17840003967285,0.11296399682760239,59847.44796299981
1688,2459844.9913079,121.8544875,70.6383254,2,19.329700469970703,0.11962399631738663,59844.49130789982
1689,2459844.9650231,121.8546199,70.6383303,1,19.266399383544922,0.10811000317335129,59844.46502309991
1690,2459841.9935764,121.8547263,70.6383263,1,19.169200897216797,0.11529800295829773,59841.49357639998
1691,2459841.9143056,121.8549293,70.6383108,1,19.129600524902344,0.11681699752807617,59841.41430559987
1692,2459839.9741435,121.8545988,70.6383524,1,19.094900131225586,0.13800600171089172,59839.474143499974
1693,2459839.9475,121.8547942,70.6383217,1,19.182899475097656,0.1144770011305809,59839.44749999978
1694,2459710.7263194,121.8547082,70.6383236,2,19.634029388427734,0.18185700476169586,59710.22631940013
1695,2459709.6846181,121.8548247,70.6383379,2,19.710399627685547,0.22247999906539917,59709.18461810006
1696,2459708.7224421,121.8544256,70.6385659,2,19.717500686645508,0.2702209949493408,59708.222442099825
1698,2459707.6913542,121.8547181,70.6383574,2,19.69969940185547,0.1942099928855896,59707.19135419978
1699,2459707.684838,121.8547652,70.6382611,2,19.62459945678711,0.19609400629997253,59707.18483800022
1700,2459703.7651042,121.8548194,70.6383016,1,19.47249984741211,0.16339999437332153,59703.265104200225
1701,2459701.8036574,121.8551465,70.6383345,1,19.41119956970215,0.16108499467372894,59701.303657399956
1702,2459701.7664583,121.8549885,70.6383377,1,19.524099349975586,0.18184399604797363,59701.26645829994
1703,2459699.7806597,121.8548492,70.6382782,2,19.511899948120117,0.16213800013065338,59699.28065969981
1704,2459696.7411458,121.8550328,70.6383389,2,19.64229965209961,0.1814589947462082,59696.24114579987
1705,2459696.7406366,121.8549155,70.6382806,2,19.514799118041992,0.11524099856615067,59696.24063660018
1706,2459696.6792708,121.8548507,70.638312,1,19.44809913635254,0.1215519979596138,59696.1792708002
1707,2459696.6755093,121.8547302,70.6383393,1,19.549800872802734,0.15621499717235565,59696.17550930008
1708,2459694.7684375,121.8548178,70.6383417,1,19.614299774169922,0.1620589941740036,59694.26843750011
1709,2459694.766956,121.8549156,70.6383663,1,19.47610092163086,0.2087939977645874,59694.26695600012
1710,2459690.7808565,121.854671,70.6383799,1,19.465999603271484,0.13484199345111847,59690.280856499914
1711,2459690.758588,121.8549325,70.6383293,1,19.399499893188477,0.13297200202941895,59690.2585880002
1712,2459688.8235417,121.8548416,70.6382851,2,19.479400634765625,0.19963900744915009,59688.32354169991
1714,2459688.7790278,121.8544808,70.6382689,1,19.30929946899414,0.314644992351532,59688.279027800076
1715,2459688.6645949,121.8546344,70.6383673,2,19.378599166870117,0.22671300172805786,59688.16459489986
1716,2459685.8295718,121.8547568,70.6384901,1,19.343399047851562,0.2566109895706177,59685.32957179984
1718,2459685.7409028,121.8549699,70.6383255,2,19.486099243164062,0.182560995221138,59685.24090280011
1719,2459685.6837037,121.8548581,70.6383413,1,19.584199905395508,0.282039999961853,59685.18370370008
1720,2459683.7928356,121.8556525,70.6382109,1,19.404600143432617,0.309455007314682,59683.29283560021
1721,2459683.7851389,121.8546837,70.6383692,1,19.436599731445312,0.2583540081977844,59683.285138899926
1722,2459683.7467245,121.8547334,70.6382682,2,19.328100204467773,0.18241800367832184,59683.246724499855
1723,2459683.6647917,121.8549931,70.6382704,2,19.544700622558594,0.18551099300384521,59683.164791699965
1724,2459680.7235301,121.8547557,70.6383609,2,19.44420051574707,0.2216150015592575,59680.22353010019
1726,2459678.7266782,121.8547111,70.6383395,2,19.442100524902344,0.12914299964904785,59678.226678200066
1728,2459678.6804745,121.8548904,70.6383363,1,19.25349998474121,0.11126399785280228,59678.18047450017
1729,2459678.6794329,121.8547167,70.6383452,1,19.363399505615234,0.18080200254917145,59678.17943290016
1730,2459676.8738426,121.8540962,70.6382699,2,19.499099731445312,0.34475401043891907,59676.3738425998
1731,2459676.8055093,121.8551224,70.6381968,1,19.375999450683594,0.24547900259494781,59676.30550929997
1732,2459676.7202546,121.8546998,70.6383205,1,19.44260025024414,0.19588999450206757,59676.22025460005
1733,2459676.6763079,121.8546929,70.6383268,2,19.55940055847168,0.17464399337768555,59676.17630789988
1734,2459674.8687384,121.8549155,70.6383502,1,19.40089988708496,0.17559100687503815,59674.36873839982
1735,2459674.8121759,121.8547444,70.6383116,2,19.54960060119629,0.13895699381828308,59674.31217590021
1736,2459674.6622917,121.8547296,70.6383504,1,19.417800903320312,0.1254040002822876,59674.16229170002
1737,2459671.8448148,121.8549214,70.6383308,2,19.29199981689453,0.10559699684381485,59671.34481480019
1738,2459671.8448148,121.8549279,70.638331,2,19.292699813842773,0.10536699742078781,59671.34481480019
1739,2459671.7884838,121.8549242,70.6382763,1,19.344600677490234,0.12882600724697113,59671.2884837999
1740,2459671.7884838,121.8549225,70.6382771,1,19.34160041809082,0.12870100140571594,59671.2884837999
1741,2459671.7870023,121.8547743,70.6383343,1,19.465200424194336,0.14082500338554382,59671.28700229991
1742,2459671.7870023,121.8547939,70.6383442,1,19.423500061035156,0.1475829929113388,59671.28700229991
1743,2459671.6587963,121.8546291,70.6382521,2,19.51449966430664,0.17370200157165527,59671.15879630018
1744,2459671.6587963,121.854617,70.6382539,2,19.487600326538086,0.1699109971523285,59671.15879630018
1745,2459640.7490162,121.8546422,70.6382552,2,19.488319396972656,0.1451999992132187,59640.24901620019
1746,2459640.6962153,121.8546893,70.6382971,1,19.59709930419922,0.15184499323368073,59640.19621529989
1747,2459639.6751736,121.8547052,70.6383106,1,19.416200637817383,0.16060499846935272,59639.175173600204
1748,2459639.6543171,121.8547661,70.6383105,2,19.609899520874023,0.13081100583076477,59639.15431710007
1750,2459637.7148495,121.8550059,70.6383496,1,19.45210075378418,0.1742980033159256,59637.214849499986
1751,2459636.6962037,121.8547389,70.6383615,1,19.62220001220703,0.15633100271224976,59636.1962036998
1752,2459636.657037,121.8546973,70.6383641,2,19.51580047607422,0.15381799638271332,59636.15703700017
1753,2459630.7084375,121.8547804,70.6382652,1,19.600299835205078,0.22356000542640686,59630.208437500056
1754,2459630.6863426,121.8550472,70.6383356,2,19.13960075378418,0.2793770134449005,59630.1863425998
1755,2459629.913287,121.8551294,70.638443,1,19.63640022277832,0.2623650133609772,59629.4132869998
1756,2459629.8523958,121.8547844,70.6383429,2,19.50749969482422,0.1695760041475296,59629.35239579994
1757,2459628.9065972,121.854741,70.6383789,2,19.366600036621094,0.23356899619102478,59628.40659719985
1758,2459628.6927894,121.8549135,70.6382801,1,19.550399780273438,0.17743900418281555,59628.1927894
1760,2459627.8510069,121.8550672,70.6384048,2,19.316200256347656,0.2661229968070984,59627.35100689996
1763,2459624.8618634,121.8547921,70.6382787,2,19.412900924682617,0.22965699434280396,59624.361863399856
1764,2459624.7355787,121.8548993,70.6383056,1,19.722700119018555,0.23236000537872314,59624.23557869997
1765,2459623.7728704,121.8548844,70.6382766,2,19.67770004272461,0.19608500599861145,59623.27287039999
1766,2459623.7403819,121.8550509,70.6382119,1,19.697999954223633,0.21556900441646576,59623.24038190022
1767,2459622.7853588,121.8550078,70.638323,2,19.72170066833496,0.21995900571346283,59622.28535880009
1768,2459622.7386458,121.854383,70.6382671,1,19.58530044555664,0.2212820053100586,59622.238645799924
1769,2459600.8022569,121.8548586,70.6383058,2,19.4689998626709,0.12505200505256653,59600.302256899886
1770,2459550.8485764,121.8546807,70.6382786,2,19.65605926513672,0.15779300034046173,59550.34857639996
1775,2459537.8922106,121.8549165,70.6383474,2,19.969100952148438,0.2127230018377304,59537.392210599966
1777,2459536.8822801,121.8548396,70.6383659,2,19.782699584960938,0.22177700698375702,59536.38228010014
1778,2459532.8743519,121.854855,70.6383494,2,19.760099411010742,0.167835995554924,59532.37435190007
1779,2459532.8108102,121.8549329,70.6383666,1,19.811599731445312,0.25613299012184143,59532.31081019994
1780,2459531.9298264,121.8546683,70.6383118,2,19.784900665283203,0.1534850001335144,59531.42982639978
1781,2459531.8854514,121.8547437,70.6383376,1,19.709800720214844,0.13565899431705475,59531.38545140019
1782,2459530.9118403,121.8551106,70.6383765,1,19.62420082092285,0.28001999855041504,59530.411840300076
1783,2459530.8896644,121.8548698,70.638309,2,19.701400756835938,0.1571969985961914,59530.3896643999
1784,2459529.8731597,121.8549353,70.6382914,2,19.614099502563477,0.19651100039482117,59529.37315970007
1785,2459529.8284722,121.8547336,70.6383474,1,19.63920021057129,0.14692699909210205,59529.32847219985
1787,2459526.995081,121.8546658,70.6383152,2,19.72100067138672,0.15702800452709198,59526.49508100003
1788,2459526.8699537,121.8546343,70.6383218,1,19.69860076904297,0.15479199588298798,59526.369953699876
1789,2459525.9910764,121.8548594,70.6383096,1,19.643699645996094,0.12933899462223053,59525.49107640004
1790,2459525.9513889,121.8547811,70.6383106,2,19.749900817871094,0.14353400468826294,59525.45138890017
1791,2459524.8650694,121.8547681,70.6382882,2,19.76059913635254,0.16143499314785004,59524.36506940005
1792,2459524.8490278,121.854524,70.6383462,1,19.717199325561523,0.15387700498104095,59524.34902779991
1793,2459524.0123032,121.8549277,70.6383172,2,19.74570083618164,0.11191699653863907,59523.512303200085
1794,2459523.861794,121.8548353,70.6383198,1,19.601999282836914,0.11402799934148788,59523.361794000026
1795,2459522.8647338,121.8546486,70.6383282,1,19.705299377441406,0.1460459977388382,59522.364733799826
1796,2459522.8517361,121.8547772,70.6383157,2,19.761999130249023,0.14091099798679352,59522.351736099925
1797,2459521.9572106,121.854681,70.6383133,2,19.718799591064453,0.1385979950428009,59521.45721059991
1798,2459521.8492708,121.8548585,70.638304,1,19.55660057067871,0.127811998128891,59521.34927080013
1799,2459518.9960301,121.8545726,70.638323,2,19.749399185180664,0.16834700107574463,59518.496030100156
1800,2459518.8680324,121.8546317,70.6383213,1,19.67169952392578,0.13135600090026855,59518.36803240003
1801,2459518.0098264,121.8547665,70.6383231,2,19.581899642944336,0.1153390035033226,59517.50982639985
1802,2459517.9629514,121.8549167,70.6383301,1,19.56800079345703,0.12760600447654724,59517.46295139985
1803,2459512.9243287,121.8547857,70.6383167,1,19.29290008544922,0.14759700000286102,59512.424328700174
1804,2459512.8371644,121.8548889,70.6382919,2,19.78849983215332,0.215488001704216,59512.337164400145
1805,2459511.8936574,121.8547686,70.6383632,2,19.481199264526367,0.15976400673389435,59511.39365739981
1806,2459509.9711343,121.8547571,70.6382832,2,19.709999084472656,0.2117220014333725,59509.47113429988
1808,2459509.8834028,121.8547873,70.6384706,1,19.513599395751953,0.21102699637413025,59509.38340280019
1810,2459503.9895718,121.8548423,70.6383356,1,19.627199172973633,0.1509779989719391,59503.48957179999
1811,2459503.973588,121.8545463,70.6383301,1,19.737199783325195,0.16893599927425385,59503.47358800005
1812,2459503.8883681,121.8547067,70.6382806,2,19.928499221801758,0.26460000872612,59503.38836809993
1813,2459503.8684838,121.8550182,70.6381422,2,19.57110023498535,0.2482440024614334,59503.368483799975
1814,2459500.9510995,121.8547042,70.6382794,1,19.667600631713867,0.16245299577713013,59500.45109950006
1815,2459498.9568171,121.8546962,70.6383034,1,19.767099380493164,0.18838399648666382,59498.456817099825
1816,2459498.8927894,121.8545955,70.6382906,2,19.943199157714844,0.19688500463962555,59498.39278940018
1817,2459496.9908565,121.8547861,70.6382767,1,19.734100341796875,0.228643000125885,59496.49085649988
1818,2459496.9365509,121.854526,70.6383936,2,20.137699127197266,0.2597520053386688,59496.436550899874
1819,2459496.9351157,121.8547742,70.6383138,2,19.966299057006836,0.16682100296020508,59496.43511570012
1820,2459496.8724537,121.8547279,70.6382516,1,20.031700134277344,0.23803499341011047,59496.37245369982
1821,2459489.9932755,121.8548508,70.6382961,1,19.95486068725586,0.1724260002374649,59489.4932754999
1822,2459489.9932755,121.8548508,70.6382961,1,19.95490074157715,0.1724260002374649,59489.4932754999
1824,2459489.9539583,121.8547024,70.6382359,2,19.794700622558594,0.28316500782966614,59489.45395829994
1825,2459489.9539583,121.8547024,70.6382359,2,19.794700622558594,0.28316500782966614,59489.45395829994
1826,2459489.8956481,121.854533,70.6383531,1,19.995100021362305,0.20505499839782715,59489.39564809995
1827,2459489.8956481,121.854533,70.6383531,1,19.995100021362305,0.20505499839782715,59489.39564809995
1828,2459487.9943866,121.8547998,70.6384391,2,20.02280044555664,0.22980499267578125,59487.494386599865
1829,2459487.9402778,121.8549506,70.6381784,1,19.87310028076172,0.28322699666023254,59487.440277799964
1830,2459487.9266319,121.8546809,70.6383899,1,19.852800369262695,0.24017199873924255,59487.426631900016
1831,2459487.8892361,121.8549879,70.6382308,2,19.774799346923828,0.23102399706840515,59487.38923610002
1833,2459484.9289352,121.8544681,70.6384793,1,19.805999755859375,0.2825559973716736,59484.428935199976
1836,2459479.9376042,121.854581,70.6384599,2,20.022300720214844,0.25075000524520874,59479.437604200095
1842,2459474.9533796,121.8546492,70.6383016,1,20.418399810791016,0.23343099653720856,59474.45337959984
1843,2459473.9960185,121.8549559,70.6383493,1,20.34950065612793,0.23620399832725525,59473.49601850007
1844,2459473.9741667,121.8548582,70.6383656,2,20.427099227905273,0.24036400020122528,59473.47416670015
1845,2459472.9915394,121.8546596,70.6383783,2,20.387500762939453,0.25458601117134094,59472.49153940007
1847,2459470.9909491,121.854712,70.6382768,1,20.21500015258789,0.25730401277542114,59470.49094909988
1848,2459470.9685764,121.8546998,70.638399,2,20.4955997467041,0.3520109951496124,59470.468576400075
1849,2459348.7047917,121.8548636,70.6383673,2,20.132490158081055,0.20545700192451477,59348.2047917
1850,2459346.6999421,121.8548132,70.6383889,2,20.359800338745117,0.2225620001554489,59346.19994209986
1851,2459346.683206,121.8547697,70.6383017,1,20.223899841308594,0.23275400698184967,59346.1832059999
1852,2459344.7629977,121.8548507,70.6383783,1,20.467199325561523,0.25892800092697144,59344.2629976999
1854,2459342.7859375,121.8551021,70.638237,2,20.08690071105957,0.30775898694992065,59342.285937500186
1855,2459342.7441319,121.8546404,70.6382595,1,20.472000122070312,0.2798379957675934,59342.244131899904
1857,2459340.6785185,121.8548168,70.638392,1,20.562599182128906,0.28904399275779724,59340.17851850018
1859,2459338.702662,121.8551274,70.6383493,1,20.38319969177246,0.29569700360298157,59338.20266199997
1868,2459325.7210417,121.8551489,70.6382498,1,20.358299255371094,0.2936429977416992,59325.22104169987
1871,2459323.7624306,121.8552074,70.6382984,1,19.969100952148438,0.2880899906158447,59323.26243059989
1875,2459321.7872801,121.8549,70.6383838,2,20.36240005493164,0.2779569923877716,59321.28728009993
1877,2459321.7398611,121.8549265,70.6383309,1,20.34309959411621,0.19887199997901917,59321.23986109998
1878,2459321.6795139,121.854974,70.6383742,1,20.301300048828125,0.24326199293136597,59321.179513900075
1879,2459319.7482755,121.8548205,70.6383117,1,20.20989990234375,0.2194720059633255,59319.24827549979
1883,2459316.7834722,121.8545533,70.638349,2,20.37649917602539,0.33430200815200806,59316.283472199924
1885,2459316.7258102,121.8547525,70.6383432,1,20.303199768066406,0.24150300025939941,59316.225810199976
1886,2459314.7256134,121.8549876,70.6382508,1,20.32900047302246,0.20806699991226196,59314.225613399874
1887,2459314.7246412,121.8547747,70.6383502,1,20.300399780273438,0.2165219932794571,59314.224641200155
1888,2459314.6795255,121.8545433,70.6382617,2,20.386699676513672,0.23734800517559052,59314.17952550016
1889,2459314.6790162,121.854928,70.6383255,2,20.422000885009766,0.2686980068683624,59314.179016199894
1892,2459312.7216898,121.8545473,70.638199,1,20.206100463867188,0.22139400243759155,59312.2216897998
1893,2459312.7183565,121.8548823,70.6384614,1,20.172399520874023,0.3055900037288666,59312.218356499914
1895,2459310.7406019,121.8549471,70.6383967,1,20.323999404907227,0.24003499746322632,59310.240601900034
1897,2459310.7043981,121.8543044,70.6382517,2,20.1653995513916,0.38057100772857666,59310.2043980998
1898,2459308.843831,121.8550259,70.6383072,1,20.24810028076172,0.23802900314331055,59308.34383099992
1900,2459308.7196759,121.8546077,70.6383575,2,20.186500549316406,0.22383899986743927,59308.21967589995
1901,2459308.7071412,121.8549107,70.6382581,2,20.291400909423828,0.2117300033569336,59308.20714120008
1902,2459306.8303935,121.8547476,70.6383708,1,19.950700759887695,0.2554610073566437,59306.33039350016
1903,2459306.8289468,121.8547268,70.6383045,1,20.361600875854492,0.27081000804901123,59306.32894679997
1904,2459306.7433333,121.8548135,70.6383127,2,20.22439956665039,0.27035799622535706,59306.24333330011
1905,2459306.7418519,121.8548904,70.6383145,2,20.468799591064453,0.27000999450683594,59306.24185189977
1907,2459304.698588,121.8546025,70.6385177,1,20.28420066833496,0.2860940098762512,59304.198588000145
1921,2459294.6718981,121.8549928,70.6382075,1,20.177799224853516,0.34477099776268005,59294.17189810006
1923,2459293.6587731,121.8551179,70.6382869,1,20.37820053100586,0.24145999550819397,59293.1587731
1925,2459292.6795718,121.8546055,70.6383684,1,20.24209976196289,0.228752002120018,59292.179571799934
1927,2459290.7699884,121.854562,70.6382843,2,20.699899673461914,0.3692319989204407,59290.26998839993
1928,2459281.8397222,121.8548278,70.6383308,1,20.479000091552734,0.32274898886680603,59281.33972219983
1930,2459280.7004745,121.854751,70.6384344,1,20.816699981689453,0.2799679934978485,59280.20047450019
1931,2459280.6555093,121.8547909,70.638356,2,20.443540573120117,0.21090799570083618,59280.155509300064
1932,2459280.6555093,121.8547909,70.638356,2,20.443500518798828,0.21090799570083618,59280.155509300064
1933,2459278.7273958,121.8549763,70.6383222,1,20.53059959411621,0.3582020103931427,59278.22739579994
1935,2459276.7129745,121.854437,70.6380495,1,20.53689956665039,0.31644201278686523,59276.21297449991
1937,2459275.6802894,121.8543749,70.6384312,1,20.690799713134766,0.34478598833084106,59275.18028939981
1950,2459268.7014699,121.8549768,70.6382346,1,20.161300659179688,0.31036001443862915,59268.20146990009
1954,2459265.8859838,121.8548687,70.6383089,1,20.59269905090332,0.27329298853874207,59265.38598380005
1955,2459265.7552431,121.8548403,70.6383485,2,20.471200942993164,0.28669801354408264,59265.255243100226
1960,2459262.7866088,121.8541468,70.6382693,1,20.764299392700195,0.27632901072502136,59262.286608799826
1965,2459256.7828356,121.8549365,70.6383744,1,20.58769989013672,0.30292001366615295,59256.282835599966
1970,2459253.8035648,121.8542942,70.6383238,2,20.802099227905273,0.24305400252342224,59253.30356479995
1971,2459253.7602315,121.8549787,70.6383292,1,20.67460060119629,0.24935199320316315,59253.260231500026
1976,2459251.8033912,121.854873,70.6383088,2,20.46109962463379,0.28807899355888367,59251.303391200025
1981,2459196.9362963,121.8553884,70.6383148,1,20.354400634765625,0.18981200456619263,59196.43629630003
1982,2459196.9073032,121.8547126,70.6382748,1,20.337799072265625,0.32741400599479675,59196.4073032001
1984,2459194.9911458,121.8550814,70.6383671,2,20.490999221801758,0.24699799716472626,59194.49114579987
1990,2459189.9897801,121.8551236,70.63824,1,20.411500930786133,0.24771000444889069,59189.48978010006
1991,2459189.9546412,121.8547671,70.6380882,2,19.449199676513672,0.290012001991272,59189.45464120014
1996,2459187.9292708,121.8545801,70.6384573,2,19.890300750732422,0.3505519926548004,59187.4292708002
2005,2459181.9682523,121.8551757,70.6382842,2,20.195199966430664,0.2936350107192993,59181.46825229982
2008,2459179.9736921,121.8545093,70.6382943,1,20.342899322509766,0.23024600744247437,59179.47369210003
2009,2459179.9554977,121.8547773,70.6383365,1,20.167400360107422,0.2212889939546585,59179.45549769979
2012,2459177.912662,121.8546553,70.6382271,1,20.04450035095215,0.1847430020570755,59177.41266199993
2013,2459177.0326042,121.8547542,70.6382897,2,20.243000030517578,0.2308640033006668,59176.532604199834
2014,2459176.894456,121.8547796,70.6382631,1,20.041200637817383,0.18967600166797638,59176.39445600007
2018,2459171.9658218,121.854923,70.6382291,2,20.002500534057617,0.18654799461364746,59171.46582179982
2020,2459170.0340509,121.8545079,70.6383669,2,20.03569984436035,0.2217720001935959,59169.53405090002
2022,2459169.9775579,121.8545991,70.6382688,1,20.10540008544922,0.21637199819087982,59169.477557899896
2023,2459168.0177894,121.8546504,70.6383681,1,20.050399780273438,0.22011099755764008,59167.51778940018
2024,2459168.0140509,121.8547886,70.6381968,1,20.510900497436523,0.2745339870452881,59167.514050900005
2025,2459168.0003704,121.854491,70.6383362,2,20.211299896240234,0.2327589988708496,59167.50037040003
2026,2459167.9942245,121.8547799,70.6383837,2,19.990100860595703,0.24970099329948425,59167.49422449991
2027,2459165.8707755,121.8548565,70.6383277,1,19.99720001220703,0.19635599851608276,59165.37077549985
2028,2459165.8688657,121.8544682,70.6383899,1,20.044200897216797,0.17029400169849396,59165.36886569997
2029,2459165.8276736,121.8548799,70.6383402,2,20.22909927368164,0.23296000063419342,59165.327673600055
2030,2459160.0180556,121.8545923,70.6382869,1,19.986600875854492,0.23902000486850739,59159.518055600114
2031,2459159.9747801,121.8549655,70.6383094,2,20.140899658203125,0.26569199562072754,59159.47478009993
2032,2459159.9733449,121.8548977,70.6383625,2,20.125900268554688,0.26534798741340637,59159.47334490018
2033,2459157.9727894,121.8547928,70.638287,2,20.060699462890625,0.28217899799346924,59157.47278939979
2036,2459155.972963,121.8548885,70.6382627,2,20.0935001373291,0.2602030038833618,59155.47296300018
2040,2459152.968044,121.854693,70.6383398,2,20.087900161743164,0.2237659990787506,59152.46804400021
2044,2459150.9941319,121.8549558,70.6383116,2,20.220199584960938,0.18554699420928955,59150.494131899904
2046,2459150.9931597,121.8547732,70.6383737,2,20.190099716186523,0.19042600691318512,59150.493159700185
2047,2459150.9274769,121.8549661,70.6384108,1,20.218799591064453,0.2644230127334595,59150.427476900164
2048,2459150.9269676,121.8549973,70.6383862,1,19.90489959716797,0.22599300742149353,59150.426967599895
2049,2459149.9856134,121.8544293,70.6383653,1,19.925199508666992,0.21747499704360962,59149.48561340012
2051,2459149.8711458,121.8546238,70.6384148,2,20.0231990814209,0.41915398836135864,59149.37114580022
2052,2459145.9515162,121.854624,70.6383174,1,20.145099639892578,0.17857900261878967,59145.45151619986
2053,2459145.8848495,121.8546513,70.638297,2,20.314699172973633,0.2272700071334839,59145.38484949991
2054,2459145.8624769,121.8548259,70.6382657,2,20.197399139404297,0.17377200722694397,59145.36247690022
2055,2459143.993206,121.8547156,70.6383345,2,20.467899322509766,0.2582789957523346,59143.493205999956
2056,2459143.9705208,121.8550173,70.6382983,2,20.305099487304688,0.2001670002937317,59143.47052079998
2057,2459143.9271296,121.8544215,70.6383138,1,20.198999404907227,0.168723002076149,59143.4271296002
2058,2459143.9156597,121.8549155,70.6383201,1,20.199899673461914,0.2024649977684021,59143.415659700055
2059,2459141.9497454,121.8548965,70.6382818,1,20.095600128173828,0.1897139996290207,59141.44974539988
2060,2459141.9362847,121.8546982,70.6383584,1,20.339799880981445,0.2156659960746765,59141.43628469994
2063,2459139.9922106,121.85484,70.6383129,2,20.250099182128906,0.2097810059785843,59139.49221060006
2064,2459139.9306481,121.8546974,70.6382515,1,20.204200744628906,0.2706350088119507,59139.4306481001
2065,2459139.9098843,121.854859,70.6382764,1,20.1028995513916,0.24772700667381287,59139.40988430008
2066,2459137.9500347,121.8546334,70.6383063,1,20.208599090576172,0.19032800197601318,59137.45003469987
2067,2459137.9495255,121.8547133,70.638334,1,20.241199493408203,0.1865749955177307,59137.44952550018
2068,2459137.8890278,121.8543887,70.6383918,2,20.467599868774414,0.28422901034355164,59137.389027799945
2069,2459137.8866898,121.8550012,70.6383157,2,20.21489906311035,0.19396300613880157,59137.38668979984
2070,2459135.9492708,121.8546148,70.6383375,1,20.181499481201172,0.22796300053596497,59135.44927080022
2071,2459135.9478241,121.8548627,70.638301,1,20.225000381469727,0.17799800634384155,59135.44782410003
2072,2459135.9143634,121.8549546,70.6382829,2,20.325300216674805,0.19872799515724182,59135.41436340008
2075,2459130.9781944,121.8550211,70.6382939,2,20.13319969177246,0.22562000155448914,59130.4781944002
2077,2459130.8982986,121.8545362,70.6383694,1,20.274999618530273,0.2623699903488159,59130.39829860022
2083,2459126.9491435,121.8547694,70.6383303,1,20.001399993896484,0.3147389888763428,59126.44914350007
2084,2459126.9274653,121.8547838,70.6382375,2,20.139699935913086,0.2667900025844574,59126.427465300076
2089,2459124.9854167,121.8548557,70.6383432,1,19.641199111938477,0.26679301261901855,59124.48541670013
2094,2459123.0258565,121.8550155,70.6382863,2,20.158199310302734,0.2319979965686798,59122.525856500026
2096,2459121.0060995,121.8549201,70.63832,2,20.229900360107422,0.24844799935817719,59120.50609950023
2097,2459120.9791088,121.8545453,70.6383152,1,20.05620002746582,0.21407200396060944,59120.47910880018
2098,2459119.0197454,121.8546875,70.6383039,2,20.243600845336914,0.19279000163078308,59118.519745400175
2101,2459093.0089352,121.8548643,70.6383358,1,20.054000854492188,0.253618985414505,59092.50893520005
2102,2459092.9850116,121.8551098,70.6384184,1,20.228099822998047,0.3920620083808899,59092.48501159996
2103,2458853.9671065,121.8548764,70.6383007,1,20.62299919128418,0.214805006980896,58853.467106500175
2104,2458853.9524537,121.8548462,70.6383001,1,20.45870018005371,0.18787699937820435,58853.452453699894
2105,2458853.9323148,121.8548406,70.6382476,2,20.490699768066406,0.22081699967384338,58853.4323148001
2106,2458852.9939583,121.8550026,70.6382744,1,20.48889923095703,0.24171200394630432,58852.49395829998
2107,2458852.9690625,121.8547172,70.6383258,1,20.561500549316406,0.2143159955739975,58852.46906250017
2108,2458852.9254051,121.8549146,70.6382731,2,20.377500534057617,0.22851599752902985,58852.42540509999
2114,2458849.9877083,121.8545958,70.6383068,1,20.351299285888672,0.23361699283123016,58849.48770829989
2115,2458849.9862963,121.8546081,70.6383348,1,20.401899337768555,0.32880899310112,58849.486296299845
2116,2458846.9881134,121.8547398,70.6382386,1,20.520599365234375,0.2823280096054077,58846.48811340006
2117,2458846.7893171,121.8547677,70.6383117,2,20.305500030517578,0.251460999250412,58846.28931709984
2119,2458846.7437153,121.8548481,70.6384284,1,20.3302001953125,0.2502779960632324,58846.243715300225
2120,2458836.9917014,121.8548632,70.6383144,2,20.32080078125,0.25678199529647827,58836.49170139991
2121,2458836.9467477,121.8548609,70.6382574,2,20.5093994140625,0.29436999559402466,58836.44674770022
2122,2458836.9171644,121.8547936,70.6383158,1,20.21739959716797,0.22389699518680573,58836.41716440022
2143,2458812.8039352,121.8549122,70.6383123,2,19.704599380493164,0.1561170071363449,58812.303935199976
2145,2458805.9933796,121.8547663,70.6383487,1,19.797100067138672,0.23372599482536316,58805.49337959988
2149,2458803.0454977,121.8550127,70.6383424,1,19.702800750732422,0.23116900026798248,58802.545497700106
2153,2458799.8372338,121.8549293,70.6383248,2,19.821800231933594,0.278560996055603,58799.337233799975
2154,2458799.8302546,121.8550206,70.6383637,2,19.782400131225586,0.3090539872646332,58799.33025459992
2155,2458797.0516551,121.8549339,70.6383732,1,19.82360076904297,0.2636510133743286,58796.55165510019
2156,2458796.9349306,121.8548037,70.6382091,2,19.843599319458008,0.19738100469112396,58796.434930600226
2159,2458794.0304398,121.8544864,70.6382887,1,19.91230010986328,0.18904000520706177,58793.53043980012
2160,2458794.0299306,121.8548335,70.6383069,1,19.77280044555664,0.1490350067615509,58793.529930599965
2161,2458794.0156944,121.8549164,70.6383111,2,20.119300842285156,0.23480500280857086,58793.51569439983
2162,2458794.0141898,121.8547554,70.6383246,2,19.869199752807617,0.16843900084495544,58793.51418979978
2165,2458791.0078704,121.854915,70.6382268,2,19.850500106811523,0.17547599971294403,58790.50787039986
2166,2458790.9904861,121.8547838,70.6383048,2,20.078899383544922,0.25030800700187683,58790.49048609985
2168,2458788.0119444,121.8547039,70.6381275,2,19.640499114990234,0.2596670091152191,58787.51194440015
2171,2458784.9889815,121.8549975,70.6380725,1,19.757200241088867,0.3722490072250366,58784.4889814998
2173,2458781.9726505,121.8547073,70.6383273,1,19.836599349975586,0.19892600178718567,58781.472650500014
2174,2458779.0115162,121.8547157,70.6383234,1,19.99090003967285,0.20694799721240997,58778.51151619991
2175,2458779.0095949,121.8546453,70.6382165,1,19.969200134277344,0.2720929980278015,58778.50959490007
2176,2458778.9948495,121.8543028,70.6381559,2,19.771900177001953,0.2393849939107895,58778.49484949978
2177,2458778.9925694,121.8550474,70.6382645,2,19.833499908447266,0.21956700086593628,58778.4925694
2178,2458775.9294097,121.8548195,70.6382406,1,19.871999740600586,0.230663001537323,58775.42940969998
2181,2458770.0167708,121.8549599,70.63832,1,19.649799346923828,0.20512400567531586,58769.51677080011
2185,2458767.0339236,121.8547243,70.6382851,2,20.04129981994629,0.2640250027179718,58766.53392359987
2186,2458766.9698958,121.8548042,70.6383589,1,19.98150062561035,0.18396000564098358,58766.46989580011
2188,2458764.0166435,121.8549075,70.6383107,2,20.234399795532227,0.21739299595355988,58763.516643499956
2189,2458764.0147801,121.8548586,70.6383585,2,20.098800659179688,0.23078800737857819,58763.51478009997
2190,2458763.9668287,121.8546572,70.6382811,1,20.00589942932129,0.20309500396251678,58763.466828700155
2191,2458763.9446528,121.854799,70.6383329,1,20.0044002532959,0.1820880025625229,58763.44465279998
2192,2458760.0123032,121.854783,70.6383541,2,20.035900115966797,0.19088199734687805,58759.512303200085
2193,2458759.9656366,121.8549525,70.6383455,1,19.867399215698242,0.15838800370693207,58759.46563659981
2194,2458757.0308218,121.8548465,70.6383761,2,19.979799270629883,0.23999600112438202,58756.53082180023
2195,2458756.9916551,121.8547172,70.6382709,2,20.126699447631836,0.20597800612449646,58756.49165510014
2196,2458756.9517245,121.8549973,70.6382046,1,20.187700271606445,0.2200309932231903,58756.45172449993
2199,2458751.0088542,121.8548648,70.6383595,2,20.005399703979492,0.290120005607605,58750.50885420013
2200,2458750.9481829,121.8549075,70.6382856,1,19.966800689697266,0.25129398703575134,58750.44818289997
2201,2458749.0096181,121.8546676,70.6383657,1,19.82740020751953,0.21416400372982025,58748.50961809978
2203,2458748.0081134,121.8548482,70.6382866,1,19.85930061340332,0.21920199692249298,58747.50811340008
2208,2458744.971412,121.85482,70.6383183,2,19.99570083618164,0.27487099170684814,58744.47141199978
2210,2458741.968206,121.8547732,70.63833,2,19.715599060058594,0.25572600960731506,58741.46820600005
2211,2458740.0089815,121.854636,70.6383944,1,20.01420021057129,0.3834240138530731,58739.50898149982
2212,2458739.9697917,121.8549597,70.638355,2,20.049299240112305,0.2866489887237549,58739.46979170013
2213,2458738.9460648,121.8547994,70.6383023,1,19.734699249267578,0.329272985458374,58738.446064800024
2215,2458736.9858102,121.8548296,70.6382922,1,20.170499801635742,0.19328999519348145,58736.48581020022
2216,2458736.0137616,121.8549209,70.6383207,2,20.18670082092285,0.3010059893131256,58735.513761600014
2217,2458735.9548958,121.8547854,70.6383029,1,20.073299407958984,0.18737100064754486,58735.45489579998
2218,2458734.012338,121.8548745,70.6382628,2,20.069000244140625,0.2057490050792694,58733.512337999884
2220,2458733.0087847,121.8548893,70.6383214,2,20.15410041809082,0.26208698749542236,58732.508784700185
2221,2458732.9470255,121.8546591,70.6383574,1,19.950199127197266,0.18970699608325958,58732.44702549977
2222,2458725.993044,121.8549229,70.6383542,2,20.049100875854492,0.18743999302387238,58725.49304400012
2223,2458725.9689931,121.8547747,70.6383469,1,20.063600540161133,0.19323000311851501,58725.46899309987
2224,2458722.9674884,121.8547367,70.638373,1,20.1914005279541,0.2586809992790222,58722.46748840017
