,jd,ra,dec,fid,magpsf,sigmapsf,mjd
0,2461194.8461806,268.6974323,-2.1631029,2,16.48768424987793,0.05988839268684387,61194.346180600114
1,2461194.7983449,268.6973776,-2.1630379,3,12.948200225830078,0.027476999908685684,61194.2983448999
2,2461193.895162,268.6973919,-2.1630573,1,18.5625,0.11881399899721146,61193.395161999855
3,2461193.8228704,268.6974318,-2.1630473,2,16.406999588012695,0.0912259966135025,61193.3228703998
4,2461192.945544,268.6973775,-2.1630525,3,12.940400123596191,0.03272299841046333,61192.445543999784
5,2461192.9000463,268.6973543,-2.1630597,1,18.34429931640625,0.11440099775791168,61192.40004630014
6,2461192.8392014,268.6973899,-2.1630785,2,16.378700256347656,0.052577998489141464,61192.33920140006
7,2461191.8986458,268.6973549,-2.163061,1,18.339000701904297,0.1146010011434555,61191.39864580007
8,2461191.8678472,268.6974026,-2.1630852,2,16.292499542236328,0.07047700136899948,61191.36784720002
9,2461186.9518403,268.6973731,-2.1630523,3,12.902299880981445,0.029037000611424446,61186.45184030011
10,2461186.9216898,268.6973743,-2.1630853,1,18.187000274658203,0.07106199860572815,61186.42168979999
11,2461185.9005787,268.6973701,-2.1630789,1,18.180700302124023,0.07286500185728073,61185.400578700006
12,2461185.8962153,268.697373,-2.163065,3,12.883099555969238,0.031150000169873238,61185.396215300076
13,2461185.8568634,268.6973863,-2.1630808,2,16.171499252319336,0.08668900281190872,61185.35686339997
14,2461184.9020718,268.6973813,-2.163096,1,18.091999053955078,0.06781599670648575,61184.40207180008
15,2461184.9020718,268.6973813,-2.163096,1,18.091999053955078,0.06781599670648575,61184.40207180008
16,2461184.8887037,268.6973728,-2.1630606,3,12.909500122070312,0.025310000404715538,61184.388703700155
17,2461184.8609838,268.6973779,-2.1630693,2,16.227800369262695,0.0595569983124733,61184.36098380014
18,2461183.9946412,268.6973626,-2.1631203,2,16.24220085144043,0.050498999655246735,61183.494641200174
19,2461183.8927894,268.6973704,-2.1630487,3,12.890899658203125,0.026684999465942383,61183.39278940018
20,2461182.8984838,268.6973647,-2.1631027,2,16.203399658203125,0.05238400027155876,61182.39848379977
21,2461182.84875,268.6973857,-2.1630682,3,12.895999908447266,0.026350000873208046,61182.34874999989
22,2461182.84875,268.6973857,-2.1630682,3,12.895999908447266,0.026350000873208046,61182.34874999989
23,2461181.9134028,268.6973914,-2.1631063,2,16.181299209594727,0.0738229975104332,61181.41340279998
24,2461181.8753009,268.6973898,-2.1630649,1,18.227100372314453,0.06775400042533875,61181.37530090008
25,2461181.8231597,268.6973754,-2.1630478,3,12.89780044555664,0.03272400051355362,61181.323159699794
26,2461180.9214583,268.6973726,-2.1631009,2,16.218599319458008,0.06909000128507614,61180.4214583002
27,2461180.8770718,268.6973911,-2.163086,1,18.127300262451172,0.0992790013551712,61180.377071800176
28,2461179.9701273,268.6973802,-2.1630643,3,12.914299964904785,0.021445000544190407,61179.470127299894
29,2461179.9250347,268.6973696,-2.1630723,2,16.260700225830078,0.07291699945926666,61179.42503469996
30,2461179.8403125,268.697395,-2.1630843,1,18.16819953918457,0.08839400112628937,61179.34031250002
31,2461176.9710301,268.6973893,-2.1630761,1,18.208999633789062,0.05802199989557266,61176.47103009978
32,2461176.9012731,268.6973862,-2.1630893,2,16.198200225830078,0.07986100018024445,61176.40127310017
33,2461176.8624884,268.6973765,-2.1630614,3,12.928600311279297,0.03097900003194809,61176.36248840019
34,2461175.9611574,268.6973673,-2.163054,3,12.905799865722656,0.0328500010073185,61175.46115740016
35,2461175.9118171,268.6973883,-2.1630564,1,18.242799758911133,0.07177100330591202,61175.4118170999
36,2461175.8501505,268.6974346,-2.1630999,2,16.286399841308594,0.07592199742794037,61175.35015049996
37,2461174.9350116,268.6974006,-2.1630874,1,18.315500259399414,0.07455100119113922,61174.435011600144
38,2461174.9226157,268.697367,-2.1630417,3,12.933099746704102,0.03122599981725216,61174.422615699936
39,2461174.8753704,268.6973651,-2.1631027,2,16.38640022277832,0.05204400047659874,61174.37537040003
40,2461173.9554977,268.6973901,-2.1630924,2,16.449100494384766,0.04430700093507767,61173.45549769979
41,2461173.9230208,268.6973671,-2.163046,3,12.946599960327148,0.03517900034785271,61173.42302080011
42,2461173.8630324,268.6973819,-2.1630746,1,18.425600051879883,0.08195800334215164,61173.36303240014
43,2461172.9725579,268.6973696,-2.1630969,2,16.4424991607666,0.07173199951648712,61172.47255790001
44,2461172.9140509,268.697371,-2.1630595,3,12.966699600219727,0.03409000113606453,61172.41405089991
45,2461172.8738194,268.6973808,-2.1630753,1,18.438400268554688,0.07557900249958038,61172.37381940009
46,2461171.9411574,268.6973782,-2.1631084,2,16.599300384521484,0.04945100098848343,61171.44115740014
47,2461171.8851157,268.6973785,-2.1630674,3,13.0108003616333,0.027285000309348106,61171.38511569984
48,2461171.8721875,268.6974095,-2.1630451,1,18.402700424194336,0.10469300299882889,61171.37218749989
49,2461170.9520718,268.6973592,-2.1630798,2,16.695100784301758,0.09645800292491913,61170.4520717999
50,2461170.8696991,268.6973759,-2.1630656,3,13.01729965209961,0.031964000314474106,61170.36969910003
51,2461170.8520602,268.6974193,-2.1630902,1,18.645299911499023,0.10156899690628052,61170.35206020018
52,2461169.9410301,268.6973725,-2.1630629,2,16.755399703979492,0.12485700100660324,61169.44103009999
53,2461169.8827083,268.6973976,-2.1630934,1,18.723899841308594,0.09456600248813629,61169.382708299905
54,2461169.8455787,268.6973727,-2.1630581,3,13.057600021362305,0.02758900076150894,61169.34557869984
55,2461168.9638657,268.6973794,-2.1630484,3,13.081299781799316,0.03418099880218506,61168.46386570018
56,2461168.9580556,268.6974038,-2.1630947,1,18.924299240112305,0.11113099753856659,61168.45805560006
57,2461168.889456,268.6974397,-2.1630567,2,16.92569923400879,0.09712199866771698,61168.38945600018
58,2461167.9583102,268.6973061,-2.1630631,2,17.21619987487793,0.10755900293588638,61167.4583101999
59,2461167.8940972,268.6973921,-2.1630532,3,13.144499778747559,0.03225100040435791,61167.39409720013
60,2461167.8425463,268.6973977,-2.1631266,1,18.97640037536621,0.1646610051393509,61167.34254630003
61,2461163.9769213,268.6973803,-2.163049,3,13.339799880981445,0.03407299891114235,61163.47692129994
63,2461162.9641435,268.6973712,-2.1630469,3,13.388199806213379,0.03353700041770935,61162.4641435002
67,2461161.0075579,268.6974607,-2.162961,2,17.365100860595703,0.08362200111150742,61160.50755790016
69,2461159.9193634,268.6973355,-2.1630434,2,17.166799545288086,0.100832000374794,61159.41936339997
70,2461158.9030787,268.6973363,-2.1630718,2,16.95050048828125,0.07851599901914597,61158.40307869995
71,2461154.9766204,268.6973763,-2.1630708,2,16.39739990234375,0.07103899866342545,61154.47662039986
72,2461154.9419792,268.6973944,-2.1630474,1,19.172000885009766,0.16244499385356903,61154.44197920011
73,2461153.9209259,268.6973645,-2.1630772,2,16.281200408935547,0.04024500027298927,61153.420925899874
74,2461151.9194792,268.697365,-2.1630842,2,16.144500732421875,0.03360699862241745,61151.41947920015
75,2461150.9756829,268.6973727,-2.1630565,1,18.78380012512207,0.07359100133180618,61150.47568289982
76,2461148.9770486,268.6973642,-2.1630506,1,18.660900115966797,0.09953299909830093,61148.47704860009
77,2461147.9626968,268.6973726,-2.1630559,2,15.904199600219727,0.036320000886917114,61147.46269680001
78,2461147.9220602,268.6973766,-2.1630612,1,18.565799713134766,0.10421200096607208,61147.42206020001
79,2461145.966169,268.6973737,-2.1630548,1,18.587099075317383,0.08680299669504166,61145.46616900014
80,2461145.949213,268.6973681,-2.1630802,2,15.844900131225586,0.03044399991631508,61145.449213000014
81,2461139.9198843,268.6973712,-2.1630684,1,18.346500396728516,0.0751120001077652,61139.41988429986
82,2461135.9776157,268.6973742,-2.1630613,1,18.36280059814453,0.08887699991464615,61135.4776157001
83,2461135.9375694,268.6973727,-2.1630778,2,15.62030029296875,0.025219999253749847,61135.43756939983
84,2461135.001169,268.6973778,-2.1631338,1,18.338199615478516,0.15177099406719208,61134.50116899982
86,2461132.9166204,268.6974037,-2.1631547,1,18.403400421142578,0.19274799525737762,61132.4166203998
87,2461130.0110185,268.6973753,-2.1630789,1,18.292299270629883,0.07312200218439102,61129.5110185002
88,2461129.9419329,268.6973736,-2.1630709,2,15.537199974060059,0.033713001757860184,61129.44193289988
89,2461128.0331134,268.6973758,-2.1630723,2,15.534700393676758,0.024521000683307648,61127.533113399986
90,2461127.9526389,268.6973778,-2.1630665,1,18.265899658203125,0.08179999887943268,61127.45263889991
91,2461126.9573958,268.6973717,-2.1630631,2,15.502799987792969,0.026864999905228615,61126.457395799924
92,2461125.9562269,268.6973753,-2.1630742,2,15.524900436401367,0.018631000071763992,61125.45622690022
93,2461124.9977778,268.6973693,-2.1630608,1,18.24139976501465,0.06084499880671501,61124.497777800076
94,2461124.9479051,268.6973717,-2.1630641,2,15.507100105285645,0.029247000813484192,61124.44790509995
95,2461124.040625,268.697383,-2.163068,2,15.478300094604492,0.030402999371290207,61123.54062499991
96,2461122.9431134,268.6973733,-2.1630733,2,15.527400016784668,0.02453799918293953,61122.443113400135
97,2461121.9631019,268.6973728,-2.1630686,2,15.511300086975098,0.02100200019776821,61121.46310190018
99,2461120.9869676,268.6973716,-2.1630697,2,15.511099815368652,0.02297299914062023,61120.48696759995
100,2461118.9982176,268.6973754,-2.1630629,2,15.51039981842041,0.02456600032746792,61118.49821759993
101,2461116.0104398,268.6973732,-2.1630826,1,18.20870018005371,0.08035299926996231,61115.5104398001
102,2461115.9693981,268.697372,-2.1630831,2,15.469799995422363,0.02129100076854229,61115.46939809993
103,2461106.9808102,268.6973918,-2.1631234,2,15.517399787902832,0.0239499993622303,61106.480810199864
104,2461102.0406366,268.6973699,-2.1630724,2,16.332300186157227,0.03082899935543537,61101.540636599995
105,2461101.0413542,268.6973727,-2.1630743,2,16.3346004486084,0.03746800124645233,61100.54135419987
106,2461100.0425926,268.6973746,-2.1630685,2,16.312999725341797,0.05353400111198425,61099.54259259999
107,2461098.0436574,268.6973781,-2.1630733,2,15.479599952697754,0.028929999098181725,61097.54365740018
108,2461097.0456713,268.6973687,-2.1630719,2,16.379100799560547,0.03850900009274483,61096.54567130003
109,2461096.0470486,268.6973743,-2.1630686,2,15.47700023651123,0.03134400025010109,61095.547048599925
110,2461095.0484375,268.6973776,-2.1630639,2,15.470000267028809,0.02733900025486946,61094.54843749991
111,2461094.0681713,268.6973797,-2.1630756,2,16.353599548339844,0.02896600030362606,61093.568171299994
112,2461086.056331,268.6973798,-2.1630777,2,16.342500686645508,0.03745599836111069,61085.556330999825
113,2461084.057963,268.6973753,-2.1630684,2,15.482799530029297,0.02319199964404106,61083.557963000145
114,2461082.0604051,268.6973667,-2.1630757,2,16.315399169921875,0.04065600037574768,61081.56040510023
115,2461081.0602546,268.6973739,-2.1630666,2,16.33209991455078,0.035978998988866806,61080.5602545999
116,2461080.0605903,268.6973755,-2.163073,2,16.341400146484375,0.026866000145673752,61079.56059029978
117,2461078.061713,268.6973722,-2.1630747,2,16.348899841308594,0.041266001760959625,61077.56171299983
121,2461066.0760185,268.6973459,-2.1630753,2,16.33650016784668,0.034676000475883484,61065.57601850014
122,2461066.0699884,268.6973764,-2.1630775,2,16.346599578857422,0.0275030005723238,61065.56998840021
123,2461066.0671181,268.6973664,-2.1630809,2,16.324199676513672,0.029572000727057457,61065.56711809989
125,2461062.0732986,268.6973701,-2.1630606,2,15.453100204467773,0.045614998787641525,61061.57329860004
126,2461062.0704514,268.69741,-2.1630755,2,15.750200271606445,0.12234299629926682,61061.57045139978
127,2461061.0833102,268.6973766,-2.1630607,2,15.430399894714355,0.021383000537753105,61060.5833101999
128,2461061.0757407,268.6973694,-2.163057,2,15.491100311279297,0.026221999898552895,61060.57574070012
129,2461061.0723843,268.6973717,-2.1630576,2,15.493599891662598,0.029676999896764755,61060.572384300176
130,2461060.0821991,268.6973662,-2.1630728,2,16.3085994720459,0.033236000686883926,61059.58219909994
131,2461060.0767708,268.6973696,-2.1630702,2,16.345800399780273,0.0334790013730526,61059.576770800166
132,2461060.0723148,268.6973691,-2.1630731,2,16.345399856567383,0.03229200094938278,61059.57231480023
134,2461059.0766204,268.697376,-2.1630665,2,16.303600311279297,0.03599800169467926,61058.57662039995
135,2461059.0716088,268.6973722,-2.163072,2,16.34910011291504,0.034304000437259674,61058.571608799975
138,2461058.0719792,268.6973493,-2.1631017,2,16.369600296020508,0.04997299984097481,61057.5719792
141,2461056.0781944,268.6973774,-2.1631655,2,15.502099990844727,0.04354799911379814,61055.57819439983
143,2461055.0812847,268.6973823,-2.1631074,2,15.446599960327148,0.025630999356508255,61054.58128469996
144,2461055.0808218,268.6973843,-2.1630909,2,15.440799713134766,0.024108000099658966,61054.580821800046
145,2461054.0846644,268.6974903,-2.1631152,2,16.363000869750977,0.09084299951791763,61053.5846644002
146,2461054.0795718,268.6974115,-2.16303,2,16.32830047607422,0.07450900226831436,61053.57957179984
147,2461054.0745486,268.6973709,-2.163117,2,16.449499130249023,0.05729300156235695,61053.574548599776
148,2461053.0862269,268.697396,-2.1630565,2,16.22089958190918,0.09517999738454819,61052.58622690011
149,2461053.0753819,268.6973708,-2.1630341,2,16.2992000579834,0.06157200038433075,61052.575381900184
150,2461052.0848727,268.6973448,-2.1629889,2,16.150400161743164,0.15969699621200562,61051.58487269981
151,2460976.5984144,268.6973867,-2.1630717,2,15.649795532226562,0.026133859530091286,60976.09841440013
152,2460974.6292245,268.6973867,-2.1630684,2,15.709099769592285,0.01779000088572502,60974.12922450015
153,2460972.6035532,268.6973832,-2.1630587,1,18.355600357055664,0.09612700343132019,60972.10355320014
154,2460969.6522222,268.6973659,-2.1630628,1,18.33930015563965,0.1092969998717308,60969.15222219983
155,2460967.6508218,268.6974195,-2.163099,1,18.39299964904785,0.10319100320339203,60967.15082179988
156,2460965.6512037,268.697389,-2.1630786,1,18.37299919128418,0.12081599980592728,60965.151203699876
157,2460960.6281944,268.6973788,-2.1630575,2,15.823599815368652,0.02561499923467636,60960.12819440011
158,2460957.6690972,268.6973924,-2.1630816,2,15.884900093078613,0.028000999242067337,60957.169097200036
159,2460955.6872222,268.6974452,-2.1630416,1,18.377199172973633,0.19775499403476715,60955.18722219998
160,2460955.6152199,268.6973884,-2.1630926,2,15.919899940490723,0.026933999732136726,60955.11521989992
161,2460953.6863542,268.697395,-2.1630717,2,15.944100379943848,0.03461100161075592,60953.18635419989
163,2460951.6209954,268.6973848,-2.163062,1,18.53380012512207,0.10017699748277664,60951.12099540001
164,2460949.6615394,268.6973834,-2.1630622,2,16.010000228881836,0.03445800021290779,60949.1615394
165,2460949.6391088,268.6973832,-2.1630826,1,18.61009979248047,0.10673999786376953,60949.13910879986
166,2460944.6641782,268.6973994,-2.1630732,1,18.845699310302734,0.12647700309753418,60944.164178200066
167,2460944.6293171,268.6973969,-2.1630649,2,16.158599853515625,0.03825400024652481,60944.12931710016
168,2460942.6703588,268.6973953,-2.1630999,2,16.246000289916992,0.03436899930238724,60942.17035879986
169,2460942.6653704,268.6973736,-2.1631067,1,18.841299057006836,0.12840700149536133,60942.165370400064
170,2460939.7261921,268.697404,-2.1630327,2,16.362300872802734,0.04336100071668625,60939.22619209997
171,2460939.7033565,268.6973819,-2.1630803,1,18.973100662231445,0.12205599993467331,60939.203356499784
173,2460935.6382176,268.6973665,-2.1630992,1,19.28890037536621,0.13293999433517456,60935.13821760006
175,2460933.6419676,268.6973498,-2.1630259,1,19.412500381469727,0.1481200009584427,60933.14196760021
176,2460931.641169,268.6973886,-2.1630593,2,16.92449951171875,0.06831999868154526,60931.14116899995
178,2460929.7136574,268.6973992,-2.1630014,2,17.144699096679688,0.11192300170660019,60929.213657400105
185,2460921.6888426,268.6973988,-2.1630463,1,19.46470069885254,0.21490199863910675,60921.18884260021
188,2460919.6544213,268.6974276,-2.1630791,1,19.109600067138672,0.16098099946975708,60919.15442130016
189,2460917.6911227,268.6973671,-2.1630478,2,17.284799575805664,0.16923700273036957,60917.191122699995
190,2460917.6803935,268.697347,-2.1630946,1,18.89240074157715,0.1243090033531189,60917.18039349979
192,2460915.6804167,268.6973939,-2.1630658,1,18.527099609375,0.11073599755764008,60915.180416699965
193,2460912.658831,268.6974519,-2.1631122,1,17.39304542541504,0.20556026697158813,60912.15883099986
196,2460910.6702662,268.6973845,-2.1631002,2,16.326400756835938,0.10156399756669998,60910.17026619986
197,2460908.7101736,268.6973567,-2.1630941,2,16.134199142456055,0.08412700146436691,60908.21017359989
198,2460908.6697917,268.6973922,-2.1630637,1,17.88680076599121,0.08229099959135056,60908.16979169985
199,2460904.8268519,268.6973349,-2.1630676,1,17.737199783325195,0.07657799869775772,60904.3268519002
200,2460904.7342824,268.6973732,-2.1631016,2,15.913900375366211,0.058896999806165695,60904.23428239999
201,2460902.7484491,268.6973702,-2.1630841,1,17.68269920349121,0.05410100147128105,60902.24844910018
202,2460902.6901852,268.6973774,-2.1630783,2,15.783599853515625,0.061441000550985336,60902.19018519996
203,2460900.8473958,268.6973155,-2.1631162,2,15.780900001525879,0.04394799843430519,60900.347395800054
204,2460900.8036921,268.697363,-2.1630707,1,17.47410011291504,0.060162000358104706,60900.303692100104
205,2460886.754294,268.6973861,-2.1631179,1,17.04210090637207,0.04184500128030777,60886.2542940001
206,2460886.7151273,268.6973809,-2.1631298,2,15.34589958190918,0.06502199918031693,60886.215127300005
207,2460884.7676157,268.6973708,-2.1630866,2,15.31719970703125,0.048861000686883926,60884.26761570014
208,2460884.716713,268.6973818,-2.1630687,1,16.95159912109375,0.060026999562978745,60884.21671300009
209,2460884.716713,268.6973818,-2.1630687,1,16.95159912109375,0.060026999562978745,60884.21671300009
210,2460882.7673148,268.6973736,-2.163105,2,15.298600196838379,0.04617699980735779,60882.26731480006
211,2460882.6921528,268.6973838,-2.1630639,1,17.008699417114258,0.05458100140094757,60882.19215280004
212,2460880.769456,268.6973772,-2.1630904,2,15.297499656677246,0.0487929992377758,60880.26945600007
213,2460880.7116898,268.6973809,-2.1630734,1,16.963300704956055,0.043731000274419785,60880.211689800024
214,2460878.7537963,268.6973775,-2.1630768,2,15.254899978637695,0.061597999185323715,60878.25379629992
215,2460878.7193171,268.6973851,-2.1630768,1,16.949800491333008,0.042548999190330505,60878.21931710001
216,2460876.7546528,268.6973812,-2.163091,2,15.286199569702148,0.04493900015950203,60876.25465280004
217,2460876.7204745,268.6973821,-2.1630625,1,17.029300689697266,0.04535999894142151,60876.22047450021
218,2460873.7773495,268.6973972,-2.1630946,2,15.28279972076416,0.05127499997615814,60873.277349499986
219,2460873.731956,268.6973671,-2.1630798,1,16.976499557495117,0.0526139996945858,60873.231955999974
220,2460871.7785301,268.6973804,-2.1630759,2,15.318499565124512,0.07189500331878662,60871.278530099895
221,2460871.7335995,268.6973892,-2.1630659,1,16.953800201416016,0.06063700094819069,60871.2335994998
222,2460869.8035417,268.6973794,-2.1630877,2,15.428500175476074,0.04847399890422821,60869.30354169989
223,2460869.7247917,268.6973759,-2.1630703,1,17.050399780273438,0.042688000947237015,60869.22479170002
224,2460867.7626389,268.6973856,-2.1630695,2,15.51200008392334,0.04523399844765663,60867.26263889996
225,2460867.7192361,268.697377,-2.1630671,1,17.10300064086914,0.05860599875450134,60867.21923610009
226,2460865.7851852,268.6973796,-2.1630711,2,15.58810043334961,0.05210300162434578,60865.28518520016
227,2460865.7517361,268.6973976,-2.1630534,1,17.139999389648438,0.055661000311374664,60865.25173609983
228,2460863.856794,268.697356,-2.1630497,1,17.220699310302734,0.05343500152230263,60863.35679400014
229,2460863.7965046,268.6973832,-2.1630882,2,15.625900268554688,0.053199999034404755,60863.29650459997
230,2460861.8171875,268.6973804,-2.1630825,2,15.734100341796875,0.057284001260995865,60861.317187500186
231,2460861.7973611,268.6973739,-2.163069,1,17.325899124145508,0.05794199928641319,60861.29736110009
232,2460859.8364699,268.6973728,-2.1630606,1,17.413000106811523,0.06206599995493889,60859.33646989986
233,2460859.7953009,268.6973723,-2.1630994,2,15.78380012512207,0.0699630007147789,60859.295300900005
234,2460857.8362731,268.6973719,-2.1630996,2,15.92660903930664,0.07603786140680313,60857.33627310023
236,2460857.8107639,268.697382,-2.1630626,1,17.474899291992188,0.06571599841117859,60857.31076390017
238,2460855.8160185,268.697412,-2.1631078,2,15.935700416564941,0.06091399863362312,60855.3160184999
239,2460855.802963,268.6973896,-2.1630694,1,17.48110008239746,0.05485500022768974,60855.30296299979
240,2460853.839537,268.6973699,-2.1630771,2,16.118000030517578,0.06606300175189972,60853.33953699982
241,2460853.8127778,268.6974004,-2.1630467,1,17.526500701904297,0.057801999151706696,60853.31277780002
242,2460851.8356019,268.69736,-2.1631126,2,16.18670082092285,0.07782799750566483,60851.33560189977
243,2460851.8125116,268.6973769,-2.1631266,2,16.20549964904785,0.06388100236654282,60851.31251160009
244,2460849.8168171,268.6973728,-2.1630709,1,17.635000228881836,0.06909599900245667,60849.31681710016
245,2460849.7936111,268.6974138,-2.1631078,2,16.277299880981445,0.09200800210237503,60849.29361109994
246,2460847.7955556,268.6973921,-2.1631,2,16.45427894592285,0.05769871175289154,60847.295555599965
248,2460847.7331597,268.6974087,-2.1630605,1,17.631200790405273,0.0739779993891716,60847.23315969994
250,2460845.7677894,268.6974185,-2.1630469,1,17.834400177001953,0.05857599899172783,60845.26778940018
251,2460843.7938889,268.6973961,-2.1630799,1,17.967199325561523,0.061027999967336655,60843.29388889996
252,2460843.7540394,268.6974129,-2.1630655,2,16.811899185180664,0.11824599653482437,60843.25403939979
254,2460840.763125,268.6974037,-2.16309,1,18.22909927368164,0.09201899915933609,60840.263125000056
255,2460838.9311111,268.6973733,-2.1631351,1,18.451900482177734,0.16281600296497345,60838.43111110013
258,2460836.7727199,268.6973867,-2.1629874,1,18.74799919128418,0.21110700070858002,60836.272719900124
259,2460834.8362269,268.6972135,-2.1630737,2,17.644899368286133,0.12554000318050385,60834.33622690011
260,2460832.8794213,268.6974488,-2.1631282,1,19.58300018310547,0.2028380036354065,60832.37942129979
262,2460824.9420023,268.6973765,-2.1630657,2,16.189899444580078,0.04668299853801727,60824.44200230017
263,2460824.9420023,268.6973765,-2.1630657,2,16.189899444580078,0.04668299853801727,60824.44200230017
264,2460824.8762847,268.6973803,-2.1630657,1,19.133800506591797,0.10459200292825699,60824.37628469989
265,2460822.9370255,268.6973735,-2.163078,1,18.854900360107422,0.09467200189828873,60822.437025499996
266,2460822.8672222,268.6973758,-2.1630664,2,16.118000030517578,0.05990299955010414,60822.36722220015
267,2460820.9016319,268.6973762,-2.163069,2,16.006999969482422,0.035652000457048416,60820.40163190011
268,2460820.8578125,268.6973625,-2.1630584,1,18.76099967956543,0.08764699846506119,60820.35781250009
269,2460818.9122454,268.6973699,-2.1630583,2,15.911600112915039,0.03154100105166435,60818.412245399784
270,2460818.8560532,268.6973795,-2.163071,1,18.58609962463379,0.06429100036621094,60818.356053200085
271,2460816.8830787,268.6973758,-2.1630742,2,15.82759952545166,0.03765600174665451,60816.38307869993
272,2460816.8588542,268.6973705,-2.1630573,1,18.539899826049805,0.08813299983739853,60816.358854200225
273,2460810.952037,268.6974042,-2.1630734,1,18.26020050048828,0.11368100345134735,60810.4520370001
274,2460810.9243056,268.6973716,-2.1630697,2,15.656900405883789,0.026731999590992928,60810.424305600114
277,2460804.9595833,268.6973769,-2.1630735,1,18.30620002746582,0.0758500024676323,60804.459583300166
278,2460804.898044,268.6973794,-2.1630768,2,15.590800285339355,0.021263999864459038,60804.398043999914
279,2460802.9422801,268.6973857,-2.1630724,1,18.275800704956055,0.06809499859809875,60802.44228010019
280,2460797.9197106,268.6973717,-2.163065,2,15.562999725341797,0.025875000283122063,60797.41971059982
281,2460795.8814236,268.6973733,-2.163067,2,15.565799713134766,0.02291399985551834,60795.38142360002
282,2460795.8362731,268.6973716,-2.1630804,1,18.199600219726562,0.08902999758720398,60795.33627310023
283,2460789.9589352,268.6973817,-2.1630655,1,18.28059959411621,0.08585800230503082,60789.45893519977
284,2460789.9202199,268.6973723,-2.1630766,2,15.544500350952148,0.02228499948978424,60789.42021990009
285,2460787.9780208,268.6973717,-2.163065,2,15.52750015258789,0.028353000059723854,60787.47802079981
286,2460787.9500579,268.6973744,-2.1630753,1,18.215999603271484,0.06733399629592896,60787.450057900045
287,2460785.9212963,268.6973771,-2.1630706,2,15.511799812316895,0.02641499973833561,60785.4212962999
288,2460776.9848032,268.6973757,-2.1630395,1,18.215900421142578,0.07333900034427643,60776.48480319977
289,2460776.9403009,268.6973781,-2.1630728,2,15.499799728393555,0.023643000051379204,60776.44030090002
290,2460774.9979398,268.6973686,-2.1630625,2,15.486800193786621,0.026294000446796417,60774.49793979991
291,2460774.9787384,268.6973709,-2.1630477,1,18.239999771118164,0.06822700053453445,60774.478738400154
293,2460772.9620486,268.6973894,-2.163056,1,18.217199325561523,0.07739199697971344,60772.46204859996
294,2460765.0061227,268.6973722,-2.1630853,1,18.196399688720703,0.06866499781608582,60764.50612269994
295,2460764.9648727,268.697377,-2.1630727,2,15.496100425720215,0.024759000167250633,60764.46487270016
297,2460759.0015625,268.6973763,-2.163073,2,15.48840045928955,0.023567000404000282,60758.50156249991
298,2460758.961331,268.6973882,-2.163078,1,18.216100692749023,0.06901899725198746,60758.461331000086
299,2460756.9957292,268.6973715,-2.1630716,1,18.1825008392334,0.07724899798631668,60756.495729200076
300,2460754.9814931,268.6973716,-2.1630593,2,15.472700119018555,0.04367800056934357,60754.48149310006
301,2460744.9960995,268.6973911,-2.163068,1,18.212099075317383,0.08375699818134308,60744.496099499986
302,2460744.9561343,268.6973794,-2.1630796,2,15.463800430297852,0.02006799913942814,60744.45613430021
303,2460740.0239005,268.6973716,-2.1630709,1,18.2012996673584,0.09355500340461731,60739.52390050003
305,2460733.0142824,268.6973812,-2.1630712,2,15.493399620056152,0.023510999977588654,60732.51428239979
306,2460732.992338,268.6974126,-2.1630726,1,18.228300094604492,0.08293099701404572,60732.492337999865
307,2460731.032338,268.6973723,-2.1630652,2,15.487099647521973,0.02528100088238716,60730.5323379999
308,2460731.0110532,268.6973728,-2.1630608,1,18.2189998626709,0.08642300218343735,60730.51105319988
309,2460729.0106481,268.6973734,-2.1630645,2,15.488100051879883,0.0257750004529953,60728.51064810017
310,2460726.0425463,268.6973728,-2.163067,1,18.29669952392578,0.087288998067379,60725.54254630022
311,2460726.0115046,268.6973768,-2.1630631,2,15.50510025024414,0.025033999234437943,60725.511504599825
313,2460722.0637616,268.6973271,-2.1630803,1,18.33180046081543,0.2217720001935959,60721.56376159983
314,2460722.005706,268.6973846,-2.1630932,2,15.492400169372559,0.02731500007212162,60721.50570600014
315,2460706.0650116,268.6973766,-2.1630763,2,15.515700340270996,0.019044000655412674,60705.56501160003
316,2460706.0605324,268.6973725,-2.1630777,2,15.507800102233887,0.01913199946284294,60705.56053239992
317,2460706.0571875,268.697377,-2.16308,2,15.519000053405762,0.01847900077700615,60705.557187499944
318,2460700.0699537,268.6973768,-2.1630683,2,15.50570011138916,0.030362000688910484,60699.56995370006
321,2460698.0703009,268.6973851,-2.1631377,2,15.612600326538086,0.07451900094747543,60697.57030089991
322,2460696.0744444,268.6973604,-2.1631441,2,15.558799743652344,0.028780000284314156,60695.57444440015
323,2460696.0739699,268.697372,-2.1631181,2,15.547599792480469,0.029286999255418777,60695.57396990014
325,2460695.0721065,268.6973623,-2.1630763,2,16.390899658203125,0.029920000582933426,60694.572106500156
326,2460695.0721065,268.6973623,-2.1630763,2,16.390899658203125,0.029920000582933426,60694.572106500156
327,2460695.0617593,268.6973622,-2.1630756,2,16.436500549316406,0.034612998366355896,60694.561759300064
328,2460694.0681713,268.6973714,-2.1630684,2,16.41900062561035,0.03886700049042702,60693.568171299994
329,2460694.0652431,268.6973733,-2.1630732,2,16.420799255371094,0.03022499941289425,60693.565243099816
330,2460694.0623148,268.6973766,-2.163072,2,16.4325008392334,0.03246299922466278,60693.56231479999
331,2460693.0748727,268.6973649,-2.1630709,2,16.427400588989258,0.03444400057196617,60692.57487270003
332,2460693.0743981,268.6973683,-2.163066,2,16.434499740600586,0.028624000027775764,60692.57439809991
333,2460693.0725,268.6973657,-2.1630733,2,16.44179916381836,0.028020000085234642,60692.57249999978
334,2460692.076088,268.697374,-2.1630638,2,15.524100303649902,0.030067000538110733,60691.57608800009
335,2460692.075625,268.6973767,-2.1630666,2,15.530500411987305,0.01861800067126751,60691.575625000056
336,2460692.0751505,268.6973778,-2.1630614,2,15.523500442504883,0.020455999299883842,60691.57515050005
337,2460691.0782986,268.6974016,-2.1630726,2,15.609199523925781,0.040762998163700104,60690.578298599925
338,2460691.0778241,268.697385,-2.1630941,2,15.575699806213379,0.028562000021338463,60690.57782409992
340,2460689.0746644,268.6973709,-2.1631231,2,16.545400619506836,0.07206899672746658,60688.57466439996
341,2460689.0741898,268.6973536,-2.1630703,2,16.401599884033203,0.05055199936032295,60688.57418979984
342,2460689.0737269,268.6973417,-2.1631082,2,16.46310043334961,0.06742600351572037,60688.57372689992
343,2460688.0781944,268.6973854,-2.1630372,2,16.626399993896484,0.09975600242614746,60687.57819439983
345,2460609.6339815,268.6974085,-2.1630426,2,16.49492835998535,0.04227534681558609,60609.13398149982
346,2460609.6220833,268.6974082,-2.163064,1,19.148099899291992,0.1672080010175705,60609.12208329979
347,2460607.6113657,268.6973592,-2.163006,1,19.23940086364746,0.15749900043010712,60607.11136570014
348,2460603.6522222,268.6973993,-2.1630711,2,16.684099197387695,0.04811200127005577,60603.15222219983
349,2460603.6316088,268.6974277,-2.162971,1,19.31170082092285,0.2220589965581894,60603.13160880003
351,2460597.6495949,268.6974061,-2.1629956,1,19.75320053100586,0.26143699884414673,60597.1495949002
353,2460595.6740509,268.6976026,-2.1630668,2,16.93720054626465,0.06915599852800369,60595.174050900154
355,2460594.6148611,268.6973962,-2.1630383,2,17.077199935913086,0.09531199932098389,60594.11486109998
357,2460569.6504861,268.6974,-2.1630779,1,19.014999389648438,0.1707189977169037,60569.1504861
358,2460567.7318519,268.6973395,-2.1630877,1,18.94700050354004,0.21725499629974365,60567.2318519
359,2460567.7000579,268.6972926,-2.1630509,2,17.77720069885254,0.18953099846839905,60567.200057900045
361,2460565.728287,268.6974042,-2.1629972,1,18.80929946899414,0.11991800367832184,60565.22828700021
362,2460563.7703704,268.6974206,-2.1630091,1,18.25079917907715,0.2806529998779297,60563.270370400045
364,2460559.6744907,268.6973622,-2.1630675,1,18.555999755859375,0.0815889984369278,60559.17449070001
365,2460557.7141782,268.6973404,-2.163074,2,17.3617000579834,0.20261800289154053,60557.21417819988
366,2460557.7060069,268.6973768,-2.1630573,1,18.44420051574707,0.10480800271034241,60557.20600689994
367,2460555.7183102,268.6973851,-2.1630508,1,18.383100509643555,0.08885800093412399,60555.21831020014
368,2460555.6705787,268.6973385,-2.1630648,2,17.259199142456055,0.10922899842262268,60555.170578700025
369,2460553.7364699,268.6973235,-2.1630867,2,17.221200942993164,0.11903200298547745,60553.23646989977
370,2460551.7147569,268.6974112,-2.1630384,2,17.1028995513916,0.1656610071659088,60551.21475689998
371,2460549.6707407,268.6973896,-2.163088,1,18.37849998474121,0.07654400169849396,60549.17074069986
372,2460547.7115856,268.6973981,-2.163044,2,17.088300704956055,0.1770790070295334,60547.21158559993
373,2460545.7351273,268.6974005,-2.163022,2,17.15489959716797,0.1289909929037094,60545.235127300024
374,2460543.6908449,268.6974121,-2.1630731,2,17.142541885375977,0.10003618896007538,60543.190844899975
375,2460543.6908449,268.6974121,-2.1630731,2,17.142499923706055,0.10003600269556046,60543.190844899975
376,2460539.8251852,268.6973223,-2.1631602,2,17.242300033569336,0.09685499966144562,60539.3251852002
377,2460537.7676852,268.6973617,-2.1630808,2,17.256200790405273,0.15294000506401062,60537.26768520009
378,2460537.6914699,268.6974057,-2.1630753,1,18.325700759887695,0.10132600367069244,60537.191469899844
379,2460535.7484144,268.6973529,-2.1631227,2,17.510299682617188,0.08201099932193756,60535.248414400034
380,2460535.6915394,268.6973776,-2.1630669,1,18.32069969177246,0.08659099787473679,60535.19153939979
382,2460531.6701157,268.6973756,-2.1630656,1,18.448299407958984,0.11312499642372131,60531.17011569999
383,2460529.8057986,268.6974069,-2.1630367,1,18.647300720214844,0.09194400161504745,60529.30579859996
386,2460527.7122685,268.6974088,-2.1630608,1,18.47319984436035,0.09313999861478806,60527.21226850012
388,2460525.711412,268.697409,-2.1630655,1,18.69580078125,0.09338200092315674,60525.211412000004
389,2460520.7976157,268.697394,-2.1630726,1,18.62809944152832,0.09776700288057327,60520.297615699936
392,2460518.7575116,268.6973929,-2.1630313,1,18.83810043334961,0.09802000224590302,60518.25751159992
393,2460516.7957986,268.6973237,-2.1630346,1,18.93600082397461,0.14301800727844238,60516.295798600186
394,2460514.8810069,268.6973582,-2.1630525,1,18.830900192260742,0.22759699821472168,60514.38100690022
397,2460511.828831,268.697401,-2.1631094,2,17.59600067138672,0.12109100073575974,60511.32883099979
398,2460511.828831,268.6973745,-2.1630657,2,17.46929931640625,0.10304199904203415,60511.32883099979
399,2460509.771956,268.6973315,-2.1631593,2,17.628400802612305,0.1158749982714653,60509.27195600001
400,2460507.8312731,268.6973886,-2.1630851,1,19.532400131225586,0.18012499809265137,60507.33127309987
401,2460507.7896759,268.6974831,-2.1630767,2,17.18470001220703,0.03333299979567528,60507.28967589978
402,2460507.7896759,268.6974121,-2.1630701,2,17.24410057067871,0.1584099978208542,60507.28967589978
404,2460504.7751968,268.69736,-2.1630613,2,16.941099166870117,0.14915800094604492,60504.27519680001
405,2460502.8381481,268.6973949,-2.163057,2,16.62849998474121,0.042938001453876495,60502.338148099836
406,2460500.8326968,268.6973438,-2.1630518,1,19.508499145507812,0.1632850021123886,60500.33269680012
407,2460494.7937153,268.6973659,-2.1630738,1,18.527799606323242,0.10861600190401077,60494.29371530004
408,2460489.873044,268.6973828,-2.1630649,2,15.65149974822998,0.02439800091087818,60489.37304400001
409,2460489.752581,268.6973774,-2.1630705,1,18.28339958190918,0.08034200221300125,60489.25258099986
411,2460484.8811458,268.6973856,-2.1630314,1,18.246999740600586,0.09652099758386612,60484.3811458
412,2460484.8376736,268.6973695,-2.1630586,2,15.530900001525879,0.030136000365018845,60484.33767359983
413,2460482.9004051,268.6973802,-2.1630777,1,18.180200576782227,0.09048900008201599,60482.40040510008
414,2460482.8448495,268.6973758,-2.1630528,2,15.517600059509277,0.028341999277472496,60482.344849499874
415,2460480.8490741,268.6973743,-2.1630668,2,15.506400108337402,0.028547000139951706,60480.349074100144
417,2460477.8160995,268.6973786,-2.1630797,2,15.496700286865234,0.021307000890374184,60477.31609949982
418,2460477.7743056,268.6973813,-2.163067,1,18.165000915527344,0.07944399863481522,60477.27430560021
419,2460475.873912,268.6973848,-2.1630613,1,18.257200241088867,0.06967099756002426,60475.3739120001
420,2460475.8147917,268.6973764,-2.1630817,2,15.510000228881836,0.01979600079357624,60475.31479169987
421,2460472.8683102,268.6973753,-2.1630612,2,15.488800048828125,0.025225000455975533,60472.36831020005
422,2460470.895544,268.6973891,-2.1630635,1,18.25979995727539,0.08077199757099152,60470.39554399997
423,2460470.8540509,268.6973745,-2.1630721,2,15.493499755859375,0.019507000222802162,60470.354050899856
424,2460468.9007176,268.6973744,-2.1630594,1,18.242700576782227,0.07137499749660492,60468.40071759978
425,2460468.8779977,268.6973763,-2.163068,2,15.485400199890137,0.03061000071465969,60468.377997700125
426,2460463.8792593,268.697374,-2.1630625,2,15.48490047454834,0.023310000076889992,60463.37925929995
427,2460463.8502315,268.697376,-2.1630758,1,18.23270034790039,0.07274799793958664,60463.35023149988
428,2460461.9225463,268.6973834,-2.163049,1,18.18181610107422,0.07529081404209137,60461.422546300106
429,2460461.9225463,268.6973834,-2.163049,1,18.181800842285156,0.07529100030660629,60461.422546300106
430,2460461.8997338,268.6973775,-2.1630637,2,15.474699974060059,0.0403750017285347,60461.399733799975
431,2460459.9207639,268.6973713,-2.1630495,1,18.178499221801758,0.08871199935674667,60459.42076390004
432,2460459.882338,268.6973759,-2.1630599,2,15.474599838256836,0.030124999582767487,60459.382337999996
433,2460456.9123264,268.6973873,-2.1630548,1,18.28849983215332,0.11370299756526947,60456.41232640017
434,2460456.8572106,268.6973689,-2.1630655,2,15.453200340270996,0.02383200079202652,60456.35721059982
435,2460450.9384722,268.6973775,-2.1630765,1,18.202999114990234,0.07928299903869629,60450.438472200185
436,2460448.9196528,268.6973633,-2.1630751,1,18.196199417114258,0.08391500264406204,60448.419652800076
437,2460446.9424769,268.6973757,-2.1630776,2,15.47659969329834,0.02342900075018406,60446.44247689983
438,2460446.8999537,268.6973838,-2.163066,1,18.18549919128418,0.0525749996304512,60446.39995370014
439,2460444.940463,268.6973798,-2.163053,1,18.209699630737305,0.06518600136041641,60444.44046299998
440,2460444.8998611,268.6973753,-2.1630679,2,15.46660041809082,0.022499000653624535,60444.39986110013
441,2460442.9404051,268.6973807,-2.1630675,1,18.21139907836914,0.07868599891662598,60442.44040510012
443,2460442.9200579,268.6973741,-2.1630662,2,15.466899871826172,0.027504000812768936,60442.420057899784
445,2460440.9394444,268.6973918,-2.1630663,1,18.170299530029297,0.0558370016515255,60440.439444399904
446,2460440.8996181,268.6973744,-2.1630704,2,15.482399940490723,0.026528000831604004,60440.39961809991
447,2460438.9527199,268.6973783,-2.1630573,1,18.226900100708008,0.07375200092792511,60438.452719899826
448,2460437.9403472,268.6973792,-2.1630606,1,18.197399139404297,0.07086600363254547,60437.440347199794
449,2460437.8946759,268.697376,-2.1630658,2,15.47819995880127,0.0220940001308918,60437.39467590023
450,2460436.9760185,268.697378,-2.163066,2,15.470499992370605,0.024677999317646027,60436.47601850005
451,2460436.9193287,268.6973735,-2.1630795,1,18.218000411987305,0.07550200074911118,60436.41932869982
452,2460434.9612616,268.6973714,-2.1630676,2,15.468400001525879,0.028571000322699547,60434.46126159979
453,2460434.9213426,268.6973881,-2.1630618,1,18.23940086364746,0.07593300193548203,60434.42134260014
454,2460432.9639005,268.6973735,-2.1630595,2,15.458200454711914,0.03347200155258179,60432.46390049998
455,2460432.9389931,268.6973913,-2.1630616,1,18.22960090637207,0.07081799954175949,60432.43899310008
456,2460429.9651736,268.6973853,-2.1630355,1,18.22170066833496,0.08581200242042542,60429.465173599776
457,2460429.8909838,268.6973734,-2.1630638,2,15.44890022277832,0.030379999428987503,60429.39098379994
458,2460423.939375,268.6973734,-2.1630701,2,15.460000038146973,0.021922999992966652,60423.439375000075
459,2460423.8820255,268.6973596,-2.163057,1,18.1924991607666,0.10489899665117264,60423.38202549983
460,2460421.961956,268.6973757,-2.1630543,1,18.15519905090332,0.09037800133228302,60421.461955999956
461,2460421.9192245,268.6973757,-2.1630689,2,15.46500015258789,0.030553000047802925,60421.41922450019
462,2460418.9367824,268.6973556,-2.1630776,1,18.065900802612305,0.1563819944858551,60418.436782400124
463,2460418.8738542,268.6973757,-2.1630768,2,15.456700325012207,0.022506000474095345,60418.37385419989
464,2460414.9805556,268.6973872,-2.1630591,1,18.230499267578125,0.0905120000243187,60414.48055560002
465,2460414.9480208,268.6973794,-2.1630796,2,15.466300010681152,0.022012000903487206,60414.44802080002
466,2460408.9434491,268.6973747,-2.1630651,2,15.460000038146973,0.031215999275445938,60408.443449100014
467,2460404.9783449,268.6973751,-2.1630687,2,15.461999893188477,0.02476700022816658,60404.47834490007
468,2460404.9244792,268.6973905,-2.1630773,1,18.166500091552734,0.06601899862289429,60404.42447920004
469,2460398.9878935,268.6973811,-2.1630844,1,18.291900634765625,0.11619400233030319,60398.4878934999
470,2460398.9462153,268.6973743,-2.1630775,2,15.470199584960938,0.017609000205993652,60398.44621529989
471,2460392.9971181,268.6974198,-2.163083,1,18.23780059814453,0.18479999899864197,60392.49711810006
472,2460389.9446412,268.6973644,-2.1630636,1,18.17009925842285,0.09233500063419342,60389.444641199894
473,2460388.020544,268.6973767,-2.1630692,2,15.48169994354248,0.018720999360084534,60387.52054399997
474,2460368.9856134,268.6973853,-2.1630942,1,18.211700439453125,0.1261720061302185,60368.48561340012
475,2460363.9961343,268.6974055,-2.163078,2,15.475199699401855,0.07150299847126007,60363.496134299785
476,2460356.0256134,268.6973976,-2.1630689,1,18.178600311279297,0.08044499903917313,60355.525613400154
477,2460249.6132523,268.6973696,-2.1630954,1,19.288780212402344,0.20577487349510193,60249.11325229984
480,2460239.6509491,268.6973714,-2.1630238,1,19.521900177001953,0.270999014377594,60239.15094910003
485,2460233.6284838,268.6973682,-2.1631558,2,17.1476993560791,0.059321001172065735,60233.12848380022
488,2460228.6494329,268.6974162,-2.1630529,2,17.072399139404297,0.05419500172138214,60228.149432899896
489,2460223.6724653,268.6974324,-2.1631664,2,16.993499755859375,0.03484499827027321,60223.17246530019
490,2460223.6445255,268.6973965,-2.1630987,1,20.117599487304688,0.32585498690605164,60223.144525500014
491,2460221.6497454,268.6974029,-2.1630609,1,20.163700103759766,0.3290959894657135,60221.149745400064
492,2460221.6444329,268.6973712,-2.1630504,2,16.944299697875977,0.058107998222112656,60221.14443290001
494,2460216.6366088,268.6973981,-2.1630587,2,16.80139923095703,0.04258299991488457,60216.13660879992
495,2460214.6714699,268.6973592,-2.1630987,2,16.817100524902344,0.0641150027513504,60214.171469899826
497,2460212.6922569,268.6974148,-2.1630519,1,19.746400833129883,0.27005499601364136,60212.192256900016
499,2460209.7070833,268.6974551,-2.1630548,2,16.625900268554688,0.11179699748754501,60209.20708330022
502,2460206.6394676,268.6973631,-2.1630427,1,19.501399993896484,0.17310300469398499,60206.1394675998
503,2460204.641956,268.6973802,-2.1630488,1,19.41710090637207,0.13583999872207642,60204.14195600012
504,2460202.6742361,268.697416,-2.1630616,1,19.253599166870117,0.13874800503253937,60202.17423610017
505,2460202.6655671,268.6973862,-2.1630633,2,16.530799865722656,0.059188999235630035,60202.16556710005
506,2460200.7119792,268.6973637,-2.1630363,1,19.12579917907715,0.10643299669027328,60200.21197920013
507,2460198.6901852,268.6973884,-2.1630451,1,18.90130043029785,0.13519099354743958,60198.19018519996
508,2460198.6691204,268.697377,-2.163063,2,16.297800064086914,0.0562409982085228,60198.16912040021
509,2460195.7291782,268.6973847,-2.163067,2,16.16510009765625,0.033608999103307724,60195.22917820001
510,2460195.6516667,268.6973763,-2.1630497,1,18.82509994506836,0.1152380034327507,60195.15166669991
511,2460193.7880324,268.6974161,-2.1630518,2,16.131000518798828,0.04293999820947647,60193.288032399956
512,2460188.6567014,268.6973659,-2.1630949,1,18.54360008239746,0.09696400165557861,60188.156701399945
513,2460186.7588657,268.6973826,-2.1630674,2,15.876299858093262,0.02741999924182892,60186.2588657001
514,2460186.7023495,268.6973701,-2.1630797,1,18.465599060058594,0.09306000173091888,60186.2023494998
515,2460184.7220486,268.6974063,-2.1630374,1,18.51460075378418,0.116007000207901,60184.222048600204
516,2460184.6724769,268.6973813,-2.1630661,2,15.855400085449219,0.027837000787258148,60184.17247689981
517,2460182.7736111,268.6973851,-2.163071,2,15.79539966583252,0.023314999416470528,60182.273611099925
518,2460182.747963,268.69741,-2.1630342,1,18.376800537109375,0.084197998046875,60182.24796300009
520,2460173.7344676,268.6973703,-2.1630697,2,15.60159969329834,0.026621000841259956,60173.23446760001
521,2460173.7287616,268.6973732,-2.1630561,1,18.273799896240234,0.07634799927473068,60173.228761599865
522,2460170.7818056,268.6973756,-2.1630716,2,15.559700012207031,0.030487999320030212,60170.28180560004
523,2460170.7328356,268.6973755,-2.163056,1,18.253799438476562,0.08904799818992615,60170.23283560015
524,2460166.6749537,268.6973722,-2.1630653,1,18.152799606323242,0.1130400002002716,60166.17495370004
525,2460163.8090741,268.6973613,-2.1630897,1,18.212099075317383,0.08345499634742737,60163.30907410011
526,2460163.75375,268.6973707,-2.1630608,2,15.494600296020508,0.025248000398278236,60163.25375000015
527,2460161.8390741,268.6973742,-2.1630629,2,15.464699745178223,0.03185800090432167,60161.3390740999
528,2460161.7913426,268.6973859,-2.1630584,1,18.2012996673584,0.07954899966716766,60161.29134259978
529,2460159.8543519,268.6973822,-2.1630703,2,15.472399711608887,0.023274999111890793,60159.35435190005
530,2460159.7731134,268.6973745,-2.1630577,1,18.282100677490234,0.12433400005102158,60159.27311340021
531,2460155.7951389,268.6973727,-2.1630523,2,15.478699684143066,0.029472999274730682,60155.29513890017
532,2460153.8078472,268.697364,-2.1630567,1,18.196399688720703,0.07863999903202057,60153.30784719996
533,2460151.6951968,268.6973727,-2.1630589,2,15.457799911499023,0.027010999619960785,60151.195196799934
534,2460149.7931481,268.6973762,-2.1630497,1,18.18470001220703,0.06267800182104111,60149.29314809991
535,2460147.8376736,268.6973819,-2.1630627,1,18.184600830078125,0.09348700195550919,60147.33767359983
536,2460147.7529977,268.6973748,-2.1630666,2,15.47599983215332,0.02562200091779232,60147.252997700125
537,2460145.8169792,268.6973691,-2.1630477,1,18.1919002532959,0.09994900226593018,60145.31697920011
538,2460145.7735069,268.6973712,-2.1630644,2,15.466899871826172,0.03575100004673004,60145.27350689983
539,2460143.8912153,268.6973736,-2.1630587,2,15.452300071716309,0.0285279992967844,60143.39121530019
540,2460143.7534606,268.6973858,-2.1630569,1,18.189800262451172,0.07227800041437149,60143.25346060004
541,2460140.8232986,268.6973815,-2.1630575,1,18.16860008239746,0.07753700017929077,60140.32329860004
542,2460138.8576968,268.6973736,-2.1630716,2,15.459699630737305,0.023883000016212463,60138.35769680003
543,2460138.7316435,268.6973766,-2.1630568,1,18.164199829101562,0.0778070017695427,60138.23164349981
544,2460136.8120718,268.6973703,-2.1630664,2,15.467900276184082,0.020994000136852264,60136.31207180023
545,2460134.8593981,268.6973805,-2.163054,1,18.185100555419922,0.07085700333118439,60134.35939810006
547,2460128.8549537,268.6973748,-2.1630637,2,15.448800086975098,0.028912000358104706,60128.35495370021
548,2460126.828287,268.6973787,-2.1630645,2,15.459500312805176,0.022230999544262886,60126.32828699984
549,2460124.9363889,268.697381,-2.163071,2,15.467900276184082,0.023465000092983246,60124.43638890004
550,2460124.9006597,268.6973873,-2.1630632,1,18.18950080871582,0.07361599802970886,60124.400659699924
551,2460122.8246875,268.6973924,-2.1630867,1,18.210399627685547,0.0832739993929863,60122.32468750002
552,2460122.7734838,268.6973752,-2.163073,2,15.461299896240234,0.024447999894618988,60122.27348379977
553,2460120.9136111,268.6973735,-2.1630684,1,18.200000762939453,0.06082800030708313,60120.413611100055
554,2460120.8599074,268.6973785,-2.163072,2,15.470399856567383,0.023946000263094902,60120.35990739986
555,2460118.8780208,268.6973961,-2.1630927,1,18.169599533081055,0.1081250011920929,60118.378020800184
556,2460118.8514352,268.6973766,-2.1630885,2,15.458600044250488,0.020778000354766846,60118.351435199846
557,2460115.8985532,268.6973943,-2.1630752,1,18.21310043334961,0.07072799652814865,60115.398553200066
558,2460115.8246065,268.6973723,-2.1630646,2,15.458100318908691,0.027285000309348106,60115.3246065001
559,2460112.8994213,268.6973704,-2.1630575,1,18.186199188232422,0.08140899986028671,60112.39942129981
560,2460110.8295139,268.6973768,-2.1630625,2,15.43340015411377,0.034933000802993774,60110.32951389998
562,2460103.8585301,268.6973737,-2.1630587,2,15.4443998336792,0.0415400005877018,60103.35853009997
563,2460101.9209954,268.6973635,-2.163115,1,18.081199645996094,0.10508300364017487,60101.42099539982
564,2460101.8687384,268.6973756,-2.1630678,2,15.447699546813965,0.027156999334692955,60101.36873839982
565,2460099.8931134,268.6973771,-2.1630618,2,15.437399864196777,0.017992999404668808,60099.393113399856
566,2460094.9059375,268.6973838,-2.1630643,1,18.224199295043945,0.06474500149488449,60094.40593749983
567,2460091.9209954,268.6973781,-2.163073,1,18.184600830078125,0.054666999727487564,60091.42099539982
568,2460091.8704745,268.6973787,-2.1630629,2,15.469200134277344,0.028328999876976013,60091.370474500116
569,2460089.9166898,268.6973778,-2.1630709,1,18.188899993896484,0.06787999719381332,60089.4166898001
570,2460089.8785069,268.6973734,-2.1630699,2,15.45580005645752,0.028423000127077103,60089.37850689981
571,2460087.9216088,268.6973766,-2.1630546,1,18.204500198364258,0.06600599735975266,60087.42160880007
572,2460087.8909028,268.697371,-2.1630628,2,15.44629955291748,0.03285999968647957,60087.39090280002
573,2460085.9018866,268.6973715,-2.1630614,2,15.457599639892578,0.030314000323414803,60085.40188660007
574,2460085.8725231,268.6973751,-2.1630633,1,18.1968994140625,0.06483100354671478,60085.372523100115
575,2460083.9421412,268.6973728,-2.1630657,2,15.454899787902832,0.03877200186252594,60083.44214119995
576,2460083.9216551,268.6973699,-2.1630603,1,18.175899505615234,0.0664530023932457,60083.42165509984
577,2460081.937963,268.6973752,-2.1630701,2,15.470499992370605,0.023889999836683273,60081.43796300003
578,2460081.9363773,268.6973825,-2.1630569,1,18.21649932861328,0.07165200263261795,60081.43637729995
579,2460078.9341319,268.6973777,-2.1630643,2,15.468999862670898,0.024907000362873077,60078.43413189985
580,2460078.8777431,268.6973842,-2.1630589,1,18.168800354003906,0.06403700262308121,60078.377743099816
581,2460076.9451852,268.6973758,-2.1630707,2,15.470199584960938,0.02990799956023693,60076.445185199846
582,2460076.9098843,268.6973751,-2.1630458,1,18.216400146484375,0.08231599628925323,60076.40988430008
583,2460072.9718866,268.6973757,-2.1630564,2,15.485799789428711,0.02097100019454956,60072.4718865999
584,2460072.9188194,268.6973933,-2.1630431,1,18.251300811767578,0.10034599900245667,60072.418819400016
585,2460064.9633565,268.6973715,-2.1630641,1,18.22100067138672,0.06513199955224991,60064.463356500026
586,2460064.9424421,268.6973714,-2.1630619,2,15.48799991607666,0.03181200101971626,60064.44244210003
587,2460062.9620139,268.6973756,-2.1630643,2,15.4753999710083,0.021500999107956886,60062.462013899814
588,2460062.9421065,268.6973792,-2.1630604,1,18.20560073852539,0.06720300018787384,60062.4421064998
589,2460060.9550579,268.6973785,-2.1630646,2,15.492400169372559,0.027396999299526215,60060.45505789993
590,2460060.9205787,268.6973844,-2.1630649,1,18.167499542236328,0.07501500099897385,60060.420578700025
591,2460058.9625694,268.6973729,-2.1630709,1,18.18630027770996,0.07755599915981293,60058.4625694002
592,2460058.939456,268.6973759,-2.1630632,2,15.481800079345703,0.02322700060904026,60058.43945599999
593,2460056.9624537,268.6973718,-2.1630625,2,15.498200416564941,0.02740499936044216,60056.46245370014
594,2460056.940081,268.6973813,-2.1630543,1,18.221599578857422,0.06779699772596359,60056.44008099986
595,2460054.9413542,268.6973807,-2.16307,1,18.193300247192383,0.07221800088882446,60054.44135419978
596,2460051.980162,268.6973778,-2.1630692,1,18.21649932861328,0.07696899771690369,60051.48016199982
597,2460051.9408218,268.6973722,-2.1630776,2,15.51990032196045,0.02365799993276596,60051.440821799915
598,2460049.9820718,268.6973701,-2.1630659,2,15.504300117492676,0.027365999296307564,60049.48207180016
599,2460049.9521528,268.6973696,-2.1630572,1,18.23189926147461,0.07621300220489502,60049.452152799815
600,2460045.9641898,268.6973852,-2.1630481,1,18.277599334716797,0.07385700196027756,60045.46418979997
601,2460045.942662,268.6973768,-2.1630572,2,15.504899978637695,0.027705999091267586,60045.44266200019
602,2460043.9620023,268.6973752,-2.1630642,2,15.522299766540527,0.03014099970459938,60043.46200230019
603,2460043.9418403,268.6973988,-2.1631141,1,18.186899185180664,0.10412800312042236,60043.44184029987
604,2460032.9841204,268.6973802,-2.1630628,1,17.957500457763672,0.271573007106781,60032.48412040016
605,2460032.9414352,268.6973744,-2.1630774,2,15.563300132751465,0.020128000527620316,60032.44143520016
606,2460021.9975926,268.697376,-2.1630655,2,15.607099533081055,0.024728000164031982,60021.49759260006
607,2459997.0371412,268.697376,-2.163059,1,18.417200088500977,0.07289200276136398,59996.537141200155
608,2459997.0062963,268.6973661,-2.1630661,2,15.79740047454834,0.02421800047159195,59996.50629629986
609,2459980.0593866,268.6973617,-2.1630555,2,16.120800018310547,0.03336099907755852,59979.55938659981
610,2459980.0568634,268.6973602,-2.1630561,2,16.108299255371094,0.03982599824666977,59979.556863400154
611,2459980.0543634,268.6973643,-2.1630607,2,16.112699508666992,0.03621299937367439,59979.55436340021
612,2459980.0518519,268.697358,-2.1630589,2,16.092100143432617,0.038130998611450195,59979.55185189983
613,2459980.0493403,268.6973637,-2.1630575,2,16.122699737548828,0.03882899880409241,59979.549340299796
614,2459979.0561343,268.6973696,-2.1630784,2,16.08060073852539,0.042096998542547226,59978.55613429984
615,2459973.074838,268.6973484,-2.1630565,2,16.33919906616211,0.0355990007519722,59972.574837999884
616,2459973.0724769,268.6973502,-2.1630494,2,16.337299346923828,0.028574999421834946,59972.57247690018
617,2459973.0701042,268.6973454,-2.1630633,2,16.3346004486084,0.0367639996111393,59972.57010419993
618,2459973.0677431,268.6973447,-2.1630519,2,16.34510040283203,0.03835200145840645,59972.567743100226
619,2459973.0653704,268.6973514,-2.1630532,2,16.340099334716797,0.03520800173282623,59972.56537039997
620,2459972.074375,268.6973537,-2.1630266,2,16.393199920654297,0.0363209992647171,59971.57437499985
621,2459972.0719792,268.6973572,-2.1630494,2,16.422000885009766,0.03249400109052658,59971.5719792
622,2459972.0695949,268.6973086,-2.163061,2,16.346900939941406,0.03821299970149994,59971.569594900124
623,2459972.0671991,268.697308,-2.1630209,2,16.455799102783203,0.03630699962377548,59971.56719909981
624,2459970.0760185,268.6973407,-2.1630502,2,16.452800750732422,0.035913001745939255,59969.57601850014
625,2459970.0735532,268.6973748,-2.1630304,2,16.485700607299805,0.048587001860141754,59969.57355319988
626,2459970.0710995,268.6973441,-2.1630537,2,16.478599548339844,0.036063000559806824,59969.57109950017
627,2459970.0686343,268.6973448,-2.1630715,2,16.449899673461914,0.05289899930357933,59969.56863430003
628,2459970.0661806,268.6973206,-2.1630491,2,16.49690055847168,0.04855699837207794,59969.56618059985
629,2459969.0772454,268.6973491,-2.1630215,2,16.537500381469727,0.03683299943804741,59968.57724539982
630,2459969.0748727,268.6973864,-2.1631007,2,16.509199142456055,0.04135200008749962,59968.57487270003
631,2459969.0725,268.697351,-2.1630159,2,16.50189971923828,0.05786899849772453,59968.57249999978
632,2459969.0701273,268.6973313,-2.1630325,2,16.633899688720703,0.0445839986205101,59968.57012729999
633,2459969.0677546,268.6973579,-2.1630391,2,16.54490089416504,0.041965000331401825,59968.5677546002
634,2459880.6157639,268.6973739,-2.1631035,2,14.310585975646973,0.039154503494501114,59880.11576389987
635,2459878.644375,268.6973556,-2.1630841,2,14.424500465393066,0.0421920008957386,59878.14437500015
636,2459873.6319792,268.6974078,-2.1630724,2,14.766900062561035,0.032965999096632004,59873.13197920006
637,2459873.6171875,268.6973498,-2.1630796,1,16.653799057006836,0.047568999230861664,59873.1171875
638,2459871.6529167,268.6973788,-2.163076,2,14.931500434875488,0.026298999786376953,59871.15291670011
639,2459871.618912,268.6973625,-2.1630908,1,16.795799255371094,0.04877299815416336,59871.11891200021
640,2459869.6191898,268.6973563,-2.1630956,1,17.053800582885742,0.04774700105190277,59869.11918980023
641,2459866.6808565,268.6973726,-2.163108,2,15.546600341796875,0.03209000080823898,59866.18085649982
642,2459866.6308565,268.6973736,-2.1630906,1,17.401899337768555,0.05243299901485443,59866.13085650001
643,2459864.6489931,268.6973341,-2.1630586,1,17.772300720214844,0.06159299984574318,59864.14899310004
644,2459862.6511574,268.6973276,-2.1630692,1,18.056800842285156,0.09731200337409973,59862.151157400105
645,2459862.6304977,268.6973908,-2.1630936,2,16.260299682617188,0.04664500057697296,59862.13049770007
646,2459859.6489005,268.6973866,-2.1630665,1,18.587499618530273,0.1359889954328537,59859.14890050003
647,2459859.6449074,268.6973577,-2.1630597,2,16.9468994140625,0.08449000120162964,59859.14490740001
648,2459857.6694329,268.6973654,-2.1631288,2,17.390100479125977,0.14414699375629425,59857.169432899915
649,2459857.6314005,268.6973992,-2.1630552,1,19.160499572753906,0.21962299942970276,59857.13140049996
653,2459850.6332176,268.697407,-2.1630331,2,17.638500213623047,0.18213500082492828,59850.133217600174
654,2459850.6332176,268.6974011,-2.1629244,2,17.486499786376953,0.044550999999046326,59850.133217600174
655,2459848.6874769,268.6974452,-2.1630362,2,16.987899780273438,0.09108699858188629,59848.18747689994
656,2459846.6705208,268.6974061,-2.1630028,1,19.491500854492188,0.17453999817371368,59846.170520800166
658,2459844.7204977,268.6974073,-2.1630355,1,19.082700729370117,0.14578700065612793,59844.22049769992
659,2459842.6722454,268.6973859,-2.1630639,2,16.356800079345703,0.04760099947452545,59842.17224540003
660,2459842.6496991,268.6973933,-2.1630598,1,18.898700714111328,0.10586900264024734,59842.14969909983
661,2459840.7063889,268.6973848,-2.1630436,1,18.769800186157227,0.10151199996471405,59840.20638890006
662,2459830.6692477,268.6973567,-2.1631086,1,18.493000030517578,0.1263660043478012,59830.1692476999
663,2459828.7630324,268.6974175,-2.1630807,2,15.856300354003906,0.025033000856637955,59828.26303240005
664,2459828.7109259,268.6973839,-2.163087,1,18.449199676513672,0.12367299944162369,59828.21092589991
665,2459825.6522338,268.6973742,-2.1630595,2,15.799500465393066,0.03002299927175045,59825.15223379992
666,2459823.6693403,268.6973779,-2.1630644,2,15.771100044250488,0.02935599908232689,59823.16934029991
667,2459821.7375463,268.6973735,-2.1630628,2,15.737700462341309,0.03753599897027016,59821.23754630005
668,2459819.7072801,268.6973816,-2.1630612,2,15.714400291442871,0.03351999819278717,59819.20728009986
669,2459819.6571181,268.6973762,-2.1630484,1,18.356399536132812,0.07829300314188004,59819.15711810021
670,2459817.697037,268.697369,-2.1630524,2,15.685500144958496,0.04384800046682358,59817.19703700021
671,2459817.6722917,268.6973842,-2.1630604,1,18.335500717163086,0.1046999990940094,59817.1722916998
672,2459815.7080208,268.6973887,-2.1630521,1,18.325700759887695,0.07699699699878693,59815.20802079979
673,2459815.6726389,268.697376,-2.1630581,2,15.6697998046875,0.03769100084900856,59815.17263890011
674,2459813.7775,268.6973606,-2.1630802,1,18.30940055847168,0.08011999726295471,59813.27749999985
675,2459813.669294,268.6973771,-2.1630646,2,15.662799835205078,0.029614999890327454,59813.16929400014
676,2459809.8201968,268.6973984,-2.1630944,1,18.316299438476562,0.14587700366973877,59809.320196799934
677,2459809.674456,268.6973807,-2.1630611,2,15.635899543762207,0.029905999079346657,59809.17445599986
678,2459807.7788542,268.6973736,-2.1630605,2,15.65470027923584,0.027914000675082207,59807.27885420015
679,2459807.6901736,268.6973711,-2.1630603,1,18.357099533081055,0.09147000312805176,59807.19017359987
680,2459805.7368634,268.6973878,-2.1630449,1,18.324199676513672,0.06305599957704544,59805.236863399856
681,2459805.6911574,268.697376,-2.1630639,2,15.632699966430664,0.03619600087404251,59805.19115740014
682,2459802.797338,268.6973519,-2.1630802,1,18.35099983215332,0.11009100079536438,59802.29733800003
683,2459802.7317361,268.6973559,-2.1630803,2,15.661499977111816,0.03614899888634682,59802.23173609981
684,2459799.712662,268.697381,-2.163067,2,15.575499534606934,0.025491999462246895,59799.21266200021
685,2459797.8199421,268.6973725,-2.1630597,2,15.59630012512207,0.02795499935746193,59797.31994209997
686,2459797.7956019,268.6973774,-2.1630588,1,18.306800842285156,0.08125200122594833,59797.2956019002
687,2459794.7968634,268.6973783,-2.1630561,1,18.274999618530273,0.1086840033531189,59794.29686339991
688,2459794.7315625,268.6973811,-2.1630648,2,15.61340045928955,0.02422799915075302,59794.23156249989
689,2459791.7294676,268.6973756,-2.163059,2,15.594099998474121,0.024562999606132507,59791.22946760012
690,2459789.7896065,268.6973716,-2.1630423,1,18.26889991760254,0.07891999930143356,59789.28960649995
691,2459789.7547569,268.6973737,-2.1630617,2,15.588899612426758,0.030720999464392662,59789.254756900016
692,2459787.8003356,268.6973724,-2.1630582,2,15.562299728393555,0.0389540009200573,59787.30033560004
693,2459785.7305093,268.6973847,-2.1630571,1,18.24570083618164,0.06915800273418427,59785.230509299785
694,2459783.8099653,268.69738,-2.1630666,1,18.24959945678711,0.07047700136899948,59783.30996529991
695,2459783.75375,268.6973701,-2.1630665,2,15.562800407409668,0.0384569987654686,59783.25375000015
696,2459781.8501042,268.6973659,-2.1630573,1,18.24810028076172,0.08820900321006775,59781.35010420019
697,2459781.7909259,268.6973825,-2.1630548,1,18.26919937133789,0.07843799889087677,59781.290925899986
698,2459779.8159491,268.6973744,-2.1630628,2,15.561100006103516,0.028255000710487366,59779.31594910007
699,2459779.7533449,268.697372,-2.1630603,2,15.557900428771973,0.0342399999499321,59779.253344899975
700,2459776.8148264,268.6973735,-2.1630572,2,15.540599822998047,0.03054100088775158,59776.31482640002
701,2459776.7700694,268.6973729,-2.1630598,2,15.536700248718262,0.03627999871969223,59776.27006939985
702,2459774.8872801,268.6973796,-2.1630603,2,15.555800437927246,0.019084999337792397,59774.387280100025
703,2459774.7726736,268.6973719,-2.1630535,2,15.537799835205078,0.032742999494075775,59774.27267359989
704,2459772.7945255,268.6973713,-2.1630521,2,15.498000144958496,0.039987001568078995,59772.29452549992
705,2459772.7505556,268.6973725,-2.1630524,2,15.512299537658691,0.025815999135375023,59772.25055560004
706,2459770.7959028,268.6973617,-2.1630461,1,18.36949920654297,0.09999299794435501,59770.295902799815
707,2459770.7097454,268.6973814,-2.1630644,1,18.159500122070312,0.07749500125646591,59770.20974540012
708,2459768.7943981,268.6973695,-2.1630534,1,18.27549934387207,0.07022900134325027,59768.294398100115
709,2459765.8161921,268.6973741,-2.1630618,2,15.52869987487793,0.025471000000834465,59765.316192099825
710,2459763.7956713,268.6973825,-2.1630684,2,15.546500205993652,0.026805000379681587,59763.29567130003
712,2459759.8157407,268.6973724,-2.1630649,2,15.542799949645996,0.02330400049686432,59759.31574069988
713,2459759.7740741,268.6973742,-2.163059,1,18.233699798583984,0.061599001288414,59759.27407409996
714,2459757.8374884,268.6973778,-2.1630465,1,18.217500686645508,0.07348799705505371,59757.33748839982
715,2459757.8095833,268.6973857,-2.1630498,1,18.236499786376953,0.086046002805233,59757.30958329979
716,2459755.8147106,268.6973709,-2.1630667,2,15.549599647521973,0.029745999723672867,59755.314710599836
717,2459755.7732639,268.69738,-2.16306,1,18.248199462890625,0.06658799946308136,59755.273263900075
718,2459752.7942593,268.697379,-2.1630652,1,18.214500427246094,0.06960999965667725,59752.29425929999
719,2459749.8537269,268.6973722,-2.1630615,2,15.547300338745117,0.027087999507784843,59749.35372690018
720,2459749.8127315,268.6973609,-2.1630829,1,18.238100051879883,0.07875999808311462,59749.312731499784
721,2459747.8415278,268.6973735,-2.1630645,2,15.54640007019043,0.027305999770760536,59747.341527800076
722,2459747.8306713,268.6973921,-2.1630476,1,18.215099334716797,0.07297100126743317,59747.33067130018
723,2459743.8794329,268.6974349,-2.1630349,1,18.158100128173828,0.08143100142478943,59743.37943289988
724,2459743.8138657,268.6973826,-2.1630697,2,15.543499946594238,0.019361000508069992,59743.313865699805
725,2459741.9008218,268.6973826,-2.1630359,1,18.27079963684082,0.1002660021185875,59741.40082179988
726,2459739.8586574,268.6973897,-2.1630615,1,18.226200103759766,0.06821200251579285,59739.358657400124
727,2459739.7933565,268.6973689,-2.1630757,2,15.560400009155273,0.02287900075316429,59739.2933565001
728,2459737.8173495,268.6973746,-2.1630564,1,18.230199813842773,0.059046000242233276,59737.31734950002
729,2459734.9440856,268.697372,-2.1630638,2,15.556400299072266,0.0326789990067482,59734.444085599855
730,2459734.9033912,268.6973862,-2.1630611,1,18.255599975585938,0.07536900043487549,59734.40339120012
731,2459732.8994329,268.6973888,-2.1630634,1,18.26650047302246,0.07194399833679199,59732.399432899896
732,2459732.8816551,268.697374,-2.1630722,2,15.583700180053711,0.025321999564766884,59732.3816550998
733,2459729.9424421,268.6973752,-2.1630739,2,15.568900108337402,0.0248429998755455,59729.44244210003
734,2459729.8985764,268.6973823,-2.1630765,1,18.244199752807617,0.07216600328683853,59729.39857639978
735,2459725.9169329,268.6973778,-2.163067,2,15.585100173950195,0.03242899850010872,59725.41693289997
736,2459723.8543056,268.6973752,-2.1630606,2,15.57040023803711,0.03152500092983246,59723.354305599816
737,2459721.8544676,268.6973726,-2.1630626,2,15.585399627685547,0.02830900065600872,59721.35446760012
738,2459718.8767824,268.6973719,-2.1630672,2,15.580900192260742,0.024813000112771988,59718.37678240007
739,2459718.8159144,268.6973753,-2.1630629,2,15.580300331115723,0.0330829992890358,59718.31591439992
740,2459714.8991319,268.6973762,-2.1630668,2,15.590299606323242,0.025141000747680664,59714.399131900165
741,2459714.8238657,268.6973851,-2.1630544,1,18.32029914855957,0.16527900099754333,59714.32386570005
742,2459712.940162,268.6973896,-2.1630712,1,18.250999450683594,0.08093199878931046,59712.44016199978
743,2459712.8984259,268.6973777,-2.163069,2,15.60200023651123,0.024056000635027885,59712.39842589991
744,2459710.9582986,268.6973896,-2.163079,1,18.31760025024414,0.08572299778461456,59710.45829859981
745,2459710.8977662,268.6973762,-2.163088,2,15.633099555969238,0.022261999547481537,59710.397766199894
746,2459708.9185185,268.6973812,-2.1630869,2,15.649100303649902,0.02362300083041191,59708.41851849994
747,2459708.8761921,268.6973778,-2.163079,2,15.644100189208984,0.024986999109387398,59708.37619209988
748,2459702.9587037,268.6973886,-2.1630696,1,18.27050018310547,0.0598750002682209,59702.45870369999
749,2459702.9206829,268.6973773,-2.1630883,2,15.639699935913086,0.024028999730944633,59702.42068290012
750,2459700.957662,268.6973777,-2.1630671,1,18.286300659179688,0.07834800332784653,59700.457661999855
751,2459700.9003241,268.697375,-2.1630599,2,15.634200096130371,0.032214999198913574,59700.40032410016
752,2459697.9594097,268.697386,-2.1630631,1,18.283899307250977,0.06536500155925751,59697.459409699775
753,2459695.9423727,268.6973712,-2.1630543,2,15.646300315856934,0.03402100130915642,59695.4423727002
754,2459693.9620023,268.6973783,-2.1630611,1,18.37459945678711,0.08737900108098984,59693.46200230019
755,2459693.9158681,268.6973723,-2.1630724,2,15.700699806213379,0.02604999952018261,59693.41586809978
756,2459689.9220486,268.6973669,-2.1631088,2,15.720399856567383,0.027682999148964882,59689.422048599925
757,2459686.916713,268.6973643,-2.1630893,2,15.719599723815918,0.025849999859929085,59686.41671299981
758,2459683.9801273,268.6973693,-2.1630541,1,18.487899780273438,0.11255200207233429,59683.480127300136
759,2459683.9215162,268.6973671,-2.163068,2,15.756400108337402,0.02778399921953678,59683.42151620006
760,2459679.9832176,268.6973676,-2.1630732,1,18.453800201416016,0.09694799780845642,59679.4832175998
761,2459679.9640162,268.6973649,-2.1630942,2,15.807499885559082,0.029255999252200127,59679.46401620004
762,2459675.9883796,268.6973836,-2.1630634,1,18.445899963378906,0.08234400302171707,59675.48837959999
763,2459673.9616435,268.697375,-2.1631067,1,18.408100128173828,0.11232300102710724,59673.46164349979
764,2459673.9616435,268.6973732,-2.1631045,1,18.405899047851562,0.1162939965724945,59673.46164349979
765,2459673.8918403,268.697361,-2.1630715,2,15.875499725341797,0.02797199971973896,59673.39184030006
766,2459673.8918403,268.6973617,-2.1630718,2,15.879400253295898,0.028960999101400375,59673.39184030006
767,2459642.0090625,268.6973873,-2.1630408,1,19.15726089477539,0.12511299550533295,59641.509062500205
768,2459641.9989468,268.6973476,-2.1630561,2,16.565200805664062,0.04747400060296059,59641.4989467999
769,2459640.0171991,268.6973427,-2.1631106,2,16.717199325561523,0.05596499890089035,59639.517199099995
771,2459631.0233565,268.6972986,-2.1629383,2,17.02869987487793,0.09777099639177322,59630.52335650008
772,2459629.0257523,268.6973911,-2.1629909,2,17.482799530029297,0.0857980027794838,59628.52575229993
775,2459601.0761343,268.6974737,-2.1631117,2,16.14080047607422,0.06581699848175049,59600.57613429986
776,2459601.0737269,268.6974337,-2.1631556,2,16.131799697875977,0.0532119981944561,59600.57372689992
777,2459601.071331,268.6975114,-2.1631155,2,16.178600311279297,0.0700799971818924,59600.571330999956
778,2459601.0689236,268.6974542,-2.1631266,2,16.167999267578125,0.05225199833512306,59600.56892360002
779,2459510.6174537,268.6974194,-2.1630492,1,18.41960906982422,0.09296400099992752,59510.11745369993
780,2459504.6158565,268.6973782,-2.1630879,2,15.683699607849121,0.024267999455332756,59504.11585649988
781,2459502.6488773,268.6973856,-2.1630811,2,15.633700370788574,0.027125999331474304,59502.14887729986
782,2459502.6292245,268.6974198,-2.1631094,1,18.198699951171875,0.09807799756526947,59502.12922450015
783,2459498.6210764,268.6973932,-2.1630532,1,18.276500701904297,0.11490000039339066,59498.121076399926
784,2459491.6492361,268.6973785,-2.1630709,2,15.562100410461426,0.02326199971139431,59491.149236099795
785,2459491.6294676,268.6973843,-2.1630718,1,18.213699340820312,0.07611099630594254,59491.129467600025
786,2459489.6914815,268.6973804,-2.1630641,1,18.212900161743164,0.08952599763870239,59489.19148149993
787,2459489.6914815,268.6973804,-2.1630641,1,18.212900161743164,0.08952599763870239,59489.19148149993
788,2459489.650162,268.6973738,-2.1630737,2,15.534600257873535,0.031132999807596207,59489.15016200021
789,2459489.650162,268.6973738,-2.1630737,2,15.534600257873535,0.031132999807596207,59489.15016200021
790,2459487.6303125,268.6973813,-2.1630722,2,15.544899940490723,0.02418299950659275,59487.130312500056
791,2459485.6690509,268.6973661,-2.1630648,1,18.168899536132812,0.0881510004401207,59485.1690508998
792,2459480.6912963,268.6973831,-2.1630751,2,15.531999588012695,0.02973099984228611,59480.19129629992
793,2459480.6371296,268.697387,-2.1630554,1,18.220300674438477,0.08654099702835083,59480.13712960016
794,2459478.6915625,268.6973851,-2.16308,2,15.506699562072754,0.024476999416947365,59478.19156249985
795,2459476.7125694,268.697443,-2.1631378,1,18.184799194335938,0.17872700095176697,59476.2125694002
796,2459476.671875,268.6973777,-2.1630712,2,15.506500244140625,0.028634000569581985,59476.171875
797,2459473.7321759,268.6973739,-2.1630606,2,15.481100082397461,0.03334999829530716,59473.232175900135
798,2459471.7067477,268.6973844,-2.1630811,2,15.502699851989746,0.02085000090301037,59471.206747699995
799,2459468.6730671,268.6973843,-2.1630629,1,18.14259910583496,0.06428100168704987,59468.17306709988
800,2459466.6709144,268.6973771,-2.1630648,2,15.51099967956543,0.029176000505685806,59466.1709143999
801,2459464.7134028,268.697377,-2.1630623,2,15.513799667358398,0.03279799968004227,59464.213402799796
802,2459464.7134028,268.697377,-2.1630623,2,15.513799667358398,0.03279799968004227,59464.213402799796
803,2459464.6752894,268.6973783,-2.1630651,1,18.199800491333008,0.07666599750518799,59464.17528939992
804,2459464.6752894,268.6973783,-2.1630651,1,18.199800491333008,0.07666599750518799,59464.17528939992
805,2459462.7290625,268.6973894,-2.1630875,2,15.559800148010254,0.018765000626444817,59462.229062499944
806,2459460.7710764,268.6973791,-2.163059,1,18.165300369262695,0.08912999927997589,59460.27107639983
807,2459460.6898264,268.6973731,-2.1630607,2,15.49530029296875,0.037105999886989594,59460.18982640002
808,2459457.7110764,268.6973851,-2.1630623,1,18.1742000579834,0.09900200366973877,59457.21107639978
809,2459454.7890856,268.6973832,-2.1630577,2,15.49120044708252,0.02648399956524372,59454.28908560006
810,2459454.6912847,268.6973871,-2.163063,1,18.19300079345703,0.0675169974565506,59454.19128469983
811,2459452.7283102,268.6973784,-2.1630605,2,15.51449966430664,0.034226998686790466,59452.22831019992
812,2459452.6850463,268.6973785,-2.1630613,1,18.198200225830078,0.06237800046801567,59452.185046299826
813,2459450.7760648,268.697377,-2.1630662,2,15.472000122070312,0.031024999916553497,59450.2760648001
814,2459450.7292708,268.6973682,-2.1630999,1,18.19219970703125,0.08469100296497345,59450.22927080002
815,2459448.7327894,268.6973812,-2.1630724,2,15.49209976196289,0.02436700090765953,59448.232789400034
816,2459448.6700926,268.697379,-2.1630451,1,18.140499114990234,0.1099030002951622,59448.17009259993
817,2459446.7705787,268.697405,-2.1630178,1,18.169099807739258,0.12905900180339813,59446.27057870012
818,2459443.7531481,268.6973777,-2.1630598,2,15.471500396728516,0.02287900075316429,59443.25314809987
819,2459443.6901505,268.6973522,-2.1630407,1,18.140100479125977,0.09693200141191483,59443.19015049981
820,2459441.7319792,268.6973904,-2.1630487,1,18.22279930114746,0.12005499750375748,59441.23197920015
821,2459439.7127199,268.6973788,-2.163068,2,15.500900268554688,0.027202999219298363,59439.21271990007
822,2459436.7532755,268.6973807,-2.1630601,1,18.168500900268555,0.07178899645805359,59436.253275500145
823,2459436.7287731,268.6973783,-2.1630618,2,15.510600090026855,0.025263000279664993,59436.228773099836
824,2459434.7103935,268.6973786,-2.1630622,1,18.29509925842285,0.06574399769306183,59434.21039350005
825,2459434.7078588,268.6973881,-2.1630576,2,15.488200187683105,0.031762998551130295,59434.20785879996
826,2459429.791794,268.6973922,-2.1630654,1,18.20870018005371,0.07567799836397171,59429.29179400019
827,2459427.7892824,268.6973782,-2.1630653,1,18.224599838256836,0.06084299832582474,59427.28928240016
828,2459425.7319329,268.69738,-2.1630502,1,18.217500686645508,0.07818000018596649,59425.231932899915
829,2459423.8163194,268.6974059,-2.1630934,1,18.23150062561035,0.09984999895095825,59423.31631939998
830,2459423.7512153,268.6973716,-2.1630757,2,15.548600196838379,0.028193999081850052,59423.25121530006
831,2459418.8159375,268.6973921,-2.1631056,1,18.258399963378906,0.2429320067167282,59418.31593749998
832,2459414.7747454,268.6973697,-2.1630602,2,15.4975004196167,0.0391709990799427,59414.274745400064
833,2459414.7681713,268.6973707,-2.1630522,1,18.278200149536133,0.0798489972949028,59414.26817130018
834,2459411.7971296,268.6973624,-2.1630615,1,18.19610023498535,0.075934998691082,59411.29712959984
835,2459411.7340046,268.6973707,-2.1630531,2,15.51509952545166,0.03512600064277649,59411.23400459997
836,2459409.7746759,268.6973724,-2.1630657,2,15.521900177001953,0.030350999906659126,59409.27467590012
837,2459409.7316898,268.6973739,-2.1630558,1,18.18269920349121,0.08512300252914429,59409.23168980004
838,2459407.79625,268.6973737,-2.1630562,2,15.51550006866455,0.03645100072026253,59407.29625000013
839,2459407.7539468,268.6973806,-2.1630681,1,18.18560028076172,0.08795800060033798,59407.253946799785
840,2459405.8365278,268.6973756,-2.1630618,2,15.513099670410156,0.027233999222517014,59405.33652780019
841,2459405.7959838,268.6973741,-2.1630466,1,18.188199996948242,0.08178900182247162,59405.2959838002
842,2459403.7947917,268.6973764,-2.163062,2,15.525300025939941,0.03375000134110451,59403.29479169985
843,2459401.8318171,268.6973811,-2.163062,2,15.528800010681152,0.032492998987436295,59401.331817099825
844,2459401.7683102,268.6973738,-2.1630723,1,18.26409912109375,0.08401799947023392,59401.26831019996
845,2459399.8161574,268.6973748,-2.1630664,2,15.541899681091309,0.03495800122618675,59399.31615740014
846,2459399.7976389,268.6973744,-2.1630552,1,18.22089958190918,0.0787770003080368,59399.29763890011
847,2459396.8162269,268.6973777,-2.1630616,2,15.55049991607666,0.025304000824689865,59396.31622690009
848,2459396.7727315,268.697391,-2.1631204,1,18.22920036315918,0.08800099790096283,59396.27273150021
849,2459394.8543171,268.6973873,-2.1630489,1,18.229400634765625,0.0884919986128807,59394.35431709979
850,2459394.8169676,268.6973775,-2.1630607,2,15.56309986114502,0.030155999585986137,59394.316967600025
851,2459392.7894444,268.6973739,-2.1630657,1,18.236400604248047,0.08386699855327606,59392.2894444
852,2459390.8409954,268.6973761,-2.1630566,2,15.541299819946289,0.02228200063109398,59390.34099540021
853,2459390.7523148,268.6973349,-2.1630712,1,18.227500915527344,0.11254200339317322,59390.25231479993
854,2459386.8630903,268.6973807,-2.1630757,2,15.563799858093262,0.022297000512480736,59386.3630903
855,2459386.837419,268.6973879,-2.1630711,1,18.194599151611328,0.08745499700307846,59386.33741899999
858,2459381.8574074,268.6973792,-2.1630641,2,15.540200233459473,0.03610600158572197,59381.35740739992
859,2459381.8153704,268.6973837,-2.1630635,1,18.15089988708496,0.10407800227403641,59381.31537039997
860,2459379.8575347,268.6973784,-2.163069,2,15.587599754333496,0.031978998333215714,59379.35753470007
861,2459379.8152778,268.6973802,-2.1630627,1,18.239999771118164,0.07197000086307526,59379.315277799964
862,2459377.8784375,268.6973757,-2.1630685,2,15.595000267028809,0.033730000257492065,59377.37843749998
863,2459377.857037,268.6973757,-2.1630564,1,18.229700088500977,0.07771199941635132,59377.35703699989
864,2459375.8678125,268.6973824,-2.1630635,1,18.261199951171875,0.07307899743318558,59375.36781249987
865,2459373.8911921,268.6973813,-2.1630718,2,15.622599601745605,0.02648800052702427,59373.39119210001
866,2459370.8740278,268.6973761,-2.1630643,2,15.60789966583252,0.02943200059235096,59370.374027799815
867,2459368.8566898,268.6973802,-2.1630595,1,18.26300048828125,0.07890799641609192,59368.35668980004
868,2459366.8777778,268.6973787,-2.1630666,2,15.624899864196777,0.02977300062775612,59366.377777799964
869,2459366.8148495,268.6973737,-2.1630524,1,18.272600173950195,0.07697899639606476,59366.31484950008
870,2459364.920706,268.6973745,-2.1630617,2,15.619000434875488,0.0354049988090992,59364.42070600018
871,2459362.8174421,268.6973734,-2.1630524,2,15.637499809265137,0.0256779994815588,59362.31744210003
872,2459359.7925231,268.6973964,-2.1630136,1,18.24880027770996,0.11082500219345093,59359.29252310004
873,2459357.9419444,268.697379,-2.1630703,2,15.678400039672852,0.028937000781297684,59357.44194439985
875,2459353.9193287,268.6973825,-2.1631019,2,15.72819995880127,0.02471200004220009,59353.41932869982
876,2459353.8778356,268.6973805,-2.1630574,1,18.313400268554688,0.10545899718999863,59353.37783560017
877,2459349.9410764,268.6973737,-2.1630659,2,15.750800132751465,0.02896999940276146,59349.441076400224
878,2459349.8978356,268.697383,-2.1630771,1,18.283599853515625,0.07180999964475632,59349.39783560019
881,2459345.9186343,268.6973934,-2.1630841,1,18.36949920654297,0.08871900290250778,59345.41863430012
882,2459343.8748032,268.6973702,-2.1630702,2,15.79800033569336,0.03432299941778183,59343.3748031999
883,2459341.9244444,268.6973845,-2.1630705,2,15.827500343322754,0.021501999348402023,59341.424444399774
884,2459341.874838,268.6973835,-2.1630563,1,18.404199600219727,0.09488499909639359,59341.37483800016
885,2459339.9415741,268.6973826,-2.163065,2,15.846199989318848,0.03243999928236008,59339.44157409994
886,2459337.9598611,268.6973897,-2.1630779,2,15.857500076293945,0.026030000299215317,59337.459861100186
887,2459337.9097338,268.697374,-2.1630913,1,18.4468994140625,0.09529899805784225,59337.40973380022
888,2459335.9615278,268.6973735,-2.163066,2,15.86359977722168,0.030414000153541565,59335.46152780019
889,2459331.9538079,268.6973727,-2.1630896,2,15.909600257873535,0.02392200008034706,59331.453807900194
890,2459328.8581134,268.6973781,-2.1630281,1,18.57979965209961,0.16227400302886963,59328.35811340017
891,2459324.9035532,268.697359,-2.1630645,1,18.490999221801758,0.08023300021886826,59324.403553199954
892,2459324.8536458,268.6973608,-2.1630708,2,16.0226993560791,0.029354000464081764,59324.35364580015
893,2459322.9656713,268.697371,-2.1630652,2,16.037500381469727,0.030990999191999435,59322.46567129996
894,2459322.9375579,268.6973722,-2.1630676,1,18.527000427246094,0.11425799876451492,59322.43755789986
895,2459319.9623843,268.6973732,-2.1630571,2,16.066499710083008,0.028761999681591988,59319.46238429984
897,2459319.9406597,268.6973789,-2.1630786,1,18.614200592041016,0.08559499680995941,59319.44065969996
899,2459316.9832407,268.6973723,-2.1630576,2,16.102699279785156,0.04412100091576576,59316.48324069986
900,2459316.8804977,268.6973779,-2.1630627,1,18.57080078125,0.08033999800682068,59316.38049770007
901,2459314.983287,268.6973791,-2.1630504,1,18.620439529418945,0.08898100256919861,59314.4832870001
902,2459314.983287,268.6973791,-2.1630504,1,18.620399475097656,0.08898100256919861,59314.4832870001
904,2459311.944294,268.6973722,-2.1630612,1,18.662799835205078,0.09862899780273438,59311.444294000044
905,2459309.9718171,268.6973584,-2.1630627,2,16.22879981994629,0.0366629995405674,59309.471817099955
906,2459309.9421181,268.6973654,-2.1630625,1,18.68160057067871,0.10803599655628204,59309.44211809989
907,2459307.9848958,268.6973865,-2.1630355,1,18.715200424194336,0.13152000308036804,59307.484895799775
909,2459305.9817245,268.6973701,-2.1630674,1,18.836700439453125,0.14237700402736664,59305.48172450019
912,2459298.8991898,268.6973145,-2.1630405,2,16.50029945373535,0.05010699853301048,59298.399189800024
913,2459296.0016435,268.6973726,-2.1630645,2,16.750600814819336,0.057610999792814255,59295.501643499825
914,2459292.9439699,268.6973196,-2.1630392,1,19.178800582885742,0.12298499792814255,59292.44396989979
917,2459276.0228356,268.697463,-2.1630611,2,17.51650047302246,0.119439996778965,59275.52283560019
919,2459273.9889931,268.6973815,-2.163041,2,16.952600479125977,0.0888260006904602,59273.48899309989
921,2459269.9974074,268.6975424,-2.1630823,1,18.99370002746582,0.15168200433254242,59269.49740740005
922,2459267.0097685,268.6974447,-2.1631078,1,18.78019905090332,0.19383099675178528,59266.50976849999
923,2459264.029294,268.6974889,-2.1631482,1,18.342899322509766,0.16121099889278412,59263.52929400001
924,2459254.0589352,268.6974027,-2.1630928,2,15.372400283813477,0.04749999940395355,59253.558935199864
925,2459254.0559722,268.6974001,-2.163093,2,15.402799606323242,0.051614001393318176,59253.55597219989
926,2459254.0530208,268.6974096,-2.163088,2,15.386500358581543,0.055153001099824905,59253.5530208
927,2459254.0500579,268.6974139,-2.1630921,2,15.401700019836426,0.04309000074863434,59253.55005790014
928,2459254.0470949,268.6974173,-2.1630898,2,15.341400146484375,0.04963500052690506,59253.54709490016
929,2459253.058206,268.6974044,-2.1630815,2,15.323699951171875,0.059762001037597656,59252.5582059999
930,2459253.0552431,268.6974062,-2.1630758,2,15.32390022277832,0.05681199952960014,59252.55524310004
931,2459253.0522801,268.6974171,-2.1630861,2,15.295000076293945,0.06265400350093842,59252.55228010006
932,2459253.0493171,268.6974103,-2.1630716,2,15.305899620056152,0.057502999901771545,59252.549317100085
933,2459253.0463657,268.6974203,-2.1630655,2,15.33080005645752,0.05536700040102005,59252.5463657002
934,2459252.060081,268.6973751,-2.1630571,2,15.23449993133545,0.0423009991645813,59251.560080999974
935,2459252.0571412,268.6974547,-2.1631229,2,15.257599830627441,0.03792199864983559,59251.557141200174
936,2459252.0542014,268.6974567,-2.1631357,2,15.213299751281738,0.04383699968457222,59251.55420139991
937,2459252.0512616,268.6974554,-2.1631184,2,15.224200248718262,0.03604799881577492,59251.55126160011
938,2459252.0483333,268.6974628,-2.1631162,2,15.23550033569336,0.0423629991710186,59251.54833329981
939,2459251.0593634,268.697416,-2.1630874,2,15.175000190734863,0.05071499943733215,59250.5593634001
940,2459251.0563657,268.6973884,-2.1631142,2,15.25979995727539,0.04049599915742874,59250.55636569997
941,2459251.0533565,268.6974908,-2.1630975,2,15.327500343322754,0.031144000589847565,59250.55335649988
942,2459251.0503588,268.6974319,-2.1631257,2,15.160300254821777,0.04373199865221977,59250.55035880022
943,2459251.0473611,268.6974169,-2.163094,2,15.254899978637695,0.030789999291300774,59250.54736110009
944,2459250.0609954,268.6974099,-2.1630946,2,15.197999954223633,0.03507100045681,59249.56099539995
945,2459250.0580324,268.6974091,-2.1630899,2,15.18179988861084,0.03186799958348274,59249.558032399975
946,2459250.0550694,268.6974119,-2.1631035,2,15.170299530029297,0.03463900089263916,59249.5550694
947,2459250.0521065,268.6974123,-2.1630854,2,15.141300201416016,0.03488700091838837,59249.55210650014
948,2459250.0491435,268.6973982,-2.163085,2,15.15779972076416,0.03127500042319298,59249.54914350016
949,2459249.0626736,268.6973987,-2.1630839,2,15.177000045776367,0.039719998836517334,59248.562673599925
950,2459249.0596644,268.6974124,-2.16308,2,15.145099639892578,0.04403200000524521,59248.55966439983
951,2459249.0566551,268.6974124,-2.1630788,2,15.148500442504883,0.033580999821424484,59248.55665510008
952,2459249.0536343,268.697417,-2.1631137,2,15.150699615478516,0.03564999997615814,59248.5536342999
953,2459249.0506134,268.6974031,-2.1630799,2,15.144700050354004,0.04206699877977371,59248.55061340006
954,2459151.6318056,268.6973459,-2.1630452,1,18.1737003326416,0.1013450026512146,59151.13180560013
955,2459151.5873032,268.6973834,-2.1630744,2,15.523599624633789,0.0228899996727705,59151.087303199805
956,2459150.6313889,268.6973912,-2.1630197,1,18.252099990844727,0.11771199852228165,59150.13138889987
957,2459150.623287,268.6973938,-2.1630895,2,15.530400276184082,0.024466000497341156,59150.12328700023
958,2459145.5945023,268.6973803,-2.1630645,2,15.512800216674805,0.036747001111507416,59145.094502300024
959,2459141.605787,268.6973785,-2.1630685,2,15.520600318908691,0.02571200020611286,59141.10578700015
960,2459139.6045718,268.6973789,-2.1630632,2,15.521100044250488,0.033211998641490936,59139.10457180021
961,2459137.5897222,268.6973737,-2.1630664,2,15.5068998336792,0.02828099951148033,59137.08972219983
962,2459135.6273495,268.6973847,-2.1630776,2,15.573200225830078,0.031537000089883804,59135.12734950008
963,2459135.6028704,268.6973936,-2.1630525,1,18.211999893188477,0.08239299803972244,59135.102870400064
964,2459128.6808218,268.6973708,-2.1630785,1,18.256000518798828,0.09722500294446945,59128.18082180014
965,2459128.6450579,268.6973754,-2.1630626,2,15.497900009155273,0.032607998698949814,59128.14505789988
967,2459119.693206,268.697383,-2.163047,1,18.196800231933594,0.09029699862003326,59119.19320600014
968,2459119.6662269,268.69738,-2.1630583,2,15.520400047302246,0.02367899939417839,59119.16622690018
969,2459118.726713,268.6973833,-2.1630674,2,15.492600440979004,0.022450000047683716,59118.226712999865
970,2459118.7054282,268.6973719,-2.1630649,1,18.137699127197266,0.08641500025987625,59118.20542819984
971,2459117.7103009,268.6974187,-2.1630627,1,18.247699737548828,0.10190500319004059,59117.21030090004
972,2459117.6073148,268.6973752,-2.1630543,2,15.512999534606934,0.028509000316262245,59117.10731479991
973,2459115.6907755,268.6973826,-2.1630614,1,18.270599365234375,0.09928800165653229,59115.190775500145
974,2459115.6488079,268.6973772,-2.1630646,2,15.51729965209961,0.023002000525593758,59115.14880790003
975,2459114.6932639,268.6973953,-2.1630737,1,18.236000061035156,0.09849999845027924,59114.1932639
976,2459114.6697106,268.6973841,-2.1630808,2,15.520700454711914,0.023289000615477562,59114.16971059982
977,2459094.774537,268.6973769,-2.1630578,2,15.502400398254395,0.027890000492334366,59094.274536999874
978,2459094.6720486,268.6973877,-2.1630519,1,18.157100677490234,0.08055700361728668,59094.172048599925
979,2459075.7301505,268.6973773,-2.1630582,2,15.547699928283691,0.030866999179124832,59075.23015049985
980,2459075.6882986,268.6973809,-2.1630454,1,18.211599349975586,0.07379200309515,59075.188298599795
981,2459070.6909954,268.6973777,-2.163059,2,15.563199996948242,0.036598000675439835,59070.19099539984
982,2459067.7891667,268.6973783,-2.1630624,2,15.56029987335205,0.026791000738739967,59067.289166700095
983,2459064.8099537,268.6973828,-2.1630688,2,15.540900230407715,0.023075999692082405,59064.30995369982
984,2459064.7113194,268.6974004,-2.1630357,1,18.3700008392334,0.11554999649524689,59064.2113194
985,2459057.7538079,268.6973805,-2.1630686,1,18.288000106811523,0.09205099940299988,59057.25380790001
986,2459054.7513773,268.6973878,-2.1630682,1,18.273399353027344,0.06758400052785873,59054.251377299894
987,2459051.8544213,268.6973868,-2.1630697,2,15.632599830627441,0.02670699916779995,59051.35442129988
988,2459051.7951273,268.6973823,-2.1630658,1,18.274200439453125,0.09328900277614594,59051.29512730008
989,2459048.7759722,268.697378,-2.1630627,1,18.261999130249023,0.06965100020170212,59048.27597220009
990,2459048.7435764,268.6973722,-2.1630621,2,15.611900329589844,0.03291499987244606,59048.24357639998
991,2459045.7662269,268.6973764,-2.1630553,1,18.30229949951172,0.0725179985165596,59045.26622689981
992,2459045.7123611,268.6973734,-2.1630609,2,15.632100105285645,0.02759600058197975,59045.21236110013
993,2459042.7965394,268.6973823,-2.163049,1,18.302600860595703,0.08908700197935104,59042.29653939977
994,2459042.745081,268.6973735,-2.1630581,2,15.641500473022461,0.03494200110435486,59042.24508100003
995,2459039.8397569,268.6973873,-2.1630659,1,18.35110092163086,0.11036399751901627,59039.33975689998
996,2459039.7705324,268.6973697,-2.1630633,2,15.651100158691406,0.03793000057339668,59039.27053239988
997,2459036.7897106,268.6973735,-2.1630589,2,15.672699928283691,0.03245899826288223,59036.28971059993
998,2459036.7185532,268.6973898,-2.1630513,1,18.371299743652344,0.13722899556159973,59036.2185531999
999,2459033.8172106,268.6973752,-2.163075,2,15.685199737548828,0.029068000614643097,59033.31721059978
1000,2459033.7313194,268.6974057,-2.163071,1,18.311199188232422,0.12516899406909943,59033.231319400016
1001,2459030.8524306,268.6973914,-2.1630635,1,18.385099411010742,0.15866999328136444,59030.35243060021
1002,2459027.7728241,268.697376,-2.1630665,2,15.716300010681152,0.043988000601530075,59027.27282410022
1003,2459027.7353935,268.6973742,-2.1630449,1,18.37030029296875,0.13575899600982666,59027.235393499956
1004,2459023.8160648,268.6973804,-2.1630589,1,18.379600524902344,0.06553500145673752,59023.316064800136
1005,2459020.8638426,268.697384,-2.1630586,1,18.377599716186523,0.07377699762582779,59020.363842600025
1006,2459020.7760764,268.6973745,-2.1630778,2,15.813199996948242,0.029148999601602554,59020.27607640019
1007,2459017.8328125,268.6973595,-2.1630708,1,18.45170021057129,0.07286900281906128,59017.332812500186
1008,2459014.7577431,268.6973754,-2.1630687,2,15.913000106811523,0.027171000838279724,59014.25774310017
1009,2459011.8177662,268.6973664,-2.1630522,2,15.951700210571289,0.031272001564502716,59011.31776619982
1010,2459011.7963194,268.6973728,-2.1630581,1,18.462600708007812,0.08239699900150299,59011.29631939996
1012,2458996.8121991,268.69736,-2.1630518,2,16.5216007232666,0.05775099992752075,58996.31219909992
1013,2458992.9189583,268.697369,-2.1630697,2,16.81909942626953,0.06073800101876259,58992.41895829979
1014,2458992.8402431,268.6973508,-2.1630238,1,19.174999237060547,0.13892300426959991,58992.34024310019
1015,2458986.9506597,268.6974455,-2.1631685,2,17.9143009185791,0.16112999618053436,58986.450659700204
1016,2458986.9138426,268.6973632,-2.1630098,1,19.655799865722656,0.19581399857997894,58986.41384259984
1017,2458972.962963,268.6974143,-2.1630794,1,20.17460060119629,0.19066999852657318,58972.46296299994
1019,2458966.9575,268.697376,-2.1631002,1,19.23349952697754,0.13653400540351868,58966.45750000002
1020,2458963.9425,268.6974196,-2.1630391,1,18.993900299072266,0.13583999872207642,58963.44249999989
1021,2458963.9003009,268.6974329,-2.1630744,1,18.858800888061523,0.11164399981498718,58963.400300899986
1022,2458955.9795255,268.6973913,-2.1630607,1,18.703800201416016,0.10368599742650986,58955.47952549998
1023,2458955.9417245,268.6974116,-2.1631019,2,16.241899490356445,0.053665999323129654,58955.44172450015
1024,2458945.0034954,268.697388,-2.163092,2,15.840200424194336,0.05256500095129013,58944.50349539984
1025,2458944.9822222,268.6974139,-2.1630757,1,18.216400146484375,0.08735699951648712,58944.482222199906
1026,2458940.9821759,268.6974437,-2.1631122,1,18.021799087524414,0.0863410010933876,58940.482175900135
1027,2458913.9854514,268.6974181,-2.163078,2,15.635000228881836,0.061820998787879944,58913.485451399814
1028,2458901.0488889,268.6973984,-2.1630554,1,18.32110023498535,0.20309799909591675,58900.54888889985
1029,2458901.0171759,268.6974398,-2.1630991,2,16.19569969177246,0.11429399996995926,58900.51717589982
1030,2458896.021169,268.6973804,-2.1631446,2,16.1830997467041,0.059831999242305756,58895.52116899984
1031,2458893.0231944,268.6974233,-2.1631302,2,16.377399444580078,0.0975859984755516,58892.52319440013
1032,2458798.5969907,268.6973847,-2.163027,1,18.13409996032715,0.11567399650812149,58798.09699069988
1033,2458792.6086806,268.6973757,-2.1630609,2,15.470600128173828,0.02209099940955639,58792.108680599835
1034,2458787.6141782,268.6973852,-2.1631207,2,15.492899894714355,0.033399999141693115,58787.11417819979
1035,2458781.6076273,268.6973558,-2.1631152,1,18.25510025024414,0.14071600139141083,58781.10762730008
1036,2458781.5861574,268.697395,-2.1630983,2,15.4931001663208,0.022103000432252884,58781.08615740016
1037,2458777.6072454,268.6973965,-2.1631104,1,18.225299835205078,0.11398199945688248,58777.10724540008
1038,2458777.5874884,268.6973867,-2.1630738,2,15.485300064086914,0.023865999653935432,58777.08748839982
1039,2458774.6206481,268.6973794,-2.1630816,1,18.184099197387695,0.08082199841737747,58774.12064810004
1040,2458771.6060995,268.6973558,-2.1630544,1,18.243999481201172,0.10728300362825394,58771.106099499855
1041,2458768.6143403,268.6973844,-2.1630714,2,15.495400428771973,0.02774300053715706,58768.114340300206
1042,2458765.5988194,268.6974129,-2.163111,1,18.101299285888672,0.07880599796772003,58765.098819400184
1043,2458761.6340972,268.6973786,-2.1630625,2,15.508000373840332,0.030368000268936157,58761.13409719989
1044,2458751.6320949,268.6973814,-2.1630852,2,15.541799545288086,0.031031999737024307,58751.132094900124
1045,2458748.7061458,268.6973866,-2.1630563,1,18.28420066833496,0.1149659976363182,58748.206145800184
1046,2458748.6360417,268.6973787,-2.1630672,2,15.546600341796875,0.027056999504566193,58748.13604169991
1047,2458744.6287037,268.697375,-2.1630541,1,18.242399215698242,0.0825280025601387,58744.12870369991
1048,2458744.6166204,268.6973706,-2.1630502,2,15.53950023651123,0.03890199959278107,58744.11662039999
1049,2458741.6177083,268.6973768,-2.1630382,1,18.221500396728516,0.0975240021944046,58741.117708299775
1050,2458738.6290741,268.6973773,-2.1630739,1,18.259199142456055,0.08192600309848785,58738.12907409994
1051,2458733.7489931,268.6973801,-2.1630589,2,15.567399978637695,0.026593999937176704,58733.24899310013
1052,2458733.6675,268.6973535,-2.1630458,1,18.2947998046875,0.08583500236272812,58733.16749999998
1053,2458724.76,268.6973752,-2.16306,1,18.273799896240234,0.07149700075387955,58724.25999999978
1054,2458720.6732639,268.697382,-2.1630661,1,18.268199920654297,0.07763999700546265,58720.17326389998
1056,2458716.668044,268.6973733,-2.1630435,1,18.311899185180664,0.07106699794530869,58716.16804399993
1057,2458711.8128472,268.6973797,-2.1630663,2,15.631500244140625,0.02215299941599369,58711.31284719985
1058,2458711.7342245,268.6973946,-2.1630708,1,18.261899948120117,0.08131200075149536,58711.234224500135
1059,2458708.6690625,268.6973915,-2.1630645,1,18.27359962463379,0.11056700348854065,58708.16906249989
1060,2458705.7517361,268.6973647,-2.1630391,1,18.370800018310547,0.10825899988412857,58705.25173609983
1061,2458705.6520486,268.6973695,-2.1630675,2,15.678999900817871,0.027535000815987587,58705.152048599906
1062,2458699.6890509,268.6973733,-2.1630525,1,18.329099655151367,0.1050100028514862,58699.18905089982
1063,2458696.8380208,268.6973792,-2.163058,2,15.745100021362305,0.037053998559713364,58696.33802080015
1064,2458693.7528241,268.6973782,-2.1630587,1,18.392099380493164,0.08094800263643265,58693.2528241002
1065,2458693.7100694,268.697369,-2.1630685,2,15.782500267028809,0.03879300132393837,58693.21006939979
1066,2458690.6861574,268.697377,-2.1630558,2,15.79740047454834,0.03600800037384033,58690.18615739979
1067,2458686.8101042,268.6973739,-2.1630624,2,15.867899894714355,0.0382779985666275,58686.31010420015
1068,2458686.7832407,268.6974001,-2.16306,1,18.39229965209961,0.08441799879074097,58686.28324070014
1069,2458683.7085417,268.6973638,-2.1630496,1,18.431800842285156,0.12601399421691895,58683.20854170015
1070,2458680.7729514,268.6973796,-2.1630605,2,15.922699928283691,0.037011001259088516,58680.27295139991
1071,2458680.7229051,268.6973315,-2.1630365,1,18.541099548339844,0.15242600440979004,58680.22290509986
1072,2458677.8269792,268.6973785,-2.1630313,1,18.562999725341797,0.12589700520038605,58677.32697919989
1073,2458677.7532176,268.6973774,-2.1630514,2,15.99370002746582,0.039684999734163284,58677.25321759982
1074,2458674.833588,268.6973831,-2.1630506,1,18.579500198364258,0.10551399737596512,58674.33358799992
1075,2458671.7815394,268.6973717,-2.1630551,1,18.579500198364258,0.08323200047016144,58671.28153940011
1076,2458668.8163657,268.6973687,-2.163075,2,16.21299934387207,0.03925900161266327,58668.316365700215
1077,2458665.7314699,268.6973745,-2.1630552,1,18.757099151611328,0.09644400328397751,58665.23146989988
1078,2458660.8356481,268.6973651,-2.1630432,1,18.956100463867188,0.0943320021033287,58660.33564809989
1079,2458657.9413079,268.697425,-2.1630885,1,19.072599411010742,0.15220199525356293,58657.44130790001
1080,2458657.8373611,268.6973833,-2.1630392,2,16.59160041809082,0.054003000259399414,58657.33736110013
1081,2458654.8575116,268.6973707,-2.1630571,2,16.754600524902344,0.06800100207328796,58654.357511600014
1084,2458651.8463889,268.6973865,-2.1630668,2,16.97719955444336,0.07915999740362167,58651.34638890019
1092,2458636.9559259,268.6973183,-2.1631297,1,20.006500244140625,0.18029600381851196,58636.45592590002
1093,2458636.8995718,268.6973685,-2.1630847,2,17.55069923400879,0.22273899614810944,58636.39957180014
1094,2458633.9575116,268.6974292,-2.1630471,1,19.31570053100586,0.1423649936914444,58633.45751160011
1095,2458633.8366204,268.6974245,-2.1630977,2,17.097200393676758,0.1219630017876625,58633.336620400194
1096,2458628.9386806,268.6973989,-2.1630679,1,18.55940055847168,0.12083499878644943,58628.43868059991
1097,2458628.8967245,268.6973846,-2.1630575,2,16.52400016784668,0.1006380021572113,58628.39672450023
1098,2458617.8563079,268.697423,-2.1630905,2,15.687899589538574,0.05785699933767319,58617.356307900045
1099,2458606.8306944,268.6974263,-2.1630702,2,15.329999923706055,0.05229000002145767,58606.330694399774
1100,2458591.9814699,268.697393,-2.1630546,1,17.094100952148438,0.04785500094294548,58591.48146989988
1101,2458591.9601505,268.6973869,-2.1630765,2,15.184399604797363,0.047308001667261124,58591.46015049983
1102,2458588.9799421,268.6973905,-2.1630778,1,17.1476993560791,0.04561600089073181,58588.47994210012
1103,2458588.9393171,268.6973875,-2.1630698,2,15.187800407409668,0.06325600296258926,58588.439317100216
1104,2458585.9213426,268.6973961,-2.1630775,2,15.199799537658691,0.035624999552965164,58585.42134260014
1105,2458581.9667824,268.697391,-2.1630653,1,17.075599670410156,0.05649900063872337,58581.46678239992
1106,2458581.9443519,268.6973955,-2.1630734,2,15.205699920654297,0.044015999883413315,58581.4443518999
1107,2458575.0034375,268.697377,-2.1630936,1,17.176300048828125,0.09676499664783478,58574.50343749998
1108,2458574.9996644,268.6973868,-2.1630773,2,15.373700141906738,0.05902500078082085,58574.49966439977
1111,2458558.9608681,268.6972962,-2.1630683,1,19.43779945373535,0.1506049931049347,58558.46086810017
1112,2458541.0434722,268.6973774,-2.1630585,2,15.58899974822998,0.02539600059390068,58540.54347220017
1113,2458540.9806944,268.6974011,-2.163078,1,18.31279945373535,0.07379399985074997,58540.48069440015
1114,2458374.6900694,268.6973736,-2.1630647,1,18.381000518798828,0.07163699716329575,58374.190069399774
1115,2458371.7096528,268.6973758,-2.1630644,1,18.334299087524414,0.09854800254106522,58371.20965280011
