,jd,ra,dec,fid,magpsf,sigmapsf,mjd
0,2461026.6321296,303.0306405,23.0395397,1,19.17281150817871,0.1633460819721222,61026.132129599806
1,2461026.5929398,303.0306425,23.0395255,2,19.180500030517578,0.12690100073814392,61026.09293980012
2,2461024.6412269,303.0306987,23.0395042,2,19.438800811767578,0.20152199268341064,61024.14122689981
3,2461024.5940972,303.0306939,23.0395223,1,19.4507999420166,0.12765400111675262,61024.09409719985
6,2461020.6352431,303.0306719,23.0395071,1,19.341400146484375,0.187282994389534,61020.135243100114
7,2461020.5884491,303.0306263,23.0394932,2,18.943300247192383,0.11141200363636017,61020.08844910003
8,2461017.649456,303.0306707,23.0395599,2,19.490800857543945,0.1821179986000061,61017.149455999956
9,2461017.5986458,303.0306179,23.039505,1,19.195999145507812,0.12266799807548523,61017.09864579979
10,2461015.6656019,303.030634,23.0395038,2,18.701000213623047,0.16367000341415405,61015.16560189985
11,2461015.6013079,303.0307292,23.0395553,1,19.48150062561035,0.25298500061035156,61015.10130790016
15,2461009.633669,303.0307128,23.0395159,1,19.31329917907715,0.1601099967956543,61009.13366900012
17,2461007.6416088,303.0305909,23.0396025,1,19.55139923095703,0.19397500157356262,61007.14160879981
20,2461005.5910995,303.0306883,23.0394781,1,19.376699447631836,0.119207002222538,61005.09109950019
21,2461003.6573611,303.0305698,23.0394904,2,19.727399826049805,0.20363399386405945,61003.15736109996
22,2461003.5930787,303.0306325,23.0395499,1,19.631000518798828,0.1780329942703247,61003.093078699894
23,2460990.6323843,303.0306945,23.0395134,1,19.50337028503418,0.16844968497753143,60990.13238430023
24,2460990.6323843,303.0306945,23.0395134,1,19.503400802612305,0.1684499979019165,60990.13238430023
26,2460988.692963,303.0307115,23.0395747,1,19.531600952148438,0.2059450000524521,60988.19296299992
28,2460986.5754398,303.0306552,23.0395124,1,19.0531005859375,0.14098599553108215,60986.07543980004
31,2460982.6500579,303.0306658,23.0395182,1,19.230989456176758,0.17244736850261688,60982.15005790023
32,2460982.6500579,303.0306658,23.0395182,1,19.231000900268555,0.17244699597358704,60982.15005790023
34,2460980.6506829,303.0306403,23.0395054,1,19.66469955444336,0.21658499538898468,60980.1506829001
35,2460980.6071296,303.030651,23.039537,2,19.167800903320312,0.11505600064992905,60980.1071295999
36,2460978.7682755,303.0306655,23.0396705,2,18.886199951171875,0.15988899767398834,60978.26827549981
38,2460976.6729167,303.0306734,23.0394789,1,18.8439998626709,0.1221029981970787,60976.17291670013
40,2460974.6715625,303.030655,23.0395146,1,19.465200424194336,0.1299149990081787,60974.17156249983
41,2460974.6235069,303.0306731,23.0395224,2,19.37150001525879,0.12969699501991272,60974.12350689992
42,2460972.6832523,303.0306455,23.039519,2,19.51919937133789,0.13107900321483612,60972.183252300136
43,2460972.64125,303.0306622,23.0395368,1,19.30769920349121,0.11447600275278091,60972.14124999987
47,2460965.7043171,303.0306844,23.0395139,1,19.131900787353516,0.13728299736976624,60965.20431709988
48,2460965.6388079,303.0306296,23.0395015,2,19.859100341796875,0.1410599946975708,60965.138807899784
49,2460960.7019213,303.0306474,23.0394909,1,19.12030029296875,0.10271599888801575,60960.20192130003
51,2460956.6194907,303.0306691,23.0394988,1,19.41010093688965,0.18049100041389465,60956.11949069984
52,2460954.6538079,303.030687,23.039458,1,19.621599197387695,0.28247299790382385,60954.153807899915
56,2460950.7213657,303.0306641,23.0395152,1,19.19610023498535,0.16763900220394135,60950.22136570001
57,2460950.6918171,303.0306045,23.0394794,2,19.675800323486328,0.15833599865436554,60950.19181710016
58,2460948.7478588,303.0306921,23.0395071,1,19.14240074157715,0.10985500365495682,60948.247858799994
59,2460943.726713,303.030686,23.0394538,2,19.996299743652344,0.17319099605083466,60943.226712999865
60,2460943.6780324,303.0306763,23.0395364,1,19.61989974975586,0.1404930055141449,60943.17803240009
61,2460941.7017593,303.0306303,23.0394988,2,19.34709930419922,0.11745700240135193,60941.201759300195
62,2460938.7484954,303.0306738,23.0395112,1,19.385499954223633,0.13447600603103638,60938.24849539995
64,2460934.8002315,303.0306714,23.039532,1,18.97640037536621,0.11502300202846527,60934.30023150006
66,2460932.6960185,303.0306058,23.0394736,2,19.603099822998047,0.13706499338150024,60932.19601849979
67,2460932.6747222,303.0306515,23.0395167,1,19.125600814819336,0.10225699841976166,60932.174722199794
68,2460928.7812269,303.0306701,23.0395251,1,19.718299865722656,0.1898760050535202,60928.28122689994
71,2460924.7222569,303.0306127,23.0395475,1,19.585500717163086,0.20678600668907166,60924.22225689981
72,2460924.6734722,303.0306633,23.0395241,2,19.50670051574707,0.26778799295425415,60924.173472200055
74,2460922.683287,303.0306612,23.0395307,1,19.28059959411621,0.17967499792575836,60922.18328699982
75,2460920.8046991,303.0306752,23.0394723,1,19.34488296508789,0.13017748296260834,60920.30469910009
76,2460920.8046991,303.0306752,23.0394723,1,19.344900131225586,0.13017700612545013,60920.30469910009
77,2460920.7043981,303.0306563,23.0395186,2,19.577800750732422,0.18200400471687317,60920.2043980998
78,2460918.7789236,303.0306569,23.0394906,1,19.536100387573242,0.11884800344705582,60918.27892359998
79,2460918.7095255,303.0306373,23.0394625,2,19.74090003967285,0.15738600492477417,60918.20952549996
80,2460916.6988079,303.0306506,23.0395332,1,19.54360008239746,0.17821000516414642,60916.19880789984
81,2460913.811412,303.0306533,23.0395172,1,19.47010040283203,0.11332699656486511,60913.3114120001
82,2460911.8097685,303.0306577,23.0395006,2,19.565500259399414,0.1332540065050125,60911.30976849981
83,2460911.7564236,303.030681,23.0395433,1,19.88129997253418,0.18265700340270996,60911.25642360002
84,2460909.8021991,303.0306504,23.0395255,1,19.128599166870117,0.10494600236415863,60909.302199100144
85,2460909.8021991,303.0306504,23.0395255,1,19.128599166870117,0.10494600236415863,60909.302199100144
86,2460903.7641551,303.0306649,23.0394984,1,19.494394302368164,0.12455359846353531,60903.2641551001
87,2460903.7641551,303.0306649,23.0394984,1,19.494400024414062,0.12455400079488754,60903.2641551001
88,2460901.7547569,303.0306478,23.039502,1,18.876699447631836,0.1038459986448288,60901.254756900016
89,2460901.7547569,303.0306478,23.039502,1,18.876699447631836,0.1038459986448288,60901.254756900016
90,2460901.6997917,303.0306503,23.0395534,2,19.465099334716797,0.112745001912117,60901.19979170011
91,2460901.6997917,303.0306503,23.0395534,2,19.465099334716797,0.112745001912117,60901.19979170011
93,2460899.6755903,303.0306878,23.0394237,1,19.767900466918945,0.19974499940872192,60899.1755903
94,2460897.7441435,303.0306584,23.0394628,2,19.50309944152832,0.21302199363708496,60897.24414349999
95,2460897.7441435,303.0306584,23.0394628,2,19.50309944152832,0.21302199363708496,60897.24414349999
98,2460895.7022454,303.0306276,23.039469,1,19.293399810791016,0.2302049994468689,60895.20224539982
99,2460892.9059144,303.0306611,23.0394649,2,19.601730346679688,0.13773931562900543,60892.40591439977
100,2460892.9059144,303.0306611,23.0394649,2,19.601699829101562,0.13773900270462036,60892.40591439977
101,2460892.8745255,303.0306537,23.0395176,1,19.53499984741211,0.15804199874401093,60892.374525499996
103,2460890.830706,303.0306443,23.0394981,1,19.861900329589844,0.19352400302886963,60890.33070599986
104,2460888.8522569,303.0306678,23.0394976,1,20.029499053955078,0.14683300256729126,60888.352256900165
105,2460886.8020023,303.0305997,23.0394879,2,19.941999435424805,0.15461300313472748,60886.30200230004
106,2460886.7742593,303.0306476,23.039537,1,19.486000061035156,0.1426209956407547,60886.27425929997
107,2460884.8047685,303.0306566,23.0395067,1,19.158000946044922,0.11615700274705887,60884.30476849992
108,2460884.783044,303.0306679,23.0394624,2,19.573200225830078,0.1201850026845932,60884.283044000156
109,2460882.8597338,303.0306632,23.0394844,1,19.386499404907227,0.11633100360631943,60882.35973379994
111,2460880.802662,303.0306374,23.0395213,1,19.86258316040039,0.1821209341287613,60880.30266200006
112,2460880.802662,303.0306374,23.0395213,1,19.862600326538086,0.18212099373340607,60880.30266200006
113,2460878.8572801,303.0306286,23.0395277,1,20.117097854614258,0.16150377690792084,60878.35728010023
115,2460876.8165278,303.0305988,23.0395052,1,19.604700088500977,0.13068799674510956,60876.31652780017
116,2460873.7861458,303.030652,23.0394908,2,19.39940071105957,0.11654999852180481,60873.28614579979
117,2460873.7376273,303.0306709,23.0394959,1,19.120399475097656,0.14573700726032257,60873.23762729997
119,2460871.7451042,303.0306894,23.0395172,1,19.78059959411621,0.19791199266910553,60871.24510420021
128,2460860.9335417,303.0305718,23.0395044,1,20.319000244140625,0.18004600703716278,60860.43354169978
129,2460858.9483449,303.0306245,23.0395106,2,19.387800216674805,0.10498999804258347,60858.44834489981
132,2460855.8433912,303.0306519,23.0394882,2,19.417699813842773,0.1580680012702942,60855.34339120006
133,2460853.8528588,303.0306154,23.0395039,2,19.367090225219727,0.0895184874534607,60853.352858799975
134,2460853.8528588,303.0306154,23.0395039,2,19.36709976196289,0.0895180031657219,60853.352858799975
136,2460851.8002199,303.0306128,23.0395244,2,19.446773529052734,0.11713053286075592,60851.300219899975
137,2460851.8002199,303.030612,23.0395228,2,19.430599212646484,0.11788800358772278,60851.300219899975
139,2460849.797419,303.0306404,23.0395109,2,19.742300033569336,0.13460299372673035,60849.29741899995
140,2460847.8695949,303.0306578,23.0395142,1,19.556787490844727,0.14988000690937042,60847.36959489994
142,2460847.8390509,303.0306654,23.0394818,2,19.739900588989258,0.15447500348091125,60847.33905090019
144,2460845.8980903,303.0306529,23.0395063,1,19.373600006103516,0.12302099913358688,60845.39809030015
145,2460845.8129514,303.0306425,23.0394583,2,19.779800415039062,0.14232100546360016,60845.312951399945
147,2460843.7871644,303.0306742,23.0394992,1,20.02280044555664,0.20150600373744965,60843.287164399866
153,2460834.9368866,303.0306344,23.0394744,1,19.834800720214844,0.1876469999551773,60834.43688660022
154,2460832.9563194,303.0307222,23.0395182,2,19.736099243164062,0.15454299747943878,60832.45631940011
155,2460832.9100579,303.0306413,23.0394922,1,19.614200592041016,0.14224399626255035,60832.41005790001
156,2460830.9076273,303.0306061,23.0395161,1,19.729799270629883,0.16499300301074982,60830.407627299894
157,2460830.9076273,303.0306061,23.0395161,1,19.729799270629883,0.16499300301074982,60830.407627299894
160,2460823.8830556,303.0306467,23.0395245,1,19.2593994140625,0.10181400179862976,60823.38305559987
161,2460821.8732639,303.0306596,23.0395053,2,19.256200790405273,0.14953500032424927,60821.37326390017
162,2460821.8221065,303.0306013,23.0395779,1,19.215099334716797,0.14549000561237335,60821.322106500156
163,2460819.9322338,303.030664,23.0395007,1,19.628299713134766,0.11726199835538864,60819.43223380018
164,2460817.9450231,303.0306642,23.0394849,1,19.66200065612793,0.10805000364780426,60817.44502309989
165,2460817.9205208,303.0306778,23.0394782,2,19.83340072631836,0.1703770011663437,60817.420520800166
166,2460815.9425347,303.0305889,23.0395459,1,20.229700088500977,0.23969200253486633,60815.442534700036
169,2460805.945787,303.0306586,23.0395261,1,19.296899795532227,0.14508099853992462,60805.445787000004
172,2460802.9470833,303.0305973,23.039537,1,20.29840087890625,0.23103700578212738,60802.44708329998
173,2460797.9133796,303.0307048,23.0394864,2,20.00189971923828,0.19211600720882416,60797.413379599806
174,2460794.9989236,303.0305784,23.0394884,1,19.6382999420166,0.16478599607944489,60794.498923600186
178,2460775.9880324,303.0306555,23.0394174,1,19.66320037841797,0.1767980009317398,60775.48803240014
181,2460771.9741551,303.0306249,23.0395125,2,19.361600875854492,0.14937500655651093,60771.47415510006
184,2460759.0123495,303.0306455,23.0394912,2,19.677600860595703,0.17415300011634827,60758.512349499855
185,2460758.9691898,303.0306015,23.0395641,1,19.391799926757812,0.22333599627017975,60758.46918979986
190,2460653.5999884,303.0306289,23.039527,2,19.14805030822754,0.1308259814977646,60653.099988400005
192,2460651.602662,303.0306644,23.0394903,1,19.742300033569336,0.2060299962759018,60651.102661999874
193,2460647.6158681,303.0306659,23.0394618,1,19.550399780273438,0.1655769944190979,60647.115868099965
194,2460645.623206,303.0306777,23.0395415,2,19.242799758911133,0.13596199452877045,60645.123205999844
198,2460636.6232523,303.0306607,23.0395058,2,19.187599182128906,0.1163799986243248,60636.12325230008
200,2460634.6417014,303.0307363,23.0395613,1,19.965700149536133,0.2430579960346222,60634.141701399814
204,2460627.6526736,303.0305846,23.0394293,1,19.062400817871094,0.19738100469112396,60627.152673599776
205,2460627.596794,303.0306252,23.0395178,2,18.97209930419922,0.13244600594043732,60627.096793999895
206,2460625.6368171,303.0306692,23.0395086,2,19.444000244140625,0.14382800459861755,60625.13681709999
207,2460625.5947222,303.0306895,23.0395325,1,19.166200637817383,0.12874700129032135,60625.094722200185
211,2460618.6211227,303.0306636,23.0394791,1,19.755800247192383,0.14702099561691284,60618.12112270016
213,2460615.7266435,303.0306857,23.0394627,1,19.704700469970703,0.18647600710391998,60615.22664349992
216,2460609.6441551,303.0306278,23.039487,2,18.934499740600586,0.09757500141859055,60609.14415509999
217,2460609.6089699,303.030674,23.0395151,1,19.110300064086914,0.13136599957942963,60609.108969899826
218,2460609.6089699,303.030674,23.0395151,1,19.110300064086914,0.13136599957942963,60609.108969899826
219,2460607.6528009,303.0306484,23.0394536,2,19.75,0.18505099415779114,60607.15280089993
220,2460607.6288426,303.0306536,23.0394894,1,19.464500427246094,0.11683499813079834,60607.128842600156
223,2460598.6666551,303.0306876,23.0395048,1,19.225799560546875,0.1365099996328354,60598.16665509995
224,2460598.6318403,303.0306664,23.0394963,2,19.216999053955078,0.12664200365543365,60598.131840299815
225,2460596.6712037,303.0306483,23.0394845,1,19.106300354003906,0.09056700021028519,60596.171203699894
226,2460596.6308449,303.0306214,23.0395054,2,19.05190086364746,0.10610800236463547,60596.13084489992
227,2460593.723912,303.030694,23.0395091,1,19.630300521850586,0.1400189995765686,60593.22391200019
229,2460591.7073495,303.0306521,23.0395074,1,19.30190086364746,0.11033499985933304,60591.20734950015
231,2460580.6507176,303.0306459,23.0395045,2,19.457000732421875,0.17782199382781982,60580.15071759978
232,2460578.6950347,303.0306406,23.0395078,2,19.367799758911133,0.11511600017547607,60578.19503469998
235,2460568.8023264,303.0306414,23.0394953,2,18.90595054626465,0.10467910766601562,60568.30232639983
236,2460568.8023264,303.0306413,23.039495,2,18.88520050048828,0.10368599742650986,60568.30232639983
237,2460568.7566898,303.0306824,23.0395306,1,19.231399536132812,0.1349799931049347,60568.25668979995
238,2460568.7566898,303.030684,23.0395296,1,19.23419952392578,0.1338600069284439,60568.25668979995
241,2460564.7354167,303.0306575,23.0395039,1,19.38159942626953,0.1109670028090477,60564.23541670013
242,2460562.8336343,303.0306315,23.0394303,2,19.913700103759766,0.1788029968738556,60562.33363430016
243,2460562.7348264,303.0306904,23.0394957,1,19.654499053955078,0.15869200229644775,60562.234826399945
245,2460558.7799653,303.0306667,23.0394743,1,19.637800216674805,0.16863399744033813,60558.27996530011
246,2460558.7079977,303.0306378,23.0395261,2,19.240999221801758,0.13369500637054443,60558.2079977002
247,2460556.7652083,303.0306828,23.0394911,1,19.46980094909668,0.11613599956035614,60556.2652083002
248,2460556.7298611,303.0306513,23.0395034,2,19.34950065612793,0.1081790030002594,60556.229861100204
249,2460554.7610648,303.030665,23.0395167,1,19.484500885009766,0.1338289976119995,60554.26106479997
250,2460554.7521875,303.0306756,23.0395004,2,19.29520034790039,0.09896399825811386,60554.25218749978
251,2460552.7893981,303.0306486,23.0395092,1,19.285400390625,0.11374499648809433,60552.28939810023
252,2460552.7708102,303.0306302,23.0395003,2,19.568700790405273,0.11659599840641022,60552.2708101999
253,2460550.7877662,303.030657,23.0395004,1,19.64259910583496,0.1334570050239563,60550.287766200025
255,2460548.8304861,303.0306352,23.0395032,2,19.278400421142578,0.13775299489498138,60548.33048610017
256,2460548.7846875,303.0306473,23.0394875,1,19.15519905090332,0.1038070023059845,60548.28468749998
257,2460546.8325347,303.0306648,23.0394669,1,19.471099853515625,0.20660099387168884,60546.33253470017
259,2460544.8682755,303.0306844,23.0394519,1,19.073699951171875,0.1326259970664978,60544.3682754999
261,2460540.8283912,303.0307332,23.0394333,1,19.660999298095703,0.2543390095233917,60540.32839119993
265,2460536.795544,303.0306033,23.0394873,1,20.16047477722168,0.19084148108959198,60536.29554399988
266,2460536.795544,303.0306033,23.0394873,1,20.160499572753906,0.19084100425243378,60536.29554399988
268,2460531.8301736,303.0306648,23.0395155,1,19.60336685180664,0.13032706081867218,60531.3301736
269,2460531.8301736,303.0306648,23.0395155,1,19.6033992767334,0.1303270012140274,60531.3301736
270,2460531.7579282,303.0306989,23.039522,2,19.436100006103516,0.12499299645423889,60531.257928200066
271,2460529.8301389,303.0307136,23.0394782,1,20.32830047607422,0.2536959946155548,60529.33013889985
273,2460527.756794,303.0306171,23.0394719,2,20.09980010986328,0.17333200573921204,60527.256794000044
274,2460527.756794,303.0306171,23.0394719,2,20.09980010986328,0.17333200573921204,60527.256794000044
275,2460525.7744676,303.0306375,23.0395478,2,19.84819984436035,0.16237400472164154,60525.274467600044
278,2460522.7831713,303.0306257,23.0395085,2,19.38680076599121,0.1582140028476715,60522.283171299845
279,2460520.8612731,303.030627,23.0395236,2,19.62220001220703,0.15376399457454681,60520.361273100134
280,2460520.8612731,303.030627,23.0395236,2,19.62220001220703,0.15376399457454681,60520.361273100134
281,2460520.8365856,303.0307117,23.0396388,1,20.284500122070312,0.22862599790096283,60520.33658559993
282,2460520.8365856,303.0307117,23.0396388,1,20.284500122070312,0.22862599790096283,60520.33658559993
286,2460515.7864583,303.030573,23.0395015,2,19.6466007232666,0.21451599895954132,60515.28645829996
289,2460510.8375,303.0306029,23.0394808,2,19.256200790405273,0.13357099890708923,60510.33749999991
290,2460508.8188889,303.0306352,23.0395714,2,19.45009994506836,0.12345699965953827,60508.31888889987
291,2460505.8371296,303.0306203,23.0395141,1,20.317399978637695,0.20741300284862518,60505.33712959988
293,2460503.8476852,303.0306011,23.0395905,1,20.136600494384766,0.3082529902458191,60503.34768520016
295,2460501.8569097,303.030652,23.0395043,2,19.603599548339844,0.11423099786043167,60501.356909700204
296,2460499.8509144,303.0307289,23.039621,1,20.13759994506836,0.20476500689983368,60499.35091440007
297,2460499.8199653,303.0306384,23.0394815,2,19.504199981689453,0.12435399740934372,60499.31996530015
298,2460496.9650579,303.0306464,23.0395377,2,19.13759994506836,0.08769100159406662,60496.465057900175
299,2460496.9645833,303.0306346,23.0395261,2,19.196199417114258,0.12055200338363647,60496.464583300054
300,2460496.9641204,303.030641,23.0395167,2,19.15410041809082,0.11805800348520279,60496.46412040014
301,2460496.9636458,303.0306254,23.0395229,2,19.117599487304688,0.10703100264072418,60496.46364580002
302,2460496.9631713,303.0306466,23.0394882,2,19.126300811767578,0.09744399785995483,60496.46317130001
303,2460496.9626968,303.0306562,23.0395317,2,19.230600357055664,0.09138000011444092,60496.46269680001
304,2460496.9622338,303.0306542,23.0395528,2,19.09910011291504,0.09699899703264236,60496.462233799975
305,2460496.9617593,303.0306349,23.0395152,2,19.151500701904297,0.11073800176382065,60496.46175929997
306,2460496.9612847,303.030627,23.0395145,2,19.134899139404297,0.08890300244092941,60496.46128469985
307,2460496.9608218,303.0306558,23.0395255,2,19.086700439453125,0.08471900224685669,60496.460821799934
308,2460496.9603472,303.0306279,23.0394938,2,19.17930030822754,0.08028999716043472,60496.46034719981
309,2460496.9598727,303.0306355,23.0395108,2,19.04199981689453,0.1142600029706955,60496.45987269981
310,2460496.9594097,303.0306434,23.0395276,2,19.018800735473633,0.08439599722623825,60496.459409699775
311,2460496.9589352,303.0306451,23.0395245,2,19.0718994140625,0.09068600088357925,60496.45893519977
312,2460496.9584606,303.0306173,23.039499,2,19.09119987487793,0.07800599932670593,60496.458460600115
313,2460496.9579977,303.0306313,23.039525,2,19.0757999420166,0.08064399659633636,60496.4579977002
314,2460496.9575231,303.0306531,23.0395286,2,19.020700454711914,0.08388800173997879,60496.45752310008
315,2460496.9570602,303.0306336,23.0395349,2,19.033599853515625,0.11643499881029129,60496.45706020016
316,2460496.9565856,303.0306432,23.0395272,2,19.05419921875,0.09207800030708313,60496.45658560004
317,2460496.9561111,303.0306238,23.0395414,2,19.149599075317383,0.09475400298833847,60496.45611110004
318,2460496.9556481,303.0306532,23.0395427,2,19.219200134277344,0.10193400084972382,60496.4556481
319,2460496.9551736,303.0306481,23.0395151,2,19.207799911499023,0.08586300164461136,60496.4551736
320,2460496.9547106,303.0306223,23.0395174,2,19.146299362182617,0.07696499675512314,60496.454710599966
321,2460496.9542361,303.0306111,23.0395065,2,19.25029945373535,0.08638300001621246,60496.45423609996
322,2460496.9537616,303.0306396,23.0395218,2,19.137699127197266,0.08704700320959091,60496.45376159996
323,2460496.9532986,303.03063,23.0395296,2,19.19540023803711,0.08968699723482132,60496.453298599925
324,2460496.9528241,303.0306439,23.0395234,2,19.134899139404297,0.08891300112009048,60496.45282409992
325,2460496.9523495,303.030656,23.0395253,2,19.249000549316406,0.11349400132894516,60496.4523494998
326,2460496.9518866,303.0306555,23.0395454,2,19.2283992767334,0.08846700191497803,60496.45188659988
327,2460496.951412,303.0306217,23.0395339,2,19.261899948120117,0.09682100266218185,60496.45141200023
328,2460496.9509375,303.0306481,23.039543,2,19.193199157714844,0.10891000181436539,60496.45093750022
329,2460496.950463,303.0306252,23.0395608,2,19.24329948425293,0.12002299726009369,60496.45046300022
330,2460496.95,303.0306292,23.0395191,2,19.11280059814453,0.0670199990272522,60496.450000000186
331,2460496.9495255,303.0306467,23.039529,2,19.125,0.08017899841070175,60496.44952550018
332,2460496.9490509,303.0306036,23.0395275,2,19.14189910888672,0.07739999890327454,60496.44905090006
333,2460496.948588,303.030634,23.039529,2,19.189699172973633,0.09492000192403793,60496.448588000145
334,2460496.9481134,303.0306181,23.0395261,2,19.106700897216797,0.07735300064086914,60496.44811340002
335,2460496.9476389,303.0306256,23.0395519,2,19.125900268554688,0.0983859971165657,60496.44763890002
336,2460496.9471759,303.0306399,23.0395002,2,19.01490020751953,0.06954199820756912,60496.447175899986
337,2460496.9467014,303.0306593,23.0395114,2,19.055999755859375,0.09718099981546402,60496.44670139998
338,2460496.9462269,303.0306392,23.0395074,2,19.118200302124023,0.0944489985704422,60496.44622689998
339,2460496.9457523,303.0306175,23.0395361,2,19.135299682617188,0.08888699859380722,60496.44575229986
340,2460496.9452894,303.0306472,23.0395263,2,19.10260009765625,0.0810530036687851,60496.44528939994
341,2460496.9448148,303.0306481,23.0395203,2,19.127300262451172,0.09950900077819824,60496.44481479982
342,2460496.9443403,303.0306394,23.039519,2,19.075199127197266,0.11473099887371063,60496.444340299815
343,2460496.9438657,303.0306353,23.0395594,2,19.093599319458008,0.09387099742889404,60496.44386570016
344,2460496.9434028,303.0306364,23.0395392,2,19.1294002532959,0.08987700194120407,60496.44340279978
345,2460496.9429282,303.030631,23.039554,2,19.146699905395508,0.10931400209665298,60496.44292820012
346,2460496.9424537,303.0306538,23.0395649,2,19.213300704956055,0.09991300106048584,60496.44245370012
347,2460496.9419907,303.0306412,23.0395459,2,19.263200759887695,0.11901900172233582,60496.441990700085
348,2460496.9415162,303.0306336,23.0395362,2,19.146799087524414,0.09222199767827988,60496.44151620008
349,2460496.9410417,303.0306182,23.0394947,2,19.23870086669922,0.08879800140857697,60496.441041700076
350,2460496.9405787,303.0306494,23.0395636,2,19.195499420166016,0.10192800313234329,60496.44057870004
351,2460496.9401042,303.0306413,23.0395298,2,19.279499053955078,0.09532000124454498,60496.44010420004
352,2460496.9396296,303.0306444,23.039501,2,19.155099868774414,0.09244100004434586,60496.43962959992
353,2460496.9391667,303.0306522,23.0395119,2,19.100500106811523,0.09893400222063065,60496.4391667
354,2460496.9386921,303.0306629,23.0395224,2,19.061500549316406,0.0938510000705719,60496.43869209988
355,2460496.9382176,303.0306294,23.0395207,2,19.102699279785156,0.1014930009841919,60496.438217599876
356,2460496.9377546,303.0306403,23.0395315,2,19.094999313354492,0.11266200244426727,60496.43775459984
357,2460496.9372801,303.0306644,23.0395138,2,19.102699279785156,0.08098000288009644,60496.43728009984
358,2460496.9368056,303.0306329,23.0395388,2,19.011899948120117,0.08470200002193451,60496.436805599835
359,2460496.936331,303.0306367,23.0395209,2,18.906999588012695,0.07056800276041031,60496.43633100018
360,2460496.9358681,303.0306439,23.0395387,2,19.002899169921875,0.10464199632406235,60496.4358680998
361,2460496.9353935,303.0306234,23.0395102,2,19.006000518798828,0.0761839970946312,60496.43539350014
362,2460496.9349306,303.0306315,23.0395119,2,19.008699417114258,0.07071100175380707,60496.434930600226
363,2460496.934456,303.0306658,23.0395271,2,18.96940040588379,0.08066999912261963,60496.434456000105
364,2460496.9339815,303.0306704,23.0395245,2,19.067800521850586,0.0804629996418953,60496.4339815001
365,2460496.9335185,303.0306303,23.0395271,2,19.12849998474121,0.07703100144863129,60496.43351850007
366,2460496.933044,303.0306492,23.0395129,2,19.068700790405273,0.08169899880886078,60496.43304400006
367,2460496.9325694,303.03064,23.0395114,2,19.085100173950195,0.09261500090360641,60496.43256939994
368,2460496.9320949,303.0306253,23.0395251,2,19.14240074157715,0.07357899844646454,60496.43209489994
369,2460496.9316204,303.0306362,23.0395292,2,19.097000122070312,0.0842519998550415,60496.43162039993
370,2460496.9311458,303.0306232,23.0395163,2,19.154499053955078,0.10684499889612198,60496.43114579981
371,2460496.9306829,303.0306455,23.0395381,2,19.295700073242188,0.10911600291728973,60496.430682899896
372,2460496.9302083,303.0306178,23.0395301,2,19.385099411010742,0.1041790023446083,60496.430208299775
373,2460496.9297338,303.0306178,23.0395289,2,19.3356990814209,0.09327200055122375,60496.42973379977
374,2460496.9292708,303.0306335,23.039546,2,19.236099243164062,0.08719699829816818,60496.4292708002
375,2460496.9287963,303.0306565,23.0395223,2,19.132299423217773,0.08411899954080582,60496.4287963002
376,2460496.9283218,303.0306142,23.0395249,2,19.243000030517578,0.08237999677658081,60496.428321800195
377,2460496.9278588,303.030628,23.0395358,2,19.20560073852539,0.09967199712991714,60496.42785880016
378,2460496.9273843,303.0306299,23.0395388,2,19.122499465942383,0.1043199971318245,60496.42738430016
379,2460496.9269213,303.0306479,23.0395166,2,19.148099899291992,0.08009500056505203,60496.426921300124
380,2460496.9264468,303.0306577,23.0395209,2,19.029699325561523,0.07195000350475311,60496.42644680012
381,2460496.9259722,303.0306267,23.0395165,2,19.144899368286133,0.07068700343370438,60496.4259722
382,2460496.9254977,303.0306294,23.0395264,2,19.14310073852539,0.08094199746847153,60496.425497699995
383,2460496.9250347,303.0306565,23.0395365,2,19.117799758911133,0.1114170029759407,60496.42503469996
384,2460496.9245602,303.0306249,23.0395207,2,19.16069984436035,0.08903399854898453,60496.42456019996
385,2460496.9240856,303.0306408,23.0395271,2,19.14780044555664,0.09705299884080887,60496.424085599836
386,2460496.9236111,303.0306505,23.0395457,2,19.09939956665039,0.08468499779701233,60496.42361109983
387,2460496.9231481,303.0306492,23.0395096,2,19.056900024414062,0.10506699979305267,60496.4231480998
388,2460496.9226736,303.0306243,23.0395235,2,19.032800674438477,0.0814799964427948,60496.422673599795
389,2460496.9221991,303.0306224,23.0395088,2,19.0757999420166,0.09091699868440628,60496.42219909979
390,2460496.9217245,303.030628,23.039534,2,19.08009910583496,0.08216200023889542,60496.421724500135
391,2460496.92125,303.0306437,23.0394964,2,19.059999465942383,0.09678799659013748,60496.42125000013
393,2460496.920787,303.0306409,23.0395294,2,19.178199768066406,0.09684000164270401,60496.4207870001
394,2460496.9203125,303.0306518,23.03953,2,19.055999755859375,0.08492399752140045,60496.42031250009
395,2460496.919838,303.0306565,23.0395052,2,19.122100830078125,0.09966400265693665,60496.41983800009
396,2460496.9193634,303.0306151,23.0395352,2,19.151500701904297,0.07529699802398682,60496.41936339997
397,2460496.9189005,303.0306156,23.0395396,2,19.211599349975586,0.10340599715709686,60496.41890050005
398,2460496.9184259,303.0306473,23.0395278,2,19.25950050354004,0.09577599912881851,60496.41842589993
399,2460496.9179514,303.030652,23.0395003,2,19.388500213623047,0.12599800527095795,60496.417951399926
400,2460496.9174769,303.0306506,23.0395283,2,19.475200653076172,0.1208840012550354,60496.41747689992
401,2460496.9170023,303.0306347,23.0395095,2,19.340999603271484,0.09405799955129623,60496.4170022998
402,2460496.9165394,303.0306042,23.0395345,2,19.31730079650879,0.10541799664497375,60496.416539399885
403,2460496.9160648,303.0306327,23.0395389,2,19.267200469970703,0.10546399652957916,60496.41606480023
404,2460496.9155903,303.0306313,23.0395364,2,19.22279930114746,0.08785200119018555,60496.415590300225
405,2460496.9151157,303.030654,23.0395381,2,19.141300201416016,0.09535600244998932,60496.4151157001
406,2460496.9146528,303.0306429,23.0395296,2,19.111600875854492,0.10513400286436081,60496.41465280019
407,2460496.9141782,303.030617,23.0395313,2,19.1156005859375,0.0875609964132309,60496.414178200066
408,2460496.9137037,303.0306189,23.0395292,2,19.28179931640625,0.11039400100708008,60496.41370370006
409,2460496.9132407,303.0306285,23.0395112,2,19.16029930114746,0.09904800355434418,60496.41324070003
412,2460496.9122917,303.0306736,23.0395586,2,19.23390007019043,0.08463600277900696,60496.41229170002
413,2460496.9118171,303.0306526,23.0395138,2,19.129499435424805,0.08515000343322754,60496.4118170999
414,2460496.9113426,303.0306554,23.039519,2,19.073200225830078,0.0856420025229454,60496.411342599895
415,2460496.9108796,303.0306416,23.0395082,2,19.0393009185791,0.0994580015540123,60496.41087959986
416,2460496.9104051,303.0306556,23.0395187,2,19.090499877929688,0.07594099640846252,60496.41040509986
417,2460496.9099306,303.0306282,23.0395302,2,19.03190040588379,0.09447000175714493,60496.40993059985
418,2460496.909456,303.030649,23.0395332,2,19.118799209594727,0.08179699629545212,60496.4094560002
419,2460496.9089815,303.0306204,23.0395241,2,18.99410057067871,0.06599699705839157,60496.40898150019
420,2460496.9085185,303.0306381,23.0394968,2,19.10219955444336,0.08382000029087067,60496.40851850016
421,2460496.908044,303.0306211,23.0395048,2,19.194900512695312,0.08798299729824066,60496.408044000156
423,2460496.907581,303.0306331,23.0395099,2,19.062400817871094,0.0835919976234436,60496.40758100012
424,2460496.9071065,303.0306283,23.0395319,2,19.10610008239746,0.08270400017499924,60496.40710650012
425,2460496.9066319,303.0306277,23.0395091,2,19.225299835205078,0.08365999907255173,60496.4066319
426,2460496.9061574,303.030621,23.0395489,2,19.22279930114746,0.10951600223779678,60496.40615739999
427,2460496.9056944,303.0306414,23.0395284,2,19.315099716186523,0.08111000061035156,60496.40569439996
428,2460496.9052199,303.0306677,23.039546,2,19.311199188232422,0.09495799988508224,60496.405219899956
429,2460496.9047569,303.0306504,23.0395268,2,19.283100128173828,0.08755700290203094,60496.40475689992
430,2460496.9038079,303.0306263,23.0395183,2,19.196300506591797,0.09125900268554688,60496.403807899915
431,2460496.9033333,303.0306549,23.0395158,2,19.093700408935547,0.10246899724006653,60496.40333329979
432,2460496.9028704,303.030646,23.0395454,2,19.061399459838867,0.11315599828958511,60496.40287039988
433,2460496.9023958,303.0306576,23.0395271,2,19.10580062866211,0.0879260003566742,60496.40239580022
434,2460496.9019213,303.030635,23.0395341,2,19.112699508666992,0.08180399984121323,60496.40192130022
435,2460496.9014583,303.0306378,23.0395201,2,18.981800079345703,0.07400500029325485,60496.401458300184
436,2460496.9009838,303.0306275,23.0395254,2,19.03510093688965,0.08106300234794617,60496.40098380018
437,2460496.9005093,303.0306474,23.0395348,2,19.075000762939453,0.07661999762058258,60496.400509300176
438,2460496.9000463,303.0306482,23.0395309,2,19.07229995727539,0.09834200143814087,60496.40004630014
439,2460496.8995718,303.0306305,23.0395296,2,19.108400344848633,0.09739299863576889,60496.39957180014
440,2460496.8990972,303.0306099,23.0395319,2,19.078399658203125,0.09603799879550934,60496.39909720002
441,2460496.8986227,303.0306301,23.0395145,2,19.050500869750977,0.10123699903488159,60496.39862270001
442,2460496.8981597,303.0306418,23.0395198,2,19.143299102783203,0.08299499750137329,60496.39815969998
443,2460496.8976852,303.0306223,23.039527,2,19.137100219726562,0.10261200368404388,60496.397685199976
444,2460496.8972106,303.0306359,23.0395344,2,19.074600219726562,0.08640199899673462,60496.397210599855
445,2460496.8967477,303.0306245,23.0395243,2,19.108999252319336,0.09712100028991699,60496.39674769994
446,2460496.8962731,303.0306339,23.039523,2,19.114900588989258,0.07830599695444107,60496.39627309982
447,2460496.8957986,303.030644,23.0395362,2,19.138999938964844,0.08613999933004379,60496.39579859981
449,2460496.8953241,303.0306469,23.039535,2,19.118799209594727,0.07429199665784836,60496.39532409981
450,2460496.8948495,303.0306204,23.0395389,2,19.03660011291504,0.1163019984960556,60496.39484950015
451,2460496.8943866,303.0306526,23.0395446,2,19.228300094604492,0.10648699849843979,60496.39438659977
452,2460496.893912,303.0306573,23.039532,2,19.248600006103516,0.08818399906158447,60496.393912000116
453,2460496.8934375,303.0306133,23.0395637,2,19.29010009765625,0.11455599963665009,60496.39343750011
454,2460496.8929745,303.0306173,23.0395288,2,19.170799255371094,0.10191799700260162,60496.39297450008
455,2460496.8925,303.0306372,23.0395135,2,19.278900146484375,0.09763800352811813,60496.392500000075
456,2460496.8920255,303.0306318,23.039531,2,19.106199264526367,0.096949003636837,60496.39202550007
457,2460496.8915625,303.0306433,23.0395137,2,19.07699966430664,0.08181700110435486,60496.39156250004
458,2460496.891088,303.0306342,23.0395065,2,19.138099670410156,0.07074400037527084,60496.39108800003
459,2460496.8906134,303.0306514,23.0395226,2,19.089099884033203,0.08108799904584885,60496.39061339991
460,2460496.8901505,303.0306398,23.0395164,2,19.084800720214844,0.0864659994840622,60496.390150499996
461,2460496.8896759,303.0306328,23.0395045,2,19.087600708007812,0.08128699660301208,60496.389675899874
462,2460496.8892014,303.0306209,23.0395169,2,19.11709976196289,0.10527399927377701,60496.38920139987
463,2460496.8887384,303.0306182,23.0395013,2,19.070199966430664,0.12309399992227554,60496.38873839984
464,2460496.8882639,303.0306543,23.0395361,2,19.117000579833984,0.08431199938058853,60496.38826389983
465,2460496.8877894,303.0306279,23.0394968,2,19.1205997467041,0.0806640014052391,60496.38778939983
466,2460496.8873264,303.0306602,23.0395543,2,19.12150001525879,0.09758699685335159,60496.387326399796
467,2460496.8868519,303.0306435,23.0394997,2,19.138500213623047,0.10244999825954437,60496.38685189979
468,2460496.8863773,303.0306205,23.039529,2,19.13450050354004,0.09783200174570084,60496.386377300136
469,2460496.8859144,303.0306325,23.0395389,2,19.172100067138672,0.08658300340175629,60496.38591440022
470,2460496.8854398,303.0306515,23.0395185,2,19.087900161743164,0.09396900236606598,60496.3854398001
471,2460496.8849653,303.0306264,23.039501,2,19.076799392700195,0.09760300070047379,60496.384965300094
472,2460496.8845023,303.0306447,23.0395519,2,19.065000534057617,0.09508000314235687,60496.38450230006
473,2460496.8840278,303.0306302,23.0395406,2,19.099599838256836,0.10511299967765808,60496.38402780006
474,2460496.8835532,303.0306491,23.0395489,2,19.0408992767334,0.1113009974360466,60496.383553199936
475,2460496.8830903,303.0306323,23.0395263,2,19.064599990844727,0.08000700175762177,60496.38309030002
476,2460496.8826157,303.0306252,23.0395338,2,19.08289909362793,0.08092699944972992,60496.3826156999
477,2460496.8821412,303.0306043,23.0395303,2,19.048500061035156,0.09216199815273285,60496.382141199894
478,2460496.8816782,303.030626,23.0395323,2,19.094600677490234,0.1001340001821518,60496.38167819986
479,2460496.8812037,303.030634,23.0395509,2,19.100099563598633,0.08374299854040146,60496.38120369986
480,2460496.8807292,303.0306369,23.0395132,2,19.257400512695312,0.1042189970612526,60496.38072919985
481,2460496.8802662,303.0306531,23.0395299,2,19.2593994140625,0.08109799772500992,60496.38026619982
482,2460496.8797917,303.0306239,23.0395174,2,19.13680076599121,0.10398899763822556,60496.379791699816
483,2460496.8793171,303.0306424,23.0395096,2,19.043800354003906,0.09171800315380096,60496.37931710016
484,2460496.8788542,303.030642,23.0395382,2,19.105199813842773,0.09477200359106064,60496.37885419978
485,2460496.8783796,303.0306288,23.0395213,2,19.181400299072266,0.09378200024366379,60496.37837960012
486,2460496.8779167,303.0306167,23.0395282,2,19.059499740600586,0.09125900268554688,60496.37791670021
487,2460496.8774421,303.0306153,23.039514,2,19.11210060119629,0.08447200059890747,60496.377442100085
488,2460496.8769676,303.0306264,23.0395288,2,18.972900390625,0.09666600078344345,60496.37696760008
489,2460496.8765046,303.030659,23.039512,2,19.059099197387695,0.07957900315523148,60496.37650460005
490,2460496.8760301,303.03062,23.039517,2,19.089799880981445,0.0904029980301857,60496.376030100044
491,2460496.8755556,303.0306292,23.0395281,2,19.114200592041016,0.09271799772977829,60496.37555560004
492,2460496.875081,303.0306352,23.0395215,2,19.0231990814209,0.10325899720191956,60496.37508099992
493,2460496.8746181,303.0306419,23.0395205,2,19.030099868774414,0.1085209995508194,60496.3746181
494,2460496.8741435,303.0306393,23.0395094,2,19.050100326538086,0.10165800154209137,60496.37414349988
495,2460496.873669,303.0306188,23.0395445,2,19.109600067138672,0.12492100149393082,60496.37366899988
496,2460496.8731944,303.030621,23.0395216,2,19.192699432373047,0.11816299706697464,60496.37319440022
497,2460496.8727199,303.0306526,23.03951,2,19.060300827026367,0.10380399972200394,60496.37271990022
498,2460496.8722569,303.0306294,23.0395383,2,19.046899795532227,0.1130559965968132,60496.372256900184
499,2460496.8717824,303.0306054,23.0395055,2,19.11440086364746,0.12030000239610672,60496.37178240018
500,2460496.8713079,303.0306576,23.0395324,2,19.122400283813477,0.10547000169754028,60496.371307900175
501,2460496.8708333,303.0306306,23.0395063,2,19.023399353027344,0.09375599771738052,60496.370833300054
502,2460496.8703704,303.0306377,23.0395221,2,19.05150032043457,0.08656500279903412,60496.37037040014
503,2460496.8698958,303.0306297,23.0394945,2,19.070100784301758,0.08003699779510498,60496.36989580002
504,2460496.8694329,303.0306337,23.0395188,2,19.024200439453125,0.09157299995422363,60496.3694329001
505,2460496.8689583,303.030618,23.0395208,2,19.104299545288086,0.081324003636837,60496.36895829998
506,2460496.8684838,303.0306358,23.0394999,2,19.07349967956543,0.1280680000782013,60496.368483799975
507,2460496.8680208,303.0306304,23.0395096,2,19.072200775146484,0.09400399774312973,60496.36802079994
508,2460496.8675463,303.0306374,23.0395194,2,19.02989959716797,0.0914430022239685,60496.36754629994
509,2460496.8670718,303.0306344,23.039532,2,19.033599853515625,0.08334899693727493,60496.367071799934
510,2460496.8665972,303.0306375,23.0395229,2,19.010900497436523,0.0920410007238388,60496.36659719981
511,2460496.8661343,303.0306465,23.0395155,2,19.026899337768555,0.09934700280427933,60496.3661342999
512,2460496.8656597,303.0306332,23.0395046,2,18.97450065612793,0.10593699663877487,60496.365659699775
513,2460496.8651852,303.0306492,23.0395263,2,19.011999130249023,0.10691999644041061,60496.36518519977
514,2460496.8647106,303.0306322,23.0395281,2,19.00309944152832,0.08452799916267395,60496.364710600115
515,2460496.8642477,303.0306442,23.0395305,2,18.969100952148438,0.09245699644088745,60496.3642477002
516,2460496.8637731,303.030629,23.0395282,2,19.02389907836914,0.07965700328350067,60496.36377310008
517,2460496.8632986,303.0306548,23.0395239,2,18.968900680541992,0.08085999637842178,60496.363298600074
518,2460496.8628241,303.0306348,23.0395112,2,18.975299835205078,0.10303699970245361,60496.36282410007
519,2460496.8623611,303.0306352,23.0395206,2,18.97760009765625,0.08323899656534195,60496.36236110004
520,2460496.8618866,303.0306491,23.039496,2,18.99169921875,0.1007160022854805,60496.36188660003
521,2460496.861412,303.0306482,23.0395033,2,19.052200317382812,0.08141899853944778,60496.36141199991
522,2460496.8609375,303.0306398,23.039508,2,19.074899673461914,0.08169300109148026,60496.36093749991
523,2460496.8604745,303.0306435,23.0395121,2,19.02090072631836,0.08301699906587601,60496.360474499874
524,2460496.86,303.0306277,23.0395366,2,19.028099060058594,0.0933300033211708,60496.35999999987
525,2460496.8595255,303.0306461,23.039518,2,18.998600006103516,0.09056399762630463,60496.359525499865
526,2460496.8590509,303.0306334,23.0395225,2,19.07539939880371,0.08203399926424026,60496.35905090021
527,2460496.858588,303.030614,23.0394622,2,19.012800216674805,0.09009700268507004,60496.35858799983
528,2460496.8581134,303.0306147,23.0395059,2,18.955799102783203,0.1003509983420372,60496.35811340017
529,2460496.8576389,303.0306496,23.0395336,2,18.963600158691406,0.07792499661445618,60496.35763890017
530,2460496.8571759,303.0306267,23.0395334,2,18.952600479125977,0.08025400340557098,60496.357175900135
531,2460496.8567014,303.0306312,23.0395311,2,18.922800064086914,0.07357099652290344,60496.35670140013
532,2460496.8562269,303.0306328,23.0395248,2,18.899200439453125,0.07585199922323227,60496.35622690013
533,2460496.8557639,303.0306481,23.0395127,2,18.99519920349121,0.06713300198316574,60496.355763900094
534,2460496.8552894,303.03063,23.039513,2,18.97330093383789,0.07771400362253189,60496.35528940009
535,2460496.8548264,303.0306294,23.039509,2,19.043500900268555,0.08431799709796906,60496.35482640006
536,2460496.8543519,303.0306644,23.0395262,2,19.002399444580078,0.0856970027089119,60496.35435190005
537,2460496.8538773,303.0306286,23.0395301,2,18.97760009765625,0.07960700243711472,60496.35387729993
538,2460496.8534144,303.0306493,23.0395256,2,19.026100158691406,0.07621400058269501,60496.353414400015
539,2460496.8529398,303.0306509,23.0395157,2,18.955400466918945,0.06951099634170532,60496.352939799894
540,2460496.8524653,303.0306504,23.0395175,2,18.92889976501465,0.08406300097703934,60496.35246529989
541,2460496.8520023,303.030628,23.0395307,2,18.896799087524414,0.07294899970293045,60496.35200229986
542,2460496.8515278,303.0306425,23.0395273,2,18.999000549316406,0.08867199718952179,60496.35152779985
543,2460496.8510532,303.0306367,23.0395281,2,19.002899169921875,0.09356299787759781,60496.3510532002
544,2460496.8505787,303.0306448,23.0395101,2,18.98430061340332,0.08008799701929092,60496.35057870019
545,2460496.8501157,303.0306256,23.039525,2,19.032800674438477,0.11483199894428253,60496.35011570016
546,2460496.8496412,303.0306351,23.0395166,2,18.95829963684082,0.07012499868869781,60496.349641200155
547,2460496.8491667,303.030604,23.0395413,2,19.034299850463867,0.11890000104904175,60496.34916670015
548,2460496.8487037,303.0306313,23.039531,2,19.035400390625,0.10954199731349945,60496.34870370012
550,2460496.8482292,303.0306422,23.0395216,2,19.057600021362305,0.08880800008773804,60496.34822920011
551,2460496.8477662,303.0306671,23.0395111,2,19.06369972229004,0.12108399718999863,60496.34776620008
552,2460496.8472917,303.0306555,23.0395335,2,18.99839973449707,0.08934900164604187,60496.347291700076
553,2460496.8468171,303.0306257,23.0395281,2,19.003799438476562,0.09523600339889526,60496.346817099955
554,2460496.8463542,303.0306133,23.0395259,2,18.973400115966797,0.07045499980449677,60496.34635420004
555,2460496.8458796,303.0306656,23.0395179,2,18.95840072631836,0.06912600249052048,60496.34587959992
556,2460496.8454051,303.0306301,23.039498,2,18.89189910888672,0.07522500306367874,60496.34540509991
557,2460496.8449306,303.0306252,23.0395086,2,18.966699600219727,0.07666099816560745,60496.34493059991
558,2460496.8444676,303.030634,23.0395321,2,18.979000091552734,0.09888999909162521,60496.344467599876
559,2460496.8439931,303.0306234,23.0394996,2,18.947099685668945,0.07333099842071533,60496.34399309987
560,2460496.8435185,303.030619,23.0395168,2,19.029399871826172,0.08251400291919708,60496.343518500216
561,2460496.843044,303.0306164,23.0395123,2,19.015899658203125,0.06383199989795685,60496.34304400021
562,2460496.842581,303.0306394,23.0395207,2,18.95560073852539,0.095940001308918,60496.34258100018
563,2460496.8421065,303.0306266,23.0395177,2,19.01449966430664,0.09721100330352783,60496.342106500175
565,2460496.8416435,303.0306353,23.0395149,2,18.991600036621094,0.06022400036454201,60496.34164350014
566,2460496.841169,303.0306316,23.0395111,2,18.872699737548828,0.06594999879598618,60496.34116900014
567,2460496.8406944,303.0306377,23.0395468,2,18.91830062866211,0.08410900086164474,60496.340694400016
568,2460496.8402315,303.0306361,23.0395342,2,18.953500747680664,0.0833669975399971,60496.3402315001
569,2460496.8397569,303.0306391,23.03953,2,18.983600616455078,0.08305399864912033,60496.33975689998
570,2460496.8392824,303.0306376,23.0395307,2,18.995800018310547,0.08265899866819382,60496.339282399975
571,2460496.8388194,303.0306365,23.0395293,2,18.989700317382812,0.07720600068569183,60496.33881939994
572,2460496.8383449,303.0306474,23.0395149,2,19.109699249267578,0.08596400171518326,60496.33834489994
573,2460496.8378704,303.0306158,23.0395439,2,18.98240089416504,0.09361699968576431,60496.33787039993
574,2460496.8374074,303.0306322,23.039549,2,18.930999755859375,0.08246800303459167,60496.3374073999
575,2460496.8369329,303.0306258,23.0395178,2,18.894500732421875,0.0799190029501915,60496.336932899896
576,2460496.8364583,303.0306432,23.0395248,2,18.93899917602539,0.10519099980592728,60496.336458299775
577,2460496.8359954,303.0306323,23.0395327,2,18.950599670410156,0.06954900175333023,60496.33599539986
578,2460496.8355208,303.0306495,23.039518,2,19.040000915527344,0.07539299875497818,60496.3355208002
579,2460496.8350463,303.0306337,23.0395309,2,18.999500274658203,0.0951320007443428,60496.3350463002
580,2460496.8345833,303.0306411,23.0395155,2,18.961700439453125,0.0736749991774559,60496.334583300166
581,2460496.8341088,303.0306541,23.0395301,2,18.89739990234375,0.07732100039720535,60496.33410880016
582,2460496.8336343,303.0306377,23.0395355,2,18.895000457763672,0.09725400060415268,60496.33363430016
583,2460496.8331597,303.0306341,23.0395391,2,18.99139976501465,0.10105399787425995,60496.333159700036
584,2460496.8326852,303.0306482,23.0395265,2,18.945499420166016,0.07357999682426453,60496.33268520003
585,2460496.8322222,303.0306463,23.0395005,2,18.99329948425293,0.08605799823999405,60496.3322222
586,2460496.8317477,303.0306403,23.0395227,2,18.94809913635254,0.08488500118255615,60496.331747699995
587,2460496.8312731,303.0306451,23.0395073,2,19.082399368286133,0.09021899849176407,60496.33127309987
588,2460496.8308102,303.0306447,23.0395232,2,19.030000686645508,0.07226400077342987,60496.33081019996
589,2460496.8303356,303.0306427,23.0395222,2,18.933000564575195,0.07561500370502472,60496.330335599836
590,2460496.8298611,303.0306464,23.039509,2,18.99489974975586,0.08431900292634964,60496.32986109983
591,2460496.8293981,303.0306601,23.039538,2,18.958200454711914,0.08187299966812134,60496.3293980998
592,2460496.8289236,303.0306389,23.03952,2,19.002199172973633,0.08084399998188019,60496.328923599795
593,2460496.8284491,303.0306408,23.0395267,2,19.04129981994629,0.09335199743509293,60496.32844909979
594,2460496.8279861,303.0306447,23.0395263,2,18.929899215698242,0.0756630003452301,60496.32798610022
595,2460496.8275116,303.0306381,23.0395416,2,18.973800659179688,0.07294400036334991,60496.32751160022
596,2460496.827037,303.0306343,23.0395348,2,18.96500015258789,0.10293500125408173,60496.3270370001
597,2460496.8265625,303.0306344,23.0395154,2,19.00779914855957,0.07880499958992004,60496.32656250009
598,2460496.8260995,303.0306211,23.0395256,2,19.031999588012695,0.1098100021481514,60496.32609950006
599,2460496.825625,303.0306201,23.0395329,2,19.037500381469727,0.07586299628019333,60496.325625000056
600,2460496.8251505,303.0306269,23.0395206,2,18.90999984741211,0.10580100119113922,60496.32515050005
601,2460496.8246875,303.0306262,23.0395266,2,18.97949981689453,0.09091299772262573,60496.32468750002
602,2460496.824213,303.0306255,23.0395329,2,18.946300506591797,0.08729299902915955,60496.324213000014
603,2460496.8237384,303.0306511,23.0395379,2,18.93440055847168,0.08852100372314453,60496.32373839989
605,2460496.8232755,303.0306189,23.039509,2,18.94059944152832,0.08893799781799316,60496.32327549998
606,2460496.8228009,303.0306201,23.0395217,2,18.942899703979492,0.08329399675130844,60496.322800899856
607,2460496.8223264,303.0306455,23.0395249,2,19.02720069885254,0.08541399985551834,60496.32232639985
608,2460496.8218634,303.0306606,23.0395418,2,18.96649932861328,0.09056799858808517,60496.32186339982
609,2460496.8213889,303.0306454,23.0395363,2,19.01219940185547,0.06606400012969971,60496.321388899814
610,2460496.8209259,303.0306579,23.0395211,2,18.99839973449707,0.07609199732542038,60496.32092589978
611,2460496.8204514,303.0306341,23.0395182,2,19.023500442504883,0.07281000167131424,60496.32045139978
612,2460496.8199769,303.0306339,23.0395515,2,19.030500411987305,0.09305000305175781,60496.31997689977
613,2460496.8195023,303.0306214,23.0395379,2,19.094200134277344,0.09942100197076797,60496.31950230012
614,2460496.8190278,303.0306279,23.0395398,2,19.138599395751953,0.094370998442173,60496.31902780011
615,2460496.8185648,303.0306501,23.0395027,2,19.08679962158203,0.09688500314950943,60496.31856480008
616,2460496.8180903,303.0306462,23.0395327,2,19.079200744628906,0.09890799969434738,60496.318090300076
617,2460496.8176157,303.0306237,23.0395252,2,18.984500885009766,0.09427899867296219,60496.317615699954
618,2460496.8171528,303.0306382,23.0395188,2,19.098499298095703,0.09790199995040894,60496.31715280004
619,2460496.8166782,303.0306548,23.0395073,2,19.067399978637695,0.08040499687194824,60496.31667819992
620,2460496.8162037,303.0306324,23.0395311,2,18.984100341796875,0.08254799991846085,60496.31620369991
622,2460496.8157292,303.0306625,23.0395282,2,19.048500061035156,0.09853000193834305,60496.31572919991
623,2460496.8152546,303.030647,23.0395312,2,19.024999618530273,0.07218199968338013,60496.31525459979
624,2460496.8147801,303.0306471,23.0395377,2,19.11479949951172,0.10558100044727325,60496.31478009978
625,2460496.8143171,303.0306394,23.039542,2,19.099199295043945,0.08808399736881256,60496.314317100216
626,2460496.8138426,303.0306279,23.0395338,2,19.03230094909668,0.1076200008392334,60496.31384260021
627,2460496.8133681,303.0306374,23.0395365,2,19.045700073242188,0.10818800330162048,60496.31336810021
628,2460496.8129051,303.0306494,23.0395514,2,19.02039909362793,0.08089099824428558,60496.312905100174
629,2460496.8124306,303.0306323,23.0395253,2,18.973800659179688,0.09733100235462189,60496.31243060017
630,2460496.811956,303.0306322,23.0395278,2,19.015399932861328,0.10330899804830551,60496.31195600005
631,2460496.8114931,303.0306418,23.0395127,2,19.006000518798828,0.07536499947309494,60496.31149310013
632,2460496.8110185,303.0306345,23.0395148,2,18.978200912475586,0.07969699800014496,60496.31101850001
633,2460496.810544,303.0306434,23.0395224,2,19.025299072265625,0.09901200234889984,60496.31054400001
634,2460496.8100694,303.0306346,23.0395282,2,18.975799560546875,0.0910160019993782,60496.310069399886
635,2460496.8095949,303.0306272,23.0395461,2,18.948200225830078,0.07887999713420868,60496.30959489988
636,2460496.8091319,303.0306619,23.0395312,2,19.008499145507812,0.09794799983501434,60496.30913189985
637,2460496.8086574,303.0306143,23.0395317,2,19.0856990814209,0.09193799644708633,60496.308657399844
638,2460496.8081829,303.0306124,23.0395226,2,19.053199768066406,0.0840810015797615,60496.30818289984
639,2460496.8077083,303.0306272,23.0395249,2,19.04400062561035,0.0826060026884079,60496.307708300184
640,2460496.8072454,303.0306439,23.0395504,2,19.077299118041992,0.09729000180959702,60496.3072453998
641,2460496.8067708,303.0306191,23.0395295,2,19.0669002532959,0.11983499675989151,60496.30677080015
642,2460496.8063079,303.030645,23.039516,2,19.15719985961914,0.11645299941301346,60496.30630790023
643,2460496.8058333,303.0306552,23.039506,2,19.087099075317383,0.08971899747848511,60496.30583330011
644,2460496.8053704,303.0306348,23.0395195,2,19.067800521850586,0.08983799815177917,60496.305370400194
645,2460496.8048843,303.0306307,23.0395131,2,19.03689956665039,0.09571699798107147,60496.3048843001
646,2460496.8044213,303.0306236,23.0395237,2,19.093399047851562,0.11755099892616272,60496.30442130007
647,2460496.8039468,303.0306196,23.0395225,2,19.094100952148438,0.07977700233459473,60496.303946800064
648,2460496.8034838,303.0306304,23.0395312,2,19.092500686645508,0.09380199760198593,60496.30348380003
649,2460496.8030093,303.0306215,23.0395185,2,19.042400360107422,0.08557400107383728,60496.30300930003
650,2460496.8025347,303.0306257,23.0395292,2,19.06839942932129,0.08395200222730637,60496.302534699906
651,2460496.8020602,303.0306341,23.0395424,2,19.103500366210938,0.08788900077342987,60496.3020601999
653,2460496.8015972,303.0306537,23.0395454,2,19.140199661254883,0.08921399712562561,60496.30159719987
654,2460496.8011227,303.0306471,23.0395336,2,19.074199676513672,0.1137389987707138,60496.301122699864
655,2460496.8006481,303.0306377,23.0395255,2,18.976900100708008,0.09271600097417831,60496.30064810021
656,2460496.8001852,303.0306531,23.0395311,2,18.904399871826172,0.07889799773693085,60496.30018519983
657,2460496.7997106,303.0306239,23.0395114,2,18.941200256347656,0.10798200219869614,60496.29971060017
658,2460496.7992361,303.0306343,23.039528,2,18.95319938659668,0.08134300261735916,60496.29923610017
659,2460496.7987731,303.0306371,23.0395373,2,19.02829933166504,0.099031001329422,60496.298773100134
660,2460496.7982986,303.0306195,23.0395109,2,18.99799919128418,0.10003499686717987,60496.29829860013
662,2460496.7978241,303.0306294,23.0395164,2,19.04129981994629,0.09051600098609924,60496.297824100126
663,2460496.7973611,303.030633,23.0395503,2,19.065399169921875,0.1121940016746521,60496.29736110009
664,2460496.7968866,303.0306374,23.0395235,2,19.004600524902344,0.08862199634313583,60496.29688660009
665,2460496.796412,303.0306426,23.0395244,2,19.063600540161133,0.09767899662256241,60496.29641199997
666,2460496.7954745,303.0306489,23.0395082,2,19.153099060058594,0.08936700224876404,60496.29547449993
667,2460496.795,303.0306388,23.0395333,2,19.15220069885254,0.11507599800825119,60496.294999999925
668,2460496.7945255,303.030648,23.0395285,2,19.296600341796875,0.12783700227737427,60496.29452549992
669,2460496.7940625,303.0306017,23.039526,2,19.189300537109375,0.10004200041294098,60496.29406249989
670,2460496.793588,303.0306275,23.0395447,2,19.12820053100586,0.10263100266456604,60496.293587999884
671,2460496.7931134,303.030608,23.0395708,2,19.17840003967285,0.11552099883556366,60496.29311340023
672,2460496.7926505,303.030641,23.0395437,2,19.27910041809082,0.12161500006914139,60496.29265049985
673,2460496.7921759,303.0306335,23.0395208,2,19.23270034790039,0.10882800072431564,60496.29217590019
674,2460496.7917014,303.0306228,23.0395426,2,19.237300872802734,0.12796500325202942,60496.29170140019
675,2460496.7912269,303.0306106,23.0395349,2,19.15060043334961,0.10841300338506699,60496.29122690018
676,2460496.7907639,303.0306443,23.0395291,2,19.090299606323242,0.09649399667978287,60496.29076390015
677,2460496.7902894,303.030631,23.0395453,2,19.14349937438965,0.11319699883460999,60496.290289400145
678,2460496.7898148,303.0306408,23.0395113,2,19.143999099731445,0.10966499894857407,60496.289814800024
679,2460496.7893519,303.0306033,23.0395136,2,19.08769989013672,0.08994700014591217,60496.28935190011
680,2460496.7888773,303.0306345,23.0395368,2,19.107500076293945,0.10592799633741379,60496.28887729999
681,2460496.7884028,303.0306355,23.0395352,2,19.074100494384766,0.09710600227117538,60496.28840279998
682,2460496.7879398,303.0306532,23.0395279,2,19.090599060058594,0.07857099920511246,60496.28793979995
683,2460496.7874653,303.0306254,23.0395431,2,19.02790069580078,0.09527699649333954,60496.287465299945
684,2460496.7869907,303.0306297,23.0395422,2,19.040599822998047,0.07583999633789062,60496.286990699824
685,2460496.7865278,303.0306383,23.0395537,2,18.983699798583984,0.10890799760818481,60496.28652779991
686,2460496.7860532,303.0306627,23.0395022,2,19.024200439453125,0.07008100301027298,60496.28605319979
687,2460496.7855787,303.0306297,23.0395408,2,19.055200576782227,0.09694100171327591,60496.28557869978
689,2460496.7851042,303.0306257,23.0395273,2,19.060199737548828,0.08616799861192703,60496.28510419978
690,2460496.7846412,303.0306362,23.0395143,2,19.132099151611328,0.07597099989652634,60496.28464120021
691,2460496.7841667,303.0306247,23.0395445,2,19.13249969482422,0.09881599992513657,60496.28416670021
692,2460496.7837037,303.0306171,23.0395272,2,19.198699951171875,0.09405200183391571,60496.283703700174
693,2460496.7832292,303.0306321,23.039559,2,19.222999572753906,0.12721000611782074,60496.28322920017
694,2460496.7827546,303.0306147,23.0395185,2,19.221599578857422,0.12970300018787384,60496.28275460005
695,2460496.7822917,303.0306443,23.0395435,2,19.22130012512207,0.128043994307518,60496.28229170013
696,2460496.7818171,303.0306225,23.0395508,2,19.395299911499023,0.1418049931526184,60496.28181710001
697,2460496.7813426,303.0306071,23.039511,2,19.20170021057129,0.09692899882793427,60496.28134260001
699,2460496.7808681,303.0306065,23.0395513,2,19.2716007232666,0.13126400113105774,60496.2808681
700,2460496.7804051,303.0306317,23.039522,2,19.407899856567383,0.11971999704837799,60496.28040509997
701,2460496.7799306,303.0306312,23.0395159,2,19.260400772094727,0.1043969988822937,60496.279930599965
702,2460496.7794676,303.0306303,23.0395352,2,19.32740020751953,0.13194499909877777,60496.27946759993
703,2460496.7789931,303.0306034,23.039556,2,19.134300231933594,0.10055399686098099,60496.27899309993
704,2460496.7785185,303.0306354,23.0395418,2,19.169700622558594,0.11073900014162064,60496.27851849981
705,2460496.7780556,303.0306332,23.039519,2,19.12179946899414,0.12457499653100967,60496.27805559989
706,2460496.777581,303.0306253,23.0395416,2,19.145299911499023,0.11337800323963165,60496.27758099977
707,2460496.7771065,303.0306177,23.0395134,2,19.141399383544922,0.0989919975399971,60496.27710650023
708,2460496.7766319,303.0306251,23.0395282,2,19.05970001220703,0.10518199950456619,60496.27663190011
709,2460496.776169,303.0306426,23.03956,2,19.028400421142578,0.0886949971318245,60496.27616900019
710,2460496.7756944,303.0306472,23.0395458,2,19.094200134277344,0.07829599827528,60496.27569440007
711,2460496.7752199,303.0306417,23.0395171,2,19.090999603271484,0.07963400334119797,60496.27521990007
712,2460496.7747569,303.0306341,23.0395122,2,19.119800567626953,0.09454400092363358,60496.274756900035
713,2460496.7742824,303.0306455,23.0395349,2,19.061100006103516,0.06129499897360802,60496.27428240003
714,2460496.7738079,303.0306271,23.0395155,2,19.069400787353516,0.10383400321006775,60496.27380790003
715,2460496.7733333,303.0306246,23.0395047,2,19.067100524902344,0.09950099885463715,60496.273333299905
716,2460496.7728704,303.0306524,23.0395169,2,19.09079933166504,0.09186100214719772,60496.27287039999
717,2460496.7723958,303.0306484,23.0395361,2,19.120100021362305,0.0915440022945404,60496.27239579987
718,2460496.7719213,303.0306455,23.0395425,2,19.082700729370117,0.08455099910497665,60496.27192129986
719,2460496.7714583,303.0306455,23.0395162,2,19.139400482177734,0.07004500180482864,60496.27145829983
720,2460496.7709838,303.0306343,23.0395558,2,19.196800231933594,0.10840699821710587,60496.270983799826
721,2460496.7705093,303.0306368,23.0395262,2,19.396299362182617,0.13013200461864471,60496.27050929982
722,2460496.7700347,303.0305958,23.0395023,2,19.34830093383789,0.0993409976363182,60496.27003470017
723,2460496.7695718,303.0306326,23.039527,2,19.370800018310547,0.10087700188159943,60496.269571799785
724,2460496.7690972,303.0306301,23.0395285,2,19.240999221801758,0.08579099923372269,60496.26909720013
725,2460496.7686343,303.0306264,23.03955,2,19.27899932861328,0.10115599632263184,60496.26863430021
727,2460496.7681597,303.030653,23.0395756,2,19.302900314331055,0.13405199348926544,60496.26815970009
728,2460496.7676852,303.0306425,23.0395137,2,19.177099227905273,0.10076499730348587,60496.26768520009
729,2460496.7672106,303.0306199,23.0395704,2,19.224300384521484,0.1257680058479309,60496.267210599966
730,2460496.7667477,303.0306288,23.0395355,2,19.065900802612305,0.12236300110816956,60496.26674770005
731,2460496.7662731,303.0306263,23.0395437,2,19.16950035095215,0.0876619964838028,60496.26627309993
732,2460496.7657986,303.0306498,23.039529,2,19.138200759887695,0.08370299637317657,60496.265798599925
733,2460496.7653356,303.0306605,23.0395389,2,19.08370018005371,0.08038400113582611,60496.26533559989
734,2460496.7648611,303.0306491,23.0395398,2,19.13279914855957,0.08661899715662003,60496.26486109989
735,2460496.7643981,303.0306265,23.0395327,2,19.072900772094727,0.09270299971103668,60496.264398099855
736,2460496.7639236,303.0306233,23.0395285,2,19.149900436401367,0.08667699992656708,60496.26392359985
737,2460496.7634491,303.0306395,23.0395252,2,19.0939998626709,0.10163500159978867,60496.263449099846
738,2460496.7629861,303.0306406,23.0395287,2,19.056400299072266,0.08856300264596939,60496.26298609981
739,2460496.7625116,303.0306325,23.0395398,2,19.130699157714844,0.1065090000629425,60496.26251159981
740,2460496.762037,303.0306364,23.0395443,2,19.09469985961914,0.1290770024061203,60496.26203700015
741,2460496.7615625,303.030645,23.0395325,2,19.148500442504883,0.09523399919271469,60496.26156250015
742,2460496.761088,303.030657,23.0395313,2,19.102699279785156,0.08936300128698349,60496.261088000145
743,2460496.760625,303.0306223,23.0395247,2,19.1289005279541,0.0968879982829094,60496.26062500011
744,2460496.7601505,303.0306403,23.0395486,2,19.112600326538086,0.07053299993276596,60496.26015050011
745,2460496.7596759,303.0306315,23.0395184,2,19.10540008544922,0.11047200113534927,60496.259675899986
747,2460496.7592014,303.0306254,23.039534,2,19.106399536132812,0.09448199719190598,60496.25920139998
748,2460496.7587384,303.0306337,23.0395238,2,19.074100494384766,0.09457600116729736,60496.25873839995
749,2460496.7582639,303.030635,23.0395065,2,19.217300415039062,0.07831300050020218,60496.258263899945
751,2460496.7578009,303.0306096,23.0395191,2,19.48900032043457,0.09508299827575684,60496.25780089991
752,2460496.7573264,303.0305963,23.0395174,2,19.45439910888672,0.1040090024471283,60496.25732639991
753,2460496.7568519,303.0306221,23.0395611,2,19.380800247192383,0.12223099917173386,60496.2568518999
754,2460496.7563889,303.0306533,23.0395669,2,19.329599380493164,0.1068200021982193,60496.25638889987
755,2460496.7559144,303.0306458,23.0395534,2,19.247100830078125,0.11664500087499619,60496.255914399866
756,2460496.7554398,303.0306546,23.0395058,2,19.21339988708496,0.09510800242424011,60496.25543980021
757,2460496.7549769,303.0306489,23.0395091,2,19.089000701904297,0.09874600172042847,60496.25497689983
758,2460496.7545023,303.0306687,23.039536,2,19.042999267578125,0.09176400303840637,60496.25450230017
759,2460496.7540278,303.0306341,23.0395057,2,19.04210090637207,0.08903100341558456,60496.25402780017
760,2460496.7535648,303.0306513,23.0395248,2,19.063499450683594,0.09833099693059921,60496.253564800136
761,2460496.7530903,303.0306276,23.0395422,2,19.078800201416016,0.08304399996995926,60496.25309030013
762,2460496.7526157,303.0306283,23.039546,2,19.11009979248047,0.09865500032901764,60496.25261570001
763,2460496.7521412,303.0306177,23.03952,2,19.13249969482422,0.12986600399017334,60496.252141200006
764,2460496.7516782,303.0306149,23.0395106,2,19.1781005859375,0.0949999988079071,60496.25167819997
765,2460496.7512037,303.0306036,23.039539,2,19.30769920349121,0.1349859982728958,60496.25120369997
766,2460496.7507292,303.0306654,23.039496,2,19.163799285888672,0.12098900228738785,60496.250729199965
767,2460496.7502546,303.0306157,23.0395207,2,19.175899505615234,0.09729500114917755,60496.25025459984
768,2460496.7497801,303.0306485,23.0395473,2,19.197599411010742,0.09667500108480453,60496.24978009984
769,2460496.7493171,303.0306402,23.0395052,2,19.06290054321289,0.10787899792194366,60496.249317099806
770,2460496.7488426,303.0306144,23.0395179,2,19.159799575805664,0.10558599978685379,60496.2488425998
771,2460496.7483796,303.0306133,23.0395174,2,19.21380043029785,0.10353299975395203,60496.24837959977
772,2460496.7479051,303.0306155,23.0395318,2,19.22260093688965,0.09041299670934677,60496.24790510023
773,2460496.7474306,303.030629,23.0395013,2,19.080799102783203,0.08720999956130981,60496.247430600226
774,2460496.746956,303.0306357,23.0395348,2,19.227100372314453,0.11154499650001526,60496.246956000105
775,2460496.7464931,303.0306089,23.0395255,2,19.185100555419922,0.09444800019264221,60496.24649310019
776,2460496.7460185,303.0306467,23.0395458,2,19.32830047607422,0.11979400366544724,60496.24601850007
777,2460496.745544,303.0306433,23.0394837,2,19.297800064086914,0.09993399679660797,60496.24554400006
778,2460496.745081,303.030562,23.0395564,2,19.497100830078125,0.15580299496650696,60496.24508100003
779,2460496.7446065,303.030645,23.0394873,2,19.277000427246094,0.11036500334739685,60496.244606500026
780,2460496.7441435,303.0306237,23.039501,2,19.245500564575195,0.09565799683332443,60496.24414349999
781,2460496.743669,303.0306457,23.0395249,2,19.208900451660156,0.11137399822473526,60496.24366899999
782,2460496.7431944,303.030638,23.0395438,2,19.327600479125977,0.11740700155496597,60496.24319439987
783,2460496.7427315,303.0305979,23.0394998,2,19.22610092163086,0.11368899792432785,60496.24273149995
784,2460496.7422569,303.0306432,23.0395183,2,19.146799087524414,0.09326499700546265,60496.24225689983
785,2460496.741794,303.0306317,23.0395155,2,19.11829948425293,0.08512099832296371,60496.241793999914
786,2460496.7413079,303.0306346,23.0395513,2,19.122800827026367,0.09373199939727783,60496.24130789982
787,2460496.7408449,303.0306262,23.0395212,2,19.242399215698242,0.09523700177669525,60496.24084489979
788,2460496.7403704,303.0306166,23.0395295,2,19.203800201416016,0.10742399841547012,60496.240370399784
789,2460496.7398958,303.0306638,23.0394948,2,19.104700088500977,0.12187299877405167,60496.23989580013
790,2460496.7394329,303.0306396,23.0395655,2,19.0674991607666,0.13530300557613373,60496.23943290021
791,2460496.7389583,303.0306498,23.0395447,2,19.082700729370117,0.0867609977722168,60496.23895830009
792,2460496.7384838,303.0306249,23.0395086,2,19.075899124145508,0.10527800023555756,60496.23848380009
793,2460496.7380208,303.0306289,23.0394958,2,19.1825008392334,0.11287599802017212,60496.238020800054
795,2460496.7375463,303.0306267,23.039507,2,19.145700454711914,0.12292999774217606,60496.23754630005
796,2460496.7370833,303.0306618,23.0395317,2,19.1018009185791,0.1027119979262352,60496.23708330002
797,2460496.7366088,303.0306126,23.0395345,2,19.067399978637695,0.10681699961423874,60496.23660880001
798,2460496.7361343,303.0306328,23.039503,2,19.11709976196289,0.1289760023355484,60496.23613430001
799,2460496.7356713,303.030639,23.0395183,2,19.106199264526367,0.08345499634742737,60496.235671299975
800,2460496.7351968,303.0306318,23.0395346,2,19.059200286865234,0.08257599920034409,60496.23519679997
801,2460496.7347338,303.0306478,23.0395121,2,19.100099563598633,0.09959699958562851,60496.23473379994
803,2460496.7342593,303.0306452,23.0395414,2,19.0935001373291,0.12215200066566467,60496.234259299934
804,2460496.7337847,303.0306433,23.0395616,2,19.2012996673584,0.10478100180625916,60496.23378469981
805,2460496.7333218,303.0306146,23.0394966,2,19.103900909423828,0.12257999926805496,60496.2333217999
806,2460496.7328472,303.0306604,23.0395397,2,19.176799774169922,0.08131100237369537,60496.232847199775
807,2460496.7323727,303.0306293,23.0395298,2,19.205799102783203,0.09803999960422516,60496.23237269977
808,2460496.7319097,303.0306172,23.0395109,2,19.113100051879883,0.0947910025715828,60496.231909700204
809,2460496.7309606,303.0306219,23.0395073,2,19.178699493408203,0.10982999950647354,60496.23096060008
810,2460496.7304861,303.0306308,23.0395131,2,19.02389907836914,0.09482699632644653,60496.230486100074
811,2460496.7300231,303.0306621,23.0395105,2,19.054000854492188,0.09687100350856781,60496.23002310004
812,2460496.7295486,303.0306431,23.039507,2,19.08329963684082,0.10093200206756592,60496.22954860004
813,2460496.7290741,303.0306082,23.0395568,2,19.10849952697754,0.12036199867725372,60496.22907410003
814,2460496.7285995,303.0306416,23.0395183,2,18.997100830078125,0.10682699829339981,60496.22859949991
815,2460496.7281366,303.0306273,23.0395176,2,19.102699279785156,0.08880899846553802,60496.228136599995
816,2460496.727662,303.0306394,23.0394974,2,19.070199966430664,0.10990799963474274,60496.227661999874
817,2460496.7271875,303.0306643,23.0395187,2,19.112600326538086,0.102633997797966,60496.22718749987
818,2460496.726713,303.0306161,23.0395084,2,19.168899536132812,0.12043700367212296,60496.226712999865
819,2460496.72625,303.0306258,23.0395472,2,19.174800872802734,0.14627499878406525,60496.22624999983
820,2460496.7257755,303.0306451,23.0395402,2,19.166099548339844,0.10505600273609161,60496.22577549983
821,2460496.7253009,303.0306375,23.0395144,2,19.195600509643555,0.11587300151586533,60496.22530090017
822,2460496.7248264,303.0306059,23.0395251,2,19.164100646972656,0.12334299832582474,60496.22482640017
823,2460496.7243634,303.0306411,23.0395432,2,19.17259979248047,0.13117200136184692,60496.224363400135
824,2460496.7238889,303.0306717,23.039536,2,19.2052001953125,0.11817900091409683,60496.22388890013
826,2460496.7234144,303.0306436,23.0395155,2,18.963300704956055,0.10374899953603745,60496.22341440013
827,2460496.7229514,303.0306475,23.0395288,2,19.077699661254883,0.12946000695228577,60496.222951400094
828,2460496.7224769,303.0305978,23.0395524,2,19.108699798583984,0.10491599887609482,60496.22247690009
829,2460496.7220023,303.0306775,23.0395229,2,19.228300094604492,0.1362839937210083,60496.22200229997
830,2460496.7215394,303.0306664,23.0395472,2,19.134000778198242,0.1255349963903427,60496.22153940005
831,2460496.7210648,303.0306485,23.0395127,2,19.124900817871094,0.14181500673294067,60496.22106479993
832,2460496.7205903,303.030598,23.0395343,2,19.130599975585938,0.10864099860191345,60496.22059029993
833,2460496.7201157,303.0306302,23.0395284,2,19.174999237060547,0.11184799671173096,60496.220115699805
834,2460496.7196412,303.0306588,23.0395433,2,19.2460994720459,0.1159989982843399,60496.2196411998
835,2460496.7191667,303.0306213,23.0395269,2,19.160999298095703,0.1000560000538826,60496.2191666998
836,2460496.7187037,303.0306349,23.0394795,2,19.03230094909668,0.09217000007629395,60496.21870370023
837,2460496.7182292,303.0306455,23.0395429,2,19.175600051879883,0.1190589964389801,60496.218229200225
838,2460496.7177662,303.0306328,23.039521,2,19.1205997467041,0.09042199701070786,60496.21776620019
839,2460496.7172917,303.030671,23.0395166,2,19.09480094909668,0.1017490029335022,60496.21729170019
841,2460496.7168171,303.0306607,23.0395051,2,19.077800750732422,0.10408200323581696,60496.21681710007
842,2460496.7163542,303.0306321,23.0395239,2,19.13290023803711,0.10184600204229355,60496.21635420015
843,2460496.7158796,303.0306761,23.0395155,2,19.166099548339844,0.11846199631690979,60496.21587960003
844,2460496.7154051,303.0306201,23.0394977,2,19.145599365234375,0.12680600583553314,60496.215405100025
845,2460496.7149421,303.0306248,23.0395276,2,19.152299880981445,0.11490000039339066,60496.21494209999
847,2460496.7144676,303.0306372,23.0395358,2,19.098499298095703,0.11121799796819687,60496.21446759999
848,2460496.7139931,303.0306249,23.0395049,2,19.134599685668945,0.11419299989938736,60496.213993099984
849,2460496.7135185,303.0306476,23.0395637,2,19.088300704956055,0.12097799777984619,60496.21351849986
850,2460496.7130556,303.0306138,23.0395043,2,19.028200149536133,0.08762499690055847,60496.21305559995
851,2460496.712581,303.0306298,23.0395197,2,19.13800048828125,0.08901999890804291,60496.212580999825
852,2460496.7121065,303.0306502,23.0395515,2,19.069599151611328,0.08479300141334534,60496.21210649982
853,2460496.7116435,303.0306345,23.0395299,2,19.1427001953125,0.10604099929332733,60496.21164349979
854,2460496.711169,303.0306394,23.0395328,2,18.958499908447266,0.09579899907112122,60496.211168999784
855,2460496.7106944,303.0306519,23.0395285,2,18.98509979248047,0.1266070008277893,60496.21069440013
856,2460496.7102315,303.03063,23.0395366,2,19.064699172973633,0.09090100228786469,60496.21023150021
857,2460496.7097569,303.0306247,23.0395229,2,19.100200653076172,0.09136299788951874,60496.20975690009
858,2460496.7092824,303.0306521,23.0394973,2,19.013599395751953,0.08845999836921692,60496.20928240009
859,2460496.7088194,303.0306581,23.0395389,2,19.147600173950195,0.10552000254392624,60496.20881940005
860,2460496.7083449,303.030636,23.0395371,2,19.077899932861328,0.09425699710845947,60496.20834490005
861,2460496.7078819,303.0306415,23.0395149,2,18.991199493408203,0.10631100088357925,60496.207881900016
862,2460496.7074074,303.0306441,23.0395235,2,18.987199783325195,0.10425099730491638,60496.20740740001
863,2460496.7069329,303.0306254,23.0395224,2,19.037500381469727,0.09124699980020523,60496.20693290001
864,2460496.7064699,303.0306409,23.0395378,2,19.04990005493164,0.1006229966878891,60496.206469899975
865,2460496.7059954,303.0306539,23.0394993,2,18.929800033569336,0.09391500055789948,60496.20599539997
866,2460496.7055208,303.0306536,23.0395287,2,19.02280044555664,0.09468100219964981,60496.20552079985
867,2460496.7050579,303.030631,23.0395151,2,19.026599884033203,0.11733400076627731,60496.20505789993
868,2460496.7045833,303.0306516,23.0395005,2,18.984899520874023,0.08372800052165985,60496.20458329981
869,2460496.7041088,303.0306274,23.0394897,2,19.025800704956055,0.0862710028886795,60496.20410879981
870,2460496.7036343,303.030623,23.0395332,2,18.9960994720459,0.08368600159883499,60496.2036342998
871,2460496.7031713,303.0306447,23.0395209,2,18.945100784301758,0.09628099948167801,60496.20317129977
872,2460496.7026968,303.0306354,23.0395284,2,19.05229949951172,0.09812399744987488,60496.20269680023
873,2460496.7022222,303.0306122,23.0395374,2,19.066299438476562,0.10492800176143646,60496.20222220011
874,2460496.7017593,303.0306156,23.039502,2,18.992700576782227,0.07253099977970123,60496.201759300195
875,2460496.7012847,303.0306376,23.039509,2,18.939599990844727,0.07674399763345718,60496.20128470007
876,2460496.7008102,303.0306182,23.0395303,2,19.03510093688965,0.10286399722099304,60496.20081020007
877,2460496.7003356,303.0306417,23.0395133,2,18.989299774169922,0.10019999742507935,60496.20033559995
878,2460496.6998611,303.0306265,23.0395342,2,18.99959945678711,0.1150600016117096,60496.19986109994
879,2460496.6993981,303.0306545,23.0395285,2,18.991500854492188,0.08968000113964081,60496.19939809991
880,2460496.6989236,303.0306434,23.0395218,2,19.01569938659668,0.08336099982261658,60496.198923599906
881,2460496.6984491,303.0306455,23.0395335,2,19.02039909362793,0.10708200186491013,60496.1984490999
882,2460496.6979745,303.0306325,23.039567,2,18.968299865722656,0.09198799729347229,60496.19797449978
883,2460496.6975116,303.0306396,23.0395387,2,18.998600006103516,0.11371900141239166,60496.197511599865
884,2460496.697037,303.0306458,23.0395305,2,19.052900314331055,0.0763930007815361,60496.19703700021
885,2460496.6965741,303.0306525,23.0395378,2,19.032100677490234,0.09213700145483017,60496.19657409983
886,2460496.6960995,303.0306434,23.0395179,2,19.089099884033203,0.10969000309705734,60496.19609950017
887,2460496.695625,303.0306114,23.0395326,2,19.134700775146484,0.1262809932231903,60496.19562500017
888,2460496.695162,303.0306608,23.0394956,2,19.068199157714844,0.13519799709320068,60496.195162000135
889,2460496.6946875,303.030671,23.0395114,2,19.014799118041992,0.1461070030927658,60496.19468750013
891,2460496.6937384,303.0306089,23.0395507,2,19.10569953918457,0.10255099833011627,60496.193738400005
892,2460496.6932755,303.0306403,23.0395358,2,18.943700790405273,0.12251400202512741,60496.19327550009
893,2460496.6928009,303.0306267,23.0394994,2,18.96540069580078,0.09829799830913544,60496.19280089997
894,2460491.9258681,303.0306624,23.0395663,1,20.063199996948242,0.20123599469661713,60491.42586810002
896,2460489.872338,303.0305783,23.0395053,2,19.76729965209961,0.17704500257968903,60489.37233800022
897,2460487.9020255,303.0306768,23.0395248,2,19.658599853515625,0.1548209935426712,60487.40202549985
898,2460484.844838,303.0306016,23.0395657,2,19.335399627685547,0.16626299917697906,60484.3448379999
900,2460482.8350347,303.0306259,23.0395199,2,19.618200302124023,0.18332499265670776,60482.33503470011
901,2460479.9582639,303.0306345,23.0395152,1,20.13629913330078,0.1774190068244934,60479.45826390013
902,2460479.8422801,303.0306407,23.0395601,2,19.19420051574707,0.14042900502681732,60479.3422801001
904,2460476.8418981,303.0306473,23.0395306,2,19.371000289916992,0.14210200309753418,60476.341898099985
905,2460474.921875,303.0306203,23.0395196,1,20.285400390625,0.17701900005340576,60474.421875
906,2460474.9067361,303.0306655,23.0394992,2,19.1968994140625,0.08621899783611298,60474.40673610009
908,2460472.8906944,303.0306375,23.0395226,2,19.242399215698242,0.13411900401115417,60472.39069439983
909,2460469.9566319,303.0305772,23.0395217,1,20.1382999420166,0.19495800137519836,60469.45663189981
911,2460469.9032523,303.0306525,23.039487,2,19.20199966430664,0.12558700144290924,60469.403252299875
912,2460463.9443634,303.0306428,23.0395435,1,20.28350067138672,0.17797799408435822,60463.444363399874
913,2460463.908669,303.0306482,23.0395253,2,19.295700073242188,0.1440030038356781,60463.408669000026
914,2460460.9237847,303.0306383,23.0395384,1,20.2893009185791,0.268638014793396,60460.42378470022
915,2460460.8890625,303.030665,23.0395248,2,19.202373504638672,0.12937018275260925,60460.38906250009
916,2460460.8890625,303.030665,23.0395248,2,19.20240020751953,0.12937000393867493,60460.38906250009
918,2460458.9014583,303.030672,23.0395148,2,19.257099151611328,0.14268699288368225,60458.401458300184
920,2460456.8886574,303.0306535,23.0395311,2,19.208200454711914,0.154789000749588,60456.38865739992
921,2460450.956713,303.030605,23.0395187,1,20.118799209594727,0.233364999294281,60450.45671299985
922,2460450.9114005,303.0306434,23.039478,2,19.1481990814209,0.13540199398994446,60450.41140050022
924,2460445.9679051,303.0306397,23.0395128,2,19.149900436401367,0.09655299782752991,60445.46790509997
925,2460442.9920718,303.0306623,23.0395286,2,19.188499450683594,0.1512490063905716,60442.492071799934
927,2460442.969838,303.0306296,23.039544,1,20.248199462890625,0.189860001206398,60442.4698379999
929,2460433.9691435,303.0306814,23.0395337,1,19.899599075317383,0.13907399773597717,60433.469143500086
930,2460433.9492014,303.0306387,23.0395136,2,19.062299728393555,0.10128699988126755,60433.449201399926
931,2460430.967037,303.0306453,23.0395138,1,19.771099090576172,0.19515299797058105,60430.46703700023
933,2460423.9515046,303.030671,23.0395307,2,19.090099334716797,0.12105300277471542,60423.45150459977
934,2460420.9728356,303.0305937,23.039529,1,20.130300521850586,0.236394003033638,60420.47283559991
935,2460420.9029977,303.0306498,23.0395146,2,19.057100296020508,0.15568000078201294,60420.40299770003
936,2460408.9967361,303.0306416,23.0395406,1,19.83639907836914,0.1614529937505722,60408.49673609994
937,2460408.9519444,303.0306635,23.0395193,2,19.104900360107422,0.1179099977016449,60408.45194440009
938,2460402.9794329,303.0306491,23.039514,2,19.157800674438477,0.1521659940481186,60402.47943289997
939,2460396.9971065,303.0306178,23.0395688,2,19.130699157714844,0.15588200092315674,60396.49710649997
941,2460391.9749769,303.0305947,23.0395209,2,18.99139976501465,0.14361999928951263,60391.474976900034
942,2460389.9855093,303.0306495,23.0395098,2,19.06170082092285,0.13887999951839447,60389.48550930014
943,2460389.9703241,303.0306115,23.0395318,1,19.94770050048828,0.30076900124549866,60389.470324099995
946,2460369.0403356,303.0306536,23.039492,2,19.069700241088867,0.11039800196886063,60368.5403355998
947,2460369.0398727,303.0305947,23.0395819,2,19.019699096679688,0.15051299333572388,60368.53987269988
948,2460369.0393981,303.0306719,23.0395159,2,19.00629997253418,0.11963500082492828,60368.53939810023
949,2460358.0505208,303.030652,23.0395366,2,19.56839942932129,0.17381200194358826,60357.550520800054
952,2460357.0542593,303.0306903,23.0395261,2,19.54789924621582,0.2218720018863678,60356.55425930023
954,2460357.0533218,303.0306477,23.0395318,2,19.743000030517578,0.2146729975938797,60356.553321800195
955,2460356.0513542,303.0306332,23.0395768,2,19.25149917602539,0.15928100049495697,60355.55135420011
956,2460356.0508796,303.0305916,23.0395265,2,19.277099609375,0.17730499804019928,60355.55087959999
957,2460356.0504051,303.0306364,23.0395083,2,19.294300079345703,0.16077600419521332,60355.55040509999
970,2460290.6391898,303.0306214,23.0395024,2,19.35683250427246,0.14176243543624878,60290.13918979978
974,2460268.6252662,303.0307314,23.0395599,1,20.035200119018555,0.2194650024175644,60268.12526619993
975,2460262.6565278,303.0306678,23.0395687,1,19.878299713134766,0.20224900543689728,60262.15652780002
977,2460260.6354514,303.0306361,23.0394266,1,19.66080093383789,0.18420499563217163,60260.13545140019
979,2460258.6445949,303.0306457,23.0394695,1,19.577699661254883,0.22392499446868896,60258.144594899844
980,2460255.6229167,303.0306843,23.0395035,1,19.89229965209961,0.17423200607299805,60255.12291669985
982,2460253.6243634,303.0307044,23.0394726,1,19.967300415039062,0.16697899997234344,60253.12436340004
983,2460251.653206,303.030629,23.0394712,2,19.366300582885742,0.12096700072288513,60251.153206000105
984,2460251.6226736,303.0306743,23.0395245,1,19.274700164794922,0.12417999655008316,60251.12267359998
991,2460242.6410417,303.0307296,23.0395097,1,19.907899856567383,0.2633320093154907,60242.1410416998
992,2460239.6632986,303.0306794,23.0394989,1,19.78339958190918,0.1658560037612915,60239.16329859989
993,2460239.6328704,303.0306555,23.0395206,2,19.125,0.10632900148630142,60239.13287039986
994,2460237.7199769,303.0306422,23.0395057,1,19.734600067138672,0.19962699711322784,60237.219976900145
995,2460237.6653472,303.030618,23.0394585,2,19.49519920349121,0.13420499861240387,60237.16534719989
996,2460235.6556944,303.0306801,23.0395089,1,19.429399490356445,0.16293199360370636,60235.15569439996
997,2460235.6371181,303.0306305,23.0395378,2,19.47599983215332,0.14900800585746765,60235.13711810019
998,2460233.7023495,303.0306935,23.0394707,1,19.34760093688965,0.14258599281311035,60233.2023494998
999,2460233.6548727,303.0306294,23.0395256,2,19.84749984741211,0.22120800614356995,60233.154872700106
1000,2460231.682581,303.0306915,23.0394889,1,19.26889991760254,0.1082260012626648,60231.18258100003
1001,2460231.6567477,303.0306322,23.0394849,2,19.08839988708496,0.1326729953289032,60231.15674770018
1002,2460228.725081,303.0307418,23.0394606,1,19.80459976196289,0.17192700505256653,60228.22508100001
1006,2460223.6503009,303.0306899,23.0395116,1,19.79842185974121,0.19937856495380402,60223.150300899986
1008,2460221.7894792,303.0306905,23.039459,2,19.609100341796875,0.19393399357795715,60221.2894791998
1009,2460221.6721412,303.0306558,23.0395058,1,19.495100021362305,0.11991199851036072,60221.17214119993
1012,2460215.7743171,303.0306344,23.0394775,2,19.359600067138672,0.18735499680042267,60215.27431710018
1013,2460215.6781366,303.0306066,23.03956,1,19.517499923706055,0.19297100603580475,60215.17813660018
1015,2460213.634375,303.0306472,23.0395304,1,19.62916374206543,0.2038591057062149,60213.13437499991
1016,2460213.634375,303.0306472,23.0395304,1,19.629199981689453,0.20385900139808655,60213.13437499991
1017,2460211.720787,303.0306801,23.0395284,1,19.922000885009766,0.19100700318813324,60211.22078699991
1018,2460211.6708218,303.0306446,23.0395361,2,19.699499130249023,0.17702899873256683,60211.1708217999
1019,2460207.7210764,303.0306438,23.0395395,1,19.468599319458008,0.15856899321079254,60207.22107640002
1020,2460207.6842708,303.030607,23.0394912,2,19.8518009185791,0.17165100574493408,60207.18427080009
1021,2460205.6531134,303.0306673,23.0395021,1,19.67919921875,0.136136993765831,60205.1531134001
1022,2460203.766794,303.0306826,23.0395222,1,19.450199127197266,0.11528100073337555,60203.26679399982
1024,2460201.71625,303.0307112,23.0395344,1,19.898326873779297,0.18827302753925323,60201.216250000056
1027,2460198.7656944,303.0306652,23.0394668,2,19.398000717163086,0.155472993850708,60198.26569439983
1028,2460198.7413426,303.0306566,23.0394897,1,19.429899215698242,0.18021999299526215,60198.24134259997
1029,2460195.8740741,303.0306578,23.039482,2,19.431976318359375,0.19433945417404175,60195.37407410005
1030,2460195.8740741,303.0306578,23.039482,2,19.43199920654297,0.19433900713920593,60195.37407410005
1031,2460195.8284954,303.0306885,23.0395122,1,19.4158992767334,0.1308470070362091,60195.32849540003
1032,2460193.7471296,303.0306746,23.0395319,1,19.958099365234375,0.16346199810504913,60193.24712960003
1037,2460185.6816782,303.0306394,23.0395198,1,19.713300704956055,0.22932299971580505,60185.18167820014
1038,2460183.9042824,303.0307386,23.039531,1,19.434200286865234,0.121458999812603,60183.40428239992
1040,2460181.8486227,303.0306549,23.039513,1,19.63409996032715,0.13058499991893768,60181.3486227002
1041,2460181.7356366,303.0306104,23.0394959,2,19.508100509643555,0.13895100355148315,60181.23563659983
1042,2460179.8217593,303.0306767,23.0395021,1,19.677799224853516,0.16954900324344635,60179.32175929984
1044,2460174.8857755,303.0306702,23.0394647,2,19.77829933166504,0.17822499573230743,60174.38577549998
1045,2460174.8184028,303.0307197,23.0394386,1,20.250699996948242,0.18248599767684937,60174.31840279978
1048,2460170.8385532,303.0306588,23.0395127,1,19.80190086364746,0.1510079950094223,60170.33855320001
1049,2460170.7789468,303.0306696,23.0394756,2,19.29759979248047,0.13515399396419525,60170.27894680016
1050,2460168.8630671,303.0306616,23.0395004,1,19.598100662231445,0.11537099629640579,60168.363067099825
1051,2460164.7908565,303.0306613,23.0394922,2,19.409299850463867,0.12950800359249115,60164.290856500156
1052,2460162.8585185,303.0306667,23.0394874,1,19.855499267578125,0.1676969975233078,60162.35851849988
1053,2460162.818588,303.0306622,23.0394796,2,19.47319984436035,0.14066700637340546,60162.31858799979
1054,2460160.796169,303.0306413,23.0394886,1,19.575199127197266,0.16787999868392944,60160.29616900021
1055,2460160.7906944,303.0306668,23.0394957,2,19.261999130249023,0.11586499959230423,60160.2906944002
1058,2460154.8606944,303.0306521,23.0395269,1,19.463699340820312,0.301362007856369,60154.360694400035
1059,2460151.9522917,303.0306427,23.0395163,1,19.24329948425293,0.1229420006275177,60151.45229170006
1060,2460149.861875,303.0306497,23.0395355,1,19.06130027770996,0.09853799641132355,60149.361874999944
1062,2460147.9063657,303.0306816,23.0395259,1,20.29829978942871,0.28050100803375244,60147.406365700066
1063,2460145.8891551,303.0306916,23.0395076,1,20.15060043334961,0.22282299399375916,60145.3891551001
1064,2460143.9170255,303.0306895,23.0394911,1,19.818199157714844,0.16538499295711517,60143.41702549998
1065,2460140.8570255,303.0306259,23.0395127,1,19.827199935913086,0.14035500586032867,60140.35702549992
1066,2460140.8439583,303.0307091,23.0394999,1,19.847999572753906,0.1630910038948059,60140.34395830007
1067,2460138.8855093,303.0306157,23.0395427,1,19.698699951171875,0.16762299835681915,60138.385509300046
1068,2460138.8725463,303.030638,23.0395187,2,19.57159996032715,0.15673799812793732,60138.372546299826
1069,2460136.9484954,303.030685,23.039508,1,19.255699157714844,0.10658299922943115,60136.44849540014
1070,2460134.9459028,303.0305902,23.0394991,2,19.765199661254883,0.16920599341392517,60134.44590280019
1071,2460134.9001968,303.0306551,23.0395013,1,19.574899673461914,0.1297300010919571,60134.40019680001
1074,2460126.9449537,303.0306251,23.0394807,2,19.547800064086914,0.10833100229501724,60126.44495370006
1075,2460126.9371181,303.0306761,23.0395183,1,19.45240020751953,0.14664900302886963,60126.4371181
1076,2460124.9399769,303.0306547,23.0394767,2,19.81290054321289,0.1748189926147461,60124.439976899885
1077,2460124.8782176,303.0306514,23.0395041,1,19.42289924621582,0.10872399806976318,60124.37821759982
1078,2460122.9432407,303.0306639,23.0395293,2,19.526599884033203,0.1193389967083931,60122.443240699824
1079,2460122.9355208,303.0306581,23.0395258,1,19.469499588012695,0.12741999328136444,60122.43552079983
1080,2460120.9351505,303.0306633,23.039522,1,19.83799934387207,0.15941399335861206,60120.43515049992
1081,2460120.8930787,303.0306309,23.0395078,2,19.225000381469727,0.10443100333213806,60120.393078700174
1084,2460115.9158912,303.030657,23.0395018,1,19.487499237060547,0.12311200052499771,60115.41589119984
1085,2460115.8571759,303.0306595,23.0394847,2,19.622900009155273,0.12090300023555756,60115.357175900135
1086,2460112.931331,303.030674,23.0395072,1,19.85420036315918,0.17513400316238403,60112.431330999825
1087,2460109.9014699,303.0306642,23.0395174,1,19.40850067138672,0.12564300000667572,60109.40146989981
1098,2460082.9460417,303.030585,23.0395274,2,19.953899383544922,0.16101600229740143,60082.446041699965
1101,2460079.9320949,303.0307114,23.0395316,2,19.772600173950195,0.1674250066280365,60079.43209489994
1105,2460073.8992824,303.0307729,23.0395516,2,19.565399169921875,0.2397869974374771,60073.39928240003
1108,2460061.9709491,303.0306364,23.0395303,2,19.643999099731445,0.16692300140857697,60061.470949099865
1111,2460058.9537731,303.0306902,23.0395582,2,19.828100204467773,0.17627599835395813,60058.45377309993
1113,2460054.9627431,303.0306296,23.0394972,2,19.47410011291504,0.13068899512290955,60054.46274309978
1120,2460042.9654282,303.0307004,23.039528,2,19.777799606323242,0.2652449905872345,60042.465428200085
1124,2459997.0496644,303.0306705,23.0395141,2,19.24012565612793,0.1404416710138321,59996.54966440005
1125,2459997.0471412,303.0306597,23.0395253,2,19.42970085144043,0.1483989953994751,59996.54714119993
1126,2459997.0446181,303.0306182,23.0395122,2,19.43869972229004,0.15168599784374237,59996.54461809993
1127,2459997.0420949,303.0306346,23.0395134,2,19.34600067138672,0.14718300104141235,59996.54209489981
1128,2459997.0395718,303.0306446,23.0395135,2,19.298500061035156,0.15500999987125397,59996.5395717998
1134,2459924.6326505,303.0306265,23.0394904,2,19.348125457763672,0.14475879073143005,59924.13265050016
1135,2459922.666088,303.0307735,23.0395462,1,19.248600006103516,0.33420199155807495,59922.16608799994
1136,2459922.6283912,303.0306545,23.039526,2,19.179100036621094,0.1483979970216751,59922.12839120021
1137,2459913.631169,303.030599,23.0395169,2,19.358200073242188,0.17141400277614594,59913.131169000175
1138,2459909.6018403,303.0306905,23.0394547,2,19.547800064086914,0.20671400427818298,59909.10184030002
1144,2459901.6416667,303.0307045,23.0395484,2,19.46980094909668,0.24166299402713776,59901.14166670013
1146,2459899.641169,303.0306346,23.0392662,1,19.774700164794922,0.24756699800491333,59899.14116899995
1147,2459899.6203704,303.0305986,23.0395236,2,19.075199127197266,0.12229599803686142,59899.12037040014
1149,2459897.6378588,303.0306479,23.0395425,1,19.92060089111328,0.21491600573062897,59897.137858800124
1150,2459895.6627431,303.0306566,23.0395248,1,19.67169952392578,0.16649000346660614,59895.162743099965
1152,2459890.6329977,303.0306703,23.0395113,1,19.811800003051758,0.22002600133419037,59890.13299770001
1155,2459883.66375,303.0306813,23.0395063,1,19.95359992980957,0.17730000615119934,59883.16374999983
1157,2459881.673912,303.0306798,23.0394621,2,19.471599578857422,0.13816100358963013,59881.17391199991
1158,2459881.6380787,303.0306779,23.0395168,1,19.554000854492188,0.14445699751377106,59881.13807869982
1159,2459879.7009838,303.0306882,23.0395058,1,19.587200164794922,0.17993399500846863,59879.200983799994
1160,2459879.6325231,303.0306645,23.039498,2,19.355100631713867,0.15849100053310394,59879.13252309989
1161,2459877.7261574,303.0306141,23.0396062,1,19.97719955444336,0.25975900888442993,59877.226157399826
1162,2459877.6321528,303.0306526,23.0394925,2,19.410600662231445,0.11848299950361252,59877.13215279998
1163,2459874.6846644,303.0306659,23.0395243,1,19.660200119018555,0.17063799500465393,59874.18466439983
1164,2459874.6437616,303.0306721,23.0395285,2,19.819599151611328,0.1699109971523285,59874.1437615999
1167,2459867.6723727,303.0306758,23.0394689,2,19.890499114990234,0.18612800538539886,59867.17237270018
1168,2459867.6459375,303.0306569,23.03948,1,19.605600357055664,0.12905000150203705,59867.145937500056
1169,2459865.6847222,303.0307108,23.0395221,1,19.768999099731445,0.16075000166893005,59865.184722200036
1170,2459865.626794,303.0306805,23.039471,2,19.542299270629883,0.1329759955406189,59865.126794000156
1173,2459861.680544,303.0306913,23.0395543,1,19.30780029296875,0.14571599662303925,59861.18054400012
1174,2459859.7253125,303.0306354,23.0394978,2,19.335399627685547,0.15161000192165375,59859.225312499795
1176,2459857.7458449,303.0307118,23.0394677,1,19.86440086364746,0.22874300181865692,59857.24584490014
1178,2459855.7375463,303.0306798,23.039533,1,19.310100555419922,0.12760500609874725,59855.23754630005
1179,2459853.6506481,303.0306495,23.0395283,1,19.727800369262695,0.17152400314807892,59853.150648099836
1180,2459851.7056366,303.0306738,23.0395078,1,20.0221004486084,0.19013699889183044,59851.20563660003
1181,2459851.6545833,303.0306429,23.0394947,2,19.208999633789062,0.10447099804878235,59851.1545833
1182,2459849.7063542,303.0306419,23.0394664,1,19.570499420166016,0.1331550031900406,59849.20635419991
1183,2459849.6597454,303.030652,23.0395139,2,19.1387996673584,0.10967399924993515,59849.15974539984
1184,2459847.6748264,303.0306434,23.0395411,2,19.395700454711914,0.12142899632453918,59847.17482639989
1185,2459847.6503241,303.0306712,23.0394981,1,19.532699584960938,0.12466400116682053,59847.15032410016
1186,2459844.7797917,303.0306358,23.0395192,2,18.9414005279541,0.10644900053739548,59844.27979170019
1187,2459844.742662,303.0306571,23.0395026,1,19.506200790405273,0.12703999876976013,59844.242662000004
1188,2459842.7777894,303.0306651,23.0395187,1,19.76219940185547,0.14275400340557098,59842.27778939996
1189,2459840.7781134,303.0306471,23.0395297,1,19.349000930786133,0.12365999817848206,59840.2781134001
1190,2459840.7364931,303.0306784,23.0395255,1,19.4689998626709,0.11136499792337418,59840.23649309995
1191,2459837.6544329,303.0306602,23.0395107,1,19.29490089416504,0.10040400177240372,59837.154432899784
1192,2459827.7858681,303.0306741,23.0394655,1,19.706899642944336,0.15771900117397308,59827.28586809989
1193,2459825.8192824,303.030658,23.0394939,2,19.924699783325195,0.18163999915122986,59825.319282399956
1194,2459823.8162384,303.0306932,23.0394688,1,19.81369972229004,0.13787400722503662,59823.31623840006
1195,2459823.7737153,303.0306133,23.0394736,2,19.351699829101562,0.1066029965877533,59823.27371530002
1196,2459821.7423495,303.030659,23.0394881,2,18.93320083618164,0.0801289975643158,59821.24234949984
1197,2459821.672338,303.0306521,23.039549,1,19.971599578857422,0.16848599910736084,59821.17233800003
1199,2459819.6757176,303.0306975,23.0395139,1,20.171199798583984,0.22371700406074524,59819.175717600156
1200,2459817.7862037,303.0306997,23.0394797,1,19.780799865722656,0.16133099794387817,59817.28620370012
1201,2459817.7145602,303.0306339,23.0394834,2,19.906700134277344,0.1796730011701584,59817.214560199995
1202,2459815.7416782,303.0306668,23.039519,1,18.986299514770508,0.1106799989938736,59815.2416782002
1203,2459813.7994676,303.0306941,23.0394891,1,19.653799057006836,0.13374200463294983,59813.29946759995
1204,2459813.7440046,303.0306669,23.0395159,2,19.3789005279541,0.12887699902057648,59813.244004600216
1205,2459811.7912731,303.0306737,23.0395101,1,19.681800842285156,0.17888399958610535,59811.291273099836
1206,2459809.8308102,303.0306344,23.039511,1,19.677000045776367,0.1872510015964508,59809.33081019996
1207,2459807.7678819,303.0307227,23.0395054,1,19.71179962158203,0.18372300267219543,59807.26788190007
1208,2459805.7887384,303.030689,23.0394769,1,19.50860023498535,0.18043899536132812,59805.28873840021
1211,2459798.8431713,303.03063,23.039471,2,19.63360023498535,0.13816800713539124,59798.3431712999
1212,2459798.8168981,303.0306896,23.0395435,1,19.90290069580078,0.21486899256706238,59798.31689810008
1213,2459795.808588,303.0306444,23.0394966,1,19.458799362182617,0.12244100123643875,59795.308588000014
1214,2459793.7864699,303.0307053,23.0395286,1,19.8700008392334,0.15782299637794495,59793.28646990005
1215,2459793.7234259,303.0306893,23.0394541,2,19.269699096679688,0.11534100025892258,59793.2234259001
1216,2459789.8618403,303.0306518,23.039547,1,19.81170082092285,0.20819899439811707,59789.361840299796
1218,2459787.8713773,303.0306762,23.0395,1,19.742700576782227,0.16841499507427216,59787.371377300005
1219,2459785.8524421,303.0306674,23.0395084,1,19.352399826049805,0.12423799932003021,59785.35244210018
1221,2459783.7931713,303.0306443,23.0395116,1,19.11750030517578,0.11213000118732452,59783.29317130009
1222,2459781.7784954,303.0306743,23.0395329,1,19.37969970703125,0.14257100224494934,59781.27849540021
1223,2459779.83,303.0306374,23.0395289,2,19.324399948120117,0.11159700155258179,59779.330000000075
1224,2459779.7889236,303.0306373,23.0394725,2,19.10580062866211,0.12330800294876099,59779.28892360022
1226,2459774.8896528,303.0306375,23.0395404,2,18.993099212646484,0.1459140032529831,59774.389652799815
1228,2459772.9343287,303.0306757,23.0395418,2,19.310800552368164,0.17861799895763397,59772.43432869995
1229,2459772.8500347,303.0306189,23.0394962,2,19.69809913635254,0.20873700082302094,59772.350034699775
1230,2459770.9298148,303.0306906,23.0395259,1,19.5093994140625,0.1326960027217865,59770.429814800154
1231,2459770.8812269,303.0306754,23.0395185,1,19.422500610351562,0.1426360011100769,59770.381226900034
1232,2459768.9214583,303.0306788,23.0394971,1,19.61989974975586,0.15478099882602692,59768.4214583002
1233,2459768.8586343,303.0306659,23.0394841,1,19.72249984741211,0.11169599741697311,59768.358634300064
1234,2459765.8627546,303.0306831,23.0395142,2,19.12190055847168,0.09607400000095367,59765.36275460012
1235,2459763.8918171,303.030662,23.0395131,1,19.202699661254883,0.10570300370454788,59763.39181709988
1236,2459763.8448727,303.0306432,23.0394836,2,19.197200775146484,0.10283699631690979,59763.34487270005
1237,2459761.878669,303.0307769,23.0395173,2,19.36039924621582,0.3258790075778961,59761.37866900023
1239,2459759.9227546,303.0306791,23.0395383,1,19.132999420166016,0.10638699680566788,59759.42275460018
1240,2459757.8507755,303.0306392,23.0394878,1,19.74340057373047,0.1396699994802475,59757.35077549983
1241,2459757.8202546,303.0306537,23.0395136,1,19.17690086364746,0.11088000237941742,59757.32025460014
1242,2459755.9163194,303.0306617,23.0395136,1,19.457199096679688,0.09960000216960907,59755.41631940007
1243,2459755.841331,303.0306567,23.039493,2,19.247299194335938,0.09891699999570847,59755.341330999974
1244,2459752.8202083,303.0306546,23.0395118,1,19.323699951171875,0.11859799921512604,59752.320208299905
1245,2459750.8623148,303.0306303,23.0395116,2,19.170799255371094,0.1117589995265007,59750.3623147998
1246,2459750.8281597,303.0306275,23.0394626,1,19.368900299072266,0.17845700681209564,59750.32815970015
1247,2459748.8934606,303.0306443,23.0395248,1,19.726200103759766,0.17453700304031372,59748.39346060017
1248,2459748.8628588,303.0306769,23.0394917,2,19.04490089416504,0.13357600569725037,59748.36285880022
1249,2459743.9201389,303.0307032,23.0395457,1,19.499000549316406,0.18449799716472626,59743.42013890017
1250,2459743.8233218,303.0306504,23.0395376,2,19.538799285888672,0.1853639930486679,59743.32332180021
1251,2459741.9220486,303.03066,23.0394991,1,19.418399810791016,0.10069700330495834,59741.422048599925
1252,2459741.8639352,303.0306697,23.0395173,2,19.320499420166016,0.1443440020084381,59741.36393520003
1253,2459739.9345949,303.0306026,23.0394852,2,19.11280059814453,0.10225100070238113,59739.43459489988
1254,2459739.894919,303.0306479,23.0395016,1,19.568700790405273,0.13150399923324585,59739.3949190001
1255,2459737.9114005,303.0306733,23.0395192,1,19.4419002532959,0.1183210015296936,59737.41140050022
1258,2459733.9435532,303.0306623,23.0395036,1,19.68090057373047,0.11383900046348572,59733.44355319999
1259,2459731.9280671,303.0306738,23.0395029,2,19.66990089416504,0.11624400317668915,59731.42806709977
1260,2459731.884919,303.0306596,23.0394894,1,19.3572998046875,0.1367740035057068,59731.38491899986
1261,2459727.9446065,303.0306654,23.0395024,1,19.568899154663086,0.13570299744606018,59727.44460650021
1263,2459725.9468287,303.0306651,23.0395111,1,19.394500732421875,0.11413399875164032,59725.44682870014
1264,2459723.9502778,303.0306129,23.0394747,2,18.909400939941406,0.09273400157690048,59723.450277800206
1265,2459723.9037269,303.0306598,23.0395039,1,19.30660057067871,0.12105900049209595,59723.4037269
1266,2459721.9517014,303.0306649,23.0394491,2,19.802200317382812,0.1671919971704483,59721.45170139987
1267,2459721.9309259,303.0306681,23.0394733,2,19.62350082397461,0.1389079988002777,59721.43092590012
1268,2459718.9426736,303.0306436,23.0394937,2,18.917499542236328,0.10993999987840652,59718.44267359981
1269,2459718.8933912,303.030648,23.0394544,2,18.857799530029297,0.11852400004863739,59718.393391199876
1270,2459713.962419,303.0306494,23.0395223,1,19.366300582885742,0.168272003531456,59713.46241899999
1271,2459713.9056366,303.0306361,23.0395105,2,19.51099967956543,0.2179899960756302,59713.40563660022
1272,2459711.9546528,303.0305756,23.0395375,2,19.762800216674805,0.16185599565505981,59711.454652800225
1276,2459702.9708681,303.030653,23.0395118,1,19.292699813842773,0.10667099803686142,59702.47086809995
1277,2459702.93125,303.0306063,23.0394711,2,19.344200134277344,0.1432729959487915,59702.43124999991
1278,2459700.9659838,303.0306287,23.0395497,1,19.73859977722168,0.17059700191020966,59700.465983800124
1281,2459694.9771528,303.0306787,23.0395553,2,19.063800811767578,0.1950799971818924,59694.47715280019
1282,2459694.9455903,303.0306757,23.0395581,1,19.514400482177734,0.2597990036010742,59694.44559030002
1283,2459689.9676736,303.0307079,23.0395022,1,19.25779914855957,0.239765003323555,59689.467673600186
1285,2459687.0121644,303.0306278,23.0395039,2,19.22279930114746,0.20780900120735168,59686.51216439996
1287,2459683.9850926,303.0307118,23.0395004,1,19.58009910583496,0.17489099502563477,59683.485092599876
1288,2459683.9305324,303.0306205,23.0395731,2,19.012800216674805,0.13202999532222748,59683.43053240003
1294,2459670.9947685,303.0306473,23.0395192,1,19.686800003051758,0.13433699309825897,59670.49476849986
1295,2459670.9947685,303.0306451,23.0395245,1,19.77630043029785,0.1428460031747818,59670.49476849986
1296,2459670.9698611,303.030659,23.0395177,2,19.484699249267578,0.1251319944858551,59670.46986109996
1297,2459670.9698611,303.0306576,23.039518,2,19.477699279785156,0.12450999766588211,59670.46986109996
1298,2459631.0490394,303.0306614,23.0394868,2,19.192569732666016,0.17413899302482605,59630.54903940018
1299,2459631.0465162,303.0306049,23.0394569,2,19.37660026550293,0.2053609937429428,59630.54651620006
1300,2459631.0440046,303.0306304,23.0395533,2,19.167200088500977,0.1650180071592331,59630.54400460003
1302,2459631.0389699,303.0306596,23.0395586,2,19.218000411987305,0.1485850065946579,59630.53896989999
1303,2459630.0521181,303.0306283,23.0394657,2,19.203500747680664,0.17655499279499054,59629.552118100226
1307,2459630.0417708,303.0304928,23.0393011,2,18.88279914855957,0.2078399956226349,59629.54177080002
1313,2459531.6420833,303.0306788,23.0395009,2,19.192569732666016,0.13654999434947968,59531.14208329981
1314,2459529.6300463,303.0306469,23.0395198,2,19.07390022277832,0.1027270033955574,59529.130046300124
1315,2459529.6129861,303.030684,23.0394946,1,19.11949920654297,0.09849800169467926,59529.112986099906
1316,2459527.6540162,303.0306927,23.0395002,1,19.672700881958008,0.15015700459480286,59527.15401619999
1317,2459525.6218634,303.0306533,23.0395515,1,19.8164005279541,0.1841920018196106,59525.1218634001
1318,2459523.6522106,303.0306368,23.0395106,1,19.22089958190918,0.10904400050640106,59523.15221060021
1319,2459523.6103935,303.03065,23.0394592,2,19.665800094604492,0.15338799357414246,59523.110393499956
1321,2459512.6834954,303.0306615,23.0395363,1,19.633399963378906,0.17188900709152222,59512.18349540001
1323,2459504.6928125,303.0306788,23.0395329,1,19.96579933166504,0.2640239894390106,59504.192812500056
1324,2459504.6593981,303.0306899,23.039507,2,19.6919002532959,0.20889799296855927,59504.15939809987
1325,2459502.7256829,303.0306308,23.0395196,1,19.427600860595703,0.16969400644302368,59502.22568289982
1326,2459502.6826736,303.0307032,23.0394875,2,19.247400283813477,0.14740799367427826,59502.18267360004
1328,2459489.6868981,303.0306313,23.0395171,2,18.979450225830078,0.09207600355148315,59489.18689810019
1329,2459489.6868981,303.0306313,23.0395171,2,18.979400634765625,0.09207600355148315,59489.18689810019
1330,2459487.6937384,303.0306631,23.0394875,1,19.275699615478516,0.13436900079250336,59487.193738400005
1331,2459485.7599537,303.0306992,23.0395156,1,19.34280014038086,0.16506800055503845,59485.259953700006
1332,2459485.6907292,303.0306292,23.0394701,2,19.17329978942871,0.11307299882173538,59485.19072919991
1333,2459483.675463,303.0306651,23.0394934,2,19.159099578857422,0.10693199932575226,59483.17546299985
1334,2459479.742037,303.0306483,23.0395373,2,18.66939926147461,0.11354900151491165,59479.242037000135
1335,2459477.7170718,303.0306144,23.0395605,2,19.289100646972656,0.13536100089550018,59477.21707180003
1336,2459477.6648495,303.0306628,23.0395138,1,19.054000854492188,0.13369899988174438,59477.16484950017
1337,2459475.7344792,303.0306461,23.0395388,1,19.458499908447266,0.24764999747276306,59475.234479200095
1338,2459473.7786227,303.0306683,23.039484,1,19.033199310302734,0.13433299958705902,59473.2786226999
1339,2459473.7437731,303.0306175,23.0394972,2,19.056400299072266,0.12281599640846252,59473.243773099966
1341,2459470.7488194,303.0307026,23.0395011,1,19.666799545288086,0.1445319950580597,59470.24881940009
1342,2459468.8232523,303.0306814,23.039503,2,18.994199752807617,0.10119699686765671,59468.3232522998
1343,2459468.693588,303.0306678,23.0394772,1,19.62310028076172,0.1466660052537918,59468.19358799979
1344,2459466.8410301,303.0306789,23.039482,2,19.127599716186523,0.10337600111961365,59466.341030099895
1345,2459466.80125,303.0306788,23.0394762,1,19.672000885009766,0.14015500247478485,59466.30125000002
1346,2459464.7917708,303.0306446,23.0395275,2,19.231300354003906,0.09803400188684464,59464.29177080002
1347,2459464.7917708,303.0306446,23.0395275,2,19.231300354003906,0.09803400188684464,59464.29177080002
1348,2459464.7451968,303.0306569,23.0394882,1,19.215700149536133,0.12151700258255005,59464.24519680021
1349,2459464.7451968,303.0306569,23.0394882,1,19.215700149536133,0.12151700258255005,59464.24519680021
1350,2459462.7891898,303.0306867,23.0395045,1,19.09079933166504,0.11375200003385544,59462.289189800154
1351,2459462.7451042,303.0306186,23.0395171,2,19.109399795532227,0.09681399911642075,59462.24510420021
1352,2459460.8302894,303.030677,23.0394648,2,19.284500122070312,0.13472199440002441,59460.33028940018
1353,2459460.7874306,303.0306781,23.0394963,1,19.25860023498535,0.11578600108623505,59460.2874305998
1354,2459458.7693056,303.0306598,23.039517,1,19.121139526367188,0.09662000089883804,59458.26930559985
1355,2459458.7693056,303.0306598,23.039517,1,19.1210994720459,0.09662000089883804,59458.26930559985
1356,2459454.8065278,303.0307036,23.0394914,2,19.34760093688965,0.1258849948644638,59454.30652779993
1357,2459454.7330556,303.0307061,23.039473,1,20.002099990844727,0.18789799511432648,59454.233055599965
1358,2459452.8071644,303.0306424,23.0395439,1,19.79330062866211,0.16506199538707733,59452.307164399885
1359,2459452.7581019,303.0306456,23.0394797,2,19.157499313354492,0.13324899971485138,59452.25810190011
1362,2459447.7352199,303.0306343,23.0394863,2,19.009899139404297,0.18023400008678436,59447.23521990003
1364,2459442.8019444,303.0306701,23.0395134,1,19.3882999420166,0.1435369998216629,59442.301944400184
1365,2459442.743044,303.0306323,23.0394958,2,18.684499740600586,0.07665400207042694,59442.24304400012
1366,2459440.7565394,303.030688,23.0395356,1,19.703899383544922,0.18046200275421143,59440.2565394002
1367,2459440.7565394,303.030688,23.0395356,1,19.703899383544922,0.18046200275421143,59440.2565394002
1368,2459440.7368171,303.0306871,23.0394771,2,19.786399841308594,0.22595100104808807,59440.236817100085
1369,2459440.7368171,303.0306871,23.0394771,2,19.786399841308594,0.22595100104808807,59440.236817100085
1370,2459438.7481713,303.0306721,23.0395306,2,19.197599411010742,0.11245399713516235,59438.24817130016
1371,2459438.724456,303.0306549,23.0394896,1,19.212600708007812,0.12216000258922577,59438.22445600014
1372,2459435.763044,303.0306015,23.0394848,2,19.068700790405273,0.09539899975061417,59435.26304400014
1373,2459435.7207986,303.0306512,23.0395265,1,19.776100158691406,0.1324940025806427,59435.2207986
1374,2459430.7986574,303.0306836,23.0394908,1,19.329299926757812,0.1015240028500557,59430.29865740007
1375,2459430.7603125,303.0306976,23.0395145,2,19.221200942993164,0.11828300356864929,59430.260312499944
1376,2459428.8422685,303.0306471,23.0394876,2,19.511899948120117,0.12774400413036346,59428.34226850001
1377,2459428.7533912,303.0306613,23.0395209,1,19.385000228881836,0.11739499866962433,59428.25339120021
1378,2459426.8384028,303.0306122,23.0394987,1,19.303499221801758,0.12223099917173386,59426.338402799796
1379,2459426.7535532,303.0306271,23.039449,2,19.253400802612305,0.11281300336122513,59426.25355320005
1380,2459424.7695718,303.0306725,23.0395,1,19.19610023498535,0.1160610020160675,59424.269571799785
1381,2459424.7288657,303.0306642,23.0394808,2,19.229700088500977,0.11231400072574615,59424.22886569984
1382,2459422.8892014,303.0306438,23.0395319,2,19.398799896240234,0.15888600051403046,59422.38920139987
1383,2459418.8436343,303.0306991,23.0395369,1,19.169099807739258,0.2675890028476715,59418.343634299934
1385,2459415.9242824,303.0306902,23.0395018,1,18.927099227905273,0.09684400260448456,59415.42428239994
1386,2459415.9242824,303.0306902,23.0395018,1,18.927099227905273,0.09684400260448456,59415.42428239994
1387,2459415.9242824,303.0306902,23.0395018,1,18.927099227905273,0.09684400260448456,59415.42428239994
1390,2459410.8822801,303.0306688,23.0394834,2,19.420400619506836,0.12007900327444077,59410.38228010014
1391,2459410.8407407,303.0306608,23.0395273,1,19.07939910888672,0.11543300002813339,59410.34074069979
1392,2459408.860787,303.0306565,23.0395096,1,19.411699295043945,0.1558150053024292,59408.36078700004
1393,2459408.8281829,303.0306599,23.0395189,2,18.842599868774414,0.10871899873018265,59408.32818289986
1396,2459404.9321181,303.0306799,23.0394771,2,19.555099487304688,0.1387690007686615,59404.432118100114
1397,2459404.8595833,303.0306585,23.0395108,1,19.677499771118164,0.16947099566459656,59404.35958330007
1399,2459402.8193171,303.0306579,23.0395044,1,18.972999572753906,0.08003699779510498,59402.319317100104
1400,2459400.85875,303.0306637,23.03953,1,19.70170021057129,0.15868699550628662,59400.35875000013
1401,2459400.8411111,303.0306735,23.0394917,2,19.754600524902344,0.169404998421669,59400.34111109981
1402,2459397.8707986,303.0307011,23.0395178,2,19.47209930419922,0.11595799773931503,59397.370798599906
1403,2459397.8012037,303.0306364,23.0394911,1,19.70840072631836,0.13763099908828735,59397.30120369978
1404,2459394.9376157,303.0306663,23.0394895,2,18.95560073852539,0.1031700000166893,59394.437615700066
1405,2459392.8854051,303.0306184,23.0394822,2,19.50670051574707,0.2450139969587326,59392.38540509995
1406,2459392.7860995,303.0306768,23.0395537,1,19.519800186157227,0.17642100155353546,59392.28609950002
1407,2459387.9575347,303.0306503,23.0395403,2,19.379899978637695,0.16535399854183197,59387.45753470017
1409,2459385.9148843,303.0307273,23.0394708,1,19.88599967956543,0.14406000077724457,59385.41488429997
1410,2459382.9081019,303.0306671,23.0395201,1,19.349899291992188,0.13860900700092316,59382.408101900015
1411,2459382.8628356,303.0306239,23.039488,2,19.598800659179688,0.1587889939546585,59382.36283560004
1415,2459378.8739583,303.0306655,23.0394734,1,19.37470054626465,0.12346100062131882,59378.37395829987
1416,2459376.9323032,303.0306398,23.0394865,2,19.789400100708008,0.12726600468158722,59376.43230320001
1417,2459376.8813426,303.0306689,23.0394966,1,19.551799774169922,0.11656499654054642,59376.3813426001
1418,2459374.8911574,303.0306779,23.0395304,1,19.742300033569336,0.14690400660037994,59374.39115739986
1419,2459371.8925926,303.0306289,23.0394879,1,19.57040023803711,0.12152399867773056,59371.39259260008
1420,2459371.8541551,303.0306416,23.0395053,2,19.30459976196289,0.10665400326251984,59371.35415509995
1421,2459369.8774306,303.0306402,23.0395246,1,19.09709930419922,0.11175999790430069,59369.377430600114
1422,2459367.932581,303.030694,23.039488,1,19.124000549316406,0.09736000001430511,59367.43258100003
1423,2459367.8942361,303.0306601,23.0395768,2,19.126300811767578,0.09455099701881409,59367.394236099906
1425,2459365.9303009,303.030637,23.039524,2,19.01409912109375,0.11982499808073044,59365.43030089978
1426,2459362.9579861,303.0306937,23.0394752,2,19.28820037841797,0.1404699981212616,59362.45798610011
1427,2459362.9233218,303.0306742,23.0394931,1,19.655899047851562,0.16643300652503967,59362.42332179984
1428,2459359.9048148,303.0306168,23.0395111,2,19.164899826049805,0.12753799557685852,59359.40481479978
1430,2459356.9463889,303.030623,23.0394727,1,19.364999771118164,0.1404780000448227,59356.446388899814
1431,2459356.8802662,303.0306695,23.0394718,2,19.449600219726562,0.18862999975681305,59356.38026619982
1432,2459353.8835069,303.0306288,23.0394369,1,19.68090057373047,0.15560199320316315,59353.383506900165
1433,2459349.9467361,303.0306954,23.0395051,2,18.935300827026367,0.10924600064754486,59349.44673610013
1434,2459349.9246412,303.0306653,23.039487,1,19.387800216674805,0.1193849965929985,59349.424641199876
1437,2459344.9721296,303.0306632,23.0395022,1,19.37070083618164,0.14165200293064117,59344.47212960012
1438,2459341.9751389,303.030657,23.0394457,1,19.784799575805664,0.1694840043783188,59341.47513889987
1439,2459341.9482523,303.0306202,23.0394957,2,19.03730010986328,0.1835460066795349,59341.4482522998
1440,2459339.9668171,303.0306536,23.0395244,2,18.95210075378418,0.08930099755525589,59339.46681710007
1441,2459339.9375579,303.0306376,23.0395181,1,19.448699951171875,0.12546400725841522,59339.43755789986
1442,2459337.9669792,303.0306551,23.0394838,2,19.657400131225586,0.2074580043554306,59337.46697920002
1443,2459337.9359722,303.0305765,23.0395115,1,19.5,0.23596900701522827,59337.435972199775
1446,2459329.9811806,303.0306106,23.0395127,1,19.108539581298828,0.16460800170898438,59329.48118059989
1447,2459329.9811806,303.0306106,23.0395127,1,19.10849952697754,0.16460800170898438,59329.48118059989
1448,2459329.9469329,303.0306758,23.039521,2,19.38920021057129,0.17575299739837646,59329.44693290023
1449,2459329.9469329,303.0306758,23.039521,2,19.38920021057129,0.17575299739837646,59329.44693290023
1451,2459325.9572685,303.0306548,23.0395173,1,20.22010040283203,0.28713899850845337,59325.45726849977
1452,2459322.9843866,303.0306714,23.0395538,2,19.32699966430664,0.14564600586891174,59322.48438660009
1453,2459322.9442361,303.0306773,23.0394981,1,19.40519905090332,0.16153299808502197,59322.444236100186
1454,2459319.9758218,303.030603,23.0394851,2,19.198999404907227,0.14463600516319275,59319.475821800064
1456,2459319.9550347,303.0306983,23.039538,1,19.272069931030273,0.21271300315856934,59319.45503470022
1458,2459316.994375,303.030684,23.0394942,2,19.241600036621094,0.1285810023546219,59316.49437499978
1459,2459314.9866551,303.0306444,23.0395462,1,19.849109649658203,0.1518239974975586,59314.48665509978
1460,2459314.9866551,303.0306444,23.0395462,1,19.84910011291504,0.1518239974975586,59314.48665509978
1461,2459314.9764931,303.0306548,23.0394839,2,19.302600860595703,0.12689000368118286,59314.47649310017
1462,2459314.9764931,303.0306548,23.0394839,2,19.302600860595703,0.12689000368118286,59314.47649310017
1464,2459312.9104051,303.0306085,23.039487,2,19.51799964904785,0.2544209957122803,59312.41040509986
1465,2459310.0015856,303.0306199,23.0395084,2,19.367000579833984,0.16891400516033173,59309.501585599966
1466,2459309.9478819,303.0306175,23.039527,1,19.461999893188477,0.1699250042438507,59309.447881899774
1467,2459307.0025694,303.0306247,23.0394997,2,19.42530059814453,0.13510000705718994,59306.502569399774
1468,2459306.9366667,303.0306307,23.039519,1,19.493999481201172,0.2607269883155823,59306.43666670006
1473,2459291.9726505,303.030694,23.0395416,2,19.545299530029297,0.19623099267482758,59291.472650500014
1481,2459273.0406713,303.0306485,23.039533,2,19.05900001525879,0.22418899834156036,59272.54067130014
1496,2459270.0404398,303.0306242,23.0395001,2,19.536399841308594,0.13562199473381042,59269.540439799894
1500,2459269.0456713,303.0305905,23.0395068,2,19.56410026550293,0.13509400188922882,59268.54567130003
1503,2459268.051875,303.0307625,23.0394315,2,19.481700897216797,0.14292000234127045,59267.55187499989
1520,2459265.0474884,303.030544,23.0395275,2,19.468299865722656,0.16899199783802032,59264.54748839978
1521,2459265.0445023,303.0306494,23.0395038,2,19.344999313354492,0.1291700005531311,59264.54450230021
1522,2459265.0415162,303.0306944,23.0395223,2,19.221599578857422,0.10564800351858139,59264.541516200174
1528,2459188.5970833,303.0306534,23.0395029,2,19.29490089416504,0.15577900409698486,59188.09708329989
1529,2459182.5976157,303.0308718,23.039554,2,19.433700561523438,0.23072099685668945,59182.097615700215
1530,2459178.6004977,303.0306545,23.0395264,2,19.341800689697266,0.13610999286174774,59178.10049769981
1531,2459174.5979861,303.0306661,23.0395053,2,19.132299423217773,0.15902400016784668,59174.097986099776
1532,2459169.6624074,303.0307304,23.03959,2,19.527700424194336,0.19189399480819702,59169.16240740009
1533,2459167.59875,303.0306367,23.0394959,2,19.49850082397461,0.17213599383831024,59167.09874999989
1534,2459164.6419792,303.0306334,23.0395259,2,19.256000518798828,0.11811300367116928,59164.141979199834
1539,2459154.6528356,303.0306292,23.0395115,2,19.505599975585938,0.19313299655914307,59154.15283560008
1542,2459150.7060417,303.0306647,23.0393766,2,19.509599685668945,0.23490799963474274,59150.20604170021
1547,2459143.6817361,303.0306674,23.0395836,1,20.42639923095703,0.22852900624275208,59143.1817361
1550,2459141.6601157,303.0306268,23.039589,2,19.855199813842773,0.1575929969549179,59141.160115700215
1553,2459137.6823611,303.0306225,23.0394724,2,19.752199172973633,0.12577199935913086,59137.18236109987
1554,2459137.6622801,303.0306528,23.039514,1,19.572599411010742,0.12712499499320984,59137.16228009993
1555,2459135.7156134,303.0306647,23.0394633,1,20.384199142456055,0.28204500675201416,59135.2156134001
1557,2459131.6860995,303.0306693,23.0395019,1,19.289600372314453,0.11262399703264236,59131.18609949993
1561,2459127.6077662,303.0306644,23.0395154,2,19.11910057067871,0.12809200584888458,59127.10776619986
1562,2459125.7664352,303.0306236,23.0394896,2,19.309900283813477,0.18229499459266663,59125.26643519988
1569,2459120.7931134,303.0306448,23.0394694,1,18.877500534057617,0.1286740005016327,59120.29311340023
1570,2459119.7120718,303.0306938,23.0395466,1,19.33919906616211,0.15437500178813934,59119.21207180014
1571,2459119.6821181,303.0306693,23.0395347,2,19.228300094604492,0.11556199938058853,59119.182118100114
1572,2459117.7286111,303.0306716,23.0394879,1,19.31060028076172,0.13736200332641602,59117.2286111
1574,2459116.7324074,303.0306796,23.0394784,1,19.83810043334961,0.1636819988489151,59116.23240739992
1576,2459113.6995949,303.0306781,23.0395085,1,19.459199905395508,0.15647399425506592,59113.19959490001
1577,2459110.8062847,303.0306514,23.0393989,1,19.743200302124023,0.28411000967025757,59110.306284700055
1579,2459107.7671296,303.0305727,23.0394736,2,19.673200607299805,0.1931309998035431,59107.26712960005
1580,2459107.6684491,303.0307037,23.0395826,1,19.453399658203125,0.20313100516796112,59107.16844910011
1586,2459092.7603588,303.030685,23.0395152,1,19.83799934387207,0.31419798731803894,59092.26035880018
1590,2459089.7563194,303.0306065,23.0394685,1,19.71619987487793,0.223363995552063,59089.25631939992
1591,2459088.769213,303.0306685,23.039528,1,19.61090087890625,0.2373349964618683,59088.26921299985
1592,2459087.8207755,303.0306614,23.0395154,1,19.905899047851562,0.17799699306488037,59087.32077550003
1593,2459087.793044,303.0306643,23.0395058,2,19.60580062866211,0.15117999911308289,59087.29304399993
1594,2459084.829537,303.0306795,23.0395251,1,19.848499298095703,0.15974000096321106,59084.32953700004
1595,2459084.7791782,303.0306052,23.0394999,2,19.899499893188477,0.1739020049571991,59084.279178199824
1596,2459080.8948727,303.0307263,23.0395271,1,19.946300506591797,0.2137639969587326,59080.394872699864
1598,2459078.8203819,303.030653,23.0395073,2,19.45680046081543,0.13958099484443665,59078.32038189983
1599,2459077.7692245,303.030654,23.0394982,2,19.04509925842285,0.1934020072221756,59077.26922449982
1600,2459071.7432639,303.030657,23.0395146,1,20.031200408935547,0.17898400127887726,59071.243263899814
1601,2459069.8489352,303.0307227,23.0394536,1,20.00589942932129,0.18946899473667145,59069.3489351999
1602,2459068.8657292,303.0306537,23.0394879,2,19.91510009765625,0.18046000599861145,59068.36572920019
1604,2459068.7128125,303.030649,23.0395431,1,19.96619987487793,0.21383899450302124,59068.212812500075
1605,2459066.851956,303.0307096,23.0395134,1,19.669099807739258,0.21360300481319427,59066.351956000086
1612,2459061.7475463,303.0307152,23.0394757,2,19.528799057006836,0.15386800467967987,59061.247546299826
1613,2459060.8202083,303.0306721,23.0394791,1,19.298500061035156,0.13752299547195435,59060.320208299905
1615,2459059.8941551,303.0306868,23.0394668,1,19.787700653076172,0.15009599924087524,59059.39415509999
1616,2459059.8721181,303.030565,23.0394451,2,19.870500564575195,0.16583700478076935,59059.37211810006
1619,2459055.8816204,303.0306869,23.0394917,1,19.719600677490234,0.13022799789905548,59055.38162040012
1621,2459054.8662037,303.0306545,23.0394995,2,19.569700241088867,0.16568200290203094,59054.36620370019
1622,2459052.8143287,303.0306601,23.0394737,1,19.822599411010742,0.13574300706386566,59052.31432869984
1624,2459049.8331829,303.0306742,23.0395105,1,19.747100830078125,0.17999300360679626,59049.33318290021
1627,2459046.8401852,303.0306958,23.0395187,1,19.417499542236328,0.11179299652576447,59046.340185199864
1628,2459043.8373032,303.0306698,23.0394953,1,19.636600494384766,0.16364000737667084,59043.337303199805
1633,2459034.7464236,303.030557,23.0395829,1,19.30069923400879,0.23947599530220032,59034.246423599776
1634,2459028.7708912,303.0306627,23.0394956,2,18.989700317382812,0.08771900087594986,59028.27089119982
1635,2459025.8200231,303.0306767,23.0394948,1,19.811100006103516,0.13926899433135986,59025.32002309989
1636,2459022.8699653,303.0306903,23.0395247,1,19.93939971923828,0.14236700534820557,59022.369965299964
1639,2459016.8639699,303.0306754,23.0395294,1,19.86359977722168,0.20761099457740784,59016.36396990018
1643,2459004.9631134,303.0306531,23.0395047,1,19.628000259399414,0.16791099309921265,59004.463113400154
1647,2458997.9025116,303.0306335,23.0394566,1,20.016599655151367,0.1895270049571991,58997.40251159994
1648,2458994.9276389,303.030679,23.0395182,1,19.843299865722656,0.1941249966621399,58994.4276389
1649,2458991.9378588,303.0306567,23.0395277,1,20.295499801635742,0.20626799762248993,58991.43785879994
1651,2458985.942419,303.0306557,23.0394836,1,20.09280014038086,0.2098349928855896,58985.44241899997
1652,2458984.9837269,303.0306863,23.0395301,1,19.680700302124023,0.15679100155830383,58984.48372690007
1666,2458812.5944907,303.0306199,23.0394868,2,19.357099533081055,0.1557849943637848,58812.094490699936
1669,2458801.5789352,303.0306687,23.039521,2,19.375200271606445,0.17182199656963348,58801.07893519988
1671,2458797.5895139,303.0306255,23.0394999,2,19.2898006439209,0.15241900086402893,58797.089513900224
1674,2458791.6007523,303.0306316,23.0395048,2,19.07990074157715,0.1130099967122078,58791.10075230012
1675,2458791.5806597,303.0306886,23.0395321,2,19.282899856567383,0.14518499374389648,58791.08065970009
1679,2458785.5926042,303.0306207,23.0395133,2,19.215200424194336,0.1152689978480339,58785.09260419989
1681,2458781.5965162,303.0306621,23.0395059,2,19.509899139404297,0.18978999555110931,58781.096516199876
1683,2458775.6230208,303.0306092,23.0395835,1,20.2283992767334,0.2700369954109192,58775.12302079983
1687,2458760.755162,303.0306113,23.0395033,2,19.564699172973633,0.15615199506282806,58760.25516200019
1688,2458757.6948727,303.0305972,23.0395083,1,20.35930061340332,0.22400900721549988,58757.19487270014
1691,2458746.6386458,303.0306209,23.0395267,1,20.373699188232422,0.25889599323272705,58746.13864579983
1695,2458733.8032176,303.0306793,23.0395453,1,19.85610008239746,0.17580200731754303,58733.3032176001
1698,2458723.7619329,303.0306326,23.0395469,1,20.37689971923828,0.18460899591445923,58723.261932900175
1699,2458720.8330556,303.0306983,23.0395227,2,19.30929946899414,0.13620999455451965,58720.33305560006
1701,2458717.8087731,303.0306372,23.0395117,2,19.407100677490234,0.11703799664974213,58717.30877309991
1702,2458717.7426273,303.0306461,23.039579,1,20.487199783325195,0.2652220129966736,58717.24262729986
1711,2458706.7438889,303.0306876,23.0394958,1,19.581499099731445,0.18661299347877502,58706.24388890015
1713,2458705.7408565,303.0307427,23.0395136,1,19.736299514770508,0.21610799431800842,58705.24085649988
1715,2458704.8206713,303.0306897,23.039425,1,20.153499603271484,0.2662779986858368,58704.32067129994
1717,2458703.8251505,303.0306618,23.0394504,1,20.17919921875,0.2284640073776245,58703.32515050005
1718,2458700.8222338,303.0306159,23.0395203,1,20.343399047851562,0.21039600670337677,58700.322233799845
1719,2458700.7947917,303.0306102,23.0395391,2,19.662700653076172,0.14998699724674225,58700.29479169985
1720,2458697.8167014,303.0306454,23.0395308,2,19.66309928894043,0.1777929961681366,58697.316701400094
1721,2458693.8462847,303.0306391,23.0395388,2,19.68120002746582,0.1709360033273697,58693.34628470009
1728,2458688.8732292,303.0306391,23.0395085,2,19.638900756835938,0.12795400619506836,58688.37322920002
1731,2458685.8550926,303.0306635,23.0395323,2,19.61389923095703,0.15590499341487885,58685.35509259999
1743,2458678.7345949,303.0306441,23.0395524,2,19.539899826049805,0.19220000505447388,58678.23459490016
1744,2458677.788044,303.0306068,23.0395153,2,19.433799743652344,0.16180400550365448,58677.288044000044
1751,2458670.9212269,303.0306507,23.0395109,1,20.51959991455078,0.23551000654697418,58670.42122690007
1752,2458670.8827199,303.030677,23.0395302,2,19.56920051574707,0.16172799468040466,58670.38271989999
1754,2458669.9037963,303.0306249,23.0395228,2,19.724000930786133,0.1619579941034317,58669.403796299826
1755,2458668.8547454,303.0306738,23.0395499,2,19.915599822998047,0.20327700674533844,58668.35474540014
1757,2458667.9227778,303.0306825,23.0395451,1,20.242599487304688,0.20527100563049316,58667.42277779989
1765,2458662.8247222,303.0306554,23.0395256,2,19.509199142456055,0.12969599664211273,58662.32472220017
1766,2458661.8521528,303.0306255,23.0395035,2,20.04400062561035,0.1709350049495697,58661.35215280019
1767,2458657.9005093,303.0306552,23.039483,2,19.769100189208984,0.18498100340366364,58657.400509300176
1774,2458652.9369329,303.0306423,23.0395074,2,19.548500061035156,0.24492399394512177,58652.43693289999
1779,2458648.976331,303.0306338,23.0394978,2,19.588899612426758,0.17166000604629517,58648.476331000216
1783,2458645.9732292,303.0306054,23.0395341,2,19.75749969482422,0.17472000420093536,58645.47322920011
1788,2458642.942037,303.030624,23.0395392,2,19.631900787353516,0.15069499611854553,58642.442036999855
1789,2458642.9024653,303.0306607,23.0395397,1,20.54789924621582,0.17626899480819702,58642.40246530017
1794,2458639.9062153,303.0306235,23.0395117,2,19.669599533081055,0.16248300671577454,58639.40621529985
1795,2458638.961875,303.0306153,23.0395136,2,19.868200302124023,0.17166799306869507,58638.46187500004
1797,2458637.923206,303.0306454,23.0395263,2,19.651599884033203,0.12473899871110916,58637.42320600012
1798,2458636.9059838,303.0306469,23.0395057,2,19.653099060058594,0.19795100390911102,58636.40598380007
1799,2458635.9088773,303.0306418,23.0395303,2,19.457300186157227,0.1414259970188141,58635.4088773001
1801,2458634.9232755,303.03067,23.0395128,2,19.521499633789062,0.1458349972963333,58634.42327550007
1807,2458628.9054977,303.0306438,23.0395357,2,19.771400451660156,0.16254299879074097,58628.405497699976
1808,2458627.8994329,303.0306079,23.0395486,2,19.37649917602539,0.13812200725078583,58627.399432899896
1811,2458617.9843403,303.030677,23.0395285,2,19.454599380493164,0.15248499810695648,58617.48434029985
1812,2458617.957662,303.0305745,23.0395683,1,20.572900772094727,0.22440099716186523,58617.457661999855
1813,2458616.9220486,303.0305997,23.0395014,2,19.736799240112305,0.15212200582027435,58616.422048599925
1814,2458608.9772454,303.0306296,23.0395395,2,19.786699295043945,0.15799300372600555,58608.477245400194
1815,2458608.9508681,303.0306556,23.0395143,1,20.366199493408203,0.26915299892425537,58608.45086809993
1816,2458607.8875579,303.0306781,23.0395238,2,19.54450035095215,0.15882399678230286,58607.387557900045
1818,2458606.8738657,303.0306429,23.0395596,2,19.557100296020508,0.13880300521850586,58606.37386569986
1819,2458605.9443634,303.030637,23.039532,2,19.3262996673584,0.11488799750804901,58605.444363399874
1820,2458597.9549653,303.0305953,23.0394902,2,19.519100189208984,0.14794699847698212,58597.45496529993
1821,2458593.9432176,303.0306646,23.0395786,2,19.48940086364746,0.2128159999847412,58593.44321760023
1823,2458591.9771296,303.0306745,23.039495,2,19.17690086364746,0.22255699336528778,58591.47712960001
1824,2458588.9496181,303.0306118,23.0394874,2,19.14940071105957,0.13171100616455078,58588.44961810019
1828,2458586.9617708,303.0306662,23.0395175,1,20.316499710083008,0.23376800119876862,58586.46177079994
1829,2458585.9449884,303.0306085,23.0395086,2,19.156099319458008,0.11374899744987488,58585.44498840021
1830,2458585.0098032,303.0306189,23.0395213,2,19.607799530029297,0.1862419992685318,58584.50980320014
1832,2458582.9453819,303.0306248,23.0395062,2,19.297000885009766,0.15568199753761292,58582.44538189983
1835,2458575.9632407,303.0306289,23.0395082,2,19.242700576782227,0.10986900329589844,58575.46324069984
1842,2458433.6436921,303.0306334,23.03947,1,19.09160041809082,0.1762010008096695,58433.143692099955
1843,2458433.5907639,303.0306374,23.0394898,2,19.73579978942871,0.2054699957370758,58433.09076389996
1844,2458432.6652315,303.0306411,23.0395662,1,19.601900100708008,0.1923529952764511,58432.16523149982
1848,2458430.6231597,303.0306566,23.0395174,1,20.184200286865234,0.20998600125312805,58430.12315970007
1850,2458429.6626736,303.0306695,23.0395523,1,19.920299530029297,0.16177800297737122,58429.16267360002
1851,2458429.5885417,303.0306791,23.0395175,2,19.336999893188477,0.11618799716234207,58429.08854170004
1852,2458428.6529514,303.0306068,23.039523,1,20.104000091552734,0.21149300038814545,58428.152951399796
1854,2458427.6103125,303.0306656,23.0395279,2,19.07159996032715,0.15464699268341064,58427.11031250004
1856,2458425.6606829,303.0306801,23.0394938,1,19.461000442504883,0.15486200153827667,58425.16068289988
1858,2458400.6502778,303.0306618,23.0395083,2,19.568199157714844,0.15868499875068665,58400.15027779993
1859,2458400.6175579,303.0306424,23.0394641,1,20.079500198364258,0.17480699717998505,58400.11755790003
1860,2458390.6504051,303.0306399,23.0395142,1,19.975299835205078,0.1695220023393631,58390.15040510008
1861,2458389.7268981,303.0305958,23.0394585,2,19.76959991455078,0.17711399495601654,58389.22689810023
1862,2458389.666331,303.0306269,23.039517,1,19.718799591064453,0.14611299335956573,58389.16633100016
1863,2458387.6696412,303.0306102,23.039451,1,19.80069923400879,0.2028290033340454,58387.16964119999
1864,2458384.7500231,303.0306554,23.0394661,1,19.355600357055664,0.188167005777359,58384.25002310006
1865,2458382.708669,303.0306675,23.0394118,1,19.6117000579834,0.19005200266838074,58382.20866899984
1866,2458381.7311574,303.030604,23.0395701,1,19.495500564575195,0.14765100181102753,58381.23115740018
1867,2458379.8165509,303.0306646,23.0395443,1,19.68280029296875,0.18964000046253204,58379.31655090023
1868,2458378.803206,303.0306657,23.0395878,1,19.96739959716797,0.1873439997434616,58378.30320600001
1869,2458378.7353472,303.0305833,23.0395188,2,19.767799377441406,0.1751829981803894,58378.235347200185
1870,2458377.7328704,303.0306528,23.0395442,1,19.90180015563965,0.17350900173187256,58377.23287039995
1871,2458376.7315972,303.030701,23.0395394,1,19.859500885009766,0.15765699744224548,58376.231597200036
1872,2458375.7321296,303.0306851,23.0395128,1,19.65959930419922,0.11986999958753586,58375.2321295999
1873,2458375.7082176,303.0306256,23.0395182,2,19.63319969177246,0.1394830048084259,58375.208217599895
1874,2458374.7514583,303.0306445,23.0395185,1,19.456199645996094,0.11996299773454666,58374.25145829981
1875,2458374.66875,303.0306601,23.0395365,2,19.906700134277344,0.15086300671100616,58374.168750000186
1876,2458373.756875,303.0306738,23.0395304,1,20.03700065612793,0.1777849942445755,58373.25687499996
1877,2458372.7575463,303.030723,23.039497,1,20.104900360107422,0.2083750069141388,58372.25754630007
1878,2458372.6726505,303.030654,23.0394935,2,19.545400619506836,0.12091399729251862,58372.1726505002
1879,2458370.7542824,303.0306247,23.0395166,2,19.102699279785156,0.08696399629116058,58370.25428240001
1880,2458370.7472569,303.0306844,23.0395537,1,19.08169937133789,0.0872339978814125,58370.247256900184
1881,2458369.7056944,303.030672,23.0394633,2,19.846799850463867,0.19190900027751923,58369.205694399774
1882,2458368.7777662,303.0306392,23.0395535,2,19.698400497436523,0.1817760020494461,58368.27776619978
1883,2458368.753044,303.0306809,23.0395323,1,19.774799346923828,0.18657399713993073,58368.253043999895
1884,2458367.7514236,303.030668,23.0395844,1,19.868099212646484,0.18545199930667877,58367.25142360013
1885,2458366.7684259,303.0306663,23.0394831,1,19.70009994506836,0.15547700226306915,58366.26842590002
1886,2458366.6838889,303.0306767,23.0395157,2,19.505399703979492,0.11419600248336792,58366.183888900094
1887,2458365.7784606,303.0306067,23.0395674,1,20.228599548339844,0.19432300329208374,58365.27846059995
1888,2458364.7539352,303.0306717,23.0395333,1,19.68079948425293,0.11644800007343292,58364.25393520016
1889,2458364.6855556,303.0306833,23.0394947,2,19.422700881958008,0.11974900215864182,58364.185555600096
1890,2458360.7741667,303.0306533,23.0395415,2,19.49340057373047,0.1302569955587387,58360.274166699965
1891,2458353.7108796,303.0307474,23.0395619,2,19.29949951171875,0.15847699344158173,58353.21087960014
1892,2458350.8387847,303.0306717,23.0395539,1,19.659400939941406,0.16812199354171753,58350.338784699794
1893,2458349.8676505,303.0306717,23.0395299,1,19.574600219726562,0.14309899508953094,58349.36765050003
1894,2458349.7955093,303.030661,23.0395196,2,19.129600524902344,0.11107499897480011,58349.295509300195
1895,2458348.8502662,303.0306613,23.0395392,1,20.055999755859375,0.18925799429416656,58348.350266200025
1896,2458346.8185995,303.0307001,23.0395351,1,19.808399200439453,0.15240900218486786,58346.31859950023
1897,2458345.8198148,303.0306323,23.0395674,2,19.905000686645508,0.18572600185871124,58345.31981479982
1898,2458344.840625,303.0306761,23.0395631,1,20.123300552368164,0.19394700229167938,58344.340625000186
1899,2458344.8032639,303.0306604,23.0394666,2,19.680099487304688,0.14750200510025024,58344.30326389987
1900,2458342.8261806,303.0306356,23.0394985,2,19.36210060119629,0.146588996052742,58342.326180600096
1901,2458341.8230556,303.0306927,23.0395199,2,19.61720085144043,0.18353000283241272,58341.323055599816
1902,2458340.7996528,303.0306464,23.0394958,2,19.484600067138672,0.12889599800109863,58340.299652799964
1903,2458338.8638773,303.0306977,23.03954,1,19.744800567626953,0.13075299561023712,58338.36387730017
1904,2458338.8321991,303.0306369,23.0395835,2,19.78689956665039,0.1648849993944168,58338.33219909994
1905,2458337.8716782,303.0306425,23.0395244,1,19.424699783325195,0.11702699959278107,58337.371678200085
1906,2458336.8397801,303.0306407,23.0395238,2,19.068899154663086,0.1095300018787384,58336.339780100156
1907,2458336.7726736,303.0306847,23.039517,1,19.060300827026367,0.11591900140047073,58336.27267359989
1908,2458323.902037,303.0306846,23.0395471,1,19.578699111938477,0.1962909996509552,58323.40203699982
1909,2458323.7692824,303.0306813,23.0395051,2,19.728300094604492,0.20284399390220642,58323.26928240014
1910,2458322.9272917,303.0307089,23.0394777,1,20.025400161743164,0.1715639978647232,58322.42729170015
1911,2458322.890081,303.0306391,23.0394918,2,19.580799102783203,0.16958099603652954,58322.39008100005
1912,2458321.9013657,303.0306951,23.03954,1,20.21940040588379,0.2045219987630844,58321.40136570018
1913,2458320.9168519,303.0307246,23.0395388,1,19.688100814819336,0.16892799735069275,58320.41685190005
1914,2458320.858912,303.0306135,23.0395772,2,20.109100341796875,0.19743700325489044,58320.35891199997
1915,2458319.8816204,303.030626,23.0395179,1,19.07069969177246,0.08186499774456024,58319.38162040012
1916,2458318.901331,303.0306835,23.0395173,1,20.059999465942383,0.19298599660396576,58318.40133100003
1917,2458318.8353704,303.0306773,23.0395315,2,19.97410011291504,0.16338099539279938,58318.33537039999
1918,2458317.9031829,303.0306358,23.0395031,2,19.034000396728516,0.0980599969625473,58317.403182900045
1919,2458316.8791898,303.0306455,23.0395364,1,19.861299514770508,0.17571699619293213,58316.379189800005
1920,2458314.9149074,303.0306502,23.0395301,2,19.391700744628906,0.10937800258398056,58314.41490740003
1921,2458314.8953935,303.0306513,23.0395169,1,19.24220085144043,0.10904999822378159,58314.395393500105
1922,2458313.8841782,303.0306599,23.03953,2,19.091299057006836,0.10648799687623978,58313.384178199805
1923,2458311.8787616,303.0306589,23.0395378,2,19.48349952697754,0.17411400377750397,58311.37876159977
1924,2458310.8368056,303.030689,23.0394937,1,19.74839973449707,0.12937100231647491,58310.33680560021
1925,2458307.8792477,303.0306445,23.0395037,2,19.134199142456055,0.11223500221967697,58307.379247699864
1926,2458307.8369213,303.0306707,23.0395212,1,19.423999786376953,0.11312499642372131,58307.33692129981
1927,2458294.9634491,303.030626,23.0395013,2,19.840299606323242,0.17781999707221985,58294.46344910003
1928,2458294.9460417,303.030683,23.0395182,1,19.742599487304688,0.17203399538993835,58294.446041699965
1929,2458293.8180903,303.0306682,23.0395201,2,19.60300064086914,0.14682500064373016,58293.318090300076
1930,2458290.8781134,303.0306547,23.039508,2,19.677200317382812,0.15211699903011322,58290.37811340019
1931,2458289.9150231,303.0306546,23.0395144,1,19.636899948120117,0.16402199864387512,58289.4150231001
1932,2458286.9203472,303.0306509,23.0395196,1,19.89150047302246,0.08686099946498871,58286.420347199775
1933,2458285.9373032,303.0306657,23.0395302,1,19.698699951171875,0.07834699749946594,58285.4373031999
1934,2458285.8816435,303.0306742,23.0395358,2,19.739200592041016,0.10371799767017365,58285.38164350018
1935,2458284.8933796,303.0306449,23.0395151,1,19.709199905395508,0.08652699738740921,58284.39337959979
1936,2458283.9205787,303.0306802,23.0395089,1,19.660999298095703,0.07767199724912643,58283.420578700025
1937,2458282.9010069,303.0306763,23.0395106,1,19.52079963684082,0.07941500097513199,58282.401006899774
1938,2458281.8993519,303.0306623,23.0394934,1,19.88559913635254,0.09027999639511108,58281.39935189998
1939,2458280.9098148,303.0306393,23.0395127,1,19.217500686645508,0.050606999546289444,58280.409814800136
1940,2458280.8727431,303.0307047,23.0395289,2,19.385099411010742,0.08228299766778946,58280.37274309993
1941,2458279.9046412,303.0306241,23.0394892,2,19.251800537109375,0.10447199642658234,58279.40464119986
1942,2458279.8699537,303.030643,23.0395031,1,19.37019920349121,0.07421699911355972,58279.369953699876
1943,2458278.9133333,303.0306333,23.039513,1,18.84000015258789,0.04012399911880493,58278.413333300035
1944,2458277.8702778,303.0306576,23.0395259,1,20.256399154663086,0.13425500690937042,58277.37027780013
1945,2458276.9252662,303.0306735,23.0395397,2,19.332599639892578,0.11058299988508224,58276.42526620021
1946,2458276.8914352,303.0306678,23.0395184,1,19.473400115966797,0.07820399850606918,58276.39143519988
1947,2458275.9583333,303.0306954,23.0395052,1,19.85540008544922,0.10836999863386154,58275.45833329996
1948,2458274.9005208,303.0306637,23.039509,1,19.666500091552734,0.10237099975347519,58274.40052080015
1949,2458273.9600579,303.0306239,23.0394606,1,19.775800704956055,0.1577180027961731,58273.46005789982
1950,2458273.0,303.030700683594,23.039533615112,1,19.71579933166504,0.15452399849891663,58272.5
1951,2458271.0,303.030578613281,23.039459228516,1,19.333799362182617,0.19349999725818634,58270.5
