,jd,ra,dec,fid,magpsf,sigmapsf,mjd
0,2461185.9850926,7.8054651,36.2800632,2,18.068126678466797,0.07239975035190582,61185.485092599876
1,2461185.9807292,7.8054796,36.2800481,2,18.154199600219727,0.06800000369548798,61185.480729199946
2,2461185.9768634,7.8054507,36.2800476,2,18.114599227905273,0.07749500125646591,61185.47686340008
3,2461184.9869907,7.8054423,36.2800375,2,18.15169906616211,0.0956839993596077,61184.48699070001
4,2461184.9816667,7.8054606,36.2800214,2,18.11440086364746,0.08610200136899948,61184.48166669998
5,2461184.9782755,7.8054581,36.280049,2,18.15719985961914,0.07257899641990662,61184.47827549977
6,2461183.9878819,7.8054683,36.2800755,2,18.194599151611328,0.09093199670314789,61183.48788189981
7,2461183.9830671,7.8054473,36.28004,2,18.053499221801758,0.057176001369953156,61183.483067099936
8,2461183.9791898,7.8054701,36.2800411,2,18.09429931640625,0.06096800044178963,61183.4791898001
9,2461181.9883681,7.8054425,36.2800169,2,18.195100784301758,0.09533999860286713,61181.48836810002
10,2461181.9831134,7.8054124,36.2800234,2,18.291500091552734,0.1122639998793602,61181.48311340017
11,2461181.9797569,7.8055288,36.2800593,2,18.31719970703125,0.08729100227355957,61181.47975690011
12,2461180.9871412,7.8054159,36.2800674,2,18.34000015258789,0.11463399976491928,61180.487141199876
13,2461180.9837847,7.8055384,36.2801048,2,18.294099807739258,0.08191099762916565,61180.48378469981
14,2461180.9804282,7.8054291,36.2800671,2,18.28529930114746,0.09628599882125854,61180.480428200215
15,2461179.9887269,7.8054844,36.2800252,2,18.299299240112305,0.17502500116825104,61179.48872689996
16,2461179.9848611,7.8055107,36.2800018,2,18.3882999420166,0.15958599746227264,61179.48486110009
17,2461179.9809954,7.8053711,36.2799764,2,18.262100219726562,0.12665200233459473,61179.48099539988
19,2461176.9876852,7.805476,36.2799776,2,18.158000946044922,0.14767000079154968,61176.48768519983
20,2461176.983831,7.8054456,36.2800082,2,18.110200881958008,0.10021799802780151,61176.48383100005
21,2461175.9872917,7.8053705,36.2800462,2,17.993799209594727,0.09956599771976471,61175.48729170021
22,2461175.9839699,7.8054214,36.2800419,2,18.089399337768555,0.07298599928617477,61175.483969899826
23,2461174.9941898,7.8055031,36.2800242,2,18.075700759887695,0.09370800107717514,61174.49418980023
24,2461174.9916898,7.8053863,36.2800686,2,18.04010009765625,0.07019899785518646,61174.49168979982
25,2461174.9897569,7.8054626,36.2799793,2,18.20319938659668,0.10220299661159515,61174.489756899886
26,2461174.986875,7.8054314,36.2800119,2,18.013900756835938,0.0667949989438057,61174.486874999944
27,2461174.9859144,7.8054183,36.280043,2,18.15399932861328,0.09690400213003159,61174.48591439985
28,2461174.9835301,7.8052858,36.2800998,2,18.07900047302246,0.08879300206899643,61174.48353009997
29,2461173.994919,7.8054756,36.2800545,2,18.226699829101562,0.09500999748706818,61173.49491900019
30,2461173.9930093,7.8054105,36.2800701,2,18.049699783325195,0.09087199717760086,61173.49300929997
31,2461173.9899884,7.8054978,36.2800871,2,18.064599990844727,0.07207100093364716,61173.489988400135
32,2461173.9880787,7.805436,36.2800556,2,18.193099975585938,0.07871700078248978,61173.48807869991
33,2461173.9860648,7.8054949,36.2800246,2,18.020299911499023,0.07667700201272964,61173.48606480006
34,2461173.9841551,7.8054182,36.2800715,2,18.049699783325195,0.06775999814271927,61173.48415509984
35,2461172.9956597,7.8053606,36.2800095,2,18.271499633789062,0.12512999773025513,61172.49565970013
36,2461172.9922454,7.8054703,36.2800349,2,18.010799407958984,0.1296360045671463,61172.49224539986
37,2461172.9907292,7.8054138,36.2800553,2,18.131099700927734,0.08257699757814407,61172.49072920019
38,2461172.9883218,7.8054788,36.2800514,2,18.032499313354492,0.08591300249099731,61172.488321799785
39,2461172.9868171,7.8054339,36.2800467,2,18.135099411010742,0.07478799670934677,61172.486817100085
40,2461172.9844097,7.8054455,36.2800477,2,18.12929916381836,0.06573999673128128,61172.48440970015
41,2461171.9938657,7.8055244,36.2800733,2,18.176599502563477,0.12334100157022476,61171.49386569997
42,2461171.9894907,7.8054443,36.28004,2,18.337099075317383,0.09079799801111221,61171.489490699954
43,2461171.9865394,7.8054411,36.2800716,2,18.27899932861328,0.12499299645423889,61171.48653940018
44,2461170.9945949,7.8055106,36.2799917,2,18.55739974975586,0.2226569950580597,61170.49459489994
45,2461170.9906713,7.8055423,36.2800176,2,18.316200256347656,0.09728500247001648,61170.49067129986
46,2461170.9877546,7.8054318,36.2800835,2,18.396900177001953,0.12761899828910828,61170.48775460012
47,2461169.9959606,7.8054608,36.2800422,2,18.44930076599121,0.15874600410461426,61169.49596060021
48,2461169.9920949,7.805453,36.2800543,2,18.328699111938477,0.10921899974346161,61169.49209489999
49,2461169.9882176,7.805466,36.2800842,2,18.390100479125977,0.12743300199508667,61169.488217600156
50,2461168.9997569,7.8056517,36.2799006,2,18.48579978942871,0.29893600940704346,61168.49975690013
53,2461167.9915162,7.8054375,36.2800791,2,18.470300674438477,0.173443004488945,61167.491516199894
54,2461164.0033333,7.8053194,36.2799924,2,18.185400009155273,0.13174299895763397,61163.50333329989
56,2461163.9970139,7.8053935,36.2800721,2,18.15060043334961,0.1516920030117035,61163.49701389996
57,2461163.0028356,7.8054629,36.2800327,2,18.16390037536621,0.15608100593090057,61162.50283560017
58,2461162.9943171,7.8052211,36.2800246,2,18.133699417114258,0.10956799983978271,61162.49431709992
61,2461161.9987037,7.8053725,36.2799389,2,18.149599075317383,0.1244489997625351,61161.498703700025
62,2461161.9948495,7.8055808,36.2799732,2,18.22279930114746,0.1315689980983734,61161.49484949978
63,2461161.0051736,7.8055417,36.2799551,2,18.023500442504883,0.1929199993610382,61160.50517359981
64,2461160.0070833,7.80552,36.2800909,2,18.42889976501465,0.3018360137939453,61159.507083300035
65,2461160.0026505,7.8054145,36.2799853,2,18.30620002746582,0.21199899911880493,61159.50265049981
69,2461074.6204977,7.8054622,36.2800883,1,19.41669464111328,0.18798300623893738,61074.12049769983
71,2461072.6171875,7.8054461,36.2802845,1,19.328800201416016,0.2593579888343811,61072.1171875
73,2461070.6174306,7.8057563,36.2798283,1,19.366199493408203,0.28422099351882935,61070.11743059987
79,2461059.6111458,7.8055384,36.2800537,1,19.455799102783203,0.13221199810504913,61059.11114579998
80,2461057.6793866,7.8054465,36.2799434,1,19.129899978637695,0.30172500014305115,61057.17938659992
81,2461057.613287,7.8055189,36.2800649,2,19.341999053955078,0.15894700586795807,61057.113286999986
82,2461055.6645139,7.8054637,36.2800512,1,19.27989959716797,0.15394599735736847,61055.164513899945
84,2461053.6799306,7.805626,36.2800943,2,19.544300079345703,0.2102299928665161,61053.17993059987
87,2461030.6653009,7.8054817,36.2799937,2,19.288700103759766,0.1361760050058365,61030.16530090012
88,2461030.6109838,7.8054796,36.2800559,1,19.145299911499023,0.11819899827241898,61030.11098380014
89,2461028.7307986,7.8053917,36.2800773,2,19.350500106811523,0.17797499895095825,61028.230798599776
90,2461028.6636111,7.8055247,36.2800288,1,19.25429916381836,0.15339000523090363,61028.163611100055
91,2461026.6520023,7.8054779,36.2800715,1,19.25979995727539,0.10302600264549255,61026.152002300136
94,2461023.6310532,7.8054644,36.2800552,1,18.985700607299805,0.12307500094175339,61023.13105319999
95,2461021.692963,7.8055016,36.2801004,2,19.204099655151367,0.11155299842357635,61021.19296299992
96,2461021.6604051,7.8054702,36.2800647,1,19.109699249267578,0.12648500502109528,61021.16040509986
98,2461015.6977315,7.8055904,36.2800994,1,19.027099609375,0.16895100474357605,61015.197731500026
100,2461013.7220486,7.8054611,36.2801408,1,18.97330093383789,0.23539599776268005,61013.222048600204
102,2461010.7809375,7.8053253,36.279971,2,19.135499954223633,0.16547900438308716,61010.28093749983
103,2461010.7192824,7.8055819,36.2800673,1,18.99250030517578,0.2700299918651581,61010.21928239986
104,2461008.673912,7.8054745,36.2802177,1,19.4778995513916,0.18059100210666656,61008.17391199991
106,2461006.780463,7.8055262,36.2801307,1,19.340499877929688,0.20177899301052094,61006.28046299983
107,2461006.6800694,7.8055028,36.280182,2,19.32430076599121,0.19702599942684174,61006.1800694
108,2461004.7386458,7.8054551,36.2800726,1,19.293100357055664,0.12779000401496887,61004.238645799924
114,2460988.8033102,7.8054619,36.2801266,2,19.554899215698242,0.21414899826049805,60988.303310200106
124,2460978.8631597,7.805529,36.2801215,1,20.074499130249023,0.3131070137023926,60978.36315969983
128,2460974.8169907,7.8055152,36.2800696,1,19.755800247192383,0.17452800273895264,60974.316990700085
130,2460972.7998032,7.8054232,36.2800816,1,19.72410011291504,0.17014899849891663,60972.29980320018
132,2460969.8194213,7.8055017,36.2800751,1,19.82200050354004,0.16924600303173065,60969.3194213002
133,2460969.803912,7.805426,36.2801475,2,19.89430046081543,0.20061799883842468,60969.3039119998
134,2460967.8240162,7.8054495,36.2800943,1,19.821199417114258,0.14465999603271484,60967.32401619991
136,2460965.8618634,7.8055154,36.2800293,1,19.583499908447266,0.1593790054321289,60965.361863399856
137,2460965.8035069,7.8053996,36.2799091,2,19.653099060058594,0.16951000690460205,60965.30350690009
138,2460961.7427199,7.8054876,36.2800331,1,19.737699508666992,0.13209199905395508,60961.24271989986
139,2460961.6929282,7.805322,36.2800039,2,19.812400817871094,0.32501399517059326,60961.19292820012
141,2460957.8504745,7.8054848,36.2800756,1,19.2185001373291,0.18532299995422363,60957.3504745001
142,2460955.8560648,7.8053467,36.2800404,2,19.33639907836914,0.23678599298000336,60955.35606480017
144,2460953.8865046,7.8055367,36.2800185,1,19.1914005279541,0.14214399456977844,60953.386504599825
145,2460953.7189005,7.8054473,36.2801031,2,19.389699935913086,0.19635100662708282,60953.218900499865
146,2460951.7536458,7.8054399,36.28002,2,19.378599166870117,0.13246800005435944,60951.253645800054
147,2460949.8932523,7.8054913,36.280053,1,19.118600845336914,0.10384699702262878,60949.3932523001
148,2460949.7994097,7.8054412,36.2800307,2,19.38610076904297,0.12657800316810608,60949.29940970009
149,2460944.8278125,7.805449,36.2800761,1,19.201099395751953,0.09870900213718414,60944.32781249983
150,2460944.8058333,7.8054382,36.2801018,2,19.43670082092285,0.11973699927330017,60944.30583330011
151,2460942.862037,7.8055166,36.2800381,1,19.161100387573242,0.10550100356340408,60942.36203699978
153,2460939.8453935,7.8054702,36.2800536,1,19.33810043334961,0.11262600123882294,60939.345393499825
154,2460939.8025694,7.8054411,36.28003,2,19.530099868774414,0.13913699984550476,60939.30256940005
155,2460935.8455903,7.8055053,36.2800767,1,19.291900634765625,0.09207499772310257,60935.34559029993
156,2460935.7914352,7.8054142,36.2800651,2,19.70319938659668,0.22987200319766998,60935.29143519979
157,2460933.869294,7.8053794,36.2800842,2,19.82990074157715,0.27433499693870544,60933.36929399986
158,2460933.782419,7.8054387,36.2800322,1,19.457700729370117,0.10436999797821045,60933.28241899982
160,2460929.8425347,7.8054461,36.2800955,1,19.401599884033203,0.18950000405311584,60929.34253469994
161,2460927.8404282,7.8055462,36.2800503,1,19.3346004486084,0.21823999285697937,60927.340428200085
162,2460927.8025694,7.8053801,36.2800401,2,19.539400100708008,0.1975409984588623,60927.30256940005
165,2460923.9403588,7.8055182,36.2800999,1,19.723600387573242,0.1718430072069168,60923.44035879988
167,2460919.8595949,7.8054991,36.2801337,2,19.883800506591797,0.18637700378894806,60919.35959490016
168,2460919.8279861,7.8054641,36.2800467,1,19.683700561523438,0.13759399950504303,60919.32798610022
170,2460917.8206134,7.8054969,36.2800496,1,19.949499130249023,0.15313799679279327,60917.32061340008
173,2460911.8694792,7.8054284,36.2799905,1,19.960399627685547,0.15712599456310272,60911.36947919987
178,2460904.8000579,7.8054289,36.2800624,1,20.01919937133789,0.18818299472332,60904.30005790014
185,2460858.9048032,7.805432,36.2801297,1,19.881389617919922,0.1792520433664322,60858.40480320016
186,2460853.9716088,7.8054875,36.2800712,1,19.776599884033203,0.19537200033664703,60853.47160879988
187,2460853.8953704,7.8054991,36.280096,2,19.523700714111328,0.17166100442409515,60853.395370400045
190,2460850.9311458,7.8054651,36.2801296,2,19.898399353027344,0.24681399762630463,60850.43114579981
191,2460814.9872222,7.8054294,36.2801086,2,19.055879592895508,0.1697569489479065,60814.487222199794
194,2460811.9888657,7.8054382,36.2801046,2,18.940099716186523,0.19350500404834747,60811.488865700085
195,2460810.996169,7.805433,36.2799525,2,18.590900421142578,0.19446000456809998,60810.49616899993
197,2460810.9913079,7.805413,36.2800622,2,18.908899307250977,0.18346300721168518,60810.49130789982
199,2460810.986956,7.8054857,36.2800148,2,19.168899536132812,0.1757279932498932,60810.48695599986
210,2460805.9896991,7.8053327,36.2801435,2,19.60580062866211,0.27588599920272827,60805.489699100144
211,2460805.9853009,7.805387,36.2800362,2,19.598800659179688,0.19303999841213226,60805.48530089995
216,2460798.9872801,7.8053519,36.2800045,2,19.16320037841797,0.1564200073480606,60798.48728010012
217,2460798.9833912,7.8053336,36.2799952,2,18.849300384521484,0.13303400576114655,60798.48339120019
218,2460797.992419,7.8053543,36.28003,2,18.85849952697754,0.1542070060968399,60797.492418999784
219,2460797.987581,7.805494,36.2801265,2,18.8523006439209,0.19415299594402313,60797.4875810002
220,2460797.9837153,7.8054666,36.2800562,2,18.90519905090332,0.09661299735307693,60797.48371529998
223,2460795.9857523,7.8055265,36.2799484,2,18.659099578857422,0.13128000497817993,60795.485752299894
224,2460795.0033912,7.8053228,36.2798562,2,18.819400787353516,0.2355930060148239,60794.50339120021
225,2460706.6202546,7.8055497,36.2800162,1,19.537025451660156,0.14477093517780304,60706.120254599955
229,2460694.6391551,7.8054447,36.2801796,1,19.59950065612793,0.1804639995098114,60694.1391551001
237,2460681.6538773,7.8055585,36.2800393,1,19.980100631713867,0.21472999453544617,60681.15387730021
240,2460679.6188889,7.8054912,36.2800601,1,19.95560073852539,0.14473800361156464,60679.11888890015
244,2460673.7635648,7.8055686,36.2801492,1,19.965900421142578,0.21626299619674683,60673.26356479991
249,2460667.612419,7.8056974,36.2802237,1,19.90679931640625,0.19080500304698944,60667.112418999895
252,2460663.7658565,7.8054109,36.279998,2,19.76099967956543,0.22709700465202332,60663.265856499784
265,2460649.7016667,7.8055161,36.2800576,1,20.068700790405273,0.1743759959936142,60649.20166670019
268,2460643.7150926,7.8054141,36.2801327,1,19.770200729370117,0.22405099868774414,60643.21509259986
269,2460643.6929977,7.8051737,36.2800263,2,19.601200103759766,0.21373599767684937,60643.19299770007
272,2460639.7292245,7.8054211,36.279878,2,20.047700881958008,0.3933039903640747,60639.22922449978
274,2460634.8298843,7.8054501,36.2801072,1,19.954999923706055,0.3467999994754791,60634.32988430001
287,2460618.8671065,7.8056829,36.2800272,1,19.94420051574707,0.18620599806308746,60618.36710650008
291,2460596.7311111,7.8055607,36.2799902,1,19.89665985107422,0.19815897941589355,60596.23111109994
293,2460594.8051273,7.8054573,36.2801709,1,20.106399536132812,0.18467900156974792,60594.30512729986
296,2460583.9087384,7.8055501,36.2801377,2,19.679399490356445,0.19785399734973907,60583.408738399856
297,2460583.8868403,7.8054668,36.2800128,1,19.44659996032715,0.10252399742603302,60583.38684030017
298,2460580.9922917,7.8054667,36.28009,1,19.401199340820312,0.1349180042743683,60580.492291700095
299,2460580.9440856,7.8054835,36.2800347,2,19.6476993560791,0.1485379934310913,60580.444085599855
300,2460578.8497917,7.8054499,36.2801258,2,19.729799270629883,0.2030629962682724,60578.34979170002
301,2460578.8247106,7.8055462,36.2800373,1,19.43199920654297,0.10885400325059891,60578.32471060008
303,2460577.849537,7.805507,36.2800713,1,19.369199752807617,0.10499799996614456,60577.34953700006
304,2460577.810706,7.8053992,36.2800705,3,18.781299591064453,0.13428500294685364,60577.310705999844
305,2460576.8494907,7.8054638,36.2801137,1,19.58209991455078,0.1675879955291748,60576.349490699824
306,2460576.7966319,7.8054646,36.2800252,3,18.780399322509766,0.15257799625396729,60576.29663190013
308,2460575.9665394,7.8054676,36.2801676,3,18.562999725341797,0.10710199922323227,60575.466539400164
309,2460575.8446875,7.805487,36.2800704,2,19.61440086364746,0.18230099976062775,60575.34468750004
310,2460575.8056019,7.8054663,36.2800615,1,19.52989959716797,0.18363699316978455,60575.30560189998
315,2460566.907662,7.8054345,36.2800551,1,19.945100784301758,0.21628999710083008,60566.40766200004
317,2460564.7546759,7.8054152,36.2800259,1,19.63409996032715,0.18423199653625488,60564.2546759001
319,2460562.8176852,7.8054604,36.2800357,1,19.677200317382812,0.18039600551128387,60562.3176851999
320,2460559.8726273,7.8055266,36.2800588,1,19.507099151611328,0.15563400089740753,60559.37262730021
322,2460557.9027662,7.8054778,36.2799979,1,19.629899978637695,0.12884600460529327,60557.40276619978
325,2460555.8125116,7.8054673,36.2800455,1,19.59079933166504,0.1501310020685196,60555.31251160009
326,2460552.9234144,7.8055376,36.2800068,1,19.56570053100586,0.13024300336837769,60552.42341439985
327,2460552.8657407,7.8052947,36.2801298,2,19.658000946044922,0.16854999959468842,60552.36574070016
328,2460550.8802662,7.8054553,36.2800792,2,19.70989990234375,0.17861099541187286,60550.38026619982
329,2460550.8190278,7.8054935,36.2800592,1,19.474599838256836,0.1597920060157776,60550.31902780011
331,2460548.8413079,7.8054412,36.2800159,1,19.391700744628906,0.13512299954891205,60548.341307899915
332,2460545.8879977,7.8054569,36.2800553,2,19.38330078125,0.21064400672912598,60545.3879976999
333,2460545.8444444,7.8054475,36.2800257,1,19.411699295043945,0.16438399255275726,60545.344444400165
336,2460538.9578935,7.8054771,36.2800539,1,19.23110008239746,0.10313600301742554,60538.457893500105
337,2460538.9051042,7.8053802,36.2799979,2,19.52280044555664,0.13911199569702148,60538.40510419989
338,2460536.8875231,7.8054321,36.2800126,2,19.384849548339844,0.12067636847496033,60536.38752309978
339,2460536.8875231,7.8054321,36.2800126,2,19.38479995727539,0.12067600339651108,60536.38752309978
340,2460536.8436111,7.8054707,36.2800414,1,19.169700622558594,0.10681600123643875,60536.34361110022
341,2460533.9690741,7.8055217,36.2800454,1,19.117599487304688,0.060391999781131744,60533.46907409979
342,2460533.8820949,7.8055143,36.2800744,2,19.107900619506836,0.13931900262832642,60533.382094900124
343,2460532.9684606,7.8055065,36.2800424,1,19.05030059814453,0.05988499894738197,60532.46846059989
344,2460532.891713,7.8054862,36.2800236,2,19.089000701904297,0.08238500356674194,60532.3917129999
345,2460531.8800116,7.8054084,36.2800675,2,19.200899124145508,0.10987599939107895,60531.38001159998
346,2460529.9312037,7.8055092,36.2800407,1,18.943500518798828,0.1243479996919632,60529.43120370014
347,2460529.8831481,7.8054568,36.2800145,2,19.11440086364746,0.14941799640655518,60529.38314810023
348,2460527.8922338,7.8054698,36.2800763,2,18.82229995727539,0.1277340054512024,60527.39223380014
349,2460525.9289468,7.8054751,36.2801127,2,19.00040054321289,0.08706799894571304,60525.428946800064
350,2460525.871956,7.8054837,36.2800553,1,18.825700759887695,0.10888700187206268,60525.371956000105
351,2460521.9287153,7.805463,36.2800374,2,18.928300857543945,0.10079599916934967,60521.428715299815
352,2460521.8906481,7.8054639,36.2800689,1,18.703699111938477,0.09160199761390686,60521.39064810006
353,2460519.9715741,7.8054063,36.2800564,1,18.822099685668945,0.08861400187015533,60519.4715741002
354,2460519.8617477,7.8054707,36.2800395,2,18.801700592041016,0.1013220027089119,60519.36174769979
355,2460516.954919,7.8055466,36.2800373,1,18.516199111938477,0.10870400071144104,60516.454919000156
356,2460516.8876273,7.8054843,36.2800737,2,18.667200088500977,0.12730899453163147,60516.387627299875
357,2460514.9477315,7.8054328,36.2800295,1,18.60059928894043,0.0966849997639656,60514.447731500026
358,2460514.8740509,7.8055883,36.2800524,2,18.881799697875977,0.11109299957752228,60514.374050899874
359,2460511.9313426,7.805551,36.2800667,1,18.67020034790039,0.11631999909877777,60511.43134259991
360,2460511.8642245,7.8054659,36.2800793,2,19.033700942993164,0.16554999351501465,60511.36422450002
361,2460509.909213,7.8054484,36.2800433,1,18.618000030517578,0.07726799696683884,60509.40921299998
362,2460507.9314583,7.8054675,36.2800258,1,18.55389976501465,0.06469999998807907,60507.43145829998
363,2460507.8912269,7.8053891,36.2800721,2,18.707799911499023,0.08336400240659714,60507.39122689981
364,2460504.9522801,7.8054579,36.2800463,1,18.566299438476562,0.08736299723386765,60504.45228009997
365,2460504.9103472,7.8054646,36.280061,2,18.581499099731445,0.08533400297164917,60504.4103472
366,2460502.9334144,7.8054598,36.2800199,1,18.514299392700195,0.08008799701929092,60502.43341440009
367,2460502.8894097,7.8054219,36.2800458,2,18.581199645996094,0.10474599897861481,60502.38940969994
368,2460494.9527083,7.805455,36.2800471,1,18.60650062561035,0.08290799707174301,60494.4527083002
369,2460494.8744444,7.8054579,36.2800054,2,18.837900161743164,0.13032400608062744,60494.37444439996
370,2460488.9551968,7.8055085,36.280024,1,18.59749984741211,0.10274100303649902,60488.455196800176
371,2460488.8607176,7.8054618,36.2800587,2,18.627700805664062,0.1116819977760315,60488.36071760021
372,2460486.9543056,7.8055001,36.2800597,1,18.51300048828125,0.09889300167560577,60486.45430559991
373,2460457.9736574,7.8054599,36.2800346,2,18.459199905395508,0.07632400095462799,60457.47365739988
374,2460457.9701273,7.8054498,36.2800354,2,18.3971004486084,0.07647500187158585,60457.470127299894
375,2460457.9666088,7.8054361,36.2800431,2,18.424699783325195,0.06723099946975708,60457.466608799994
376,2460456.9752894,7.8054177,36.2799452,2,18.447200775146484,0.11115200072526932,60456.4752894002
377,2460456.971331,7.8054433,36.2800198,2,18.379199981689453,0.08323200047016144,60456.47133099986
378,2460456.9673611,7.8054456,36.2800191,2,18.377700805664062,0.06813400238752365,60456.46736110002
379,2460455.9785069,7.8055739,36.2799966,2,18.524599075317383,0.22110900282859802,60455.478506899904
380,2460455.974537,7.8055208,36.2801911,2,18.566600799560547,0.13211099803447723,60455.47453700006
381,2460452.9758102,7.8054729,36.2800443,2,18.700199127197266,0.12583200633525848,60452.475810199976
384,2460451.9767708,7.8054267,36.2800422,2,18.75040054321289,0.11443600058555603,60451.47677080007
386,2460451.9697917,7.8053801,36.2800159,2,18.831600189208984,0.15218700468540192,60451.46979170013
387,2460450.9777315,7.8057347,36.2801457,2,18.70549964904785,0.1589680016040802,60450.47773149982
388,2460450.9742477,7.8054453,36.2801236,2,18.788999557495117,0.16306400299072266,60450.47424770007
389,2460450.9708218,7.8054976,36.2800917,2,18.78569984436035,0.16980299353599548,60450.470821800176
390,2460449.9778472,7.8053793,36.2800223,2,18.70599937438965,0.11069700121879578,60449.47784719989
391,2460449.9744097,7.8054438,36.2801239,2,18.693599700927734,0.11305099725723267,60449.474409699906
392,2460449.9709259,7.805456,36.2799737,2,18.543500900268555,0.08602199703454971,60449.470925900154
393,2460448.9791898,7.8054699,36.2800008,2,18.586599349975586,0.10796999931335449,60448.4791898001
394,2460448.9757639,7.8055176,36.2800377,2,18.618799209594727,0.1425980031490326,60448.475763900205
396,2460447.9791667,7.8054694,36.2800538,2,18.606300354003906,0.10033400356769562,60447.47916670004
397,2460447.9747106,7.8054586,36.2800223,2,18.590900421142578,0.11043199896812439,60447.474710599985
398,2460447.9718403,7.8054707,36.2800593,2,18.6643009185791,0.1128389984369278,60447.47184030013
399,2460446.9827431,7.8056116,36.2799691,2,18.405000686645508,0.09346199780702591,60446.4827430998
400,2460446.9798495,7.8052828,36.2800641,2,18.33489990234375,0.068572998046875,60446.479849500116
401,2460446.9793866,7.8053971,36.2800735,2,18.242799758911133,0.1086840033531189,60446.4793866002
402,2460446.9769329,7.8054123,36.2800072,2,18.20709991455078,0.06289199739694595,60446.47693290003
403,2460446.9764583,7.8054594,36.2800406,2,18.435800552368164,0.08044400066137314,60446.476458299905
404,2460446.9740625,7.8052331,36.2801326,2,18.388099670410156,0.09746500104665756,60446.474062500056
405,2460445.9901852,7.805288,36.2800825,2,18.306800842285156,0.09024400264024734,60445.49018519977
406,2460445.9878009,7.8055001,36.280025,2,18.32830047607422,0.11030499637126923,60445.48780089989
407,2460445.9863657,7.8054068,36.2799901,2,18.424999237060547,0.08805499970912933,60445.48636570014
408,2460444.983588,7.8054755,36.280026,2,18.32979965209961,0.0759190022945404,60444.48358799983
409,2460444.9811921,7.8055172,36.2800201,2,18.285900115966797,0.056954000145196915,60444.48119209986
410,2460444.9788079,7.8054119,36.280012,2,18.31760025024414,0.07594099640846252,60444.4788079001
411,2460444.9769097,7.8054027,36.2800212,2,18.29789924621582,0.079475998878479,60444.47690969985
412,2460444.975463,7.8054494,36.280034,2,18.255399703979492,0.05843399837613106,60444.475463000126
413,2460444.9735648,7.8054875,36.2800892,2,18.296300888061523,0.07143499702215195,60444.473564799875
414,2460443.9871065,7.8054223,36.2800941,2,18.308799743652344,0.10510800033807755,60443.48710650019
415,2460443.9847106,7.8054289,36.2800044,2,18.252599716186523,0.08902899920940399,60443.48471060023
416,2460443.9832755,7.8053775,36.2800333,2,18.332500457763672,0.07836499810218811,60443.483275500126
417,2460443.9803935,7.8054111,36.280021,2,18.291799545288086,0.07543399930000305,60443.48039350007
418,2460443.9789583,7.8055026,36.2800218,2,18.39430046081543,0.08720099925994873,60443.47895829985
419,2460443.977037,7.8054372,36.2800911,2,18.34440040588379,0.08545999974012375,60443.477037000004
420,2460442.9862731,7.8054273,36.2800922,2,18.38789939880371,0.07539399713277817,60442.486273100134
421,2460442.984375,7.8054386,36.2800809,2,18.30430030822754,0.10452599823474884,60442.484375
422,2460442.9839005,7.8054643,36.2800446,2,18.30430030822754,0.08177799731492996,60442.483900499996
423,2460442.9824769,7.8054895,36.280059,2,18.289199829101562,0.11270599812269211,60442.482476899866
424,2460442.9790625,7.8055099,36.2800431,2,18.290199279785156,0.0635870024561882,60442.479062499944
425,2460442.9751852,7.8054031,36.2801013,2,18.26059913635254,0.09081599861383438,60442.475185200106
426,2460441.988831,7.805389,36.28011,2,18.326200485229492,0.08285100013017654,60441.48883099994
427,2460441.9869329,7.8054164,36.2800603,2,18.268999099731445,0.07130700349807739,60441.4869328998
428,2460441.9864583,7.805411,36.2800578,2,18.400699615478516,0.09593600034713745,60441.48645830015
429,2460441.9849421,7.8054396,36.2800358,2,18.31220054626465,0.07961100339889526,60441.48494210001
430,2460441.9809259,7.8054401,36.2800778,2,18.218299865722656,0.083856001496315,60441.48092589993
431,2460441.9763889,7.805408,36.2800442,2,18.285999298095703,0.10882899910211563,60441.476388900075
432,2460440.9865625,7.8053622,36.2800198,2,18.628599166870117,0.1396999955177307,60440.48656249978
433,2460440.982662,7.8054157,36.2800426,2,18.519399642944336,0.09145700186491013,60440.48266200023
434,2460440.9787384,7.8054664,36.2800094,2,18.686500549316406,0.11500599980354309,60440.478738400154
435,2460439.9864236,7.8056353,36.2800327,2,18.736499786376953,0.23529000580310822,60439.4864236
436,2460439.9825116,7.8054296,36.2799993,2,18.586000442504883,0.13100199401378632,60439.482511600014
437,2460438.9930208,7.805505,36.2800284,2,18.486299514770508,0.11252400279045105,60438.49302079994
438,2460438.9925463,7.8055188,36.2800076,2,18.66119956970215,0.1367959976196289,60438.49254629994
439,2460438.9920718,7.8054601,36.2800928,2,18.750099182128906,0.12046200037002563,60438.492071799934
440,2460437.9908681,7.8055292,36.2800597,2,18.682600021362305,0.12345200031995773,60437.490868099965
441,2460437.9904051,7.8055276,36.28006,2,18.522600173950195,0.1022609993815422,60437.49040509993
442,2460437.9899306,7.8054273,36.2799758,2,18.696199417114258,0.11044900119304657,60437.48993059993
443,2460434.9892824,7.8055238,36.280047,2,18.58009910583496,0.09175299853086472,60434.48928239988
444,2460434.9888079,7.8054951,36.2800868,2,18.566699981689453,0.10091699659824371,60434.48880789988
445,2460434.9883333,7.8054818,36.2800269,2,18.496700286865234,0.088857002556324,60434.48833330022
446,2460433.9911921,7.8054657,36.2800526,2,18.291000366210938,0.10422699898481369,60433.491192100104
447,2460433.9872917,7.8054248,36.2800406,2,18.258399963378906,0.0674860030412674,60433.48729170021
448,2460433.9834028,7.8054728,36.2800776,2,18.221099853515625,0.07089000195264816,60433.483402799815
449,2460432.9901389,7.8054593,36.2800449,2,18.225900650024414,0.07166700065135956,60432.4901389
450,2460432.9862616,7.805426,36.2800649,2,18.28860092163086,0.08380699902772903,60432.48626160016
451,2460432.982419,7.805369,36.2800431,2,18.244699478149414,0.08004099875688553,60432.48241900001
452,2460430.9942014,7.8054793,36.2800448,2,18.19890022277832,0.07038500159978867,60430.49420139985
453,2460430.9937269,7.8054403,36.2800625,2,18.214799880981445,0.08393699675798416,60430.49372689985
454,2460430.9932639,7.8054631,36.2800689,2,18.35849952697754,0.08895599842071533,60430.493263899814
455,2460430.0029514,7.8054023,36.2799263,2,18.425199508666992,0.18968600034713745,60429.50295139989
456,2460358.6606019,7.805495,36.2800377,1,18.088741302490234,0.11462435126304626,60358.16060189996
457,2460358.6360764,7.8055153,36.2800984,2,18.349000930786133,0.08758699893951416,60358.13607640006
458,2460354.6421759,7.8054876,36.280053,1,18.343299865722656,0.0900539979338646,60354.14217589982
459,2460352.6424884,7.8054762,36.2800398,1,18.251300811767578,0.07603099942207336,60352.142488399986
460,2460341.6621412,7.8051667,36.2800429,2,18.695499420166016,0.2521120011806488,60341.162141200155
461,2460341.633206,7.8054862,36.2800681,1,18.236000061035156,0.09194199740886688,60341.133206000086
462,2460336.7241782,7.8055585,36.280074,1,18.478599548339844,0.15364399552345276,60336.22417820012
463,2460327.7052315,7.8055549,36.2800323,1,18.16160011291504,0.09799300134181976,60327.20523149986
464,2460327.6628819,7.8054758,36.2800243,2,18.29640007019043,0.07546400278806686,60327.16288190009
465,2460315.7559722,7.8054519,36.280032,2,18.20359992980957,0.08490599691867828,60315.25597220007
466,2460315.6722454,7.8054721,36.2800601,2,18.27910041809082,0.10607700049877167,60315.17224540003
467,2460311.6375926,7.8054612,36.2800155,2,18.188100814819336,0.061576999723911285,60311.13759260019
469,2460305.6161458,7.8054701,36.2800554,2,18.197599411010742,0.07956100255250931,60305.11614579987
470,2460291.671412,7.8054414,36.2800063,1,18.35580062866211,0.10432299971580505,60291.17141199997
471,2460291.6392245,7.8054665,36.2800608,2,18.487199783325195,0.09100499749183655,60291.13922449993
472,2460289.6986806,7.8054984,36.2800542,1,18.364700317382812,0.08756200224161148,60289.19868060015
473,2460289.6317477,7.8054674,36.2800169,2,18.46820068359375,0.126119002699852,60289.13174769981
474,2460287.705625,7.8054925,36.280047,1,18.35219955444336,0.07188499718904495,60287.205624999944
475,2460287.6176968,7.805486,36.2800559,2,18.472000122070312,0.09860099852085114,60287.1176967998
477,2460268.6529282,7.8055053,36.2799566,2,18.561500549316406,0.07996699959039688,60268.152928200085
478,2460261.8022917,7.8054978,36.2800442,1,18.259199142456055,0.08456999808549881,60261.30229170015
479,2460261.7362731,7.8054749,36.2800373,2,18.342300415039062,0.07132299989461899,60261.236273100134
480,2460259.7342014,7.8054969,36.2800507,2,18.300800323486328,0.08883500099182129,60259.234201400075
481,2460259.7175347,7.8054631,36.2800278,1,18.21269989013672,0.06807500123977661,60259.21753469994
482,2460257.8056019,7.8054566,36.2800008,1,18.176700592041016,0.09182500094175339,60257.30560189998
483,2460257.6743287,7.8054322,36.2800067,2,18.318599700927734,0.08570200204849243,60257.174328700174
484,2460254.735625,7.8054533,36.2800692,2,18.219900131225586,0.07524800300598145,60254.235625000205
485,2460254.7220833,7.8054901,36.2800247,1,18.10300064086914,0.05626799911260605,60254.22208329989
486,2460252.7973611,7.805457,36.2800306,2,18.152700424194336,0.09122899919748306,60252.29736110009
487,2460252.7145255,7.8054564,36.2800331,1,18.07270050048828,0.04972900077700615,60252.21452549985
488,2460250.7596759,7.8054569,36.2800482,2,18.18779945373535,0.06978999823331833,60250.259675899986
489,2460250.6759375,7.8054505,36.2800617,1,18.059900283813477,0.06212799996137619,60250.17593749985
491,2460247.8083218,7.8054586,36.2799802,2,18.085100173950195,0.28082799911499023,60247.30832180008
492,2460245.7994444,7.8054875,36.2800467,1,17.988399505615234,0.0738070011138916,60245.299444399774
493,2460245.7276968,7.8054425,36.280039,2,18.105100631713867,0.10668600350618362,60245.22769680014
494,2460242.9668866,7.8054967,36.2800455,1,18.009199142456055,0.0715079978108406,60242.466886600014
495,2460242.7009838,7.8054539,36.28003,2,18.101999282836914,0.08158399909734726,60242.200983799994
496,2460239.8528241,7.8054494,36.280028,2,18.07379913330078,0.06224299967288971,60239.35282409983
497,2460239.7634838,7.8054623,36.2800102,1,17.925399780273438,0.061000000685453415,60239.263483799994
498,2460237.7347801,7.8054689,36.2800226,1,17.938800811767578,0.05274999886751175,60237.234780100174
499,2460237.6971759,7.805433,36.2800473,2,18.016399383544922,0.072564996778965,60237.197175899986
500,2460235.7484375,7.8054553,36.2800233,2,18.055500030517578,0.05216500163078308,60235.24843750009
501,2460235.6988079,7.8054619,36.2800289,1,17.98819923400879,0.052852001041173935,60235.19880789984
502,2460233.8466898,7.8054856,36.28004,1,17.90690040588379,0.05185699835419655,60233.3466897998
503,2460233.6813657,7.8054658,36.2800452,2,18.02630043029785,0.05923699960112572,60233.18136569997
504,2460231.8289236,7.8054481,36.2800467,2,18.057199478149414,0.07228399813175201,60231.328923599795
505,2460231.7547106,7.8054757,36.2800421,1,17.917499542236328,0.06719399988651276,60231.25471059978
506,2460228.7859838,7.8054544,36.2800471,2,18.09320068359375,0.06435099989175797,60228.28598379996
507,2460228.7454051,7.8054516,36.2800302,1,17.944400787353516,0.05085499957203865,60228.24540509982
508,2460226.7882176,7.8054581,36.2800545,2,18.03580093383789,0.0847650021314621,60226.28821759997
509,2460223.8110764,7.8054713,36.2800435,1,17.99530029296875,0.05724100023508072,60223.31107639987
510,2460223.7240278,7.8054769,36.2800845,2,18.08650016784668,0.07856900244951248,60223.22402779991
511,2460221.8627315,7.8054657,36.2800054,1,18.030000686645508,0.07692400366067886,60221.36273150006
512,2460221.8178588,7.8054604,36.2800372,2,18.119800567626953,0.08013000339269638,60221.317858799826
513,2460216.8361458,7.8054848,36.2800492,1,17.930500030517578,0.09513299912214279,60216.33614580007
514,2460216.6765625,7.8054953,36.2800632,2,17.940500259399414,0.12548799812793732,60216.176562500186
515,2460214.9646065,7.8054859,36.2800622,1,17.830299377441406,0.06709499657154083,60214.46460650023
516,2460214.7768403,7.8054597,36.2800321,2,17.933900833129883,0.04601899906992912,60214.27684029983
517,2460212.9119792,7.8054763,36.2800399,1,17.819299697875977,0.06536199897527695,60212.41197919985
518,2460212.8862269,7.805457,36.2800201,2,17.956199645996094,0.06274499744176865,60212.38622689992
519,2460209.8514583,7.8054455,36.2800316,1,17.750699996948242,0.0556350015103817,60209.351458299905
520,2460209.8046875,7.8054225,36.279992,2,17.947099685668945,0.10358399897813797,60209.3046875
521,2460206.9318866,7.805472,36.28003,2,17.922100067138672,0.06040700152516365,60206.431886599865
522,2460206.9062384,7.8054776,36.2800348,1,17.762100219726562,0.049644000828266144,60206.40623839991
523,2460204.9070718,7.8054755,36.2800355,2,17.897499084472656,0.06360799819231033,60204.40707179997
524,2460204.852338,7.8054502,36.2800438,1,17.806800842285156,0.042798999696969986,60204.3523380002
525,2460202.9737269,7.8054895,36.280031,1,17.87989616394043,0.05842309072613716,60202.47372689983
526,2460202.9737269,7.8054895,36.280031,1,17.879899978637695,0.05842300131917,60202.47372689983
527,2460202.8205324,7.8054525,36.2800383,2,17.9325008392334,0.07351099699735641,60202.32053240016
528,2460200.9872801,7.8054965,36.2800359,1,17.944499969482422,0.06410899758338928,60200.48728010012
529,2460200.9516204,7.8054701,36.2800504,2,18.02359962463379,0.056797001510858536,60200.45162039995
530,2460196.8641782,7.8054834,36.280057,2,18.103700637817383,0.10240499675273895,60196.36417819979
531,2460196.8315278,7.8054649,36.2800302,1,17.9768009185791,0.046629998832941055,60196.33152779983
532,2460194.9112384,7.8054656,36.2800422,1,18.023099899291992,0.06483899801969528,60194.4112383998
533,2460194.8238079,7.805477,36.2800318,2,18.065000534057617,0.06589800119400024,60194.32380789984
534,2460191.9365162,7.8054677,36.2800409,1,17.938100814819336,0.08465100079774857,60191.43651620019
535,2460185.9753009,7.8054898,36.2800332,1,17.912900924682617,0.054110001772642136,60185.47530090017
536,2460185.8407407,7.8054775,36.2800412,2,17.944000244140625,0.0760589987039566,60185.34074069979
537,2460183.9343403,7.8054868,36.2800205,1,17.881399154663086,0.05839499831199646,60183.43434030004
538,2460183.8950463,7.8054724,36.2800474,2,18.04520034790039,0.05887699872255325,60183.39504629979
539,2460181.9504167,7.8054578,36.2800314,2,18.0403995513916,0.06273899972438812,60181.45041669998
540,2460181.8693403,7.8054574,36.2800469,1,17.949199676513672,0.057388998568058014,60181.369340300094
541,2460179.9649537,7.8054737,36.2800504,1,17.96179962158203,0.07917200028896332,60179.46495370008
542,2460174.9328472,7.8054767,36.2800211,1,17.931299209594727,0.05017700046300888,60174.43284719996
543,2460171.864213,7.8054649,36.2800256,1,17.941600799560547,0.05111899971961975,60171.36421300005
545,2460169.8602546,7.8054839,36.2800342,1,17.992399215698242,0.05796400085091591,60169.36025460018
546,2460169.8602546,7.8054839,36.2800342,1,17.992399215698242,0.05796400085091591,60169.36025460018
547,2460161.9633333,7.8054841,36.2800671,2,18.186599731445312,0.07443399727344513,60161.46333329985
548,2460161.906412,7.8054782,36.280018,1,18.03459930419922,0.05488999933004379,60161.40641199984
550,2460153.9213889,7.8054627,36.2800271,1,18.15519905090332,0.09266699850559235,60153.42138889991
551,2460151.8903935,7.8054287,36.2800567,2,18.211200714111328,0.06913500279188156,60151.390393500216
553,2460148.9332986,7.8054855,36.2800486,1,18.11720085144043,0.057583998888731,60148.433298599906
554,2460146.9108681,7.8054183,36.2800129,2,18.23889923095703,0.059873998165130615,60146.41086809989
555,2460144.9433102,7.8054649,36.280021,1,18.15130043029785,0.05682099983096123,60144.44331019977
556,2460144.8841667,7.8054679,36.2800474,2,18.15290069580078,0.07997799664735794,60144.384166699834
558,2460141.8402894,7.8054354,36.2801521,1,17.91200065612793,0.3237000107765198,60141.34028939996
559,2460138.9619907,7.8054391,36.2800487,2,18.108600616455078,0.05755399912595749,60138.4619907001
560,2460138.9245833,7.8054613,36.2800171,1,18.131999969482422,0.0668490007519722,60138.42458330002
561,2460135.9620255,7.8054417,36.2800383,2,18.20709991455078,0.0615449994802475,60135.4620254999
562,2460135.9048843,7.8054472,36.2800415,1,18.09980010986328,0.07552599906921387,60135.404884300195
563,2460133.9483681,7.8054811,36.2800319,1,18.124900817871094,0.0789870023727417,60133.448368099984
564,2460133.9078125,7.8054513,36.2800291,2,18.241899490356445,0.07579299807548523,60133.40781249991
565,2460126.9549074,7.8054501,36.2800323,2,18.202999114990234,0.06721500307321548,60126.45490740007
566,2460126.9220718,7.8054783,36.2800465,1,18.117000579833984,0.07439500093460083,60126.4220718001
567,2460124.9499653,7.8054245,36.280048,2,18.289400100708008,0.06416899710893631,60124.44996530004
568,2460124.9126968,7.8054045,36.2800364,1,18.153900146484375,0.0770919993519783,60124.412696800195
569,2460094.9691898,7.8054619,36.280049,2,18.513900756835938,0.07777699828147888,60094.46918979986
570,2460094.9672222,7.8054541,36.2800932,2,18.557100296020508,0.10582999885082245,60094.467222199775
571,2460094.9652546,7.8054868,36.2800287,2,18.562299728393555,0.07991799712181091,60094.46525460016
572,2460094.9632755,7.80547,36.2800535,2,18.552499771118164,0.09265399724245071,60094.46327550011
573,2460094.9613079,7.8054515,36.2800101,2,18.521900177001953,0.09663999825716019,60094.46130790003
574,2460094.9459144,7.8055014,36.2800454,2,18.648300170898438,0.10702300071716309,60094.44591439981
575,2460093.970625,7.805456,36.2800638,2,18.59830093383789,0.08381900191307068,60093.470625000075
576,2460093.9686574,7.8054572,36.2800798,2,18.537200927734375,0.08802299946546555,60093.46865739999
577,2460093.9666782,7.8054547,36.2800687,2,18.63680076599121,0.09073299914598465,60093.466678199824
578,2460093.9647106,7.8054596,36.2800746,2,18.711200714111328,0.10839399695396423,60093.46471060021
579,2460093.9627431,7.8054691,36.2800184,2,18.57270050048828,0.0799650028347969,60093.46274309978
580,2460092.9709954,7.8054589,36.2800449,2,18.568199157714844,0.09208499640226364,60092.4709954001
581,2460092.9690278,7.8053612,36.2800301,2,18.653600692749023,0.10739599913358688,60092.46902780002
582,2460092.9670486,7.8054177,36.2800485,2,18.71540069580078,0.10795000195503235,60092.46704859985
583,2460092.965081,7.8055254,36.2800876,2,18.54829978942871,0.10626299679279327,60092.46508099977
584,2460092.9631134,7.8055143,36.2800643,2,18.579999923706055,0.10437499731779099,60092.463113400154
585,2460090.971956,7.8054185,36.2800116,2,18.532400131225586,0.09637700021266937,60090.4719560002
586,2460090.9699421,7.805447,36.2801107,2,18.626399993896484,0.12440399825572968,60090.46994209988
587,2460090.9679282,7.8053868,36.279988,2,18.785499572753906,0.13992799818515778,60090.46792820003
588,2460090.9659259,7.8054404,36.2799724,2,18.662500381469727,0.1440970003604889,60090.4659258998
589,2460090.963912,7.8054531,36.2800127,2,18.663700103759766,0.12993299961090088,60090.46391199995
590,2460089.9729861,7.8054747,36.2800436,2,18.652599334716797,0.08561599999666214,60089.472986099776
591,2460089.9708912,7.8054692,36.2800136,2,18.608299255371094,0.09150499850511551,60089.470891200006
592,2460089.9688079,7.805477,36.2799909,2,18.57469940185547,0.0905039981007576,60089.46880789986
593,2460089.966713,7.8054116,36.2800174,2,18.598100662231445,0.08967500180006027,60089.46671300009
594,2460089.9646296,7.8054024,36.2800248,2,18.485300064086914,0.10511499643325806,60089.464629599825
595,2460088.9740972,7.8054429,36.2800354,2,18.645099639892578,0.08722399920225143,60088.474097200204
596,2460088.9720023,7.8054772,36.2800731,2,18.658100128173828,0.0985340029001236,60088.47200229997
597,2460088.969919,7.805484,36.2799956,2,18.760900497436523,0.10228099673986435,60088.46991899982
598,2460088.9678241,7.8054736,36.2800501,2,18.602399826049805,0.10750199854373932,60088.46782410005
599,2460088.9657407,7.8054348,36.2800406,2,18.64109992980957,0.10083399713039398,60088.46574069979
600,2460083.9865509,7.8053813,36.2799876,2,18.57900047302246,0.10685200244188309,60083.486550900154
601,2460083.9842014,7.8054733,36.2800785,2,18.52519989013672,0.08639399707317352,60083.484201400075
602,2460083.9818403,7.8054995,36.280019,2,18.52680015563965,0.09603399783372879,60083.48184029991
603,2460083.9794792,7.8054958,36.280018,2,18.46579933166504,0.07166899740695953,60083.47947920021
604,2460083.9771181,7.8055277,36.280035,2,18.56279945373535,0.09661000221967697,60083.47711810004
605,2460082.9883565,7.8054711,36.280055,2,18.4689998626709,0.10541900247335434,60082.48835649993
606,2460082.9859838,7.8054487,36.2800003,2,18.608999252319336,0.11648599803447723,60082.48598380014
607,2460082.9836111,7.8054959,36.2799868,2,18.486799240112305,0.11052799969911575,60082.48361109989
608,2460082.98125,7.8055445,36.2799875,2,18.588499069213867,0.11335299909114838,60082.481250000186
609,2460082.9788773,7.8052994,36.280102,2,18.481399536132812,0.08629599958658218,60082.47887729993
610,2460081.9893056,7.8054447,36.2800576,2,18.46940040588379,0.13303500413894653,60081.48930560006
612,2460081.9845486,7.805464,36.2800593,2,18.45829963684082,0.12599000334739685,60081.484548599925
613,2460081.9821759,7.8055529,36.2800944,2,18.74959945678711,0.23779700696468353,60081.482175900135
614,2460081.9798148,7.8054841,36.2800448,2,18.48390007019043,0.09745799750089645,60081.47981479997
616,2460079.9905324,7.8054661,36.2800839,2,18.570600509643555,0.14098800718784332,60079.49053240009
617,2460079.9881134,7.8054718,36.2800389,2,18.545900344848633,0.09676799923181534,60079.48811340006
618,2460079.9856944,7.8055012,36.28002,2,18.489700317382812,0.14774300158023834,60079.485694400035
619,2460079.9832639,7.8054384,36.280081,2,18.406999588012695,0.09513600170612335,60079.48326390004
620,2460079.9808333,7.8054782,36.2800397,2,18.53219985961914,0.0993259996175766,60079.480833299924
621,2460078.9906597,7.8055514,36.2800098,2,18.500499725341797,0.12248899787664413,60078.490659699775
622,2460078.988287,7.8053973,36.2800408,2,18.47279930114746,0.12761299312114716,60078.488286999986
623,2460078.9859259,7.8054758,36.2800199,2,18.55270004272461,0.09476599842309952,60078.48592589982
624,2460078.9835417,7.8055074,36.2800253,2,18.610200881958008,0.1292800009250641,60078.48354170006
625,2460078.9811806,7.8054349,36.280084,2,18.50079917907715,0.11345800012350082,60078.48118059989
626,2460077.9899306,7.805439,36.2800011,2,18.75,0.14869099855422974,60077.48993059993
627,2460077.9875463,7.8054652,36.2799381,2,18.691299438476562,0.18539400398731232,60077.48754630005
628,2460077.9851852,7.8055019,36.2799854,2,18.42460060119629,0.09634900093078613,60077.48518519988
629,2460077.9828125,7.8053045,36.2801105,2,18.68280029296875,0.1409350037574768,60077.48281250009
630,2460077.9804398,7.805373,36.2800609,2,18.552000045776367,0.10132700204849243,60077.48043979984
631,2460076.9913889,7.805455,36.2800849,2,18.662099838256836,0.13745999336242676,60076.491388900205
632,2460076.9890162,7.8054199,36.28005,2,18.633399963378906,0.13225999474525452,60076.48901619995
633,2460076.9866551,7.8055083,36.280045,2,18.673200607299805,0.12421700358390808,60076.48665509978
634,2460076.9842708,7.8053773,36.2800344,2,18.750200271606445,0.09434899687767029,60076.484270799905
635,2460076.9819097,7.8054781,36.2801214,2,18.71299934387207,0.14834700524806976,60076.481909700204
637,2460075.99,7.8055162,36.2800621,2,18.78420066833496,0.17738200724124908,60075.49000000022
638,2460075.9875694,7.805332,36.2800121,2,18.762100219726562,0.1602810025215149,60075.48756940011
639,2460075.9851389,7.8054614,36.2800913,2,18.627199172973633,0.14264599978923798,60075.48513890011
640,2460075.9827199,7.8053999,36.2800849,2,18.65329933166504,0.14757899940013885,60075.48271990009
641,2460073.9939815,7.8053569,36.2801499,2,18.778799057006836,0.26214200258255005,60073.493981500156
642,2460073.9915509,7.8055094,36.280106,2,18.729299545288086,0.23125599324703217,60073.49155090004
643,2460073.9891319,7.8053341,36.2800724,2,18.67099952697754,0.22587800025939941,60073.489131900016
644,2460073.9866898,7.8053686,36.2800736,2,19.079200744628906,0.30046600103378296,60073.48668979993
645,2460073.9842708,7.8054148,36.2801483,2,18.871000289916992,0.2234250009059906,60073.484270799905
646,2460072.9924421,7.8054677,36.2799832,2,18.62179946899414,0.172433003783226,60072.49244209984
647,2460072.9900694,7.8054391,36.2800638,2,18.66080093383789,0.13317200541496277,60072.49006940005
648,2460072.9876968,7.8054124,36.2800138,2,18.556499481201172,0.11775299906730652,60072.487696799915
649,2460072.9853241,7.8054593,36.280055,2,18.57029914855957,0.13320699334144592,60072.485324100126
650,2460072.9834259,7.8054809,36.280037,2,18.561899185180664,0.14557600021362305,60072.483425899874
651,2459936.6997106,7.8055399,36.2800719,2,19.531936645507812,0.15600229799747467,59936.19971060008
652,2459936.6751852,7.8055906,36.2801115,1,19.42180061340332,0.17724700272083282,59936.17518519983
653,2459934.7444213,7.8054738,36.2800546,2,19.54170036315918,0.14660300314426422,59934.24442130001
654,2459934.6793866,7.8055257,36.2800721,1,19.433399200439453,0.12330800294876099,59934.17938659992
655,2459932.726875,7.8054347,36.280139,2,19.389299392700195,0.1982100009918213,59932.22687500017
656,2459932.6300926,7.8055049,36.2800564,1,19.27790069580078,0.11824200302362442,59932.130092599895
657,2459928.7009028,7.8055256,36.2801181,1,19.184999465942383,0.13648800551891327,59928.200902800076
658,2459928.6767477,7.8055187,36.2800504,2,19.216699600219727,0.2790929973125458,59928.1767477002
659,2459922.7286574,7.8054881,36.2800914,1,19.067100524902344,0.18142099678516388,59922.22865739977
661,2459913.6657986,7.8054787,36.2801096,2,19.359399795532227,0.14271199703216553,59913.16579859983
662,2459910.7150579,7.8055,36.2800868,1,19.32819938659668,0.11222399771213531,59910.215057900175
663,2459908.7389583,7.8055278,36.2800696,1,19.252300262451172,0.152988001704216,59908.23895830009
664,2459906.6975579,7.8054755,36.2800647,1,19.371999740600586,0.1098409965634346,59906.1975579001
665,2459906.6523032,7.8054205,36.2800961,2,19.509700775146484,0.17453700304031372,59906.152303200215
666,2459904.7033102,7.8054112,36.2800853,2,19.794700622558594,0.16819900274276733,59904.20331020001
667,2459904.6792593,7.8054667,36.2800584,1,19.413400650024414,0.1365019977092743,59904.17925930023
668,2459902.8092245,7.805531,36.280052,1,19.545299530029297,0.2025890052318573,59902.309224499855
669,2459902.6646296,7.8054686,36.2800527,2,19.575199127197266,0.11606699973344803,59902.16462960001
671,2459900.7015046,7.8054186,36.2802478,1,19.643800735473633,0.157260000705719,59900.20150459977
672,2459898.7066319,7.8055159,36.2801162,1,19.773399353027344,0.19222599267959595,59898.20663189981
691,2459858.9279398,7.8056235,36.2800421,1,19.84272003173828,0.1780722439289093,59858.42793980008
693,2459856.8192245,7.8054864,36.2800646,1,19.96419906616211,0.23374399542808533,59856.3192245001
695,2459854.8636111,7.8055874,36.2800402,1,19.892900466918945,0.13274499773979187,59854.363611099776
697,2459852.8389352,7.8055699,36.280053,1,19.94420051574707,0.17083799839019775,59852.338935200125
699,2459850.8815162,7.8055861,36.2799989,1,19.81999969482422,0.14725500345230103,59850.381516200025
701,2459848.8668056,7.805581,36.2801247,1,19.912399291992188,0.20277999341487885,59848.3668056
704,2459843.8433796,7.8055658,36.2800006,1,19.66860008239746,0.11750199645757675,59843.34337959997
706,2459841.8251736,7.805507,36.2800534,1,19.683000564575195,0.12444499880075455,59841.32517360011
707,2459841.7802778,7.8055165,36.2800436,1,19.76689910888672,0.14973999559879303,59841.280277799815
708,2459839.8070139,7.8054976,36.2800495,1,19.718299865722656,0.19435299932956696,59839.30701390002
709,2459839.7656713,7.8055221,36.2800224,1,19.59830093383789,0.12839099764823914,59839.26567129977
710,2459828.966794,7.8054652,36.2800418,1,19.75550079345703,0.18250399827957153,59828.46679400001
712,2459826.8423495,7.8055352,36.2800689,1,20.083999633789062,0.17675000429153442,59826.34234949993
735,2459542.7583102,7.8054491,36.2800779,1,19.780590057373047,0.165926992893219,59542.25831020018
736,2459538.7643981,7.8053995,36.2800309,2,19.478200912475586,0.20965200662612915,59538.264398099855
738,2459536.7989236,7.8053885,36.2800106,1,19.93320083618164,0.38534900546073914,59536.2989236
739,2459531.8426273,7.8052681,36.2799499,1,19.9685001373291,0.22822600603103638,59531.34262729995
740,2459531.7371065,7.8054252,36.2800992,2,19.770700454711914,0.2464970052242279,59531.23710650019
741,2459529.7590394,7.8053972,36.2800535,1,20.175399780273438,0.17506499588489532,59529.259039400145
742,2459529.7062384,7.8054508,36.2800547,2,20.019800186157227,0.2464430034160614,59529.20623840019
743,2459526.719294,7.8054749,36.2800787,1,19.95549964904785,0.14780299365520477,59526.21929399995
745,2459524.8071875,7.8053667,36.2800795,1,20.2189998626709,0.18364199995994568,59524.307187499944
746,2459524.7143171,7.8054553,36.2800465,2,19.78580093383789,0.19418199360370636,59524.21431710012
747,2459522.8007639,7.8054274,36.2800428,2,19.9950008392334,0.23937000334262848,59522.300763899926
748,2459522.7390162,7.8053854,36.2800467,1,20.02910041809082,0.1595280021429062,59522.23901619995
749,2459520.8037616,7.80536,36.2801049,1,20.409700393676758,0.20998699963092804,59520.30376160005
752,2459517.695162,7.8054381,36.280025,1,20.322999954223633,0.16060499846935272,59517.195162000135
756,2459503.7548958,7.8055101,36.2799289,2,19.737899780273438,0.20778000354766846,59503.25489579979
757,2459503.7200116,7.8054661,36.2799917,1,20.038299560546875,0.25270798802375793,59503.22001159983
758,2459501.9153935,7.8053773,36.2800501,1,19.942899703979492,0.17364700138568878,59501.41539350012
760,2459490.8462731,7.8054167,36.2800131,1,19.687700271606445,0.181428000330925,59490.3462731
761,2459488.8013079,7.8055001,36.2799806,2,19.73200035095215,0.15475499629974365,59488.30130789988
762,2459488.7844444,7.8054312,36.2800434,1,19.84670066833496,0.13600699603557587,59488.28444440011
766,2459479.8584375,7.8054334,36.2800171,2,19.370399475097656,0.1870799958705902,59479.35843749996
768,2459477.8228009,7.8054367,36.2799944,1,19.651100158691406,0.24824699759483337,59477.322800899856
769,2459477.7595602,7.8054376,36.2800693,2,19.396099090576172,0.1732800006866455,59477.25956019992
770,2459474.8897222,7.8054013,36.2800516,1,19.551799774169922,0.15464900434017181,59474.38972220011
772,2459471.9286806,7.8054579,36.2800402,2,19.46139907836914,0.14907200634479523,59471.42868060013
773,2459471.8652315,7.8054651,36.2800576,1,19.500999450683594,0.1284549981355667,59471.36523150001
774,2459469.8613079,7.805448,36.2800694,2,19.50979995727539,0.12433599680662155,59469.36130789993
775,2459467.9287616,7.8054415,36.2800351,1,19.433300018310547,0.10420700162649155,59467.42876160005
776,2459467.8611111,7.8054451,36.2800552,2,19.325199127197266,0.13385599851608276,59467.36111109983
777,2459465.9061806,7.8054077,36.2800325,1,19.47640037536621,0.12697499990463257,59465.40618060017
778,2459465.8651736,7.8054593,36.2800823,2,19.302099227905273,0.14263199269771576,59465.36517360015
779,2459463.8527894,7.8054411,36.2800629,1,19.484500885009766,0.10571800172328949,59463.352789400145
780,2459463.8259954,7.8054466,36.2800405,2,19.48979949951172,0.145796999335289,59463.32599540008
781,2459461.9079977,7.8054251,36.2800639,1,19.580699920654297,0.1200070008635521,59461.40799769992
782,2459461.8683218,7.8055104,36.2799985,2,19.499000549316406,0.15901300311088562,59461.36832180014
783,2459459.8657639,7.8055052,36.2800286,2,19.355100631713867,0.1392280012369156,59459.36576389987
784,2459459.8242245,7.8054237,36.2800199,1,19.536300659179688,0.09624700248241425,59459.324224499986
786,2459453.8882407,7.8053953,36.2800543,1,19.54680061340332,0.13895100355148315,59453.38824070012
787,2459453.8422222,7.8054456,36.2800849,2,19.432600021362305,0.18886999785900116,59453.342222199775
788,2459451.8449421,7.8054345,36.2800793,2,19.39310073852539,0.24285399913787842,59451.34494209988
789,2459449.8429051,7.8053381,36.2799729,2,19.44409942626953,0.24020400643348694,59449.34290509997
791,2459446.9716898,7.8054421,36.2800455,1,19.440200805664062,0.10265599936246872,59446.4716897998
793,2459442.9285417,7.8054427,36.2800266,2,19.22719955444336,0.11386500298976898,59442.42854169989
794,2459442.8205903,7.8054619,36.2800484,1,19.27589988708496,0.1118680015206337,59442.32059030002
795,2459439.9242824,7.805457,36.280025,1,19.26650047302246,0.12298499792814255,59439.42428239994
796,2459439.8907292,7.8054502,36.2800455,2,19.334299087524414,0.14141200482845306,59439.390729200095
797,2459436.9266898,7.8054383,36.2800833,1,19.356000900268555,0.09946399927139282,59436.426689799875
798,2459436.8841551,7.8054679,36.2800672,2,19.210599899291992,0.11871100217103958,59436.38415510021
799,2459434.9349537,7.8054666,36.2800639,1,19.31839942932129,0.08430399745702744,59434.43495369982
800,2459434.8681366,7.8054578,36.2800436,2,19.23110008239746,0.09650799632072449,59434.368136600126
801,2459429.9228935,7.8054237,36.2800556,1,19.22330093383789,0.10585299879312515,59429.422893499956
802,2459429.9045949,7.8054272,36.2800417,2,19.27239990234375,0.12511800229549408,59429.40459490009
803,2459427.9240278,7.8054464,36.2800588,2,19.04050064086914,0.1067420020699501,59427.424027800094
804,2459427.8699769,7.8054379,36.2800444,1,19.23740005493164,0.12296000123023987,59427.36997690005
805,2459424.9447338,7.8054652,36.2800319,1,19.118000030517578,0.11303599923849106,59424.4447337999
806,2459424.9149884,7.8054556,36.2800447,2,19.069499969482422,0.13564400374889374,59424.41498839995
807,2459422.9540509,7.8054402,36.280071,1,19.32900047302246,0.15567299723625183,59422.45405089995
808,2459422.9321644,7.8054621,36.2800454,2,19.119199752807617,0.11774499714374542,59422.432164399885
810,2459418.908125,7.8054305,36.2800819,2,19.120500564575195,0.13736699521541595,59418.408125000075
812,2459414.9571528,7.8054166,36.2800273,2,19.0669002532959,0.11885300278663635,59414.45715280017
813,2459414.9152315,7.8054455,36.2800464,1,19.162700653076172,0.07766199856996536,59414.41523149982
814,2459411.9530787,7.8054555,36.280053,2,18.989099502563477,0.10522200167179108,59411.45307870023
815,2459411.9128819,7.8054611,36.2800563,1,19.146400451660156,0.09935799986124039,59411.41288190009
816,2459409.9610995,7.8054503,36.2800558,2,19.038799285888672,0.11090800166130066,59409.46109949984
817,2459409.9341435,7.8054291,36.2800739,1,19.16860008239746,0.09735099971294403,59409.43414349994
818,2459406.9602199,7.8054557,36.2800271,2,19.027099609375,0.10336200147867203,59406.460219900124
819,2459403.9331134,7.8054877,36.2800185,2,18.987499237060547,0.09188000112771988,59403.43311339989
820,2459403.9057523,7.8054432,36.2800452,1,19.037700653076172,0.08781000226736069,59403.40575229982
821,2459400.9607407,7.8054823,36.2800307,2,19.036500930786133,0.12433400005102158,59400.4607406999
822,2459400.9102662,7.8054417,36.2800181,1,19.024900436401367,0.10982099920511246,59400.41026620008
823,2459397.9521181,7.8054342,36.2800587,1,19.047100067138672,0.09986600279808044,59397.45211810013
824,2459397.9090278,7.8054726,36.2800325,2,18.99959945678711,0.12245199829339981,59397.409027799964
825,2459394.94875,7.8055073,36.280029,2,18.985599517822266,0.13658300042152405,59394.44874999998
827,2459392.9459838,7.8054632,36.2800618,1,19.0447998046875,0.11640799790620804,59392.445983800106
828,2459387.8907755,7.8053475,36.2803568,1,18.856800079345703,0.2646619975566864,59387.390775499865
829,2459385.9292708,7.8053862,36.2799936,1,19.107999801635742,0.13697099685668945,59385.4292708002
830,2459385.8917014,7.8055453,36.2800245,2,18.962400436401367,0.17054100334644318,59385.391701399814
831,2459364.9689236,7.8054548,36.2800243,2,18.92690086364746,0.10930900275707245,59364.468923599925
832,2459364.966956,7.8054736,36.2800326,2,18.82670021057129,0.12322399765253067,59364.466955999844
833,2459364.965,7.8054897,36.2800318,2,18.888200759887695,0.10735400021076202,59364.46499999985
834,2459364.963044,7.8054806,36.2800588,2,18.927600860595703,0.10672099888324738,59364.46304399986
835,2459364.9610764,7.8054956,36.2800679,2,18.888999938964844,0.09235300123691559,59364.46107639978
836,2459363.9707176,7.8054812,36.2800437,2,19.03580093383789,0.15491800010204315,59363.47071760008
837,2459363.96875,7.8054955,36.2800494,2,18.900800704956055,0.12771299481391907,59363.46875
839,2459363.9648264,7.8054218,36.2800303,2,18.920499801635742,0.14890700578689575,59363.464826399926
840,2459363.9628588,7.8054712,36.2799859,2,18.848600387573242,0.1270029991865158,59363.462858799845
841,2459362.9701042,7.8054792,36.2800138,2,18.843900680541992,0.11628500372171402,59362.470104199834
844,2459362.964213,7.8054819,36.2800226,2,18.8125,0.1295810043811798,59362.464213000145
845,2459362.9622569,7.8054476,36.2800453,2,18.74090003967285,0.11157099902629852,59362.462256900035
846,2459361.9745949,7.8054388,36.2800275,2,18.934600830078125,0.12601099908351898,59361.47459489992
847,2459361.9731366,7.8055163,36.2800218,2,18.8164005279541,0.14003999531269073,59361.47313660011
848,2459361.9716667,7.8054769,36.2800451,2,18.699600219726562,0.14265400171279907,59361.47166670021
849,2459361.9702083,7.8054237,36.2800167,2,18.93600082397461,0.1802159994840622,59361.47020829981
850,2459361.96875,7.8054663,36.2799919,2,18.838899612426758,0.1579110026359558,59361.46875
851,2459359.9754398,7.8054725,36.280001,2,18.89900016784668,0.13110299408435822,59359.47543979995
852,2459359.9739815,7.8053946,36.2799901,2,18.752300262451172,0.11494000256061554,59359.47398150014
853,2459359.9725231,7.8053436,36.2800333,2,18.78529930114746,0.13267399370670319,59359.47252310021
854,2459359.9710532,7.8054779,36.280022,2,18.75189971923828,0.1282840073108673,59359.47105319984
855,2459359.9695949,7.8054747,36.2799864,2,18.864200592041016,0.16054700314998627,59359.46959490003
856,2459358.9749306,7.8054668,36.2800149,2,18.894899368286133,0.1621209979057312,59358.4749305998
857,2459358.9734722,7.8055181,36.2800074,2,18.819799423217773,0.19254499673843384,59358.47347219987
858,2459358.9720023,7.8054929,36.2800249,2,18.868099212646484,0.14883799850940704,59358.47200229997
859,2459358.970544,7.805492,36.2799447,2,18.880599975585938,0.14791299402713776,59358.470544000156
860,2459358.9690856,7.8054977,36.2800513,2,18.846399307250977,0.1619659960269928,59358.46908560023
861,2459357.9766088,7.8054676,36.2800242,2,18.8075008392334,0.1616320013999939,59357.47660879977
862,2459357.9751852,7.80543,36.2799667,2,18.95400047302246,0.12831099331378937,59357.475185200106
863,2459357.9737731,7.8054728,36.2799683,2,18.87529945373535,0.11471699923276901,59357.47377309995
864,2459357.9723495,7.805481,36.280023,2,18.863100051879883,0.097011998295784,59357.47234949982
865,2459357.9709375,7.8054778,36.2800574,2,19.010799407958984,0.10540399700403214,59357.47093749978
866,2459356.9765509,7.8054316,36.2800068,2,18.737600326538086,0.11486300081014633,59356.47655089991
867,2459356.9751273,7.8054278,36.2800131,2,18.86039924621582,0.13158899545669556,59356.47512729978
868,2459356.9737153,7.8054576,36.2799388,2,18.810100555419922,0.09918200224637985,59356.473715300206
869,2459356.9722917,7.8054622,36.2799952,2,18.884700775146484,0.11006899923086166,59356.472291700076
870,2459356.9708681,7.8055147,36.2799606,2,18.984800338745117,0.15140099823474884,59356.47086809995
871,2459354.9874884,7.8055101,36.2799537,2,18.78820037841797,0.160630002617836,59354.48748840019
872,2459354.9851505,7.8054482,36.2799732,2,18.83209991455078,0.16290299594402313,59354.4851505002
873,2459354.9828125,7.8054337,36.2799861,2,18.871999740600586,0.15543800592422485,59354.48281250009
874,2459354.980463,7.8053845,36.2799627,2,18.852399826049805,0.16511300206184387,59354.480463000014
875,2459353.9864815,7.8054793,36.2800718,2,18.729000091552734,0.14558500051498413,59353.48648149986
876,2459353.9841435,7.8054859,36.2800709,2,18.938400268554688,0.14619700610637665,59353.484143500216
877,2459353.9818056,7.8054602,36.2800246,2,18.976900100708008,0.13431400060653687,59353.481805600226
878,2459353.9794676,7.8055049,36.2799963,2,18.907100677490234,0.1333550065755844,59353.47946760012
879,2459352.9875116,7.8054954,36.2799847,2,18.87660026550293,0.15272200107574463,59352.4875115999
880,2459352.9851736,7.8053804,36.2798765,2,18.65130043029785,0.16536499559879303,59352.485173599795
881,2459352.9828356,7.8054185,36.2800542,2,19.074499130249023,0.1616789996623993,59352.48283560015
882,2459349.9886574,7.8053811,36.2799932,2,18.791099548339844,0.1327890008687973,59349.48865740001
883,2459349.98625,7.805543,36.2801033,2,18.867900848388672,0.14874699711799622,59349.486250000075
884,2459349.9838426,7.8054839,36.2800683,2,18.954099655151367,0.14569500088691711,59349.48384260014
885,2459349.9814352,7.8054262,36.2800287,2,18.85759925842285,0.11564700305461884,59349.4814352002
886,2459348.9909375,7.8054928,36.2800431,2,18.881200790405273,0.1885399967432022,59348.490937499795
887,2459348.9885764,7.8054675,36.2800334,2,18.925500869750977,0.12589900195598602,59348.488576400094
888,2459348.9862269,7.8055137,36.2800118,2,18.882600784301758,0.10062900185585022,59348.486226900015
889,2459348.9838657,7.8054361,36.2800198,2,18.827299118041992,0.11883100122213364,59348.4838657002
892,2459346.9918519,7.8054618,36.2799987,2,18.845600128173828,0.16088899970054626,59346.49185189977
893,2459346.9895023,7.8054945,36.2800039,2,19.092599868774414,0.13900800049304962,59346.48950230004
895,2459346.9847917,7.8054525,36.2800613,2,18.91360092163086,0.1519390046596527,59346.4847916998
896,2459345.9930787,7.8054875,36.280025,2,18.888099670410156,0.24293099343776703,59345.4930786998
897,2459345.9906713,7.8054307,36.2799483,2,18.780399322509766,0.1407250016927719,59345.49067129986
898,2459345.9882523,7.8054107,36.2800459,2,18.85460090637207,0.12804099917411804,59345.48825229984
899,2459345.9858449,7.8054694,36.2800217,2,18.893999099731445,0.13539299368858337,59345.4858448999
900,2459345.9834375,7.8055273,36.2800156,2,18.92889976501465,0.13484199345111847,59345.48343749996
902,2459344.9905671,7.8053871,36.2799103,2,18.874500274658203,0.16604100167751312,59344.49056709977
903,2459344.9881597,7.8054362,36.2800423,2,18.944900512695312,0.15394100546836853,59344.48815969983
904,2459344.9857407,7.8055033,36.280003,2,18.87299919128418,0.14173099398612976,59344.485740699805
905,2459342.9941319,7.805344,36.2800802,2,18.79640007019043,0.15731100738048553,59342.494131899904
906,2459342.9917245,7.8054813,36.2800554,2,18.77739906311035,0.16196699440479279,59342.49172449997
907,2459342.9893171,7.8054733,36.2800533,2,18.796300888061523,0.1382880061864853,59342.48931710003
908,2459342.9869097,7.8055041,36.2800482,2,18.893199920654297,0.13471700251102448,59342.48690970009
909,2459341.9947569,7.8055043,36.2800376,2,18.681400299072266,0.32760798931121826,59341.494756899774
913,2459340.9945602,7.8054131,36.2800495,2,18.900400161743164,0.20323100686073303,59340.49456019979
915,2459340.9898611,7.8054489,36.2800568,2,18.935400009155273,0.12530399858951569,59340.48986109998
916,2459340.9875,7.8055122,36.2799936,2,18.949600219726562,0.12215299904346466,59340.487499999814
917,2459264.6599074,7.8055277,36.2799895,2,18.945650100708008,0.1602810025215149,59264.15990740014
918,2459262.6505324,7.8054592,36.2800125,1,18.9468994140625,0.16522599756717682,59262.15053239977
919,2459262.6350579,7.8054576,36.2798476,2,18.969900131225586,0.18111400306224823,59262.1350579001
920,2459256.654919,7.8054466,36.2800228,2,18.966100692749023,0.10177399963140488,59256.15491899988
921,2459256.6339005,7.805444,36.280084,1,18.936199188232422,0.11903300136327744,59256.1339004999
922,2459254.6582523,7.8054592,36.2800484,2,18.819000244140625,0.1186399981379509,59254.15825230023
923,2459254.634213,7.8054108,36.2800389,1,18.951499938964844,0.1177930012345314,59254.13421300007
924,2459252.6630324,7.8054822,36.2800193,2,18.847999572753906,0.10478200018405914,59252.163032399956
925,2459250.6847569,7.8055749,36.2800297,2,18.731599807739258,0.15561799705028534,59250.184756900184
926,2459250.6408102,7.8054299,36.2799077,1,19.025100708007812,0.16650700569152832,59250.14081020001
927,2459248.636331,7.8054582,36.2800278,1,18.954099655151367,0.15809999406337738,59248.1363309999
928,2459232.6443056,7.8054601,36.2800404,2,18.862699508666992,0.09934800118207932,59232.14430559985
929,2459230.6856829,7.8054559,36.2800422,1,18.880699157714844,0.10132499784231186,59230.185682899784
930,2459230.6220139,7.8054737,36.2800334,2,18.773000717163086,0.08313799649477005,59230.12201389996
932,2459226.6860648,7.8053542,36.2799472,1,18.968000411987305,0.1871359944343567,59226.18606479978
933,2459226.6129861,7.8054385,36.2800306,2,18.8435001373291,0.13182300329208374,59226.112986099906
934,2459224.6593056,7.8054703,36.2800066,1,18.886999130249023,0.10773900151252747,59224.159305599984
935,2459224.6103472,7.8054959,36.2800499,2,18.963699340820312,0.1185849979519844,59224.110347200185
936,2459222.7478588,7.8054332,36.2800328,1,18.84480094909668,0.09436000138521194,59222.247858799994
937,2459220.6352778,7.8054349,36.2800397,1,18.875,0.08552099764347076,59220.135277799796
938,2459220.6104514,7.8054674,36.2800166,2,18.803600311279297,0.10706699639558792,59220.110451399814
939,2459218.6453356,7.8054646,36.2800102,2,18.88319969177246,0.10313399881124496,59218.14533559978
940,2459218.615162,7.8054649,36.2800393,1,18.850500106811523,0.08228199928998947,59218.11516200006
941,2459216.6560417,7.8054573,36.2800591,1,18.94379997253418,0.10735800117254257,59216.15604169993
942,2459216.6230903,7.8054666,36.2800357,2,18.8257999420166,0.12658800184726715,59216.12309029978
943,2459210.6970139,7.8055067,36.2800611,1,18.888700485229492,0.15086700022220612,59210.19701390015
944,2459210.6613889,7.805446,36.2799441,2,18.863100051879883,0.14824700355529785,59210.16138890013
946,2459206.6705556,7.8055419,36.2799981,1,18.837900161743164,0.18355700373649597,59206.170555599965
947,2459204.7176273,7.805453,36.2800234,1,18.868200302124023,0.09894700348377228,59204.21762729995
948,2459204.7070718,7.8054331,36.280021,2,18.859500885009766,0.12353300303220749,59204.207071799785
949,2459202.6744444,7.8054624,36.2800035,1,18.86400032043457,0.09802299737930298,59202.174444399774
950,2459202.6415278,7.8054392,36.2800033,2,18.83329963684082,0.1149900034070015,59202.14152779989
951,2459199.6933912,7.8054335,36.2800602,1,18.957599639892578,0.09636799991130829,59199.193391200155
952,2459199.6304167,7.805458,36.2800354,2,18.891700744628906,0.11742199957370758,59199.13041670015
953,2459197.7039815,7.8054338,36.2800295,2,18.86440086364746,0.12641599774360657,59197.20398150012
954,2459194.7030671,7.8054576,36.2800312,1,18.839799880981445,0.12055499851703644,59194.20306710014
955,2459194.6496181,7.8055025,36.2800187,2,18.807899475097656,0.09198100119829178,59194.14961809991
956,2459192.7009838,7.8054407,36.2800641,1,18.83679962158203,0.11931700259447098,59192.200983799994
958,2459189.6524769,7.8054211,36.2800068,1,18.88920021057129,0.09849900007247925,59189.15247689979
959,2459187.6630671,7.8055096,36.2800449,2,18.909400939941406,0.10553000122308731,59187.163067100104
960,2459187.6312847,7.8054492,36.2800469,1,18.89080047607422,0.08873700350522995,59187.131284699775
961,2459185.653125,7.8054547,36.2800541,2,18.806100845336914,0.12156400084495544,59185.153125000186
962,2459185.6145139,7.8054312,36.2800444,1,18.775800704956055,0.09605400264263153,59185.11451390013
963,2459183.6724306,7.8054922,36.2799979,1,18.853599548339844,0.21107099950313568,59183.17243060004
964,2459183.5812269,7.8054836,36.2800517,2,18.657899856567383,0.13338500261306763,59183.08122690022
966,2459181.6158681,7.8054931,36.280036,2,18.790800094604492,0.10468599945306778,59181.115868099965
967,2459179.6689815,7.805467,36.2800727,1,18.874099731445312,0.1124349981546402,59179.16898149997
968,2459179.6103125,7.8054911,36.2800574,2,18.821699142456055,0.1176069974899292,59179.11031250004
970,2459174.7704745,7.8054414,36.2800383,1,18.829500198364258,0.06408499926328659,59174.27047450002
971,2459174.6199884,7.8054212,36.280016,2,18.996299743652344,0.09926299750804901,59174.11998840002
973,2459172.6541088,7.8054551,36.2800241,2,18.80229949951172,0.0808119997382164,59172.154108799994
974,2459170.7011921,7.8054679,36.2800233,1,18.8700008392334,0.07869300246238708,59170.20119210007
975,2459170.6426736,7.8054814,36.2800549,2,18.892000198364258,0.1149199977517128,59170.1426736
976,2459168.7028472,7.8054305,36.2800341,1,18.881900787353516,0.08230400085449219,59168.20284719998
977,2459168.6435185,7.8054536,36.280038,2,18.852500915527344,0.08635500073432922,59168.14351850003
978,2459166.8531134,7.8054739,36.2800192,2,18.82349967956543,0.1258009970188141,59166.35311339982
979,2459164.785625,7.8055012,36.2799783,2,18.83180046081543,0.09284000098705292,59164.28562500002
980,2459164.7654398,7.8054592,36.2799975,1,18.82979965209961,0.08376500010490417,59164.26543979999
981,2459157.8222801,7.8054834,36.2800529,2,18.879199981689453,0.14080500602722168,59157.32228010008
982,2459157.7692245,7.8054674,36.2800491,1,18.8356990814209,0.09820099920034409,59157.26922449982
983,2459155.7628472,7.8054566,36.2800462,2,18.831600189208984,0.1155719980597496,59155.262847200036
984,2459155.7258449,7.8054142,36.280079,1,18.84980010986328,0.09798400104045868,59155.225844900124
985,2459153.8227431,7.805424,36.2800844,2,18.836000442504883,0.10566899925470352,59153.322743100114
986,2459153.7393287,7.8054093,36.2800582,1,18.742000579833984,0.11902300268411636,59153.23932870012
987,2459151.735787,7.80546,36.2800454,2,18.734600067138672,0.11518699675798416,59151.23578700004
988,2459151.6978935,7.8054788,36.2799829,1,18.910999298095703,0.12764599919319153,59151.19789349986
989,2459149.9510069,7.8055011,36.2800322,1,18.84309959411621,0.12841999530792236,59149.45100690005
990,2459149.7058102,7.8055195,36.2799052,2,18.828100204467773,0.2134770005941391,59149.20581019996
992,2459146.7393056,7.8054695,36.2800094,2,18.82270050048828,0.158268004655838,59146.23930560006
993,2459144.830625,7.8054565,36.2800387,1,18.957599639892578,0.08028099685907364,59144.330624999944
994,2459144.740706,7.8054587,36.2800419,2,18.81730079650879,0.11766999959945679,59144.24070600001
995,2459140.7430787,7.8054649,36.2800249,2,18.830299377441406,0.07482399791479111,59140.2430786998
996,2459140.7062037,7.8054394,36.2800591,1,18.937700271606445,0.08906300365924835,59140.20620370004
997,2459138.8094329,7.8054985,36.2800415,2,18.8351993560791,0.09769800305366516,59138.309432900045
998,2459138.7356134,7.8054471,36.2800245,1,18.9414005279541,0.1005060002207756,59138.23561340012
999,2459136.738206,7.8054514,36.2800531,1,18.958200454711914,0.07892599701881409,59136.23820600007
1000,2459136.7065162,7.8054718,36.2800361,2,18.990999221801758,0.10092800110578537,59136.20651620021
1001,2459134.8021759,7.8054688,36.279994,2,18.792499542236328,0.0888959988951683,59134.30217589997
1002,2459134.7635648,7.8054254,36.2800443,1,18.939899444580078,0.09099999815225601,59134.26356479991
1003,2459131.8194676,7.8054477,36.2800634,1,18.999500274658203,0.10550399869680405,59131.31946759997
1004,2459131.7374074,7.8054608,36.280036,2,18.94420051574707,0.10246899724006653,59131.23740739981
1005,2459129.8267593,7.8054602,36.280062,1,18.929899215698242,0.10401400178670883,59129.326759300195
1006,2459129.7361806,7.8054525,36.2800519,2,18.941600799560547,0.11499600112438202,59129.23618059978
1007,2459125.8863079,7.8054052,36.280092,1,19.125699996948242,0.13151399791240692,59125.38630789984
1008,2459125.8024653,7.805479,36.2800162,2,18.917600631713867,0.10008300095796585,59125.302465300076
1009,2459124.8351736,7.8054482,36.2800475,2,18.88290023803711,0.13180699944496155,59124.33517359989
1010,2459123.8854398,7.805395,36.2800854,1,18.854999542236328,0.15062999725341797,59123.3854398001
1011,2459122.7779051,7.8053841,36.2800452,1,19.091899871826172,0.16717900335788727,59122.277905100025
1012,2459121.8003472,7.8054446,36.2800527,1,19.06920051574707,0.11513499915599823,59121.30034720013
1013,2459120.7619907,7.8054672,36.2799496,1,19.036800384521484,0.11193600296974182,59120.26199069992
1014,2459119.7417361,7.805435,36.2800594,1,19.139699935913086,0.14350099861621857,59119.241736100055
1015,2459118.8709606,7.8054421,36.280042,1,19.038999557495117,0.08088299632072449,59118.37096060021
1016,2459118.8134606,7.8054498,36.2800311,2,18.90999984741211,0.1290919929742813,59118.3134606001
1018,2459117.8696875,7.8054698,36.2800394,2,18.993499755859375,0.10609500110149384,59117.369687499944
1019,2459117.7871412,7.8054467,36.2800576,1,19.141599655151367,0.0818139985203743,59117.287141200155
1020,2459116.8650347,7.805468,36.2800219,2,19.07270050048828,0.14988699555397034,59116.365034699906
1021,2459116.7640046,7.8054516,36.2800373,1,19.033000946044922,0.10455899685621262,59116.26400459977
1022,2459115.8188889,7.8054869,36.2800616,2,19.016700744628906,0.10945499688386917,59115.31888889987
1023,2459115.8083681,7.8054896,36.2800269,2,19.002700805664062,0.10253000259399414,59115.30836809985
1024,2459115.7659375,7.8054391,36.2800544,1,19.103599548339844,0.09908799827098846,59115.26593750017
1025,2459115.723287,7.8054895,36.2800443,1,19.138700485229492,0.10963200032711029,59115.223286999855
1026,2459114.8268403,7.8054447,36.2800343,1,19.12649917602539,0.10304400324821472,59114.32684030011
1027,2459113.8915509,7.8054278,36.2800467,1,19.147499084472656,0.1101590022444725,59113.39155089995
1028,2459113.782037,7.8054625,36.2800685,2,19.107900619506836,0.09875600039958954,59113.28203700017
1029,2459112.8535995,7.8054663,36.2800446,2,19.02090072631836,0.10777100175619125,59112.35359949991
1030,2459112.7977431,7.8054468,36.2800478,1,19.0625,0.09780599921941757,59112.29774310021
1031,2459110.8683449,7.8054663,36.2800181,2,18.606700897216797,0.15094900131225586,59110.3683449002
1032,2459109.9122338,7.8054508,36.2800337,2,19.03730010986328,0.10755400359630585,59109.41223380016
1033,2459109.8872222,7.8054738,36.2800258,2,19.093299865722656,0.16683100163936615,59109.38722220017
1034,2459109.8376505,7.8054214,36.280035,1,19.06599998474121,0.1436309963464737,59109.33765049977
1035,2459109.8248264,7.8054216,36.2800722,1,19.17329978942871,0.1140889972448349,59109.324826399796
1036,2459108.8935995,7.8054902,36.2800238,2,19.087400436401367,0.11648499965667725,59108.39359949995
1038,2459098.8799306,7.8054243,36.2800282,2,19.035999298095703,0.15916000306606293,59098.37993060006
1039,2459098.8411806,7.8054307,36.280024,2,19.034299850463867,0.10092099756002426,59098.341180600226
1040,2459097.0050463,7.8053789,36.2800425,1,19.031400680541992,0.13126300275325775,59096.505046300124
1041,2459096.8407407,7.8054828,36.2800583,2,19.01849937438965,0.11768099665641785,59096.34074069979
1044,2459093.957338,7.805446,36.2800788,1,19.04319953918457,0.14584499597549438,59093.45733800018
1045,2459093.8701852,7.8054773,36.2800414,2,18.97599983215332,0.12810499966144562,59093.370185200125
1046,2459091.8090394,7.8054702,36.2800238,1,19.197099685668945,0.12682199478149414,59091.30903939996
1048,2459086.9706134,7.8054314,36.2800361,1,19.10460090637207,0.08089099824428558,59086.470613399986
1049,2459086.9074421,7.8054639,36.2800258,2,18.991300582885742,0.11701799929141998,59086.40744209988
1050,2459086.8598843,7.8054573,36.2800612,2,19.085800170898438,0.09184899926185608,59086.3598842998
1051,2459085.9663657,7.8054266,36.2800542,2,19.122299194335938,0.1022379994392395,59085.46636570012
1052,2459085.880544,7.8054462,36.2800493,1,19.121200561523438,0.08671899884939194,59085.38054399984
1053,2459085.8600926,7.8054384,36.2800584,1,19.08930015563965,0.09525100141763687,59085.360092599876
1054,2459085.0103009,7.8054215,36.2800736,2,19.148000717163086,0.10891599953174591,59084.510300899856
1055,2459084.9896644,7.8054646,36.2800498,2,18.992900848388672,0.09238199889659882,59084.4896644
1056,2459084.9418403,7.8054648,36.2800565,1,19.143400192260742,0.08955299854278564,59084.44184029987
1057,2459084.8503125,7.8054758,36.2800619,1,19.09000015258789,0.11054600030183792,59084.350312499795
1058,2459082.9698843,7.805499,36.2800351,2,19.006099700927734,0.09401199966669083,59082.46988430014
1059,2459082.9222801,7.8054244,36.2800211,1,19.135299682617188,0.09220100194215775,59082.422280100174
1060,2459082.8418634,7.8054296,36.2800742,1,18.79599952697754,0.14009100198745728,59082.34186339984
1061,2459081.9676852,7.8054489,36.280041,1,19.101499557495117,0.08537399768829346,59081.46768519981
1062,2459081.9243171,7.805472,36.2800408,2,19.048200607299805,0.1026189997792244,59081.424317100085
1063,2459081.8856944,7.8054888,36.2800162,2,19.008699417114258,0.1065249964594841,59081.38569439994
1064,2459080.9436343,7.8054486,36.280082,1,19.117399215698242,0.10578300058841705,59080.44363430003
1065,2459080.913044,7.8054427,36.2800664,1,19.162900924682617,0.15917299687862396,59080.413044000044
1066,2459080.8602083,7.8054769,36.2799966,2,19.066099166870117,0.13649000227451324,59080.36020829994
1067,2459079.9680208,7.8054195,36.2800845,1,19.21310043334961,0.10000500082969666,59079.468020800035
1068,2459079.9271875,7.8054704,36.2800388,2,18.993999481201172,0.09012900292873383,59079.427187500056
1069,2459079.8834028,7.8054777,36.2800378,2,19.064599990844727,0.09850800037384033,59079.38340280019
1070,2459079.853912,7.8054369,36.2800306,1,19.175600051879883,0.10757499933242798,59079.35391200008
1071,2459078.9020139,7.8054571,36.2800627,1,19.200599670410156,0.09391599893569946,59078.402013900224
1072,2459078.9020139,7.8054571,36.2800627,1,19.200599670410156,0.09391599893569946,59078.402013900224
1073,2459077.9719213,7.8054545,36.280046,2,19.090599060058594,0.08298300206661224,59077.47192130005
1074,2459077.9539468,7.8054707,36.2800502,2,19.129600524902344,0.102292001247406,59077.45394679997
1075,2459077.9028472,7.8054467,36.2800493,1,19.215299606323242,0.0802140012383461,59077.40284720017
1076,2459077.8909838,7.8054252,36.2800553,1,19.206499099731445,0.09104099869728088,59077.39098379994
1077,2459076.9974537,7.8054335,36.2800465,1,19.10890007019043,0.10311199724674225,59076.49745369982
1078,2459076.955625,7.805416,36.2800437,1,19.225500106811523,0.1029760017991066,59076.455624999944
1079,2459076.8834259,7.8054317,36.2800581,2,19.112699508666992,0.12038099765777588,59076.38342589978
1080,2459076.8637731,7.8054298,36.2800262,2,19.204299926757812,0.09475699812173843,59076.36377310008
1081,2459075.8717014,7.8054337,36.2800464,1,19.24880027770996,0.09359800070524216,59075.371701399796
1082,2459075.8607639,7.8054412,36.2800696,1,19.237499237060547,0.08607900142669678,59075.36076389998
1083,2459075.8267477,7.8055059,36.2800461,2,19.201200485229492,0.10094500333070755,59075.326747700106
1087,2459073.8838889,7.8054464,36.2800417,1,19.22719955444336,0.10586299747228622,59073.383888899814
1088,2459073.0055903,7.8054554,36.2800337,2,19.098100662231445,0.1436620056629181,59072.505590300076
1089,2459072.9645602,7.8054593,36.2800337,2,19.087600708007812,0.12929600477218628,59072.464560199995
1090,2459072.8808449,7.8054414,36.2800284,1,19.067399978637695,0.10268999636173248,59072.38084489992
1091,2459072.8784375,7.8054355,36.2800744,1,19.111299514770508,0.10206999629735947,59072.37843749998
1092,2459071.9746296,7.8054291,36.2800512,1,19.080900192260742,0.09310899674892426,59071.47462960007
1093,2459069.9278125,7.8054777,36.2800462,2,19.043699264526367,0.12185399979352951,59069.427812499925
1094,2459068.9651505,7.8054519,36.2800696,1,19.103700637817383,0.10316800326108932,59068.46515050018
1095,2459068.8991088,7.8054772,36.2800438,2,19.017499923706055,0.15241500735282898,59068.399108800106
1096,2459068.8967708,7.8054246,36.2800274,2,19.075300216674805,0.12450200319290161,59068.3967708
1097,2459067.9168056,7.8054381,36.2800459,1,19.166500091552734,0.12414699792861938,59067.416805599816
1099,2459065.969537,7.8054447,36.2800265,1,19.08769989013672,0.15836399793624878,59065.46953700017
1100,2459065.9520023,7.8054627,36.2800637,2,19.158700942993164,0.17467500269412994,59065.45200229995
1101,2459065.8695255,7.8054994,36.2800077,2,19.245500564575195,0.22185300290584564,59065.36952550011
1103,2459063.8538542,7.8054743,36.2799896,2,19.02899932861328,0.12453100085258484,59063.35385419987
1104,2459062.9788426,7.8054399,36.2800337,2,19.019699096679688,0.09831999987363815,59062.47884259978
1105,2459062.9418403,7.8054259,36.2800221,1,19.18429946899414,0.10882599651813507,59062.44184029987
1106,2459061.9710069,7.8054443,36.2800239,1,19.19729995727539,0.0896420031785965,59061.47100690007
1107,2459061.8504745,7.8054343,36.2800285,2,19.11039924621582,0.1329980045557022,59061.3504745001
1108,2459060.9900116,7.8054254,36.2800528,1,19.131000518798828,0.08044900000095367,59060.490011599846
1109,2459060.9334144,7.8054624,36.2800455,2,19.095300674438477,0.12587200105190277,59060.43341440009
1110,2459059.9431134,7.8054309,36.2800103,2,19.05500030517578,0.12188299745321274,59059.443113400135
1111,2459059.9270833,7.8054391,36.280044,1,19.174400329589844,0.11142600327730179,59059.42708329996
1112,2459057.950544,7.8054715,36.2800393,2,19.014999389648438,0.09841799736022949,59057.45054400014
1113,2459057.9332176,7.8054316,36.2800358,1,19.108600616455078,0.08289500325918198,59057.43321759999
1114,2459056.9863079,7.8054347,36.2800582,2,18.97920036315918,0.08804000169038773,59056.48630789993
1115,2459056.9680208,7.8054478,36.280046,2,19.128799438476562,0.08651600033044815,59056.468020800035
1116,2459056.9523148,7.8054201,36.2800302,1,19.099700927734375,0.09247300028800964,59056.45231480012
1117,2459055.9942477,7.8054613,36.280041,2,19.02720069885254,0.1283929944038391,59055.49424770009
1118,2459055.9433565,7.8054862,36.2800454,2,19.088300704956055,0.10211200267076492,59055.44335650001
1119,2459055.9291667,7.8054456,36.2800715,1,19.159400939941406,0.09271399676799774,59055.429166700225
1120,2459054.9845139,7.8054332,36.2800542,1,19.181400299072266,0.09241700172424316,59054.48451389978
1121,2459054.9739815,7.8054448,36.2800503,1,19.10580062866211,0.0944489985704422,59054.47398150014
1122,2459054.9332986,7.8054651,36.2800436,2,19.021299362182617,0.11116000264883041,59054.433298599906
1123,2459054.8942708,7.8054881,36.2800469,2,19.109399795532227,0.12262699753046036,59054.394270800054
1124,2459053.9574306,7.8054603,36.2800487,2,19.128400802612305,0.11993599683046341,59053.45743060019
1125,2459053.9222106,7.8054441,36.2800403,1,19.1653995513916,0.07656200230121613,59053.42221060023
1126,2459052.9815625,7.8054327,36.2800377,1,19.132699966430664,0.1020440012216568,59052.48156249989
1127,2459052.9768171,7.8054509,36.2800482,1,19.1387996673584,0.08699800074100494,59052.47681709984
1128,2459052.9248843,7.8054725,36.2800581,2,19.101600646972656,0.09038800001144409,59052.42488430021
1129,2459051.9515972,7.805449,36.2800561,1,19.111299514770508,0.08803000301122665,59051.451597199775
1130,2459051.9369444,7.8054621,36.2800376,2,19.04680061340332,0.09521099925041199,59051.43694439996
1131,2459050.9826042,7.8054841,36.280071,2,19.003400802612305,0.07668700069189072,59050.48260420002
1132,2459050.9722569,7.8054803,36.2800406,2,19.004600524902344,0.09024199843406677,59050.47225689981
1133,2459050.9348264,7.8054434,36.2800533,1,19.1205997467041,0.0852390006184578,59050.43482640013
1134,2459049.953287,7.8054279,36.2800381,1,19.134599685668945,0.08094699680805206,59049.45328699984
1135,2459049.9293981,7.8054609,36.2800547,2,19.07740020751953,0.10404899716377258,59049.42939809989
1136,2459048.9805324,7.8054393,36.2800552,1,19.12969970703125,0.10682599991559982,59048.480532399844
1137,2459048.9553704,7.8054284,36.2800625,1,19.154699325561523,0.08379100263118744,59048.4553704001
1138,2459048.9082523,7.8054724,36.2800439,2,19.04360008239746,0.09345400333404541,59048.40825230023
1139,2459047.9514005,7.8054261,36.2800712,1,19.17690086364746,0.08476000279188156,59047.45140049979
1140,2459047.9246181,7.8054566,36.2800484,2,19.13050079345703,0.09579700231552124,59047.424618099816
1141,2459046.9808218,7.8054408,36.2800552,1,19.13159942626953,0.09167599678039551,59046.48082179995
1142,2459046.9669676,7.8054228,36.280036,1,19.13680076599121,0.10500899702310562,59046.46696759993
1143,2459046.9470486,7.805487,36.2800551,2,19.01409912109375,0.10509499907493591,59046.44704859983
1144,2459045.948206,7.8054195,36.2800664,1,19.12660026550293,0.08503200113773346,59045.44820600003
1145,2459045.8636111,7.8054673,36.2800529,2,18.98740005493164,0.11508099734783173,59045.363611099776
1146,2459044.9883912,7.8054623,36.2800413,2,18.998699188232422,0.11390700191259384,59044.48839120008
1147,2459044.860625,7.8054398,36.2800593,1,19.103500366210938,0.11994899809360504,59044.360625000205
1148,2459043.9856713,7.8054391,36.2800514,2,19.002300262451172,0.10967399924993515,59043.485671299975
1150,2459042.9755903,7.8054502,36.2800477,2,18.999000549316406,0.1014930009841919,59042.475590299815
1151,2459042.8643056,7.8054237,36.2800862,1,19.1023006439209,0.1277499943971634,59042.36430560006
1152,2459040.9865856,7.8053762,36.2800655,1,19.2278995513916,0.1738239973783493,59040.486585599836
1153,2459040.9732639,7.8054561,36.2800616,1,19.02790069580078,0.09856099635362625,59040.473263899796
1154,2459040.890544,7.8054386,36.2800445,2,18.92770004272461,0.0864029973745346,59040.39054400008
1155,2459039.8613079,7.8054459,36.2799694,1,19.02090072631836,0.1804630011320114,59039.36130789993
1156,2459038.9641435,7.8053867,36.2800243,1,18.96030044555664,0.12727800011634827,59038.4641435002
1157,2459038.884375,7.8054489,36.2800555,2,18.930299758911133,0.1396690011024475,59038.38437499991
1158,2459037.9601042,7.8053593,36.28004,2,19.058500289916992,0.1686210036277771,59037.46010420006
1159,2459037.8495023,7.8053611,36.2800392,1,18.84510040283203,0.16184400022029877,59037.34950229991
1160,2459036.9695486,7.805433,36.2800696,1,18.937400817871094,0.10934799909591675,59036.469548599795
1161,2459036.888669,7.8054721,36.2800609,2,19.01810073852539,0.13445700705051422,59036.38866900001
1162,2459035.8581829,7.8055472,36.2800511,2,18.93670082092285,0.14732499420642853,59035.35818290012
1163,2459033.9504745,7.8054373,36.2800751,1,19.082799911499023,0.1254819929599762,59033.45047450019
1164,2459033.861875,7.8054666,36.2800415,2,18.931900024414062,0.1483130007982254,59033.361874999944
1165,2459032.9797801,7.8054052,36.28004,1,19.03689956665039,0.11086799949407578,59032.47978009982
1166,2459030.9788773,7.8054493,36.2800077,2,18.92620086669922,0.13620300590991974,59030.47887729993
1168,2459027.8692477,7.8055139,36.2800818,1,19.04010009765625,0.13980500400066376,59027.36924770009
1169,2459024.9712963,7.8054576,36.2800498,2,19.004899978637695,0.09532000124454498,59024.47129630018
1170,2459024.8843403,7.8053999,36.2800931,1,19.093399047851562,0.1295669972896576,59024.384340300225
1171,2459018.9712269,7.8054543,36.2800239,2,18.94420051574707,0.1956859976053238,59018.471226899885
1172,2459018.8911921,7.80547,36.2800838,1,18.988800048828125,0.10564299672842026,59018.39119210001
1173,2458905.6182407,7.8054152,36.2800077,2,19.01180076599121,0.20524300634860992,58905.1182407001
1174,2458894.6583102,7.8053703,36.2800308,1,19.212299346923828,0.13242800533771515,58894.15831020009
1175,2458894.6246528,7.8054302,36.280032,2,19.126800537109375,0.15486599504947662,58894.12465280015
1176,2458891.6590162,7.8054102,36.2801101,1,19.240100860595703,0.1697559952735901,58891.159016199876
1177,2458891.6122917,7.8054672,36.2800569,2,19.189300537109375,0.17533299326896667,58891.11229170021
1178,2458887.6783333,7.8053848,36.2801535,1,19.317100524902344,0.30324700474739075,58887.178333300166
1179,2458887.6192593,7.805451,36.2800028,2,19.223899841308594,0.1766750067472458,58887.119259300176
1180,2458884.631331,7.8054338,36.2799542,2,19.16710090637207,0.2653709948062897,58884.13133100001
1182,2458882.6210995,7.8054409,36.2800153,1,19.303800582885742,0.1984429955482483,58882.121099499986
1183,2458880.6506481,7.8054199,36.2800409,2,19.17020034790039,0.16246500611305237,58880.150648099836
1184,2458880.6123148,7.8054474,36.2799862,1,19.23390007019043,0.12785500288009644,58880.1123147998
1185,2458877.6802546,7.8054093,36.2800369,1,19.2632999420166,0.14980599284172058,58877.18025460001
1186,2458877.6225347,7.805453,36.2800043,2,19.24570083618164,0.16658000648021698,58877.122534700204
1187,2458874.6607407,7.8054639,36.2800327,1,19.274700164794922,0.16619299352169037,58874.160740700085
1188,2458874.6143056,7.8054296,36.2800762,2,19.35919952392578,0.15021200478076935,58874.11430560006
1189,2458871.6635417,7.8054581,36.2799632,1,19.472400665283203,0.23412799835205078,58871.163541700225
1190,2458871.5901968,7.8055167,36.2800342,2,19.328500747680664,0.18787600100040436,58871.09019679995
1193,2458864.6439699,7.8054398,36.2800494,1,19.43280029296875,0.1422329992055893,58864.143969899975
1194,2458862.6114699,7.8054527,36.2800423,1,19.536500930786133,0.11735899746417999,58862.11146989977
1196,2458859.6543981,7.8053927,36.2799838,2,19.58650016784668,0.25008898973464966,58859.154398099985
1198,2458856.6657639,7.8054987,36.280017,2,19.539400100708008,0.17999200522899628,58856.16576390015
1202,2458852.6549306,7.8054884,36.2799265,2,19.768299102783203,0.24691399931907654,58852.154930599965
1204,2458849.6506713,7.805504,36.279982,2,19.748699188232422,0.20282399654388428,58849.15067130001
1205,2458849.62125,7.8054265,36.2800407,1,19.78059959411621,0.18485000729560852,58849.12124999985
1206,2458849.5855208,7.8053874,36.2800497,1,19.724000930786133,0.17925399541854858,58849.0855208002
1207,2458846.6125231,7.8055182,36.280035,2,19.62980079650879,0.13850100338459015,58846.11252309987
1208,2458846.6011806,7.8054787,36.2800258,1,19.552200317382812,0.1665640026330948,58846.1011806
1211,2458837.5833565,7.8054647,36.2800409,2,19.314800262451172,0.1404770016670227,58837.08335650014
1212,2458836.5969097,7.8055288,36.2800706,2,19.557600021362305,0.17867200076580048,58836.09690969996
1213,2458833.6280787,7.8054755,36.2800558,1,19.657699584960938,0.19922000169754028,58833.12807870004
1214,2458833.6020718,7.805552,36.2799867,2,19.482900619506836,0.16169500350952148,58833.1020717998
1217,2458830.6755208,7.8053278,36.2799989,1,19.641000747680664,0.20350000262260437,58830.175520800054
1220,2458819.6933449,7.8054034,36.2800759,1,19.154600143432617,0.14952300488948822,58819.19334489992
1221,2458819.6840162,7.8054329,36.2800398,1,19.258699417114258,0.24048499763011932,58819.18401619978
1222,2458819.6659722,7.8055278,36.2800019,2,19.26059913635254,0.16502000391483307,58819.16597220022
1223,2458819.6462616,7.8055074,36.2800053,2,19.44409942626953,0.2597630023956299,58819.146261599846
1224,2458814.6520486,7.8055571,36.2799809,2,19.297399520874023,0.1542859971523285,58814.152048599906
1226,2458812.7428704,7.8054684,36.2800283,2,19.171600341796875,0.12888799607753754,58812.242870400194
1227,2458811.6791782,7.8054364,36.2800742,1,19.287700653076172,0.14858199656009674,58811.1791782002
1228,2458811.6517477,7.8055031,36.2799876,2,19.286800384521484,0.13819199800491333,58811.15174769983
1229,2458806.7256481,7.8055228,36.2800056,2,19.09819984436035,0.13932600617408752,58806.22564810002
1230,2458806.708206,7.8054474,36.2800598,1,19.139799118041992,0.10983400046825409,58806.20820599981
1231,2458803.7806481,7.805498,36.2800785,2,19.237199783325195,0.13933999836444855,58803.28064810019
1232,2458803.7544792,7.8054521,36.2800738,2,19.150999069213867,0.20544199645519257,58803.25447920011
1233,2458801.7908681,7.8054763,36.2800457,2,18.98069953918457,0.16463199257850647,58801.29086809978
1234,2458800.8190394,7.8054653,36.2799982,2,19.069000244140625,0.19797000288963318,58800.3190394002
1236,2458799.8048611,7.8054657,36.2800579,2,18.96940040588379,0.19223099946975708,58799.304861099925
1237,2458796.6898958,7.8053731,36.2800071,1,19.155000686645508,0.17579400539398193,58796.18989579985
1238,2458796.6095718,7.8055019,36.2800454,2,19.15089988708496,0.21110500395298004,58796.1095718001
1239,2458793.6681366,7.8054252,36.2800341,1,19.0762996673584,0.1419070065021515,58793.16813659994
1240,2458793.6676852,7.8054717,36.2800699,1,19.26799964904785,0.19311299920082092,58793.167685199995
1241,2458793.606875,7.8054655,36.2800454,2,19.13800048828125,0.16438700258731842,58793.106875000056
1242,2458792.6863889,7.8055058,36.2800705,2,19.130300521850586,0.12391500174999237,58792.18638890004
1243,2458791.7569444,7.8054332,36.2800492,1,19.183900833129883,0.11439800262451172,58791.25694439979
1244,2458790.7586806,7.8054754,36.2800531,1,19.177600860595703,0.11272600293159485,58790.25868060021
1245,2458790.6698264,7.8054435,36.2800132,2,19.21310043334961,0.14440099895000458,58790.1698264
1246,2458790.644375,7.8054778,36.2800452,2,19.237600326538086,0.14431600272655487,58790.14437500015
1247,2458789.6579282,7.8054354,36.2800634,1,19.14240074157715,0.11626800149679184,58789.15792819997
1248,2458789.6299074,7.8054506,36.2800425,2,19.091899871826172,0.12212300300598145,58789.12990739988
1249,2458788.6575463,7.8053968,36.2799759,1,19.07029914855957,0.16167999804019928,58788.157546299975
1250,2458787.6566551,7.8054222,36.2799897,1,19.13159942626953,0.13797500729560852,58787.156655100174
1251,2458787.6286574,7.8055976,36.2800159,2,19.226699829101562,0.2082200050354004,58787.12865740014
1252,2458786.664294,7.805485,36.2800256,1,19.145200729370117,0.14232900738716125,58786.164293999784
1253,2458786.6362616,7.8054489,36.280021,2,19.170900344848633,0.1527860015630722,58786.13626160007
1254,2458785.6573958,7.8054557,36.2800437,1,19.112600326538086,0.10025200247764587,58785.15739580011
1255,2458785.6294213,7.8054854,36.2800294,2,19.106399536132812,0.1616789996623993,58785.12942129979
1256,2458783.6577199,7.8054303,36.2800586,1,19.05929946899414,0.11857999861240387,58783.1577198999
1257,2458783.6298148,7.8055119,36.2800722,2,19.115800857543945,0.1272989958524704,58783.129814799875
1258,2458782.6286111,7.8054752,36.2800084,2,19.084800720214844,0.15398000180721283,58782.128611099906
1259,2458781.6574074,7.8055341,36.2799476,1,19.136999130249023,0.1588750034570694,58781.1574074002
1260,2458781.6295139,7.8054254,36.2800003,2,19.192899703979492,0.21392199397087097,58781.129513899796
1261,2458779.6574884,7.8054171,36.2800511,1,19.18779945373535,0.14837700128555298,58779.15748840012
1262,2458779.6296296,7.8054393,36.2800397,2,19.09000015258789,0.13844700157642365,58779.12962959986
1263,2458778.6576852,7.8054538,36.28004,1,19.128799438476562,0.14205500483512878,58778.15768520022
1264,2458778.6298495,7.8054248,36.2800372,2,19.0310001373291,0.14198599755764008,58778.12984950002
1265,2458777.6575,7.805444,36.2800258,1,19.174100875854492,0.1366029977798462,58777.157500000205
1266,2458777.6296644,7.8055002,36.2800474,2,19.24810028076172,0.12712199985980988,58777.12966440013
1267,2458776.6570833,7.8054554,36.2800493,1,19.12470054626465,0.11269000172615051,58776.15708329994
1268,2458776.6292708,7.8054601,36.2800341,2,19.08650016784668,0.12138500064611435,58776.129270799924
1269,2458775.6578704,7.8054056,36.2799984,1,19.13319969177246,0.14128799736499786,58775.15787040023
1270,2458775.6294907,7.8054597,36.2800159,2,19.198200225830078,0.15117600560188293,58775.129490700085
1271,2458774.6577662,7.8054508,36.2799955,1,19.16510009765625,0.1676419973373413,58774.15776620014
1272,2458774.6297801,7.8054232,36.2800118,2,19.213499069213867,0.1380929946899414,58774.12978010019
1273,2458773.6578588,7.8054066,36.2800834,1,19.154199600219727,0.25742900371551514,58773.15785880014
1275,2458772.6592361,7.8054513,36.2799341,1,19.111400604248047,0.17615100741386414,58772.15923610004
1276,2458772.6295833,7.8054854,36.2800563,2,19.214799880981445,0.1561869978904724,58772.12958330009
1277,2458771.6589005,7.8054803,36.2801047,1,19.219499588012695,0.28322499990463257,58771.15890049981
1279,2458770.6586806,7.8053154,36.2798822,1,19.237600326538086,0.3289569914340973,58770.158680600114
1280,2458770.6294329,7.8053709,36.2800354,2,19.013200759887695,0.22262999415397644,58770.12943289988
1282,2458769.6283681,7.8054484,36.2799952,2,19.06290054321289,0.2676120102405548,58769.12836810015
1283,2458768.6587269,7.8054377,36.2800756,1,19.124000549316406,0.18460899591445923,58768.158726899885
1284,2458768.628831,7.8055007,36.2800458,2,19.092599868774414,0.20567600429058075,58768.12883100007
1285,2458767.6581366,7.8055883,36.2799388,1,18.912900924682617,0.256754994392395,58767.15813660016
1286,2458767.6286343,7.805345,36.2800502,2,18.87190055847168,0.2327450066804886,58767.12863430008
1287,2458766.6606481,7.8054043,36.2800678,1,19.284700393676758,0.1765509992837906,58766.16064810008
1288,2458766.6284259,7.8054424,36.2800238,2,19.100900650024414,0.22600500285625458,58766.12842589989
1289,2458765.6620949,7.8054615,36.2800434,1,19.272499084472656,0.15474699437618256,58765.16209489992
1290,2458764.6576505,7.8054543,36.2800308,1,19.257999420166016,0.14078299701213837,58764.15765050007
1292,2458761.8390046,7.8054492,36.2800395,2,19.14699935913086,0.13481900095939636,58761.339004599955
1293,2458761.7903472,7.8054044,36.2800544,1,19.293100357055664,0.1418589949607849,58761.29034719989
1294,2458758.8629398,7.8054724,36.2800551,1,19.27440071105957,0.12626099586486816,58758.362939800136
1295,2458758.8099537,7.8054766,36.2800315,2,19.175199508666992,0.13151100277900696,58758.30995369982
1296,2458750.8621181,7.8054123,36.2800523,1,19.253299713134766,0.12280300259590149,58750.362118099816
1297,2458750.8260764,7.8055141,36.2800093,2,19.399499893188477,0.1628510057926178,58750.3260764
1298,2458747.9293866,7.8054959,36.2800553,2,19.274599075317383,0.14907599985599518,58747.42938659992
1299,2458744.8818981,7.8054459,36.2800265,2,19.092500686645508,0.1457740068435669,58744.38189810002
1300,2458741.9968634,7.8053685,36.2800988,1,19.1466007232666,0.19271999597549438,58741.4968634001
1301,2458741.9271991,7.8054628,36.2800825,2,19.000999450683594,0.14450299739837646,58741.427199100144
1302,2458738.9235532,7.8054314,36.2800528,1,19.24489974975586,0.15103699266910553,58738.42355319997
1303,2458738.8404745,7.8054507,36.2800735,2,19.087099075317383,0.18639199435710907,58738.340474499855
1304,2458735.9239931,7.8054516,36.2800442,1,19.049100875854492,0.09691400080919266,58735.42399309995
1305,2458735.8914699,7.8054502,36.2800311,2,18.937999725341797,0.13077299296855927,58735.39146990003
1306,2458732.9663194,7.8054576,36.2800634,2,19.17340087890625,0.15327000617980957,58732.466319399886
1307,2458727.9872106,7.8054506,36.2800561,2,19.095300674438477,0.09531000256538391,58727.48721060017
1308,2458727.9068634,7.8054101,36.2800448,1,19.10460090637207,0.12743699550628662,58727.40686339978
1309,2458724.9332755,7.8054004,36.2800327,1,19.272899627685547,0.1444700062274933,58724.43327549985
1310,2458724.9153009,7.8054529,36.280031,2,19.221500396728516,0.11118599772453308,58724.41530090012
1312,2458718.9764583,7.8054896,36.2800087,2,19.20829963684082,0.13969899713993073,58718.476458299905
1313,2458718.9096412,7.8054354,36.2799919,1,19.134899139404297,0.13647599518299103,58718.40964120021
1314,2458716.0078588,7.8053927,36.2799729,1,19.457799911499023,0.16099199652671814,58715.50785879977
1315,2458715.9289815,7.8054336,36.2800276,2,19.109899520874023,0.17573100328445435,58715.42898150021
1316,2458712.9750116,7.805392,36.2801584,1,19.23200035095215,0.15386700630187988,58712.47501160018
1317,2458712.9261227,7.8054259,36.2800333,2,19.07990074157715,0.13906200230121613,58712.426122699864
1318,2458709.9812847,7.8054383,36.2800448,1,19.262399673461914,0.14316600561141968,58709.48128469987
1319,2458706.9067593,7.8054537,36.2800461,2,19.214399337768555,0.10410299897193909,58706.4067592998
1320,2458703.9722338,7.8054282,36.2800547,1,19.29360008239746,0.1068049967288971,58703.47223380022
1321,2458703.92875,7.8054697,36.2800411,2,19.142200469970703,0.1469379961490631,58703.42874999996
1322,2458699.9540972,7.8054203,36.2800475,1,19.193899154663086,0.09517700225114822,58699.454097200185
1323,2458699.8823032,7.8054511,36.2800506,2,19.136899948120117,0.10433600097894669,58699.3823032002
1324,2458696.9769907,7.805456,36.2800627,2,19.1156005859375,0.11157599836587906,58696.47699069977
1325,2458696.9281366,7.8054525,36.2800545,1,19.262800216674805,0.07732199877500534,58696.42813660018
1326,2458693.9683333,7.8054749,36.2800505,2,19.170700073242188,0.12262800335884094,58693.4683333002
1327,2458693.9301157,7.8054158,36.2800281,1,19.25349998474121,0.09685900062322617,58693.43011569977
1328,2458690.9522338,7.8054196,36.2800468,1,19.285600662231445,0.0979589968919754,58690.4522338002
1329,2458690.9366667,7.8054416,36.2800462,2,19.150800704956055,0.14273999631404877,58690.43666670006
1330,2458686.9770139,7.8054334,36.2800805,1,19.256900787353516,0.11974000185728073,58686.477013899945
1331,2458686.9361806,7.805471,36.2800514,2,19.177099227905273,0.17173099517822266,58686.436180599965
1332,2458683.9426736,7.8054178,36.280061,2,19.243999481201172,0.13410499691963196,58683.44267359981
1333,2458680.9854051,7.805439,36.2800775,1,19.263500213623047,0.18701599538326263,58680.485405100044
1334,2458677.9870486,7.8054011,36.2800773,2,19.15250015258789,0.13831299543380737,58677.48704859987
1335,2458677.9681019,7.8054379,36.2800562,1,19.23590087890625,0.07950799912214279,58677.46810190007
1336,2458674.9772917,7.8054547,36.2800566,2,19.08370018005371,0.10707399994134903,58674.477291699965
1337,2458674.9546412,7.8054349,36.2800235,1,19.177200317382812,0.11372300237417221,58674.45464120014
1338,2458671.9203009,7.8055084,36.2799907,2,18.944900512695312,0.24040600657463074,58671.420300900005
1339,2458668.8687963,7.8054608,36.2800328,2,19.0585994720459,0.14967399835586548,58668.36879630014
1340,2458665.953125,7.8054422,36.2800539,2,19.23150062561035,0.10208500176668167,58665.453125
1342,2458657.9331481,7.8054544,36.2800335,2,19.191200256347656,0.12036599963903427,58657.43314810004
1343,2458653.9470718,7.8054608,36.2800576,2,19.027599334716797,0.1338929980993271,58653.44707180001
1344,2458653.8839931,7.8055442,36.2801044,1,19.302799224853516,0.3108150064945221,58653.38399309991
1345,2458650.9351852,7.805452,36.2800494,2,19.339399337768555,0.15360799431800842,58650.43518520007
1347,2458644.9508218,7.8054385,36.2800682,1,19.466400146484375,0.12384500354528427,58644.45082180016
1348,2458641.9498611,7.8054322,36.2800565,1,19.40089988708496,0.11626999825239182,58641.44986109994
1349,2458514.6744676,7.8053311,36.2800267,1,19.829099655151367,0.19355900585651398,58514.17446759995
1355,2458397.8464699,7.8055722,36.2799962,1,19.831100463867188,0.15876899659633636,58397.346469900105
