,jd,ra,dec,fid,magpsf,sigmapsf,mjd
0,2461193.9181019,281.2191178,11.5577501,1,16.828107833862305,0.03636952117085457,61193.41810189979
1,2461193.8451505,281.2191265,11.5577392,2,14.617500305175781,0.0255149994045496,61193.34515050007
2,2461192.9900694,281.2191189,11.5577544,2,14.581500053405762,0.0211970005184412,61192.49006940005
3,2461192.9483681,281.219117,11.5577606,3,13.475799560546875,0.039772000163793564,61192.448368099984
4,2461192.902419,281.2191201,11.5577435,1,16.803199768066406,0.03375700116157532,61192.40241899993
5,2461192.8473032,281.2191313,11.5577411,2,14.611000061035156,0.020604999735951424,61192.34730320005
6,2461191.945463,281.2191138,11.5577537,1,16.77829933166504,0.037057001143693924,61191.445462999865
7,2461191.9445139,281.2191315,11.5577452,1,16.739599227905273,0.03314799815416336,61191.444513900205
8,2461191.888044,281.2191226,11.5577356,2,14.632699966430664,0.033911000937223434,61191.38804400014
9,2461191.8778472,281.2191228,11.5577513,2,14.573100090026855,0.02270199917256832,61191.377847199794
10,2461191.7400926,281.2191322,11.5577272,3,13.427599906921387,0.03337100148200989,61191.24009260023
11,2461186.9537269,281.2191316,11.5577572,3,14.538200378417969,0.07117599993944168,61186.45372689981
12,2461186.9508912,281.2191125,11.5577416,3,13.49839973449707,0.04205000028014183,61186.45089119999
13,2461185.9466782,281.2191256,11.5577392,2,14.60669994354248,0.01864200085401535,61185.446678199805
14,2461185.9443056,281.2191261,11.5577451,2,14.656900405883789,0.024829000234603882,61185.44430560013
15,2461185.9443056,281.2191261,11.5577451,2,14.656900405883789,0.024829000234603882,61185.44430560013
16,2461185.9034144,281.2191273,11.5577327,1,16.805299758911133,0.031005999073386192,61185.40341439983
17,2461185.9034144,281.2191273,11.5577327,1,16.805299758911133,0.031005999073386192,61185.40341439983
18,2461185.8872454,281.2191058,11.55774,3,14.658699989318848,0.17600800096988678,61185.38724539988
19,2461185.8872454,281.2191058,11.55774,3,14.658699989318848,0.17600800096988678,61185.38724539988
20,2461184.9651389,281.21909,11.5578174,3,14.494500160217285,0.148049995303154,61184.465138900094
21,2461184.9651389,281.21909,11.5578174,3,14.494500160217285,0.148049995303154,61184.465138900094
22,2461184.9422801,281.2191265,11.5577503,2,14.608499526977539,0.03146800026297569,61184.44228010019
23,2461184.9053704,281.2191195,11.5577299,1,16.746000289916992,0.03622499853372574,61184.40537039982
24,2461184.9053704,281.2191195,11.5577299,1,16.746000289916992,0.03622499853372574,61184.40537039982
25,2461184.895787,281.2191242,11.5577212,3,13.567500114440918,0.04744400084018707,61184.39578700019
26,2461184.895787,281.2191242,11.5577212,3,13.567500114440918,0.04744400084018707,61184.39578700019
27,2461183.9202431,281.21913,11.5577234,2,14.603300094604492,0.022810999304056168,61183.4202430998
28,2461183.8852431,281.2191265,11.5578001,3,14.571700096130371,0.06710900366306305,61183.385243100114
29,2461183.8828935,281.2191131,11.557746,3,13.572999954223633,0.027953999117016792,61183.38289349992
30,2461182.9164815,281.2191173,11.5577455,2,14.609999656677246,0.01940399967133999,61182.416481500026
31,2461182.9160185,281.2191294,11.557732,2,14.696700096130371,0.03732199966907501,61182.41601849999
32,2461182.8959606,281.2191274,11.5577322,1,16.792800903320312,0.03614199906587601,61182.395960600115
33,2461182.8506366,281.21914,11.55775,3,13.524299621582031,0.03073599934577942,61182.35063660005
35,2461181.9628125,281.2191262,11.5577491,3,13.504199981689453,0.026295000687241554,61181.462812500075
36,2461181.9440046,281.2191235,11.5577394,1,16.796600341796875,0.0418270006775856,61181.444004599936
37,2461181.9430671,281.2191175,11.5577392,1,16.766300201416016,0.04137599840760231,61181.4430670999
38,2461181.9206829,281.2191243,11.5577447,2,14.614100456237793,0.022283000871539116,61181.42068290012
39,2461181.9206829,281.2191243,11.5577447,2,14.614100456237793,0.022283000871539116,61181.42068290012
40,2461180.9704167,281.2191081,11.5577828,3,13.489899635314941,0.03546600043773651,61180.4704167
41,2461180.9694792,281.2190943,11.5577527,3,14.444000244140625,0.06228699907660484,61180.469479199965
42,2461180.9398264,281.2191264,11.5577428,2,14.629799842834473,0.027369000017642975,61180.43982640002
43,2461180.9377431,281.2191225,11.5577448,2,14.581100463867188,0.026844000443816185,61180.43774309987
44,2461180.9020833,281.2191233,11.5577433,1,16.789400100708008,0.03739999979734421,61180.402083300054
45,2461180.8949537,281.2191308,11.557738,1,16.75469970703125,0.04671899974346161,61180.39495369978
46,2461179.9682407,281.2191139,11.5577573,3,13.5,0.024400999769568443,61179.4682407002
47,2461179.9673032,281.2190915,11.5577717,3,14.570599555969238,0.08151800185441971,61179.46730320016
48,2461179.9392708,281.2191291,11.5577321,2,14.635000228881836,0.03010299988090992,61179.43927079998
49,2461179.9236111,281.2191324,11.5577339,2,14.58329963684082,0.0250450000166893,61179.42361109983
50,2461179.8943981,281.2191415,11.5577394,1,16.78809928894043,0.03623399883508682,61179.39439810021
51,2461179.8732292,281.219126,11.5577313,1,16.747400283813477,0.043320998549461365,61179.37322920002
52,2461176.958588,281.2191119,11.5577187,1,16.78059959411621,0.04274500161409378,61176.45858799992
53,2461176.9576389,281.2191481,11.5577207,1,16.792600631713867,0.04805700108408928,61176.457638899796
54,2461176.9189699,281.2191402,11.5577203,2,14.626099586486816,0.02665499970316887,61176.41896989988
55,2461176.9189699,281.2191402,11.5577203,2,14.626099586486816,0.02665499970316887,61176.41896989988
56,2461176.9036574,281.2191357,11.5577358,2,14.599699974060059,0.023646000772714615,61176.40365740005
57,2461176.865787,281.2191161,11.5578043,3,14.62440013885498,0.1026260033249855,61176.36578699993
58,2461176.865787,281.2191161,11.5578043,3,14.62440013885498,0.1026260033249855,61176.36578699993
59,2461176.8653241,281.2191217,11.5577395,3,13.60770034790039,0.03149599954485893,61176.365324100014
60,2461175.9649306,281.2190921,11.5577833,3,14.5802001953125,0.09476500004529953,61175.46493060002
62,2461175.9084838,281.2191207,11.5577348,1,16.771400451660156,0.03487300127744675,61175.40848380001
63,2461175.849213,281.2191413,11.5577413,2,14.610300064086914,0.027885999530553818,61175.34921299992
64,2461174.9629282,281.2191155,11.5577311,1,16.859899520874023,0.04781400039792061,61174.46292820014
65,2461174.9450347,281.2191187,11.5577491,2,14.712800025939941,0.026986999437212944,61174.44503469998
66,2461174.9445602,281.2191375,11.5577457,2,14.640299797058105,0.02744399942457676,61174.444560199976
67,2461174.928287,281.2190917,11.5577806,3,14.70110034942627,0.12737199664115906,61174.42828699993
68,2461174.9259144,281.2191201,11.5577392,3,13.58240032196045,0.020963000133633614,61174.42591439979
69,2461174.9102315,281.2191319,11.5577307,1,16.793800354003906,0.03691999986767769,61174.41023149993
70,2461173.9723611,281.2191241,11.5577387,2,14.73960018157959,0.025851000100374222,61173.472361099906
71,2461173.9545602,281.2191148,11.5577538,2,14.662199974060059,0.02092899940907955,61173.45456020022
72,2461173.9333912,281.2190816,11.5578133,3,14.638299942016602,0.13513000309467316,61173.43339119991
73,2461173.9085995,281.2191114,11.5577287,3,13.611599922180176,0.03386300057172775,61173.40859950008
74,2461173.8832407,281.2191259,11.5577386,1,16.837299346923828,0.033946000039577484,61173.38324069977
75,2461173.8827662,281.2191363,11.5577331,1,16.7810001373291,0.03750599920749664,61173.38276620023
76,2461172.96625,281.2190825,11.5577844,3,15.055399894714355,0.1152689978480339,61172.466250000056
77,2461172.9575926,281.2191324,11.5577474,2,14.659199714660645,0.036593999713659286,61172.457592600025
78,2461172.9347222,281.2191261,11.557744,2,14.738499641418457,0.027267999947071075,61172.434722200036
80,2461172.8889236,281.2191247,11.5577382,1,16.795900344848633,0.04197800159454346,61172.38892359985
81,2461172.8865741,281.2191281,11.5577404,1,16.852800369262695,0.032166000455617905,61172.38657409977
82,2461171.9654167,281.2191193,11.5577385,1,16.89419937133789,0.03946999832987785,61171.46541670011
83,2461171.9586343,281.2191333,11.5577456,2,14.66569995880127,0.03196199983358383,61171.45863430016
84,2461171.9439815,281.2191381,11.5577359,2,14.794300079345703,0.03371699899435043,61171.44398149988
85,2461171.8884144,281.2190962,11.5577278,3,14.832099914550781,0.13282500207424164,61171.388414400164
86,2461171.8879398,281.2191178,11.5577333,3,13.61139965057373,0.03799699991941452,61171.38793980004
87,2461171.869838,281.2191313,11.5577326,1,16.815799713134766,0.0496940016746521,61171.36983799981
88,2461170.9648032,281.2191243,11.5577448,1,16.891399383544922,0.03910600021481514,61170.464803200215
89,2461170.9643287,281.2191165,11.5577317,1,16.848499298095703,0.040091000497341156,61170.46432870021
90,2461170.9412616,281.2191246,11.557742,2,14.708600044250488,0.03255600109696388,61170.44126159977
91,2461170.9350463,281.2191241,11.5577422,2,14.679900169372559,0.03235799819231033,61170.435046299826
93,2461170.8687269,281.2191016,11.5577777,3,14.97700023651123,0.08151499927043915,61170.36872689985
94,2461169.9658333,281.2191214,11.5578363,3,14.906499862670898,0.24786700308322906,61169.46583329979
95,2461169.9429282,281.2191365,11.5577502,2,14.700599670410156,0.02073800005018711,61169.44292820012
96,2461169.9001042,281.219139,11.5577347,1,16.90880012512207,0.033914998173713684,61169.4001042
97,2461169.8841204,281.2191282,11.5577323,1,16.87459945678711,0.05425199866294861,61169.384120400064
98,2461169.8436921,281.2191058,11.5577364,3,13.585000038146973,0.04623100161552429,61169.34369210014
99,2461168.9681019,281.2190886,11.5577938,3,14.963700294494629,0.048360999673604965,61168.46810190007
100,2461168.9662153,281.2191062,11.557731,3,13.621199607849121,0.03702300041913986,61168.46621529991
101,2461168.9445255,281.2191418,11.5577434,1,16.89229965209961,0.030006999149918556,61168.44452549983
102,2461168.9426389,281.2191183,11.5577358,1,16.87579917907715,0.04675599932670593,61168.44263890013
103,2461168.9022454,281.2191365,11.5577487,2,14.731200218200684,0.022741999477148056,61168.40224540001
104,2461168.8870255,281.2191323,11.5577445,2,14.675600051879883,0.019534999504685402,61168.38702550018
105,2461167.961169,281.2191239,11.5577267,2,14.729299545288086,0.016982000321149826,61167.461168999784
106,2461167.9597454,281.2191359,11.5577371,2,14.731300354003906,0.03188899904489517,61167.45974540012
107,2461167.9003356,281.2190444,11.5578218,3,14.972200393676758,0.08474999666213989,61167.400335600134
108,2461167.8998611,281.2191097,11.5577596,3,13.624899864196777,0.028429999947547913,61167.39986110013
109,2461167.857338,281.2191367,11.5577316,1,16.908300399780273,0.04735400155186653,61167.35733800009
110,2461167.8477431,281.2191385,11.5577365,1,16.891300201416016,0.0438539981842041,61167.34774310002
111,2461163.9750347,281.2191126,11.5577505,3,13.694299697875977,0.030782999470829964,61163.475034699775
113,2461163.9414699,281.2191211,11.557748,2,14.764900207519531,0.029411999508738518,61163.441469899844
114,2461163.9404977,281.2191215,11.5577463,2,14.712300300598145,0.03207800164818764,61163.440497700125
116,2461162.9683796,281.2191093,11.5577485,3,13.722299575805664,0.03290000185370445,61162.46837959997
117,2461162.9541319,281.2191258,11.5577296,2,14.748900413513184,0.024838000535964966,61162.45413189987
118,2461162.9536574,281.219125,11.5577422,2,14.799799919128418,0.029006000608205795,61162.45365739986
119,2461162.9298148,281.2191287,11.5577351,1,16.945499420166016,0.047363001853227615,61162.429814800154
120,2461162.9293519,281.2191355,11.5577403,1,16.95669937133789,0.049091000109910965,61162.42935189977
121,2461161.9728588,281.2191336,11.5577405,1,16.969100952148438,0.0395359992980957,61161.47285880009
122,2461161.9714468,281.2191191,11.5577375,1,16.976900100708008,0.044259000569581985,61161.471446800046
123,2461161.9548727,281.2191239,11.5577411,2,14.76729965209961,0.018709000200033188,61161.45487269992
124,2461161.9506366,281.2191391,11.5577368,2,14.8100004196167,0.02981100045144558,61161.450636600144
126,2461160.9762153,281.2191211,11.5577359,1,16.953699111938477,0.052668001502752304,61160.47621530015
127,2461160.9561227,281.2191119,11.5577449,1,16.98110008239746,0.041058000177145004,61160.456122700125
128,2461160.93375,281.219134,11.5577397,2,14.800399780273438,0.027515999972820282,61160.43374999985
129,2461160.9150231,281.2191316,11.5577333,2,14.776300430297852,0.021462999284267426,61160.4150231001
130,2461159.9815162,281.2191247,11.5577341,1,17.023099899291992,0.04032900184392929,61159.48151620012
131,2461159.9805556,281.2191206,11.5577395,1,17.00119972229004,0.03804299980401993,61159.48055560002
132,2461159.9130787,281.219129,11.5577473,2,14.780699729919434,0.020547999069094658,61159.41307870019
133,2461158.9748264,281.2191175,11.5577398,1,17.052900314331055,0.0347989983856678,61158.47482640017
134,2461158.9291667,281.2191281,11.5577351,2,14.824000358581543,0.03334999829530716,61158.429166700225
135,2461158.9063889,281.2191318,11.5577385,2,14.77910041809082,0.02724899910390377,61158.40638889978
137,2461154.9809144,281.2191231,11.5577367,2,14.930700302124023,0.0426269993185997,61154.48091439996
138,2461154.9728356,281.2191297,11.5577386,2,14.848099708557129,0.024728000164031982,61154.47283559991
139,2461154.9467014,281.2191265,11.5577269,1,17.045000076293945,0.04420299828052521,61154.44670139998
140,2461153.9850347,281.2191264,11.5577345,1,17.096399307250977,0.034974999725818634,61153.48503470002
141,2461153.9845602,281.2191212,11.5577251,1,17.05190086364746,0.04130399972200394,61153.48456020001
143,2461153.92625,281.2191328,11.5577461,2,14.853899955749512,0.03312699869275093,61153.42625000002
144,2461153.9251736,281.2191346,11.5577353,2,14.824600219726562,0.02808300033211708,61153.425173600204
145,2461151.9816667,281.219123,11.5577421,1,17.105499267578125,0.0435510016977787,61151.48166669998
146,2461151.9783333,281.219128,11.5577377,1,17.10300064086914,0.04622799903154373,61151.47833329998
148,2461151.9360995,281.2191346,11.5577404,2,14.859600067138672,0.02514900080859661,61151.43609949993
149,2461151.935625,281.2191317,11.5577405,2,14.882100105285645,0.029665999114513397,61151.435624999925
151,2461150.9225463,281.2191282,11.5577437,2,14.887700080871582,0.024692999199032784,61150.422546300106
152,2461148.9827894,281.2191277,11.5577281,1,17.14240074157715,0.036490000784397125,61148.482789400034
153,2461148.9823148,281.2191169,11.5577346,1,17.12820053100586,0.050005000084638596,61148.48231479991
154,2461148.9417014,281.2191331,11.5577415,2,14.885600090026855,0.030300000682473183,61148.441701400094
156,2461147.9664815,281.2191298,11.5577389,2,15.004599571228027,0.032590001821517944,61147.46648149984
157,2461147.9536227,281.2191266,11.5577395,2,14.944199562072754,0.02247699908912182,61147.45362270018
158,2461147.9267824,281.2191494,11.5577302,1,17.164600372314453,0.037935998290777206,61147.42678239988
159,2461147.9105903,281.2191321,11.5577306,1,17.132400512695312,0.037029001861810684,61147.41059029987
161,2461145.9699769,281.2191359,11.5577331,1,17.224899291992188,0.046236999332904816,61145.469976900145
162,2461145.9685648,281.2191274,11.5577341,1,17.190200805664062,0.04834499955177307,61145.46856479999
163,2461145.9473264,281.2191369,11.5577425,2,14.955900192260742,0.02871299907565117,61145.44732639985
164,2461145.9468634,281.2191307,11.5577349,2,14.987199783325195,0.030419999733567238,61145.44686339982
165,2461140.9634375,281.2191303,11.5577426,2,15.083800315856934,0.024995999410748482,61140.463437499944
166,2461140.9265625,281.2191364,11.5577211,1,17.3346004486084,0.05500800162553787,61140.426562500186
168,2461140.0018866,281.219078,11.5577648,2,15.091400146484375,0.10370499640703201,61139.50188660016
169,2461140.0003935,281.2191338,11.5577574,2,15.057600021362305,0.0824040025472641,61139.500393500086
170,2461139.9227199,281.2191381,11.557723,1,17.40290069580078,0.04169899970293045,61139.42271990003
171,2461139.9212963,281.21913,11.5577298,1,17.33839988708496,0.06509699672460556,61139.4212962999
172,2461138.9911574,281.2191433,11.5576239,3,15.25879955291748,0.057089999318122864,61138.491157399956
173,2461138.9688542,281.2191258,11.5577462,2,15.128199577331543,0.023302000015974045,61138.468854200095
174,2461138.9683796,281.2191293,11.5577479,2,15.143799781799316,0.02609799988567829,61138.46837959997
175,2461138.9055903,281.2191263,11.5577419,1,17.355499267578125,0.05342800170183182,61138.40559029998
176,2461138.9051157,281.2191462,11.5577253,1,17.417299270629883,0.04793500155210495,61138.40511569986
177,2461137.9876968,281.2191328,11.5577436,2,15.18239974975586,0.032653000205755234,61137.487696799915
178,2461137.9872338,281.2191284,11.5577444,2,15.134499549865723,0.030086999759078026,61137.48723379988
179,2461137.9477315,281.2191388,11.5577467,1,17.47089958190918,0.059078000485897064,61137.447731500026
180,2461137.9458449,281.219133,11.5577294,1,17.428800582885742,0.08095800131559372,61137.44584489986
182,2461135.9896296,281.2190778,11.5577556,3,15.097399711608887,0.10684199631214142,61135.4896296002
183,2461135.9628241,281.219152,11.5577437,1,17.55470085144043,0.05366300046443939,61135.46282410016
184,2461135.9609491,281.2191369,11.5577453,1,17.52199935913086,0.05626799911260605,61135.46094910009
185,2461135.9356829,281.2191278,11.5577425,2,15.197799682617188,0.024956999346613884,61135.435682899784
186,2461135.9347338,281.2191478,11.5577404,2,15.215700149536133,0.031762998551130295,61135.434733800124
187,2461135.0035301,281.2191064,11.5577317,1,17.583900451660156,0.07931199669837952,61134.50353009999
192,2461132.9519329,281.2191125,11.5576911,3,14.788200378417969,0.012199999764561653,61132.45193290012
193,2461132.9519329,281.2190705,11.5576709,3,14.951199531555176,0.0785129964351654,61132.45193290012
194,2461132.9309838,281.2191587,11.5577199,1,17.637399673461914,0.08984699845314026,61132.430983799975
195,2461132.9305093,281.2191958,11.5576908,1,17.675399780273438,0.10909000039100647,61132.43050929997
196,2461130.8808333,281.2190927,11.5576728,1,17.578699111938477,0.15281300246715546,61130.38083329983
197,2461130.0076968,281.2191363,11.557735,1,17.94610023498535,0.0627869963645935,61129.507696799934
198,2461129.9929282,281.2191316,11.5577479,1,17.891300201416016,0.09201700240373611,61129.492928199936
199,2461129.9466551,281.2191372,11.5577402,2,15.538599967956543,0.030021000653505325,61129.44665510021
200,2461129.9461806,281.2191332,11.5577272,2,15.480400085449219,0.02918500080704689,61129.44618060021
201,2461128.0123958,281.2191314,11.557745,2,15.604599952697754,0.04250900074839592,61127.51239580009
202,2461128.0109838,281.2191309,11.5577419,2,15.677900314331055,0.02976899966597557,61127.51098380005
203,2461127.9502894,281.2191355,11.5577308,1,18.03190040588379,0.06393100321292877,61127.45028939983
204,2461127.9498148,281.2191362,11.5577377,1,18.109699249267578,0.08587100356817245,61127.44981480017
205,2461126.9545602,281.2191378,11.5577336,2,15.73740005493164,0.027228999882936478,61126.45456020022
208,2461125.9548148,281.2191304,11.5577287,2,15.819999694824219,0.030074000358581543,61125.45481480006
209,2461125.9543403,281.2191486,11.5577349,2,15.82960033416748,0.02281999960541725,61125.45434030006
210,2461125.014456,281.2191033,11.5577357,3,13.94480037689209,0.06477700173854828,61124.51445600018
211,2461124.9940046,281.219114,11.557755,1,18.392799377441406,0.075764000415802,61124.494004600216
212,2461124.9935301,281.219124,11.5577338,1,18.410900115966797,0.0875839963555336,61124.49353010021
213,2461124.9502662,281.2191373,11.5577461,2,15.878299713134766,0.032905999571084976,61124.45026620012
214,2461124.9497917,281.2191415,11.5577361,2,15.891599655151367,0.04129999876022339,61124.44979170011
215,2461124.0089583,281.2191042,11.5577321,1,18.52519989013672,0.053477998822927475,61123.50895830011
216,2461123.9788079,281.2191455,11.5577442,2,15.967100143432617,0.031821999698877335,61123.4788079001
217,2461123.9783333,281.2191268,11.5577538,2,16.012399673461914,0.040623001754283905,61123.47833329998
219,2461123.0158218,281.2191473,11.5577459,1,18.675100326538086,0.07313500344753265,61122.5158218001
220,2461122.9468866,281.2191421,11.557738,2,16.06089973449707,0.03269200026988983,61122.446886599995
221,2461122.0200694,281.219097,11.5577338,1,18.739700317382812,0.0872580036520958,61121.52006939985
222,2461122.0195949,281.2191574,11.5577514,1,18.725000381469727,0.12470900267362595,61121.519594899844
225,2461121.9649884,281.2191326,11.5577233,2,16.12220001220703,0.03782099857926369,61121.46498840023
226,2461121.0187731,281.2191374,11.5577624,1,18.798900604248047,0.13417799770832062,61120.51877309987
227,2461121.0113426,281.2191096,11.5577336,1,18.907100677490234,0.09050200134515762,61120.51134259999
228,2461120.9936458,281.2191348,11.5577501,2,16.218799591064453,0.03761199861764908,61120.49364579981
230,2461120.0144444,281.2191193,11.5577452,3,13.68280029296875,0.07781600207090378,61119.51444440009
231,2461119.0205324,281.2191188,11.5577332,1,19.03499984741211,0.10548999905586243,61118.52053239988
232,2461118.9972685,281.2191401,11.557753,2,16.387699127197266,0.040623001754283905,61118.49726849981
233,2461116.0231944,281.2190963,11.5577469,1,19.343700408935547,0.19787199795246124,61115.52319440013
236,2461115.9708102,281.2191283,11.557718,2,16.702999114990234,0.03908900171518326,61115.47081020009
237,2461115.0247222,281.2191358,11.5577406,2,16.7731990814209,0.03968000039458275,61114.52472219989
238,2461115.0247222,281.2191358,11.5577406,2,16.7731990814209,0.03968000039458275,61114.52472219989
240,2461112.0289583,281.2191133,11.5577035,1,19.809200286865234,0.22604699432849884,61111.52895830013
243,2461111.9905093,281.2191461,11.5577483,2,17.036500930786133,0.04656999930739403,61111.49050930003
244,2461111.0300694,281.2191333,11.5577175,2,17.153400421142578,0.0416329987347126,61110.53006940009
249,2461101.0295949,281.2191182,11.5577484,3,13.111800193786621,0.029551999643445015,61100.52959490009
251,2461095.0312037,281.219135,11.5577428,3,13.065199851989746,0.027124999091029167,61094.53120370023
252,2461074.0737731,281.2191243,11.5577377,2,15.84160041809082,0.032274000346660614,61073.57377310004
253,2461074.0683218,281.2191273,11.5577417,2,15.859100341796875,0.038322001695632935,61073.56832179986
255,2461073.0724653,281.2191323,11.5577369,2,15.846799850463867,0.03808499872684479,61072.572465300094
256,2461073.0681481,281.2191165,11.5577247,2,15.859399795532227,0.03488599881529808,61072.56814809982
257,2461073.0648032,281.2191231,11.5577274,2,15.878299713134766,0.02339000068604946,61072.56480319984
264,2461066.0769907,281.2191053,11.55771,2,15.836099624633789,0.02883799932897091,61065.57699069986
265,2461066.0714815,281.2191094,11.557704,2,15.84469985961914,0.02691599912941456,61065.57148149982
266,2461066.0681019,281.2191162,11.5577226,2,15.881099700927734,0.021562999114394188,61065.568101900164
278,2461060.0831713,281.2191237,11.5577372,2,15.9128999710083,0.024567000567913055,61059.583171300124
279,2461060.0777431,281.2191147,11.5577418,2,15.814900398254395,0.026234999299049377,61059.5777431
280,2461060.073287,281.219128,11.5577478,2,15.823599815368652,0.03380199894309044,61059.57328699995
282,2461059.0775926,281.2191268,11.5577476,2,15.793800354003906,0.02798200026154518,61058.57759260014
283,2461059.0746296,281.2191252,11.5577513,2,15.814000129699707,0.031679000705480576,61058.57462960016
293,2460949.6596528,281.2190958,11.5577366,2,19.44049072265625,0.11902210861444473,60949.15965279983
298,2460942.6878472,281.2190672,11.5577159,2,19.075000762939453,0.08659300208091736,60942.18784719985
300,2460939.7241088,281.2190707,11.5577199,2,18.972900390625,0.07575900107622147,60939.224108799826
302,2460935.6975231,281.2191208,11.5577151,2,18.865100860595703,0.058396998792886734,60935.197523099836
304,2460933.6929861,281.2190873,11.5577362,2,18.74814224243164,0.06385944783687592,60933.19298609998
305,2460933.6929861,281.2190873,11.5577362,2,18.74810028076172,0.0638590008020401,60933.19298609998
306,2460932.6969792,281.21911,11.5577498,2,18.84868621826172,0.08368142694234848,60932.1969792
309,2460931.6421065,281.2191005,11.5577538,2,18.643800735473633,0.06286799907684326,60931.14210649999
312,2460929.7269444,281.2191385,11.557754,2,18.58102035522461,0.10358459502458572,60929.2269444
313,2460929.7269444,281.2191385,11.557754,2,18.58099937438965,0.10358499735593796,60929.2269444
314,2460929.7259954,281.2191058,11.5577558,2,18.56170082092285,0.07786200195550919,60929.22599539999
315,2460927.725,281.2190996,11.5577337,2,18.53030014038086,0.07730899751186371,60927.22500000009
316,2460927.7245255,281.2191033,11.5577267,2,18.505300521850586,0.10629300028085709,60927.22452550009
321,2460925.7197222,281.219141,11.5577498,2,18.4325008392334,0.09374299645423889,60925.219722200185
322,2460925.6498611,281.2191096,11.5577424,2,18.399599075317383,0.08448799699544907,60925.14986110013
323,2460923.7699653,281.219169,11.5577748,2,18.33340072631836,0.1570889949798584,60923.26996529987
324,2460923.7504514,281.2190852,11.5576848,2,18.395700454711914,0.083187997341156,60923.250451399945
325,2460923.7504514,281.2190852,11.5576848,2,18.395700454711914,0.083187997341156,60923.250451399945
330,2460921.6656134,281.2191088,11.5577252,2,18.277299880981445,0.06735800206661224,60921.16561339982
331,2460919.7080556,281.2191175,11.5577208,2,18.54509925842285,0.08843600004911423,60919.20805560006
332,2460919.7066319,281.2191155,11.5577354,2,18.310199737548828,0.049984000623226166,60919.20663189981
336,2460917.7169676,281.2191179,11.557734,2,18.269800186157227,0.08846700191497803,60917.21696759993
337,2460917.7169676,281.2191179,11.557734,2,18.269800186157227,0.08846700191497803,60917.21696759993
338,2460917.70125,281.2191209,11.5577564,2,18.246400833129883,0.053612999618053436,60917.201249999925
339,2460914.7077778,281.2191267,11.5577613,2,18.108200073242188,0.06687500327825546,60914.20777780004
340,2460914.7059028,281.2191176,11.557745,2,18.107999801635742,0.05968499928712845,60914.205902799964
341,2460910.764375,281.2191028,11.5577433,2,18.022600173950195,0.041478998959064484,60910.264374999795
342,2460910.7624884,281.219128,11.5577399,2,18.180299758911133,0.0638279989361763,60910.2624884001
345,2460908.7111111,281.2191116,11.557748,2,17.943099975585938,0.04213099926710129,60908.211111099925
347,2460903.6721875,281.2191315,11.5577473,2,17.803686141967773,0.04733319580554962,60903.17218750017
348,2460903.6721875,281.2191315,11.5577473,2,17.803699493408203,0.0473329983651638,60903.17218750017
349,2460901.8057407,281.2191077,11.5577343,2,17.69499969482422,0.036052998155355453,60901.3057407001
350,2460901.8057407,281.2191077,11.5577343,2,17.69499969482422,0.036052998155355453,60901.3057407001
351,2460898.7170949,281.2191174,11.5577667,2,17.578943252563477,0.05529331415891647,60898.21709490009
352,2460898.7170949,281.2191174,11.5577667,2,17.578899383544922,0.0552930012345314,60898.21709490009
354,2460896.7278009,281.2191218,11.5577714,2,17.481199264526367,0.05869700014591217,60896.22780090012
356,2460894.7116319,281.2191128,11.5577604,2,17.43277931213379,0.04993369057774544,60894.211631900165
357,2460894.7116319,281.2191128,11.5577604,2,17.43280029296875,0.04993399977684021,60894.211631900165
359,2460891.8301042,281.2191227,11.5577295,2,17.476871490478516,0.067547507584095,60891.33010420017
360,2460891.8301042,281.2191227,11.5577295,2,17.476900100708008,0.0675479993224144,60891.33010420017
362,2460890.6790162,281.2191484,11.5577457,2,17.285200119018555,0.05686900019645691,60890.179016199894
363,2460889.7520718,281.2191142,11.557726,2,17.403400421142578,0.033886998891830444,60889.252071800176
365,2460888.7779861,281.2191131,11.5577461,2,17.30419921875,0.04454699903726578,60888.27798609994
366,2460888.7779861,281.2191131,11.5577461,2,17.30419921875,0.04454699903726578,60888.27798609994
367,2460888.7779861,281.2191131,11.5577461,2,17.30419921875,0.04454699903726578,60888.27798609994
369,2460887.7608796,281.2191198,11.5577503,2,17.267499923706055,0.04952700063586235,60887.260879599955
371,2460886.717037,281.2191193,11.5577397,2,17.233600616455078,0.03773999959230423,60886.21703700023
373,2460885.7192824,281.2191247,11.5577384,2,17.266000747680664,0.057124000042676926,60885.21928239986
374,2460884.7657292,281.219117,11.5577519,2,17.184200286865234,0.038649000227451324,60884.265729200095
376,2460883.7977894,281.2191039,11.5577325,1,20.136899948120117,0.1855349987745285,60883.29778939998
377,2460883.7977894,281.2191039,11.5577325,1,20.136899948120117,0.1855349987745285,60883.29778939998
378,2460883.7977894,281.2191039,11.5577325,1,20.136899948120117,0.1855349987745285,60883.29778939998
379,2460882.7653935,281.2191313,11.5577404,2,17.126497268676758,0.039747074246406555,60882.265393500216
382,2460881.7551968,281.2191259,11.5577239,2,17.135700225830078,0.0399399995803833,60881.25519679999
383,2460880.7675694,281.2191199,11.5577462,2,17.064359664916992,0.03347828611731529,60880.267569399904
384,2460880.7675694,281.2191199,11.5577462,2,17.06439971923828,0.03347799926996231,60880.267569399904
386,2460878.8481944,281.21901,11.5577452,1,20.144271850585938,0.2036323845386505,60878.34819439985
388,2460878.7571412,281.2191229,11.5577511,2,17.003299713134766,0.040706001222133636,60878.257141199894
389,2460877.7981713,281.2191284,11.5577354,2,17.006635665893555,0.028617318719625473,60877.298171299975
391,2460876.7565278,281.2191331,11.5577466,2,16.942100524902344,0.035124000161886215,60876.25652780011
392,2460876.7190162,281.2191104,11.5577215,1,19.997499465942383,0.1819089949131012,60876.21901619993
393,2460875.782037,281.2191316,11.5577517,1,19.89109992980957,0.151868999004364,60875.28203700017
394,2460873.789456,281.2191205,11.5577558,2,16.81290054321289,0.04627100005745888,60873.289456000086
395,2460873.7338426,281.2190603,11.557726,1,19.944499969482422,0.22791500389575958,60873.23384260014
396,2460871.7911574,281.2191295,11.5577414,2,16.774499893188477,0.034869998693466187,60871.29115739977
397,2460871.7383333,281.2191124,11.5578056,1,19.742300033569336,0.21236099302768707,60871.23833330022
398,2460870.7891551,281.2191266,11.5577513,2,16.788000106811523,0.04284900054335594,60870.28915510001
400,2460869.8026042,281.2191248,11.5577425,2,16.7367000579834,0.03878600150346756,60869.30260419985
401,2460869.6919676,281.2191056,11.5577082,1,19.688800811767578,0.15511299669742584,60869.191967600025
402,2460869.6919676,281.2191056,11.5577082,1,19.688800811767578,0.15511299669742584,60869.191967600025
403,2460868.7865509,281.2191216,11.5577466,2,16.78660011291504,0.0495540015399456,60868.28655089997
405,2460867.778912,281.2191283,11.5577467,2,16.683300018310547,0.037877000868320465,60867.27891199989
406,2460867.7178241,281.2190865,11.5577679,1,19.49850082397461,0.26844000816345215,60867.21782410005
407,2460866.8145139,281.2191184,11.5577548,2,16.70240020751953,0.05751499906182289,60866.31451389985
409,2460865.8215741,281.2191235,11.557747,2,16.636699676513672,0.03339599817991257,60865.32157409983
410,2460865.7536227,281.2190712,11.5577099,1,19.276599884033203,0.22923900187015533,60865.253622699995
411,2460864.9306019,281.2190777,11.5577633,1,19.573299407958984,0.17263400554656982,60864.43060189998
412,2460864.8017477,281.2191318,11.557747,2,16.636999130249023,0.0346359983086586,60864.3017477002
413,2460863.8128819,281.2191183,11.5577538,2,16.595600128173828,0.03438299894332886,60863.3128819
414,2460863.7520486,281.2190894,11.5577585,1,19.521499633789062,0.21575699746608734,60863.2520486
415,2460862.9129282,281.2190926,11.5577207,1,19.372400283813477,0.1307940036058426,60862.41292819986
416,2460862.8454051,281.2191226,11.5577465,2,16.707300186157227,0.040157999843358994,60862.34540509991
418,2460861.8181366,281.2191252,11.5577592,2,16.50909996032715,0.042238999158144,60861.318136599846
419,2460859.9051157,281.2191122,11.5577415,2,16.513599395751953,0.036605000495910645,60859.40511569986
420,2460859.8541088,281.2191293,11.5577433,1,19.35260009765625,0.09733200073242188,60859.35410880018
421,2460859.8115046,281.2191362,11.5577594,2,16.450899124145508,0.047784000635147095,60859.311504600104
422,2460857.8467824,281.219126,11.5577354,2,16.528688430786133,0.054439276456832886,60857.34678239981
423,2460857.8467824,281.219126,11.5577354,2,16.52869987487793,0.0544390007853508,60857.34678239981
425,2460857.8448958,281.2191287,11.557742,2,16.444976806640625,0.02343430183827877,60857.34489580011
426,2460857.8448958,281.2191287,11.557742,2,16.44499969482422,0.023434000089764595,60857.34489580011
428,2460857.829294,281.2191222,11.5577283,1,19.276399612426758,0.12287700176239014,60857.32929399982
429,2460857.829294,281.2191222,11.5577283,1,19.276399612426758,0.12287700176239014,60857.32929399982
431,2460857.8126389,281.2190592,11.5577327,1,19.294300079345703,0.1106489971280098,60857.31263889978
432,2460857.8126389,281.2190592,11.5577327,1,19.294300079345703,0.1106489971280098,60857.31263889978
436,2460855.8381713,281.219123,11.5577365,2,16.422800064086914,0.02958199940621853,60855.33817130001
437,2460855.8010764,281.2190973,11.557729,1,19.248600006103516,0.15488499402999878,60855.301076400094
438,2460853.8385995,281.2191314,11.5577431,2,16.300121307373047,0.04181987792253494,60853.33859949978
439,2460853.8385995,281.2191314,11.5577431,2,16.300100326538086,0.04182000085711479,60853.33859949978
440,2460853.8371759,281.2191244,11.5577466,2,16.357458114624023,0.02958686463534832,60853.33717590012
441,2460853.8371759,281.2191244,11.5577466,2,16.357500076293945,0.029587000608444214,60853.33717590012
442,2460853.7989583,281.219112,11.5577264,1,19.159700393676758,0.09478899836540222,60853.29895830015
443,2460853.7989583,281.219112,11.5577264,1,19.159700393676758,0.09478899836540222,60853.29895830015
444,2460853.797037,281.2190871,11.5577308,1,19.20199966430664,0.10349199920892715,60853.29703699984
445,2460853.797037,281.2190871,11.5577308,1,19.20199966430664,0.10349199920892715,60853.29703699984
446,2460851.8375694,281.2191261,11.5577455,2,16.250364303588867,0.030347436666488647,60851.3375694002
447,2460851.8375694,281.2191263,11.5577462,2,16.240400314331055,0.036400001496076584,60851.3375694002
448,2460851.7963889,281.2191312,11.5577411,2,16.219499588012695,0.029481999576091766,60851.29638889991
449,2460849.8182292,281.2191057,11.5577527,1,19.027700424194336,0.09787300229072571,60849.31822919985
450,2460849.7940972,281.2191312,11.5577581,2,16.191200256347656,0.025348000228405,60849.294097200036
451,2460847.8743403,281.2190698,11.5577212,1,18.979848861694336,0.09702177345752716,60847.37434029998
453,2460847.8733912,281.2191442,11.557708,1,19.0856990814209,0.10165800154209137,60847.37339119986
455,2460847.8226273,281.2191294,11.5577369,2,16.148099899291992,0.03967199847102165,60847.32262729993
457,2460847.8197801,281.219135,11.5577478,2,16.122699737548828,0.03172999992966652,60847.31978010014
459,2460845.8369329,281.2191222,11.5577244,1,18.856800079345703,0.07638700306415558,60845.336932899896
460,2460845.7967593,281.2191302,11.5577554,2,16.114599227905273,0.030905000865459442,60845.296759299934
461,2460845.7668519,281.2190998,11.5577338,1,18.821500778198242,0.08990900218486786,60845.266851900145
462,2460843.7914005,281.2190963,11.5577073,1,18.702899932861328,0.08384600281715393,60843.29140050011
463,2460843.7909259,281.2191629,11.557725,1,18.84149932861328,0.08552200347185135,60843.290925899986
464,2460843.7573727,281.2191412,11.5577428,2,16.037799835205078,0.03370000049471855,60843.25737270014
465,2460843.7569097,281.2191421,11.5577393,2,16.023300170898438,0.0250489991158247,60843.25690970011
466,2460840.8557176,281.219121,11.5577474,2,15.955499649047852,0.0374629981815815,60840.35571759986
467,2460840.8359259,281.2191217,11.5577406,2,15.936400413513184,0.021997999399900436,60840.33592589991
468,2460840.7621875,281.2191271,11.5577368,1,18.58049964904785,0.09934400022029877,60840.26218750002
469,2460840.7427546,281.2191137,11.5577233,1,18.611000061035156,0.07721800357103348,60840.24275460001
470,2460838.9215394,281.2191474,11.5577963,1,18.650400161743164,0.15776699781417847,60838.42153939977
471,2460838.9210764,281.2190791,11.5577559,1,18.704099655151367,0.11663000285625458,60838.421076400205
472,2460838.8974769,281.2191267,11.5577438,2,15.90719985961914,0.03617599979043007,60838.3974768999
473,2460838.8846296,281.2191196,11.5577388,2,15.864999771118164,0.0345270000398159,60838.384629600216
474,2460836.9331019,281.2191007,11.5577597,1,18.645999908447266,0.13280600309371948,60836.43310189992
475,2460836.9326273,281.2191059,11.5577526,1,18.572200775146484,0.11202999949455261,60836.4326272998
476,2460836.9162616,281.2191259,11.5577251,2,15.852700233459473,0.036056000739336014,60836.416261599865
477,2460834.9450579,281.2191201,11.5577426,2,15.833399772644043,0.0308229997754097,60834.44505790016
479,2460834.9232292,281.2191213,11.5577373,1,18.529199600219727,0.06714300066232681,60834.423229199834
480,2460834.8390509,281.2191272,11.557748,2,15.789999961853027,0.022165000438690186,60834.33905090019
481,2460832.9369329,281.2191297,11.5577494,2,15.75730037689209,0.026924999430775642,60832.43693289999
482,2460832.9147801,281.2190825,11.5577341,1,18.396900177001953,0.05107999965548515,60832.414780099876
483,2460832.9138426,281.2191215,11.557707,1,18.43589973449707,0.06869799643754959,60832.41384259984
484,2460830.9024074,281.2191384,11.5577311,1,18.365800857543945,0.05961500108242035,60830.402407399844
485,2460830.9024074,281.2191384,11.5577311,1,18.365800857543945,0.05961500108242035,60830.402407399844
486,2460830.9014699,281.2191039,11.5577277,1,18.30419921875,0.059165000915527344,60830.40146989981
487,2460830.9014699,281.2191039,11.5577277,1,18.30419921875,0.059165000915527344,60830.40146989981
488,2460830.8649537,281.219121,11.557739,2,15.70009994506836,0.03344700112938881,60830.36495369999
489,2460830.8649537,281.219121,11.557739,2,15.70009994506836,0.03344700112938881,60830.36495369999
490,2460830.8640046,281.2191203,11.5577402,2,15.675000190734863,0.02752700075507164,60830.36400459986
491,2460830.8640046,281.2191203,11.5577402,2,15.675000190734863,0.02752700075507164,60830.36400459986
492,2460826.9159375,281.2190875,11.557727,1,18.172500610351562,0.06121499836444855,60826.415937500075
493,2460826.9159375,281.2190875,11.557727,1,18.172500610351562,0.06121499836444855,60826.415937500075
494,2460826.915463,281.2191249,11.5577315,1,18.15489959716797,0.05877399817109108,60826.41546300007
495,2460826.8875347,281.2191286,11.5577367,2,15.59589958190918,0.02112100087106228,60826.38753469987
496,2460826.8875347,281.2191286,11.5577367,2,15.59589958190918,0.02112100087106228,60826.38753469987
497,2460826.8851736,281.219133,11.5577331,2,15.654800415039062,0.030810000374913216,60826.38517360017
498,2460826.8851736,281.219133,11.5577331,2,15.654800415039062,0.030810000374913216,60826.38517360017
499,2460823.8167477,281.2191122,11.5577286,1,18.09869956970215,0.0396369993686676,60823.316747699864
500,2460821.8491088,281.2191421,11.5577289,2,15.467499732971191,0.01897300034761429,60821.349108799826
501,2460821.8491088,281.2191421,11.5577289,2,15.467499732971191,0.01897300034761429,60821.349108799826
502,2460821.8486343,281.2191376,11.5577448,2,15.513899803161621,0.034846000373363495,60821.34863429982
503,2460821.8178356,281.2191367,11.5577271,1,17.986000061035156,0.04975700005888939,60821.317835600115
504,2460821.7943634,281.2191044,11.5577206,1,17.957799911499023,0.06073499843478203,60821.29436339997
505,2460819.9350926,281.2191408,11.5577403,1,17.979999542236328,0.050383999943733215,60819.43509260006
506,2460819.9350926,281.2191408,11.5577403,1,17.979999542236328,0.050383999943733215,60819.43509260006
507,2460819.9214005,281.2190995,11.5577352,1,17.949600219726562,0.04388299956917763,60819.421400499996
508,2460819.9000347,281.2191301,11.5577341,2,15.352100372314453,0.05560600012540817,60819.400034700055
509,2460817.8978009,281.2191238,11.5577357,2,15.423299789428711,0.026902999728918076,60817.39780090004
510,2460817.8896528,281.2191301,11.5577328,2,15.366600036621094,0.01999500021338463,60817.389652799815
511,2460817.8587847,281.219123,11.5577384,1,17.878999710083008,0.04286300018429756,60817.35878469981
512,2460815.9567824,281.2191159,11.5577417,2,15.341699600219727,0.018704000860452652,60815.45678240014
513,2460815.9558333,281.2191247,11.5577364,2,15.366700172424316,0.02311900071799755,60815.45583330002
514,2460810.9585648,281.2191176,11.5577443,2,15.206600189208984,0.019259000197052956,60810.45856480021
515,2460810.9576273,281.2191197,11.5577337,2,15.223400115966797,0.025418000295758247,60810.45762730017
516,2460806.9418866,281.2190454,11.5577583,1,17.190200805664062,0.2643739879131317,60806.44188660011
517,2460806.940463,281.2191019,11.5577847,1,17.536300659179688,0.12060300260782242,60806.44046299998
518,2460806.8634954,281.2190958,11.5577625,2,15.098299980163574,0.11154700070619583,60806.363495400175
520,2460804.982963,281.2191299,11.5577443,2,15.097999572753906,0.020184999331831932,60804.48296299996
521,2460804.9815394,281.2191273,11.5577437,2,15.11769962310791,0.025992000475525856,60804.48153939983
522,2460804.9614699,281.2191123,11.557738,1,17.443500518798828,0.05581299960613251,60804.46146989986
523,2460804.9605324,281.2191217,11.5577311,1,17.48069953918457,0.034772999584674835,60804.460532399826
524,2460802.9637384,281.2191339,11.5577413,2,15.045900344848633,0.03280099853873253,60802.46373840002
525,2460802.9623148,281.2191213,11.5577372,2,15.062999725341797,0.029208999127149582,60802.462314799894
526,2460802.9456597,281.2191352,11.5577293,1,17.454700469970703,0.03355399891734123,60802.44565969985
527,2460797.9608218,281.2191171,11.5577313,1,17.296499252319336,0.04062199965119362,60797.460821799934
528,2460797.9603472,281.2191281,11.5577308,1,17.309499740600586,0.039246998727321625,60797.46034719981
529,2460797.9216204,281.2191293,11.5577476,2,14.996500015258789,0.02757900021970272,60797.42162040016
530,2460797.9021759,281.2191431,11.5577357,2,14.95359992980957,0.023197999224066734,60797.40217590006
531,2460795.8367593,281.2191774,11.5577275,1,17.151500701904297,0.05626000091433525,60795.33675929997
532,2460794.9804745,281.2191167,11.5577253,1,17.20800018310547,0.03300299867987633,60794.480474499986
534,2460789.9594213,281.2191231,11.5577272,1,17.157899856567383,0.038408998399972916,60789.45942129986
535,2460789.9221296,281.2191376,11.5577423,2,14.82289981842041,0.02979400008916855,60789.42212959984
536,2460789.0073958,281.2191283,11.5577438,1,17.15760040283203,0.04383699968457222,60788.5073958002
537,2460789.0073958,281.2191283,11.5577438,1,17.15760040283203,0.04383699968457222,60788.5073958002
538,2460787.9747338,281.2191326,11.5577437,2,14.811800003051758,0.029286999255418777,60787.47473380016
539,2460787.9509954,281.2191275,11.5577304,1,17.07699966430664,0.03735499829053879,60787.45099540008
540,2460786.9689931,281.2191232,11.5577416,1,17.065900802612305,0.037620000541210175,60786.46899309987
541,2460785.9623958,281.2191254,11.55773,1,17.04990005493164,0.04312700033187866,60785.46239579981
542,2460785.9266088,281.2191283,11.5577424,2,14.807000160217285,0.022577999159693718,60785.42660879996
543,2460777.0057639,281.219127,11.5577403,1,17.011199951171875,0.054733000695705414,60776.5057639
544,2460776.9569097,281.2191302,11.5577362,2,14.729700088500977,0.022047000005841255,60776.45690969983
545,2460775.9735648,281.2191376,11.5577386,1,16.986099243164062,0.038033999502658844,60775.473564799875
546,2460775.9586343,281.2191353,11.5577348,2,14.759499549865723,0.03855299949645996,60775.45863430016
547,2460774.9468981,281.2191333,11.5577435,1,16.958200454711914,0.05162400007247925,60774.446898099966
548,2460773.8798148,281.2191526,11.5577354,2,14.7298002243042,0.023300999775528908,60773.379814799875
550,2460772.9546759,281.2191371,11.5577389,1,16.9512996673584,0.04645499959588051,60772.45467589982
551,2460771.9848148,281.2191396,11.5577278,1,16.99720001220703,0.036302998661994934,60771.48481479986
552,2460765.0051736,281.2191236,11.5577328,1,16.922800064086914,0.04898799955844879,60764.50517359981
553,2460764.9667593,281.2191376,11.5577401,2,14.662799835205078,0.034890998154878616,60764.46675929986
554,2460762.0041782,281.2191364,11.557752,1,16.906099319458008,0.08058100193738937,60761.50417819992
555,2460761.9718403,281.2191312,11.5577419,2,14.706299781799316,0.03803800046443939,60761.47184030013
556,2460760.0037963,281.2191309,11.5577327,1,16.868600845336914,0.0589199997484684,60759.50379629992
557,2460759.0039352,281.219142,11.5577337,2,14.718700408935547,0.027079999446868896,60758.50393520016
558,2460758.9724884,281.2191381,11.5577273,1,16.855199813842773,0.045465998351573944,60758.47248840006
559,2460758.0030671,281.2191379,11.5577477,2,14.680399894714355,0.03578000143170357,60757.503067099955
560,2460757.9403125,281.2191427,11.5577204,1,16.80900001525879,0.05768800154328346,60757.44031250011
561,2460756.0353588,281.2191308,11.5577394,2,14.739899635314941,0.028338000178337097,60755.53535880009
562,2460755.9657407,281.2191569,11.557738,1,16.860000610351562,0.03345600143074989,60755.46574069979
563,2460755.012581,281.219122,11.557736,1,16.86829948425293,0.034286998212337494,60754.512581000105
564,2460754.9833796,281.2191364,11.5577382,2,14.662699699401855,0.031498998403549194,60754.483379600104
566,2460751.979375,281.2191131,11.5577586,1,16.799100875854492,0.0917000025510788,60751.47937500011
567,2460751.0071065,281.2191463,11.5577304,1,16.82229995727539,0.036706000566482544,60750.50710650021
568,2460750.9989236,281.2191402,11.5577373,2,14.712599754333496,0.03289499878883362,60750.498923600186
569,2460744.997037,281.2191452,11.5577284,1,16.798799514770508,0.042114000767469406,60744.49703700002
570,2460744.9542477,281.2191425,11.5577165,2,14.668899536132812,0.02944899909198284,60744.45424770005
571,2460740.027662,281.2191461,11.55773,1,16.839000701904297,0.03421200066804886,60739.52766200015
572,2460740.0271991,281.2191325,11.5577423,1,16.83139991760254,0.05170400068163872,60739.52719909977
573,2460739.9850116,281.2191458,11.557726,2,14.599900245666504,0.02978000044822693,60739.48501159996
574,2460733.0113889,281.2191403,11.5577333,2,14.736300468444824,0.02662700042128563,60732.511388900224
575,2460732.9956366,281.2191847,11.5576994,1,16.86240005493164,0.048767998814582825,60732.49563660007
576,2460732.0386227,281.219135,11.5577394,2,14.738699913024902,0.025181999430060387,60731.53862270014
577,2460731.9893519,281.2191605,11.5577184,1,16.798799514770508,0.04879000037908554,60731.48935189983
578,2460730.0621875,281.2191354,11.5577222,1,16.82469940185547,0.04503199830651283,60729.56218749983
579,2460730.0195949,281.2191627,11.5577351,2,14.713800430297852,0.026348000392317772,60729.519594899844
580,2460728.020162,281.2191231,11.5577223,2,14.739999771118164,0.02371799945831299,60727.520161999855
581,2460728.0196875,281.2191645,11.5577329,2,14.781299591064453,0.024972999468445778,60727.51968749985
582,2460726.0430556,281.2191465,11.5577256,1,16.90570068359375,0.03646399825811386,60725.54305560002
584,2460726.0124537,281.2191572,11.5577225,2,14.770099639892578,0.025770999491214752,60725.51245369995
585,2460725.9926852,281.2191071,11.5577591,2,14.741100311279297,0.031032999977469444,60725.49268520018
586,2460724.0439583,281.2191372,11.5577321,2,14.727299690246582,0.03177599981427193,60723.54395829979
588,2460722.0071181,281.2191313,11.5577124,2,14.724599838256836,0.022915000095963478,60721.507118099835
589,2460710.061169,281.2191582,11.5577418,2,15.71724796295166,0.03266271948814392,60709.56116899988
593,2460709.0643981,281.2191652,11.5577146,2,15.840399742126465,0.02889700047671795,60708.564398100134
594,2460709.0599769,281.2191781,11.5577189,2,15.815600395202637,0.04027099907398224,60708.5599769
595,2460709.0565162,281.2191822,11.5577093,2,15.788800239562988,0.04271300137042999,60708.55651619984
596,2460709.0565162,281.2191822,11.5577093,2,15.788800239562988,0.04271300137042999,60708.55651619984
597,2460708.0652778,281.2191843,11.557728,2,15.899100303649902,0.030440999194979668,60707.565277799964
598,2460708.0652778,281.2191843,11.557728,2,15.899100303649902,0.030440999194979668,60707.565277799964
599,2460708.0607986,281.2191676,11.5577276,2,15.842900276184082,0.04331099987030029,60707.56079859985
600,2460708.0607986,281.2191676,11.5577276,2,15.842900276184082,0.04331099987030029,60707.56079859985
601,2460708.0573495,281.2192013,11.5577165,2,15.88070011138916,0.036816999316215515,60707.55734949978
602,2460707.0673032,281.2191753,11.5577269,2,15.87909984588623,0.03204299882054329,60706.56730319979
603,2460707.063206,281.2191581,11.5577325,2,15.769100189208984,0.04893700033426285,60706.56320599979
604,2460707.0590856,281.219215,11.5577308,2,15.800600051879883,0.057718001306056976,60706.55908560008
605,2460706.0664468,281.2191641,11.5577228,2,15.091400146484375,0.03221699967980385,60705.566446799785
606,2460706.0645255,281.2191472,11.5577191,2,15.078800201416016,0.032882001250982285,60705.56452549994
607,2460706.0625694,281.219154,11.5577178,2,15.129400253295898,0.024302000179886818,60705.56256939983
608,2460706.0600579,281.219161,11.557715,2,15.10260009765625,0.028077999129891396,60705.560057899915
609,2460706.0586343,281.2191559,11.5577256,2,15.133700370788574,0.024886999279260635,60705.558634299785
610,2460706.0567014,281.2191352,11.5577322,2,15.116000175476074,0.025134999305009842,60705.55670139985
611,2460700.0713889,281.2191575,11.557724,2,15.167200088500977,0.02944600023329258,60699.571388899814
612,2460700.0709259,281.2191598,11.5577086,2,15.137900352478027,0.03179100155830383,60699.57092589978
613,2460700.0704514,281.2191461,11.5577298,2,15.180999755859375,0.03026599995791912,60699.57045139978
616,2460700.0601736,281.2191987,11.5577012,2,15.13860034942627,0.02137799933552742,60699.56017359998
617,2460696.0787269,281.2191879,11.5576626,2,15.19320011138916,0.03144200146198273,60695.57872689981
621,2460695.0740162,281.219166,11.5577446,2,15.991900444030762,0.03806300088763237,60694.57401619991
622,2460695.0735417,281.2192108,11.5577125,2,15.963399887084961,0.047988999634981155,60694.57354169991
623,2460695.0735417,281.2192108,11.5577125,2,15.963399887084961,0.047988999634981155,60694.57354169991
625,2460695.0730671,281.2192007,11.5576966,2,15.982399940490723,0.04916299879550934,60694.57306709979
626,2460695.0730671,281.2192007,11.5576966,2,15.982399940490723,0.04916299879550934,60694.57306709979
628,2460694.0764236,281.2191542,11.5576884,2,16.12540054321289,0.04459099844098091,60693.57642359985
629,2460693.0777199,281.2191635,11.5577098,2,16.05109977722168,0.04786200076341629,60692.577719899826
630,2460693.0772454,281.2191447,11.5577219,2,16.165199279785156,0.04128500074148178,60692.57724539982
631,2460693.0767824,281.2191732,11.5577147,2,16.122499465942383,0.046133000403642654,60692.57678239979
632,2460692.0718287,281.21916,11.5577308,2,15.218899726867676,0.030129000544548035,60691.57182870014
633,2460692.0713542,281.2191862,11.5577029,2,15.209199905395508,0.02590000070631504,60691.57135420013
634,2460692.0692824,281.2191242,11.5577253,2,15.195799827575684,0.023994000628590584,60691.569282399956
635,2460691.0754745,281.2192094,11.5576387,2,15.248100280761719,0.031922999769449234,60690.57547450019
636,2460691.075,281.2191649,11.5576475,2,15.226099967956543,0.026357000693678856,60690.575000000186
637,2460691.0745255,281.2190565,11.557656,2,15.286100387573242,0.0302520003169775,60690.57452550018
638,2460637.6139931,281.21907,11.5577553,2,18.702739715576172,0.10527289658784866,60637.11399309989
671,2460451.881169,281.2191368,11.557772,2,19.227869033813477,0.13652603328227997,60451.381169000175
675,2460449.8798727,281.2191757,11.5577568,2,19.136199951171875,0.15963099896907806,60449.3798727002
677,2460445.8407755,281.2191604,11.5577379,2,19.08489990234375,0.10969000309705734,60445.34077550005
680,2460443.8711111,281.2191344,11.5577499,2,19.069599151611328,0.08612699806690216,60443.371111100074
683,2460441.9241782,281.2191505,11.5577198,2,18.835500717163086,0.09324699640274048,60441.42417819984
684,2460441.9199306,281.2191211,11.5577522,2,18.909400939941406,0.10022299736738205,60441.419930600096
687,2460439.9168403,281.2191175,11.5576973,2,18.803600311279297,0.07510600239038467,60439.416840299964
690,2460437.8927546,281.2191376,11.5577513,2,18.794200897216797,0.07912900298833847,60437.39275459992
691,2460436.975081,281.2191188,11.5577461,2,18.806900024414062,0.1070839986205101,60436.47508100001
693,2460433.9390509,281.2191286,11.5577289,2,18.771900177001953,0.07342000305652618,60433.43905089982
696,2460430.8956713,281.219127,11.5577469,2,18.473400115966797,0.05042500048875809,60430.395671300124
697,2460428.9615625,281.2191414,11.5577224,2,18.4242000579834,0.08314300328493118,60428.46156249987
700,2460423.957662,281.219127,11.5577564,2,18.264299392700195,0.08050499856472015,60423.457661999855
702,2460422.9058102,281.2191345,11.557742,2,18.18440055847168,0.08602699637413025,60422.40581020014
705,2460420.9122685,281.2191497,11.5577353,2,18.194900512695312,0.06259399652481079,60420.412268499844
706,2460420.911794,281.2191456,11.5577406,2,18.146099090576172,0.0642549991607666,60420.41179399984
709,2460417.8844329,281.2191652,11.5577141,2,18.03580093383789,0.08238700032234192,60417.38443290023
710,2460417.8839699,281.2191337,11.557736,2,18.05229949951172,0.06930900365114212,60417.3839699002
711,2460408.9481597,281.2191442,11.5577409,2,17.729049682617188,0.05340849235653877,60408.448159699794
712,2460408.9481597,281.2191442,11.5577409,2,17.729000091552734,0.053408000618219376,60408.448159699794
714,2460404.9884028,281.2191386,11.5577403,2,17.640371322631836,0.04061001166701317,60404.48840280017
715,2460404.9884028,281.2191386,11.5577403,2,17.640399932861328,0.04061000049114227,60404.48840280017
716,2460404.9759606,281.2191371,11.5577303,2,17.612499237060547,0.03820500150322914,60404.47596060019
718,2460398.9688889,281.2191198,11.5577257,2,17.422000885009766,0.053718000650405884,60398.46888889978
719,2460398.9679514,281.2191406,11.5577283,2,17.41160011291504,0.05110200121998787,60398.467951400205
720,2460396.9847569,281.2191649,11.5577352,2,17.3262996673584,0.07361999899148941,60396.4847569
721,2460396.9847569,281.2191649,11.5577352,2,17.3262996673584,0.07361999899148941,60396.4847569
722,2460396.984294,281.2191394,11.5577334,2,17.377199172973633,0.04304400086402893,60396.48429400008
726,2460391.9778125,281.2191477,11.5577394,2,17.195899963378906,0.06420599669218063,60391.477812500205
727,2460391.977338,281.2191488,11.5577511,2,17.200199127197266,0.04057899862527847,60391.4773380002
728,2460391.977338,281.2191488,11.5577511,2,17.200199127197266,0.04057899862527847,60391.4773380002
729,2460390.0176273,281.2191421,11.5577354,2,17.17169952392578,0.05248299986124039,60389.51762730023
730,2460390.0176273,281.2191421,11.5577354,2,17.17169952392578,0.05248299986124039,60389.51762730023
731,2460390.0171528,281.2191408,11.5577308,2,17.176300048828125,0.038159001618623734,60389.517152800225
734,2460388.0167708,281.2191431,11.5577369,2,17.04330062866211,0.06660600006580353,60387.51677080011
735,2460387.9989236,281.219155,11.5577118,2,17.06432342529297,0.046816643327474594,60387.498923600186
739,2460369.0370139,281.219147,11.5577352,2,16.521699905395508,0.04037800058722496,60368.5370139
740,2460369.0365394,281.219134,11.5577297,2,16.53339958190918,0.04695099964737892,60368.5365394
743,2460357.0406366,281.2191414,11.5577408,2,16.220699310302734,0.038290999829769135,60356.540636599995
744,2460357.0105903,281.2191464,11.5576943,1,18.888999938964844,0.11477500200271606,60356.510590299964
745,2460356.0499074,281.2191483,11.5577296,2,16.178600311279297,0.035436000674963,60355.54990739981
746,2460356.0494329,281.2191486,11.5577399,2,16.19300079345703,0.029245000332593918,60355.5494328998
747,2460356.0489583,281.2191582,11.5577321,2,16.196199417114258,0.035023000091314316,60355.54895830015
748,2460355.0506944,281.2191389,11.5577318,2,16.151899337768555,0.03580600023269653,60354.55069439998
749,2460355.0502199,281.2191409,11.5577369,2,16.172000885009766,0.03661699965596199,60354.550219899975
750,2460355.0497569,281.2191412,11.5577285,2,16.158599853515625,0.029868999496102333,60354.54975689994
751,2460355.0083333,281.219146,11.557692,1,18.846200942993164,0.12450599670410156,60354.508333299775
752,2460353.0348495,281.2191091,11.5576964,1,18.767000198364258,0.15801900625228882,60352.53484949982
753,2460328.0775,281.2191188,11.5576891,2,15.410599708557129,0.032444000244140625,60327.57750000013
754,2460328.0750926,281.219141,11.5577042,2,15.420599937438965,0.01845500059425831,60327.57509260019
755,2460328.0726736,281.2191617,11.5577175,2,15.397000312805176,0.02516300044953823,60327.57267360017
756,2460328.0702546,281.2191581,11.5577266,2,15.380000114440918,0.026071999222040176,60327.57025460014
757,2460328.0678472,281.2191233,11.5577156,2,15.472042083740234,0.02323261648416519,60327.567847200204
759,2460262.663206,281.2190851,11.5577198,1,16.9724178314209,0.04546583071351051,60262.16320599988
760,2460260.6449074,281.2190928,11.5577133,1,16.960399627685547,0.05340399965643883,60260.14490740001
761,2460260.6416204,281.2190756,11.5577024,1,16.994300842285156,0.04522499814629555,60260.141620399896
762,2460260.6128704,281.2191125,11.5577278,2,14.814399719238281,0.024800000712275505,60260.11287039984
763,2460258.6427083,281.2191283,11.5576943,1,16.963300704956055,0.04444900155067444,60258.14270830015
764,2460258.6417593,281.2190883,11.5577067,1,16.921899795532227,0.06223300099372864,60258.14175930014
765,2460255.6320833,281.2191142,11.5577364,2,14.848600387573242,0.025659000501036644,60255.132083300035
766,2460255.6311458,281.2191121,11.5577384,2,14.916299819946289,0.03706600144505501,60255.1311458
767,2460255.6125116,281.2191015,11.5577312,1,17.000099182128906,0.03742299973964691,60255.1125115999
768,2460255.612037,281.2191112,11.5577356,1,17.01219940185547,0.04054199904203415,60255.11203699978
769,2460253.6303009,281.2191083,11.5577275,2,14.830300331115723,0.033378999680280685,60253.13030089997
770,2460253.629838,281.2191123,11.5577213,2,14.918399810791016,0.035085998475551605,60253.12983800005
771,2460253.6128819,281.2191098,11.5577327,1,17.04450035095215,0.047040000557899475,60253.11288189981
772,2460251.6646528,281.2191218,11.5577227,2,14.969001770019531,0.031234893947839737,60251.16465280019
774,2460251.6641782,281.2191079,11.5577317,2,14.856300354003906,0.028548000380396843,60251.164178200066
775,2460251.6337384,281.2191059,11.5577256,1,17.079599380493164,0.051552001386880875,60251.13373839995
776,2460249.6821296,281.2191058,11.5576928,2,14.94260025024414,0.021851999685168266,60249.182129600085
777,2460249.6547222,281.2191166,11.557733,2,15.000699996948242,0.026593999937176704,60249.154722199775
779,2460249.6227083,281.2190925,11.5577346,1,17.14590072631836,0.04567600041627884,60249.12270830013
780,2460249.6222338,281.2191063,11.557715,1,17.154600143432617,0.046209000051021576,60249.122233800124
781,2460247.6743403,281.2191092,11.5576227,1,17.3262996673584,0.1413940042257309,60247.174340299796
782,2460245.6546875,281.2191078,11.5577365,2,15.017800331115723,0.021045999601483345,60245.15468750009
783,2460245.65375,281.2191154,11.5577405,2,15.067500114440918,0.037004999816417694,60245.153750000056
784,2460245.6307523,281.2191197,11.5577073,1,17.257999420166016,0.04612100124359131,60245.13075229991
785,2460245.6162847,281.2191133,11.5577365,1,17.239999771118164,0.06435800343751907,60245.11628470011
786,2460242.6497917,281.2190971,11.5577313,1,17.292800903320312,0.05730900168418884,60242.149791699834
787,2460242.6493287,281.219099,11.5577262,1,17.34309959411621,0.05688200145959854,60242.1493286998
788,2460242.6170023,281.2191235,11.5577422,2,15.116100311279297,0.01911499910056591,60242.11700229999
789,2460242.6165394,281.2191152,11.5577322,2,15.152700424194336,0.031523000448942184,60242.11653940007
790,2460242.6165394,281.2191152,11.5577322,2,15.152700424194336,0.031523000448942184,60242.11653940007
791,2460239.6504745,281.2191126,11.5577387,1,17.492399215698242,0.05212000012397766,60239.15047449991
792,2460239.65,281.2191076,11.5577413,1,17.466999053955078,0.05787799879908562,60239.14999999991
793,2460239.6208681,281.219115,11.5577358,2,15.259499549865723,0.04299499839544296,60239.12086809985
794,2460239.6208681,281.219115,11.5577358,2,15.259499549865723,0.04299499839544296,60239.12086809985
795,2460239.6204051,281.21912,11.5577403,2,15.199799537658691,0.026048000901937485,60239.12040509982
796,2460237.6816551,281.2191122,11.5577436,2,15.261300086975098,0.021710999310016632,60237.18165510008
797,2460237.6501736,281.2191043,11.5577375,2,15.292900085449219,0.05787200108170509,60237.15017359983
798,2460237.6300579,281.2190897,11.5577402,1,17.53529930114746,0.05925099924206734,60237.13005790021
799,2460237.6295833,281.2191136,11.557737,1,17.616100311279297,0.05754699930548668,60237.12958330009
800,2460235.6666319,281.2190826,11.5577347,1,17.666799545288086,0.04927000030875206,60235.166631899774
801,2460235.6542708,281.2191103,11.5577346,1,17.654699325561523,0.06216900050640106,60235.15427079983
802,2460235.6311111,281.2191249,11.5577283,2,15.39169979095459,0.036288999021053314,60235.13111109985
803,2460233.6414583,281.2191223,11.5577435,2,15.499968528747559,0.037401288747787476,60233.14145829994
805,2460233.6409838,281.219115,11.557739,2,15.40310001373291,0.020840000361204147,60233.14098379994
806,2460233.6208681,281.2190753,11.5577219,1,17.75189971923828,0.06096300110220909,60233.12086809985
807,2460233.6203935,281.2190943,11.5577408,1,17.75779914855957,0.06058400124311447,60233.1203935002
808,2460231.7221759,281.2190775,11.5577205,1,17.832500457763672,0.07733599841594696,60231.22217589989
809,2460231.7075231,281.2191,11.5577252,1,17.829500198364258,0.0729369968175888,60231.20752310008
810,2460231.6445139,281.2191121,11.5577457,2,15.5423002243042,0.04926599934697151,60231.144513899926
811,2460231.6440509,281.2191177,11.5577456,2,15.440099716186523,0.03207100182771683,60231.14405089989
812,2460227.7066204,281.2191221,11.5577598,1,18.045299530029297,0.08416800200939178,60227.20662039984
813,2460227.7032407,281.2190879,11.5577458,1,18.065000534057617,0.07649199664592743,60227.203240700066
814,2460227.6528588,281.2191197,11.557749,2,15.604399681091309,0.030199000611901283,60227.15285879979
815,2460227.6514236,281.2191173,11.5577404,2,15.673299789428711,0.04235000163316727,60227.15142360004
816,2460224.6716667,281.219119,11.5577377,2,15.766599655151367,0.03882800042629242,60224.17166669993
817,2460223.6734028,281.2191186,11.5577357,2,15.676799774169922,0.03392999991774559,60223.173402800225
818,2460223.6435764,281.2190946,11.5577387,1,18.226200103759766,0.06333199888467789,60223.14357639989
820,2460222.6912153,281.2190884,11.5577102,1,18.325599670410156,0.08138199895620346,60222.1912153
821,2460222.6285532,281.219123,11.557713,2,15.789400100708008,0.03249400109052658,60222.12855320005
822,2460222.6285532,281.219123,11.557713,2,15.789400100708008,0.03249400109052658,60222.12855320005
823,2460220.7146296,281.2191281,11.5577496,1,18.40220069885254,0.09680099785327911,60220.214629599825
824,2460220.6925347,281.2191437,11.5577157,1,18.38479995727539,0.1035270020365715,60220.192534700036
825,2460216.7009722,281.2190933,11.5577566,1,18.543500900268555,0.11574000120162964,60216.200972199906
826,2460216.6943634,281.2190787,11.55771,1,18.473800659179688,0.09952999651432037,60216.194363399874
827,2460216.6375463,281.2191242,11.5577216,2,15.896400451660156,0.03394800052046776,60216.13754629996
828,2460216.6328125,281.2191097,11.5577407,2,15.997400283813477,0.054023999720811844,60216.1328125
829,2460214.6958102,281.2191086,11.5577429,2,15.956399917602539,0.03710100054740906,60214.19581020018
830,2460214.6871181,281.2191163,11.5577294,2,16.06679916381836,0.04411900043487549,60214.1871181
831,2460214.6871181,281.2191163,11.5577294,2,16.06679916381836,0.04411900043487549,60214.1871181
832,2460214.6332986,281.2191184,11.5577457,1,18.587400436401367,0.10676500201225281,60214.13329860009
833,2460214.6318866,281.2190986,11.5577313,1,18.56089973449707,0.10103300213813782,60214.13188660005
834,2460212.7582292,281.2191166,11.5577355,2,16.07427978515625,0.03861396759748459,60212.2582291998
835,2460212.7582292,281.2191166,11.5577355,2,16.07430076599121,0.038614001125097275,60212.2582291998
836,2460212.7457292,281.2190642,11.5577745,1,18.55500030517578,0.12166500091552734,60212.245729200076
837,2460212.7457292,281.2190642,11.5577745,1,18.55500030517578,0.12166500091552734,60212.245729200076
838,2460212.71125,281.2190913,11.5577198,1,18.71030044555664,0.12396600097417831,60212.21125000017
839,2460209.7021528,281.2191266,11.5577378,2,16.109439849853516,0.041117649525403976,60209.202152799815
840,2460209.7021528,281.2191266,11.5577378,2,16.109399795532227,0.04111799970269203,60209.202152799815
841,2460209.6728935,281.2191188,11.5577385,2,16.109100341796875,0.03376400098204613,60209.172893499956
842,2460209.6728935,281.2191188,11.5577385,2,16.109100341796875,0.03376400098204613,60209.172893499956
843,2460209.6670949,281.2191172,11.5576823,1,18.80389976501465,0.11904300004243851,60209.16709489981
844,2460209.6670949,281.2191172,11.5576823,1,18.80389976501465,0.11904300004243851,60209.16709489981
845,2460209.6507292,281.2190943,11.5577486,1,18.776500701904297,0.11168800294399261,60209.15072919987
846,2460207.6663657,281.2191215,11.5577439,2,16.439899444580078,0.048330001533031464,60207.16636569984
847,2460207.6659028,281.2191212,11.5577393,2,16.249000549316406,0.03170600160956383,60207.16590279993
848,2460205.6931019,281.2191209,11.5577454,2,16.36400032043457,0.04081600159406662,60205.193101900164
849,2460203.7077546,281.2191208,11.557733,2,16.729799270629883,0.0405299998819828,60203.20775459986
850,2460203.7072801,281.2191208,11.5577494,2,16.50670051574707,0.037331998348236084,60203.20728009986
851,2460203.6739699,281.2190728,11.557738,1,19.321399688720703,0.10906899720430374,60203.17396989977
852,2460201.6951968,281.219093,11.5577387,1,19.534425735473633,0.15607905387878418,60201.195196799934
853,2460201.6951968,281.219093,11.5577387,1,19.534400939941406,0.1560789942741394,60201.195196799934
854,2460201.6951968,281.219093,11.5577387,1,19.534400939941406,0.1560789942741394,60201.195196799934
856,2460198.7136111,281.2190975,11.5577661,1,20.047500610351562,0.2214680016040802,60198.21361109987
857,2460198.6843519,281.21912,11.5577466,2,17.11910057067871,0.0652799978852272,60198.18435190013
858,2460198.6829398,281.219119,11.5577391,2,17.012500762939453,0.04503500089049339,60198.18293979997
859,2460195.7139583,281.2191158,11.5577366,2,17.38356590270996,0.057722970843315125,60195.213958300184
860,2460195.7139583,281.2191158,11.5577366,2,17.38360023498535,0.05772300064563751,60195.213958300184
863,2460193.7903819,281.2191006,11.557746,2,17.614500045776367,0.0364920012652874,60193.290381900035
864,2460193.7664815,281.2191122,11.5577233,2,17.850000381469727,0.06334500014781952,60193.26648150012
867,2460191.652037,281.2191163,11.5577509,2,17.9330997467041,0.048347000032663345,60191.15203699982
868,2460191.6510995,281.219138,11.5577392,2,17.95479965209961,0.05843999981880188,60191.15109949978
869,2460187.6965278,281.2191445,11.5576893,2,18.537099838256836,0.11080600321292877,60187.19652780006
870,2460187.6951157,281.2191408,11.5577178,2,18.578500747680664,0.07873500138521194,60187.1951156999
873,2460185.6932986,281.2191325,11.5576953,2,18.815000534057617,0.08618699759244919,60185.19329860015
876,2460183.7578241,281.2191242,11.5576926,2,19.16550064086914,0.11726900190114975,60183.25782410009
879,2460183.690625,281.2191374,11.5577172,2,19.09600067138672,0.10018700361251831,60183.190624999814
911,2459997.0077083,281.2191434,11.5577731,2,18.8513240814209,0.0885905921459198,59996.507708299905
913,2459995.0184838,281.2191902,11.5576745,2,18.733299255371094,0.10656800121068954,59994.51848379988
914,2459994.055787,281.2191542,11.557684,2,18.662099838256836,0.08368200063705444,59993.555786999874
915,2459994.0532176,281.2191507,11.5577154,2,18.696699142456055,0.07406099885702133,59993.5532176001
916,2459994.0506481,281.2191665,11.5577408,2,18.684999465942383,0.10170000046491623,59993.55064810021
917,2459994.0480903,281.2191792,11.5577214,2,18.71489906311035,0.0946199968457222,59993.54809030006
918,2459994.0455324,281.2191612,11.5577391,2,18.823699951171875,0.12299399822950363,59993.54553239979
919,2459988.0598958,281.2191716,11.5576726,2,18.506900787353516,0.09762100130319595,59987.55989579996
920,2459988.0573611,281.2191377,11.5577339,2,18.55109977722168,0.13613800704479218,59987.55736109987
921,2459988.0548264,281.2191831,11.557718,2,18.5487003326416,0.10570699721574783,59987.55482639978
922,2459988.0523032,281.2191573,11.5577556,2,18.45669937133789,0.09777600318193436,59987.55230320012
923,2459988.0497685,281.2191939,11.557746,2,18.55470085144043,0.1278579980134964,59987.54976850003
924,2459985.0562037,281.219151,11.5577413,2,18.48069953918457,0.16969400644302368,59984.55620370014
925,2459985.0537037,281.2191472,11.5577343,2,18.54199981689453,0.11382599920034409,59984.55370370019
926,2459985.0512153,281.219187,11.5577453,2,18.484699249267578,0.11530700325965881,59984.55121529987
927,2459985.0487269,281.2190948,11.5577727,2,18.5132999420166,0.12193600088357925,59984.548726900015
928,2459985.0462384,281.2192597,11.5576969,2,18.431400299072266,0.14908500015735626,59984.54623840004
929,2459980.0598611,281.2191246,11.5577369,2,18.212900161743164,0.09134399890899658,59979.55986109981
930,2459980.0573495,281.2191871,11.5577317,2,18.15920066833496,0.08192700147628784,59979.55734949978
931,2459980.054838,281.2191647,11.5577341,2,18.2322998046875,0.08649899810552597,59979.554837999865
932,2459980.0523264,281.2191784,11.5577178,2,18.186399459838867,0.09594599902629852,59979.55232639983
933,2459980.0498264,281.2191454,11.5576903,2,18.222200393676758,0.11578600108623505,59979.54982639989
934,2459978.0724653,281.2191419,11.5577049,2,18.216299057006836,0.08107300102710724,59977.572465300094
935,2459978.0700347,281.2191555,11.5577183,2,18.276599884033203,0.07261999696493149,59977.57003469998
936,2459978.0675926,281.2191752,11.5577323,2,18.159700393676758,0.07630100101232529,59977.567592599895
937,2459978.0651505,281.2191511,11.5577102,2,18.18470001220703,0.07994399964809418,59977.56515049981
938,2459978.0627199,281.2191772,11.5577253,2,18.2268009185791,0.08198300004005432,59977.56271990016
939,2459978.0617708,281.2191668,11.5577296,2,18.190799713134766,0.0807270035147667,59977.561770800035
940,2459978.0591898,281.219159,11.5577424,2,18.176599502563477,0.07571999728679657,59977.55918980017
941,2459978.0566088,281.2191559,11.5577174,2,18.129899978637695,0.07488399744033813,59977.556608799845
942,2459978.0540394,281.2191633,11.55773,2,18.31209945678711,0.09408599883317947,59977.55403940007
943,2459978.0514583,281.2191159,11.5576774,2,18.219100952148438,0.06975699961185455,59977.55145830009
944,2459973.0734259,281.2191854,11.5577204,2,17.944299697875977,0.0959710031747818,59972.57342590019
945,2459973.0710532,281.2191976,11.5577235,2,18.029300689697266,0.05491099879145622,59972.571053199936
946,2459973.0686921,281.2191458,11.5577512,2,18.03459930419922,0.08189299702644348,59972.56869209977
947,2459973.0663194,281.2192141,11.5576943,2,18.007400512695312,0.09063500165939331,59972.56631939998
948,2459973.0639583,281.2191885,11.5577226,2,18.04680061340332,0.09452600032091141,59972.56395829981
949,2459972.0758218,281.2191644,11.5576777,2,18.100400924682617,0.15519499778747559,59971.57582180016
950,2459972.0734259,281.2191571,11.5576964,2,17.994199752807617,0.09327500313520432,59971.57342590019
951,2459972.0710301,281.2191742,11.5577129,2,18.006200790405273,0.11712999641895294,59971.571030099876
952,2459972.0686458,281.2192268,11.5577345,2,17.922000885009766,0.101951003074646,59971.5686458
953,2459972.06625,281.2192259,11.5576356,2,17.923999786376953,0.11885300278663635,59971.56625000015
954,2459970.075081,281.2191671,11.5576932,2,17.819000244140625,0.08263000100851059,59969.575081000105
955,2459970.0726157,281.2191681,11.5577051,2,17.90369987487793,0.0768750011920929,59969.57261569984
956,2459970.0701505,281.2191602,11.5577066,2,17.948200225830078,0.04647500067949295,59969.57015050016
957,2459970.0676968,281.2191623,11.5577058,2,17.951900482177734,0.05140300095081329,59969.56769679999
958,2459970.0652431,281.2191569,11.5577193,2,17.90049934387207,0.07528799772262573,59969.565243099816
959,2459969.0762963,281.2192235,11.5576587,2,17.88640022277832,0.11953199654817581,59968.57629630016
960,2459969.0739352,281.2191448,11.5577596,2,18.007299423217773,0.10497699677944183,59968.573935199995
961,2459969.0715625,281.2191859,11.5576671,2,17.75309944152832,0.08419600129127502,59968.571562500205
962,2459969.0691898,281.2191881,11.5576803,2,17.94300079345703,0.09007100015878677,59968.56918979995
963,2459969.0668171,281.2191366,11.5576887,2,17.946300506591797,0.10545899718999863,59968.56681710016
964,2459905.6032523,281.2190726,11.5577041,1,18.856433868408203,0.15412595868110657,59905.10325230006
965,2459903.6437847,281.2190881,11.5577005,2,16.050600051879883,0.04645200073719025,59903.14378469996
967,2459899.6392824,281.2190829,11.5576788,1,18.65530014038086,0.1901639997959137,59899.13928239979
968,2459899.6387963,281.2190418,11.5576167,1,18.62619972229004,0.24454399943351746,59899.13879630016
969,2459899.6150231,281.2191135,11.5577236,2,16.0221004486084,0.035819001495838165,59899.11502309982
970,2459899.6027662,281.2191136,11.5577207,2,16.049100875854492,0.026652000844478607,59899.10276619997
971,2459896.6488426,281.219046,11.5576807,1,18.597400665283203,0.10628999769687653,59896.148842600174
972,2459896.6093403,281.2191081,11.5577274,2,15.961199760437012,0.03365299850702286,59896.10934029985
973,2459896.6038889,281.2191038,11.5577378,2,15.93970012664795,0.02844199910759926,59896.10388890002
975,2459894.6442708,281.2190919,11.5576961,2,15.889800071716309,0.027938000857830048,59894.144270800054
977,2459889.632037,281.2190965,11.5577376,2,15.781599998474121,0.03366699814796448,59889.1320369998
978,2459889.6154398,281.219089,11.5577157,1,18.341299057006836,0.09916199743747711,59889.11543980008
980,2459887.6626852,281.2190439,11.5577281,1,18.27280044555664,0.11375600099563599,59887.162685200106
982,2459883.6541319,281.2190998,11.5577265,1,18.167699813842773,0.08214099705219269,59883.15413190005
983,2459881.6833796,281.2191067,11.557727,2,15.631400108337402,0.0292930006980896,59881.183379599825
984,2459881.6829051,281.2191113,11.5576995,2,15.618800163269043,0.02238300070166588,59881.18290509982
985,2459881.6158681,281.2190851,11.5577244,1,18.065500259399414,0.06919199973344803,59881.115868099965
986,2459881.6153935,281.2191084,11.557732,1,18.0762996673584,0.05640900135040283,59881.115393499844
987,2459879.6629977,281.219098,11.5577171,1,17.929000854492188,0.0663359984755516,59879.16299769981
988,2459879.6620602,281.2190968,11.5577007,1,17.998699188232422,0.08768100291490555,59879.16206019977
989,2459879.6134606,281.2191178,11.5577288,2,15.564399719238281,0.019003000110387802,59879.11346059991
990,2459879.6125231,281.2191194,11.5577346,2,15.597900390625,0.039570000022649765,59879.11252309987
991,2459877.7059028,281.2190754,11.5577293,1,17.9158992767334,0.08230499923229218,59877.205902799964
992,2459877.6131134,281.2191144,11.5577378,2,15.506199836730957,0.040442999452352524,59877.11311340006
993,2459877.6126505,281.2191197,11.5577328,2,15.58080005645752,0.03863300010561943,59877.112650500145
994,2459874.6713773,281.2191154,11.5577243,1,17.839599609375,0.06270500272512436,59874.17137729982
995,2459873.6407407,281.2190991,11.557735,2,15.443900108337402,0.027154000476002693,59873.140740700066
996,2459872.6127083,281.219116,11.5577349,2,15.433199882507324,0.032315000891685486,59872.11270829989
997,2459871.6632986,281.2191106,11.5577387,2,15.34160041809082,0.02468400076031685,59871.16329859989
998,2459870.6179514,281.2191223,11.557731,1,17.75480079650879,0.04970100149512291,59870.11795140011
999,2459867.6528009,281.2191173,11.5577455,2,15.247400283813477,0.021025000140070915,59867.15280089993
1000,2459867.6203472,281.2190957,11.5577322,1,17.586999893188477,0.0440480001270771,59867.12034719996
1001,2459866.6432986,281.2191104,11.5577357,1,17.53860092163086,0.04830700159072876,59866.14329859987
1002,2459865.6708912,281.219093,11.5577392,1,17.44339942932129,0.06848099827766418,59865.17089120019
1003,2459865.6227894,281.2191201,11.5577343,2,15.208600044250488,0.02762800082564354,59865.122789400164
1004,2459864.6291319,281.2191066,11.5577434,1,17.420799255371094,0.060467999428510666,59864.12913190015
1005,2459862.6629977,281.2191098,11.5577422,1,17.372499465942383,0.05076799914240837,59862.16299769981
1006,2459862.6625347,281.2190929,11.5577416,1,17.342300415039062,0.0662280023097992,59862.162534699775
1007,2459862.6419676,281.2191198,11.5577415,2,15.148300170898438,0.023475000634789467,59862.14196760021
1008,2459862.6215625,281.2191156,11.5577343,2,15.120599746704102,0.03391199931502342,59862.12156250002
1009,2459860.7461111,281.2190898,11.5577276,1,17.202600479125977,0.05978599935770035,59860.246111100074
1010,2459860.6593519,281.2191152,11.5577439,2,15.063199996948242,0.031005000695586205,59860.15935190022
1011,2459859.7141204,281.2190972,11.5577327,2,15.099699974060059,0.04692300036549568,59859.21412040014
1012,2459859.6748958,281.2191097,11.5577438,1,17.226299285888672,0.05434500053524971,59859.174895800184
1013,2459858.6833449,281.2191132,11.5577417,2,14.977100372314453,0.031043000519275665,59858.18334490014
1014,2459858.6603704,281.2191115,11.5577452,1,17.20549964904785,0.05508499965071678,59858.160370400175
1015,2459857.7333681,281.2190771,11.5577283,1,17.147600173950195,0.05306699872016907,59857.23336810013
1016,2459857.6934144,281.2191179,11.5577298,2,15.105299949645996,0.0404679998755455,59857.193414399866
1018,2459855.7128125,281.2191177,11.5577334,1,17.078699111938477,0.036386001855134964,59855.212812500075
1019,2459855.6521991,281.2191133,11.5577487,2,14.923700332641602,0.03935199975967407,59855.15219909977
1020,2459853.6913079,281.2191202,11.5577326,2,14.827899932861328,0.041425999253988266,59853.19130790001
1021,2459850.6562037,281.2191081,11.5577387,1,16.86440086364746,0.03863300010561943,59850.15620370023
1022,2459850.6538542,281.2191212,11.5577332,1,16.911300659179688,0.03612999990582466,59850.15385420015
1023,2459850.6419213,281.2191227,11.5577429,2,14.93120002746582,0.037723999470472336,59850.141921299975
1024,2459848.7047338,281.2191088,11.5577376,2,14.944000244140625,0.03278300166130066,59848.20473380014
1025,2459848.6731713,281.2191056,11.5577345,2,14.701299667358398,0.03030100092291832,59848.173171299975
1026,2459846.72375,281.2191059,11.5577294,1,16.815500259399414,0.05119499936699867,59846.22374999989
1027,2459846.6714699,281.2191025,11.5577274,1,16.712600708007812,0.04040899872779846,59846.171469899826
1028,2459846.6542014,281.2191265,11.5577349,2,14.779000282287598,0.046539001166820526,59846.1542014
1029,2459846.6334954,281.2191271,11.5577457,2,14.65530014038086,0.02573399990797043,59846.133495400194
1030,2459844.7288889,281.2191135,11.5577348,1,16.67770004272461,0.03861000016331673,59844.22888890002
1031,2459844.6699884,281.2191123,11.5577284,1,16.641799926757812,0.0409029982984066,59844.16998839984
1032,2459844.663669,281.2191156,11.5577414,2,14.680999755859375,0.053252000361680984,59844.163668999914
1033,2459842.7033333,281.2191216,11.5577237,2,14.689000129699707,0.04065899923443794,59842.20333330007
1034,2459842.6712963,281.2191206,11.5577445,2,14.529800415039062,0.04408999904990196,59842.1712962999
1035,2459842.6511111,281.219122,11.5577376,1,16.61370086669922,0.0345660001039505,59842.15111109987
1036,2459830.6865856,281.2191281,11.5577366,1,16.174800872802734,0.031230999156832695,59830.18658560002
1037,2459830.6701852,281.2191062,11.5577427,1,16.14419937133789,0.042782001197338104,59830.17018519994
1038,2459828.7616204,281.2191224,11.5577476,2,14.381199836730957,0.04889899864792824,59828.26162040001
1039,2459828.7104398,281.2191122,11.5577325,1,16.10610008239746,0.0330669991672039,59828.21043979982
1040,2459826.6983218,281.2191296,11.5577375,1,16.074600219726562,0.033695001155138016,59826.19832180021
1041,2459826.6973727,281.2191168,11.5577343,1,16.06279945373535,0.03381599858403206,59826.19737270009
1042,2459826.6714352,281.2191259,11.557731,2,14.132200241088867,0.02839599922299385,59826.17143520014
1043,2459826.6522801,281.219125,11.5577487,2,14.099599838256836,0.035162001848220825,59826.152280100156
1044,2459824.7004167,281.2191178,11.5577323,1,16.037799835205078,0.03246000036597252,59824.20041669998
1045,2459824.6853009,281.2191208,11.5577356,2,14.202199935913086,0.05418400093913078,59824.185300900135
1046,2459824.6834144,281.2191291,11.5577428,2,14.072600364685059,0.027286000549793243,59824.18341440009
1048,2459822.6730093,281.2191224,11.5577459,1,15.984700202941895,0.03532800078392029,59822.17300930014
1049,2459820.6732639,281.2191257,11.5577246,1,15.951800346374512,0.02983899973332882,59820.17326389998
1050,2459820.6723148,281.2191381,11.5577157,1,15.932999610900879,0.034540001302957535,59820.17231479986
1051,2459818.7648495,281.2191219,11.5577363,2,13.923800468444824,0.03443700075149536,59818.2648494998
1052,2459818.6945255,281.2191125,11.5577321,1,15.84749984741211,0.034602999687194824,59818.19452549983
1053,2459816.6728819,281.2191248,11.5577313,2,13.956199645996094,0.02943499945104122,59816.17288189987
1054,2459816.6714583,281.2191203,11.5577373,2,13.922300338745117,0.029516000300645828,59816.1714583002
1055,2459814.7489352,281.2191279,11.5577235,2,14.041899681091309,0.03799699991941452,59814.24893519981
1056,2459814.7296991,281.2191223,11.5577413,2,13.878100395202637,0.0315140001475811,59814.2296990999
1057,2459812.6940509,281.219118,11.5577428,2,13.961199760437012,0.03006099909543991,59812.19405090017
1058,2459809.7535185,281.2191281,11.5577428,2,13.90369987487793,0.0345270000398159,59809.2535184999
1059,2459809.6758681,281.2191301,11.557747,2,13.844799995422363,0.03200199827551842,59809.17586810002
1060,2459807.8114236,281.2191234,11.5577338,2,14.04539966583252,0.05074800178408623,59807.311423600186
1061,2459807.7802662,281.2191161,11.5577371,2,13.84000015258789,0.02693299949169159,59807.28026620019
1062,2459807.7457407,281.2191124,11.5577395,1,15.695300102233887,0.0341930016875267,59807.24574070005
1063,2459807.7443171,281.2191146,11.5577532,1,15.696200370788574,0.03137800097465515,59807.24431709992
1065,2459805.7349769,281.2191128,11.5577558,1,15.582099914550781,0.022439999505877495,59805.23497689981
1066,2459805.6949306,281.2191336,11.5577373,2,13.967100143432617,0.04329200088977814,59805.1949306
1068,2459802.7982755,281.2191056,11.557748,1,15.619500160217285,0.04033700004220009,59802.29827550007
1070,2459801.7023843,281.2191261,11.5577253,2,13.89799976348877,0.028099000453948975,59801.202384300064
1071,2459799.7136111,281.2191182,11.5577333,2,13.83240032196045,0.02841999940574169,59799.21361109987
1072,2459797.8190046,281.2191306,11.5577497,2,13.90149974822998,0.032611001282930374,59797.319004599936
1073,2459794.7739699,281.2191269,11.5577326,2,14.01509952545166,0.029387999325990677,59794.27396989986
1074,2459794.770081,281.2191245,11.5577468,2,13.941399574279785,0.026226000860333443,59794.27008099994
1075,2459791.7115625,281.2191368,11.557751,2,14.028800010681152,0.02794799953699112,59791.21156249987
1076,2459789.7538194,281.2191182,11.5577326,2,14.08899974822998,0.02659899927675724,59789.25381939998
1077,2459787.7993866,281.2191237,11.557737,2,14.142399787902832,0.029267000034451485,59787.29938660003
1078,2459787.7984375,281.2191201,11.5577438,2,14.209600448608398,0.03657599911093712,59787.29843749991
1079,2459785.8107292,281.219125,11.5577333,2,14.381799697875977,0.05203400179743767,59785.31072920002
1080,2459783.8611227,281.219122,11.5577373,2,14.292699813842773,0.022794000804424286,59783.36112269992
1081,2459783.8601736,281.2191206,11.5577339,2,14.420999526977539,0.028105000033974648,59783.360173599795
1082,2459781.8515162,281.2191165,11.5577507,1,16.20039939880371,0.03336299955844879,59781.35151620023
1083,2459781.8491551,281.2191026,11.5577331,1,16.207399368286133,0.03441600129008293,59781.34915510006
1084,2459781.7918634,281.2191181,11.5577359,1,16.203500747680664,0.04413200169801712,59781.29186340002
1085,2459779.7942824,281.2191224,11.557749,2,14.403499603271484,0.027080999687314034,59779.29428240005
1086,2459779.7938079,281.2191213,11.5577406,2,14.462900161743164,0.03233100101351738,59779.293807900045
1087,2459779.7760417,281.2191291,11.5577476,2,14.439599990844727,0.035714998841285706,59779.27604170004
1088,2459779.7528588,281.2191342,11.5577415,2,14.412400245666504,0.027495000511407852,59779.25285879988
1089,2459776.8502546,281.219137,11.5577509,2,14.6496000289917,0.04768500104546547,59776.350254599936
1090,2459776.8330093,281.2191191,11.557743,2,14.492899894714355,0.03411500155925751,59776.33300929982
1091,2459776.7681829,281.2191239,11.5577602,2,14.497699737548828,0.02994699962437153,59776.2681828998
1092,2459776.7672222,281.2191383,11.5577369,2,14.602800369262695,0.034828998148441315,59776.267222200055
1093,2459774.8886921,281.2191341,11.5577287,2,14.643099784851074,0.04978499934077263,59774.38869210007
1094,2459774.8882176,281.2191161,11.5577376,2,14.54010009765625,0.02148899994790554,59774.38821760006
1095,2459774.816713,281.2191397,11.557738,2,14.562800407409668,0.03671799972653389,59774.31671300018
1096,2459774.7945139,281.2191175,11.5577399,2,14.565099716186523,0.025713000446558,59774.29451389983
1097,2459772.899838,281.2191086,11.5577439,2,14.606399536132812,0.028067000210285187,59772.39983800007
1098,2459772.8993634,281.2191147,11.5577369,2,14.669899940490723,0.05070900171995163,59772.39936339995
1099,2459772.8384491,281.2191276,11.5577432,2,14.700400352478027,0.0428289994597435,59772.33844910003
1100,2459772.793588,281.2191269,11.5577397,2,14.6141996383667,0.027210000902414322,59772.293587999884
1101,2459770.8604861,281.2191079,11.5577332,1,16.57379913330078,0.045235998928546906,59770.36048609996
1102,2459770.8600116,281.2191185,11.5577431,1,16.61680030822754,0.03323199972510338,59770.36001159996
1103,2459770.7949537,281.2191175,11.5577357,1,16.588699340820312,0.03829599916934967,59770.294953700155
1104,2459770.7940162,281.2191224,11.5577513,1,16.6210994720459,0.0456710010766983,59770.29401620012
1105,2459768.862419,281.2191114,11.5577354,1,16.722900390625,0.03742799907922745,59768.362418999895
1106,2459768.840162,281.2191283,11.557732,1,16.73240089416504,0.02865999937057495,59768.34016200015
1107,2459765.837662,281.2191194,11.5577366,2,15.120599746704102,0.03926499933004379,59765.33766200021
1108,2459765.8171412,281.2191314,11.5577368,2,14.968000411987305,0.020999999716877937,59765.31714119995
1109,2459763.8899421,281.2191216,11.5577367,1,17.158100128173828,0.04191200062632561,59763.389942099806
1110,2459763.8574306,281.2191135,11.557734,1,17.159799575805664,0.048820000141859055,59763.357430600096
1111,2459763.8265278,281.2191259,11.5577371,2,15.111300468444824,0.029377000406384468,59763.326527799945
1112,2459763.8255903,281.21913,11.5577342,2,15.215100288391113,0.0357309989631176,59763.32559029991
1113,2459761.837419,281.2191275,11.5577316,2,15.325699806213379,0.02821500040590763,59761.33741899999
1114,2459761.8154282,281.2191243,11.5577402,1,17.397499084472656,0.06400299817323685,59761.31542820018
1115,2459759.8709144,281.2191304,11.5577512,1,17.624099731445312,0.04710099846124649,59759.37091440009
1116,2459759.8176273,281.2191273,11.5577398,2,15.525799751281738,0.02552100084722042,59759.31762730004
1117,2459759.8166898,281.2191295,11.5577515,2,15.49489974975586,0.031633999198675156,59759.316689800005
1118,2459757.8365509,281.2190928,11.5577388,1,17.898399353027344,0.05627699941396713,59757.33655089978
1119,2459755.895081,281.2191317,11.5577342,1,18.189800262451172,0.06362099945545197,59755.39508099994
1120,2459755.8941319,281.2190967,11.5577324,1,18.19300079345703,0.062153998762369156,59755.39413189981
1121,2459755.8379861,281.2191277,11.5577436,2,15.934700012207031,0.03537699952721596,59755.3379861
1122,2459755.8375116,281.2191314,11.557736,2,15.879300117492676,0.03555599972605705,59755.337511599995
1123,2459752.8159722,281.2190936,11.5577401,1,18.667299270629883,0.1004749983549118,59752.31597220013
1124,2459750.8368519,281.2191232,11.5577345,2,16.457700729370117,0.03603700175881386,59750.33685189998
1125,2459750.8359028,281.2191159,11.5577177,2,16.419099807739258,0.02900799922645092,59750.33590279985
1126,2459750.8328819,281.219113,11.5577514,1,18.976699829101562,0.11368300020694733,59750.332881900016
1127,2459748.8379745,281.2191289,11.5577367,2,16.68630027770996,0.044787000864744186,59748.33797449991
1128,2459748.8370255,281.2191274,11.5577389,2,16.595399856567383,0.03962799906730652,59748.3370254999
1129,2459748.7753819,281.2191603,11.5577481,1,19.443099975585938,0.15764999389648438,59748.275381899904
1130,2459748.7749074,281.2190624,11.557693,1,19.30739974975586,0.12521499395370483,59748.2749073999
1133,2459743.8204861,281.2191412,11.5577444,2,17.2632999420166,0.049991998821496964,59743.320486099925
1134,2459743.8200116,281.2191175,11.557754,2,17.19860076904297,0.04495599865913391,59743.32001159992
1136,2459741.8384838,281.2191397,11.5577453,2,17.494600296020508,0.059349000453948975,59741.33848380018
1137,2459741.8365509,281.2191246,11.5577468,2,17.486600875854492,0.05136699974536896,59741.33655089978
1138,2459739.9242245,281.2191095,11.5577445,2,17.70319938659668,0.04443899914622307,59739.42422450008
1142,2459737.8104977,281.2191225,11.5577517,2,17.98979949951172,0.050673000514507294,59737.31049769977
1143,2459735.8791435,281.2191057,11.5577359,2,18.34819984436035,0.046525999903678894,59735.37914349977
1144,2459733.8520255,281.2191536,11.557746,2,18.451799392700195,0.07761500030755997,59733.35202550003
1145,2459733.8397222,281.2191216,11.55774,2,18.46419906616211,0.06386300176382065,59733.33972219983
1147,2459731.9218866,281.2191341,11.5577285,2,18.68910026550293,0.061622001230716705,59731.42188660009
1150,2459731.8753009,281.2191117,11.5577404,2,18.76729965209961,0.0793749988079071,59731.37530090008
1153,2459727.8952546,281.2191006,11.5577237,2,19.089599609375,0.09554299712181091,59727.39525459986
1154,2459727.8933565,281.2191114,11.5577189,2,19.078699111938477,0.11297000199556351,59727.39335650019
1155,2459725.9140972,281.2190906,11.5577613,2,19.394800186157227,0.10311300307512283,59725.41409720015
1160,2459723.8510069,281.2191368,11.5577304,2,19.628700256347656,0.12415000051259995,59723.35100689996
1199,2459529.6323958,281.2190681,11.557728,2,18.97365951538086,0.15695099532604218,59529.1323958002
1200,2459529.6286343,281.2191155,11.5577384,2,19.089399337768555,0.16646000742912292,59529.12863430008
1203,2459527.6118171,281.2190596,11.5577267,2,18.89889907836914,0.09011899679899216,59527.111817100085
1204,2459527.6099074,281.2190869,11.5577566,2,18.962600708007812,0.11511600017547607,59527.10990739986
1205,2459525.6462847,281.2190701,11.5577407,2,18.925399780273438,0.11488799750804901,59525.146284699906
1206,2459525.6448727,281.2190549,11.557727,2,18.937400817871094,0.12047000229358673,59525.144872699864
1209,2459523.6027546,281.2191031,11.557722,2,18.904600143432617,0.11175700277090073,59523.10275459988
1210,2459523.5899421,281.2191038,11.5577571,2,18.790700912475586,0.08952099829912186,59523.08994209999
1211,2459521.6447338,281.2190799,11.5577368,2,18.70949935913086,0.07452499866485596,59521.14473380009
1212,2459521.6346759,281.2191186,11.5577345,2,18.680200576782227,0.08534800261259079,59521.134675899986
1217,2459512.6159144,281.2191029,11.5577106,2,18.400999069213867,0.04962199926376343,59512.1159144002
1218,2459512.6154398,281.219117,11.557728,2,18.40290069580078,0.06585399806499481,59512.11543980008
1225,2459504.6392014,281.2190933,11.5577799,2,18.284799575805664,0.1028909981250763,59504.13920139987
1226,2459504.616794,281.2191085,11.5577437,2,18.110300064086914,0.06295300275087357,59504.116793999914
1227,2459502.6716435,281.2190719,11.5576896,2,18.01650047302246,0.08016499876976013,59502.171643500216
1228,2459502.671169,281.2190743,11.5577247,2,18.003999710083008,0.06215599924325943,59502.17116900021
1231,2459498.6501852,281.2191087,11.5577416,2,17.95490074157715,0.051621001213788986,59498.15018519992
1233,2459497.6777894,281.2190993,11.5577506,2,17.839000701904297,0.06884600222110748,59497.177789399866
1239,2459488.6710995,281.2191124,11.5577462,2,17.650400161743164,0.04994700103998184,59488.1710994998
1240,2459487.6529398,281.2191124,11.5577392,2,17.61319923400879,0.049598999321460724,59487.15293980017
1241,2459485.6921528,281.2191068,11.5577387,2,17.5408992767334,0.03971799835562706,59485.19215280004
1242,2459485.6916898,281.2191149,11.557721,2,17.637800216674805,0.07101800292730331,59485.191689800005
1244,2459479.7342014,281.2191013,11.5577301,2,17.4950008392334,0.0494609996676445,59479.234201400075
1246,2459479.6373495,281.2191219,11.557761,2,17.34779930114746,0.05463000014424324,59479.137349499855
1247,2459477.7165741,281.2191052,11.5577377,2,17.3085994720459,0.05149200186133385,59477.216574099846
1248,2459477.6716435,281.2191175,11.5577227,2,17.30620002746582,0.0449879989027977,59477.171643500216
1254,2459473.7447338,281.2191008,11.5577441,2,17.361400604248047,0.07499799877405167,59473.24473380018
1256,2459471.6922106,281.219119,11.5577432,2,17.100799560546875,0.047373998910188675,59471.19221059978
1259,2459470.6864931,281.2191111,11.5577298,2,17.326499938964844,0.06098800152540207,59470.18649310013
1260,2459469.6879167,281.2191147,11.5577553,2,17.136199951171875,0.042757999151945114,59469.1879166998
1263,2459466.6820255,281.2191235,11.5577359,2,17.243600845336914,0.05406099930405617,59466.18202550011
1264,2459466.6815509,281.2191186,11.5577311,2,17.049999237060547,0.03449000045657158,59466.181550899986
1265,2459464.810706,281.2191123,11.557702,2,17.010400772094727,0.05383000150322914,59464.310705999844
1266,2459464.810706,281.2191123,11.557702,2,17.010400772094727,0.05383000150322914,59464.310705999844
1267,2459464.7765856,281.2190979,11.5577481,2,16.95359992980957,0.05425500124692917,59464.27658559987
1268,2459464.7765856,281.2190979,11.5577481,2,16.95359992980957,0.05425500124692917,59464.27658559987
1272,2459462.71375,281.2191118,11.5577423,2,16.92930030822754,0.030717000365257263,59462.21375000011
1273,2459462.6898958,281.2191292,11.5577238,2,16.945899963378906,0.04241200163960457,59462.18989579985
1275,2459460.7348264,281.2191099,11.5577498,2,16.864900588989258,0.040647998452186584,59460.234826399945
1276,2459460.6907639,281.2191291,11.557738,2,16.895700454711914,0.03766300156712532,59460.19076390006
1277,2459458.7116319,281.2191222,11.5577449,2,16.868900299072266,0.04746599867939949,59458.211631900165
1278,2459458.6709838,281.2191619,11.5577363,1,20.047800064086914,0.15824800729751587,59458.1709838002
1279,2459454.7900347,281.2191051,11.5577502,2,16.70709991455078,0.03250199928879738,59454.290034700185
1280,2459454.7536921,281.2191122,11.5577338,2,16.783100128173828,0.038148000836372375,59454.253692099825
1281,2459454.7266782,281.2190971,11.5577153,1,20.024599075317383,0.20002800226211548,59454.226678200066
1282,2459454.7083912,281.2190377,11.5577683,1,19.98740005493164,0.18855500221252441,59454.20839119982
1283,2459452.7913657,281.2191207,11.5577235,1,19.662900924682617,0.1944590061903,59452.29136569984
1284,2459452.7908912,281.2191465,11.557808,1,19.695999145507812,0.1967889964580536,59452.29089119984
1285,2459452.7273727,281.2191259,11.557753,2,16.658199310302734,0.0468359999358654,59452.22737269988
1286,2459450.7918287,281.2191157,11.5577243,2,16.672700881958008,0.045233000069856644,59450.291828699876
1287,2459450.7904167,281.2191088,11.5577312,2,16.53890037536621,0.03659199923276901,59450.290416699834
1290,2459448.734213,281.219121,11.5577254,2,16.594100952148438,0.04534199833869934,59448.23421300016
1291,2459448.6909606,281.2190548,11.557655,1,19.544700622558594,0.26736000180244446,59448.19096060004
1292,2459447.7294213,281.2191153,11.5577415,2,16.54669952392578,0.03317999839782715,59447.22942129988
1293,2459444.7122801,281.2191199,11.5577493,2,16.444900512695312,0.019210999831557274,59444.21228010021
1296,2459442.7794907,281.2190952,11.5577272,1,19.460899353027344,0.15051299333572388,59442.27949069999
1297,2459442.7785417,281.2191215,11.5577347,1,19.481599807739258,0.14096899330615997,59442.27854169998
1298,2459440.7584259,281.2190977,11.5577688,1,19.47170066833496,0.15001599490642548,59440.25842589978
1299,2459440.7584259,281.2190977,11.5577688,1,19.47170066833496,0.15001599490642548,59440.25842589978
1300,2459440.749294,281.2191073,11.557746,2,16.483699798583984,0.0521400012075901,59440.24929400021
1301,2459440.749294,281.2191073,11.557746,2,16.483699798583984,0.0521400012075901,59440.24929400021
1302,2459440.7483565,281.2191176,11.5577426,2,16.425500869750977,0.03495600074529648,59440.248356500175
1303,2459440.7483565,281.2191176,11.5577426,2,16.425500869750977,0.03495600074529648,59440.248356500175
1304,2459438.737419,281.2191186,11.5577606,2,16.36680030822754,0.04204000160098076,59438.237418999895
1305,2459438.7130324,281.219052,11.5577199,1,19.375099182128906,0.17991499602794647,59438.21303239977
1306,2459430.7905093,281.2190597,11.557769,1,19.29199981689453,0.14880700409412384,59430.29050929984
1307,2459430.734838,281.2191273,11.5577459,2,16.25909996032715,0.04559500142931938,59430.23483800003
1308,2459430.7320139,281.2191239,11.5577506,2,16.18090057373047,0.0347759984433651,59430.23201389983
1309,2459427.8328241,281.2191295,11.5577437,2,16.24519920349121,0.039413999766111374,59427.33282409981
1310,2459427.7906944,281.2191442,11.557721,1,19.111299514770508,0.1058180034160614,59427.2906944002
1311,2459425.8322801,281.2191378,11.5577367,2,16.11199951171875,0.023043999448418617,59425.33228009986
1312,2459425.7670949,281.2190803,11.5577393,1,19.05150032043457,0.09847400337457657,59425.2670948999
1313,2459423.8360648,281.2191223,11.5577307,1,18.970800399780273,0.14053699374198914,59423.336064800154
1314,2459423.8307986,281.2190829,11.5577658,1,18.961599349975586,0.27748799324035645,59423.33079859987
1315,2459423.7982986,281.2191432,11.5577519,2,16.087900161743164,0.04053200036287308,59423.29829860013
1318,2459419.8037847,281.2191304,11.5577485,2,15.95740032196045,0.022576000541448593,59419.30378470011
1319,2459418.7531134,281.2191277,11.5577521,2,15.972100257873535,0.03602699935436249,59418.25311340019
1320,2459417.7918634,281.2191185,11.5577664,2,15.859800338745117,0.07490800321102142,59417.29186340002
1321,2459415.8659028,281.219122,11.5577292,2,16.0177001953125,0.035089001059532166,59415.36590280011
1322,2459415.8659028,281.219122,11.5577292,2,16.0177001953125,0.035089001059532166,59415.36590280011
1323,2459415.8659028,281.219122,11.5577292,2,16.0177001953125,0.035089001059532166,59415.36590280011
1324,2459415.785,281.2190819,11.5577475,1,18.797800064086914,0.1465969979763031,59415.28500000015
1325,2459415.785,281.2190819,11.5577475,1,18.797800064086914,0.1465969979763031,59415.28500000015
1326,2459415.785,281.2190819,11.5577475,1,18.797800064086914,0.1465969979763031,59415.28500000015
1327,2459414.7968519,281.2191256,11.5577376,2,15.901200294494629,0.03397199884057045,59414.29685189994
1328,2459412.8636458,281.2191248,11.5577459,2,16.037500381469727,0.05205399915575981,59412.363645799924
1329,2459412.8188542,281.2191277,11.5577508,1,18.78179931640625,0.09341699630022049,59412.31885420019
1330,2459411.7980671,281.2190725,11.5577374,1,18.72330093383789,0.11947000026702881,59411.29806709988
1331,2459411.7539005,281.2191169,11.5577608,2,15.856800079345703,0.03480000048875809,59411.253900500014
1332,2459410.8817824,281.2191133,11.5577415,2,15.908100128173828,0.05491799861192703,59410.381782399956
1333,2459409.7970602,281.2191276,11.5577361,2,15.844099998474121,0.022577999159693718,59409.29706020001
1334,2459408.8381944,281.2191191,11.5577413,1,18.681699752807617,0.08438599854707718,59408.33819440007
1335,2459407.7971875,281.2191203,11.5577466,2,15.81779956817627,0.039124999195337296,59407.29718750017
1336,2459407.7769792,281.219081,11.5577258,1,18.641700744628906,0.08098600059747696,59407.276979200076
1337,2459406.8637963,281.2191411,11.5577311,1,18.65719985961914,0.06653600186109543,59406.36379629979
1338,2459405.8374653,281.2191295,11.5577461,2,15.811100006103516,0.02215299941599369,59405.337465300225
1339,2459404.8401389,281.2191209,11.5577378,1,18.62980079650879,0.08234299719333649,59404.340138900094
1340,2459404.8126042,281.2191182,11.5577432,2,15.853300094604492,0.04424700140953064,59404.312604200095
1341,2459403.8611806,281.2191042,11.5577466,1,18.578500747680664,0.0888260006904602,59403.36118059978
1342,2459403.8182292,281.2191235,11.5577273,2,15.77079963684082,0.02572000026702881,59403.31822919985
1343,2459402.8849537,281.2191212,11.5577302,2,15.796699523925781,0.03986100107431412,59402.384953700006
1344,2459402.8168403,281.2191301,11.5577198,1,18.649200439453125,0.07798899710178375,59402.31684029987
1345,2459401.8732407,281.2190742,11.5577375,1,18.577999114990234,0.07405000180006027,59401.37324069999
1346,2459401.8332292,281.2191235,11.5577504,2,15.752300262451172,0.03277900069952011,59401.33322919998
1347,2459400.8606481,281.2191373,11.5577279,1,18.52899932861328,0.06017100065946579,59400.3606480998
1348,2459400.837338,281.2191141,11.5577342,2,15.776300430297852,0.024423999711871147,59400.33733800007
1349,2459399.8411343,281.2191307,11.557748,2,15.723299980163574,0.03503299877047539,59399.34113429999
1350,2459397.8741088,281.2191309,11.5577428,2,15.878999710083008,0.0415630005300045,59397.3741088002
1351,2459396.8167014,281.2191248,11.5577508,2,15.694100379943848,0.030331000685691833,59396.316701400094
1352,2459396.7951389,281.2191197,11.5577394,1,18.465099334716797,0.08138599991798401,59396.29513890017
1353,2459395.790625,281.2190903,11.5577355,1,18.471500396728516,0.15852099657058716,59395.29062499991
1354,2459394.8335995,281.2191176,11.5577599,2,15.638099670410156,0.03764599934220314,59394.33359949989
1355,2459393.8844329,281.2191286,11.5577049,2,15.847399711608887,0.0561710000038147,59393.38443290023
1356,2459393.816331,281.2191271,11.557743,1,18.414899826049805,0.07239600270986557,59393.31633100007
1357,2459392.875,281.219112,11.557745,2,15.64050006866455,0.02932400070130825,59392.375
1358,2459392.7880093,281.2191188,11.5577462,1,18.32990074157715,0.09636300057172775,59392.2880092999
1359,2459391.7959028,281.2191295,11.5577413,2,15.640600204467773,0.027115000411868095,59391.295902799815
1360,2459391.7348264,281.2191693,11.5577184,1,18.34910011291504,0.10386200249195099,59391.234826399945
1361,2459390.8405093,281.2191289,11.5577464,2,15.612700462341309,0.029823999851942062,59390.34050930012
1362,2459390.7566204,281.2191042,11.5576966,1,18.286100387573242,0.11040700227022171,59390.25662040012
1363,2459387.9071759,281.2191225,11.557745,2,15.606499671936035,0.03780199959874153,59387.40717589995
1364,2459387.8365509,281.2191284,11.5577435,1,18.268400192260742,0.07768899947404861,59387.33655089978
1365,2459386.9202315,281.2191037,11.5577343,1,18.30419921875,0.07150500267744064,59386.420231500175
1366,2459385.9018171,281.2191439,11.557739,1,18.26449966430664,0.06373299658298492,59385.40181710012
1367,2459385.8795602,281.2191267,11.5577447,2,15.61139965057373,0.038791999220848083,59385.37956020003
1368,2459381.893206,281.2191263,11.5577219,2,15.58180046081543,0.04659099876880646,59381.39320599986
1369,2459381.8913426,281.2191211,11.5577353,2,15.492500305175781,0.02678300067782402,59381.391342599876
1370,2459381.8326042,281.2191597,11.5577413,1,18.200000762939453,0.10076600313186646,59381.33260420011
1371,2459379.8732755,281.2191322,11.557747,2,15.514699935913086,0.023646999150514603,59379.37327549979
1372,2459379.8330556,281.2191392,11.5577434,1,18.137699127197266,0.06121300160884857,59379.33305560006
1373,2459377.9003356,281.2191271,11.5577347,2,15.566699981689453,0.02410000003874302,59377.400335600134
1374,2459377.8803241,281.2191239,11.5577338,2,15.485199928283691,0.024328000843524933,59377.380324100144
1375,2459375.920463,281.2191265,11.5577331,1,18.098800659179688,0.06720100343227386,59375.42046299996
1376,2459375.8999537,281.219126,11.5577434,2,15.527199745178223,0.026768000796437263,59375.39995370014
1377,2459375.8664005,281.2191095,11.5577339,1,18.07390022277832,0.05209900066256523,59375.36640049983
1378,2459373.937581,281.2191243,11.5577284,1,18.072599411010742,0.053481001406908035,59373.43758099992
1379,2459373.935706,281.2191001,11.5577334,1,18.079599380493164,0.05645199865102768,59373.435705999844
1380,2459373.8893171,281.2191307,11.5577396,2,15.454400062561035,0.022160999476909637,59373.389317099936
1381,2459373.8874421,281.2191287,11.5577445,2,15.480999946594238,0.02228900045156479,59373.38744209986
1382,2459370.8702778,281.2191198,11.5577436,2,15.440899848937988,0.026024000719189644,59370.37027780013
1383,2459368.9155324,281.2191218,11.557742,2,15.48330020904541,0.034363001585006714,59368.4155323999
1384,2459368.862338,281.2191348,11.5577499,1,18.096900939941406,0.0533830001950264,59368.36233799998
1385,2459366.8949306,281.2191275,11.5577301,2,15.437899589538574,0.02670999988913536,59366.39493060019
1386,2459366.8930671,281.2191349,11.5577422,2,15.491100311279297,0.02975199930369854,59366.393067100085
1387,2459366.8316898,281.2191529,11.5577357,1,18.07069969177246,0.057009998708963394,59366.331689800136
1388,2459366.8312269,281.2191085,11.5577349,1,18.050600051879883,0.05456100031733513,59366.33122690022
1389,2459364.8803588,281.2191216,11.5577512,1,18.019699096679688,0.07040999829769135,59364.380358799826
1390,2459363.9576042,281.2191128,11.5577289,1,18.038999557495117,0.08417099714279175,59363.45760420011
1391,2459363.8987963,281.2191289,11.5577364,2,15.441699981689453,0.03301699832081795,59363.39879629994
1392,2459362.8934491,281.2191082,11.5577381,1,18.05699920654297,0.08590999990701675,59362.3934491002
1393,2459362.8331829,281.2191354,11.5577393,2,15.463700294494629,0.04573599994182587,59362.33318290021
1394,2459361.942963,281.2190932,11.5577469,1,17.984399795532227,0.096281997859478,59361.44296299992
1395,2459361.8985185,281.2191374,11.5577468,2,15.412099838256836,0.03471500054001808,59361.39851849992
1396,2459359.900081,281.2191335,11.5577372,2,15.477800369262695,0.02905300073325634,59359.400080999825
1397,2459359.8313194,281.2191639,11.5577441,1,17.945199966430664,0.07874800264835358,59359.33131940011
1398,2459358.9404514,281.2191306,11.5577528,1,18.02829933166504,0.07425899803638458,59358.44045139989
1399,2459356.9205324,281.2191204,11.5577499,1,18.106399536132812,0.05857500061392784,59356.42053239979
1400,2459356.8984259,281.2191304,11.5577415,2,15.479100227355957,0.024876000359654427,59356.39842589991
1402,2459353.9413194,281.2191283,11.5577298,2,15.4931001663208,0.029663000255823135,59353.44131939998
1403,2459353.9202662,281.2191342,11.5577341,2,15.445500373840332,0.027448000386357307,59353.42026619986
1404,2459353.8987847,281.2191263,11.5577325,1,18.105499267578125,0.06784500181674957,59353.39878469985
1405,2459353.8983102,281.2190817,11.5577374,1,18.09079933166504,0.0698850005865097,59353.398310199846
1406,2459349.9429745,281.2191268,11.5577419,2,15.517000198364258,0.027317000553011894,59349.44297449989
1407,2459349.9415625,281.2191317,11.5577478,2,15.456700325012207,0.026538999751210213,59349.44156249985
1408,2459349.8997222,281.2190982,11.557738,1,18.108999252319336,0.06313399970531464,59349.39972219989
1409,2459346.9738426,281.2191465,11.5577377,1,18.14430046081543,0.04785799980163574,59346.473842599895
1410,2459346.957419,281.2190984,11.5577437,1,18.13409996032715,0.06038200110197067,59346.4574190001
1411,2459346.9222801,281.2191306,11.5577366,2,15.491600036621094,0.034425999969244,59346.422280100174
1412,2459346.9218171,281.2191369,11.5577425,2,15.486599922180176,0.020880000665783882,59346.42181710014
1413,2459344.9426852,281.2190963,11.5577307,1,18.131099700927734,0.06776899844408035,59344.4426851999
1414,2459344.9193981,281.21913,11.5577415,2,15.471199989318848,0.03411100059747696,59344.419398100115
1415,2459341.9646528,281.2191627,11.5577319,1,18.098499298095703,0.0593549981713295,59341.4646528
1416,2459341.9637153,281.2190663,11.5577153,1,18.094100952148438,0.0983470007777214,59341.463715299964
1417,2459341.9435648,281.2191295,11.5577358,2,15.500399589538574,0.03206799924373627,59341.44356480008
1418,2459341.9431019,281.219129,11.55773,2,15.467300415039062,0.033677998930215836,59341.443101900164
1419,2459339.9568403,281.2191274,11.5577515,2,15.440899848937988,0.030262000858783722,59339.4568403
1420,2459339.9554051,281.2191303,11.5577392,2,15.496100425720215,0.024056000635027885,59339.45540509978
1421,2459337.9636111,281.2191358,11.5577303,2,15.450200080871582,0.029140999540686607,59337.46361109987
1422,2459337.9087847,281.2191217,11.5577171,1,17.994400024414062,0.08752399682998657,59337.40878470009
1423,2459337.9078472,281.2191523,11.5577432,1,18.051799774169922,0.06648299843072891,59337.407847200055
1424,2459335.9634375,281.2191286,11.5577402,2,15.427200317382812,0.03790099918842316,59335.463437499944
1425,2459335.928125,281.2191545,11.5577514,1,17.98579978942871,0.08704300224781036,59335.42812500009
1426,2459335.8947569,281.2191307,11.5577223,2,15.400699615478516,0.03272299841046333,59335.39475690015
1427,2459329.9797801,281.2191228,11.5577304,1,17.89739990234375,0.05733700096607208,59329.47978009982
1428,2459329.9797801,281.2191228,11.5577304,1,17.89739990234375,0.05733700096607208,59329.47978009982
1429,2459329.9797801,281.2191228,11.5577304,1,17.89739990234375,0.05733700096607208,59329.47978009982
1430,2459329.9408333,281.2191379,11.5577376,2,15.373700141906738,0.028653999790549278,59329.44083329989
1431,2459329.9408333,281.2191379,11.5577376,2,15.373700141906738,0.028653999790549278,59329.44083329989
1432,2459329.9408333,281.2191379,11.5577376,2,15.373700141906738,0.028653999790549278,59329.44083329989
1433,2459329.9363542,281.2191264,11.5577417,2,15.344099998474121,0.029052000492811203,59329.43635419989
1434,2459329.9363542,281.2191264,11.5577417,2,15.344099998474121,0.029052000492811203,59329.43635419989
1435,2459329.9363542,281.2191264,11.5577417,2,15.344099998474121,0.029052000492811203,59329.43635419989
1436,2459324.983669,281.2191336,11.5577335,1,17.86870002746582,0.05016399919986725,59324.48366900021
1437,2459324.9827199,281.2191135,11.5577387,1,17.84079933166504,0.04045499861240387,59324.48271990009
1438,2459324.8508449,281.2191475,11.5577305,2,15.257399559020996,0.034905001521110535,59324.350844900124
1439,2459322.980625,281.2191294,11.557735,2,15.292799949645996,0.03139699995517731,59322.48062499985
1440,2459322.9782639,281.2191372,11.5577438,2,15.331199645996094,0.02814199961721897,59322.47826390015
1441,2459322.9571181,281.2191485,11.5577367,1,17.824600219726562,0.053366001695394516,59322.45711810002
1442,2459322.941412,281.2191201,11.5577443,1,17.752599716186523,0.06451299786567688,59322.441411999986
1443,2459320.9824884,281.2191362,11.5577419,2,15.314299583435059,0.022960999980568886,59320.48248839984
1444,2459320.9820139,281.2191283,11.5577435,2,15.29170036315918,0.030760999768972397,59320.48201389983
1445,2459320.9430556,281.2191401,11.557727,1,17.806800842285156,0.060805000364780426,59320.44305559993
1446,2459320.9425926,281.2191154,11.5577315,1,17.788299560546875,0.046174000948667526,59320.442592599895
1447,2459316.9846759,281.2191367,11.5577406,2,15.268600463867188,0.033344998955726624,59316.48467590008
1448,2459316.8852083,281.2191368,11.5577189,1,17.706499099731445,0.052209001034498215,59316.38520829985
1449,2459315.9758333,281.2191339,11.55773,1,17.777099609375,0.06197100132703781,59315.475833300035
1450,2459315.9583218,281.2191402,11.5577412,2,15.337200164794922,0.03464699909090996,59315.45832179999
1451,2459314.9837731,281.2191087,11.5577289,1,17.71977996826172,0.06393200159072876,59314.48377310019
1452,2459314.9837731,281.2191087,11.5577289,1,17.71980094909668,0.06393200159072876,59314.48377310019
1453,2459314.9626157,281.2191286,11.5577409,2,15.30739974975586,0.030967000871896744,59314.46261569997
1454,2459314.9626157,281.2191286,11.5577409,2,15.30739974975586,0.030967000871896744,59314.46261569997
1455,2459312.9353241,281.2191611,11.5577349,1,17.75,0.047081999480724335,59312.435324099846
1456,2459312.9127662,281.2191412,11.5577418,2,15.325200080871582,0.02698799967765808,59312.412766200025
1457,2459311.9971875,281.2191365,11.557744,2,15.279999732971191,0.047867998480796814,59311.49718749989
1458,2459310.0001157,281.2191372,11.5577365,2,15.346199989318848,0.03126300126314163,59309.500115700066
1459,2459309.9573148,281.2191078,11.5577265,1,17.766799926757812,0.05339200049638748,59309.457314800005
1460,2459309.9568519,281.2191374,11.5577268,1,17.79949951171875,0.055831000208854675,59309.45685190009
1461,2459307.9896181,281.2191302,11.5577174,1,17.79840087890625,0.05390800163149834,59307.489618100226
1462,2459307.986794,281.2191283,11.5577337,1,17.75200080871582,0.06435099989175797,59307.486794000026
1463,2459307.9650347,281.2191408,11.5577412,2,15.37030029296875,0.029725000262260437,59307.4650347
1464,2459307.9640856,281.2191343,11.5577458,2,15.316900253295898,0.03000899963080883,59307.46408559987
1465,2459305.9859722,281.2191398,11.5577201,1,17.80660057067871,0.07058600336313248,59305.485972200055
1466,2459305.9854977,281.2191204,11.5577097,1,17.792999267578125,0.07335399836301804,59305.48549770005
1467,2459305.9633796,281.2191464,11.5577375,2,15.358499526977539,0.028286000713706017,59305.463379600085
1468,2459305.9629167,281.2191272,11.5577253,2,15.347900390625,0.029910000041127205,59305.46291670017
1469,2459302.9984722,281.2191217,11.5577483,1,17.894899368286133,0.06019999831914902,59302.498472199775
1470,2459302.9975347,281.2191041,11.5577549,1,17.884000778198242,0.07665300369262695,59302.497534700204
1471,2459302.9696181,281.2191384,11.5577456,2,15.378700256347656,0.03249699994921684,59302.46961810021
1472,2459302.9691435,281.2191381,11.557733,2,15.419300079345703,0.022133000195026398,59302.469143500086
1473,2459298.935544,281.2191518,11.5577331,1,18.07819938659668,0.0792739987373352,59298.43554400001
1474,2459298.9010648,281.2191613,11.5577112,2,15.517000198364258,0.021862000226974487,59298.4010648001
1475,2459296.0039931,281.2191377,11.5577377,2,15.685600280761719,0.025721000507473946,59295.50399310002
1476,2459296.0035301,281.219133,11.5577387,2,15.661299705505371,0.020987000316381454,59295.50353009999
1477,2459292.9458565,281.2191573,11.5577355,1,18.352100372314453,0.0882129967212677,59292.44585649995
1478,2459292.0036921,281.2191281,11.5577301,1,18.4960994720459,0.09508699923753738,59291.503692099825
1479,2459291.9778125,281.2191377,11.5577249,2,15.853799819946289,0.023959999904036522,59291.477812500205
1480,2459283.0176042,281.2191435,11.5577328,2,16.529499053955078,0.030246999114751816,59282.51760420017
1481,2459281.022338,281.2191356,11.5577509,2,16.622800827026367,0.055296000093221664,59280.522338000126
1484,2459276.9861574,281.2191516,11.5577373,2,17.052499771118164,0.04608200117945671,59276.48615740007
1485,2459276.9856829,281.2191527,11.5577114,2,17.042299270629883,0.03682300075888634,59276.485682900064
1486,2459275.0232986,281.2191906,11.5577104,2,17.238100051879883,0.07009600102901459,59274.52329860022
1487,2459275.0228241,281.2191118,11.5576732,2,17.175500869750977,0.09429699927568436,59274.52282410022
1496,2459265.0342245,281.2191607,11.5577225,2,18.418100357055664,0.06315399706363678,59264.53422449995
1497,2459264.0582639,281.2191512,11.5577794,2,18.43720054626465,0.149057999253273,59263.558263900224
1499,2459264.0522917,281.2191486,11.557716,2,18.490999221801758,0.14132100343704224,59263.55229170015
1503,2459263.0563542,281.2191427,11.5577392,2,18.631200790405273,0.09251199662685394,59262.5563542
1504,2459263.0533102,281.2191628,11.5577464,2,18.642799377441406,0.07472199946641922,59262.553310200106
1505,2459263.0502662,281.219156,11.5577176,2,18.64430046081543,0.08953599631786346,59262.55026620021
1506,2459263.0472222,281.2191437,11.5576875,2,18.682199478149414,0.09212499856948853,59262.54722219985
1507,2459263.0441782,281.2192023,11.5576874,2,18.60689926147461,0.1044899970293045,59262.544178199954
1588,2459098.6818634,281.2191183,11.5577389,2,19.408000946044922,0.10303299874067307,59098.181863400154
1589,2459094.7973032,281.2190465,11.5577543,2,19.031200408935547,0.1774590015411377,59094.29730319977
1590,2459094.7910648,281.2191134,11.5577691,2,19.00950050354004,0.1678130030632019,59094.29106480023
1593,2459085.6947454,281.2191357,11.5577489,2,18.792499542236328,0.09782200306653976,59085.19474539999
1594,2459082.6677662,281.2191446,11.5577659,2,18.90180015563965,0.14858800172805786,59082.16776619991
1595,2459081.7085185,281.2191167,11.5577526,2,18.750900268554688,0.08298599720001221,59081.208518499974
1596,2459079.7154282,281.2191478,11.5577567,2,18.729900360107422,0.07095900177955627,59079.215428200085
1598,2459078.7889352,281.2190804,11.5577363,2,18.659500122070312,0.0762299969792366,59078.288935199846
1601,2459075.7473611,281.2190999,11.5577204,2,18.577299118041992,0.05425399914383888,59075.24736109981
1603,2459072.7077546,281.2190966,11.557729,2,18.465900421142578,0.05083699896931648,59072.20775459986
1604,2459070.6900231,281.2191425,11.5577337,2,18.461999893188477,0.08146599680185318,59070.1900231
1607,2459067.7910301,281.219109,11.5577524,2,18.3843994140625,0.07828500121831894,59067.29103010008
1608,2459066.7345139,281.2191442,11.5577779,2,18.26799964904785,0.09598200023174286,59066.23451389978
1609,2459063.7764468,281.2191085,11.5577405,2,18.168899536132812,0.06476499885320663,59063.27644680021
1610,2459063.7745602,281.2191274,11.5577457,2,18.21310043334961,0.07732000201940536,59063.27456020005
1613,2459061.7899537,281.2191259,11.5577629,2,18.186800003051758,0.10888099670410156,59061.2899536998
1615,2459055.821875,281.2191061,11.5577392,2,17.95669937133789,0.045476000756025314,59055.32187499991
1616,2459054.8378125,281.2191233,11.557724,2,17.917400360107422,0.0494530014693737,59054.337812500075
1618,2459052.7517593,281.2191236,11.557761,2,17.901100158691406,0.05057600140571594,59052.25175930001
1619,2459051.8632523,281.2191303,11.5577383,2,17.781700134277344,0.07057200372219086,59051.36325229984
1622,2459048.8937037,281.2191304,11.5577402,2,17.832799911499023,0.058809999376535416,59048.39370370004
1623,2459046.8810417,281.2191056,11.5577323,2,17.672800064086914,0.0682540014386177,59046.38104170002
1624,2459045.840787,281.2191231,11.5577421,2,17.673200607299805,0.049375999718904495,59045.34078700002
1628,2459041.7888657,281.219115,11.5577576,2,17.30150032043457,0.0997999981045723,59041.2888656999
1631,2459038.8580903,281.2191295,11.5577275,2,17.5718994140625,0.07261999696493149,59038.35809030011
1633,2459037.8596759,281.2191134,11.5577263,2,17.396099090576172,0.04331300035119057,59037.35967590008
1635,2459035.8384838,281.2191108,11.5577181,2,17.316200256347656,0.039730001240968704,59035.33848380018
1637,2459034.8349769,281.2191288,11.5577461,2,17.296899795532227,0.0454460009932518,59034.3349768999
1640,2459032.8184491,281.2191246,11.5577311,2,17.256099700927734,0.031488001346588135,59032.318449100014
1641,2459031.8739352,281.2191239,11.5577345,2,17.245800018310547,0.032701000571250916,59031.37393519981
1645,2459027.7752199,281.2191323,11.5577391,2,17.080699920654297,0.04091599956154823,59027.27521990007
1647,2459024.7545255,281.2191288,11.557756,2,17.002899169921875,0.038669999688863754,59024.254525499884
1648,2459023.8856597,281.2191226,11.5577352,2,17.029300689697266,0.043839000165462494,59023.385659699794
1649,2459023.8374537,281.2191415,11.5577209,1,20.014999389648438,0.17676299810409546,59023.33745370014
1650,2459020.8610301,281.2191365,11.5577397,1,20.099599838256836,0.1714719980955124,59020.36103009991
1651,2459018.7584028,281.2191356,11.55775,2,16.855300903320312,0.044530000537633896,59018.25840280019
1652,2459017.8925694,281.2191154,11.5577356,2,16.868000030517578,0.04168599843978882,59017.392569399904
1653,2459015.8532986,281.219137,11.5577362,2,16.752399444580078,0.04181399941444397,59015.35329859983
1654,2459014.9615509,281.2191151,11.557744,2,16.74220085144043,0.04816100001335144,59014.46155089978
1655,2459014.8727083,281.2191408,11.557737,1,19.724700927734375,0.1433500051498413,59014.37270830013
1656,2459011.8413889,281.2191304,11.5577347,2,16.622900009155273,0.03085700049996376,59011.34138889983
1657,2459011.8029398,281.2191353,11.5577263,1,19.611600875854492,0.16143900156021118,59011.30293980008
1658,2459009.8961343,281.2191244,11.5577335,2,16.5393009185791,0.036368999630212784,59009.39613430016
1659,2459009.7753356,281.2191585,11.5576019,1,19.364500045776367,0.19136099517345428,59009.275335600134
1660,2459005.7957176,281.2191335,11.5577495,2,16.441499710083008,0.03335700184106827,59005.2957175998
1663,2459004.7926042,281.2191523,11.5577276,2,16.402299880981445,0.039103999733924866,59004.292604200076
1664,2459000.8779051,281.2191252,11.5577532,2,16.273000717163086,0.06853999942541122,59000.37790510012
1665,2459000.8769676,281.2191215,11.5577383,2,16.26059913635254,0.03740900009870529,59000.37696760008
1666,2459000.8528241,281.2191266,11.5577374,2,16.323200225830078,0.03892999887466431,59000.35282409983
1667,2458997.899213,281.2191383,11.5577204,1,19.100299835205078,0.09229999780654907,58997.3992130002
1668,2458994.9332639,281.2190807,11.5577319,1,18.977100372314453,0.0894320011138916,58994.433263900224
1669,2458991.9405556,281.2191319,11.5577403,2,16.072200775146484,0.023771999403834343,58991.440555599984
1670,2458991.9396181,281.2191356,11.5577238,2,16.09869956970215,0.041815999895334244,58991.43961809995
1671,2458991.9024884,281.219092,11.5577372,1,18.97570037841797,0.10044699907302856,58991.40248840023
1672,2458985.916088,281.2191305,11.5577345,2,15.887399673461914,0.026040000841021538,58985.41608799994
1673,2458985.9142245,281.2191251,11.5577396,2,15.912300109863281,0.04548100009560585,58985.41422449984
1674,2458980.9833449,281.2191293,11.557725,2,15.747099876403809,0.036621998995542526,58980.483344899956
1675,2458980.9824074,281.2191281,11.5577332,2,15.712800025939941,0.03003999963402748,58980.48240739992
1676,2458980.9379167,281.2190915,11.5576977,1,18.36370086669922,0.12049199640750885,58980.4379166998
1677,2458980.9365046,281.2191292,11.5577454,1,18.39189910888672,0.1021680012345314,58980.436504600104
1678,2458977.9873958,281.2191277,11.5577398,2,15.742199897766113,0.03988900035619736,58977.487395800184
1679,2458977.9394792,281.2191174,11.557742,2,15.64739990234375,0.025553999468684196,58977.43947920017
1680,2458977.8954977,281.2191321,11.5577511,1,18.41309928894043,0.10805699974298477,58977.3954977002
1681,2458977.8950347,281.2191235,11.5577061,1,18.382400512695312,0.12821699678897858,58977.39503470017
1682,2458974.9812847,281.2190994,11.5577307,1,18.249500274658203,0.06778000295162201,58974.48128469987
1683,2458974.9803472,281.2191027,11.5577317,1,18.207000732421875,0.07772000133991241,58974.48034719983
1684,2458974.8741088,281.2191417,11.557744,2,15.60420036315918,0.03239100053906441,58974.3741088002
1685,2458971.9396644,281.2191114,11.5577351,1,18.095699310302734,0.06027600169181824,58971.43966440018
1686,2458971.900162,281.2191342,11.5577402,2,15.525400161743164,0.03220999985933304,58971.40016200021
1687,2458971.8967708,281.2191386,11.5577362,2,15.498700141906738,0.03517099842429161,58971.3967708
1688,2458968.9369792,281.2191394,11.5577373,2,15.449299812316895,0.04493600130081177,58968.436979200225
1689,2458968.9365162,281.2191306,11.557735,2,15.491700172424316,0.02249000035226345,58968.43651620019
1690,2458965.937581,281.2191245,11.5577202,1,17.89699935913086,0.04900600016117096,58965.43758099992
1691,2458965.9371181,281.2191239,11.5577289,1,17.916099548339844,0.05144200101494789,58965.4371181
1692,2458962.9817361,281.2191451,11.5577278,1,17.86520004272461,0.05555000156164169,58962.48173609981
1693,2458962.9812847,281.2191039,11.5577184,1,17.886499404907227,0.057092998176813126,58962.48128469987
1694,2458962.9609144,281.2191297,11.5577422,2,15.307499885559082,0.02446099929511547,58962.46091439994
1695,2458962.960463,281.2191329,11.5577382,2,15.291099548339844,0.02323099970817566,58962.460462999996
1696,2458955.0010648,281.219129,11.5577417,2,15.129599571228027,0.040915001183748245,58954.50106480019
1697,2458954.9829861,281.2191333,11.5577423,2,15.091400146484375,0.03114599920809269,58954.48298610002
1698,2458954.9316204,281.2191479,11.5577381,1,17.490400314331055,0.05745000019669533,58954.43162039993
1699,2458954.921088,281.219129,11.5577338,1,17.491600036621094,0.06092799827456474,58954.42108799983
1700,2458944.9835995,281.2191366,11.5577321,1,17.13759994506836,0.052216000854969025,58944.4835994998
1701,2458944.0028125,281.2191356,11.5577377,2,14.808300018310547,0.037992000579833984,58943.50281250011
1702,2458943.9474306,281.2191421,11.5577183,1,17.131099700927734,0.05395200103521347,58943.44743059995
1703,2458941.0206944,281.2191404,11.557734,2,14.79010009765625,0.0446540005505085,58940.520694400184
1704,2458940.9844444,281.2191372,11.5577413,1,17.062000274658203,0.04962899908423424,58940.48444439983
1706,2458939.967419,281.2191295,11.5577921,1,16.833499908447266,0.20937399566173553,58939.46741899988
1707,2458914.024838,281.2191335,11.5577233,1,16.50790023803711,0.035544998943805695,58913.52483800007
1708,2458913.9872685,281.2191572,11.5577221,2,14.354399681091309,0.036566998809576035,58913.48726850003
1709,2458913.9868171,281.2191374,11.5577403,2,14.331899642944336,0.046119000762701035,58913.486817100085
1710,2458901.0515972,281.2191314,11.5577409,1,16.419700622558594,0.11088400334119797,58900.55159719987
1711,2458901.0162731,281.2191511,11.5577252,2,14.301400184631348,0.03582499921321869,58900.51627309993
1712,2458896.0202662,281.2191314,11.5577091,2,14.3641996383667,0.01891300082206726,58895.52026619995
1713,2458893.0663194,281.2191619,11.5577229,1,16.44770050048828,0.04661500081419945,58892.56631939998
1714,2458893.0622685,281.2191357,11.5577016,1,16.404300689697266,0.03466400131583214,58892.562268500216
1715,2458893.025,281.2191399,11.5577272,2,14.402400016784668,0.031108999624848366,58892.52499999991
1716,2458893.0245486,281.2191367,11.5577374,2,14.300000190734863,0.0352029986679554,58892.52454859996
1717,2458805.5748264,281.2191955,11.5577179,2,17.966299057006836,0.20000800490379333,58805.074826399796
1718,2458790.6229398,281.2190531,11.5577361,2,19.36210060119629,0.18169599771499634,58790.12293979991
1748,2458660.8189931,281.2191607,11.5577314,2,19.70509910583496,0.1361510008573532,58660.318993099965
1749,2458653.9160417,281.2190633,11.5577703,2,19.42099952697754,0.1529970020055771,58653.41604170017
1750,2458650.8359722,281.219138,11.5577477,2,19.32390022277832,0.1595049947500229,58650.33597220015
1751,2458649.8119907,281.2191555,11.5577715,2,19.130599975585938,0.15977400541305542,58649.3119907002
1756,2458647.8314583,281.2191113,11.5577433,2,19.186199188232422,0.08389399945735931,58647.33145829989
1757,2458647.8310069,281.2191225,11.5577246,2,19.229700088500977,0.1319119930267334,58647.33100689994
1759,2458646.8092477,281.2191647,11.5577195,2,19.117799758911133,0.12916399538516998,58646.30924770003
1761,2458645.8325116,281.2191385,11.5577409,2,19.118600845336914,0.10823000222444534,58645.33251160011
1762,2458644.8196181,281.2191318,11.5577635,2,19.11680030822754,0.13750499486923218,58644.319618099835
1763,2458644.8178125,281.2191544,11.5577404,2,19.21489906311035,0.12110400199890137,58644.317812500056
1765,2458643.7990046,281.2191358,11.5577861,2,18.990999221801758,0.12287399917840958,58643.29900459992
1769,2458641.8993056,281.2191253,11.5577374,2,19.048900604248047,0.089198999106884,58641.39930560021
1771,2458640.7780208,281.2191601,11.5577354,2,18.869600296020508,0.11252400279045105,58640.27802080009
1773,2458639.9005556,281.2191439,11.5577604,2,18.975799560546875,0.1149820014834404,58639.40055559995
1775,2458638.7962037,281.2191627,11.5577463,2,18.83139991760254,0.09237899631261826,58638.296203699894
1776,2458638.7957407,281.2191415,11.5577385,2,18.95800018310547,0.08337000012397766,58638.29574069986
1778,2458637.8513194,281.2191335,11.5577468,2,18.851699829101562,0.0975010022521019,58637.35131940013
1779,2458636.9018287,281.2191214,11.5577407,2,18.895599365234375,0.08652299642562866,58636.40182870021
1782,2458635.8955903,281.2191155,11.5577302,2,18.867900848388672,0.10785400122404099,58635.395590300206
1784,2458634.8378472,281.2191396,11.5577426,2,18.832399368286133,0.09247799962759018,58634.33784720022
1785,2458633.9207986,281.2191388,11.5577419,2,18.891700744628906,0.08295100182294846,58633.420798600186
1787,2458632.8143634,281.2191694,11.5577266,2,18.663799285888672,0.11819799989461899,58632.314363399986
1789,2458628.9000231,281.2191356,11.5577247,2,18.663400650024414,0.09933900088071823,58628.400023099966
1790,2458628.8810069,281.2191239,11.5577397,2,18.653499603271484,0.07963100075721741,58628.38100690022
1791,2458619.9377315,281.2192813,11.557738,2,18.15559959411621,0.25753501057624817,58619.437731499784
1795,2458617.8737384,281.2191327,11.5577263,2,18.275699615478516,0.06435800343751907,58617.37373840017
1797,2458616.9184144,281.219142,11.5577412,2,18.281200408935547,0.05999400094151497,58616.41841439996
1798,2458616.9002778,281.2191256,11.5577447,2,18.302000045776367,0.06675200164318085,58616.40027779993
1799,2458612.9598264,281.2191333,11.5577517,2,18.262800216674805,0.05984099954366684,58612.45982640004
1802,2458608.961331,281.2191421,11.5577264,2,18.008100509643555,0.05003799870610237,58608.461331000086
1805,2458607.8811574,281.2191425,11.5577305,2,18.060100555419922,0.05639699846506119,58607.38115740009
1808,2458605.9420718,281.2191254,11.5577333,2,17.990699768066406,0.06882700324058533,58605.44207180012
1809,2458605.9411458,281.2191371,11.5577508,2,17.975299835205078,0.0629580020904541,58605.441145800054
1811,2458597.9181019,281.2191387,11.5577301,2,17.675899505615234,0.04972900077700615,58597.41810189979
1815,2458591.9630671,281.2191217,11.5577375,2,17.557899475097656,0.08710099756717682,58591.46306709992
1816,2458591.9423611,281.2191453,11.5577183,2,17.529499053955078,0.06570400297641754,58591.44236110011
1817,2458588.9436111,281.2191451,11.5577301,2,17.468299865722656,0.05409500002861023,58588.44361109985
1818,2458588.0067593,281.2191257,11.5577255,2,17.374799728393555,0.06809400022029877,58587.5067592999
1819,2458588.0053935,281.2191272,11.5577429,2,17.388999938964844,0.06691599637269974,58587.505393499974
1822,2458585.9409144,281.2191539,11.5577408,2,17.355600357055664,0.05226600170135498,58585.44091439992
1823,2458585.0070486,281.2191226,11.5577449,2,17.33289909362793,0.052852001041173935,58584.50704859989
1824,2458585.0056481,281.2191291,11.5577411,2,17.381500244140625,0.038520000874996185,58584.50564809982
1828,2458582.9771065,281.2191391,11.5577358,2,17.33009910583496,0.04944299906492233,58582.47710649995
1831,2458581.945706,281.2191402,11.5577361,2,17.243000030517578,0.041760001331567764,58581.445706000086
1835,2458575.9609606,281.219145,11.5577402,2,17.128599166870117,0.042041998356580734,58575.46096060006
1836,2458574.9978009,281.219134,11.5577354,2,17.072399139404297,0.06743499636650085,58574.497800900135
1837,2458574.9973495,281.2191415,11.5577268,2,16.97209930419922,0.07126300036907196,58574.49734950019
1838,2458569.0242708,281.2191217,11.5577446,2,17.012800216674805,0.07924599945545197,58568.52427079994
1839,2458569.0028125,281.2191256,11.5577296,2,16.825899124145508,0.056963000446558,58568.50281250011
1843,2458561.9203241,281.2191437,11.5577214,2,16.55769920349121,0.05286199972033501,58561.42032410018
1844,2458558.9858449,281.2191241,11.5577243,1,19.57670021057129,0.147830992937088,58558.4858448999
1845,2458527.0371181,281.2191735,11.5577225,2,15.756699562072754,0.026971999555826187,58526.537118100096
1846,2458436.6314583,281.2190295,11.557628,1,16.858699798583984,0.07582800090312958,58436.131458300166
1847,2458436.6305556,281.2190391,11.5576338,1,16.883800506591797,0.06726600229740143,58436.13055559993
1848,2458436.5893287,281.2191305,11.5577058,2,14.775300025939941,0.024063000455498695,58436.08932870021
1849,2458433.6287847,281.2190794,11.5577151,1,16.80069923400879,0.0544390007853508,58433.12878469983
1850,2458433.6283333,281.2191117,11.557708,1,16.8518009185791,0.057461000978946686,58433.12833329989
1851,2458433.5926042,281.2191198,11.5577325,2,14.794599533081055,0.027083000168204308,58433.09260419989
1852,2458433.57375,281.2191128,11.5577348,2,14.724200248718262,0.0272039994597435,58433.07374999998
1853,2458432.6638542,281.2191153,11.5576672,1,16.850099563598633,0.0717109963297844,58432.16385419993
1854,2458431.630544,281.2191354,11.5577171,2,14.859999656677246,0.029222000390291214,58431.13054399984
1855,2458431.5995486,281.2191214,11.5576954,1,16.908000946044922,0.055052001029253006,58431.09954860015
1856,2458430.6217824,281.2191026,11.5577293,1,16.915700912475586,0.03884999826550484,58430.12178240018
1857,2458430.621331,281.2191029,11.557727,1,16.918399810791016,0.04252199828624725,58430.12133099977
1858,2458430.5895602,281.2191153,11.5577398,2,14.8572998046875,0.03250899910926819,58430.089560199995
1859,2458430.5791782,281.2191182,11.5577267,2,14.774399757385254,0.03531799837946892,58430.0791782001
1860,2458429.6501852,281.2190947,11.5577342,1,16.891300201416016,0.03874099999666214,58429.15018519992
1861,2458428.6515741,281.2191132,11.5577207,1,16.952499389648438,0.04209199920296669,58428.1515740999
1862,2458428.6016551,281.2191162,11.5577283,2,14.873700141906738,0.02190599963068962,58428.10165510001
1863,2458427.6296644,281.219107,11.557721,1,16.971900939941406,0.03902599960565567,58427.12966440013
1864,2458427.6027083,281.2191183,11.5577384,2,14.861599922180176,0.036591000854969025,58427.10270830011
1865,2458427.6022569,281.2191179,11.5577442,2,14.850000381469727,0.033316001296043396,58427.102256900165
1866,2458425.6303009,281.2191028,11.5577249,1,16.997800827026367,0.06804300099611282,58425.13030089997
1867,2458425.5892245,281.2191167,11.5577345,2,14.892900466918945,0.02606699988245964,58425.089224500116
1868,2458424.6289583,281.219073,11.5576213,1,16.953500747680664,0.09991899877786636,58424.12895830022
1869,2458424.5861921,281.2191216,11.5577292,2,14.9197998046875,0.039889998733997345,58424.08619209984
1870,2458399.6071181,281.2191148,11.5577283,1,17.629199981689453,0.0654119998216629,58399.10711809993
1871,2458390.6875926,281.2191217,11.5577436,2,15.666899681091309,0.037668000906705856,58390.18759260001
1872,2458390.6261806,281.2191234,11.5577222,1,18.099899291992188,0.0606830008327961,58390.12618059991
1873,2458388.6457407,281.2191173,11.5577247,1,18.154600143432617,0.08632700145244598,58388.145740699954
1874,2458388.6069097,281.2191259,11.5577008,1,18.292299270629883,0.07873299717903137,58388.106909700204
1875,2458387.7070139,281.2191366,11.5577385,1,18.2007999420166,0.08122099936008453,58387.207013899926
1876,2458386.6898495,281.2191133,11.5577361,2,15.772000312805176,0.05182600021362305,58386.18984950008
1877,2458385.6891435,281.2191298,11.5577269,2,15.85159969329834,0.04812600091099739,58385.189143499825
1878,2458384.7306366,281.2191296,11.5577599,1,18.307300567626953,0.12282399833202362,58384.23063659994
1879,2458384.6334491,281.2191196,11.5577341,2,15.853300094604492,0.06454700231552124,58384.13344909996
1880,2458383.6892361,281.2190841,11.5577185,1,18.594100952148438,0.11913199722766876,58383.18923609983
1881,2458383.6267824,281.2191282,11.5577391,2,15.911800384521484,0.048402998596429825,58383.12678240007
1882,2458382.6880787,281.2191062,11.5577331,1,18.592199325561523,0.09507200121879578,58382.1880787001
1883,2458382.6269907,281.2191202,11.5577389,2,16.007299423217773,0.042562998831272125,58382.12699070014
1884,2458381.6899653,281.2191108,11.5577243,1,18.50950050354004,0.09211699664592743,58381.189965299796
1885,2458381.6259954,281.2191268,11.5577399,2,16.09149932861328,0.04305500164628029,58381.125995399896
1886,2458380.7471065,281.2191084,11.5577314,2,16.081199645996094,0.04472900182008743,58380.24710649997
1887,2458380.659456,281.2191292,11.5577713,1,18.997400283813477,0.11649800091981888,58380.1594560002
1888,2458379.749294,281.2191114,11.5577444,2,16.178600311279297,0.03717299923300743,58379.24929400021
1889,2458379.6669213,281.2191388,11.5577434,1,18.711299896240234,0.09628000110387802,58379.16692129988
1890,2458379.6664699,281.2191249,11.5577211,1,18.72439956665039,0.08109799772500992,58379.16646989994
1891,2458378.6699306,281.2190869,11.557723,1,18.735700607299805,0.10341499745845795,58378.169930600096
1892,2458378.6260764,281.2191378,11.5577245,2,16.272199630737305,0.04659999907016754,58378.126076399814
1893,2458377.7291435,281.2191198,11.5577317,1,18.868499755859375,0.09520000219345093,58377.22914349986
1894,2458377.6687269,281.2191283,11.5577303,2,16.309999465942383,0.024271000176668167,58377.16872690013
1895,2458376.7110417,281.2191032,11.5577732,1,19.11949920654297,0.11875899881124496,58376.211041700095
1896,2458376.7105787,281.219113,11.5577075,1,19.149599075317383,0.12919600307941437,58376.21057870006
1897,2458375.7274306,281.2191018,11.5577281,1,19.196300506591797,0.09902700036764145,58375.22743060021
1898,2458375.6587847,281.2191207,11.5577321,2,16.46299934387207,0.026166999712586403,58375.15878470009
1899,2458374.7292245,281.2190914,11.5577328,1,19.225200653076172,0.10711099952459335,58374.22922449978
1900,2458374.6705903,281.219125,11.5577344,2,16.518999099731445,0.024224000051617622,58374.17059030011
1901,2458373.7310532,281.2191151,11.5577013,1,19.27899932861328,0.14805300533771515,58373.231053200085
1902,2458373.7305903,281.21911,11.5577176,1,19.287200927734375,0.12071400135755539,58373.23059030017
1903,2458373.6472454,281.2191188,11.5577386,2,16.55419921875,0.03856299817562103,58373.14724540012
1904,2458373.6467824,281.2191293,11.5577338,2,16.5802001953125,0.022760000079870224,58373.14678240009
1905,2458372.7282986,281.21909,11.5577292,1,19.516799926757812,0.12909899652004242,58372.22829859983
1906,2458371.6902315,281.219127,11.5577322,1,19.55109977722168,0.16606299579143524,58371.19023150019
1907,2458371.6684144,281.2191335,11.5577332,2,16.726900100708008,0.02859400026500225,58371.16841439996
1908,2458370.6890162,281.2190657,11.5577004,1,19.569400787353516,0.1235240027308464,58370.18901620014
1909,2458370.6690278,281.2191237,11.5577798,1,19.73390007019043,0.17465899884700775,58370.169027800206
1910,2458370.6479167,281.219135,11.5577359,2,16.792800903320312,0.02736400067806244,58370.147916700225
1911,2458369.7485532,281.219084,11.5577437,1,19.673099517822266,0.152661994099617,58369.24855320016
1912,2458369.6698032,281.2191299,11.5577337,2,16.878799438476562,0.03485799953341484,58369.169803199824
1913,2458368.6703819,281.2191384,11.5577384,2,16.941999435424805,0.03315500169992447,58368.17038189992
1914,2458367.7113426,281.2190927,11.5577164,1,19.999099731445312,0.17430099844932556,58367.211342600174
1915,2458367.6682639,281.2191323,11.5577409,2,17.003799438476562,0.04070200026035309,58367.168263900094
1916,2458366.6820023,281.2191151,11.5577365,2,17.215499877929688,0.05383399873971939,58366.18200229993
1917,2458365.6697222,281.2191257,11.5577248,2,17.244800567626953,0.04018000140786171,58365.169722199906
1918,2458364.6669676,281.2191324,11.5577418,2,17.412099838256836,0.048551999032497406,58364.16696760012
1919,2458364.6660532,281.2191197,11.5577465,2,17.351600646972656,0.046668000519275665,58364.16605320014
1920,2458363.7114236,281.2191158,11.5577406,2,17.41189956665039,0.054117001593112946,58363.21142360009
1921,2458362.6871528,281.2191225,11.5577278,2,17.628700256347656,0.0518449991941452,58362.18715280015
1922,2458361.7322569,281.219118,11.5577361,2,17.670799255371094,0.05143300071358681,58361.23225690005
1923,2458360.7158796,281.219089,11.5578192,2,17.904600143432617,0.06312999874353409,58360.21587960003
1924,2458359.751169,281.2191298,11.557729,2,17.95789909362793,0.05102900043129921,58359.25116899982
1925,2458357.7700579,281.219108,11.5577226,2,18.128599166870117,0.05678600072860718,58357.27005789988
1926,2458356.7727546,281.2191064,11.5577087,2,18.22130012512207,0.08377400040626526,58356.272754599806
1927,2458356.6896065,281.2191075,11.5577591,2,18.283199310302734,0.09714700281620026,58356.18960649986
1928,2458354.7304167,281.2191,11.5576911,2,18.509899139404297,0.08080799877643585,58354.23041669978
1929,2458353.7916667,281.2190976,11.5577222,2,18.65019989013672,0.09467700123786926,58353.29166670004
1930,2458353.6886921,281.2191259,11.557709,2,18.658599853515625,0.09253299981355667,58353.18869209988
1931,2458352.7750694,281.2191196,11.5577211,2,18.730300903320312,0.1182200014591217,58352.2750694002
1932,2458352.7514931,281.2191156,11.5577651,2,18.835399627685547,0.10701200366020203,58352.25149310008
1933,2458351.7271181,281.2191106,11.5577351,2,18.884000778198242,0.0952489972114563,58351.22711810004
1934,2458350.688588,281.2191314,11.5577468,2,19.148399353027344,0.14030499756336212,58350.1885879999
1935,2458349.7968866,281.2191176,11.5577095,2,19.22369956970215,0.11173799633979797,58349.29688660009
1936,2458349.771412,281.2191117,11.5577926,2,19.363399505615234,0.1249770000576973,58349.27141200006
