,jd,ra,dec,fid,magpsf,sigmapsf,mjd
0,2461193.8966667,301.2315677,-17.9978237,1,17.659080505371094,0.06133001670241356,61193.39666670002
1,2461193.8580324,301.2314431,-17.9979269,2,16.256500244140625,0.05027500167489052,61193.35803239979
3,2461192.9398958,301.2314639,-17.9978345,3,16.329999923706055,0.068401999771595,61192.43989579985
6,2461192.842037,301.231448,-17.997867,2,16.276899337768555,0.055608998984098434,61192.34203700023
7,2461191.9901389,301.2314545,-17.9978748,2,16.30150032043457,0.040424998849630356,61191.4901389
8,2461191.939294,301.2314481,-17.9979137,1,17.113399505615234,0.056471001356840134,61191.439294000156
9,2461191.9308796,301.2314379,-17.997917,2,16.42930030822754,0.057193998247385025,61191.43087959988
11,2461186.9414583,301.231518,-17.997784,3,16.955699920654297,0.0836620032787323,61186.44145830022
12,2461186.9356944,301.2316005,-17.9979037,1,18.614700317382812,0.10186599940061569,61186.43569440022
15,2461185.8924306,301.2314884,-17.9978463,3,16.553699493408203,0.04055999964475632,61185.39243059978
16,2461184.9938079,301.2315071,-17.997824,2,16.756099700927734,0.08547300100326538,61184.49380790023
17,2461184.9613657,301.2314357,-17.9978734,3,15.98799991607666,0.09698700159788132,61184.46136569977
19,2461183.9940741,301.2314867,-17.997906,2,16.223600387573242,0.03349300101399422,61183.49407410016
20,2461183.9940741,301.2314867,-17.997906,2,16.223600387573242,0.03349300101399422,61183.49407410016
21,2461183.9378125,301.2314463,-17.997897,2,16.387399673461914,0.044190000742673874,61183.43781250017
22,2461183.8894907,301.2313983,-17.9979017,3,16.402799606323242,0.0514799989759922,61183.38949069986
23,2461183.8890162,301.2315092,-17.9978738,3,16.85890007019043,0.09710600227117538,61183.38901619986
26,2461181.9458912,301.231499,-17.997909,1,17.22760009765625,0.043032001703977585,61181.4458912001
27,2461180.9575694,301.2315196,-17.9979897,2,16.172300338745117,0.04733999818563461,61180.45756939985
28,2461180.9570949,301.2315251,-17.9980329,2,16.74139976501465,0.07604800164699554,61180.457094899844
29,2461180.8992593,301.2314293,-17.9979057,1,17.313199996948242,0.07269900292158127,61180.39925929997
31,2461175.9587384,301.2315173,-17.9978235,2,17.12820053100586,0.06293000280857086,61175.458738400135
33,2461175.9352546,301.231426,-17.997866,1,17.518699645996094,0.07210899889469147,61175.4352545999
34,2461175.9343171,301.2314425,-17.9979134,1,17.09149932861328,0.04148299992084503,61175.43431709986
35,2461174.9614931,301.2313735,-17.997914,1,17.845300674438477,0.08502600342035294,61174.46149310004
38,2461173.9277199,301.2315792,-17.9979057,3,16.25189971923828,0.05086199939250946,61173.42771989992
39,2461173.9267824,301.231483,-17.9979342,3,15.880900382995605,0.08050499856472015,61173.42678239988
40,2461172.9601273,301.2314459,-17.997912,3,16.04170036315918,0.0769290030002594,61172.46012730012
45,2461162.979213,301.2314858,-17.9978581,3,16.513999938964844,0.06562100350856781,61162.47921299981
46,2461162.9787384,301.231469,-17.997924,3,16.184200286865234,0.04416299983859062,61162.478738400154
48,2461162.9232176,301.2315113,-17.9979087,1,17.347299575805664,0.07519599795341492,61162.42321760021
49,2461161.9776042,301.231537,-17.9978663,1,18.29199981689453,0.11904300004243851,61161.47760420013
51,2461161.9525231,301.231401,-17.9979108,2,16.23819923400879,0.05649999901652336,61161.45252310019
52,2461161.948287,301.2315579,-17.9978982,2,16.619800567626953,0.05333400145173073,61161.44828699995
53,2461160.9743287,301.2314576,-17.9978982,1,16.939800262451172,0.05812399834394455,61160.47432869999
54,2461159.9365625,301.2314057,-17.9978456,2,17.330400466918945,0.06846900284290314,61159.43656249996
55,2461136.0100231,301.2316396,-17.9979746,2,16.685400009155273,0.05781000107526779,61135.510023099836
56,2461136.0081019,301.2315087,-17.9978971,2,15.87559986114502,0.047217998653650284,61135.50810190011
57,2461136.0063426,301.2313718,-17.9978614,3,16.383399963378906,0.08217500150203705,61135.5063426001
58,2461135.986713,301.231352,-17.9978178,3,16.077600479125977,0.04157299920916557,61135.48671300011
60,2461134.0115625,301.2314326,-17.9978614,2,17.03860092163086,0.07111900299787521,61133.51156250015
61,2461130.0166088,301.2314435,-17.9977403,2,17.185400009155273,0.08524300158023834,61129.51660879981
62,2461128.0177778,301.231471,-17.9979148,2,16.317800521850586,0.04396999999880791,61127.517777800094
63,2461127.0201968,301.231486,-17.9979236,2,16.141300201416016,0.04712200164794922,61126.52019680012
64,2461119.0289815,301.2315142,-17.9979294,2,16.052900314331055,0.05759799852967262,61118.52898149984
65,2460989.6083449,301.2313366,-17.9979719,1,18.442285537719727,0.1354576200246811,60989.108344899956
66,2460989.587581,301.231459,-17.9978853,2,16.386600494384766,0.057158999145030975,60989.087580999825
67,2460987.6301736,301.2313802,-17.9979807,1,17.311599731445312,0.07202599942684174,60987.13017359981
68,2460987.5868287,301.2314767,-17.9978631,2,17.015199661254883,0.12996399402618408,60987.0868286998
69,2460985.631088,301.2314665,-17.9979163,1,17.19379997253418,0.06340699642896652,60985.13108799979
70,2460985.5861111,301.2314681,-17.9978877,1,17.479700088500977,0.06930200010538101,60985.086111099925
71,2460983.6064815,301.2314586,-17.9978597,1,17.51959991455078,0.06185099855065346,60983.10648149997
72,2460983.5947454,301.2314773,-17.9978662,2,16.544700622558594,0.06452599912881851,60983.094745399896
73,2460981.6385648,301.2314572,-17.9980017,1,17.682100296020508,0.08004699647426605,60981.13856479991
74,2460981.5993634,301.231475,-17.9978514,2,16.957000732421875,0.04247000068426132,60981.099363400135
75,2460979.6152431,301.2314853,-17.9978305,2,16.30820083618164,0.07402200251817703,60979.115243100096
76,2460979.5990278,301.2315134,-17.9978867,1,17.98550033569336,0.10700900107622147,60979.09902779991
77,2460974.6696181,301.2315185,-17.9978367,1,17.19540023803711,0.061177998781204224,60974.16961809993
80,2460972.6270602,301.2314035,-17.9978278,1,17.88129997253418,0.09577500075101852,60972.12706020009
81,2460969.6479745,301.2315116,-17.9979641,1,18.745800018310547,0.16451400518417358,60969.14797449997
83,2460967.6688542,301.2315012,-17.9978654,1,18.04509925842285,0.09548100084066391,60967.168854199816
84,2460967.6051852,301.2314504,-17.9979022,2,16.286300659179688,0.05610499903559685,60967.105185199995
85,2460965.7005556,301.2315406,-17.9979228,1,17.161300659179688,0.0501599982380867,60965.200555600226
87,2460960.7099306,301.2314947,-17.9978803,1,17.881500244140625,0.08443500101566315,60960.20993060013
90,2460956.6857639,301.2315181,-17.997937,2,17.43670082092285,0.108754001557827,60956.18576390017
91,2460953.6693171,301.2314794,-17.9978976,2,16.539600372314453,0.05541199818253517,60953.1693171002
92,2460953.6266319,301.2314568,-17.9979026,1,17.339599609375,0.06964000314474106,60953.1266319002
93,2460951.7167245,301.2315037,-17.9978945,1,18.212799072265625,0.1362829953432083,60951.21672450006
94,2460951.6730324,301.231492,-17.9979731,2,17.904300689697266,0.10228700190782547,60951.1730324002
95,2460948.7323611,301.2314815,-17.9978745,1,17.561100006103516,0.06987100094556808,60948.23236110015
96,2460948.6924769,301.2314916,-17.9978452,2,16.828100204467773,0.06426499783992767,60948.19247689983
97,2460948.6915394,301.2316821,-17.9977653,2,18.115400314331055,0.2892040014266968,60948.19153939979
100,2460944.6901736,301.2314448,-17.9978623,3,17.17020034790039,0.07629100233316422,60944.19017359987
102,2460944.647963,301.2314837,-17.997886,1,17.050399780273438,0.035489000380039215,60944.147962999996
103,2460944.6264583,301.231501,-17.9979022,2,17.30389976501465,0.07680699974298477,60944.12645829981
104,2460943.7109954,301.2313954,-17.9978937,2,17.868999481201172,0.1144310012459755,60943.21099539986
105,2460943.6895949,301.2314816,-17.9979186,2,16.714399337768555,0.06230999901890755,60943.18959489977
107,2460942.6889352,301.2315102,-17.9978729,2,16.3927001953125,0.057635001838207245,60942.18893520022
108,2460942.6638773,301.2314634,-17.9978665,1,17.236900329589844,0.06242100149393082,60942.16387729999
110,2460941.7079398,301.2314603,-17.9978781,2,16.15959930419922,0.05357100069522858,60941.207939799875
111,2460941.6889583,301.2314959,-17.9978688,2,16.158000946044922,0.05472400039434433,60941.18895829981
112,2460939.7290278,301.2314925,-17.9978646,2,16.72920036315918,0.0644410029053688,60939.229027799796
113,2460939.6985069,301.2314582,-17.9979089,1,17.603700637817383,0.06456100195646286,60939.19850690011
114,2460939.6907523,301.2314778,-17.997881,3,16.294099807739258,0.05681699886918068,60939.19075229997
115,2460938.7334606,301.2314643,-17.9978912,1,17.373899459838867,0.08284299820661545,60938.23346060002
116,2460938.7325231,301.2314701,-17.9979148,1,17.454099655151367,0.0643249973654747,60938.232523099985
119,2460938.6903704,301.2314684,-17.9978858,2,16.493900299072266,0.059383999556303024,60938.19037039997
120,2460935.6909259,301.2314452,-17.9979371,2,16.53350067138672,0.036903999745845795,60935.19092589989
121,2460935.6899884,301.2314375,-17.9978929,2,16.132200241088867,0.05389900133013725,60935.189988399856
122,2460935.67125,301.231466,-17.9978754,3,16.944000244140625,0.046640001237392426,60935.17125000013
123,2460935.67125,301.2314833,-17.9978521,3,16.805099487304688,0.12657199800014496,60935.17125000013
126,2460935.6474884,301.231489,-17.9978737,1,17.637399673461914,0.07899300009012222,60935.147488399874
127,2460934.7969444,301.2315047,-17.9978464,1,17.891799926757812,0.09986899793148041,60934.29694439983
129,2460934.7121759,301.2313843,-17.9979184,3,16.621999740600586,0.1269170045852661,60934.21217590012
131,2460934.6902199,301.2315959,-17.9980322,2,17.463899612426758,0.11102499812841415,60934.190219900105
132,2460934.6897454,301.231499,-17.9979063,2,16.58169937133789,0.04061799868941307,60934.1897454001
133,2460934.6888079,301.2314695,-17.9978827,2,16.547800064086914,0.06361699849367142,60934.188807900064
134,2460934.6667708,301.2314887,-17.9978827,1,17.657899856567383,0.07227600365877151,60934.16677080002
135,2460934.6667708,301.2315344,-17.9978561,1,17.59709930419922,0.044009000062942505,60934.16677080002
137,2460933.7321528,301.2314366,-17.9977918,3,16.623699188232422,0.08494400233030319,60933.232152800076
138,2460933.7292708,301.231512,-17.9978883,2,16.5841007232666,0.06439799815416336,60933.22927080002
139,2460933.6984259,301.2315893,-17.9979249,2,16.770999908447266,0.09705699980258942,60933.19842590019
140,2460933.6984259,301.2315455,-17.9978884,2,16.53510093688965,0.022458000108599663,60933.19842590019
141,2460933.6526852,301.2315059,-17.9978745,1,17.83989906311035,0.06854599714279175,60933.152685199864
143,2460932.7920949,301.2314476,-17.9978531,1,17.6476993560791,0.06796299666166306,60932.29209489981
144,2460932.7672106,301.2314758,-17.9978626,2,16.580699920654297,0.04512599855661392,60932.267210599966
145,2460932.7672106,301.2314758,-17.9978626,2,16.580699920654297,0.04512599855661392,60932.267210599966
146,2460932.7672106,301.2314758,-17.9978626,2,16.580699920654297,0.04512599855661392,60932.267210599966
147,2460932.7662616,301.2315235,-17.9978496,2,17.355300903320312,0.09822099655866623,60932.26626159996
148,2460932.7531597,301.2315177,-17.9979389,3,16.685100555419922,0.07307100296020508,60932.25315969996
149,2460932.7526852,301.2314619,-17.997907,3,16.15559959411621,0.0795459970831871,60932.25268519996
150,2460932.7317708,301.2315903,-17.9979212,2,16.666500091552734,0.08032800257205963,60932.23177079996
151,2460932.7317708,301.2314622,-17.9978547,2,16.519699096679688,0.02129499986767769,60932.23177079996
153,2460932.6714236,301.2313798,-17.9979074,1,18.18899917602539,0.10471799969673157,60932.171423600055
155,2460932.6681366,301.231415,-17.9979043,1,18.90850067138672,0.18613199889659882,60932.16813659994
158,2460929.7583565,301.2314818,-17.9979258,1,17.90559959411621,0.10877799987792969,60929.25835649995
159,2460929.7578819,301.2314292,-17.9979224,1,17.417499542236328,0.06686600297689438,60929.25788189983
161,2460929.7554514,301.2314158,-17.9979347,2,16.969600677490234,0.09177599847316742,60929.25545139983
162,2460928.8101273,301.2314585,-17.9979125,2,16.372900009155273,0.04588000103831291,60928.31012730021
163,2460928.8096528,301.2314114,-17.9978903,2,16.366199493408203,0.05224199965596199,60928.309652800206
164,2460928.7537616,301.2314839,-17.9978561,3,16.6781005859375,0.07764200121164322,60928.25376159977
169,2460928.6753241,301.2314535,-17.9978846,1,18.461000442504883,0.1315550059080124,60928.17532410007
172,2460927.6825694,301.2314471,-17.9978753,1,16.967899322509766,0.0396060012280941,60927.18256939994
173,2460927.6710185,301.2314123,-17.9978807,3,16.561399459838867,0.031755998730659485,60927.17101849988
174,2460927.6710185,301.2314008,-17.9979692,3,16.55900001525879,0.06395000219345093,60927.17101849988
175,2460927.6700694,301.2314214,-17.9979651,3,17.473499298095703,0.18979200720787048,60927.17006940022
176,2460927.6450463,301.2315003,-17.9978405,1,17.684900283813477,0.08688700199127197,60927.14504629979
177,2460926.808125,301.2314728,-17.997859,1,17.75860023498535,0.09440600126981735,60926.30812499998
178,2460926.7605093,301.2315146,-17.9978212,2,17.241199493408203,0.08241400122642517,60926.260509300046
179,2460926.7535764,301.2315013,-17.9980183,3,17.300500869750977,0.13518500328063965,60926.253576400224
181,2460926.7308333,301.2314774,-17.9979103,2,16.555999755859375,0.04770899936556816,60926.230833299924
183,2460926.6697569,301.231538,-17.9978885,2,16.879600524902344,0.12664799392223358,60926.16975690005
184,2460926.6688079,301.2315763,-17.9978219,2,16.8351993560791,0.06090899929404259,60926.168807900045
185,2460926.6481481,301.2314535,-17.9978608,1,17.628999710083008,0.0715780034661293,60926.14814809989
186,2460926.6476852,301.2314605,-17.9978727,1,17.228300094604492,0.05936799943447113,60926.147685199976
187,2460925.7655208,301.2314641,-17.9978998,1,17.213600158691406,0.06962999701499939,60925.265520799905
188,2460925.7513194,301.2314637,-17.9978639,1,17.51609992980957,0.08107899874448776,60925.251319400035
189,2460925.726169,301.2314555,-17.9979341,2,16.608200073242188,0.06663499772548676,60925.226168999914
190,2460925.7122454,301.2314812,-17.9978396,3,16.737499237060547,0.0625159963965416,60925.212245400064
191,2460925.7113079,301.2314645,-17.9979777,3,16.256000518798828,0.046872999519109726,60925.21130790003
193,2460924.763912,301.2314461,-17.9978982,1,17.757200241088867,0.10395900160074234,60924.26391200023
196,2460924.7496296,301.2314651,-17.9978849,1,17.427799224853516,0.05215900018811226,60924.24962959997
197,2460924.7072569,301.2314765,-17.9978619,2,16.34320068359375,0.04796700179576874,60924.20725690015
198,2460924.706794,301.231476,-17.9978878,2,16.311399459838867,0.05069100111722946,60924.20679400023
200,2460924.6909259,301.2314246,-17.997884,3,16.550399780273438,0.053909000009298325,60924.19092589989
201,2460924.6909259,301.2314306,-17.9979111,3,16.541500091552734,0.07685299962759018,60924.19092589989
206,2460920.7772454,301.2314853,-17.9980079,1,18.547300338745117,0.15863899886608124,60920.27724540001
210,2460920.7115046,301.2314533,-17.9979203,3,16.23780059814453,0.03998300060629845,60920.21150460001
211,2460920.7115046,301.2314533,-17.9979203,3,16.23780059814453,0.03998300060629845,60920.21150460001
213,2460920.6685532,301.2315329,-17.9979143,2,17.387800216674805,0.1639840006828308,60920.168553200085
215,2460920.6676157,301.2314939,-17.9979106,2,17.341999053955078,0.12730799615383148,60920.16761570005
216,2460919.7826968,301.231489,-17.9978946,2,16.843299865722656,0.06600300222635269,60919.28269679984
217,2460919.7759491,301.2314683,-17.99781,3,16.518999099731445,0.0691630020737648,60919.27594910003
218,2460919.7754861,301.2314437,-17.9979102,3,16.000499725341797,0.06488599628210068,60919.2754861
219,2460919.7534722,301.2315008,-17.9978885,2,16.199600219726562,0.05728299915790558,60919.25347220013
220,2460918.7746644,301.2315231,-17.9979281,1,17.752099990844727,0.07135000079870224,60918.274664400145
226,2460918.7421991,301.2314464,-17.9979076,2,16.882600784301758,0.09272000193595886,60918.24219910009
227,2460918.74125,301.2314357,-17.9978883,2,16.73579978942871,0.10879699885845184,60918.24124999996
229,2460918.6790856,301.2314302,-17.9979405,1,17.627599716186523,0.08756200224161148,60918.17908560019
230,2460917.7574884,301.231457,-17.9979127,1,17.357799530029297,0.05719099938869476,60917.25748840021
231,2460917.7565394,301.2314512,-17.9978863,1,17.060800552368164,0.04629199951887131,60917.2565394002
233,2460917.731331,301.2314692,-17.9978916,3,17.04290008544922,0.05959000065922737,60917.231331000105
234,2460917.7202894,301.2316182,-17.9977938,2,17.111000061035156,0.07347600162029266,60917.22028939985
235,2460917.7202894,301.2315445,-17.9977655,2,17.12980079650879,0.037223998457193375,60917.22028939985
236,2460917.7188657,301.2314813,-17.9978633,2,16.479999542236328,0.05382699891924858,60917.218865700066
237,2460916.8127083,301.2314432,-17.9979137,1,17.118799209594727,0.045054998248815536,60916.31270830007
239,2460916.8087153,301.2314874,-17.9979265,2,16.623300552368164,0.04199200123548508,60916.30871530017
240,2460916.7957523,301.2314562,-17.9978872,3,15.962300300598145,0.03158799931406975,60916.29575229995
241,2460916.7952778,301.2314861,-17.9979266,3,16.273399353027344,0.047770000994205475,60916.295277799945
242,2460916.7327315,301.2315567,-17.9979024,2,16.669099807739258,0.06329599767923355,60916.232731500175
243,2460916.731794,301.2315574,-17.9978638,2,16.631500244140625,0.09375599771738052,60916.23179400014
244,2460916.7082523,301.2314891,-17.9978505,1,17.747900009155273,0.09911800175905228,60916.20825230004
245,2460916.7073148,301.231501,-17.9978212,1,17.430599212646484,0.06290300190448761,60916.207314800005
246,2460916.7059028,301.2314737,-17.9979059,1,17.428499221801758,0.05314499884843826,60916.205902799964
250,2460914.7331829,301.2314075,-17.997861,2,16.664600372314453,0.09381099790334702,60914.23318290012
251,2460914.7317708,301.2314073,-17.9977921,2,17.33769989013672,0.06150500103831291,60914.23177079996
252,2460914.6685995,301.2315119,-17.9978688,1,17.571199417114258,0.06170399859547615,60914.168599499855
253,2460913.8472106,301.2315187,-17.9978916,2,16.186399459838867,0.05212000012397766,60913.34721060004
254,2460913.8467477,301.2315081,-17.9978088,2,16.210800170898438,0.04250200092792511,60913.346747700125
255,2460913.8462731,301.2316218,-17.9978987,2,16.650999069213867,0.04123200103640556,60913.3462731
256,2460913.8462731,301.2315596,-17.9978482,2,16.551700592041016,0.02497600018978119,60913.3462731
257,2460913.8017593,301.2313958,-17.9978535,1,18.057899475097656,0.0749410018324852,60913.30175929982
258,2460913.8008102,301.2314137,-17.9977758,1,18.09480094909668,0.0928260013461113,60913.30081020016
262,2460913.7743403,301.2314185,-17.9979116,3,16.351900100708008,0.053585998713970184,60913.27434029989
263,2460913.7733912,301.2314477,-17.9978831,3,16.73509979248047,0.09756200015544891,60913.27339120023
264,2460911.8022222,301.231627,-17.9979097,2,17.407100677490234,0.13736499845981598,60911.302222200204
265,2460911.8022222,301.2315849,-17.9978681,2,17.159500122070312,0.038763001561164856,60911.302222200204
266,2460911.8003356,301.2314976,-17.9979091,2,16.578399658203125,0.06261499971151352,60911.30033560004
267,2460911.7993981,301.231609,-17.9978188,2,17.464399337768555,0.1482519954442978,60911.2993981
268,2460911.7821412,301.2315219,-17.9979427,1,17.967899322509766,0.08691299706697464,60911.2821411998
269,2460911.7743171,301.2315328,-17.99778,3,16.563400268554688,0.05711299926042557,60911.27431710018
270,2460911.7733796,301.2314527,-17.9979178,3,16.077499389648438,0.05488000065088272,60911.27337960014
271,2460911.710787,301.2312647,-17.997939,1,18.848100662231445,0.12744499742984772,60911.210787000135
274,2460910.7920949,301.2314987,-17.9978777,2,16.368499755859375,0.05983100086450577,60910.29209489981
275,2460910.7911574,301.2314513,-17.9979016,2,16.088499069213867,0.05936900153756142,60910.29115739977
277,2460910.7344676,301.2314588,-17.9978877,1,17.591400146484375,0.09289500117301941,60910.23446760001
278,2460910.7316319,301.2314333,-17.9978883,1,17.09440040588379,0.04637899994850159,60910.231631900184
279,2460910.7306944,301.2314883,-17.9979025,1,17.390499114990234,0.0916839987039566,60910.23069440015
280,2460909.8120602,301.2314768,-17.9978355,1,17.75429916381836,0.0751509964466095,60909.31206020014
288,2460908.7493287,301.2314918,-17.9978913,2,16.37299919128418,0.04181800037622452,60908.249328699894
289,2460908.7459838,301.2314903,-17.9978965,2,16.32939910888672,0.06182299926877022,60908.24598379992
294,2460904.7314236,301.2315288,-17.9979214,2,16.280000686645508,0.057805001735687256,60904.23142360011
295,2460904.7304745,301.2315622,-17.9978766,2,16.78059959411621,0.11337599903345108,60904.230474499986
297,2460903.8229051,301.2313907,-17.9978605,1,17.781200408935547,0.06845100224018097,60903.32290509995
299,2460903.8171181,301.2316055,-17.9978264,2,18.0231990814209,0.13174399733543396,60903.31711809989
302,2460903.7580787,301.231488,-17.9978414,3,16.36359977722168,0.11249800026416779,60903.25807869993
303,2460903.7304745,301.2316171,-17.9979464,1,18.540700912475586,0.12490200251340866,60903.230474499986
304,2460903.7304745,301.2316171,-17.9979464,1,18.540700912475586,0.12490200251340866,60903.230474499986
307,2460902.7054861,301.231396,-17.9978653,2,17.587099075317383,0.08616500347852707,60902.20548610017
309,2460901.7485648,301.231462,-17.9979134,1,17.534500122070312,0.0655670017004013,60901.24856479978
310,2460901.7485648,301.231462,-17.9979134,1,17.534500122070312,0.0655670017004013,60901.24856479978
312,2460901.7069792,301.2314861,-17.9978983,2,16.354700088500977,0.05324200168251991,60901.20697919978
313,2460901.7069792,301.2314861,-17.9978983,2,16.354700088500977,0.05324200168251991,60901.20697919978
314,2460900.8185648,301.2314407,-17.9979348,1,18.39539909362793,0.13499900698661804,60900.31856480008
315,2460900.8090162,301.2314416,-17.9978637,2,16.903200149536133,0.02912599965929985,60900.30901619978
316,2460900.8090162,301.2314353,-17.9978599,2,17.00830078125,0.05515500158071518,60900.30901619978
317,2460899.7808333,301.2315115,-17.9978716,2,16.343700408935547,0.03211500123143196,60899.2808333002
324,2460898.7104977,301.2314222,-17.9978871,2,17.13559913635254,0.0522879995405674,60898.21049770014
325,2460897.7484606,301.2314605,-17.9979373,2,17.30780029296875,0.07338199764490128,60897.24846060015
326,2460896.802963,301.2314897,-17.9978522,2,17.168800354003906,0.06566700339317322,60896.30296299979
327,2460896.8020255,301.2314994,-17.9978947,2,16.971099853515625,0.07373099774122238,60896.30202550022
328,2460892.7985648,301.2314539,-17.9978923,3,15.789400100708008,0.041519999504089355,60892.29856480006
330,2460892.7751852,301.231334,-17.9979144,2,17.2539005279541,0.15796299278736115,60892.27518519992
331,2460892.7742477,301.2313897,-17.9979383,2,17.37929916381836,0.13288399577140808,60892.27424769988
333,2460891.8408565,301.2314614,-17.9978951,3,15.848899841308594,0.03310900181531906,60891.34085649997
334,2460890.8610995,301.2314471,-17.997902,2,17.430700302124023,0.054701998829841614,60890.36109950021
335,2460890.8601505,301.2313886,-17.9979225,2,17.609699249267578,0.06480800360441208,60890.3601505002
336,2460890.859213,301.2314471,-17.9978843,2,16.784099578857422,0.05102099850773811,60890.35921300016
337,2460890.8582639,301.2314186,-17.9978938,2,16.8981990814209,0.05746699869632721,60890.35826390004
339,2460890.8013542,301.2314987,-17.9979068,1,17.677000045776367,0.08718500286340714,60890.30135420011
340,2460889.838287,301.2315269,-17.9978354,3,16.485700607299805,0.04961799830198288,60889.33828700008
342,2460888.8470833,301.2314902,-17.9978851,1,17.601600646972656,0.05963699892163277,60888.34708329989
343,2460888.8456713,301.231516,-17.9978846,1,18.26059913635254,0.10557399690151215,60888.345671299845
344,2460888.8182755,301.2314096,-17.9979656,3,17.4822998046875,0.13739299774169922,60888.31827550009
345,2460888.8182755,301.2314096,-17.9979656,3,17.4822998046875,0.13739299774169922,60888.31827550009
347,2460888.795162,301.2314605,-17.9978938,2,16.302799224853516,0.053762998431921005,60888.29516200023
348,2460888.7942245,301.2314616,-17.9979036,2,16.312599182128906,0.05201200023293495,60888.29422450019
350,2460887.8377662,301.231447,-17.9978863,2,16.381999969482422,0.059776999056339264,60887.33776619984
353,2460887.7891435,301.2315372,-17.9978917,1,17.764799118041992,0.06645999848842621,60887.28914349992
354,2460887.788206,301.2314936,-17.9978904,1,17.80120086669922,0.0669659972190857,60887.28820599988
355,2460887.75875,301.2314559,-17.9977305,3,16.48390007019043,0.05473700165748596,60887.25875000004
357,2460886.8783102,301.2314504,-17.9979525,3,16.037200927734375,0.043202999979257584,60886.37831019983
358,2460886.7982292,301.231496,-17.9979563,2,16.207599639892578,0.036556001752614975,60886.298229199834
359,2460886.7977662,301.2315695,-17.9979647,2,16.74410057067871,0.05796299874782562,60886.2977661998
360,2460886.7977662,301.2315197,-17.9978972,2,16.63920021057129,0.023221999406814575,60886.2977661998
361,2460886.7949306,301.2314921,-17.9978957,2,16.24220085144043,0.035891998559236526,60886.294930600096
362,2460886.7846644,301.2314923,-17.9978793,1,17.339599609375,0.05789799988269806,60886.28466439992
363,2460886.7842014,301.2315036,-17.9977986,1,17.958599090576172,0.10551200062036514,60886.28420139989
365,2460886.7832523,301.2315029,-17.9979207,1,17.62980079650879,0.11638300120830536,60886.28325230023
366,2460886.7718519,301.2314972,-17.9979451,1,17.584299087524414,0.05372399836778641,60886.271851900034
367,2460885.9239352,301.2314525,-17.9979193,1,17.83340072631836,0.12464600056409836,60885.42393520009
368,2460885.9234606,301.2314933,-17.9979001,1,17.874500274658203,0.10639499872922897,60885.423460599966
369,2460885.920787,301.2314416,-17.9979318,1,17.28580093383789,0.05322999879717827,60885.4207870001
370,2460885.9203009,301.231445,-17.9978733,1,17.2455997467041,0.05070300027728081,60885.420300900005
371,2460885.9198264,301.2314488,-17.9979074,1,17.249099731445312,0.04321900010108948,60885.4198264
372,2460885.8573727,301.2315071,-17.9978126,3,16.797300338745117,0.12288200110197067,60885.35737269977
374,2460885.8183681,301.2315503,-17.99791,2,16.857799530029297,0.04035399854183197,60885.318368100096
375,2460884.9381019,301.2314139,-17.9979069,1,17.76259994506836,0.07499600201845169,60884.43810189981
376,2460884.890787,301.2314882,-17.9979137,2,16.296499252319336,0.04199099913239479,60884.39078699984
377,2460884.8014699,301.2314485,-17.9978969,1,17.037399291992188,0.041186001151800156,60884.30146990018
378,2460884.7976968,301.2314625,-17.9978977,1,17.185699462890625,0.06082899868488312,60884.29769679997
379,2460884.7948727,301.2314639,-17.9979082,1,17.113100051879883,0.05204299837350845,60884.29487269977
380,2460884.7920023,301.2314636,-17.9979037,2,16.50119972229004,0.04187599942088127,60884.2920022998
381,2460884.7723727,301.2314462,-17.9978656,2,17.26569938659668,0.07122000306844711,60884.27237269981
383,2460883.8578588,301.2314173,-17.9981063,3,17.55109977722168,0.05269400030374527,60883.35785879986
384,2460883.8113773,301.2313957,-17.9979164,1,17.958099365234375,0.08676300197839737,60883.31137729995
387,2460883.7722454,301.231518,-17.9978955,2,16.805999755859375,0.1429940015077591,60883.27224540012
388,2460882.8360648,301.2314706,-17.9980611,1,18.456199645996094,0.09888400137424469,60882.336064800154
390,2460882.7845139,301.2314456,-17.9978865,2,16.223600387573242,0.040702998638153076,60882.28451390006
391,2460882.7739815,301.2314808,-17.9978841,2,16.362499237060547,0.03685399889945984,60882.27398149995
395,2460881.8374884,301.231472,-17.9977961,3,16.54840087890625,0.06079399958252907,60881.33748839982
397,2460881.7499074,301.2314413,-17.9978897,1,17.084199905395508,0.054069001227617264,60881.24990739999
398,2460880.8379861,301.231634,-17.9979035,2,17.255300521850586,0.14278699457645416,60880.3379861
399,2460880.8069676,301.2314372,-17.9979101,1,18.52389907836914,0.13798999786376953,60880.30696759978
400,2460880.7793519,301.2314595,-17.9979205,3,16.367300033569336,0.04567199945449829,60880.279351899866
401,2460880.7548032,301.2315267,-17.9978921,2,16.72909927368164,0.08170600235462189,60880.25480319979
402,2460880.7538542,301.2314919,-17.9978532,2,16.71470069885254,0.0475040003657341,60880.25385419978
403,2460879.8984028,301.2314761,-17.9978981,3,16.667800903320312,0.05336799845099449,60879.39840279985
404,2460879.8639931,301.2316007,-17.9978952,2,17.154300689697266,0.06596799939870834,60879.36399309989
405,2460879.863044,301.2315703,-17.9977943,2,17.510000228881836,0.07370699942111969,60879.36304400023
407,2460878.8794676,301.2314572,-17.9979298,3,16.210100173950195,0.0343099981546402,60878.379467600025
408,2460878.854375,301.2314127,-17.9978917,1,17.92340087890625,0.07881499826908112,60878.35437500011
410,2460878.8371412,301.2315283,-17.997828,1,18.291099548339844,0.1100509986281395,60878.33714119997
411,2460878.81625,301.2315001,-17.9978832,2,16.86079978942871,0.09186600148677826,60878.31625000015
413,2460878.7946644,301.2314808,-17.9979442,2,16.24959945678711,0.04578600078821182,60878.294664400164
414,2460877.8585532,301.2314655,-17.9979042,3,16.927000045776367,0.05279099941253662,60877.35855320003
415,2460877.8155556,301.2314819,-17.9979606,2,16.88520050048828,0.057048000395298004,60877.315555599984
416,2460877.8146065,301.2316146,-17.9979601,2,16.930299758911133,0.05299000069499016,60877.31460649986
417,2460877.8080093,301.2315164,-17.9978504,2,16.353900909423828,0.06281200051307678,60877.308009299915
421,2460877.7730093,301.2313562,-17.9978031,1,18.06719970703125,0.08478900045156479,60877.27300930023
422,2460877.7725347,301.2313434,-17.997815,1,18.73590087890625,0.18025000393390656,60877.27253470011
423,2460876.8631019,301.2314906,-17.9978661,1,18.059099197387695,0.06340400129556656,60876.36310190009
424,2460876.8537269,301.2315059,-17.9978921,1,17.54949951171875,0.06885500252246857,60876.35372690018
425,2460876.8387616,301.2314372,-17.9976209,3,17.112499237060547,0.12247800081968307,60876.3387616002
426,2460876.8387616,301.2314308,-17.997635,3,17.174800872802734,0.05761900171637535,60876.3387616002
428,2460876.8127199,301.2314793,-17.9979175,1,17.915700912475586,0.07884400337934494,60876.31271990016
429,2460876.8122569,301.231417,-17.9978079,1,18.705299377441406,0.1914680004119873,60876.31225690013
430,2460876.8113079,301.2314742,-17.9979667,1,18.658899307250977,0.11207699775695801,60876.31130790012
431,2460876.7867361,301.2314515,-17.9979011,2,16.131099700927734,0.057999998331069946,60876.28673609998
434,2460875.8383333,301.2314427,-17.997888,2,16.356300354003906,0.052545998245477676,60875.33833329985
435,2460875.8373958,301.2314316,-17.9978901,2,16.305500030517578,0.04490400105714798,60875.33739579981
436,2460875.8315856,301.2314749,-17.9978871,1,17.106300354003906,0.052827998995780945,60875.33158560004
437,2460875.8311111,301.2314962,-17.9978896,1,17.158000946044922,0.04915999993681908,60875.33111110004
438,2460875.8306366,301.2314498,-17.9979054,1,16.898799896240234,0.037487998604774475,60875.33063660003
439,2460875.8177315,301.2314514,-17.9978968,3,16.21269989013672,0.039232999086380005,60875.31773150014
442,2460873.8113773,301.2314835,-17.9978732,2,16.322099685668945,0.057193998247385025,60873.31137729995
444,2460873.7918171,301.2315528,-17.9978831,2,16.589799880981445,0.07093899697065353,60873.29181709979
445,2460873.7591898,301.2313973,-17.9979254,3,16.21500015258789,0.07265499979257584,60873.259189799894
446,2460873.7492361,301.2314594,-17.9978977,1,17.376800537109375,0.09746699780225754,60873.24923609989
447,2460872.9027778,301.2314181,-17.9980622,2,17.177900314331055,0.10492599755525589,60872.40277779987
449,2460872.9018287,301.2315655,-17.9978715,2,17.131999969482422,0.1627119928598404,60872.40182870021
450,2460872.8575463,301.2314922,-17.9978061,3,16.690099716186523,0.07222399860620499,60872.35754630016
452,2460872.778125,301.2313551,-17.9979365,2,17.55780029296875,0.07406400144100189,60872.278125000186
453,2460872.7472106,301.2315721,-17.9978434,1,17.766599655151367,0.07333900034427643,60872.24721059995
454,2460872.7467477,301.2314129,-17.9977004,1,18.435199737548828,0.09895700216293335,60872.24674770003
457,2460872.7434375,301.2315713,-17.9978325,1,17.48069953918457,0.06414899975061417,60872.243437500205
458,2460871.8456713,301.2314758,-17.9979068,1,17.775400161743164,0.089028000831604,60871.345671299845
459,2460871.8447338,301.2314513,-17.9978453,1,17.925199508666992,0.13238899409770966,60871.34473379981
460,2460871.8154514,301.2314302,-17.9979566,2,16.993000030517578,0.08284100145101547,60871.31545139989
461,2460871.7973264,301.2314919,-17.997889,2,16.852699279785156,0.1040550023317337,60871.297326399945
462,2460871.7963773,301.2314469,-17.9978658,2,16.769699096679688,0.08849799633026123,60871.29637729982
463,2460871.7596991,301.2315538,-17.9979058,3,16.45439910888672,0.05334800109267235,60871.25969910016
464,2460871.7201852,301.2314988,-17.9978711,1,17.59440040588379,0.09525600075721741,60871.22018520022
465,2460871.7192477,301.2314438,-17.9977855,1,17.57270050048828,0.107014000415802,60871.21924770018
466,2460871.7183102,301.2316794,-17.9978351,1,17.667400360107422,0.1271190047264099,60871.21831020014
468,2460870.7834954,301.2314898,-17.9978649,2,16.20669937133789,0.06563899666070938,60870.2834954001
469,2460870.7830208,301.2315787,-17.99789,2,16.740100860595703,0.09446299821138382,60870.28302079998
470,2460870.7473148,301.231492,-17.997887,1,18.103700637817383,0.11089099943637848,60870.24731480004
475,2460869.7395949,301.2314995,-17.997915,1,17.381999969482422,0.04788000136613846,60869.23959490005
476,2460869.7386574,301.2314714,-17.9979101,1,17.354900360107422,0.08078800141811371,60869.23865740001
477,2460869.7323611,301.2314881,-17.9979362,1,18.00349998474121,0.10288400202989578,60869.23236110015
479,2460866.7952778,301.2315039,-17.9978342,2,16.68670082092285,0.04715599864721298,60866.295277799945
480,2460865.8951273,301.2314545,-17.9978669,1,17.58009910583496,0.09776099771261215,60865.39512730017
481,2460865.8946528,301.2314354,-17.9979007,1,17.287511825561523,0.06518463045358658,60865.39465280017
482,2460865.8946528,301.2314354,-17.9979007,1,17.287500381469727,0.06518500298261642,60865.39465280017
483,2460865.888831,301.2314845,-17.9978966,3,16.579599380493164,0.06677500158548355,60865.388830999844
484,2460865.8377778,301.2315238,-17.9979244,1,17.681299209594727,0.06930900365114212,60865.33777779993
485,2460865.8368403,301.2315049,-17.997878,1,17.731199264526367,0.0873659998178482,60865.33684029989
486,2460865.8358912,301.2314577,-17.9979093,1,17.2908992767334,0.05999099835753441,60865.33589120023
487,2460865.8011458,301.2314839,-17.9978902,2,16.39430046081543,0.04848099872469902,60865.301145799924
488,2460864.8996412,301.2314825,-17.99787,1,17.6830997467041,0.08664499968290329,60864.39964119997
489,2460864.8595486,301.2315603,-17.9978867,2,16.70199966430664,0.10606600344181061,60864.359548599925
490,2460864.8590856,301.2315072,-17.997883,2,16.19879913330078,0.04754500091075897,60864.35908559989
491,2460864.8581366,301.2314695,-17.9978667,2,16.222700119018555,0.0493290014564991,60864.35813659988
492,2460863.8754398,301.2314822,-17.9978488,1,18.41699981689453,0.12860900163650513,60863.37543979986
495,2460863.85875,301.2312602,-17.9977978,1,18.74180030822754,0.19147899746894836,60863.35875000013
497,2460863.8187616,301.2314179,-17.9978598,2,16.50589942932129,0.08636300265789032,60863.31876160018
498,2460863.816875,301.2314849,-17.9979132,2,16.68400001525879,0.043529998511075974,60863.31687500002
499,2460862.9171875,301.2314855,-17.9978693,1,17.634899139404297,0.05548999831080437,60862.417187499814
500,2460862.8916667,301.2315263,-17.9978136,2,17.563499450683594,0.09102600067853928,60862.39166670013
503,2460861.9212269,301.2314415,-17.997878,1,17.80699920654297,0.06799200177192688,60861.42122690007
504,2460861.8578356,301.2315411,-17.9978836,2,17.0575008392334,0.08835899829864502,60861.35783560015
505,2460861.8568981,301.2314808,-17.9978837,2,16.41230010986328,0.042066000401973724,60861.356898100115
506,2460861.8480324,301.2315763,-17.9979751,2,16.90760040283203,0.08978600054979324,60861.34803240001
507,2460860.9023843,301.2314399,-17.9978789,1,17.731800079345703,0.05787599831819534,60860.402384299785
508,2460860.8538657,301.2314932,-17.9978694,2,16.249099731445312,0.06080000102519989,60860.35386569984
509,2460859.9010185,301.2315482,-17.997855,1,17.831499099731445,0.08560799807310104,60859.40101849986
510,2460859.8100347,301.231464,-17.9979922,2,16.788000106811523,0.07064200192689896,60859.310034700204
512,2460858.8560532,301.231454,-17.9979115,1,17.383499145507812,0.05991600081324577,60858.356053200085
514,2460857.8316551,301.2315767,-17.9979341,1,17.692800521850586,0.08069640398025513,60857.33165509999
515,2460857.8316551,301.2315767,-17.9979341,1,17.692800521850586,0.0806960016489029,60857.33165509999
520,2460855.857662,301.2315702,-17.9981092,2,17.568599700927734,0.0664990022778511,60855.35766200023
522,2460854.9427894,301.2314912,-17.997893,1,17.23539924621582,0.043136999011039734,60854.4427894
524,2460852.9410532,301.2314452,-17.9978899,2,16.332500457763672,0.048183001577854156,60852.44105320005
526,2460852.8977431,301.2314333,-17.9978372,1,17.722299575805664,0.07565999776124954,60852.397743099835
527,2460852.8977431,301.2314333,-17.9978372,1,17.722299575805664,0.07565999776124954,60852.397743099835
528,2460852.8466204,301.2314894,-17.9979452,2,16.23710060119629,0.05714699998497963,60852.34662039997
529,2460850.9549653,301.2315712,-17.9980028,2,16.978008270263672,0.09631062299013138,60850.45496529993
530,2460850.9549653,301.2315715,-17.9980098,2,16.645849227905273,0.02440766803920269,60850.45496529993
531,2460850.9549653,301.2315712,-17.9980028,2,16.97800064086914,0.09631100296974182,60850.45496529993
532,2460850.9549653,301.2315715,-17.9980098,2,16.64579963684082,0.024407999590039253,60850.45496529993
533,2460850.9197106,301.231525,-17.9977267,2,17.10930061340332,0.1232760027050972,60850.41971059982
534,2460850.9197106,301.231525,-17.9977267,2,17.10930061340332,0.1232760027050972,60850.41971059982
535,2460850.896956,301.2315125,-17.9978976,2,17.05229949951172,0.04781699925661087,60850.39695600001
536,2460850.896956,301.2315125,-17.9978976,2,17.05229949951172,0.04781699925661087,60850.39695600001
538,2460848.9426968,301.2314552,-17.9979374,2,16.18899917602539,0.03565099835395813,60848.44269679999
539,2460848.9417593,301.2314955,-17.9979228,2,16.47719955444336,0.027509000152349472,60848.44175929995
540,2460848.9198264,301.2313593,-17.9978892,1,18.161800384521484,0.09014199674129486,60848.4198264
542,2460846.964919,301.2314892,-17.9979025,1,17.457799911499023,0.04657299816608429,60846.46491899993
543,2460846.964456,301.2314966,-17.9979335,1,17.912599563598633,0.08896300196647644,60846.4644559999
544,2460846.8773611,301.2313145,-17.9979229,2,17.22450065612793,0.07095900177955627,60846.37736110017
545,2460846.8607292,301.2314126,-17.9979219,2,16.79010009765625,0.043877001851797104,60846.360729199834
546,2460844.9206481,301.2314363,-17.9978688,1,18.20669937133789,0.0801289975643158,60844.420648099855
548,2460844.8981019,301.2315529,-17.9978842,2,17.286800384521484,0.09096500277519226,60844.39810189977
549,2460844.8602546,301.2314799,-17.9978839,2,16.194299697875977,0.047680001705884933,60844.36025460018
550,2460842.9366667,301.231531,-17.9979477,1,17.81599998474121,0.07509300112724304,60842.43666670006
551,2460842.8992477,301.2314715,-17.9978448,1,18.10300064086914,0.07711700350046158,60842.39924769988
552,2460842.8558565,301.2314454,-17.9979283,2,16.608800888061523,0.031943000853061676,60842.3558565001
553,2460836.9393171,301.2314403,-17.9978921,1,17.45949935913086,0.07018899917602539,60836.439317100216
554,2460836.9388426,301.2315097,-17.9979067,1,17.069900512695312,0.04917300119996071,60836.43884260021
555,2460836.8980093,301.231399,-17.9979344,2,17.156600952148438,0.09902100265026093,60836.39800930023
557,2460834.9015625,301.2315191,-17.9978658,1,17.994699478149414,0.07761900126934052,60834.401562499814
558,2460834.842338,301.2313972,-17.9979103,2,16.882099151611328,0.06818100064992905,60834.34233799996
559,2460834.841875,301.2312274,-17.9980309,2,17.902700424194336,0.07974500209093094,60834.341874999925
560,2460832.8765856,301.2314793,-17.9979419,1,17.526100158691406,0.09070300310850143,60832.376585599966
561,2460830.9176273,301.2314598,-17.9978109,1,17.900299072265625,0.09085500240325928,60830.417627300136
563,2460830.8976736,301.2314948,-17.9978974,1,17.944799423217773,0.08442199975252151,60830.39767359989
564,2460830.8976736,301.2314948,-17.9978974,1,17.944799423217773,0.08442199975252151,60830.39767359989
565,2460826.9402662,301.2315008,-17.9978396,2,16.21619987487793,0.033298999071121216,60826.440266199876
566,2460826.9173727,301.2314522,-17.9979216,1,17.40239906311035,0.07955799996852875,60826.41737269983
568,2460823.8590741,301.2315451,-17.997863,2,16.96150016784668,0.09016600251197815,60823.35907409992
569,2460823.8590741,301.2314873,-17.9978825,2,16.904800415039062,0.03076300024986267,60823.35907409992
570,2460823.8532523,301.2315163,-17.9979593,2,16.6156005859375,0.06419999897480011,60823.35325230006
571,2460821.8802431,301.2313432,-17.9978873,1,17.861799240112305,0.07609300315380096,60821.380243100226
572,2460821.8797685,301.2314429,-17.9979809,1,18.650400161743164,0.1677819937467575,60821.379768500105
573,2460819.9393866,301.2315755,-17.9979528,1,18.034000396728516,0.08737500011920929,60819.43938660016
574,2460818.959294,301.2315762,-17.9979448,1,17.991100311279297,0.07478199899196625,60818.459294000175
575,2460818.8968056,301.2316246,-17.9978045,2,17.356800079345703,0.0856420025229454,60818.3968055998
576,2460818.8968056,301.2315916,-17.9977978,2,17.235200881958008,0.03919000178575516,60818.3968055998
578,2460817.9348843,301.2314954,-17.9979069,2,16.636199951171875,0.05764099955558777,60817.43488429999
580,2460816.9184954,301.2314106,-17.9978934,2,16.717100143432617,0.06689900159835815,60816.41849539988
581,2460815.9608565,301.2315001,-17.9978867,1,17.621200561523438,0.07788799703121185,60815.46085650008
582,2460815.9355671,301.2314852,-17.9978381,2,16.799800872802734,0.05451900139451027,60815.43556710007
583,2460811.9593981,301.2314514,-17.9979073,1,17.579200744628906,0.0674469992518425,60811.45939810015
590,2460802.9973495,301.2314156,-17.9978963,2,17.156600952148438,0.05724899843335152,60802.49734950019
591,2460802.9523148,301.2315338,-17.9979355,1,17.899099349975586,0.08939900249242783,60802.45231480012
592,2460796.9797685,301.2315473,-17.9978558,1,18.154600143432617,0.08701799809932709,60796.4797685002
593,2460796.9602431,301.2315195,-17.9978202,1,18.463300704956055,0.09371799975633621,60796.460243099835
594,2460796.9390509,301.2314402,-17.9979004,2,16.775999069213867,0.05179600045084953,60796.43905089982
595,2460796.9385764,301.2314424,-17.9978258,2,17.704099655151367,0.06325700134038925,60796.438576399814
596,2460788.0017593,301.231492,-17.9979047,2,16.800600051879883,0.06473000347614288,60787.50175930001
597,2460629.6064583,301.231455,-17.9978896,2,16.712778091430664,0.06639733910560608,60629.10645829979
598,2460628.6287269,301.2316077,-17.9979081,2,16.713199615478516,0.06421399861574173,60628.12872690009
599,2460628.6287269,301.2314637,-17.9979103,2,16.622400283813477,0.036364998668432236,60628.12872690009
601,2460626.6297801,301.2314072,-17.9978908,2,17.224599838256836,0.06534100323915482,60626.12978010019
602,2460626.6288426,301.2314505,-17.997925,2,16.542499542236328,0.047171998769044876,60626.128842600156
603,2460626.5943287,301.2314189,-17.9980428,1,17.9414005279541,0.0863490030169487,60626.0943287001
605,2460625.6287269,301.2315745,-17.9977843,2,17.308900833129883,0.12170500308275223,60625.12872690009
606,2460625.6287269,301.231491,-17.9976637,2,17.10689926147461,0.0515809990465641,60625.12872690009
607,2460625.6062037,301.2315142,-17.9978899,2,16.280099868774414,0.045253001153469086,60625.10620369995
608,2460625.591412,301.231524,-17.9978549,1,17.872600555419922,0.10450199991464615,60625.09141199989
609,2460619.6087269,301.2315489,-17.9978281,1,18.60810089111328,0.15209199488162994,60619.10872690007
610,2460619.6077778,301.231443,-17.9979221,1,17.70789909362793,0.060453999787569046,60619.107777799945
611,2460619.592419,301.2314632,-17.9979137,2,16.31920051574707,0.04154499992728233,60619.09241899988
612,2460615.5928704,301.2314485,-17.9978951,2,16.061500549316406,0.057307999581098557,60615.09287039982
615,2460609.6722917,301.2314799,-17.9978806,1,17.42609977722168,0.08579999953508377,60609.1722916998
616,2460609.6283333,301.2314598,-17.9979227,2,16.690000534057617,0.05817800015211105,60609.12833329989
617,2460609.6273843,301.2316879,-17.9978741,2,17.58340072631836,0.1789969950914383,60609.12738429988
618,2460609.6273843,301.2315666,-17.9979577,2,17.238300323486328,0.044550999999046326,60609.12738429988
620,2460607.6071296,301.2314157,-17.9978848,1,17.885700225830078,0.08554700016975403,60607.1071295999
621,2460603.6779167,301.2315867,-17.997858,2,16.694000244140625,0.06411299854516983,60603.17791670002
622,2460603.6292593,301.2315039,-17.9979003,1,17.78019905090332,0.06449399888515472,60603.12925929995
623,2460603.6283102,301.231463,-17.9978668,1,18.510299682617188,0.13545799255371094,60603.12831019983
624,2460599.6495486,301.2315162,-17.9979179,2,16.981000900268555,0.15077200531959534,60599.14954859996
625,2460599.6495486,301.2314492,-17.9979722,2,16.72610092163086,0.03579400107264519,60599.14954859996
626,2460599.6495486,301.2315162,-17.9979179,2,16.981000900268555,0.15077200531959534,60599.14954859996
627,2460599.6495486,301.2314492,-17.9979722,2,16.72610092163086,0.03579400107264519,60599.14954859996
628,2460598.6738889,301.2315409,-17.9978657,1,17.72879981994629,0.08436799794435501,60598.17388889985
629,2460598.6076157,301.2312743,-17.9978444,2,18.43899917602539,0.09553100168704987,60598.10761569999
630,2460597.6696644,301.2314451,-17.9978772,1,16.9143009185791,0.05004199966788292,60597.169664400164
632,2460596.6726852,301.2314999,-17.9978432,1,18.319700241088867,0.08395999670028687,60596.17268519988
633,2460596.6374769,301.2314796,-17.9978797,2,16.20039939880371,0.04335299879312515,60596.13747690013
634,2460593.6697917,301.2314903,-17.9978552,2,17.242900848388672,0.0769139975309372,60593.16979169985
635,2460593.6688542,301.2314483,-17.9979029,2,16.490100860595703,0.050592999905347824,60593.168854199816
636,2460593.6443519,301.2314578,-17.9978666,1,17.984500885009766,0.08900599926710129,60593.14435190009
637,2460593.6270023,301.2313546,-17.9977978,1,18.059499740600586,0.09846699982881546,60593.12700230023
638,2460591.6645949,301.2314241,-17.9977792,1,17.742700576782227,0.08121500164270401,60591.16459489986
639,2460591.6641319,301.2314371,-17.9978429,1,17.258699417114258,0.0653349980711937,60591.16413189983
640,2460591.6128819,301.23155,-17.9978901,2,17.151599884033203,0.11219099909067154,60591.11288189981
642,2460580.6487847,301.2316171,-17.9979087,2,16.940099716186523,0.07154799997806549,60580.14878469985
643,2460580.6487847,301.2315181,-17.9979218,2,16.866500854492188,0.028943000361323357,60580.14878469985
644,2460579.7512037,301.2316042,-17.9978787,2,17.618000030517578,0.07451499998569489,60579.25120369997
645,2460578.6903125,301.2315511,-17.997893,2,16.587400436401367,0.0709030032157898,60578.19031250011
647,2460576.780706,301.2315365,-17.9978361,3,16.384000778198242,0.049653999507427216,60576.28070600005
648,2460576.7336343,301.2314415,-17.9978618,1,18.040300369262695,0.0985570028424263,60576.233634300064
650,2460576.6896296,301.2314529,-17.997878,2,17.063199996948242,0.06266699731349945,60576.18962959992
651,2460576.6891551,301.2314631,-17.9979184,2,16.35300064086914,0.0646980032324791,60576.18915509991
652,2460575.7326968,301.2314778,-17.9979139,3,15.965800285339355,0.038019999861717224,60575.23269680003
654,2460575.647662,301.2316067,-17.997959,1,18.04129981994629,0.08048699796199799,60575.1476619998
655,2460575.647662,301.2315458,-17.9978948,1,17.838600158691406,0.05716799944639206,60575.1476619998
656,2460575.6471875,301.2314804,-17.9979167,1,17.458099365234375,0.048291999846696854,60575.147187499795
660,2460571.7119444,301.231424,-17.997953,2,17.4153995513916,0.09030500054359436,60571.21194439987
661,2460565.7523148,301.2314638,-17.9979459,2,17.01650047302246,0.08345700055360794,60565.25231479993
663,2460563.7945139,301.2315147,-17.9978983,1,17.512500762939453,0.116457000374794,60563.29451389983
665,2460561.8017477,301.2314454,-17.9978651,2,16.782400131225586,0.053015999495983124,60561.3017477002
667,2460559.7753588,301.2314621,-17.997913,1,17.56130027770996,0.08218800276517868,60559.275358799845
670,2460558.7527315,301.2314532,-17.9978506,1,17.575199127197266,0.07576999813318253,60558.25273150019
671,2460556.7725463,301.2315427,-17.9979606,2,16.80229949951172,0.07947199791669846,60556.2725463002
672,2460556.7691667,301.2314823,-17.9978914,2,16.279499053955078,0.05816499888896942,60556.269166700076
674,2460556.7258102,301.23146,-17.9980063,1,18.16469955444336,0.08392799645662308,60556.225810199976
677,2460554.7547801,301.2314297,-17.9979007,1,17.261999130249023,0.04628999903798103,60554.25478010019
678,2460554.7305208,301.2315004,-17.9978976,1,17.99020004272461,0.07480300217866898,60554.23052080022
679,2460552.8302431,301.23144,-17.9979399,1,17.9783992767334,0.10481800138950348,60552.33024309995
680,2460552.8292824,301.2314584,-17.9978603,1,17.55739974975586,0.06280600279569626,60552.3292824002
681,2460552.7714005,301.2314738,-17.9979227,2,16.138399124145508,0.03957600146532059,60552.27140050009
682,2460550.8441204,301.2314893,-17.997944,1,17.629100799560547,0.06002499908208847,60550.34412040003
684,2460550.7306481,301.2314733,-17.9978642,2,16.95989990234375,0.08059000223875046,60550.23064809991
685,2460548.7735069,301.2314851,-17.9979398,1,17.90719985961914,0.11690700054168701,60548.27350689983
686,2460548.7308333,301.2316343,-17.9978963,2,17.44809913635254,0.08909600228071213,60548.230833299924
687,2460547.7730671,301.2315262,-17.9978907,1,17.908300399780273,0.07585299760103226,60547.27306709997
688,2460547.7327778,301.2314732,-17.9979315,2,16.931299209594727,0.04671800136566162,60547.232777799945
690,2460545.7551042,301.2315202,-17.9978985,2,16.42289924621582,0.050627999007701874,60545.25510419998
691,2460545.7137963,301.231499,-17.9978853,1,17.632299423217773,0.06293100118637085,60545.21379629988
692,2460545.7104977,301.2314724,-17.9979236,1,17.289600372314453,0.052083998918533325,60545.21049770014
693,2460545.7104977,301.2314724,-17.9979236,1,17.289600372314453,0.052083998918533325,60545.21049770014
694,2460545.7104977,301.2314724,-17.9979236,1,17.289600372314453,0.052083998918533325,60545.21049770014
695,2460543.8184838,301.2314906,-17.9978955,1,17.240800857543945,0.05404699966311455,60543.31848380016
696,2460543.8165972,301.2314637,-17.9979422,1,17.658100128173828,0.07816500216722488,60543.3165972
698,2460537.8150231,301.2314825,-17.9978689,1,17.848400115966797,0.1039699986577034,60537.3150231
699,2460537.8145486,301.2314743,-17.9979307,1,17.452299118041992,0.04348500072956085,60537.3145486
700,2460537.7933449,301.2314656,-17.9979259,2,16.732799530029297,0.04769900068640709,60537.29334490001
701,2460537.7928704,301.2314552,-17.9978926,2,16.216699600219727,0.05967399850487709,60537.29287040001
702,2460535.8144792,301.2315039,-17.9978984,1,17.686199188232422,0.07835400104522705,60535.31447920017
703,2460535.8121181,301.2314661,-17.9978961,1,17.311800003051758,0.03906099870800972,60535.3121181
704,2460535.7727199,301.2314731,-17.997913,2,16.4689998626709,0.059363000094890594,60535.272719900124
705,2460535.7722454,301.2315688,-17.9978518,2,17.05030059814453,0.07528200000524521,60535.27224540012
706,2460531.755544,301.231537,-17.9978236,2,18.28849983215332,0.2280229926109314,60531.25554399984
707,2460530.8164236,301.2315212,-17.9979253,2,16.44221305847168,0.06276243925094604,60530.316423600074
708,2460530.8164236,301.231521,-17.9979253,2,16.4375,0.06283800303936005,60530.316423600074
709,2460529.8027894,301.2314456,-17.9978814,1,16.938100814819336,0.04323099926114082,60529.302789399866
712,2460527.7548727,301.2317364,-17.9978203,2,17.757299423217773,0.17046700417995453,60527.2548727002
713,2460526.8336574,301.2315312,-17.9978793,1,17.268600463867188,0.0569549985229969,60526.33365740022
714,2460525.8154282,301.2314577,-17.9979297,1,18.031200408935547,0.07634299993515015,60525.31542820018
716,2460524.8774769,301.2314495,-17.9979675,2,16.632699966430664,0.09713099896907806,60524.377476899885
717,2460524.8174074,301.2314445,-17.997994,1,18.355300903320312,0.12700499594211578,60524.31740739988
719,2460521.8560417,301.231508,-17.9979682,1,18.327299118041992,0.09142400324344635,60521.35604170011
720,2460521.8349421,301.2315727,-17.9979346,1,18.040599822998047,0.06483200192451477,60521.334942100104
721,2460521.8349421,301.2315571,-17.9979404,1,18.167600631713867,0.10600399971008301,60521.334942100104
722,2460521.7936921,301.2314405,-17.9979091,2,16.490999221801758,0.03268200159072876,60521.29369209986
723,2460519.8977662,301.2313683,-17.9978983,1,18.320899963378906,0.11228500306606293,60519.397766199894
726,2460519.835,301.2314761,-17.997942,2,16.79949951171875,0.041046999394893646,60519.33499999996
727,2460516.8949306,301.231499,-17.9978848,2,16.3656005859375,0.045549001544713974,60516.39493060019
729,2460516.8152894,301.231437,-17.997894,1,17.672199249267578,0.08545999974012375,60516.31528940005
730,2460516.7911343,301.2314654,-17.9979411,1,18.140300750732422,0.10359899699687958,60516.291134300176
731,2460514.8977315,301.2314745,-17.9978192,1,17.84869956970215,0.10483600199222565,60514.39773150021
733,2460514.8468866,301.2314664,-17.9979984,2,17.014400482177734,0.1100429967045784,60514.3468865999
734,2460514.8147917,301.2315106,-17.9978809,2,16.387699127197266,0.054003000259399414,60514.31479169987
735,2460510.9141898,301.2314605,-17.9978888,1,16.946800231933594,0.04712099954485893,60510.414189800154
737,2460510.835081,301.231483,-17.9978941,2,16.215200424194336,0.04394799843430519,60510.33508099988
738,2460510.8341435,301.2315253,-17.9978443,2,16.738300323486328,0.046532999724149704,60510.334143499844
739,2460508.8361458,301.2314455,-17.9978686,1,17.49134635925293,0.06438685208559036,60508.33614580007
740,2460508.8361458,301.2314455,-17.9978686,1,17.491300582885742,0.0643870010972023,60508.33614580007
741,2460508.8155556,301.2314088,-17.9978679,2,17.12470054626465,0.08790300041437149,60508.315555599984
742,2460508.7960417,301.2314992,-17.997856,2,17.108400344848633,0.10791900008916855,60508.29604170006
743,2460505.8778125,301.2315312,-17.9979204,2,16.300600051879883,0.08071299642324448,60505.37781250011
744,2460505.8352083,301.2315137,-17.997965,1,18.026899337768555,0.1363140046596527,60505.335208300035
745,2460504.8773148,301.2316366,-17.9978913,2,17.455799102783203,0.14648300409317017,60504.37731479993
746,2460504.8773148,301.2316104,-17.9978424,2,17.1564998626709,0.0398470014333725,60504.37731479993
748,2460501.9283218,301.2314343,-17.9978968,1,17.761699676513672,0.06308499723672867,60501.428321800195
749,2460501.8777315,301.231442,-17.9979579,1,17.346399307250977,0.04961799830198288,60501.37773150019
750,2460501.835463,301.2314977,-17.9978525,2,16.610599517822266,0.07761500030755997,60501.335462999996
752,2460499.8538426,301.231499,-17.9978373,1,17.95170021057129,0.0655990019440651,60499.35384259978
753,2460499.8528935,301.2314342,-17.9978886,1,17.520200729370117,0.0519770011305809,60499.35289350012
754,2460499.8170949,301.2315218,-17.9979084,2,17.174999237060547,0.08067800104618073,60499.31709490018
755,2460499.8166319,301.2314732,-17.9978602,2,16.44529914855957,0.051722001284360886,60499.31663190015
756,2460491.9201505,301.2314652,-17.9978476,1,17.727699279785156,0.08214300125837326,60491.42015049979
758,2460491.916794,301.231625,-17.9979083,2,17.3435001373291,0.1694830060005188,60491.41679400019
759,2460491.9163194,301.2314865,-17.9979197,2,16.5,0.050397999584674835,60491.41631940007
760,2460489.9386227,301.2314587,-17.9979261,1,17.14889907836914,0.044342998415231705,60489.43862270005
762,2460489.8594792,301.2315045,-17.9980651,2,16.754100799560547,0.06191200017929077,60489.359479200095
763,2460489.8575926,301.2315042,-17.9979727,2,16.25119972229004,0.05662300065159798,60489.35759259993
765,2460487.9116667,301.2314626,-17.9978517,2,16.58489990234375,0.04600999876856804,60487.41166670015
766,2460487.9107292,301.231557,-17.9978242,2,17.30389976501465,0.15658900141716003,60487.41072920011
767,2460482.8988773,301.2314422,-17.9978821,1,17.35930061340332,0.06877999752759933,60482.39887729986
769,2460482.8575347,301.2314934,-17.9978868,2,16.646099090576172,0.05611500144004822,60482.35753470007
770,2460480.9001736,301.2314931,-17.9978835,1,17.825000762939453,0.09472999721765518,60480.40017359983
771,2460480.8996991,301.2314635,-17.9979135,1,17.411500930786133,0.07693000137805939,60480.39969909983
772,2460480.8777778,301.2315079,-17.9978588,2,16.929800033569336,0.08771499991416931,60480.377777799964
773,2460480.8651968,301.2314306,-17.9978777,2,16.596799850463867,0.0697769969701767,60480.36519679986
774,2460476.9602894,301.231471,-17.9978606,2,17.12030029296875,0.1245419979095459,60476.46028940007
778,2460473.8984028,301.2314474,-17.9978583,2,17.538799285888672,0.09195700287818909,60473.39840279985
779,2460473.8974653,301.2315714,-17.9979007,2,16.6653995513916,0.08496899902820587,60473.397465299815
780,2460471.8732639,301.2311466,-17.9980145,2,17.954099655151367,0.131974995136261,60471.37326390017
782,2460471.8728009,301.2314295,-17.9979272,2,16.829599380493164,0.05170600116252899,60471.372800900135
784,2460469.9079861,301.2314963,-17.9979266,2,17.168100357055664,0.09308700263500214,60469.40798609983
786,2460463.8987153,301.2315066,-17.997912,2,16.67180061340332,0.05513500049710274,60463.39871530002
787,2460461.9377546,301.2314714,-17.9979024,1,17.118896484375,0.06447791308164597,60461.43775459984
788,2460461.9377546,301.2314714,-17.9979024,1,17.118900299072266,0.06447800248861313,60461.43775459984
789,2460461.8927546,301.2314923,-17.9978258,2,16.67449951171875,0.04552000015974045,60461.39275459992
790,2460460.9543171,301.2314165,-17.9978864,1,17.964799880981445,0.07985299825668335,60460.45431709988
791,2460460.8952083,301.2315986,-17.9978643,2,16.816200256347656,0.050321999937295914,60460.39520830009
792,2460460.8952083,301.2315358,-17.9978474,2,16.711200714111328,0.029573999345302582,60460.39520830009
793,2460460.8952083,301.2315986,-17.9978643,2,16.816200256347656,0.050321999937295914,60460.39520830009
794,2460460.8952083,301.2315358,-17.9978474,2,16.711200714111328,0.029573999345302582,60460.39520830009
796,2460459.9304977,301.2314434,-17.9979036,1,17.450199127197266,0.059206001460552216,60459.43049769988
797,2460459.8978472,301.2314862,-17.9979164,2,16.783700942993164,0.05637799948453903,60459.39784719981
798,2460455.8979282,301.2315589,-17.9979024,2,16.78820037841797,0.08028499782085419,60455.3979282002
799,2460452.9195139,301.2315322,-17.99794,1,18.063400268554688,0.09077700227499008,60452.41951389983
800,2460452.9022106,301.2314893,-17.9978485,2,16.75670051574707,0.049219999462366104,60452.40221060021
801,2460452.9022106,301.2315981,-17.9978981,2,16.888999938964844,0.08454900234937668,60452.40221060021
802,2460451.9404745,301.2314732,-17.9978699,1,17.456300735473633,0.058341000229120255,60451.44047449995
804,2460450.9346644,301.2316902,-17.9979305,1,19.134599685668945,0.2067990005016327,60450.43466439983
806,2460450.9040509,301.2314165,-17.9979211,2,16.729700088500977,0.04642299935221672,60450.404050900135
807,2460449.877037,301.2315363,-17.9979215,2,16.337499618530273,0.048987001180648804,60449.37703699991
808,2460448.9025231,301.2314924,-17.9978189,2,16.256399154663086,0.0759269967675209,60448.40252309991
809,2460447.9207407,301.2314604,-17.9979173,1,17.32710075378418,0.059457000344991684,60447.42074069986
812,2460444.9008449,301.2314876,-17.9978956,2,16.249399185180664,0.047283999621868134,60444.40084489994
814,2460441.9218287,301.2314414,-17.9979447,2,17.224000930786133,0.06492000073194504,60441.42182870023
815,2460432.9961111,301.2315911,-17.997872,2,17.494800567626953,0.10957399755716324,60432.496111100074
816,2460432.9567708,301.2314792,-17.9979066,1,17.898000717163086,0.09075900167226791,60432.456770800054
818,2460428.956956,301.2314391,-17.9978911,1,17.183900833129883,0.0586559996008873,60428.45695600007
819,2460424.0055903,301.2314692,-17.9978823,1,17.423799514770508,0.07545500248670578,60423.505590300076
820,2460423.9557755,301.2314878,-17.9978814,2,16.446199417114258,0.056005001068115234,60423.45577549981
821,2460420.9642245,301.231437,-17.997888,1,17.11989974975586,0.05481500178575516,60420.464224500116
822,2460263.6276505,301.2314447,-17.997894,2,16.6376953125,0.038653161376714706,60263.12765049981
823,2460261.6138889,301.2315752,-17.9979475,2,16.987600326538086,0.05870499834418297,60261.113888899796
824,2460261.6138889,301.2315045,-17.997893,2,16.810699462890625,0.03454500064253807,60261.113888899796
825,2460260.6067245,301.2314443,-17.997902,2,17.18400001525879,0.06156099960207939,60260.10672450019
826,2460259.6157639,301.2314529,-17.9978981,2,16.881500244140625,0.08083199709653854,60259.11576389987
827,2460258.6087616,301.2314584,-17.9978933,2,16.331600189208984,0.055365998297929764,60258.10876160022
828,2460257.6495023,301.2315589,-17.997853,2,17.06329917907715,0.10349799692630768,60257.14950230019
829,2460255.6273727,301.231467,-17.9978837,2,17.013399124145508,0.05694999918341637,60255.12737269979
831,2460254.6505903,301.231431,-17.9979375,1,18.2450008392334,0.09384199976921082,60254.150590300094
833,2460253.6523495,301.2314833,-17.9978569,2,16.23699951171875,0.04674400016665459,60253.152349499986
834,2460253.6095833,301.2314893,-17.9978731,1,17.411500930786133,0.06527499854564667,60253.10958330007
835,2460252.6711111,301.2315098,-17.9979526,1,17.624799728393555,0.08525799959897995,60252.17111109989
836,2460251.629456,301.2314673,-17.9978967,1,17.073299407958984,0.046542998403310776,60251.12945599994
837,2460250.6108218,301.2315891,-17.9979043,2,17.08639907836914,0.08370599895715714,60250.11082179984
838,2460250.6108218,301.2314965,-17.9978456,2,16.922500610351562,0.03370099887251854,60250.11082179984
839,2460249.6485764,301.2314483,-17.9979841,2,16.44609260559082,0.04594217240810394,60249.14857639978
841,2460249.6104282,301.2314078,-17.9980708,1,17.52869987487793,0.06352999806404114,60249.1104282001
842,2460245.6494907,301.2314691,-17.9979062,2,16.308900833129883,0.04740099981427193,60245.1494907001
843,2460245.6485532,301.231518,-17.9978677,2,16.859399795532227,0.06199299916625023,60245.148553200066
844,2460245.6288426,301.231472,-17.9978891,1,17.29170036315918,0.05042000114917755,60245.128842600156
845,2460245.6110764,301.2314619,-17.9979002,1,17.974599838256836,0.1127299964427948,60245.11107640015
846,2460242.6291551,301.2314323,-17.9979186,1,18.25779914855957,0.13111600279808044,60242.12915509986
848,2460242.6132176,301.231474,-17.997873,2,16.516199111938477,0.07195500284433365,60242.113217600156
852,2460237.6272222,301.2314722,-17.9978813,1,17.298900604248047,0.05523800104856491,60237.127222199924
853,2460236.6290394,301.2314901,-17.9979623,2,17.390399932861328,0.11152900010347366,60236.12903939979
854,2460235.685706,301.2315327,-17.9978752,2,16.300399780273438,0.04301699995994568,60235.185705999844
855,2460235.6840278,301.2314702,-17.9978525,1,17.375099182128906,0.05493900179862976,60235.18402779987
856,2460234.6707292,301.2314358,-17.9979052,1,16.989500045776367,0.038033999502658844,60234.17072919989
858,2460233.6966898,301.2314777,-17.9978873,1,17.211000442504883,0.07523500174283981,60233.196689799894
859,2460233.6452431,301.2314854,-17.9979177,2,16.43429946899414,0.05542999878525734,60233.14524309989
861,2460231.671088,301.2314216,-17.9979322,1,17.87540054321289,0.06389100104570389,60231.17108799983
863,2460228.6465394,301.2314879,-17.9979802,2,16.258899688720703,0.03706999868154526,60228.146539399866
864,2460227.7133333,301.2314188,-17.9979949,1,18.03190040588379,0.09431099891662598,60227.21333329985
867,2460224.6909144,301.2314653,-17.9979389,1,18.560100555419922,0.10711999982595444,60224.19091439992
868,2460223.6874074,301.2314682,-17.9978712,2,16.30780029296875,0.056651998311281204,60223.18740739999
870,2460222.6475347,301.2314674,-17.9979177,2,16.69700050354004,0.08358799666166306,60222.14753470011
871,2460221.7333681,301.2316537,-17.9978572,2,16.891199111938477,0.06595999747514725,60221.23336810013
872,2460221.6673148,301.2315165,-17.9978366,1,18.4242000579834,0.12413500249385834,60221.16731479997
873,2460220.6891667,301.2314927,-17.9978295,1,18.46969985961914,0.13642700016498566,60220.1891667
876,2460216.6483218,301.2315254,-17.9979494,2,16.9591007232666,0.12552300095558167,60216.148321799934
878,2460215.6693287,301.2314471,-17.9978561,1,17.684600830078125,0.08587600290775299,60215.16932869982
880,2460214.6478819,301.2314505,-17.9978814,1,17.215099334716797,0.047936998307704926,60214.14788189996
881,2460213.689838,301.2314582,-17.9979235,2,16.952999114990234,0.05191100016236305,60213.18983800011
882,2460213.6315046,301.2315238,-17.9979524,1,17.34119987487793,0.07108700275421143,60213.131504599936
883,2460209.7050347,301.2314254,-17.9978571,2,17.109500885009766,0.05620000138878822,60209.20503470022
886,2460207.6683796,301.2315876,-17.9979533,2,17.08449935913086,0.07286100089550018,60207.16837960016
887,2460206.7310995,301.2314638,-17.9978898,1,17.41629981994629,0.05014500021934509,60206.231099499855
888,2460206.6892593,301.2315011,-17.9978816,2,16.78339958190918,0.07331699877977371,60206.18925930001
889,2460205.6893287,301.2314329,-17.9978844,2,16.30120086669922,0.05345499888062477,60205.18932869984
892,2460204.66875,301.2314693,-17.9978935,2,16.238399505615234,0.055479999631643295,60204.168750000186
893,2460203.7556944,301.2314231,-17.9978755,1,17.77519989013672,0.07546799629926682,60203.25569440005
894,2460203.7315741,301.2316596,-17.9981207,2,17.59910011291504,0.169514000415802,60203.23157409998
895,2460202.6690278,301.2314657,-17.997912,1,18.291200637817383,0.11005400121212006,60202.169027800206
896,2460201.6904282,301.2314459,-17.9978973,1,16.814199447631836,0.03622400015592575,60201.19042820018
897,2460201.6689468,301.2314076,-17.9978733,2,17.065900802612305,0.08250399678945541,60201.16894679982
898,2460200.6890741,301.2315314,-17.9978908,2,16.97640037536621,0.047777000814676285,60200.189074099995
899,2460198.7308102,301.23149,-17.9979013,1,17.888099670410156,0.11067300289869308,60198.230810199864
900,2460198.7102546,301.2314664,-17.9979065,1,17.632999420166016,0.07621400058269501,60198.210254599806
901,2460195.7680208,301.2314259,-17.997901,2,16.323545455932617,0.033456332981586456,60195.26802079985
902,2460195.7680208,301.2314259,-17.997901,2,16.32349967956543,0.03345600143074989,60195.26802079985
903,2460195.7302662,301.2315135,-17.9979141,2,16.716899871826172,0.06498400121927261,60195.23026619991
904,2460193.8329745,301.2314665,-17.997876,1,17.609699249267578,0.07360400259494781,60193.33297450002
905,2460193.7958449,301.2314578,-17.9978719,2,16.42020034790039,0.04495599865913391,60193.295844899956
906,2460193.7949074,301.2315736,-17.9979081,2,17.187599182128906,0.10283199697732925,60193.29490739992
907,2460193.7949074,301.2314932,-17.9978576,2,16.93709945678711,0.03403199836611748,60193.29490739992
908,2460193.7325231,301.2314941,-17.9979009,1,17.817399978637695,0.08783300220966339,60193.232523099985
910,2460186.7513542,301.2314556,-17.997892,2,16.39389991760254,0.06419099867343903,60186.251354199834
914,2460183.7101505,301.2315083,-17.9978564,1,18.076099395751953,0.1063690036535263,60183.21015049983
915,2460183.6887269,301.2314911,-17.9979346,2,16.344999313354492,0.056967999786138535,60183.188726900145
916,2460181.7528009,301.2314743,-17.9979017,2,16.299400329589844,0.05316700041294098,60181.25280090002
917,2460181.752338,301.2314745,-17.9979671,2,16.973899841308594,0.10569699853658676,60181.25233800011
918,2460179.7320023,301.2315518,-17.9978993,2,17.124300003051758,0.0859299972653389,60179.23200230021
919,2460179.7103704,301.2314975,-17.9978837,1,17.58799934387207,0.07332000136375427,60179.21037039999
920,2460174.8023495,301.2314438,-17.9979253,1,16.98780059814453,0.05161900073289871,60174.30234949989
921,2460174.8014005,301.2314656,-17.9978987,1,16.75790023803711,0.04398699849843979,60174.301400499884
923,2460174.752338,301.231473,-17.9978999,2,16.733400344848633,0.07789900153875351,60174.25233800011
925,2460172.7327431,301.2315044,-17.9978628,1,18.207799911499023,0.12023600190877914,60172.2327430998
927,2460170.8152894,301.2314637,-17.9978722,1,17.881900787353516,0.056689001619815826,60170.31528940005
928,2460170.7947454,301.2314824,-17.9978882,2,16.43950080871582,0.033048998564481735,60170.29474540008
929,2460170.7942708,301.2314614,-17.9979126,2,16.974300384521484,0.04605900123715401,60170.29427079996
930,2460168.8592824,301.2313694,-17.9980134,1,18.92639923095703,0.18763700127601624,60168.35928239999
931,2460168.8578588,301.2314805,-17.9979066,1,18.199600219726562,0.07976999878883362,60168.35785879986
932,2460168.816169,301.2314824,-17.9979209,2,16.270099639892578,0.03908500075340271,60168.31616900023
933,2460168.8152315,301.231551,-17.9979142,2,16.712400436401367,0.09820599853992462,60168.31523150019
934,2460164.7949306,301.2314802,-17.9979063,2,16.303199768066406,0.034657999873161316,60164.294930600096
935,2460163.9166782,301.2314632,-17.9979082,2,16.023500442504883,0.028774000704288483,60163.41667820001
936,2460161.8788426,301.2314556,-17.9978973,1,17.867700576782227,0.07836300134658813,60161.378842600156
939,2460159.8356481,301.2314572,-17.9978489,1,17.53260040283203,0.06591799855232239,60159.33564809989
941,2460154.8440046,301.2313698,-17.9978929,1,17.8794002532959,0.14003300666809082,60154.34400459984
945,2460152.8172801,301.2315342,-17.9978897,2,16.90850067138672,0.08061999827623367,60152.31728010019
946,2460152.8172801,301.2315457,-17.9978956,2,16.767099380493164,0.026132000610232353,60152.31728010019
947,2460152.8172801,301.2315138,-17.9978862,2,16.767099380493164,0.026132000610232353,60152.31728010019
948,2460152.7504167,301.2314336,-17.9978633,2,16.817699432373047,0.07886499911546707,60152.2504166998
949,2460152.7293171,301.2313898,-17.9978824,1,17.550399780273438,0.07332800328731537,60152.22931709979
951,2460150.8120023,301.2314578,-17.9978637,1,17.85569953918457,0.06673800200223923,60150.31200229982
952,2460150.7041667,301.2314257,-17.9978769,2,16.20709991455078,0.05417099967598915,60150.20416670013
954,2460148.8504745,301.2314044,-17.9978751,2,16.86359977722168,0.10682599991559982,60148.3504745001
955,2460146.8393056,301.2315251,-17.9978566,2,16.510099411010742,0.04810800030827522,60146.33930560015
957,2460146.8331366,301.2314599,-17.9978594,2,16.569599151611328,0.04973800107836723,60146.33313659998
959,2460143.9568634,301.2314505,-17.9980594,1,18.556100845336914,0.12307699769735336,60143.45686340006
960,2460143.9374306,301.2313965,-17.9978555,1,18.807100296020508,0.12995199859142303,60143.43743060017
962,2460143.876169,301.2314468,-17.9978904,2,16.90839958190918,0.06269299983978271,60143.37616899982
963,2460140.8765162,301.231486,-17.9979114,1,17.218900680541992,0.04958999902009964,60140.37651620014
966,2460138.9411111,301.2314476,-17.9978954,2,16.085599899291992,0.035071998834609985,60138.441111099906
968,2460138.8778241,301.2314673,-17.9978724,1,17.295000076293945,0.057562001049518585,60138.3778241002
969,2460138.8562037,301.2314652,-17.9978713,2,16.295900344848633,0.0455159991979599,60138.35620369995
970,2460136.8997917,301.2314765,-17.9979015,2,16.996599197387695,0.07227899879217148,60136.399791699834
975,2460134.8762384,301.2314717,-17.9978763,1,17.26810073852539,0.061268001794815063,60134.37623840012
977,2460128.8490856,301.2314164,-17.9978837,2,17.034099578857422,0.07990500330924988,60128.349085600115
978,2460128.8340741,301.231505,-17.9979698,2,17.3169002532959,0.08189500123262405,60128.334074100014
981,2460126.8775579,301.2314777,-17.9979614,1,17.343700408935547,0.07219699770212173,60126.3775578998
982,2460126.8559838,301.2314586,-17.9978815,2,16.17840003967285,0.05419899895787239,60126.35598379979
983,2460124.9195486,301.2314608,-17.9979242,2,16.370399475097656,0.04642400145530701,60124.41954859998
984,2460124.8767361,301.2314544,-17.9978766,1,17.600500106811523,0.0739310011267662,60124.37673609983
985,2460123.9642593,301.2315446,-17.9979136,2,16.930999755859375,0.0886560007929802,60123.464259299915
986,2460123.8357523,301.231502,-17.9979355,1,18.03730010986328,0.0901539996266365,60123.33575229999
987,2460122.9398958,301.231457,-17.9979148,2,16.278600692749023,0.03835500031709671,60122.43989579985
988,2460122.8986343,301.231512,-17.9978481,1,18.36520004272461,0.14173099398612976,60122.3986343001
989,2460121.8976273,301.2314767,-17.9979172,1,17.803300857543945,0.07941699773073196,60121.39762730012
990,2460121.8116782,301.2314311,-17.9979355,2,16.785600662231445,0.05200599879026413,60121.31167820003
991,2460120.9183912,301.231474,-17.9978997,1,17.56329917907715,0.060722000896930695,60120.41839119978
992,2460120.9106597,301.2314803,-17.9978709,2,16.50629997253418,0.040709998458623886,60120.41065970017
993,2460119.8994907,301.2314538,-17.9979073,1,17.132299423217773,0.05140300095081329,60119.3994907001
994,2460117.9358449,301.2314741,-17.9979177,1,17.823999404907227,0.08506400138139725,60117.43584490009
995,2460117.9311111,301.2314574,-17.9979229,1,18.19099998474121,0.09436800330877304,60117.43111110013
996,2460117.9000579,301.231572,-17.9979031,2,16.624300003051758,0.07435499876737595,60117.40005790023
997,2460117.9000579,301.2315067,-17.9978712,2,16.580299377441406,0.021376000717282295,60117.40005790023
998,2460117.8778704,301.2314581,-17.9978768,2,16.5851993560791,0.04425499960780144,60117.37787039997
999,2460114.9240625,301.2314284,-17.9979251,1,17.257699966430664,0.04943900182843208,60114.42406249978
1000,2460114.9193287,301.2314269,-17.9978752,1,18.114900588989258,0.09311100095510483,60114.41932869982
1001,2460114.8800463,301.2315282,-17.9978537,2,16.99650001525879,0.09240599721670151,60114.380046300124
1002,2460114.8800463,301.2314796,-17.9978497,2,16.962799072265625,0.02912599965929985,60114.380046300124
1003,2460114.8800463,301.2315176,-17.9978364,2,16.962799072265625,0.02912599965929985,60114.380046300124
1004,2460114.8781597,301.2314775,-17.9979201,2,16.4237003326416,0.04170199856162071,60114.37815969996
1005,2460111.9101736,301.2314495,-17.9978644,1,17.793100357055664,0.07213199883699417,60111.410173600074
1006,2460111.9096991,301.2314749,-17.9978743,1,17.7406005859375,0.07857099920511246,60111.40969910007
1007,2460111.9092245,301.231415,-17.9978823,1,17.28510093688965,0.033984001725912094,60111.40922449995
1008,2460109.9420255,301.2314781,-17.9979063,2,16.77239990234375,0.05414700135588646,60109.442025499884
1009,2460109.9415509,301.2317199,-17.9979025,2,17.760299682617188,0.12964299321174622,60109.44155090023
1010,2460109.9415509,301.2315938,-17.9978385,2,17.57830047607422,0.05086899921298027,60109.44155090023
1011,2460109.8990741,301.2314713,-17.9979325,1,17.654399871826172,0.06352700293064117,60109.39907409996
1012,2460109.898125,301.2314641,-17.9978514,1,17.21299934387207,0.054621998220682144,60109.39812499983
1014,2460103.8974537,301.2314492,-17.9979067,2,16.780099868774414,0.04087899997830391,60103.39745370019
1016,2460099.9368981,301.2314845,-17.9979344,1,18.408700942993164,0.14490200579166412,60099.43689810019
1018,2460094.9480556,301.2313884,-17.9978238,2,17.786100387573242,0.05547799915075302,60094.448055599816
1019,2460094.9480556,301.231408,-17.9979002,2,17.945499420166016,0.08145000040531158,60094.448055599816
1020,2460094.9406019,301.2314351,-17.9979173,2,16.42970085144043,0.05603000149130821,60094.44060190022
1022,2460094.900706,301.2314919,-17.9978595,1,18.149900436401367,0.07287299633026123,60094.40070600016
1023,2460093.9411574,301.2315281,-17.9978431,1,18.268600463867188,0.08168499916791916,60093.44115740014
1024,2460093.8990278,301.2314439,-17.9979247,2,16.13450050354004,0.049268998205661774,60093.39902780019
1026,2460090.9572338,301.2313989,-17.9978701,2,17.57859992980957,0.07931900024414062,60090.45723380009
1027,2460088.9521644,301.2314626,-17.9978856,1,17.4237003326416,0.04855300113558769,60088.4521643999
1028,2460088.9516898,301.2314831,-17.997923,1,17.978900909423828,0.08874200284481049,60088.45168979978
1029,2460088.9257639,301.2315251,-17.9979239,2,16.813800811767578,0.09325499832630157,60088.425763899926
1030,2460088.9191319,301.2314812,-17.9979514,2,16.253700256347656,0.03872799873352051,60088.419131900184
1031,2460086.9218287,301.2314436,-17.9979079,1,17.496700286865234,0.06345599889755249,60086.42182870023
1032,2460086.9213542,301.2314667,-17.9978801,1,17.88360023498535,0.08566699922084808,60086.421354200225
1033,2460086.900162,301.2315068,-17.9981343,2,17.94499969482422,0.17638100683689117,60086.40016200021
1034,2460086.8996991,301.2315035,-17.9978465,2,16.86829948425293,0.06120999902486801,60086.39969909983
1036,2460084.9324074,301.2314868,-17.9978845,1,17.636499404907227,0.07660000026226044,60084.432407400105
1037,2460084.9001389,301.2316712,-17.9979511,2,17.16010093688965,0.12384600192308426,60084.40013890015
1038,2460084.8996528,301.231518,-17.9979163,2,16.60070037841797,0.05156800150871277,60084.39965280006
1039,2460082.9212847,301.2314433,-17.9978773,1,17.037599563598633,0.04902699962258339,60082.42128469981
1040,2460081.9145139,301.2314951,-17.9979095,2,16.394100189208984,0.043873999267816544,60081.414513899945
1041,2460079.9601505,301.2314481,-17.9978602,1,17.877199172973633,0.06788799911737442,60079.46015049983
1042,2460079.9551505,301.2316592,-17.9980023,2,16.84440040588379,0.09579399973154068,60079.45515049994
1043,2460079.9551505,301.2315135,-17.9979434,2,16.692699432373047,0.024577999487519264,60079.45515049994
1044,2460078.960081,301.2315424,-17.997966,2,17.151100158691406,0.07388199865818024,60078.46008099988
1045,2460078.8829398,301.2315547,-17.9978872,1,17.768800735473633,0.09423399716615677,60078.382939800154
1046,2460077.96,301.231436,-17.9978828,2,16.631500244140625,0.07458499819040298,60077.45999999996
1048,2460076.9598148,301.2314881,-17.9978813,2,16.415800094604492,0.06697200238704681,60076.45981479995
1049,2460076.9219097,301.2314716,-17.99792,1,17.262500762939453,0.04808399826288223,60076.42190970015
1050,2460072.9936458,301.2314598,-17.9979143,2,16.526500701904297,0.0732479989528656,60072.49364579981
1051,2460072.9599537,301.231485,-17.9978968,2,16.64430046081543,0.05779699981212616,60072.45995370019
1052,2460072.9221991,301.2315215,-17.9979186,1,17.819499969482422,0.11651600152254105,60072.42219909979
1053,2460072.9217245,301.2314887,-17.9978835,1,17.435800552368164,0.07712599635124207,60072.421724500135
1054,2460065.9411458,301.2313506,-17.9978082,1,18.433900833129883,0.15707799792289734,60065.441145800054
1056,2460065.9182523,301.2315327,-17.9978997,2,16.533899307250977,0.05243799835443497,60065.418252300005
1057,2460062.0039352,301.231491,-17.9978886,2,16.711000442504883,0.04397200047969818,60061.50393520016
1058,2460059.9760995,301.2314937,-17.997947,1,17.15920066833496,0.05424100160598755,60059.47609949997
1060,2460057.9783333,301.2314539,-17.9979051,1,17.498699188232422,0.09215699881315231,60057.47833329998
1061,2460057.9502199,301.2314582,-17.9979071,2,17.483200073242188,0.09093599766492844,60057.45021989988
1063,2460055.9577199,301.2314233,-17.9979164,1,17.340599060058594,0.06280700117349625,60055.45771990018
1064,2459902.6065972,301.2313321,-17.9978559,2,17.430490493774414,0.1297253668308258,59902.106597200036
1065,2459900.6294907,301.2315523,-17.9978934,1,17.4414005279541,0.08094800263643265,59900.129490700085
1066,2459899.6093634,301.2315704,-17.9980169,2,16.93939971923828,0.07124099880456924,59899.10936339991
1068,2459896.6074537,301.2314624,-17.997881,2,17.91510009765625,0.15870800614356995,59896.107453700155
1069,2459895.6327894,301.2314263,-17.9978579,2,16.819700241088867,0.0728209987282753,59895.13278939994
1070,2459894.6621991,301.2315393,-17.997768,2,17.13360023498535,0.14920400083065033,59894.162199100014
1071,2459890.629213,301.231441,-17.9979328,1,17.21649932861328,0.06887300312519073,59890.12921300018
1073,2459889.608831,301.2314615,-17.9979023,1,17.52389907836914,0.06027600169181824,59889.10883100005
1076,2459882.6309375,301.2315249,-17.9978764,1,17.277099609375,0.06455100327730179,59882.130937499925
1077,2459881.6116088,301.2313762,-17.9979514,1,18.173500061035156,0.09194999933242798,59881.11160880001
1078,2459880.6177662,301.2314725,-17.9978795,2,16.764999389648438,0.048291001468896866,59880.1177662001
1081,2459878.6458102,301.2314742,-17.9979033,2,16.4064998626709,0.06781499832868576,59878.1458101999
1082,2459877.6501736,301.2316538,-17.9979515,2,17.12529945373535,0.06637199968099594,59877.15017359983
1084,2459873.645,301.2315146,-17.9979466,2,17.177000045776367,0.1139570027589798,59873.14500000002
1085,2459873.645,301.2314676,-17.9979113,2,16.84239959716797,0.03215299919247627,59873.14500000002
1086,2459873.6272569,301.231546,-17.9977774,2,16.747900009155273,0.0572270005941391,59873.12725690007
1088,2459871.6477431,301.2314397,-17.9978982,2,16.766199111938477,0.05427300184965134,59871.147743099835
1089,2459870.6155787,301.2314694,-17.997893,1,17.53459930419922,0.07147300243377686,59870.11557869986
1093,2459867.6184491,301.2314371,-17.9979316,1,17.851499557495117,0.08261799812316895,59867.11844909983
1094,2459866.7157292,301.2314923,-17.9979065,1,17.551799774169922,0.06339800357818604,59866.215729199816
1096,2459865.6689931,301.2314608,-17.9978726,1,17.496599197387695,0.09738700091838837,59865.16899310006
1098,2459864.6475347,301.2314398,-17.9978891,1,17.97800064086914,0.08088000118732452,59864.14753470011
1101,2459862.6457523,301.2314948,-17.9978913,2,17.182100296020508,0.10740000009536743,59862.14575230004
1102,2459862.6271991,301.2314601,-17.9978784,2,16.32699966430664,0.0690310001373291,59862.127199099865
1104,2459860.6637269,301.2314735,-17.997898,2,16.635099411010742,0.07975299656391144,59860.16372689977
1106,2459860.625081,301.2314936,-17.9979128,1,17.43199920654297,0.0697840005159378,59860.12508099992
1110,2459858.6497569,301.2314725,-17.9979247,1,17.63290023803711,0.07161600142717361,59858.149756900035
1113,2459853.6473032,301.2314832,-17.9979203,1,17.474700927734375,0.06258700042963028,59853.14730319986
1114,2459852.673831,301.2315524,-17.9978158,2,17.06730079650879,0.12544600665569305,59852.17383099999
1115,2459852.6279051,301.2314407,-17.9978728,1,17.41670036315918,0.05776900053024292,59852.12790510012
1116,2459851.6911806,301.2312931,-17.9979441,1,18.291099548339844,0.1077670007944107,59851.19118059985
1117,2459851.658831,301.2314725,-17.9978811,2,16.900299072265625,0.053814999759197235,59851.15883099986
1119,2459849.6909028,301.2314977,-17.9979266,1,17.738800048828125,0.08088599890470505,59849.19090279983
1120,2459849.6621181,301.2314807,-17.9979286,2,16.136999130249023,0.0477680005133152,59849.162118100096
1121,2459848.6959375,301.2316026,-17.9979039,2,16.7637996673584,0.14218099415302277,59848.19593749987
1122,2459848.6959375,301.231387,-17.9977996,2,16.612300872802734,0.024264000356197357,59848.19593749987
1125,2459847.6488542,301.2314522,-17.9979083,1,17.108299255371094,0.05460900068283081,59847.1488541998
1127,2459845.7115856,301.2315191,-17.997929,1,18.736499786376953,0.16620700061321259,59845.21158559993
1128,2459844.775544,301.2314426,-17.997887,2,16.07040023803711,0.051086001098155975,59844.27554399986
1130,2459842.7754167,301.2314145,-17.9979158,1,17.393299102783203,0.04918000102043152,59842.27541670017
1131,2459842.7749421,301.2315068,-17.9979009,1,17.76420021057129,0.09132499992847443,59842.27494210005
1132,2459842.6913773,301.2314644,-17.9978905,2,16.850500106811523,0.057144999504089355,59842.19137729984
1133,2459842.6894907,301.2314645,-17.9978985,2,16.347000122070312,0.06446400284767151,59842.18949070014
1135,2459840.7766551,301.2315072,-17.9979072,1,17.49220085144043,0.06140900030732155,59840.27665509982
1136,2459840.7183796,301.2314818,-17.9978777,1,17.51490020751953,0.049938999116420746,59840.21837959997
1139,2459837.6525116,301.2314719,-17.9978941,1,17.430200576782227,0.057050999253988266,59837.15251159994
1140,2459827.8135069,301.2314922,-17.9978965,2,16.25160026550293,0.057301998138427734,59827.31350689987
1142,2459826.7401389,301.2314398,-17.9979338,1,17.73780059814453,0.06632599979639053,59826.2401389
1143,2459826.6699884,301.2311823,-17.9978346,2,19.186199188232422,0.2289389967918396,59826.16998839984
1144,2459825.8145718,301.2315998,-17.997824,2,17.116899490356445,0.11323399841785431,59825.314571800176
1145,2459825.781794,301.2314726,-17.9979553,1,18.44409942626953,0.10123299807310104,59825.28179399995
1146,2459824.7018634,301.2314494,-17.9979368,1,17.371999740600586,0.063059002161026,59824.20186340017
1147,2459824.6862731,301.2314776,-17.9979351,2,16.181100845336914,0.0551920011639595,59824.186273099855
1148,2459823.7937847,301.2314707,-17.9978647,1,17.386600494384766,0.052685998380184174,59823.29378469987
1149,2459823.7525347,301.2315179,-17.998019,2,17.03260040283203,0.11456000059843063,59823.25253470009
1150,2459822.7231019,301.2314942,-17.9979336,2,16.7455997467041,0.07166200131177902,59822.22310189996
1151,2459822.6744444,301.23149,-17.9979081,1,17.30970001220703,0.06966300308704376,59822.174444399774
1153,2459821.7194792,301.231436,-17.9978912,1,16.859100341796875,0.04150199890136719,59821.219479199965
1156,2459819.7420718,301.2315562,-17.9979524,2,16.8927001953125,0.027594000101089478,59819.242071799934
1157,2459819.7420718,301.2315617,-17.9979439,2,16.9773006439209,0.07408600300550461,59819.242071799934
1158,2459819.7420718,301.2315066,-17.9979482,2,16.8927001953125,0.027594000101089478,59819.242071799934
1160,2459818.7615509,301.2314476,-17.9979293,2,16.372699737548828,0.03693800047039986,59818.26155090006
1161,2459816.7193981,301.2315164,-17.9979587,1,17.96809959411621,0.09740000218153,59816.21939809993
1164,2459813.7751157,301.2314565,-17.997876,1,17.58989906311035,0.06894899904727936,59813.27511569997
1171,2459809.8154745,301.2314793,-17.9979328,1,17.525400161743164,0.06285800039768219,59809.31547449995
1172,2459809.814537,301.2314924,-17.9980055,1,17.93600082397461,0.1151999980211258,59809.31453699991
1173,2459809.7941088,301.2314817,-17.9978911,2,16.272600173950195,0.056797999888658524,59809.294108800124
1174,2459809.7936343,301.2315417,-17.9979996,2,16.965099334716797,0.10329800099134445,59809.29363430012
1177,2459805.8143519,301.2314507,-17.9978442,2,16.80069923400879,0.06807699799537659,59805.314351900015
1178,2459805.7854282,301.2314545,-17.9978765,1,17.456899642944336,0.07474400103092194,59805.28542819992
1179,2459805.7835417,301.231537,-17.9979618,1,17.887100219726562,0.09755799919366837,59805.28354169987
1181,2459798.7380903,301.2314889,-17.9979466,2,16.222999572753906,0.04831499978899956,59798.2380903
1182,2459797.879919,301.2314797,-17.9978681,1,17.163799285888672,0.04160499945282936,59797.37991899997
1184,2459795.8062153,301.2314687,-17.9978875,1,17.534000396728516,0.07939200103282928,59795.306215300225
1187,2459789.858044,301.2314547,-17.997883,1,17.707199096679688,0.07779199630022049,59789.35804399988
1188,2459789.8571065,301.2314772,-17.9978952,1,18.283899307250977,0.13946400582790375,59789.35710649984
1190,2459789.8365509,301.2315008,-17.9979169,2,16.714599609375,0.05939900130033493,59789.33655089978
1193,2459785.8126389,301.2316367,-17.9979769,2,17.218599319458008,0.14453299343585968,59785.31263889978
1194,2459784.8360532,301.2314456,-17.99788,1,17.363399505615234,0.04352699965238571,59784.336053200066
1195,2459784.8138657,301.231472,-17.997919,2,16.32819938659668,0.06015300005674362,59784.313865699805
1197,2459782.8572222,301.2314901,-17.9978643,2,17.35260009765625,0.11593499779701233,59782.357222199906
1198,2459782.7935648,301.2314645,-17.9979557,1,17.979000091552734,0.09664499759674072,59782.29356480017
1200,2459781.8564005,301.2314654,-17.997857,1,17.664400100708008,0.07538100332021713,59781.35640050005
1203,2459775.918044,301.2315205,-17.9978441,2,17.497499465942383,0.11182200163602829,59775.41804399993
1204,2459775.8356366,301.2314282,-17.9979838,2,16.684200286865234,0.05417599901556969,59775.33563659992
1205,2459772.9157986,301.2314592,-17.997867,2,16.52199935913086,0.09140700101852417,59772.41579859983
1206,2459772.9143634,301.2314478,-17.9978567,2,17.23889923095703,0.050255000591278076,59772.41436340008
1207,2459772.8558681,301.231583,-17.9980311,2,17.15850067138672,0.09259399771690369,59772.35586810019
1208,2459772.8558681,301.2314945,-17.9980312,2,16.989200592041016,0.049830999225378036,59772.35586810019
1209,2459772.8528819,301.23147,-17.9978525,2,16.3218994140625,0.04565799981355667,59772.352881900035
1210,2459770.8325694,301.2314594,-17.9978931,1,17.194000244140625,0.06748300045728683,59770.33256939985
1211,2459770.8278588,301.2314456,-17.9978762,1,16.79789924621582,0.041103001683950424,59770.32785880007
1212,2459766.8988542,301.2315099,-17.9978513,1,17.85540008544922,0.08941700309515,59766.3988541998
1214,2459766.8565394,301.2315062,-17.9979461,2,17.048599243164062,0.09245999902486801,59766.35653939983
1215,2459764.8512384,301.2314928,-17.9979357,1,18.023500442504883,0.1027659997344017,59764.35123840021
1216,2459764.8353125,301.2314701,-17.9979237,1,17.342100143432617,0.06045600026845932,59764.33531250013
1217,2459762.8773148,301.2314746,-17.9979184,2,16.42959976196289,0.038384001702070236,59762.37731479993
1218,2459762.8685995,301.23145,-17.9978149,1,17.851900100708008,0.06030799821019173,59762.36859950004
1227,2459757.8560069,301.2314442,-17.9978966,1,17.275400161743164,0.04880699887871742,59757.35600689985
1228,2459756.9437731,301.2314471,-17.9978782,1,18.139400482177734,0.06985300034284592,59756.44377310015
1230,2459753.940625,301.2314657,-17.9979441,2,16.260400772094727,0.03853600099682808,59753.440624999814
1231,2459752.9161343,301.2314204,-17.9978928,2,16.647199630737305,0.06203699856996536,59752.416134300176
1232,2459751.9408449,301.231475,-17.9979006,1,17.04439926147461,0.048941001296043396,59751.440844899975
1233,2459751.8847569,301.2314778,-17.9979348,2,16.471500396728516,0.058720000088214874,59751.384756899904
1234,2459750.9003704,301.2315262,-17.9978965,1,17.91230010986328,0.08099599927663803,59750.40037039993
1236,2459748.8709028,301.2315143,-17.9979624,2,17.181499481201172,0.08504500240087509,59748.3709028
1238,2459744.9195255,301.2314502,-17.9977586,1,18.168500900268555,0.14590199291706085,59744.41952549992
1242,2459742.9200463,301.2313616,-17.9980354,1,17.813800811767578,0.07890599966049194,59742.42004630016
1243,2459742.8883449,301.2314928,-17.9978996,2,16.350900650024414,0.054962001740932465,59742.38834490022
1244,2459741.8605787,301.2314436,-17.9978655,2,16.356199264526367,0.04521400108933449,59741.36057869997
1245,2459740.8971181,301.2314718,-17.9978847,1,17.40169906616211,0.06286600232124329,59740.397118099965
1246,2459739.9383912,301.2314655,-17.9978685,2,16.267200469970703,0.06487700343132019,59739.4383911998
1248,2459737.9411111,301.2314689,-17.9979159,2,16.172199249267578,0.045534998178482056,59737.441111099906
1249,2459737.9186111,301.2315456,-17.997954,1,17.99139976501465,0.06754200160503387,59737.41861109994
1251,2459735.8977083,301.2314995,-17.997888,2,16.944000244140625,0.07383500039577484,59735.397708300035
1252,2459732.9510185,301.2314713,-17.9979153,2,16.62019920349121,0.05821099877357483,59732.45101850014
1253,2459732.9373611,301.2314331,-17.9979059,1,18.355600357055664,0.09828100353479385,59732.43736110022
1254,2459731.9251968,301.2314857,-17.9979097,2,16.64310073852539,0.06810600310564041,59731.425196799915
1255,2459731.8970833,301.2315287,-17.9982323,1,18.80069923400879,0.12611499428749084,59731.397083300166
1257,2459729.9191088,301.2314704,-17.9979181,1,17.39780044555664,0.06063200160861015,59729.419108800124
1258,2459727.9384491,301.2314551,-17.9979015,1,16.85460090637207,0.04802799969911575,59727.438449100126
1259,2459726.9544676,301.2314915,-17.9978749,1,18.086700439453125,0.09081900119781494,59726.45446760021
1260,2459726.9136111,301.2314576,-17.9978994,2,16.425399780273438,0.05990000069141388,59726.413611100055
1261,2459724.9587269,301.231517,-17.9979611,1,18.240999221801758,0.09460200369358063,59724.458726900164
1263,2459723.9583218,301.2314833,-17.9979543,2,17.80660057067871,0.14231300354003906,59723.45832179999
1264,2459722.9196296,301.231541,-17.9978964,1,18.123300552368164,0.07304900139570236,59722.4196295999
1265,2459722.9196296,301.231541,-17.9978964,1,18.123340606689453,0.07304900139570236,59722.4196295999
1266,2459721.939919,301.2314851,-17.9978947,2,16.210599899291992,0.03286400064826012,59721.439919000026
1267,2459718.9871759,301.2314243,-17.9978749,2,16.608699798583984,0.05606599897146225,59718.48717590002
1268,2459718.9190741,301.2314848,-17.9978742,2,17.316200256347656,0.09285599738359451,59718.41907409998
1269,2459713.9423264,301.2314275,-17.9979471,1,17.9468994140625,0.09359800070524216,59713.44232639996
1270,2459713.9380208,301.2314381,-17.9979388,1,17.37310028076172,0.07169800251722336,59713.438020799775
1272,2459713.8960764,301.2315301,-17.9979513,2,16.479900360107422,0.07648000121116638,59713.39607639983
1274,2459711.9590278,301.2315268,-17.9980158,2,17.718000411987305,0.10513199865818024,59711.45902779978
1275,2459711.9350463,301.231469,-17.9979021,1,16.837099075317383,0.04543900117278099,59711.435046299826
1279,2459709.9235648,301.2316288,-17.9978851,2,16.956899642944336,0.054937999695539474,59709.42356480006
1280,2459709.9230903,301.2314529,-17.9978772,2,16.37030029296875,0.05728700011968613,59709.42309030006
1281,2459708.9597222,301.2314548,-17.9979193,2,16.38129997253418,0.043935999274253845,59708.45972219994
1283,2459707.9211227,301.2314373,-17.99791,2,16.611000061035156,0.04363499954342842,59707.421122699976
1284,2459702.9592593,301.2314569,-17.9979066,1,17.2185001373291,0.05778700113296509,59702.45925930003
1285,2459702.925463,301.2315493,-17.9979618,2,16.850900650024414,0.07328800112009048,59702.42546299985
1287,2459700.9365278,301.2314794,-17.9978956,2,16.570199966430664,0.06185400113463402,59700.436527799815
1288,2459697.96375,301.2315167,-17.9980036,1,18.291799545288086,0.10841599851846695,59697.46375000011
1289,2459696.9771296,301.2314752,-17.9979169,2,16.186899185180664,0.041682999581098557,59696.47712960001
1292,2459531.6055787,301.2314165,-17.9979317,2,17.02825927734375,0.09405600279569626,59531.10557870008
1293,2459526.6078009,301.2314369,-17.9978528,2,16.617799758911133,0.0659559965133667,59526.107800900005
1294,2459524.6104167,301.2314606,-17.9979105,1,17.3927001953125,0.07019100338220596,59524.11041670013
1295,2459524.6094792,301.2314583,-17.9979058,1,17.803699493408203,0.05461199954152107,59524.109479200095
1296,2459524.6094792,301.2314473,-17.9979257,1,17.898700714111328,0.08249600231647491,59524.109479200095
1297,2459524.5763542,301.2314632,-17.9979108,2,16.305599212646484,0.05385100096464157,59524.07635420002
1298,2459523.5856944,301.231434,-17.9978768,2,16.944700241088867,0.07960200309753418,59523.08569440013
1300,2459521.6491782,301.2314179,-17.9979133,2,17.32040023803711,0.14750300347805023,59521.149178199936
1304,2459512.6694097,301.2314906,-17.9978865,1,17.364999771118164,0.08278399705886841,59512.169409700204
1305,2459512.6121296,301.2314793,-17.997934,2,16.348800659179688,0.05137199908494949,59512.11212959979
1306,2459512.6116551,301.2315207,-17.997987,2,17.181800842285156,0.15981799364089966,59512.11165509978
1307,2459510.6911111,301.2314796,-17.9979869,1,18.05470085144043,0.12804999947547913,59510.191111099906
1309,2459505.6708102,301.2314827,-17.9979207,1,17.825899124145508,0.09534300118684769,59505.17081019981
1310,2459505.6698611,301.2314076,-17.997901,1,18.99449920654297,0.2327200025320053,59505.16986110015
1312,2459505.6147917,301.2314621,-17.9978825,2,16.62470054626465,0.055073000490665436,59505.11479170015
1313,2459503.6481481,301.2315041,-17.9978986,2,16.99970054626465,0.055636998265981674,59503.14814809989
1314,2459503.6481481,301.2315102,-17.9979109,2,16.86750030517578,0.04248800128698349,59503.14814809989
1315,2459503.6285532,301.2314133,-17.9979906,1,17.316200256347656,0.06757000088691711,59503.12855320005
1316,2459503.6276157,301.2314943,-17.997881,1,17.77280044555664,0.0984409973025322,59503.12761570001
1317,2459502.7020486,301.2314921,-17.9979968,2,16.654399871826172,0.06322800368070602,59502.202048600186
1318,2459498.6857639,301.2315932,-17.9978703,2,17.24250030517578,0.10771899670362473,59498.18576390017
1319,2459498.6857639,301.2315661,-17.9977711,2,17.0093994140625,0.035985998809337616,59498.18576390017
1322,2459491.7525926,301.231468,-17.9979273,1,18.31220054626465,0.1682790070772171,59491.25259259995
1324,2459489.7097685,301.2314791,-17.9979691,1,18.0492000579834,0.08570100367069244,59489.20976850018
1325,2459489.7097685,301.2314791,-17.9979691,1,18.0492000579834,0.08570100367069244,59489.20976850018
1326,2459489.6727431,301.2313736,-17.9979165,2,17.447200775146484,0.20849600434303284,59489.17274310021
1327,2459489.6727431,301.2313736,-17.9979165,2,17.447200775146484,0.20849600434303284,59489.17274310021
1328,2459488.7168171,301.23146,-17.99788,1,17.614200592041016,0.08389899879693985,59488.21681710007
1330,2459487.6889931,301.2314628,-17.9979086,1,17.083599090576172,0.05247800052165985,59487.18899310008
1331,2459485.6897106,301.2314702,-17.9979217,2,16.191200256347656,0.04893999919295311,59485.189710599836
1332,2459484.7307176,301.2315534,-17.9978764,2,16.85689926147461,0.12933200597763062,59484.23071759986
1333,2459484.7307176,301.2314351,-17.9979357,2,16.66069984436035,0.025220999494194984,59484.23071759986
1336,2459480.7114352,301.2315801,-17.9978272,2,17.227500915527344,0.1420219987630844,59480.21143520018
1337,2459480.6487037,301.2314452,-17.997866,1,17.103599548339844,0.048893000930547714,59480.14870369993
1338,2459479.7322685,301.2315052,-17.9979129,2,16.87459945678711,0.06703700125217438,59479.23226850014
1341,2459476.7948148,301.2314278,-17.9979555,2,17.223100662231445,0.06949900090694427,59476.29481479991
1342,2459476.7323032,301.2313989,-17.9979919,1,17.40019989013672,0.0824040025472641,59476.232303199824
1343,2459476.7318403,301.2314673,-17.9978584,1,17.908199310302734,0.12421099841594696,59476.23184029991
1344,2459476.708044,301.2314509,-17.9980262,2,16.286699295043945,0.057735998183488846,59476.20804399997
1345,2459471.754213,301.2314834,-17.997964,1,18.11829948425293,0.09460700303316116,59471.25421300018
1346,2459471.75375,301.2314342,-17.9978756,1,17.653099060058594,0.0883060023188591,59471.25375000015
1347,2459471.7098495,301.2315154,-17.9978241,2,17.35610008239746,0.10538200289011002,59471.2098495001
1349,2459468.8199537,301.2314333,-17.9978607,2,16.66119956970215,0.052983999252319336,59468.31995370006
1350,2459468.7500231,301.2314702,-17.9978829,2,16.364999771118164,0.048124998807907104,59468.25002310006
1351,2459468.6884028,301.2315037,-17.99787,1,18.04800033569336,0.08502800017595291,59468.18840279989
1352,2459466.797963,301.2314697,-17.9979298,1,17.354700088500977,0.058313999325037,59466.2979629999
1353,2459466.7970139,301.23153,-17.9979113,1,17.730199813842773,0.08416900038719177,59466.29701389978
1354,2459466.6876736,301.2314494,-17.9978426,2,16.874000549316406,0.046227000653743744,59466.187673599925
1355,2459464.7326389,301.2314588,-17.9979331,1,17.387100219726562,0.06414400041103363,59464.23263890017
1356,2459464.7326389,301.2314588,-17.9979331,1,17.387100219726562,0.06414400041103363,59464.23263890017
1357,2459464.7317014,301.2314941,-17.9979093,1,17.992300033569336,0.05850499868392944,59464.23170140013
1358,2459464.7317014,301.2314941,-17.9979093,1,17.992300033569336,0.05850499868392944,59464.23170140013
1359,2459462.7720602,301.2315468,-17.9978733,1,17.94659996032715,0.05996200069785118,59462.272060200106
1362,2459460.7315162,301.2314679,-17.9979304,2,16.229700088500977,0.05522000044584274,59460.23151620012
1364,2459458.7302662,301.231458,-17.9978929,2,16.14889907836914,0.047832999378442764,59458.23026619991
1366,2459454.7929977,301.2316114,-17.9981093,2,17.063499450683594,0.08122599869966507,59454.29299770016
1367,2459454.7929977,301.2314748,-17.9980664,2,16.871999740600586,0.032246001064777374,59454.29299770016
1368,2459454.7723611,301.2314685,-17.9978676,2,16.66069984436035,0.05488499999046326,59454.272361100186
1369,2459452.810463,301.2314682,-17.9978923,1,17.107999801635742,0.04918599873781204,59452.31046300009
1370,2459452.7928472,301.231511,-17.9979223,1,17.694900512695312,0.11100800335407257,59452.29284719983
1371,2459450.8133449,301.2314483,-17.9979733,2,16.793500900268555,0.10699299722909927,59450.31334490003
1372,2459450.7938542,301.2314665,-17.9979126,2,16.23150062561035,0.043703000992536545,59450.293854199816
1373,2459450.7560301,301.2313771,-17.9980708,1,18.436199188232422,0.22033800184726715,59450.25603009993
1376,2459448.7308681,301.2314748,-17.9979371,2,16.440799713134766,0.05968400090932846,59448.23086810019
1377,2459444.7972222,301.2314897,-17.9978449,1,17.270299911499023,0.07413099706172943,59444.29722219985
1378,2459444.7967477,301.2314434,-17.9978756,1,17.098499298095703,0.057565998286008835,59444.296747699846
1379,2459444.749375,301.2315323,-17.9978968,2,16.508100509643555,0.047775998711586,59444.24937500013
1380,2459442.791956,301.2314764,-17.9980444,1,17.82309913635254,0.10263700038194656,59442.29195600003
1381,2459442.773831,301.2314238,-17.9978987,1,17.539600372314453,0.08408600091934204,59442.273831000086
1382,2459442.7331366,301.2314005,-17.9979574,2,17.363800048828125,0.0613120011985302,59442.23313659988
1383,2459442.7321875,301.2314362,-17.9978931,2,16.562999725341797,0.055636998265981674,59442.23218750022
1384,2459440.7527315,301.231426,-17.9978464,1,18.727399826049805,0.16892099380493164,59440.25273150019
1385,2459440.7527315,301.231426,-17.9978464,1,18.727399826049805,0.16892099380493164,59440.25273150019
1387,2459440.7306713,301.2316542,-17.9980775,2,17.031099319458008,0.11542599648237228,59440.23067130009
1388,2459440.7306713,301.2314644,-17.9980443,2,16.894899368286133,0.03460099920630455,59440.23067130009
1389,2459440.7306713,301.2316542,-17.9980775,2,17.031099319458008,0.11542599648237228,59440.23067130009
1390,2459440.7306713,301.2314644,-17.9980443,2,16.894899368286133,0.03460099920630455,59440.23067130009
1391,2459438.8727199,301.2314669,-17.9978914,1,16.849300384521484,0.05040799826383591,59438.37271990022
1392,2459438.7197106,301.2314678,-17.9978982,1,17.340999603271484,0.0773020014166832,59438.2197106001
1393,2459435.7705671,301.2314785,-17.9978869,2,16.218000411987305,0.05344400182366371,59435.27056710003
1395,2459435.7132639,301.2315192,-17.9978609,1,18.250999450683594,0.09453699737787247,59435.21326390002
1396,2459430.7930093,301.231482,-17.9978602,1,17.466800689697266,0.06150500103831291,59430.293009299785
1397,2459430.7527662,301.231427,-17.9979048,2,16.83169937133789,0.05203599855303764,59430.252766199876
1401,2459428.7943403,301.2314519,-17.9978828,1,17.087900161743164,0.04287499934434891,59428.29434029991
1402,2459428.7633333,301.2316211,-17.9980444,1,18.416900634765625,0.1379999965429306,59428.26333330013
1403,2459426.8373611,301.2313665,-17.9979568,1,18.036399841308594,0.06711100041866302,59426.33736110013
1406,2459424.7734722,301.2314791,-17.9978932,1,18.208200454711914,0.12426500022411346,59424.27347220015
1407,2459424.7725231,301.2314133,-17.997875,1,17.67650032043457,0.066600002348423,59424.27252310002
1409,2459422.8575231,301.2314239,-17.9978651,2,16.66699981689453,0.030660999938845634,59422.357523099985
1410,2459422.7773843,301.231433,-17.9979154,1,18.083200454711914,0.10903500020503998,59422.277384299785
1411,2459415.8621296,301.2315108,-17.9978141,2,17.065099716186523,0.06696300208568573,59415.36212959979
1412,2459415.8621296,301.2315108,-17.9978141,2,17.065099716186523,0.06696300208568573,59415.36212959979
1413,2459415.8621296,301.2315108,-17.9978141,2,17.065099716186523,0.06696300208568573,59415.36212959979
1415,2459415.7903472,301.2314579,-17.9979746,1,18.069299697875977,0.07704199850559235,59415.29034719989
1416,2459415.7903472,301.2314579,-17.9979746,1,18.069299697875977,0.07704199850559235,59415.29034719989
1417,2459415.7903472,301.2314579,-17.9979746,1,18.069299697875977,0.07704199850559235,59415.29034719989
1419,2459412.8575116,301.2314598,-17.9979453,2,16.31209945678711,0.04496699944138527,59412.357511600014
1420,2459412.857037,301.2315652,-17.9979129,2,16.90719985961914,0.0803380012512207,59412.35703699989
1421,2459412.8351157,301.2316151,-17.9979977,1,18.692100524902344,0.12266399711370468,59412.33511570003
1423,2459408.8570023,301.2314566,-17.9979499,1,17.310400009155273,0.08017099648714066,59408.35700230021
1424,2459408.8362616,301.231472,-17.9978735,1,18.38409996032715,0.0969569981098175,59408.33626159979
1425,2459408.8324653,301.2315914,-17.9980208,2,17.254499435424805,0.09422799944877625,59408.33246529987
1426,2459408.8153588,301.2315255,-17.9979793,2,17.578899383544922,0.21451300382614136,59408.31535879988
1427,2459406.8738657,301.2314357,-17.9978664,1,16.868499755859375,0.05080199986696243,59406.37386569986
1428,2459406.8576042,301.2314777,-17.9978751,1,17.277700424194336,0.06817200034856796,59406.35760420002
1429,2459406.8358333,301.2315072,-17.99798,2,17.663700103759766,0.06374199688434601,59406.335833299905
1430,2459404.8368287,301.2314983,-17.9979827,1,17.60849952697754,0.059057001024484634,59404.3368286998
1431,2459403.8768403,301.2315259,-17.9978707,1,18.39419937133789,0.09575600177049637,59403.37684029993
1432,2459403.8344907,301.2314457,-17.9978948,2,16.608299255371094,0.07887499779462814,59403.33449070016
1435,2459401.9191435,301.2314193,-17.9979074,2,16.918800354003906,0.09451299905776978,59401.41914349981
1436,2459400.9188889,301.2315457,-17.9978557,2,17.09510040283203,0.10398799926042557,59400.41888889996
1437,2459400.8568403,301.231468,-17.9979207,1,17.280399322509766,0.04338200017809868,59400.35684029991
1438,2459399.8989005,301.2315298,-17.9979458,1,17.666200637817383,0.08406999707221985,59399.39890050003
1439,2459399.878588,301.2315579,-17.9978239,2,16.992300033569336,0.09449200332164764,59399.37858799985
1441,2459397.796956,301.2314769,-17.9979513,1,17.693599700927734,0.0670270025730133,59397.29695599992
1442,2459396.9197685,301.2314109,-17.9977873,1,17.999300003051758,0.08626099675893784,59396.41976850014
1443,2459396.8782755,301.2315168,-17.9978717,2,16.970399856567383,0.06308799982070923,59396.378275500145
1444,2459395.8830671,301.2313849,-17.9978996,1,17.749399185180664,0.10809999704360962,59395.38306709984
1446,2459393.8353009,301.2315199,-17.9979605,1,17.793800354003906,0.08491499722003937,59393.33530090004
1447,2459393.8348264,301.2314789,-17.9979278,1,17.312700271606445,0.05946100130677223,59393.33482640004
1448,2459387.9212384,301.231458,-17.9980062,2,17.104700088500977,0.08871500194072723,59387.42123840004
1449,2459387.9090856,301.2314675,-17.9978713,2,16.306499481201172,0.048562001436948776,59387.40908560017
1452,2459385.8468403,301.2314267,-17.9978804,2,16.311500549316406,0.051075998693704605,59385.34684030013
1453,2459385.8177662,301.2319068,-17.998286,1,17.77389907836914,0.11704699695110321,59385.31776619982
1454,2459385.8177662,301.2319173,-17.9982332,1,17.70400047302246,0.08230499923229218,59385.31776619982
1456,2459385.8172917,301.2315164,-17.99788,1,17.185300827026367,0.06884100288152695,59385.317291699816
1458,2459382.9132639,301.2314469,-17.9979655,1,17.510799407958984,0.05944899842143059,59382.413263900205
1459,2459382.8571528,301.2314485,-17.9978802,2,16.06719970703125,0.045593999326229095,59382.357152800076
1464,2459380.8766667,301.2315063,-17.9978668,2,16.113500595092773,0.11719900369644165,59380.3766667
1465,2459378.919213,301.2315176,-17.9979594,1,18.256099700927734,0.0888340026140213,59378.41921300022
1466,2459378.8978472,301.2314576,-17.9979301,2,16.753000259399414,0.05771699920296669,59378.39784719981
1468,2459376.9379398,301.2314689,-17.9978969,2,16.31909942626953,0.04276999831199646,59376.43793979986
1469,2459376.9370023,301.231469,-17.9978961,2,16.85580062866211,0.05293799936771393,59376.43700229982
1470,2459376.8988657,301.2316575,-17.9979528,1,18.87619972229004,0.15712299942970276,59376.39886569977
1471,2459376.8761343,301.2314796,-17.9979071,1,17.3164005279541,0.048245999962091446,59376.37613430014
1472,2459374.9388426,301.2315573,-17.9979308,2,16.77239990234375,0.09225200116634369,59374.43884260021
1473,2459374.8985185,301.2315552,-17.9979766,1,18.543899536132812,0.1151610016822815,59374.39851849992
1474,2459374.8970949,301.2314569,-17.997907,1,18.125699996948242,0.08113899827003479,59374.39709489979
1475,2459371.897963,301.2315231,-17.9978422,1,17.937299728393555,0.06623899936676025,59371.397962999996
1476,2459371.8970139,301.2315083,-17.9979459,1,17.388200759887695,0.05935300141572952,59371.39701389987
1477,2459369.9412384,301.2315896,-17.9980343,2,17.760700225830078,0.13338899612426758,59369.44123840006
1478,2459369.9403009,301.2314849,-17.9978904,2,16.666400909423828,0.055661000311374664,59369.44030090002
1479,2459369.8764005,301.231335,-17.9978382,1,18.247600555419922,0.12036000192165375,59369.37640050007
1481,2459367.9336227,301.2314159,-17.9978842,1,17.707700729370117,0.07846199721097946,59367.43362270016
1482,2459367.8977662,301.2314703,-17.9979398,2,16.09819984436035,0.043042998760938644,59367.397766199894
1483,2459366.9518634,301.2315202,-17.9979233,1,17.810300827026367,0.06752300262451172,59366.45186340017
1484,2459366.9156134,301.231482,-17.9978905,2,16.916400909423828,0.05558399856090546,59366.41561339982
1485,2459365.9419097,301.2314098,-17.997873,1,17.716299057006836,0.06487099826335907,59365.44190970017
1486,2459365.9317824,301.2314484,-17.9978926,2,16.92609977722168,0.06573499739170074,59365.43178239977
1488,2459359.8986574,301.2315355,-17.9979845,2,16.15920066833496,0.027336999773979187,59359.39865740016
1489,2459357.9614005,301.2315304,-17.9979253,2,16.76020050048828,0.08606000244617462,59357.46140050003
1490,2459356.943125,301.2314593,-17.997892,1,17.355199813842773,0.06079300120472908,59356.44312500022
1492,2459354.9423148,301.2316054,-17.9980347,1,17.90169906616211,0.09207600355148315,59354.442314799875
1493,2459354.9209838,301.231591,-17.9980007,2,16.864900588989258,0.05733900144696236,59354.4209838002
1494,2459353.9594444,301.2314819,-17.997912,2,16.30820083618164,0.04094399884343147,59353.45944439992
1495,2459353.9006597,301.2314284,-17.997926,1,17.636699676513672,0.07099299877882004,59353.400659699924
1496,2459352.9243866,301.2314486,-17.997917,2,16.63789939880371,0.043570999056100845,59352.42438660003
1497,2459349.9591551,301.2314621,-17.9979425,2,16.2106990814209,0.043209999799728394,59349.45915509993
1498,2459349.9025463,301.2314714,-17.9979151,1,17.406099319458008,0.05712300166487694,59349.40254630009
1499,2459345.9604167,301.2314669,-17.9979374,2,16.298999786376953,0.037873998284339905,59345.460416700225
1501,2459345.9209954,301.2316545,-17.9979789,1,18.65410041809082,0.14668700098991394,59345.42099539982
1502,2459342.9619329,301.2315237,-17.9979353,1,18.161300659179688,0.08987300097942352,59342.461932899896
1503,2459342.9609954,301.2315093,-17.9978917,1,17.53529930114746,0.05180700123310089,59342.46099539986
1504,2459342.9401852,301.2315108,-17.9979453,2,16.653099060058594,0.0571650005877018,59342.44018519996
1505,2459342.9392477,301.2314674,-17.9979248,2,16.100200653076172,0.0519150011241436,59342.43924769992
1506,2459340.9392824,301.2314752,-17.9979076,1,17.341100692749023,0.06626900285482407,59340.43928240007
1508,2459339.9256713,301.2313902,-17.997732,1,18.651100158691406,0.15247400104999542,59339.42567129992
1509,2459338.9495949,301.2314335,-17.9979626,1,17.59950065612793,0.07541400194168091,59338.44959490001
1511,2459329.9782986,301.231488,-17.997947,1,17.477500915527344,0.0527539998292923,59329.47829859983
1512,2459329.9782986,301.231488,-17.997947,1,17.477500915527344,0.0527539998292923,59329.47829859983
1513,2459329.9427199,301.2314787,-17.9979055,2,16.436800003051758,0.04798100143671036,59329.44271990005
1514,2459329.9427199,301.2314787,-17.9979055,2,16.436800003051758,0.04798100143671036,59329.44271990005
1515,2459325.9802431,301.2314548,-17.9978755,2,16.229999542236328,0.028056999668478966,59325.48024309985
1516,2459325.940787,301.2314751,-17.9978703,1,17.56209945678711,0.06548299640417099,59325.440787000116
1517,2459170.6209606,301.2314634,-17.997874,2,16.694700241088867,0.09213799983263016,59170.12096060021
1518,2459168.6085995,301.2314848,-17.9979699,2,17.566600799560547,0.09950099885463715,59168.1085994998
1519,2459165.5758102,301.2315466,-17.9979768,2,17.063899993896484,0.1656389981508255,59165.07581020007
1520,2459164.6444097,301.2315455,-17.9979673,2,16.70800018310547,0.04810500144958496,59164.14440969983
1521,2459164.6439468,301.2314641,-17.9979235,2,16.18630027770996,0.041687000542879105,59164.143946799915
1522,2459158.610162,301.2314175,-17.9980349,2,18.069400787353516,0.09550300240516663,59158.11016200017
1525,2459157.5841551,301.2315317,-17.9979085,2,16.791900634765625,0.1111690029501915,59157.08415509993
1526,2459157.5767361,301.2314772,-17.9979208,2,16.26650047302246,0.04799799993634224,59157.07673610002
1532,2459153.6300463,301.2314922,-17.9977704,1,18.248199462890625,0.15231400728225708,59153.130046300124
1534,2459153.6041435,301.2314116,-17.9979428,2,16.311800003051758,0.0647210031747818,59153.10414349986
1536,2459152.609537,301.2315079,-17.9979067,1,17.65920066833496,0.06414099782705307,59152.10953699984
1538,2459151.6818403,301.2314588,-17.9976827,2,17.329700469970703,0.09741099923849106,59151.181840300094
1539,2459151.6289583,301.231464,-17.997838,1,18.409099578857422,0.13084499537944794,59151.12895830022
1543,2459150.6494792,301.2315551,-17.9978506,1,17.950300216674805,0.07853599637746811,59150.14947920013
1545,2459149.6871296,301.2315712,-17.9975799,1,17.936899185180664,0.13383999466896057,59149.18712959997
1546,2459149.6237037,301.2315739,-17.9978715,2,16.943099975585938,0.0703819990158081,59149.123703700025
1547,2459147.6629514,301.2315234,-17.9978543,1,17.065900802612305,0.1312669962644577,59147.16295140004
1548,2459143.6698611,301.2314484,-17.9979314,1,17.4148006439209,0.07094299793243408,59143.16986110015
1549,2459143.6318519,301.2317067,-17.9979348,2,17.572900772094727,0.14327099919319153,59143.1318518999
1551,2459141.6899769,301.2314416,-17.9979183,1,18.1781005859375,0.10406400263309479,59141.189976899885
1553,2459141.6402315,301.2314694,-17.9979372,2,17.26180076599121,0.09209799766540527,59141.140231499914
1554,2459139.6715625,301.2315004,-17.9979485,1,17.073200225830078,0.05662300065159798,59139.17156249983
1555,2459139.670625,301.2314983,-17.9979278,1,17.55500030517578,0.06023700162768364,59139.170624999795
1556,2459139.6275694,301.231429,-17.9979688,2,16.59749984741211,0.061250001192092896,59139.127569399774
1557,2459137.6721991,301.2314202,-17.9979105,2,16.686100006103516,0.0412059985101223,59137.17219909979
1558,2459137.6712616,301.2314546,-17.9978786,2,16.12070083618164,0.058031000196933746,59137.17126160022
1559,2459137.6471875,301.2315062,-17.9978505,1,17.88599967956543,0.10644199699163437,59137.147187499795
1561,2459135.6690625,301.2314796,-17.9978855,2,16.30030059814453,0.04121199995279312,59135.16906249989
1562,2459131.6705556,301.2314552,-17.9979517,1,17.33139991760254,0.06439799815416336,59131.170555599965
1565,2459128.6871528,301.2314633,-17.9978789,1,17.159500122070312,0.05269699916243553,59128.18715280015
1566,2459126.6921528,301.2314545,-17.9978866,1,17.334800720214844,0.06365299969911575,59126.19215280004
1568,2459124.7315972,301.2312601,-17.9980632,2,18.208999633789062,0.1445160061120987,59124.231597200036
1570,2459124.6470949,301.231439,-17.9979172,1,17.505800247192383,0.06703799962997437,59124.14709489979
1571,2459124.6271528,301.2315078,-17.9978965,1,17.691699981689453,0.0788239985704422,59124.127152800094
1572,2459108.7515278,301.2314856,-17.997887,1,18.00189971923828,0.1681240051984787,59108.251527800225
1573,2459099.7106944,301.2314305,-17.9978525,2,17.20709991455078,0.1517760008573532,59099.21069440013
1575,2459099.6684954,301.2314452,-17.9978712,1,17.285499572753906,0.053536999970674515,59099.16849539988
1576,2459099.6675694,301.2315808,-17.9980008,1,17.721599578857422,0.07760699838399887,59099.16756939981
1577,2459099.6675694,301.2315018,-17.9979122,1,17.628799438476562,0.0473489984869957,59099.16756939981
1579,2459070.7945949,301.2314838,-17.9979436,2,17.023300170898438,0.07921600341796875,59070.29459490022
1580,2459069.8142361,301.2314262,-17.9978775,1,17.31879997253418,0.06384900212287903,59069.31423609983
1581,2459069.7403356,301.2313863,-17.9981849,2,17.811800003051758,0.18042999505996704,59069.240335599985
1582,2459067.829537,301.231509,-17.9980154,1,18.12969970703125,0.08844900131225586,59067.32953700004
1583,2459057.8778472,301.2314805,-17.9979915,1,17.846599578857422,0.10110300034284592,59057.377847199794
1584,2459057.8478819,301.2313698,-17.9981245,2,17.284099578857422,0.1425040066242218,59057.34788190015
1585,2459057.8343866,301.2314463,-17.997911,2,16.72369956970215,0.04743099957704544,59057.33438660018
1589,2459054.7719213,301.2314463,-17.99784,1,17.954599380493164,0.08642300218343735,59054.27192129986
1590,2459051.8647454,301.2314359,-17.9978962,2,16.067699432373047,0.048948001116514206,59051.364745399915
1592,2459051.8147917,301.2314495,-17.9980477,1,17.66200065612793,0.060166001319885254,59051.31479169987
1594,2459048.8782176,301.2316372,-17.9979604,2,17.367000579833984,0.08287300169467926,59048.37821759982
1595,2459048.8782176,301.2315884,-17.9979714,2,17.236099243164062,0.03692200034856796,59048.37821759982
1596,2459048.8738426,301.2318897,-17.9979159,1,19.137100219726562,0.13949599862098694,59048.3738425998
1598,2459045.7729861,301.2314222,-17.9978705,1,17.25149917602539,0.043547000735998154,59045.272986100055
1600,2459042.8929167,301.2314078,-17.9978918,2,16.555099487304688,0.06864099949598312,59042.39291669987
1601,2459042.8782407,301.2315368,-17.9980003,2,17.715599060058594,0.0866049975156784,59042.37824069988
1602,2459042.8259606,301.2315359,-17.997952,1,17.911300659179688,0.10700199753046036,59042.32596059982
1604,2459039.8525231,301.2314483,-17.9978165,1,18.18630027770996,0.1184609979391098,59039.3525231001
1605,2459039.8515856,301.2313941,-17.9978614,1,17.709699630737305,0.06775200366973877,59039.35158560006
1607,2459032.876088,301.2314252,-17.9979737,1,17.765499114990234,0.07623899728059769,59032.3760879999
1608,2459032.8355556,301.2314475,-17.997888,2,16.609399795532227,0.06814499944448471,59032.3355556
1609,2459029.7739005,301.2313883,-17.9978941,1,16.9778995513916,0.060366999357938766,59029.27390050003
1611,2459026.9595023,301.2314988,-17.9983728,2,17.76420021057129,0.1530510038137436,59026.45950229978
1613,2459026.8759954,301.2314047,-17.9978558,1,18.124799728393555,0.08350999653339386,59026.375995399896
1616,2459023.8407523,301.2314422,-17.9978288,1,18.12579917907715,0.08680400252342224,59023.340752299875
1617,2459020.9725579,301.2314524,-17.9978835,2,16.524200439453125,0.07871600240468979,59020.47255790001
1618,2459020.9592477,301.2314035,-17.9981554,2,18.046600341796875,0.14646700024604797,59020.45924769994
1619,2459020.8846528,301.2315317,-17.9978888,1,17.552200317382812,0.04791399836540222,59020.38465279993
1622,2459014.9591435,301.2314793,-17.9979126,2,16.500900268554688,0.041411999613046646,59014.459143499844
1623,2459014.8862847,301.2314469,-17.9979131,1,17.508899688720703,0.06808599829673767,59014.38628470013
1625,2459002.9599653,301.2316194,-17.998051,2,17.185699462890625,0.16876299679279327,59002.459965299815
1627,2458999.9159259,301.2315456,-17.9979433,1,17.36479949951172,0.06965000182390213,58999.415925899986
1628,2458998.9603819,301.2314875,-17.9979255,2,16.3794002532959,0.04711399972438812,58998.46038189996
1631,2458987.986875,301.2314569,-17.9979987,2,17.632299423217773,0.07752200216054916,58987.486874999944
1632,2458805.5729977,301.2315752,-17.9975098,2,17.648300170898438,0.14320699870586395,58805.07299769996
1636,2458798.6051273,301.2315115,-17.9979235,1,17.37070083618164,0.06918299943208694,58798.105127300136
1640,2458795.574537,301.2314774,-17.9979232,2,16.412399291992188,0.042718999087810516,58795.07453700015
1641,2458793.627662,301.2316127,-17.9979276,1,17.847999572753906,0.11012200266122818,58793.12766199978
1644,2458792.5977778,301.2315109,-17.9978705,1,17.17919921875,0.04375699907541275,58792.09777780017
1645,2458789.6839699,301.231435,-17.9978106,1,18.508899688720703,0.14477500319480896,58789.18396990001
1646,2458785.6829398,301.2316036,-17.9977048,1,18.67169952392578,0.15681999921798706,58785.18293979997
1647,2458785.5833912,301.2314299,-17.9979788,2,17.209800720214844,0.07137899845838547,58785.08339119982
1650,2458781.6244329,301.2311452,-17.9978563,1,17.976699829101562,0.15154999494552612,58781.12443289999
1652,2458781.6015046,301.2314449,-17.9979712,2,17.18790054321289,0.06722000241279602,58781.10150460014
1655,2458779.5842824,301.2314639,-17.9979414,2,16.70870018005371,0.07552400231361389,58779.08428240009
1657,2458777.6198611,301.2315762,-17.9980413,1,18.218000411987305,0.12540799379348755,58777.11986109987
1659,2458777.5982176,301.2314078,-17.9978619,2,17.251399993896484,0.13549299538135529,58777.098217600025
1660,2458776.6081713,301.2314902,-17.997776,1,18.849000930786133,0.14469300210475922,58776.10817130003
1662,2458771.6866782,301.231484,-17.9979767,1,17.53350067138672,0.0633149966597557,58771.18667820003
1663,2458771.6862269,301.2316373,-17.9980306,1,18.095600128173828,0.10080400109291077,58771.1862269002
1665,2458768.7399884,301.23149,-17.9979182,1,17.053800582885742,0.061827000230550766,58768.239988400135
1666,2458768.5922222,301.2314518,-17.9979472,1,17.410600662231445,0.05423000082373619,58768.092222199775
1668,2458765.6877083,301.2315677,-17.9979283,2,16.48889923095703,0.09470800310373306,58765.18770830007
1669,2458765.5965278,301.2315326,-17.9979939,1,17.771799087524414,0.07195799797773361,58765.096527799964
1670,2458761.6261574,301.2314804,-17.9978652,2,16.22279930114746,0.041071999818086624,58761.1261574002
1671,2458760.752419,301.2315506,-17.9979634,2,16.81839942932129,0.08402100205421448,58760.252419000026
1673,2458758.601169,301.2314627,-17.9979359,2,16.53459930419922,0.055442001670598984,58758.101168999914
1674,2458749.7065856,301.2314719,-17.9979233,1,17.49020004272461,0.07600399851799011,58749.20658560004
1675,2458749.7056829,301.2314674,-17.9978911,1,17.079200744628906,0.06363599747419357,58749.2056828998
1676,2458746.6344792,301.2314562,-17.9978584,1,18.419599533081055,0.15186600387096405,58746.1344792
1677,2458746.6340278,301.2314274,-17.9979089,1,17.88279914855957,0.07384700328111649,58746.13402780006
1679,2458733.7995139,301.2313737,-17.9978642,1,18.958599090576172,0.23680000007152557,58733.29951390019
1681,2458726.7468866,301.2315281,-17.9978913,1,17.747600555419922,0.09547500312328339,58726.24688659981
1682,2458725.6884838,301.2314529,-17.9978888,1,16.819400787353516,0.05004899948835373,58725.18848379981
1684,2458723.7577662,301.2314716,-17.9978884,1,17.128400802612305,0.05775799974799156,58723.25776620023
1688,2458720.7621528,301.231402,-17.9978759,1,18.431800842285156,0.11236199736595154,58720.26215279987
1690,2458714.8403241,301.2318163,-17.9980956,2,18.05069923400879,0.2397499978542328,58714.34032410011
1691,2458714.7473958,301.2314585,-17.9979266,1,17.761199951171875,0.0669580027461052,58714.24739579996
1692,2458711.7516204,301.2314203,-17.9978785,1,17.157100677490234,0.06140900030732155,58711.25162040023
1694,2458705.6691667,301.2314344,-17.9978905,2,16.538299560546875,0.05820700153708458,58705.16916669998
1696,2458702.8861458,301.2314556,-17.9980241,2,17.167800903320312,0.11879099905490875,58702.38614579989
1699,2458696.855081,301.23144,-17.9978695,2,16.885400772094727,0.08597200363874435,58696.3550809999
1700,2458693.838044,301.231446,-17.9979026,2,16.418399810791016,0.04560299962759018,58693.33804399986
1703,2458690.8558218,301.2314401,-17.997929,2,16.34670066833496,0.04743200168013573,58690.35582179995
1704,2458690.7930556,301.2314437,-17.997892,1,16.805099487304688,0.05515800043940544,58690.29305560002
1705,2458684.9419676,301.2316041,-17.9980461,2,16.930200576782227,0.08551999926567078,58684.441967600025
1707,2458678.8139815,301.2312688,-17.9978369,1,18.315399169921875,0.12090899795293808,58678.31398149999
1709,2458675.8340625,301.2314326,-17.9979546,1,18.072399139404297,0.0740009993314743,58675.334062499925
1713,2458669.9799653,301.2315079,-17.9979378,1,17.234100341796875,0.04882099851965904,58669.47996529983
1714,2458669.9407292,301.2313876,-17.9978584,1,18.89550018310547,0.18124499917030334,58669.44072919991
1715,2458669.8992708,301.2314728,-17.9979237,2,16.32270050048828,0.05083400011062622,58669.39927079994
1718,2458647.8133102,301.2315812,-17.9979111,2,16.884300231933594,0.06663099676370621,58647.31331019988
1719,2458647.8133102,301.231476,-17.9978778,2,16.74530029296875,0.035023998469114304,58647.31331019988
1721,2458641.9802431,301.2314632,-17.9978792,2,16.244800567626953,0.05968799814581871,58641.48024309985
1722,2458641.9192014,301.2314926,-17.997918,1,18.18549919128418,0.08781900256872177,58641.41920140013
1723,2458638.9604398,301.231336,-17.9978874,2,17.586299896240234,0.1080780029296875,58638.46043979982
1724,2458638.942581,301.2314549,-17.9979091,1,16.88010025024414,0.05198200047016144,58638.44258099981
1725,2458635.9813889,301.2315001,-17.9980149,1,18.158199310302734,0.09553000330924988,58635.48138889996
1726,2458635.8976736,301.2314778,-17.9978848,2,16.285200119018555,0.06210799887776375,58635.39767359989
1729,2458431.603044,301.2313418,-17.9980331,1,17.484399795532227,0.09254399687051773,58431.10304399999
1732,2458424.5843056,301.2314643,-17.9979754,2,16.4552001953125,0.16074499487876892,58424.0843055998
1733,2458377.7096065,301.231468,-17.997912,1,17.8125,0.08990699797868729,58377.20960649988
1734,2458374.7699074,301.2314901,-17.9979609,1,17.95490074157715,0.08773200213909149,58374.26990740001
1735,2458374.7297801,301.2314573,-17.9980227,1,18.552400588989258,0.12540900707244873,58374.22978009982
1736,2458371.7516088,301.2315715,-17.9979199,1,18.266199111938477,0.08217199891805649,58371.25160880014
1737,2458368.7510764,301.231483,-17.9978997,1,17.42140007019043,0.05104300007224083,58368.251076399814
