,jd,ra,dec,fid,magpsf,sigmapsf,mjd
0,2461032.594838,301.9844599,34.9184119,1,16.484596252441406,0.12302228063344955,61032.0948379999
1,2461030.6381597,301.9845208,34.9185583,2,14.980199813842773,0.1055070012807846,61030.138159700204
2,2461030.6008912,301.9844831,34.9184574,1,16.52359962463379,0.045781999826431274,61030.100891199894
3,2461028.6563889,301.9843672,34.9184343,1,16.50309944152832,0.03473899886012077,61028.15638889978
4,2461028.6380208,301.9844024,34.9184497,1,16.43630027770996,0.04113699868321419,61028.13802079996
7,2461026.6325926,301.9844416,34.9184299,1,16.383899688720703,0.0583610013127327,61026.13259259984
8,2461026.6316551,301.9844824,34.9184448,1,16.52440071105957,0.05170600116252899,61026.1316550998
11,2461024.6529861,301.9846125,34.9183986,2,15.097299575805664,0.06177699938416481,61024.15298609994
12,2461024.6417014,301.9845058,34.918406,2,15.062399864196777,0.057941000908613205,61024.141701399814
13,2461024.5950347,301.9844636,34.918414,1,16.486799240112305,0.04772600159049034,61024.09503469989
14,2461024.5945602,301.9844776,34.9184406,1,16.50510025024414,0.036313001066446304,61024.09456019988
15,2461022.6355903,301.9844425,34.9184499,1,16.46579933166504,0.046174999326467514,61022.135590299964
16,2461022.6346412,301.984481,34.9184374,1,16.499000549316406,0.058977000415325165,61022.13464119984
17,2461022.5990509,301.9845346,34.91844,2,15.039400100708008,0.04512700065970421,61022.09905089997
18,2461022.5985764,301.9844913,34.9183678,2,15.054499626159668,0.059822000563144684,61022.09857639996
19,2461020.6366667,301.9844163,34.918475,1,16.395000457763672,0.05346199870109558,61020.13666669978
20,2461020.6357176,301.9845162,34.9184608,1,16.51259994506836,0.06603900343179703,61020.13571760012
21,2461020.5893981,301.9845098,34.9183867,2,15.007200241088867,0.07067800313234329,61020.08939810004
22,2461020.5889236,301.9845062,34.918405,2,15.080599784851074,0.03174100071191788,61020.08892360004
23,2461017.6800347,301.9845649,34.918424,2,15.099800109863281,0.029695000499486923,61017.18003469985
24,2461017.6499306,301.9844446,34.9183478,2,15.00160026550293,0.06965599954128265,61017.14993060008
26,2461015.6698148,301.9845602,34.9185851,2,15.184599876403809,0.036660000681877136,61015.16981479991
27,2461015.6651389,301.9844347,34.9184285,2,15.071800231933594,0.0348999984562397,61015.165138899814
28,2461015.5998958,301.9844764,34.9184677,1,16.51759910583496,0.06225199997425079,61015.0998958
29,2461015.5941551,301.9844856,34.9184805,1,16.54490089416504,0.03648100048303604,61015.094155100174
30,2461013.6393866,301.9844055,34.9184078,2,15.124899864196777,0.02153399959206581,61013.13938659988
31,2461013.6384375,301.9845076,34.9183569,2,15.101699829101562,0.028650999069213867,61013.13843750022
32,2461011.6313773,301.9844851,34.9184348,1,16.447200775146484,0.0675399973988533,61011.13137729978
33,2461011.6024653,301.9845269,34.9184682,2,15.102800369262695,0.03596299886703491,61011.10246529989
34,2461009.6331944,301.9844713,34.918444,1,16.584699630737305,0.04832199960947037,61009.1331944
36,2461007.6387963,301.9844682,34.9184771,1,16.51129913330078,0.05396699905395508,61007.13879630016
37,2461005.6254282,301.9845623,34.9183705,2,15.104299545288086,0.04187300056219101,61005.12542819977
38,2461005.5915741,301.9844955,34.9184787,1,16.55069923400879,0.04387500137090683,61005.091574099846
40,2461003.6029861,301.9845207,34.9184297,1,16.530399322509766,0.07794799655675888,61003.10298610013
41,2460990.6497801,301.9845324,34.9184515,1,16.54912567138672,0.05653008073568344,60990.14978010021
42,2460990.6497801,301.9845324,34.9184515,1,16.549100875854492,0.056529998779296875,60990.14978010021
43,2460990.6333333,301.9844922,34.9184269,1,16.478200912475586,0.0805089995265007,60990.133333299775
44,2460990.6333333,301.9844922,34.9184269,1,16.478200912475586,0.0805089995265007,60990.133333299775
46,2460990.5925231,301.9845291,34.9183976,2,15.072400093078613,0.03333599865436554,60990.092523099855
47,2460988.6158449,301.9845022,34.9184207,1,16.460899353027344,0.061455998569726944,60988.11584489979
48,2460988.6153704,301.9845121,34.9184354,1,16.53700065612793,0.043515000492334366,60988.115370399784
52,2460986.6431829,301.9844812,34.9183636,2,15.059499740600586,0.0429840013384819,60986.1431828998
54,2460986.5735532,301.9845059,34.9184418,1,16.451000213623047,0.05452900007367134,60986.07355319988
55,2460986.5730787,301.9845148,34.9184692,1,16.55430030822754,0.07724200189113617,60986.073078699876
56,2460984.6946644,301.9845219,34.91846,1,16.427799224853516,0.04528899863362312,60984.19466440007
57,2460984.6628704,301.9844745,34.9184387,1,16.450000762939453,0.061918001621961594,60984.16287040012
58,2460982.6509954,301.9844949,34.9184394,1,16.43419647216797,0.08083397895097733,60982.1509953998
59,2460982.6509954,301.9844949,34.9184394,1,16.434200286865234,0.08083400130271912,60982.1509953998
60,2460982.6505324,301.9845026,34.9184758,1,16.540674209594727,0.03814823180437088,60982.15053239977
62,2460982.6098727,301.984458,34.9184715,2,15.046099662780762,0.03722099959850311,60982.10987270018
63,2460982.6094097,301.984535,34.9184561,2,15.004300117492676,0.046463001519441605,60982.10940970015
64,2460980.6732176,301.9844997,34.91843,1,16.386999130249023,0.0653579980134964,60980.17321760021
65,2460980.6727431,301.9844543,34.9184808,1,16.47610092163086,0.052609000355005264,60980.17274310021
68,2460978.7436921,301.9844761,34.9184223,1,16.56170082092285,0.06160400062799454,60978.24369210005
69,2460978.7432292,301.9845085,34.9184328,1,16.45599937438965,0.045134998857975006,60978.24322920013
72,2460976.7025579,301.9844969,34.9184577,1,16.436800003051758,0.0514880008995533,60976.20255789999
73,2460976.6733796,301.9844777,34.9184614,1,16.43589973449707,0.04294300079345703,60976.17337960005
75,2460976.6388773,301.9845205,34.9184258,2,14.99470043182373,0.03993099927902222,60976.13887730008
78,2460974.672037,301.9844906,34.9184697,1,16.50819969177246,0.05502200126647949,60974.17203699984
79,2460974.6624306,301.9844979,34.918447,1,16.580699920654297,0.05361200124025345,60974.1624305998
80,2460974.6384375,301.9845532,34.9184219,2,15.098999977111816,0.0359020009636879,60974.13843750022
81,2460974.6225463,301.9845008,34.9183641,2,15.030900001525879,0.03214799985289574,60974.122546299826
83,2460972.6827778,301.9845162,34.9184007,2,14.96030044555664,0.04083599895238876,60972.18277780013
85,2460972.6669907,301.9845479,34.9183901,2,15.065299987792969,0.0336030013859272,60972.16699070018
87,2460972.6299769,301.9845197,34.918426,1,16.428699493408203,0.06448700278997421,60972.12997689983
88,2460972.6295023,301.9845274,34.9184227,1,16.48590087890625,0.061730001121759415,60972.12950230017
89,2460969.6355324,301.984543,34.9184048,2,15.0516996383667,0.02978299930691719,60969.135532400105
90,2460969.6350579,301.9845042,34.9183688,2,15.026800155639648,0.03832700103521347,60969.1350579001
92,2460967.6830671,301.9845004,34.9184564,1,16.503999710083008,0.04767800122499466,60967.18306710012
93,2460967.6726389,301.9844941,34.9184279,1,16.44969940185547,0.05576099827885628,60967.17263890011
94,2460967.638831,301.9845604,34.9183957,2,15.029500007629395,0.031755998730659485,60967.138830999844
95,2460967.6383565,301.9844849,34.9183884,2,14.987600326538086,0.05121399834752083,60967.13835649984
96,2460965.7125694,301.9844949,34.9184379,1,16.50349998474121,0.04210999980568886,60965.2125694002
97,2460965.7047917,301.9844599,34.9184144,1,16.386199951171875,0.078125,60965.2047917
98,2460965.6378472,301.9845648,34.9183874,2,15.048700332641602,0.036681998521089554,60965.137847200036
99,2460965.6373727,301.98448,34.9183853,2,15.069000244140625,0.03938400000333786,60965.13737270003
102,2460956.716875,301.9844626,34.9184569,1,16.52549934387207,0.07125700265169144,60956.216874999925
103,2460956.6646065,301.984552,34.9183836,2,15.141900062561035,0.040410999208688736,60956.16460649995
104,2460956.6641319,301.9844935,34.9183904,2,15.031700134277344,0.03785499930381775,60956.16413189983
105,2460956.6399306,301.9845266,34.9184686,1,16.57539939880371,0.049261000007390976,60956.139930599835
107,2460954.6699884,301.984516,34.9184933,1,16.704700469970703,0.06398200243711472,60954.16998839984
108,2460954.6543056,301.9845048,34.918496,1,16.533700942993164,0.06278599798679352,60954.154305600096
109,2460954.6194907,301.9844749,34.9183789,2,14.986499786376953,0.08310399949550629,60954.11949069984
110,2460952.7882755,301.9845029,34.9183879,1,16.580699920654297,0.04175499826669693,60952.28827549983
111,2460952.6831944,301.9844961,34.9184093,2,15.043899536132812,0.0451899990439415,60952.18319439981
112,2460952.6827199,301.9845581,34.9183825,2,15.0802001953125,0.03847000002861023,60952.18271989981
114,2460950.7204167,301.9845011,34.9184179,1,16.56760025024414,0.04880800098180771,60950.2204167
117,2460948.7777894,301.9844528,34.9184482,1,16.62969970703125,0.05860799923539162,60948.27778939996
120,2460943.8023843,301.9844758,34.9184549,1,16.674400329589844,0.058472998440265656,60943.30238430016
123,2460941.7259954,301.984475,34.9184335,2,15.03689956665039,0.0601469986140728,60941.22599539999
124,2460941.7259954,301.984475,34.9184335,2,15.03689956665039,0.0601469986140728,60941.22599539999
125,2460941.7255324,301.9845129,34.9183939,2,15.165399551391602,0.034276001155376434,60941.225532399956
126,2460941.7255324,301.9845129,34.9183939,2,15.165399551391602,0.034276001155376434,60941.225532399956
127,2460938.7598032,301.9844778,34.9184742,1,16.701099395751953,0.04709500074386597,60938.25980320014
129,2460938.6683565,301.9845761,34.9184949,2,15.128600120544434,0.07844900339841843,60938.1683565001
130,2460934.8100463,301.9844314,34.9184996,1,16.708200454711914,0.06596700102090836,60934.310046299826
132,2460934.800706,301.9844403,34.9184502,1,16.575199127197266,0.07910600304603577,60934.30070600007
134,2460932.787338,301.9845149,34.9184401,1,16.698999404907227,0.06921800225973129,60932.28733799979
135,2460932.6989583,301.9844957,34.9183628,2,15.05459976196289,0.06271900236606598,60932.198958300054
136,2460932.6984838,301.9845598,34.9184125,2,15.151700019836426,0.0514100007712841,60932.19848380005
137,2460932.679456,301.9845214,34.918377,1,16.583799362182617,0.08677399903535843,60932.179456000216
138,2460932.679456,301.9845214,34.918377,1,16.583799362182617,0.08677399903535843,60932.179456000216
140,2460928.7817014,301.9845093,34.9184908,1,16.692270278930664,0.06616830080747604,60928.281701399945
141,2460928.7817014,301.9845093,34.9184908,1,16.69230079650879,0.06616800278425217,60928.281701399945
143,2460926.8038773,301.9844902,34.9184514,1,16.68869972229004,0.06566300243139267,60926.30387730012
144,2460926.7791551,301.9845039,34.9184763,1,16.53019905090332,0.1073089987039566,60926.27915510023
147,2460924.7208333,301.9844937,34.9184492,1,16.580299377441406,0.07214400172233582,60924.22083330015
148,2460924.7203588,301.9845197,34.9184577,1,16.580799102783203,0.05248299986124039,60924.22035880014
149,2460924.7203588,301.9845197,34.9184577,1,16.580799102783203,0.05248299986124039,60924.22035880014
152,2460922.7240162,301.9845634,34.9183768,2,15.182100296020508,0.05936799943447113,60922.22401619982
154,2460922.6799769,301.984524,34.9184949,1,16.62310028076172,0.06629300117492676,60922.17997690011
155,2460922.6799769,301.984524,34.9184949,1,16.62310028076172,0.06629300117492676,60922.17997690011
156,2460922.6795139,301.9845059,34.9184884,1,16.6117000579834,0.09545399993658066,60922.179513900075
158,2460920.8042245,301.9844746,34.918505,1,16.492414474487305,0.056467775255441666,60920.30422449997
160,2460920.7963773,301.984491,34.9184676,1,16.59469985961914,0.0690160021185875,60920.29637729982
161,2460920.7963773,301.984491,34.9184676,1,16.59469985961914,0.0690160021185875,60920.29637729982
162,2460920.7048727,301.9844879,34.918369,2,14.991800308227539,0.010981000028550625,60920.20487269992
163,2460920.7048727,301.9844879,34.918369,2,14.991800308227539,0.010981000028550625,60920.20487269992
164,2460918.7999421,301.9844912,34.918404,1,16.510799407958984,0.07021299749612808,60918.299942099955
165,2460918.7793981,301.9844765,34.9185217,1,16.633499145507812,0.019286999478936195,60918.279398099985
166,2460918.7793981,301.9844946,34.918287,1,16.638200759887695,0.07332500070333481,60918.279398099985
167,2460918.7793981,301.9844765,34.9185217,1,16.633499145507812,0.019286999478936195,60918.279398099985
168,2460918.7793981,301.9844946,34.918287,1,16.638200759887695,0.07332500070333481,60918.279398099985
169,2460918.7045949,301.9845699,34.9183834,2,15.14680004119873,0.04689500108361244,60918.2045948999
170,2460916.6978588,301.9845155,34.9184594,1,16.67959976196289,0.05810000002384186,60916.19785880018
171,2460916.6978588,301.9845155,34.9184594,1,16.67959976196289,0.05810000002384186,60916.19785880018
172,2460916.6973843,301.9846297,34.9182728,1,16.66390037536621,0.07738400250673294,60916.197384300176
173,2460916.6973843,301.9845676,34.9184955,1,16.667999267578125,0.019926000386476517,60916.197384300176
174,2460913.8198148,301.9845307,34.9184476,1,16.63610076904297,0.04865799844264984,60913.31981479982
175,2460913.8104745,301.9844829,34.918405,1,16.63719940185547,0.06190299987792969,60913.31047450006
177,2460911.8102431,301.9845394,34.9183961,2,15.103500366210938,0.028821999207139015,60911.31024309993
178,2460911.7568981,301.9845559,34.9184412,1,16.584800720214844,0.04438700154423714,60911.25689810002
179,2460911.7371528,301.9844932,34.9184649,1,16.47640037536621,0.10035199671983719,60911.237152799964
181,2460909.8031597,301.9845399,34.918442,1,16.60759925842285,0.07556899636983871,60909.303159699775
182,2460905.8693634,301.9845298,34.9184213,1,16.613399505615234,0.06160999834537506,60905.369363400154
183,2460905.8693634,301.9844996,34.918453,1,16.57110023498535,0.018247000873088837,60905.369363400154
184,2460903.7082292,301.9845166,34.9184404,1,16.582300186157227,0.05357600003480911,60903.20822919998
185,2460903.7082292,301.9845166,34.9184404,1,16.582300186157227,0.05357600003480911,60903.20822919998
186,2460903.7077546,301.984518,34.9184402,1,16.600799560546875,0.044126998633146286,60903.20775459986
187,2460903.7077546,301.984518,34.9184402,1,16.600799560546875,0.044126998633146286,60903.20775459986
188,2460901.7862384,301.9845152,34.9185051,1,16.5044002532959,0.05838099867105484,60901.2862383998
189,2460901.7862384,301.9845152,34.9185051,1,16.5044002532959,0.05838099867105484,60901.2862383998
190,2460901.7275231,301.9845411,34.9184291,1,16.58799934387207,0.04502100124955177,60901.2275231001
191,2460901.7275231,301.9845411,34.9184291,1,16.58799934387207,0.04502100124955177,60901.2275231001
192,2460901.6987731,301.9844613,34.9183968,2,14.976799964904785,0.08135099709033966,60901.19877310004
193,2460901.6987731,301.9844613,34.9183968,2,14.976799964904785,0.08135099709033966,60901.19877310004
195,2460899.7551968,301.9845569,34.9184118,2,15.063345909118652,0.05559211224317551,60899.25519679999
196,2460899.7551968,301.9845569,34.9184118,2,15.063300132751465,0.05559200048446655,60899.25519679999
197,2460899.6779514,301.9845443,34.918452,1,16.5718994140625,0.05606300011277199,60899.17795140017
198,2460899.6774769,301.9845587,34.9184414,1,16.43779945373535,0.07951699942350388,60899.177476900164
199,2460897.7431134,301.9845042,34.918371,2,14.977999687194824,0.07688099890947342,60897.24311339995
200,2460897.7431134,301.9845042,34.918371,2,14.977999687194824,0.07688099890947342,60897.24311339995
202,2460897.7006597,301.9845081,34.9184383,1,16.3342342376709,0.06842272728681564,60897.200659700204
203,2460897.7006597,301.9845081,34.9184383,1,16.334199905395508,0.06842300295829773,60897.200659700204
204,2460897.7006597,301.9845081,34.9184383,1,16.334199905395508,0.06842300295829773,60897.200659700204
205,2460897.7001852,301.9845599,34.9184563,1,16.490699768066406,0.07572600245475769,60897.2001852002
211,2460892.875,301.984517,34.9184564,1,16.505699157714844,0.041338998824357986,60892.375
212,2460891.8295602,301.9844912,34.9183722,2,15.05780029296875,0.03488700091838837,60891.32956020022
213,2460891.8295602,301.9844912,34.9183722,2,15.05780029296875,0.03488700091838837,60891.32956020022
214,2460891.7590856,301.9845047,34.9184041,1,16.485000610351562,0.06334199756383896,60891.2590855998
215,2460891.7590856,301.9845047,34.9184041,1,16.485000610351562,0.06334199756383896,60891.2590855998
216,2460890.8731713,301.9845548,34.9183923,2,15.124899864196777,0.033851999789476395,60890.37317130016
217,2460890.8278356,301.984519,34.9184394,1,16.531400680541992,0.053068000823259354,60890.32783559989
218,2460890.8278356,301.984519,34.9184394,1,16.531400680541992,0.053068000823259354,60890.32783559989
220,2460888.8581366,301.9845225,34.918451,1,16.638099670410156,0.04559199884533882,60888.35813659988
221,2460888.8581366,301.9845225,34.918451,1,16.638099670410156,0.04559199884533882,60888.35813659988
222,2460887.9226042,301.9845117,34.9184271,1,16.54450035095215,0.061184998601675034,60887.422604199965
224,2460886.8030556,301.9845542,34.9183857,2,15.170000076293945,0.04718099907040596,60886.3030555998
225,2460886.7788542,301.9845978,34.918268,1,16.58180046081543,0.051263999193906784,60886.27885420015
226,2460886.7788542,301.9845346,34.9184794,1,16.54800033569336,0.01812399923801422,60886.27885420015
227,2460885.8334028,301.984508,34.9183434,2,15.077699661254883,0.06069200113415718,60885.33340279991
228,2460885.7865046,301.9845138,34.9184267,1,16.51810073852539,0.058430999517440796,60885.2865046002
229,2460884.8326852,301.9845227,34.9184542,1,16.512500762939453,0.06550999730825424,60884.33268520003
231,2460882.8441435,301.9845096,34.9184699,1,16.577199935913086,0.043671999126672745,60882.344143500086
233,2460881.7363426,301.9845327,34.9184068,1,16.465999603271484,0.08759500086307526,60881.23634260008
234,2460880.8250463,301.9845321,34.9184568,1,16.549118041992188,0.0813070684671402,60880.32504629996
235,2460880.8250463,301.9845321,34.9184568,1,16.549100875854492,0.08130700141191483,60880.32504629996
236,2460879.8679051,301.9845552,34.918304,2,15.193300247192383,0.022603999823331833,60879.367905099876
237,2460879.7958796,301.9845315,34.9184085,1,16.510000228881836,0.06047400087118149,60879.295879600104
238,2460878.8577431,301.9845271,34.9184273,1,16.59795379638672,0.049618836492300034,60878.3577430998
241,2460876.8223611,301.9845321,34.9184924,1,16.71969985961914,0.061030998826026917,60876.3223611
242,2460875.8043866,301.9845435,34.9184874,1,16.63789939880371,0.061730001121759415,60875.30438659992
243,2460873.7380903,301.9847474,34.9183548,1,16.722999572753906,0.07271300256252289,60873.2380903
244,2460873.7380903,301.9846124,34.9184982,1,16.707500457763672,0.02418600022792816,60873.2380903
245,2460872.9096296,301.984489,34.9184614,2,15.245038986206055,0.06194298341870308,60872.40962960012
248,2460871.7984259,301.9845029,34.9183322,2,15.295299530029297,0.0699940025806427,60871.29842589982
249,2460871.7984259,301.9844792,34.918475,2,15.251999855041504,0.01170899998396635,60871.29842589982
250,2460871.7455671,301.9845429,34.9184566,1,16.649799346923828,0.055247001349925995,60871.24556710012
252,2460870.717963,301.9845476,34.9184953,1,16.574129104614258,0.10185039043426514,60870.21796299983
253,2460870.717963,301.9845476,34.9184953,1,16.574100494384766,0.1018500030040741,60870.21796299983
254,2460869.7964468,301.9844397,34.9182574,2,15.220020294189453,0.056215014308691025,60869.29644680023
255,2460869.7964468,301.9844939,34.9184655,2,15.24596118927002,0.010065432637929916,60869.29644680023
256,2460869.7964468,301.9844397,34.9182574,2,15.220000267028809,0.05621499940752983,60869.29644680023
257,2460869.7964468,301.9844939,34.9184655,2,15.246000289916992,0.01006499957293272,60869.29644680023
258,2460869.7362384,301.9845462,34.9184729,1,16.752099990844727,0.07427799701690674,60869.236238399986
259,2460869.7362384,301.9845462,34.9184729,1,16.752099990844727,0.07427799701690674,60869.236238399986
260,2460867.8552199,301.9845108,34.9185003,1,16.585779190063477,0.1014324501156807,60867.35521990014
261,2460867.8552199,301.9845108,34.9185003,1,16.585800170898438,0.10143200308084488,60867.35521990014
262,2460867.848287,301.9845341,34.9184985,1,16.66309928894043,0.02775299921631813,60867.348286999855
263,2460867.848287,301.9844998,34.9183159,1,16.714599609375,0.07524500042200089,60867.348286999855
266,2460865.8489699,301.9844996,34.9184499,1,16.65399932861328,0.12413199990987778,60865.34896990005
267,2460865.8485069,301.9845604,34.9184102,1,16.803800582885742,0.07940699905157089,60865.348506900016
269,2460865.7731481,301.9846101,34.9184772,2,15.187700271606445,0.08281099796295166,60865.27314809989
272,2460863.7773727,301.9845661,34.9184966,1,16.649532318115234,0.07945217937231064,60863.27737270016
273,2460863.7773727,301.9845661,34.9184966,1,16.649499893188477,0.07945200055837631,60863.27737270016
274,2460863.7768981,301.9845877,34.9184887,1,16.69070053100586,0.027396000921726227,60863.27689810004
275,2460861.9242014,301.9845158,34.9184569,1,16.66349983215332,0.07460799813270569,60861.42420140002
276,2460861.9237269,301.9845322,34.9184832,1,16.725299835205078,0.020371999591588974,60861.423726900015
277,2460861.9237269,301.9845542,34.9182868,1,16.735700607299805,0.06803599745035172,60861.423726900015
278,2460859.8980093,301.9845452,34.9184689,1,16.704999923706055,0.07902699708938599,60859.39800930023
279,2460859.8520139,301.984494,34.9184552,1,16.68630027770996,0.040004000067710876,60859.352013899945
280,2460859.8191782,301.984525,34.9183596,2,15.142900466918945,0.05358099937438965,60859.31917819986
281,2460857.9352894,301.9845405,34.9184337,1,16.6648006439209,0.06077300012111664,60857.435289400164
283,2460857.9348264,301.9844882,34.9184234,1,16.646699905395508,0.04731699824333191,60857.43482640013
287,2460855.8930208,301.9845309,34.9184685,1,16.640399932861328,0.06906899809837341,60855.39302079985
288,2460855.8838194,301.9845355,34.9184637,1,16.717599868774414,0.06755100190639496,60855.38381939987
289,2460855.8638889,301.9845594,34.9184473,2,15.102800369262695,0.05236100032925606,60855.363888899796
290,2460855.8634144,301.9845554,34.9184191,2,15.329700469970703,0.010515999980270863,60855.36341439979
292,2460853.8218866,301.9845569,34.9185652,1,16.49077606201172,0.0874694362282753,60853.321886599995
293,2460853.8218866,301.9845569,34.9185652,1,16.490800857543945,0.08746899664402008,60853.321886599995
294,2460853.8022917,301.9845845,34.9184516,1,16.61910057067871,0.06163400039076805,60853.30229170015
295,2460853.8022917,301.9845845,34.9184516,1,16.61910057067871,0.06163400039076805,60853.30229170015
297,2460851.8035648,301.9845468,34.9184487,2,15.207756042480469,0.009654643014073372,60851.30356479995
298,2460851.8035648,301.9845488,34.9184489,2,15.217000007629395,0.00966500025242567,60851.30356479995
300,2460849.8224884,301.984534,34.9184478,1,16.488300323486328,0.0581899993121624,60849.322488400154
302,2460849.7859722,301.9845202,34.9183731,2,15.15429973602295,0.055004000663757324,60849.28597219987
303,2460847.8686574,301.9845576,34.9184195,1,16.584192276000977,0.03893418237566948,60847.3686573999
305,2460847.8681829,301.9845311,34.9184463,1,16.692699432373047,0.04159000143408775,60847.368182899896
306,2460847.8273843,301.9845238,34.9183457,2,15.152099609375,0.037066999822854996,60847.327384300064
309,2460845.8393403,301.9845498,34.9184757,1,16.553699493408203,0.05778999999165535,60845.33934029983
314,2460843.7991667,301.9845434,34.9184718,1,16.775699615478516,0.061921000480651855,60843.29916669987
315,2460843.7986921,301.9845765,34.9184563,1,16.662700653076172,0.04685100167989731,60843.298692100216
318,2460840.8400926,301.9844932,34.9183382,2,15.141799926757812,0.07755900174379349,60840.34009259986
319,2460840.7531366,301.9845921,34.9184444,1,16.60822105407715,0.057621847838163376,60840.2531365999
320,2460840.7531366,301.9845921,34.9184444,1,16.608200073242188,0.05762200057506561,60840.2531365999
321,2460838.9127199,301.9844858,34.9183711,2,15.22659969329834,0.03695699945092201,60838.41271989979
322,2460838.8830903,301.9845656,34.9183773,2,15.223899841308594,0.04663100093603134,60838.38309030002
323,2460835.9593403,301.9845472,34.9185746,1,16.723899841308594,0.06826899945735931,60835.459340299945
324,2460835.9218287,301.9844835,34.9184762,1,16.66080093383789,0.04490799829363823,60835.42182870023
326,2460835.8575,301.9844586,34.9183777,2,15.219400405883789,0.04883499816060066,60835.357499999925
327,2460835.8575,301.9844872,34.9185238,2,15.25730037689209,0.01053799968212843,60835.357499999925
328,2460833.9263426,301.9845521,34.9183936,1,16.662399291992188,0.02877900004386902,60833.426342600025
329,2460832.9900926,301.9846561,34.9182926,2,15.2475004196167,0.03506600111722946,60832.49009260023
330,2460832.9085648,301.9845373,34.9184318,1,16.689800262451172,0.053373999893665314,60832.40856479993
331,2460831.8785995,301.9845423,34.9184232,1,16.630399703979492,0.06381399929523468,60831.37859949982
333,2460826.9464005,301.9845157,34.9184167,2,15.266400337219238,0.04540099948644638,60826.4464004999
335,2460826.9074074,301.9845476,34.9184462,1,16.681400299072266,0.04722300171852112,60826.4074074002
336,2460826.9069329,301.984567,34.9184709,1,16.86039924621582,0.05110200121998787,60826.406932900194
338,2460823.8844792,301.9845927,34.9184795,1,16.572900772094727,0.03392599895596504,60823.3844792
339,2460823.8219329,301.9845801,34.918421,1,16.590999603271484,0.06756900250911713,60823.32193290023
340,2460821.8613542,301.9844971,34.9183486,2,15.135299682617188,0.058552999049425125,60821.36135420017
341,2460821.8282755,301.9845326,34.9184264,1,16.521799087524414,0.0625159963965416,60821.328275499865
342,2460821.822581,301.9845263,34.9185337,1,16.62529945373535,0.05285400152206421,60821.32258100016
343,2460818.9530324,301.9845444,34.9184574,1,16.67889976501465,0.05488799884915352,60818.45303239999
344,2460818.9530324,301.9845444,34.9184574,1,16.67889976501465,0.05488799884915352,60818.45303239999
345,2460818.9525579,301.9845576,34.9184558,1,16.60300064086914,0.0368180014193058,60818.45255789999
348,2460816.8664699,301.9845509,34.9184759,1,16.85580062866211,0.11277700215578079,60816.366469900124
349,2460816.8659954,301.9845526,34.9184194,1,16.61669921875,0.05931499972939491,60816.36599540012
350,2460811.9698148,301.9844631,34.9184938,1,16.75320053100586,0.06914900243282318,60811.46981480019
351,2460811.9693403,301.9845241,34.9184772,1,16.82349967956543,0.08327899873256683,60811.46934030019
352,2460811.9060417,301.9846281,34.9183835,2,15.406800270080566,0.04746000096201897,60811.40604169993
353,2460811.9060417,301.9845923,34.9185396,2,15.38949966430664,0.012070000171661377,60811.40604169993
354,2460811.8793866,301.9845764,34.9184886,2,15.299099922180176,0.03998500108718872,60811.37938660011
355,2460807.9556019,301.9845578,34.9184303,1,16.651199340820312,0.056749001145362854,60807.455601899885
356,2460807.9551389,301.9845581,34.9184343,1,16.798799514770508,0.04174700006842613,60807.45513889985
357,2460807.8988889,301.9845186,34.9184487,2,15.246399879455566,0.07506900280714035,60807.398888899945
358,2460807.8933102,301.9845837,34.9183951,2,15.320099830627441,0.04348300024867058,60807.39331019996
359,2460805.9689583,301.9845818,34.9184788,1,16.953100204467773,0.11041799932718277,60805.46895830007
360,2460805.9532407,301.9845034,34.9184501,1,16.68199920654297,0.03587599843740463,60805.453240700066
362,2460805.9282407,301.9845113,34.9183914,2,15.300700187683105,0.04340200126171112,60805.42824070016
363,2460802.9873843,301.9846218,34.9182287,2,15.516599655151367,0.02742600068449974,60802.48738430021
364,2460802.9776505,301.9845797,34.9183995,2,15.45199966430664,0.031314000487327576,60802.4776504999
365,2460802.9475463,301.9846491,34.9185372,1,16.803600311279297,0.0976639986038208,60802.44754630001
366,2460797.9963542,301.9845235,34.918458,1,17.02589988708496,0.09095200151205063,60797.496354199946
367,2460796.9632292,301.9845519,34.9184105,1,16.66830062866211,0.07378499954938889,60796.46322919987
368,2460796.9237847,301.9844871,34.9183792,2,15.316100120544434,0.06886900216341019,60796.42378470022
369,2460794.9993981,301.9844758,34.918454,1,16.94099998474121,0.07345300167798996,60794.49939810019
372,2460786.9786574,301.9846207,34.9184861,1,17.154048919677734,0.05830415338277817,60786.47865739977
378,2460781.9643056,301.9845551,34.9184519,1,16.95599937438965,0.08346500247716904,60781.46430560015
379,2460777.0029051,301.9845838,34.9185187,1,16.86199951171875,0.06519000232219696,60776.50290510012
380,2460776.9455671,301.9845708,34.9184481,2,15.399200439453125,0.07346899807453156,60776.44556709984
383,2460774.9868634,301.9845144,34.9183809,2,15.337800025939941,0.09270399808883667,60774.486863399856
384,2460774.9449769,301.98461,34.9184735,1,16.88409996032715,0.07289200276136398,60774.44497689977
385,2460773.9543056,301.9845807,34.9185193,1,17.022899627685547,0.03696399927139282,60773.45430559991
386,2460773.9543056,301.9846111,34.9184228,1,17.047500610351562,0.07824300229549408,60773.45430559991
387,2460773.9293056,301.9845787,34.9185082,2,15.51099967956543,0.013563999906182289,60773.4293056
388,2460773.9293056,301.9846494,34.9182737,2,15.529000282287598,0.0600380003452301,60773.4293056
391,2460771.9920949,301.9845555,34.9184636,1,16.889799118041992,0.04915099963545799,60771.49209489999
392,2460771.9727315,301.9845343,34.9184889,2,15.457099914550781,0.058681000024080276,60771.47273149993
393,2460765.0037037,301.9845805,34.9184947,1,16.757600784301758,0.06396999955177307,60764.50370369991
394,2460764.9722222,301.9845101,34.9184145,2,15.552399635314941,0.03860500082373619,60764.47222220013
396,2460761.9680787,301.9845512,34.9184842,2,15.550999641418457,0.07466199994087219,60761.468078699894
397,2460760.014375,301.9845471,34.918451,1,16.765300750732422,0.07434999942779541,60759.514374999795
399,2460759.011412,301.984547,34.9184712,2,15.536499977111816,0.04817099869251251,60758.51141199982
400,2460758.9682523,301.9845903,34.918458,1,16.82200050354004,0.058591000735759735,60758.46825229982
401,2460758.0068866,301.9845274,34.9184382,2,15.437199592590332,0.05467500165104866,60757.50688660005
402,2460758.0068866,301.9845274,34.9184382,2,15.437199592590332,0.05467500165104866,60757.50688660005
403,2460757.9654051,301.9846501,34.9184723,1,16.79640007019043,0.06878600269556046,60757.465405100025
406,2460754.0116435,301.9846891,34.9184433,1,16.83650016784668,0.058228999376297,60753.51164350007
408,2460751.016713,301.9845943,34.91854,1,16.788700103759766,0.060975998640060425,60750.5167129999
409,2460751.0118171,301.9845677,34.9184524,1,16.81450080871582,0.04735400155186653,60750.51181709999
411,2460750.9783912,301.9845997,34.918403,2,15.4576997756958,0.040839001536369324,60750.47839119984
412,2460740.0452894,301.9845303,34.9184845,1,16.84429931640625,0.05658699944615364,60739.545289400034
413,2460728.017338,301.9842997,34.918399,2,15.73900032043457,0.04527600109577179,60727.51733799977
414,2460726.0134028,301.9844249,34.9184856,2,15.478300094604492,0.12973999977111816,60725.513402800076
415,2460668.6240856,301.9843864,34.9184038,1,17.03687286376953,0.0898757204413414,60668.12408560002
418,2460665.6028935,301.984352,34.9184557,1,16.916200637817383,0.04668600112199783,60665.10289350012
419,2460663.6028704,301.9843352,34.9184843,1,16.917600631713867,0.05581599846482277,60663.102870400064
420,2460660.6331597,301.9844633,34.9184098,2,15.562899589538574,0.040084999054670334,60660.13315969985
421,2460660.6251273,301.9844818,34.918475,1,17.00200080871582,0.046891000121831894,60660.125127300154
422,2460660.6100926,301.9844266,34.9184937,1,16.847000122070312,0.08788499981164932,60660.110092599876
425,2460655.6163889,301.9844117,34.9184758,1,17.0132999420166,0.06803199648857117,60655.116388900205
426,2460655.6154514,301.9844402,34.9184041,1,16.97439956665039,0.07225699722766876,60655.11545140017
429,2460653.6009259,301.9844877,34.9184037,2,15.550200462341309,0.042468998581171036,60653.10092590004
430,2460653.6004514,301.9845156,34.9184862,2,15.769800186157227,0.04635699838399887,60653.10045140004
431,2460651.6163194,301.9844623,34.9184536,2,15.79889965057373,0.01637900061905384,60651.11631939979
432,2460651.6163194,301.9844839,34.9184369,2,15.796899795532227,0.04309200122952461,60651.11631939979
433,2460651.6144444,301.9844712,34.9184746,2,15.89490032196045,0.07290100306272507,60651.114444400184
434,2460651.601713,301.9844473,34.9184806,1,17.18600082397461,0.07802999764680862,60651.101712999865
435,2460651.5936574,301.9845786,34.9185527,1,17.2455997467041,0.06978999823331833,60651.09365739999
436,2460647.6172801,301.9844633,34.9184548,1,17.097400665283203,0.06239999830722809,60647.11728010001
437,2460647.6154051,301.9844891,34.918458,1,17.121599197387695,0.03671399876475334,60647.11540509993
438,2460647.6154051,301.9844867,34.9184342,1,17.235000610351562,0.04473700001835823,60647.11540509993
439,2460645.621794,301.9845432,34.9184024,2,15.78909969329834,0.033351000398397446,60645.1217939998
440,2460645.615162,301.9845599,34.9185059,2,15.835599899291992,0.054892998188734055,60645.11516200006
442,2460645.595463,301.984442,34.9184409,1,17.166099548339844,0.06620699912309647,60645.09546299977
443,2460643.6761458,301.9844593,34.9186362,2,15.959799766540527,0.06609500199556351,60643.176145799924
445,2460643.6026505,301.9844671,34.918506,1,17.239099502563477,0.0380840003490448,60643.1026504999
446,2460639.6425,301.9843437,34.9185039,1,17.2106990814209,0.0578790009021759,60639.142500000075
447,2460639.6221296,301.9844203,34.9184767,1,17.411500930786133,0.06035200133919716,60639.12212960003
448,2460636.6227778,301.9844942,34.9185523,2,15.907999992370605,0.017595000565052032,60636.122777800076
449,2460636.6227778,301.9845253,34.9184717,2,15.982199668884277,0.050873998552560806,60636.122777800076
450,2460636.6223148,301.9845199,34.9184611,2,15.868300437927246,0.043035998940467834,60636.12231480004
451,2460636.5945602,301.9844911,34.9184884,1,17.324899673461914,0.1166130006313324,60636.09456019988
452,2460636.5940856,301.9845328,34.9184549,1,17.361299514770508,0.09316399693489075,60636.09408560023
453,2460634.6744213,301.9844393,34.9185363,1,17.312299728393555,0.07326400279998779,60634.17442130018
454,2460634.6636921,301.9844145,34.9184876,1,17.486600875854492,0.0843299999833107,60634.16369209997
455,2460634.6151157,301.9844926,34.9184484,2,16.063199996948242,0.06603299826383591,60634.115115699824
456,2460634.6030093,301.9845378,34.9184607,2,16.161800384521484,0.05968799814581871,60634.10300929984
458,2460632.6253356,301.9844385,34.918486,1,17.445499420166016,0.058288998901844025,60632.12533560023
460,2460629.705544,301.9843521,34.9184749,1,17.32659912109375,0.05511600151658058,60629.205544000026
461,2460629.6740046,301.9844316,34.9185225,1,17.36590003967285,0.08826199918985367,60629.17400459992
462,2460629.6221875,301.9845876,34.9184083,2,16.162200927734375,0.0470770001411438,60629.12218749989
463,2460629.6221875,301.9845698,34.9184727,2,16.074399948120117,0.02371799945831299,60629.12218749989
464,2460629.621713,301.9844695,34.9184928,2,16.00309944152832,0.056460000574588776,60629.121712999884
465,2460627.6593056,301.9843621,34.918518,1,17.434444427490234,0.0870085135102272,60627.159305599984
466,2460627.6593056,301.9843621,34.918518,1,17.43440055847168,0.087008997797966,60627.159305599984
467,2460627.6588426,301.9845015,34.9185019,1,17.33209991455078,0.08879599720239639,60627.15884259995
468,2460627.5963194,301.9844934,34.918515,2,16.045400619506836,0.02332499995827675,60627.096319399774
469,2460627.5963194,301.984571,34.9183844,2,16.094499588012695,0.06536900252103806,60627.096319399774
470,2460627.5958449,301.9844711,34.9184561,2,16.12220001220703,0.0704289972782135,60627.09584489977
471,2460625.6809838,301.9843704,34.918488,1,17.631999969482422,0.08912699669599533,60625.180983799975
472,2460625.6242708,301.9846201,34.9184859,2,16.149700164794922,0.051040999591350555,60625.124270800035
473,2460625.6237963,301.9845011,34.9184779,2,16.093700408935547,0.060221001505851746,60625.12379630003
474,2460625.5975463,301.9844805,34.9184762,1,17.34469985961914,0.10938200354576111,60625.09754629992
475,2460625.5975463,301.9844805,34.9184762,1,17.34469985961914,0.10938200354576111,60625.09754629992
476,2460625.5975463,301.9844805,34.9184762,1,17.34469985961914,0.10938200354576111,60625.09754629992
478,2460622.6325463,301.9844634,34.9184175,2,16.00079917907715,0.05287399888038635,60622.13254630007
479,2460622.6325463,301.9844634,34.9184175,2,16.00079917907715,0.05287399888038635,60622.13254630007
480,2460620.7016898,301.9843842,34.9184234,1,17.53030014038086,0.1028280034661293,60620.20168979978
481,2460620.6737847,301.9844973,34.9185052,1,17.37470054626465,0.08900199830532074,60620.17378470022
484,2460618.6206597,301.9844483,34.9184684,1,17.552900314331055,0.09841000288724899,60618.12065970013
485,2460618.6201852,301.9845231,34.9184684,1,17.48110008239746,0.05717800185084343,60618.120185200125
486,2460618.5997454,301.9844967,34.9184472,2,16.180500030517578,0.04670799896121025,60618.099745399784
487,2460614.744537,301.9844416,34.9184523,1,17.46540069580078,0.07248599827289581,60614.24453700008
488,2460614.7440741,301.9844237,34.9184126,1,17.533899307250977,0.10081300139427185,60614.24407410016
492,2460610.6645139,301.9844972,34.9184792,2,16.400699615478516,0.060350000858306885,60610.164513899945
496,2460608.7499537,301.9843971,34.918506,1,17.638599395751953,0.07862900197505951,60608.24995370023
497,2460608.6746991,301.9844839,34.918401,2,16.295900344848633,0.06569500267505646,60608.1746991002
498,2460608.621794,301.9845567,34.9184014,1,17.615400314331055,0.11403899639844894,60608.1217939998
499,2460608.621794,301.9845567,34.9184014,1,17.615400314331055,0.11403899639844894,60608.1217939998
500,2460606.6812384,301.9844638,34.9185303,1,17.651199340820312,0.08095300197601318,60606.18123839982
501,2460606.6807639,301.9845273,34.9184835,1,17.57659912109375,0.11300099641084671,60606.180763899814
502,2460606.6528935,301.9845183,34.9184804,2,16.266199111938477,0.06676899641752243,60606.15289349994
503,2460606.6528935,301.9845183,34.9184804,2,16.266199111938477,0.06676899641752243,60606.15289349994
504,2460604.6944907,301.98451,34.9184447,2,16.14699935913086,0.13566799461841583,60604.19449070003
506,2460604.6347338,301.9844904,34.9185373,1,17.507099151611328,0.17870700359344482,60604.134733799845
507,2460604.6153241,301.9843976,34.9186267,1,17.52790069580078,0.1308249980211258,60604.115324100014
508,2460602.7554051,301.9842295,34.9184178,1,17.54800033569336,0.08103600144386292,60602.25540510006
509,2460602.7400463,301.9843593,34.918401,1,17.573299407958984,0.079585000872612,60602.240046299994
511,2460602.6977894,301.9847649,34.9185201,2,16.074499130249023,0.050092000514268875,60602.197789399885
512,2460602.6977894,301.9847649,34.9185201,2,16.074499130249023,0.050092000514268875,60602.197789399885
513,2460599.8271991,301.9843517,34.9184384,2,16.26930046081543,0.04259900003671646,60599.32719910005
515,2460597.6740278,301.9844679,34.9184395,1,17.28499984741211,0.16953100264072418,60597.174027800094
516,2460595.7014931,301.984437,34.9183708,2,16.037900924682617,0.04698599874973297,60595.2014930998
517,2460595.6850926,301.9845455,34.918429,2,16.058900833129883,0.07836300134658813,60595.18509260006
518,2460595.6405787,301.9844556,34.9185052,1,17.329500198364258,0.09744100272655487,60595.14057870023
519,2460595.625162,301.9845552,34.9184898,1,17.38330078125,0.07871799916028976,60595.12516199984
520,2460593.7395486,301.9844931,34.9184336,1,17.534299850463867,0.06265799701213837,60593.23954859981
521,2460593.6914583,301.9845541,34.9183885,2,16.12220001220703,0.08261899650096893,60593.19145830022
523,2460593.6248611,301.9844529,34.9185346,1,17.49449920654297,0.11362800002098083,60593.12486110022
524,2460591.706875,301.9844817,34.9184571,1,17.51580047607422,0.11593200266361237,60591.20687500015
525,2460591.6818519,301.9844512,34.9185359,1,17.324899673461914,0.09244400262832642,60591.18185190018
526,2460591.643287,301.9842761,34.9183022,2,16.17140007019043,0.1263210028409958,60591.14328699978
528,2460579.7838542,301.9845237,34.9184976,1,17.60700035095215,0.042233001440763474,60579.28385420004
529,2460579.7770602,301.9844981,34.9184712,1,17.50550079345703,0.09104999899864197,60579.277060199995
530,2460579.7378009,301.9844855,34.9184288,2,16.025400161743164,0.05823900178074837,60579.23780089989
531,2460579.7373264,301.9846962,34.9184179,2,16.220500946044922,0.07241600006818771,60579.23732639989
532,2460572.8739931,301.9842797,34.9184542,1,17.501699447631836,0.08199000358581543,60572.37399310013
535,2460571.717662,301.9844314,34.9184397,2,16.00119972229004,0.12121900171041489,60571.2176620001
536,2460569.7051042,301.9846096,34.9185251,2,16.156600952148438,0.04804399982094765,60569.20510420017
537,2460569.7051042,301.9846096,34.9185251,2,16.156600952148438,0.04804399982094765,60569.20510420017
538,2460568.7576273,301.9845113,34.9185251,1,17.36240005493164,0.11584500223398209,60568.25762729999
539,2460568.7576273,301.9845113,34.9185227,1,17.358999252319336,0.11358699947595596,60568.25762729999
540,2460568.702963,301.9845131,34.9184672,2,16.162599563598633,0.11090900003910065,60568.20296300016
541,2460568.702963,301.9845127,34.9184653,2,16.172000885009766,0.10859899967908859,60568.20296300016
542,2460566.8239815,301.9844928,34.9184464,1,17.45549964904785,0.08408699929714203,60566.32398150023
543,2460566.7533912,301.9844294,34.9184994,1,17.57670021057129,0.14309200644493103,60566.25339120021
544,2460566.6957176,301.9845922,34.9185668,2,16.223800659179688,0.11154600232839584,60566.195717600174
545,2460566.6858102,301.984497,34.9183953,2,16.333200454711914,0.09714800119400024,60566.18581019994
546,2460566.6858102,301.9845003,34.9184295,2,16.289100646972656,0.024701999500393867,60566.18581019994
547,2460564.7363773,301.9845447,34.918497,1,17.55389976501465,0.09905099868774414,60564.23637730023
548,2460563.7983565,301.9844166,34.9184473,1,17.386699676513672,0.19883200526237488,60563.29835649999
549,2460562.7148611,301.9845184,34.9184378,1,17.539499282836914,0.06419599801301956,60562.214861100074
550,2460561.8049074,301.9844292,34.9184646,2,16.211700439453125,0.08116699755191803,60561.30490740016
551,2460561.7586458,301.9845318,34.9184753,1,17.28179931640625,0.13516399264335632,60561.25864579994
553,2460559.7797222,301.984531,34.9184688,1,17.377099990844727,0.13560199737548828,60559.279722199775
554,2460558.7995833,301.9844474,34.9185186,2,16.427799224853516,0.08246800303459167,60558.29958330002
555,2460558.7589931,301.9843872,34.9185383,1,17.523500442504883,0.12707599997520447,60558.25899309991
556,2460557.7647338,301.9845686,34.9185017,1,17.561899185180664,0.157709002494812,60557.2647338002
557,2460556.7642477,301.984589,34.9185345,1,17.8302001953125,0.12170200049877167,60556.264247700106
559,2460555.7543171,301.9846071,34.9184873,1,17.521499633789062,0.1168610006570816,60555.25431710016
560,2460554.7601042,301.9845126,34.918539,1,17.776399612426758,0.11711899936199188,60554.26010419987
561,2460554.7076273,301.9845541,34.9185081,2,16.2677001953125,0.09358800202608109,60554.20762730017
562,2460553.7156134,301.9844601,34.9185492,1,17.573400497436523,0.16022400557994843,60553.2156134001
565,2460551.7819676,301.9846038,34.9184931,1,17.640199661254883,0.21135100722312927,60551.281967599876
567,2460550.786794,301.9844618,34.9184329,1,17.89550018310547,0.11874599754810333,60550.28679399984
568,2460550.7457639,301.9845601,34.9184587,2,16.4242000579834,0.05805699899792671,60550.245763900224
569,2460549.7886921,301.9844905,34.9185179,1,17.68720054626465,0.1571200042963028,60549.28869209997
571,2460548.7572685,301.9844599,34.9184818,1,17.7012996673584,0.12090399861335754,60548.25726850005
572,2460547.9143056,301.9844159,34.9184573,2,16.348899841308594,0.08502300083637238,60547.41430559987
575,2460546.7354861,301.9845923,34.9184811,2,16.465200424194336,0.04741699993610382,60546.23548609996
576,2460545.8225694,301.9844311,34.9184695,1,17.787565231323242,0.11180233955383301,60545.32256940007
577,2460545.8225694,301.9844311,34.9184695,1,17.787599563598633,0.11180199682712555,60545.32256940007
581,2460543.8098032,301.984374,34.9184207,1,17.64389991760254,0.15897299349308014,60543.309803199954
582,2460543.756713,301.9844714,34.9184016,2,16.270376205444336,0.09177727997303009,60543.256713000126
583,2460543.756713,301.9844714,34.9184016,2,16.27039909362793,0.09177699685096741,60543.256713000126
584,2460540.8288657,301.9844615,34.9185001,1,17.77790069580078,0.07085900008678436,60540.328865699936
586,2460539.8051852,301.9844493,34.9184175,2,16.519500732421875,0.09142400324344635,60539.30518520018
588,2460538.7615278,301.9845376,34.9185209,2,16.584598541259766,0.05779695883393288,60538.2615278
589,2460538.7615278,301.9845376,34.9185209,2,16.5846004486084,0.05779699981212616,60538.2615278
590,2460537.8411111,301.9844443,34.9184707,1,17.788270950317383,0.07276369631290436,60537.34111109981
591,2460537.8411111,301.9844443,34.9184707,1,17.788299560546875,0.07276400178670883,60537.34111109981
592,2460537.8005556,301.9845058,34.9184601,2,16.427400588989258,0.13253599405288696,60537.30055559985
593,2460537.8005556,301.9845058,34.9184601,2,16.427400588989258,0.13253599405288696,60537.30055559985
594,2460536.7960069,301.9847016,34.9185241,1,17.829835891723633,0.12622112035751343,60536.29600689979
595,2460536.7960069,301.9847016,34.9185241,1,17.82979965209961,0.12622100114822388,60536.29600689979
598,2460531.8023958,301.9845709,34.9185662,1,17.829994201660156,0.15356647968292236,60531.30239580013
599,2460531.8023958,301.9845709,34.9185662,1,17.829999923706055,0.15356600284576416,60531.30239580013
602,2460529.7840509,301.9846101,34.9184521,2,16.218900680541992,0.09682799875736237,60529.28405090002
604,2460526.8403935,301.9845458,34.9184774,1,17.682199478149414,0.13788500428199768,60526.34039349994
605,2460526.8403935,301.9845458,34.9184774,1,17.682199478149414,0.13788500428199768,60526.34039349994
606,2460526.753044,301.9845672,34.918478,2,16.120899200439453,0.14624999463558197,60526.253043999895
608,2460524.8562847,301.9845374,34.9185044,1,17.547700881958008,0.1449500024318695,60524.35628469987
610,2460522.7803009,301.9846233,34.9185047,2,16.18790054321289,0.07376299798488617,60522.280300899874
611,2460521.8406713,301.9844518,34.918473,1,17.483400344848633,0.15155799686908722,60521.34067129996
612,2460521.8406713,301.9844518,34.918473,1,17.483400344848633,0.15155799686908722,60521.34067129996
613,2460521.7802431,301.9845374,34.9184584,2,16.201200485229492,0.06581000238656998,60521.28024310013
615,2460519.9040394,301.9844277,34.9185213,1,17.501100540161133,0.13353100419044495,60519.404039400164
616,2460519.9040394,301.9844277,34.9185213,1,17.501100540161133,0.13353100419044495,60519.404039400164
617,2460519.8188657,301.984439,34.9184474,2,16.093399047851562,0.13458499312400818,60519.31886570016
618,2460519.8188657,301.984439,34.9184474,2,16.093399047851562,0.13458499312400818,60519.31886570016
620,2460516.8825463,301.9845061,34.9184257,2,16.292800903320312,0.16607199609279633,60516.38254630007
621,2460516.821088,301.9846458,34.9184101,1,17.49570083618164,0.1522970050573349,60516.3210880002
623,2460515.8520833,301.9844987,34.9184899,1,17.68790054321289,0.18123500049114227,60515.352083299775
624,2460514.9117824,301.9845114,34.9184746,1,17.530399322509766,0.17727799713611603,60514.41178240022
625,2460514.8318171,301.9844872,34.918419,2,16.286699295043945,0.026496000587940216,60514.331817099825
626,2460514.8318171,301.9844194,34.9184088,2,16.31209945678711,0.11197999864816666,60514.331817099825
628,2460511.9161343,301.984459,34.9184811,1,17.537399291992188,0.11639899760484695,60511.416134300176
629,2460511.9161343,301.984459,34.9184811,1,17.537399291992188,0.11639899760484695,60511.416134300176
630,2460511.8169676,301.9845496,34.9184114,2,16.214399337768555,0.1434289962053299,60511.316967600025
633,2460509.8943403,301.9844713,34.9184625,1,17.42009925842285,0.08559600263834,60509.3943403
634,2460509.7777546,301.984505,34.9184145,2,16.33489990234375,0.03925200179219246,60509.27775460016
635,2460509.7777546,301.984505,34.9184145,2,16.33489990234375,0.03925200179219246,60509.27775460016
636,2460508.8312037,301.9846466,34.9184415,2,16.170299530029297,0.07190799713134766,60508.33120370004
638,2460507.8611574,301.9845269,34.9184734,2,16.05299949645996,0.13232100009918213,60507.36115740007
639,2460507.8495718,301.9845483,34.9184134,1,17.664100646972656,0.1370050013065338,60507.34957179986
640,2460505.8591319,301.984616,34.9185301,1,17.702199935913086,0.09483999758958817,60505.35913190013
641,2460504.829838,301.9845569,34.9184452,1,17.572399139404297,0.20627200603485107,60504.32983799977
643,2460503.8451505,301.9845532,34.9185071,1,17.472299575805664,0.08234500139951706,60503.34515050007
644,2460502.903831,301.9844936,34.918448,1,17.531600952148438,0.09076999872922897,60502.403830999974
645,2460501.9016204,301.9844864,34.918437,1,17.600000381469727,0.06385599821805954,60501.40162040014
646,2460500.8623843,301.9845805,34.9184724,2,15.986800193786621,0.08982899785041809,60500.36238430021
648,2460499.849838,301.9845665,34.9185312,1,17.547199249267578,0.09756000339984894,60499.34983799979
649,2460499.824294,301.9845536,34.9183486,2,16.237699508666992,0.05700799822807312,60499.32429399993
650,2460494.9119792,301.9845909,34.9184799,1,17.471799850463867,0.145006000995636,60494.41197919985
652,2460491.926331,301.9845411,34.9184609,1,17.664100646972656,0.08694600313901901,60491.42633099994
653,2460490.8792708,301.9845255,34.9184319,2,16.180700302124023,0.09336300194263458,60490.379270799924
654,2460490.8534259,301.9845968,34.9185193,1,17.3882999420166,0.1442040055990219,60490.353425899986
655,2460489.9277662,301.9845852,34.9184838,1,17.528099060058594,0.07319000363349915,60489.427766200155
656,2460489.9048264,301.9845943,34.9184542,2,16.08009910583496,0.06018099933862686,60489.40482639987
657,2460488.9366435,301.9844217,34.9184951,1,17.356000900268555,0.1579589992761612,60488.43664349988
658,2460487.9059144,301.984608,34.9184637,2,16.276199340820312,0.07520800083875656,60487.40591439977
659,2460485.9045718,301.9845008,34.918461,1,17.528400421142578,0.10822799801826477,60485.40457180003
660,2460485.8818403,301.9845398,34.918421,2,16.17690086364746,0.10890199989080429,60485.381840299815
661,2460485.8818403,301.9845645,34.9184714,2,16.398099899291992,0.028432000428438187,60485.381840299815
663,2460484.844375,301.9846709,34.9184,2,16.347299575805664,0.08305700123310089,60484.34437499987
664,2460483.909213,301.9843902,34.9184755,1,17.734899520874023,0.15316399931907654,60483.40921299998
665,2460483.8509259,301.9844647,34.9184726,2,16.273000717163086,0.09192200005054474,60483.35092590004
666,2460482.9227431,301.984583,34.9185525,1,17.74340057373047,0.1749970018863678,60482.42274310021
668,2460481.9095486,301.9844838,34.9185643,1,17.688199996948242,0.1768060028553009,60481.409548600204
669,2460481.9095486,301.9844854,34.9185689,1,17.781400680541992,0.18804100155830383,60481.409548600204
670,2460481.841713,301.9844502,34.9184414,2,16.382699966430664,0.05959999933838844,60481.34171300009
672,2460479.9577894,301.9845309,34.9185039,1,17.81599998474121,0.11467599868774414,60479.45778940013
673,2460479.8626852,301.9846124,34.9184335,2,16.302200317382812,0.06802500039339066,60479.36268519983
674,2460479.8442593,301.9845267,34.9184663,2,16.233600616455078,0.1058730036020279,60479.3442592998
677,2460473.981412,301.9844896,34.91854,1,17.58609962463379,0.12388399988412857,60473.48141200002
678,2460473.9347222,301.9846053,34.9184949,1,17.922000885009766,0.09333299845457077,60473.434722200036
679,2460473.9022338,301.9845133,34.9184644,2,16.447999954223633,0.09897500276565552,60473.40223379992
681,2460471.9221181,301.9845612,34.9185155,1,18.235200881958008,0.17718100547790527,60471.42211809987
682,2460471.9216551,301.984467,34.9184586,1,17.803800582885742,0.19513599574565887,60471.42165509984
692,2460460.9256713,301.98456,34.9184648,1,18.43950080871582,0.24354100227355957,60460.42567129992
698,2460456.8877199,301.9844359,34.9184493,2,16.843900680541992,0.21806000173091888,60456.38771989988
699,2460455.8899074,301.9848664,34.9186562,2,16.737499237060547,0.048889998346567154,60455.389907400124
701,2460451.9364583,301.9845406,34.9184677,1,17.965499877929688,0.09926500171422958,60451.43645829987
705,2460451.8743634,301.9844797,34.9184858,2,16.397300720214844,0.13950100541114807,60451.37436340004
709,2460449.8582639,301.9845089,34.9185012,2,16.544300079345703,0.0697769969701767,60449.35826390004
710,2460447.9218403,301.984641,34.9184934,1,17.821800231933594,0.12050600349903107,60447.42184029985
714,2460444.9659491,301.9844692,34.9185242,1,18.080900192260742,0.12423399835824966,60444.46594909998
716,2460443.95,301.9846353,34.9184364,1,18.080400466918945,0.07231999933719635,60443.450000000186
719,2460441.9276505,301.9844973,34.9184168,2,16.331100463867188,0.15248100459575653,60441.42765050009
720,2460434.9675579,301.9846268,34.918443,2,16.562999725341797,0.06862200051546097,60434.46755790012
722,2460433.9696181,301.9845224,34.9184333,1,17.8439998626709,0.19843600690364838,60433.46961810021
724,2460430.9679861,301.9844768,34.9184708,1,17.902999877929688,0.20412300527095795,60430.46798609989
725,2460429.0002431,301.9847066,34.9183931,2,16.555599212646484,0.06843899935483932,60428.50024309987
727,2460428.9455324,301.9846701,34.9184058,1,17.697500228881836,0.0924919992685318,60428.44553240016
728,2460428.9450694,301.9847593,34.9184509,1,17.76689910888672,0.10087600350379944,60428.44506940013
731,2460422.908206,301.9846206,34.9184466,2,16.212900161743164,0.14437900483608246,60422.40820599999
733,2460420.9530324,301.9845622,34.9185425,1,17.601499557495117,0.1604679971933365,60420.45303239999
734,2460420.9034722,301.9844869,34.9184153,2,16.228099822998047,0.056731998920440674,60420.403472200036
735,2460408.0003241,301.9846284,34.9184154,2,16.028852462768555,0.05236157402396202,60407.50032409979
736,2460408.0003241,301.9845989,34.9184826,2,16.092252731323242,0.020377496257424355,60407.50032409979
737,2460408.0003241,301.9846284,34.9184154,2,16.028900146484375,0.052361998707056046,60407.50032409979
738,2460408.0003241,301.9845989,34.9184826,2,16.092300415039062,0.02037700079381466,60407.50032409979
739,2460407.989294,301.984539,34.9184636,2,16.063600540161133,0.019790999591350555,60407.48929399997
740,2460407.989294,301.9845581,34.9183929,2,16.093399047851562,0.0692640021443367,60407.48929399997
741,2460407.967662,301.9845022,34.9185401,1,17.598800659179688,0.08939199894666672,60407.4676620001
742,2460407.967662,301.9845022,34.9185401,1,17.598800659179688,0.08939199894666672,60407.4676620001
743,2460404.0020602,301.9846853,34.918559,2,16.421600341796875,0.04565899819135666,60403.50206020009
744,2460404.0020602,301.9846853,34.918559,2,16.421600341796875,0.04565899819135666,60403.50206020009
745,2460404.0015856,301.9845944,34.9185314,2,16.214000701904297,0.09563100337982178,60403.501585599966
746,2460403.970706,301.9845887,34.9185073,1,17.768199920654297,0.1286820024251938,60403.47070599999
747,2460403.9635417,301.9845121,34.9184898,1,17.678199768066406,0.08270999789237976,60403.46354170004
750,2460396.9248611,301.9849883,34.91839,1,17.775400161743164,0.13208700716495514,60396.42486110004
752,2460392.0112269,301.9846956,34.9186376,1,18.29010009765625,0.17672300338745117,60391.51122689992
754,2460391.9745139,301.9847916,34.918622,2,16.7898006439209,0.13959500193595886,60391.4745139
755,2460391.9478356,301.984515,34.9184571,2,16.685699462890625,0.13421200215816498,60391.4478356
764,2460285.634919,301.9843741,34.918458,2,17.0993595123291,0.18338996171951294,60285.13491899986
766,2460268.6442245,301.9846017,34.9183832,2,16.860000610351562,0.11875499784946442,60268.14422449982
783,2460253.6561574,301.9842756,34.9184676,2,17.351600646972656,0.14106200635433197,60253.15615739999
792,2460249.6373611,301.9842602,34.9186184,1,18.456899642944336,0.12843100726604462,60249.13736109994
793,2460249.6368866,301.9841452,34.9184867,1,18.768999099731445,0.12644100189208984,60249.13688659994
814,2460233.6558218,301.9845094,34.9183889,2,16.89289665222168,0.21428079903125763,60233.15582180023
826,2460224.6933912,301.9845117,34.9184499,1,18.736400604248047,0.232697993516922,60224.193391200155
848,2460209.7613426,301.984676,34.9184102,2,17.398000717163086,0.10835699737071991,60209.26134259999
865,2460198.7652199,301.9845589,34.9185387,2,17.166099548339844,0.17249000072479248,60198.265219899826
868,2460194.779838,301.9847826,34.9185824,1,18.922283172607422,0.1987098753452301,60194.27983799996
869,2460194.779838,301.9847826,34.9185824,1,18.922300338745117,0.19870999455451965,60194.27983799996
870,2460194.6908912,301.9845242,34.9184699,2,16.780500411987305,0.2423200011253357,60194.19089120021
871,2460194.6908912,301.9845242,34.9184699,2,16.780500411987305,0.2423200011253357,60194.19089120021
885,2460182.8006366,301.9844249,34.9184418,2,16.957000732421875,0.14808300137519836,60182.30063659977
889,2460180.7515741,301.9846761,34.9184461,1,18.80150032043457,0.2688620090484619,60180.251574099995
911,2460154.8616435,301.9843766,34.9184899,1,18.180099487304688,0.3196370005607605,60154.36164350016
914,2460145.8905787,301.9843799,34.9183346,1,18.794649124145508,0.09981825202703476,60145.39057870023
937,2460124.9409144,301.9845434,34.918434,2,17.229999542236328,0.15156500041484833,60124.44091439992
941,2460122.9446644,301.9844931,34.9185564,2,17.122600555419922,0.2634280025959015,60122.44466440007
948,2460118.9012963,301.9847069,34.9184677,1,18.596399307250977,0.17496800422668457,60118.40129629988
949,2460118.8707523,301.9845777,34.9183506,2,17.1697998046875,0.09812399744987488,60118.370752300136
951,2460117.9087153,301.9846351,34.9185493,2,17.27039909362793,0.102633997797966,60117.408715299796
968,2460101.8786343,301.9844275,34.9184132,2,17.14349937438965,0.16156700253486633,60101.37863430008
973,2460092.8853935,301.9845598,34.9184583,2,17.00550079345703,0.14753800630569458,60092.38539349986
975,2460092.8415972,301.9847753,34.9184932,1,18.42690086364746,0.21123500168323517,60092.341597199906
988,2460078.9493171,301.9845109,34.9184592,2,16.929100036621094,0.1643729954957962,60078.44931709999
989,2460078.9488426,301.9844948,34.9184511,2,17.00040054321289,0.06729300320148468,60078.44884259999
993,2460076.9055903,301.9846921,34.9184592,1,18.556400299072266,0.20405900478363037,60076.40559029998
1013,2460030.0048495,301.9848417,34.9186188,1,18.752939224243164,0.1312274932861328,60029.50484950002
1014,2460029.9771181,301.9846823,34.9185536,2,17.27039909362793,0.09795399755239487,60029.47711810004
1015,2460017.0101273,301.9845581,34.9185394,2,16.90730094909668,0.08813100308179855,60016.51012729993
1032,2459913.6325926,301.9844483,34.9184134,2,16.876554489135742,0.0714971274137497,59913.13259259984
1036,2459906.6440278,301.9845009,34.9185324,2,16.86528205871582,0.040933139622211456,59906.14402779983
1037,2459906.6440278,301.9844824,34.9184698,2,16.8975830078125,0.09042499214410782,59906.14402779983
1038,2459905.6377199,301.9844352,34.9184279,2,16.423900604248047,0.043230000883340836,59905.13771989988
1039,2459904.6349884,301.9841536,34.9183911,1,18.855300903320312,0.1766110062599182,59904.134988400154
1041,2459903.6373843,301.9844251,34.9184676,2,16.710399627685547,0.13868500292301178,59903.13738430012
1042,2459902.6781019,301.9840688,34.9184265,1,18.304800033569336,0.15196199715137482,59902.178101900034
1046,2459899.6406944,301.984579,34.9185736,1,18.51449966430664,0.212117999792099,59899.14069439983
1047,2459899.6194329,301.9845884,34.9182549,2,16.97260093688965,0.06598100066184998,59899.1194329001
1051,2459896.6550231,301.9844199,34.9186176,1,18.591100692749023,0.1566690057516098,59896.155023099855
1052,2459896.6184259,301.9845496,34.9184543,2,16.884199142456055,0.13037200272083282,59896.11842590012
1057,2459889.695162,301.9845485,34.9184456,2,16.836000442504883,0.0982159972190857,59889.195162000135
1059,2459889.6182639,301.9844086,34.9185857,1,18.390399932861328,0.18270400166511536,59889.118263899814
1061,2459887.6385069,301.9846819,34.9184759,2,16.987899780273438,0.06784100085496902,59887.13850690005
1066,2459883.6197454,301.9844642,34.9184343,2,16.690399169921875,0.07585600018501282,59883.1197453998
1067,2459881.7081944,301.9845632,34.918508,2,16.806100845336914,0.07872799783945084,59881.208194400184
1068,2459881.6734375,301.9844,34.9185109,2,16.723800659179688,0.11942499876022339,59881.17343749991
1069,2459881.6376042,301.9845092,34.9185822,1,18.454599380493164,0.19823600351810455,59881.137604199816
1078,2459877.6335995,301.9845494,34.918341,2,16.869300842285156,0.08925499767065048,59877.13359950017
1079,2459874.6841898,301.9844799,34.9185713,1,18.71929931640625,0.21704800426959991,59874.18418980017
1089,2459867.6439815,301.984307,34.9185146,1,18.589599609375,0.17072999477386475,59867.14398150006
1119,2459844.7807407,301.9844348,34.9185021,2,16.813005447387695,0.1261926144361496,59844.2807407002
1130,2459827.784919,301.9845609,34.9183272,1,18.307199478149414,0.19626100361347198,59827.28491900023
1131,2459825.8365394,301.9844914,34.9183649,2,16.783878326416016,0.07436884939670563,59825.33653939981
1132,2459825.8216435,301.9845546,34.9183827,2,16.78179931640625,0.11861799657344818,59825.32164350012
1136,2459823.8123611,301.9846441,34.918467,1,18.95159912109375,0.24440599977970123,59823.31236110022
1137,2459823.7751505,301.9845616,34.9184472,2,16.590700149536133,0.12612900137901306,59823.27515049977
1139,2459821.7442593,301.9844949,34.9183788,2,16.5580997467041,0.15678399801254272,59821.244259300176
1146,2459815.7854745,301.9846492,34.9184839,2,16.810400009155273,0.09694100171327591,59815.28547450015
1150,2459813.7476852,301.9845808,34.9185251,2,16.685100555419922,0.13479700684547424,59813.24768520007
1154,2459809.7568519,301.9844527,34.9184884,2,16.662599563598633,0.1371700018644333,59809.2568518999
1156,2459807.763044,301.9841573,34.9183858,1,18.703399658203125,0.17613600194454193,59807.26304400014
1160,2459805.8003472,301.9846499,34.9185622,2,16.6156005859375,0.047095999121665955,59805.30034720013
1177,2459789.7682407,301.9844163,34.9184894,2,16.053199768066406,0.13789799809455872,59789.26824070001
1178,2459787.8709028,301.9844381,34.9183677,1,18.469999313354492,0.22549499571323395,59787.3709028
1181,2459783.7947222,301.9844619,34.9184409,1,18.12350082397461,0.2900699973106384,59783.294722199906
1188,2459778.8033681,301.9844522,34.9184684,2,15.117899894714355,0.06232000142335892,59778.303368099965
1192,2459772.848044,301.9845692,34.9184704,2,16.600500106811523,0.16613300144672394,59772.3480440001
1197,2459765.8744792,301.9846941,34.918503,2,16.730600357055664,0.15541300177574158,59765.374479200225
1199,2459763.8462847,301.9846641,34.9184893,2,16.545299530029297,0.12170500308275223,59763.34628470009
1202,2459759.9237037,301.9847146,34.9184137,1,18.196462631225586,0.10065662860870361,59759.42370369984
1211,2459750.8733796,301.9845624,34.9184277,2,16.679899215698242,0.0695749968290329,59750.37337959977
1212,2459750.840162,301.9845188,34.91847,2,16.495309829711914,0.12558500468730927,59750.34016200015
1213,2459750.8272106,301.9848637,34.9185529,1,17.864700317382812,0.22351600229740143,59750.32721060002
1217,2459748.8609491,301.9845495,34.9184801,2,16.35810089111328,0.12365499883890152,59748.360949099995
1218,2459748.8414005,301.9845937,34.9186291,2,16.43429946899414,0.15523000061511993,59748.34140049992
1220,2459744.8821759,301.9845432,34.9184092,2,16.584400177001953,0.10626199841499329,59744.38217590004
1221,2459744.8817014,301.9845628,34.9184707,2,16.63279914855957,0.09487800300121307,59744.38170140004
1224,2459742.885625,301.984562,34.9183651,2,16.37700080871582,0.0907600000500679,59742.38562500011
1227,2459740.8542361,301.984595,34.9183615,2,16.40880012512207,0.14631499350070953,59740.35423609987
1228,2459740.8537731,301.9845979,34.918419,2,16.57670021057129,0.11353100091218948,59740.353773099836
1229,2459738.9324769,301.9846649,34.9184621,2,16.63290023803711,0.10379999876022339,59738.43247690005
1238,2459731.9295255,301.9846119,34.9184197,2,16.450199127197266,0.1076510027050972,59731.42952550016
1244,2459727.888125,301.9845611,34.9184541,2,16.345800399780273,0.17647500336170197,59727.388125000056
1255,2459718.9256713,301.9847184,34.9183505,2,16.762800216674805,0.10707800090312958,59718.42567129992
1256,2459718.9044907,301.9845142,34.9183684,2,16.483699798583984,0.09831299632787704,59718.40449069999
1259,2459713.9633681,301.9845645,34.9183499,1,18.503400802612305,0.09764999896287918,59713.463368100114
1261,2459711.9675926,301.984557,34.9183905,2,16.725000381469727,0.07185199856758118,59711.4675925998
1262,2459711.9531944,301.9845456,34.9184819,2,16.33289909362793,0.15859000384807587,59711.45319439983
1264,2459711.9260185,301.9846325,34.9185625,1,18.284400939941406,0.1823440045118332,59711.42601849977
1267,2459708.9649769,301.9845875,34.9184697,2,16.689800262451172,0.052556999027729034,59708.46497689979
1268,2459708.8509491,301.9849445,34.9183946,2,16.223499298095703,0.05758199840784073,59708.35094910022
1269,2459707.9348843,301.9846911,34.9184109,2,16.457700729370117,0.07925800234079361,59707.43488429999
1271,2459702.931713,301.9846224,34.9184437,2,16.618999481201172,0.05630899965763092,59702.43171299994
1282,2459694.9681134,301.9847181,34.9184979,2,16.253299713134766,0.11243999749422073,59694.46811340004
1283,2459694.9465394,301.984771,34.9185253,1,17.86009979248047,0.17419900000095367,59694.446539400145
1286,2459689.9686227,301.9846029,34.9184868,1,17.960800170898438,0.11990900337696075,59689.468622699846
1287,2459689.9494213,301.9846063,34.9184793,2,16.262399673461914,0.06238200142979622,59689.44942130009
1289,2459687.9137384,301.9846462,34.9185613,2,16.549989700317383,0.0832429975271225,59687.41373840021
1290,2459687.9137384,301.9846462,34.9185613,2,16.549999237060547,0.0832429975271225,59687.41373840021
1291,2459686.9109144,301.9846329,34.9184998,2,16.173900604248047,0.08028200268745422,59686.41091440013
1294,2459684.9270486,301.9846679,34.9184691,2,16.603099822998047,0.0710970014333725,59684.42704859981
1295,2459684.9265741,301.9846123,34.9184626,2,16.482799530029297,0.07883600145578384,59684.42657409981
1296,2459682.9127894,301.9846254,34.918455,1,18.057600021362305,0.16106900572776794,59682.4127894002
1298,2459678.9907639,301.9847609,34.9185372,1,18.28420066833496,0.18371599912643433,59678.49076389987
1299,2459676.9881366,301.9846597,34.918572,2,16.36750030517578,0.06289699673652649,59676.48813659977
1300,2459676.987662,301.9846498,34.9183597,2,16.328100204467773,0.07879000157117844,59676.487662000116
1301,2459676.9684606,301.984712,34.9184252,1,17.94849967956543,0.14396099746227264,59676.46846059989
1302,2459676.9679745,301.9847541,34.9185683,1,17.650100708007812,0.16017299890518188,59676.4679744998
1304,2459673.9961227,301.9846032,34.9184963,2,16.177499771118164,0.09107600152492523,59673.49612270016
1305,2459673.9961227,301.9846053,34.9184952,2,16.201900482177734,0.10378299653530121,59673.49612270016
1306,2459673.9756597,301.9849813,34.9186022,1,17.718900680541992,0.2008800059556961,59673.47565970011
1308,2459673.9742245,301.9845526,34.9186593,1,18.204999923706055,0.12407500296831131,59673.47422449989
1309,2459673.9742245,301.984549,34.9186502,1,18.00279998779297,0.11444199830293655,59673.47422449989
1312,2459638.0298032,301.9846019,34.9184211,2,16.07037925720215,0.08655799925327301,59637.52980320016
1314,2459631.0485648,301.9845691,34.9185278,2,16.3458309173584,0.07142099738121033,59630.54856480006
1315,2459631.0460417,301.9846169,34.9185526,2,16.43160057067871,0.08740399777889252,59630.54604170006
1316,2459631.0435185,301.9848124,34.9183154,2,16.410400390625,0.11603400111198425,59630.54351849994
1317,2459631.0435185,301.9845163,34.9184508,2,16.431699752807617,0.030778000131249428,59630.54351849994
1318,2459631.0410069,301.9846259,34.9184875,2,16.445100784301758,0.030734000727534294,59630.541006899904
1319,2459631.0410069,301.9847175,34.9184313,2,16.47089958190918,0.08099900186061859,59630.541006899904
1320,2459631.0384954,301.9844239,34.9183003,2,16.694599151611328,0.11851300299167633,59630.53849539999
1321,2459630.0526042,301.9845536,34.9184938,2,16.479799270629883,0.06903000175952911,59629.55260419985
1323,2459630.0474306,301.9847315,34.9184691,2,16.458799362182617,0.10016600042581558,59629.54743060004
1324,2459630.044838,301.9847328,34.9185393,2,16.540300369262695,0.10631299763917923,59629.54483800009
1325,2459630.0422569,301.9846729,34.9184488,2,16.508399963378906,0.08785299956798553,59629.54225690011
1326,2459629.0516204,301.9845213,34.918581,2,16.46190071105957,0.13621799647808075,59628.551620400045
1327,2459629.0490625,301.984509,34.9184731,2,16.51919937133789,0.053213998675346375,59628.54906249978
1328,2459629.0464931,301.9844478,34.9185694,2,16.204599380493164,0.08361600339412689,59628.5464931
1329,2459629.0439352,301.9845926,34.9184788,2,16.382099151611328,0.0827070027589798,59628.5439352002
1330,2459629.0413657,301.9847816,34.9184523,2,16.138099670410156,0.1312350034713745,59628.54136569984
1331,2459628.0512153,301.9847527,34.9183945,2,16.130300521850586,0.09820300340652466,59627.55121529987
1332,2459628.0486343,301.9847296,34.9185834,2,16.1023006439209,0.07075800001621246,59627.54863430001
1333,2459628.0460648,301.9847456,34.9185152,2,16.476900100708008,0.09495099633932114,59627.54606480012
1334,2459628.0434838,301.9850761,34.9184076,2,16.276199340820312,0.06021500006318092,59627.54348379979
1336,2459628.0409028,301.9847247,34.9185337,2,16.01799964904785,0.09207600355148315,59627.54090279993
1337,2459626.0544444,301.9846316,34.9184943,2,16.236000061035156,0.09985899925231934,59625.55444440013
1340,2459626.046713,301.984523,34.9183531,2,16.18829917907715,0.0657230019569397,59625.54671300016
1341,2459626.0441319,301.9846573,34.9183985,2,16.18560028076172,0.06645900011062622,59625.544131900184
1342,2459625.0542014,301.9845209,34.9184138,2,16.489099502563477,0.11122199892997742,59624.55420139991
1343,2459625.0516435,301.9847015,34.9184399,2,16.181699752807617,0.1235790029168129,59624.551643500105
1344,2459625.0490856,301.9846084,34.9183757,2,16.340999603271484,0.028304999694228172,59624.549085599836
1345,2459625.0490856,301.9847654,34.9182543,2,16.39780044555664,0.15354999899864197,59624.549085599836
1346,2459625.0465394,301.984594,34.918456,2,16.396299362182617,0.08459299802780151,59624.54653939977
1349,2459624.0526852,301.9845538,34.9184138,2,16.29829978942871,0.06957100331783295,59623.55268519977
1350,2459624.0501273,301.9846822,34.9184568,2,16.162700653076172,0.11226599663496017,59623.55012729997
1351,2459624.0475694,301.9847101,34.9183797,2,16.398500442504883,0.10686500370502472,59623.547569400165
1352,2459624.0450116,301.9846402,34.9184073,2,16.247100830078125,0.07757599651813507,59623.545011600014
1353,2459623.0540856,301.9847983,34.9184359,2,16.45680046081543,0.07064200192689896,59622.55408560019
1354,2459623.0515278,301.9846935,34.918515,2,15.929699897766113,0.11662500351667404,59622.55152780004
1355,2459623.0489699,301.9846678,34.9182578,2,16.30229949951172,0.10814599692821503,59622.54896989977
1356,2459623.0464236,301.9848884,34.9184286,2,16.148300170898438,0.07667099684476852,59622.546423600055
1358,2459622.0546065,301.9843309,34.918649,2,16.2716007232666,0.06280799955129623,59621.55460650008
1359,2459622.0546065,301.9843323,34.9186481,2,16.26740074157715,0.06355399638414383,59621.55460650008
1361,2459622.0520139,301.9845081,34.9185788,2,16.187599182128906,0.048301998525857925,59621.55201390013
1362,2459622.0520139,301.9845054,34.9185795,2,16.190900802612305,0.04808000102639198,59621.55201390013
1363,2459622.0494213,301.9846365,34.9185473,2,16.42289924621582,0.06520400196313858,59621.54942130018
1364,2459622.0494213,301.9846357,34.9185413,2,16.422800064086914,0.06509900093078613,59621.54942130018
1365,2459622.0468171,301.9847374,34.9184889,2,16.40760040283203,0.03720900043845177,59621.54681710014
1366,2459622.0468171,301.9847403,34.9184901,2,16.421199798583984,0.037418998777866364,59621.54681710014
1367,2459622.0442014,301.9845649,34.9185224,2,16.21929931640625,0.11933799833059311,59621.54420140013
1368,2459622.0442014,301.9845623,34.9185212,2,16.22249984741211,0.11995799839496613,59621.54420140013
1369,2459543.6633333,301.9843526,34.9185845,1,17.907819747924805,0.12741899490356445,59543.163333300035
1370,2459542.6542708,301.9845257,34.9185303,2,16.278690338134766,0.0652960017323494,59542.15427079983
1371,2459542.6148843,301.9845358,34.918603,1,18.27989959716797,0.11919700354337692,59542.11488430016
1372,2459540.6567245,301.9843728,34.9184314,2,16.27120018005371,0.08878599852323532,59540.156724500004
1373,2459540.6361343,301.9846081,34.9184315,2,16.33060073852539,0.05083400011062622,59540.136134299915
1374,2459540.6194213,301.9842368,34.9182895,1,17.93560028076172,0.11954999715089798,59540.11942130001
1378,2459531.6958218,301.9843497,34.918504,1,17.520299911499023,0.1652970016002655,59531.1958217998
1380,2459531.6416204,301.9844803,34.9184018,2,16.270099639892578,0.059282999485731125,59531.141620399896
1381,2459531.6189468,301.9844571,34.918365,2,16.07539939880371,0.05391800031065941,59531.11894680001
1382,2459529.6633333,301.9846387,34.9184315,2,16.265499114990234,0.03803800046443939,59529.163333300035
1383,2459529.6633333,301.9845801,34.9184706,2,16.237600326538086,0.02369699999690056,59529.163333300035
1384,2459529.6305208,301.984539,34.9184438,2,16.186599731445312,0.0963589996099472,59529.13052080013
1385,2459529.6134606,301.9845012,34.9184976,1,18.36090087890625,0.16976800560951233,59529.11346059991
1386,2459526.6968287,301.984408,34.9185354,1,18.06060028076172,0.2016499936580658,59526.19682870014
1390,2459522.6810648,301.9844828,34.9184921,2,16.233999252319336,0.03723900020122528,59522.181064799894
1391,2459522.663669,301.9845302,34.9184439,2,16.236400604248047,0.07438100129365921,59522.163668999914
1392,2459522.6424306,301.9846006,34.918381,1,18.060199737548828,0.06758899986743927,59522.14243059978
1393,2459522.6357755,301.9843525,34.9184036,1,18.367300033569336,0.14293600618839264,59522.13577549998
1394,2459520.727581,301.9846617,34.9183259,2,16.34480094909668,0.0565360002219677,59520.227580999956
1395,2459520.727581,301.9845491,34.9184675,2,16.249399185180664,0.024309000000357628,59520.227580999956
1396,2459520.7266435,301.9844679,34.9184578,2,16.118000030517578,0.06924799829721451,59520.22664349992
1399,2459510.7039005,301.9843245,34.9185005,1,18.183900833129883,0.1417980045080185,59510.2039005002
1400,2459510.6618403,301.9843795,34.9184584,2,16.238500595092773,0.08168599754571915,59510.161840300076
1401,2459509.7463657,301.9845282,34.9185001,2,16.301599502563477,0.06989999860525131,59509.24636569992
1403,2459504.69375,301.984513,34.9184876,1,17.882699966430664,0.16352100670337677,59504.19375000009
1404,2459504.6584259,301.9845669,34.9184457,2,16.174800872802734,0.06889200210571289,59504.158425900154
1405,2459504.6579514,301.9846174,34.9184397,2,16.19529914855957,0.07269600033760071,59504.15795140015
1406,2459502.7252083,301.9844735,34.9184298,1,18.247699737548828,0.12797200679779053,59502.225208300166
1407,2459502.6968056,301.9845945,34.9184643,2,16.248199462890625,0.06543400138616562,59502.19680560008
1408,2459502.6821991,301.9845005,34.9184447,2,16.11870002746582,0.07619199901819229,59502.18219910003
1409,2459502.6411343,301.9845016,34.9184878,1,17.957000732421875,0.17228400707244873,59502.1411342998
1412,2459491.7554282,301.9843324,34.9185492,1,18.23430061340332,0.12166299670934677,59491.25542820012
1413,2459491.6931481,301.9845194,34.9183873,2,16.236600875854492,0.06308099627494812,59491.19314809982
1417,2459489.6849537,301.9845154,34.9184446,2,16.047000885009766,0.12791599333286285,59489.18495369982
1418,2459489.6849537,301.9845154,34.9184446,2,16.047000885009766,0.12791599333286285,59489.18495369982
1419,2459487.7419329,301.9845351,34.9184073,2,16.10810089111328,0.043657999485731125,59487.24193290016
1420,2459487.7419329,301.9845398,34.9184869,2,16.050800323486328,0.0195080004632473,59487.24193290016
1421,2459487.7220949,301.9843117,34.9185314,1,18.295499801635742,0.1456190049648285,59487.222094899975
1422,2459487.6942014,301.9845832,34.9185403,1,17.749099731445312,0.18860800564289093,59487.19420140004
1427,2459480.7195255,301.9845017,34.9184186,2,16.07469940185547,0.08298300206661224,59480.2195255002
1428,2459480.6937731,301.9845954,34.9183821,2,16.219999313354492,0.06991700083017349,59480.19377310015
1429,2459480.6937731,301.9845157,34.9184197,2,16.175500869750977,0.0215000007301569,59480.19377310015
1430,2459478.7996412,301.9844832,34.9184536,1,18.33009910583496,0.11428599804639816,59478.299641199876
1431,2459478.7991667,301.9843958,34.9185255,1,17.963899612426758,0.1437010020017624,59478.29916669987
1432,2459478.729213,301.9844891,34.9183966,2,16.07710075378418,0.07806699723005295,59478.22921299981
1433,2459478.7287384,301.9845071,34.918496,2,16.156099319458008,0.06968600302934647,59478.228738400154
1434,2459476.8000579,301.9844521,34.9184637,2,16.09709930419922,0.07513300329446793,59476.30005790014
1435,2459476.7991088,301.9844506,34.9185284,2,16.14620018005371,0.07110200077295303,59476.29910880001
1436,2459476.7408796,301.9845529,34.9184805,1,17.964799880981445,0.1184609979391098,59476.240879599936
1439,2459473.7795602,301.984371,34.9185295,1,18.025299072265625,0.20026199519634247,59473.27956019994
1443,2459468.8242014,301.9845223,34.9184276,2,16.033899307250977,0.08471400290727615,59468.324201399926
1444,2459468.8242014,301.9845391,34.9184632,2,16.17919921875,0.021469999104738235,59468.324201399926
1445,2459468.8237269,301.9845099,34.9183472,2,16.186899185180664,0.050276000052690506,59468.32372689992
1446,2459468.8237269,301.9844692,34.918455,2,16.156600952148438,0.02120799943804741,59468.32372689992
1447,2459468.7058333,301.9845445,34.9184539,1,18.290300369262695,0.1124430000782013,59468.20583330002
1449,2459466.8419676,301.9845493,34.9184051,2,16.129100799560547,0.06709600239992142,59466.34196759993
1450,2459466.8414931,301.9844996,34.9183712,2,16.111099243164062,0.020932000130414963,59466.34149309993
1451,2459466.8414931,301.984534,34.9182432,2,16.163299560546875,0.043873999267816544,59466.34149309993
1457,2459462.7887269,301.984582,34.9185044,1,17.868200302124023,0.17191700637340546,59462.28872689977
1459,2459462.7422685,301.9845346,34.9185616,2,16.05150032043457,0.0817440003156662,59462.24226849992
1460,2459460.8229398,301.9845628,34.9184276,2,16.02359962463379,0.04222000017762184,59460.3229398001
1461,2459460.8224769,301.9845563,34.9184235,2,16.106300354003906,0.06594400107860565,59460.32247690018
1462,2459460.802419,301.9843525,34.9185554,1,18.004199981689453,0.10038899630308151,59460.30241899984
1464,2459458.7774769,301.9845057,34.9184823,1,18.103300094604492,0.1345909982919693,59458.27747689979
1466,2459458.7284838,301.984524,34.9185031,2,16.002199172973633,0.10376299917697906,59458.228483799845
1467,2459454.8050926,301.9845517,34.9182604,2,16.068500518798828,0.1027659997344017,59454.305092600174
1468,2459454.8050926,301.9845815,34.9184045,2,16.131500244140625,0.0203660000115633,59454.305092600174
1469,2459454.7378819,301.9844535,34.9185055,1,18.07080078125,0.21170100569725037,59454.23788189981
1473,2459452.7585764,301.9845321,34.9184848,2,15.466500282287598,0.055442001670598984,59452.25857640011
1474,2459450.8162847,301.9844554,34.9184349,2,16.221599578857422,0.10757199674844742,59450.31628469983
1475,2459450.8050579,301.9844455,34.9184599,2,16.10689926147461,0.10113999992609024,59450.30505790003
1476,2459450.7631366,301.9844526,34.9184833,1,17.780099868774414,0.179067000746727,59450.263136600144
1478,2459448.7527083,301.984461,34.9185187,2,16.100799560546875,0.0763780027627945,59448.25270830002
1480,2459447.736794,301.9846829,34.9184519,2,16.122100830078125,0.05732399970293045,59447.236794000026
1481,2459447.736794,301.9846138,34.9184748,2,16.059499740600586,0.02356399968266487,59447.236794000026
1483,2459444.7589468,301.9846244,34.9184649,2,16.033899307250977,0.08190099895000458,59444.25894680014
1484,2459442.803831,301.9845586,34.9185152,1,17.929399490356445,0.11965899914503098,59442.30383099988
1485,2459442.7478472,301.984567,34.9184101,2,15.88539981842041,0.09882400184869766,59442.247847199906
1486,2459441.7917361,301.9846376,34.9185659,1,18.12179946899414,0.1131879985332489,59441.29173609987
1489,2459439.8472569,301.9844428,34.9185084,1,17.94420051574707,0.14548499882221222,59439.34725689981
1490,2459434.7687731,301.9843349,34.9183867,1,18.239700317382812,0.07893499732017517,59434.26877309987
1491,2459434.7687731,301.9845665,34.9183964,1,18.33300018310547,0.11278200149536133,59434.26877309987
1493,2459429.875162,301.9845034,34.9184466,2,16.107500076293945,0.018497999757528305,59429.37516199984
1494,2459429.875162,301.984622,34.9183432,2,16.129499435424805,0.06344199925661087,59429.37516199984
1496,2459429.8335417,301.9845365,34.918465,1,18.040599822998047,0.07852199673652649,59429.33354170015
1497,2459427.8523148,301.9845615,34.9184537,2,16.095300674438477,0.01879500038921833,59427.352314800024
1498,2459427.8523148,301.9846075,34.9184595,2,16.20669937133789,0.09567400068044662,59427.352314800024
1499,2459427.8322801,301.9844488,34.9184387,2,16.034099578857422,0.10254800319671631,59427.33228009986
1501,2459427.7984144,301.9846706,34.9184506,1,17.79789924621582,0.14111800491809845,59427.29841439985
1503,2459424.7681597,301.9846391,34.9185535,1,18.102100372314453,0.21496300399303436,59424.26815970009
1504,2459422.8911343,301.984477,34.9184139,2,15.961099624633789,0.11494400352239609,59422.3911342998
1508,2459418.7589699,301.9845744,34.9184305,2,16.15880012512207,0.06838300079107285,59418.2589699002
1509,2459415.9316319,301.9843967,34.9185131,1,18.12660026550293,0.12412700057029724,59415.431631899904
1510,2459415.9316319,301.9843967,34.9185131,1,18.12660026550293,0.12412700057029724,59415.431631899904
1511,2459415.9316319,301.9843967,34.9185131,1,18.12660026550293,0.12412700057029724,59415.431631899904
1515,2459410.8832407,301.9846274,34.9184965,2,15.954400062561035,0.08991699665784836,59410.38324069977
1516,2459410.8712153,301.9843309,34.9183235,1,18.111000061035156,0.1691250056028366,59410.37121530017
1517,2459410.8446759,301.9845603,34.9183733,1,17.918800354003906,0.10568500310182571,59410.34467589995
1519,2459408.8621991,301.9846762,34.9184656,1,17.774200439453125,0.10578799992799759,59408.3621991002
1520,2459406.8764236,301.9845069,34.9184818,1,17.84269905090332,0.0805319994688034,59406.37642360013
1521,2459406.8643056,301.9845797,34.9184512,1,17.645299911499023,0.14653900265693665,59406.36430560006
1522,2459406.8430093,301.984616,34.9183184,2,16.01059913635254,0.08996099978685379,59406.343009300064
1524,2459404.9306829,301.9844976,34.9184304,2,15.938699722290039,0.09333399683237076,59404.430682899896
1525,2459404.8921296,301.984526,34.9184334,1,17.87310028076172,0.12497299909591675,59404.39212960005
1527,2459402.8863773,301.9845883,34.9185337,2,15.889599800109863,0.11326500028371811,59402.386377300136
1528,2459402.8859028,301.9845694,34.9182755,2,15.89169979095459,0.08417200297117233,59402.38590280013
1529,2459402.8859028,301.9845637,34.9184502,2,16.01020050048828,0.018905000761151314,59402.38590280013
1530,2459402.8424884,301.9844624,34.9183504,1,17.833799362182617,0.09711399674415588,59402.34248840017
1532,2459400.9226968,301.9845329,34.9184324,2,15.97249984741211,0.04879600182175636,59400.42269679997
1534,2459400.8801273,301.9845942,34.9185134,1,17.921499252319336,0.09338399767875671,59400.38012730004
1537,2459394.9366667,301.9845479,34.9183162,2,15.992600440979004,0.09347599744796753,59394.43666670006
1538,2459394.9362037,301.9845921,34.9184908,2,16.049400329589844,0.07382699847221375,59394.436203700025
1540,2459394.8726389,301.9845845,34.9185092,1,17.694599151611328,0.2007869929075241,59394.37263889983
1541,2459392.8834375,301.9846196,34.9183616,2,16.051599502563477,0.06089700013399124,59392.38343749987
1542,2459392.8834375,301.9845969,34.9184526,2,15.934000015258789,0.019138000905513763,59392.38343749987
1543,2459392.882963,301.9844665,34.9185277,2,15.81089973449707,0.09682100266218185,59392.382962999865
1546,2459387.8636574,301.9845795,34.9184681,1,17.880599975585938,0.08888600021600723,59387.36365740001
1547,2459387.8631944,301.9844791,34.9184835,1,17.79129981994629,0.09240099787712097,59387.36319439998
1549,2459385.9101389,301.9847406,34.9184883,1,17.661500930786133,0.12657000124454498,59385.410138899926
1550,2459385.8843519,301.9845611,34.9184315,2,15.878299713134766,0.056738000363111496,59385.38435189985
1551,2459385.8838889,301.9845381,34.9184318,2,15.787199974060059,0.08060000091791153,59385.383888899814
1552,2459382.9224769,301.9845718,34.9184725,1,17.884000778198242,0.09597399830818176,59382.42247689981
1553,2459382.9070602,301.9845759,34.9184542,1,17.647600173950195,0.1464339941740036,59382.40706019988
1554,2459382.8638657,301.9845427,34.9184141,2,15.833399772644043,0.08712200075387955,59382.363865700085
1557,2459380.8836921,301.9845104,34.9184715,2,15.967300415039062,0.048291001468896866,59380.38369210018
1558,2459380.8832292,301.9844645,34.9184204,2,15.925600051879883,0.041019998490810394,59380.3832291998
1559,2459378.8729398,301.984651,34.9184364,1,17.76140022277832,0.13793200254440308,59378.37293979991
1560,2459378.8724653,301.9845434,34.9184441,1,17.911500930786133,0.12364699691534042,59378.37246529991
1561,2459376.9302778,301.9845631,34.918427,2,15.819199562072754,0.04731199890375137,59376.43027780019
1562,2459376.9298148,301.9846605,34.9183161,2,15.891799926757812,0.04000899940729141,59376.429814800154
1563,2459376.9298148,301.9845612,34.9184683,2,15.827500343322754,0.015254000201821327,59376.429814800154
1565,2459376.8836921,301.9846303,34.9185383,1,17.88719940185547,0.06918700039386749,59376.38369210018
1566,2459374.9372454,301.9846056,34.9183852,2,15.86460018157959,0.05213800072669983,59374.43724540016
1567,2459374.9372454,301.9845383,34.918494,2,15.777799606323242,0.036993999034166336,59374.43724540016
1568,2459374.8906829,301.9845679,34.9184416,1,17.892499923706055,0.09532999992370605,59374.39068289986
1569,2459373.9537847,301.9845537,34.9184704,1,17.814699172973633,0.1285489946603775,59373.45378470002
1570,2459373.9084259,301.9845631,34.9184679,2,15.713199615478516,0.07995499670505524,59373.408425900154
1574,2459368.9480093,301.9845301,34.918423,1,17.901100158691406,0.07286500185728073,59368.448009300046
1575,2459367.9302199,301.9844859,34.9185008,1,17.92009925842285,0.12832200527191162,59367.43021989986
1576,2459367.9011111,301.9845445,34.9183599,2,15.845499992370605,0.05140500143170357,59367.40111109987
1577,2459367.9011111,301.984528,34.91846,2,15.837200164794922,0.01564599946141243,59367.40111109987
1578,2459366.8911921,301.9845615,34.9184359,2,15.756699562072754,0.06828100234270096,59366.39119210001
1579,2459364.949838,301.9846125,34.9183023,2,15.903599739074707,0.06976400315761566,59364.449837999884
1580,2459364.949838,301.984559,34.9184345,2,15.791600227355957,0.015409000217914581,59364.449837999884
1582,2459364.8846528,301.9845719,34.9185278,1,17.545400619506836,0.1485069990158081,59364.38465279993
1583,2459362.9486227,301.9845133,34.918463,2,15.903599739074707,0.11765799671411514,59362.44862269983
1584,2459362.9128241,301.984502,34.9184579,1,17.56879997253418,0.09367500245571136,59362.41282409988
1588,2459359.9043519,301.9845326,34.9184858,2,15.523500442504883,0.11842100322246552,59359.404351899866
1589,2459359.8275463,301.9846053,34.9185219,1,17.371299743652344,0.10312999784946442,59359.3275462999
1591,2459356.9501852,301.984614,34.9184811,1,17.57069969177246,0.11076399683952332,59356.4501852002
1592,2459356.9497106,301.9845522,34.9184515,1,17.760000228881836,0.06848800182342529,59356.44971060008
1594,2459356.9140046,301.9845268,34.9184503,2,15.570699691772461,0.07044900208711624,59356.41400460014
1596,2459353.9582639,301.9845498,34.9184021,2,15.746299743652344,0.047433000057935715,59353.45826390013
1597,2459353.9091088,301.9846425,34.9184584,1,17.717100143432617,0.09723000228404999,59353.40910879988
1598,2459353.9086343,301.9847734,34.9184993,1,17.46929931640625,0.11812999844551086,59353.40863429988
1599,2459349.9481366,301.9845624,34.9183905,2,15.615099906921387,0.03813200071454048,59349.4481366002
1601,2459349.9063889,301.9846369,34.9184859,1,17.66160011291504,0.06636500358581543,59349.40638889978
1602,2459346.9708565,301.9846412,34.9184295,1,17.521699905395508,0.1315629929304123,59346.47085649986
1603,2459346.9703935,301.9844503,34.9184525,1,17.659700393676758,0.08518499881029129,59346.470393499825
1604,2459346.9265046,301.9846226,34.9183598,2,15.569000244140625,0.03286600112915039,59346.42650459986
1606,2459344.9697454,301.9846668,34.9184891,1,17.40570068359375,0.11092499643564224,59344.469745399896
1607,2459344.9692708,301.9845281,34.918469,1,17.65019989013672,0.08993200212717056,59344.469270799775
1608,2459344.9245718,301.9845476,34.9183933,2,15.538900375366211,0.041926998645067215,59344.424571800046
1609,2459344.9241088,301.9845508,34.9184806,2,15.453399658203125,0.07322400063276291,59344.42410880001
1610,2459341.9741898,301.9846682,34.9184792,1,17.334400177001953,0.08453500270843506,59341.47418980021
1611,2459341.9737269,301.9845479,34.9185392,1,17.346200942993164,0.08342699706554413,59341.47372689983
1612,2459341.9496644,301.9846183,34.9183935,2,15.528800010681152,0.041060999035835266,59341.44966439996
1613,2459341.9491898,301.9845453,34.9183513,2,15.453499794006348,0.0558289997279644,59341.44918979984
1614,2459339.9672917,301.9845522,34.9184329,2,15.665499687194824,0.09579599648714066,59339.46729170019
1615,2459339.9352083,301.9845551,34.91843,1,17.547000885009766,0.08754400163888931,59339.43520830013
1616,2459339.9088194,301.9846632,34.9185093,1,17.33919906616211,0.16403399407863617,59339.408819399774
1617,2459337.9674421,301.9845995,34.9183883,2,15.438400268554688,0.049552999436855316,59337.467442099936
1618,2459337.9287963,301.9846503,34.9185163,1,17.171100616455078,0.0919710025191307,59337.4287963002
1619,2459336.9652662,301.984501,34.9183819,2,15.31980037689209,0.09085699915885925,59336.46526619978
1620,2459336.9652662,301.984501,34.9183819,2,15.31980037689209,0.09085699915885925,59336.46526619978
1621,2459336.9574074,301.9845572,34.9184989,1,17.05084991455078,0.12086600065231323,59336.45740740001
1622,2459336.9574074,301.9845572,34.9184989,1,17.050899505615234,0.12086600065231323,59336.45740740001
1623,2459336.9574074,301.9845572,34.9184989,1,17.050899505615234,0.12086600065231323,59336.45740740001
1625,2459335.947581,301.9845604,34.9184592,1,17.576799392700195,0.11974100023508072,59335.44758100016
1626,2459331.9571181,301.9845364,34.9184258,2,15.273599624633789,0.04263300076127052,59331.45711810002
1627,2459329.9721759,301.9845825,34.9184711,1,17.308589935302734,0.07743299752473831,59329.47217589989
1628,2459329.9721759,301.9845825,34.9184711,1,17.3085994720459,0.07743299752473831,59329.47217589989
1629,2459329.9721759,301.9845825,34.9184711,1,17.3085994720459,0.07743299752473831,59329.47217589989
1631,2459325.9886921,301.9845865,34.9184052,2,15.240400314331055,0.03015200048685074,59325.48869210016
1632,2459325.9786921,301.9845719,34.9183944,2,15.29800033569336,0.029211999848484993,59325.47869209992
1633,2459325.956794,301.9846874,34.918492,1,16.996000289916992,0.08415000140666962,59325.45679400023
1634,2459325.956331,301.984579,34.9184441,1,17.1476993560791,0.053355999290943146,59325.4563310002
1635,2459322.9858102,301.984543,34.9184018,2,15.148200035095215,0.04210999980568886,59322.48581020022
1636,2459322.9853356,301.9845442,34.9183644,2,15.100000381469727,0.055240001529455185,59322.4853356001
1637,2459322.9451736,301.9846461,34.9184234,1,17.06679916381836,0.06385400146245956,59322.44517360022
1638,2459322.9447106,301.9845927,34.9184616,1,16.94409942626953,0.08759099990129471,59322.44471060019
1639,2459319.9753472,301.9844759,34.9183877,2,15.096599578857422,0.03423599898815155,59319.47534719994
1641,2459319.9545602,301.9846245,34.9185073,1,16.887100219726562,0.07554200291633606,59319.45456020022
1643,2459319.9540972,301.9845686,34.918503,1,16.917600631713867,0.06360399723052979,59319.454097200185
1645,2459316.891794,301.9847188,34.9185468,1,16.865299224853516,0.08062099665403366,59316.39179399982
1646,2459314.9871296,301.9845745,34.9184466,1,16.837310791015625,0.07802099734544754,59314.48712959979
1647,2459314.9871296,301.9845745,34.9184466,1,16.837299346923828,0.07802099734544754,59314.48712959979
1648,2459314.9755556,301.9845483,34.9183813,2,15.048199653625488,0.03947699815034866,59314.47555560013
1649,2459314.9755556,301.9845483,34.9183813,2,15.048199653625488,0.03947699815034866,59314.47555560013
1651,2459313.9535532,301.9846035,34.9184542,2,15.11870002746582,0.034756001085042953,59313.45355319977
1652,2459311.9942824,301.9845372,34.9183708,2,15.062100410461426,0.05372700095176697,59311.49428239977
1653,2459311.9571065,301.9846083,34.9184362,1,16.771900177001953,0.07505100220441818,59311.45710649993
1654,2459310.9970255,301.9845496,34.9183823,2,15.069000244140625,0.0344339981675148,59310.49702550005
1655,2459310.9677546,301.984567,34.9184406,1,16.845600128173828,0.04732999950647354,59310.467754600104
1656,2459309.9857523,301.9845386,34.9183691,2,14.991800308227539,0.038586001843214035,59309.485752299894
1657,2459309.9483449,301.9845719,34.9184473,1,16.75749969482422,0.06418699771165848,59309.44834489981
1658,2459308.9854051,301.9845817,34.9183912,2,15.040499687194824,0.03184400126338005,59308.485405100044
1659,2459308.974838,301.9845399,34.9184165,1,16.793100357055664,0.049678999930620193,59308.47483799979
1660,2459307.9912153,301.984516,34.9184098,1,16.744800567626953,0.03960699960589409,59307.491215299815
1661,2459307.9664583,301.9845148,34.918374,2,14.959799766540527,0.04802500084042549,59307.46645830013
1662,2459306.0029514,301.984532,34.9184607,1,16.71339988708496,0.060458000749349594,59305.50295139989
1663,2459305.9939815,301.9846109,34.9184509,1,16.612699508666992,0.07885599881410599,59305.493981500156
1664,2459305.9746759,301.9845146,34.9183795,2,14.82699966430664,0.0626790001988411,59305.47467589984
1665,2459305.9666782,301.9846008,34.9183805,2,14.993800163269043,0.033215999603271484,59305.466678199824
1666,2459303.0023727,301.9845479,34.9184439,1,16.594900131225586,0.07761599868535995,59302.50237269979
1667,2459302.9734144,301.9845063,34.9183704,2,14.897100448608398,0.047130998224020004,59302.47341440013
1668,2459301.0072222,301.9845586,34.9184634,1,16.65850067138672,0.04991599917411804,59300.50722219981
1669,2459300.970625,301.9845273,34.9185097,2,14.979499816894531,0.02985299937427044,59300.470625000075
1670,2459298.9327315,301.9845708,34.9184275,1,16.429399490356445,0.07169199734926224,59298.432731499895
1671,2459296.0106481,301.9845593,34.9184447,2,14.960700035095215,0.029976999387145042,59295.51064810017
1672,2459296.0101736,301.9845509,34.9184005,2,14.937000274658203,0.03811199963092804,59295.51017360017
1673,2459291.9721875,301.984522,34.9183834,2,14.804499626159668,0.04134500026702881,59291.47218749998
1674,2459291.9703125,301.9845688,34.9184539,2,14.851900100708008,0.05343800038099289,59291.47031249991
1675,2459281.0261111,301.9845271,34.918388,2,14.85420036315918,0.03987399861216545,59280.52611109987
1676,2459277.012037,301.9846029,34.9184296,1,16.45039939880371,0.04328899830579758,59276.51203700015
1677,2459276.99375,301.9844976,34.9183889,2,14.89109992980957,0.02218499965965748,59276.49374999991
1678,2459275.0208333,301.9843184,34.9184924,2,14.8725004196167,0.024723999202251434,59274.52083329996
1679,2459274.9954745,301.984692,34.9183889,1,16.412099838256836,0.0623989999294281,59274.495474500116
1680,2459272.0511343,301.9845981,34.9183655,2,14.814000129699707,0.02388099953532219,59271.55113429995
1681,2459272.0481134,301.9845542,34.9184727,2,14.79539966583252,0.029306000098586082,59271.54811340012
1682,2459272.0451042,301.9845558,34.918459,2,14.569999694824219,0.051353998482227325,59271.54510420002
1683,2459272.0420833,301.9845447,34.918471,2,14.868200302124023,0.026933999732136726,59271.542083300184
1684,2459272.0390625,301.9846505,34.9184528,2,14.939499855041504,0.04278299957513809,59271.5390625
1685,2459269.0519792,301.9845441,34.9184454,2,14.880200386047363,0.04352699965238571,59268.55197919998
1686,2459269.0490625,301.9845832,34.9184179,2,14.896200180053711,0.045805998146533966,59268.54906249978
1687,2459269.0461343,301.9845796,34.9184239,2,14.85219955444336,0.04334200173616409,59268.546134300064
1688,2459269.0432176,301.984557,34.9184396,2,14.870400428771973,0.04694100096821785,59268.54321759986
1689,2459269.0403009,301.9845545,34.9184311,2,14.888199806213379,0.030347999185323715,59268.54030090012
1690,2459266.0515162,301.9846069,34.9183813,2,14.869999885559082,0.02980400063097477,59265.55151619995
1691,2459266.0485417,301.9845665,34.9183895,2,14.81190013885498,0.04422999918460846,59265.5485417
1692,2459266.0455671,301.9845946,34.9184075,2,14.869000434875488,0.0316770002245903,59265.545567099936
1693,2459266.0396412,301.9846315,34.9184118,2,14.907999992370605,0.029969999566674232,59265.5396412001
1694,2459266.013588,301.9845235,34.9184461,1,16.34469985961914,0.06064499914646149,59265.51358800009
1695,2459265.0539236,301.9845519,34.9184312,2,14.870599746704102,0.03654000163078308,59264.55392359989
1696,2459265.0509491,301.9845643,34.9183921,2,14.88659954071045,0.027490999549627304,59264.55094909994
1697,2459265.047963,301.9845942,34.9184272,2,14.857399940490723,0.04371500015258789,59264.5479629999
1699,2459265.0419907,301.9845438,34.9184586,2,14.840800285339355,0.044050998985767365,59264.54199070018
1700,2459264.0572917,301.9845965,34.9185135,2,14.767900466918945,0.04688600078225136,59263.55729170004
1701,2459264.0513079,301.984691,34.9184578,2,14.793100357055664,0.036614999175071716,59263.55130789988
1702,2459264.0483333,301.9845584,34.9185183,2,14.734600067138672,0.03528499975800514,59263.54833329981
1703,2459263.0548843,301.9846026,34.9184308,2,14.89680004119873,0.029387999325990677,59262.5548843001
1704,2459263.0518519,301.9845456,34.918405,2,14.910099983215332,0.021795999258756638,59262.55185189983
1705,2459263.0487963,301.9846307,34.9183798,2,14.929100036621094,0.026843000203371048,59262.548796299845
1706,2459263.0457639,301.9845225,34.918411,2,14.893899917602539,0.03009900078177452,59262.54576390004
1707,2459259.0565972,301.9846177,34.9184443,2,14.932499885559082,0.04293600097298622,59258.55659720022
1708,2459259.0505787,301.984591,34.9184466,2,14.921199798583984,0.033434998244047165,59258.55057869991
1709,2459259.0475694,301.9846533,34.9184319,2,14.758999824523926,0.03826000168919563,59258.547569400165
1710,2459259.0445602,301.9845747,34.918421,2,14.697400093078613,0.03900900110602379,59258.54456020007
1711,2459257.0604282,301.9846135,34.9183805,2,14.900199890136719,0.04195500165224075,59256.560428199824
1712,2459257.0573727,301.9845587,34.9184078,2,14.842300415039062,0.033011000603437424,59256.55737269996
1713,2459257.0543056,301.9845818,34.9184223,2,14.863200187683105,0.03444699943065643,59256.5543056
1714,2459257.0512384,301.9845976,34.9183937,2,14.844799995422363,0.049396999180316925,59256.55123839993
1715,2459257.0481713,301.9845604,34.9184044,2,14.831199645996094,0.04335099831223488,59256.548171299975
1716,2459256.0626968,301.9845482,34.918399,2,14.871399879455566,0.06396500021219254,59255.5626968001
1717,2459256.0596412,301.9845281,34.918422,2,14.874699592590332,0.0313819982111454,59255.55964120012
1718,2459256.0535069,301.9845747,34.9184089,2,14.835800170898438,0.040196001529693604,59255.55350690009
1719,2459256.0504282,301.9845245,34.9184217,2,14.979399681091309,0.07276300340890884,59255.55042820005
1720,2459254.0608565,301.9844781,34.9183666,2,14.887399673461914,0.04208200052380562,59253.560856500175
1721,2459254.0578935,301.98452,34.9183733,2,14.815500259399414,0.03469900041818619,59253.5578935002
1722,2459254.0549306,301.9845393,34.9184129,2,14.797800064086914,0.04556100070476532,59253.55493059987
1723,2459254.0519676,301.9844817,34.9184011,2,14.848299980163574,0.03618000075221062,59253.551967599895
1724,2459254.0490162,301.9845177,34.9184261,2,14.779800415039062,0.06109900027513504,59253.549016200006
1725,2459253.0601273,301.9845233,34.9183497,2,14.801199913024902,0.05412700027227402,59252.56012730021
1726,2459253.0571644,301.9845136,34.9183774,2,14.79259967803955,0.05166200175881386,59252.557164399885
1730,2459251.0608218,301.9845197,34.9184196,2,14.750399589538574,0.05089399963617325,59250.56082180003
1733,2459251.0548148,301.9846015,34.9182915,2,14.818900108337402,0.03983600065112114,59250.554814800154
1734,2459251.0518171,301.9845669,34.9184041,2,14.831600189208984,0.026642000302672386,59250.55181710003
1735,2459251.0488194,301.9846244,34.9184002,2,14.691399574279785,0.04504299908876419,59250.548819399904
1736,2459206.621794,301.9844475,34.9183935,1,16.507999420166016,0.10823699831962585,59206.1217939998
1737,2459206.6024653,301.984484,34.9184297,2,14.77239990234375,0.03350700065493584,59206.10246529989
1738,2459204.638588,301.9845382,34.9183919,2,14.758399963378906,0.03284800052642822,59204.13858800009
1739,2459204.6129051,301.9844505,34.9184569,1,16.32990074157715,0.04345199838280678,59204.11290509999
1740,2459202.6614352,301.9843874,34.9183455,1,16.28529930114746,0.05194300040602684,59202.1614351999
1741,2459199.6572569,301.9843244,34.9183354,1,16.32309913635254,0.04771300032734871,59199.15725689987
1742,2459199.6212384,301.9845181,34.9183981,2,14.841899871826172,0.0304579995572567,59199.12123840023
1743,2459197.6655208,301.9845257,34.9184061,2,15.014900207519531,0.053366001695394516,59197.16552079981
1744,2459195.6422338,301.9843924,34.9183793,1,16.137300491333008,0.06155699864029884,59195.14223380014
1745,2459195.6009028,301.9845033,34.9183972,2,14.840999603271484,0.026034999638795853,59195.10090279998
1746,2459194.6129977,301.9845442,34.9184067,2,14.848099708557129,0.02572000026702881,59194.112997699995
1747,2459194.6045255,301.9844963,34.9184565,1,16.30929946899414,0.04409300163388252,59194.10452549998
1748,2459193.6421875,301.9844426,34.9184501,1,15.820099830627441,0.21865099668502808,59193.14218749991
1749,2459192.6141667,301.9845301,34.9184405,2,14.809800148010254,0.022086000069975853,59192.114166699816
1750,2459190.6237269,301.9845052,34.9183985,2,14.810400009155273,0.04098000004887581,59190.1237269002
1751,2459188.6399769,301.9844865,34.9186632,1,16.224199295043945,0.07010799646377563,59188.13997690007
1752,2459188.6390394,301.9844902,34.9184413,1,16.34749984741211,0.03750000149011612,59188.139039400034
1753,2459188.5984838,301.9844903,34.9184329,2,14.81410026550293,0.03271700069308281,59188.09848379996
1754,2459188.5975463,301.9845318,34.9184324,2,14.89490032196045,0.030061999335885048,59188.09754629992
1755,2459186.6043171,301.9845627,34.918405,2,14.845999717712402,0.025303000584244728,59186.10431709979
1756,2459186.5986227,301.9844799,34.9184095,2,14.786299705505371,0.033868998289108276,59186.0986227002
1757,2459184.6523032,301.9844926,34.918448,1,16.263099670410156,0.037682000547647476,59184.152303200215
1758,2459184.6513657,301.9844628,34.9184712,1,16.309900283813477,0.04594400152564049,59184.15136570018
1759,2459184.6042824,301.9845351,34.9184517,2,14.804200172424316,0.028015999123454094,59184.104282400105
1761,2459182.6332986,301.9843951,34.9184421,1,16.269500732421875,0.05340199917554855,59182.13329860009
1762,2459182.6328356,301.9844895,34.9184372,1,16.322599411010742,0.0385890007019043,59182.13283560006
1763,2459182.6041319,301.9845578,34.918397,2,14.907999992370605,0.046344999223947525,59182.104131899774
1764,2459182.5980787,301.9845123,34.9184003,2,14.82800006866455,0.02843800000846386,59182.09807869978
1766,2459180.6384491,301.9843885,34.918377,1,16.240400314331055,0.05770299956202507,59180.138449099846
1767,2459178.6178356,301.9845099,34.9184694,1,16.348899841308594,0.04089299961924553,59178.11783559993
1768,2459178.6173727,301.9845008,34.9184572,1,16.327299118041992,0.07872600108385086,59178.11737270001
1773,2459174.6346065,301.9845013,34.9184467,1,16.285400390625,0.03588699921965599,59174.134606500156
1774,2459174.5975116,301.9845013,34.91843,2,14.815899848937988,0.06794500350952148,59174.09751159977
1775,2459173.6323958,301.9844961,34.9184553,1,16.41900062561035,0.05195299908518791,59173.1323958002
1777,2459171.6365278,301.9845349,34.9184553,1,16.33300018310547,0.051382001489400864,59171.1365278
1778,2459169.6619329,301.9844785,34.9184287,2,14.816699981689453,0.04072200134396553,59169.16193290008
1779,2459169.6373727,301.9845187,34.9184588,2,14.779600143432617,0.03552300110459328,59169.13737270003
1780,2459169.6094792,301.9845152,34.9184318,1,16.256000518798828,0.06057799980044365,59169.109479200095
1781,2459169.6026273,301.9845073,34.9184589,1,16.38680076599121,0.0489949993789196,59169.10262730019
1782,2459167.6774074,301.9845229,34.9184398,1,16.344999313354492,0.04273800179362297,59167.17740740022
1783,2459167.6345486,301.9845242,34.91845,1,16.31719970703125,0.03959900140762329,59167.13454859983
1784,2459167.5982755,301.9845671,34.9184261,2,14.87720012664795,0.0187780000269413,59167.098275499884
1785,2459167.5978125,301.98452,34.9184281,2,14.820699691772461,0.023274999111890793,59167.09781249985
1786,2459164.7202662,301.9845498,34.9183771,1,16.340299606323242,0.03875400125980377,59164.22026620014
1787,2459164.7085995,301.9843717,34.9184729,1,16.31879997253418,0.059845998883247375,59164.20859949989
1788,2459164.6415162,301.9845226,34.9184685,2,14.783699989318848,0.0335410013794899,59164.1415161998
1789,2459164.6127546,301.98454,34.9184592,2,14.817700386047363,0.025181999430060387,59164.11275460012
1790,2459158.6615046,301.9845074,34.9184405,1,16.233600616455078,0.06089400127530098,59158.1615046002
1791,2459158.6610301,301.9843986,34.9184216,1,16.333099365234375,0.04596399888396263,59158.16103010019
1792,2459158.6176042,301.9844805,34.9184656,2,14.769000053405762,0.03620800003409386,59158.1176041998
1793,2459158.6171412,301.9845035,34.9184637,2,14.7746000289917,0.04022800177335739,59158.11714120023
1795,2459156.6206481,301.9844769,34.9184672,1,16.2450008392334,0.04935299977660179,59156.12064810004
1796,2459156.6201852,301.9845367,34.9184386,1,16.385099411010742,0.06010900065302849,59156.120185200125
1797,2459154.7820139,301.9845696,34.9184455,1,16.36240005493164,0.03775100037455559,59154.28201390011
1798,2459154.7009028,301.984476,34.9184522,1,16.298599243164062,0.04995499923825264,59154.200902800076
1799,2459154.6787847,301.9845392,34.918475,2,14.750800132751465,0.011975999921560287,59154.17878470011
1801,2459152.7444444,301.9845055,34.9184223,1,16.33139991760254,0.0506180003285408,59152.24444440007
1802,2459152.7435069,301.9845848,34.9184123,1,16.32670021057129,0.05532100051641464,59152.243506900035
1803,2459152.6859606,301.984528,34.9184464,2,14.82390022277832,0.04944000020623207,59152.18596060015
1804,2459152.6854977,301.9844878,34.9184448,2,14.722800254821777,0.052218999713659286,59152.18549769977
1805,2459150.7055671,301.9845497,34.9184311,2,14.817500114440918,0.03648800030350685,59150.205567100085
1806,2459150.7051042,301.9844695,34.9184134,2,14.80150032043457,0.028078999370336533,59150.20510420017
1807,2459150.6618056,301.9845209,34.9184502,1,16.432100296020508,0.060081999748945236,59150.16180559993
1808,2459150.6428125,301.984511,34.9184607,1,16.274599075317383,0.0516589991748333,59150.14281249978
1810,2459145.7069907,301.9845047,34.9184759,1,16.28380012512207,0.05936500057578087,59145.206990700215
1811,2459145.6952199,301.9845131,34.918448,1,16.339399337768555,0.039611998945474625,59145.19521989999
1812,2459145.6580093,301.9845467,34.9184238,2,14.795000076293945,0.03862199932336807,59145.15800930001
1813,2459143.6812616,301.9845157,34.9184483,1,16.367399215698242,0.061416998505592346,59143.181261599995
1814,2459143.6807986,301.9845562,34.9184495,1,16.284099578857422,0.06643600016832352,59143.18079859996
1816,2459141.728125,301.9844671,34.9184415,1,16.119300842285156,0.08230700343847275,59141.22812499991
1817,2459141.7037963,301.9845387,34.918457,1,16.285900115966797,0.07307499647140503,59141.203796300106
1819,2459139.736169,301.9845388,34.9183852,2,14.804200172424316,0.033838000148534775,59139.236169000156
1821,2459139.6828935,301.9845142,34.9184516,1,16.33449935913086,0.05349399894475937,59139.1828935002
1823,2459137.6618171,301.9845188,34.9184826,1,16.1737003326416,0.08489000052213669,59137.1618170999
1824,2459135.741956,301.9845156,34.9184442,1,16.346099853515625,0.05286899954080582,59135.241956000216
1825,2459135.7247801,301.9845247,34.9184262,1,16.2367000579834,0.0806019976735115,59135.22478009993
1826,2459135.680544,301.984511,34.918437,2,14.78279972076416,0.0566909983754158,59135.18054400012
1827,2459131.6951852,301.9845433,34.9184375,1,16.325899124145508,0.04805399850010872,59131.195185199846
1828,2459131.6856366,301.984538,34.9184682,1,16.271699905395508,0.0452519990503788,59131.185636600014
1831,2459129.6763657,301.9844948,34.9184731,1,16.0856990814209,0.023679999634623528,59129.176365700085
1833,2459127.7661458,301.9845009,34.9184735,2,14.858499526977539,0.042160000652074814,59127.266145799775
1835,2459127.6742014,301.9844827,34.9185138,1,16.225799560546875,0.13298699259757996,59127.17420140002
1838,2459125.7654977,301.9849502,34.9183937,2,14.76669979095459,0.035829998552799225,59125.265497699846
1840,2459125.6852083,301.9845278,34.9185035,1,16.30699920654297,0.053341999650001526,59125.18520830013
1841,2459125.6847454,301.9845222,34.9184403,1,16.233800888061523,0.08104699850082397,59125.18474540021
1843,2459124.7627894,301.984508,34.9184481,2,14.802800178527832,0.03926900029182434,59124.26278939983
1845,2459123.770162,301.9844922,34.9183824,2,14.826399803161621,0.03915100172162056,59123.270161999855
1846,2459123.6751968,301.9845231,34.9184897,1,16.3533992767334,0.05046100169420242,59123.175196799915
1847,2459123.6254167,301.9845157,34.9184803,1,16.23579978942871,0.07898599654436111,59123.1254166998
1848,2459122.7934491,301.984471,34.9184478,1,16.268600463867188,0.05704899877309799,59122.29344910011
1849,2459122.7652662,301.984476,34.918474,1,16.345399856567383,0.04816899821162224,59122.26526620006
1850,2459122.7170833,301.9845637,34.9184417,2,14.891799926757812,0.0610009990632534,59122.2170833
1851,2459122.703669,301.9844526,34.9184147,2,14.765199661254883,0.055093999952077866,59122.20366899995
1852,2459121.7056481,301.9845122,34.9184262,2,14.741499900817871,0.07220900058746338,59121.2056481
1853,2459121.7051736,301.984538,34.9183997,2,14.823200225830078,0.05076099932193756,59121.2051736
1854,2459120.7503125,301.9844683,34.918479,1,16.2908992767334,0.04955499991774559,59120.25031250017
1855,2459120.7498495,301.9844835,34.918461,1,16.252899169921875,0.04741799831390381,59120.249849500135
1856,2459120.7074653,301.984503,34.9184567,2,14.757599830627441,0.047600001096725464,59120.20746529987
1857,2459119.7685995,301.9844914,34.9184574,1,16.2096004486084,0.07138700038194656,59119.26859949995
1858,2459119.768125,301.9845027,34.9184602,1,16.22330093383789,0.03962999954819679,59119.268124999944
1861,2459117.7628935,301.9844993,34.918447,1,16.276599884033203,0.09047800302505493,59117.26289349981
1863,2459117.724838,301.984513,34.9184537,1,16.24570083618164,0.1036589965224266,59117.22483799979
1864,2459116.7890625,301.9845455,34.9184487,1,16.308799743652344,0.04842500016093254,59116.2890625
1865,2459116.726088,301.9845263,34.9184609,1,16.296300888061523,0.04578400030732155,59116.226087999996
1866,2459116.7048495,301.9845243,34.9184302,2,14.821399688720703,0.05040600150823593,59116.20484950021
1868,2459113.7009954,301.9845083,34.9184264,1,16.228099822998047,0.06118699908256531,59113.20099540008
1869,2459110.7980093,301.9845049,34.9184426,1,16.35700035095215,0.07961100339889526,59110.29800930014
1870,2459110.7461458,301.9845514,34.9184018,2,14.777899742126465,0.03442399948835373,59110.24614580022
1871,2459110.7456829,301.984524,34.9184141,2,14.732099533081055,0.03953000158071518,59110.24568289984
1872,2459110.6647222,301.9845296,34.9184385,1,16.239299774169922,0.06323699653148651,59110.16472220002
1873,2459107.7657292,301.9845414,34.9184672,2,14.83430004119873,0.043588001281023026,59107.265729200095
1874,2459107.7643171,301.9844961,34.9183696,2,14.792900085449219,0.04808099940419197,59107.264317099936
1875,2459107.6872801,301.9845327,34.918459,1,16.282499313354492,0.06677000224590302,59107.18728009984
1876,2459107.6740972,301.9845705,34.9184589,1,16.22100067138672,0.07767800241708755,59107.174097199924
1877,2459099.8199421,301.9845534,34.9183972,2,14.825300216674805,0.038252998143434525,59099.31994209997
1878,2459097.8205787,301.9844983,34.9184661,1,16.24489974975586,0.053022999316453934,59097.32057869993
1879,2459097.758206,301.9845736,34.918422,2,14.674699783325195,0.07947900146245956,59097.258206000086
1880,2459096.8113773,301.984485,34.9183543,2,14.793899536132812,0.039976999163627625,59096.31137729995
1881,2459096.7971991,301.9845252,34.9184279,2,14.836899757385254,0.04525500163435936,59096.29719909979
1882,2459096.77625,301.9844936,34.9184515,2,14.756699562072754,0.055939000099897385,59096.27625000011
1883,2459096.6547801,301.9845082,34.9184204,1,16.23069953918457,0.10387100279331207,59096.1547801001
1884,2459095.8315741,301.9844873,34.9184563,1,16.270000457763672,0.04684700071811676,59095.33157410007
1885,2459095.7820023,301.9845211,34.9184711,1,16.280000686645508,0.04761999845504761,59095.282002300024
1886,2459094.7200926,301.9845151,34.9184488,1,16.272300720214844,0.04837200045585632,59094.22009260021
1888,2459093.6720255,301.9845324,34.9184484,1,16.222200393676758,0.05481100082397461,59093.172025499865
1889,2459092.7627431,301.9844762,34.9184534,1,16.204299926757812,0.07732199877500534,59092.26274310006
1890,2459092.7617708,301.9845216,34.918469,1,16.23740005493164,0.04160400107502937,59092.26177080022
1891,2459092.738125,301.9845033,34.9184122,2,14.773300170898438,0.04450700059533119,59092.23812500015
1893,2459091.7930671,301.9845086,34.918489,1,16.26099967956543,0.050338998436927795,59091.29306709999
1894,2459091.7240046,301.9845093,34.9184638,1,16.271499633789062,0.059227000921964645,59091.2240046002
1895,2459090.7566898,301.9844922,34.9184345,1,16.132600784301758,0.06873700022697449,59090.25668979995
1896,2459090.7562269,301.9845274,34.9184711,1,16.225799560546875,0.0518839992582798,59090.256226900034
1897,2459089.7591319,301.9845191,34.9184731,1,16.217100143432617,0.05077200010418892,59089.259131900035
1898,2459089.7586574,301.9845011,34.9184638,1,16.24139976501465,0.0478690005838871,59089.25865740003
1899,2459088.7668403,301.9844986,34.9184752,1,16.306100845336914,0.050732001662254333,59088.26684030006
1900,2459088.7663773,301.9845179,34.9184462,1,16.21809959411621,0.09491000324487686,59088.266377300024
1901,2459087.8226389,301.9845345,34.9184316,1,16.296300888061523,0.05898899957537651,59087.32263890002
1902,2459087.8221759,301.9845345,34.9184547,1,16.18910026550293,0.07667600363492966,59087.322175899986
1904,2459086.8077315,301.9845389,34.9184566,1,16.21139907836914,0.06292299926280975,59086.307731499895
1905,2459086.806331,301.9845367,34.9184272,1,16.326400756835938,0.04896000027656555,59086.306330999825
1906,2459084.8262731,301.9845185,34.9184519,1,16.244400024414062,0.05212600156664848,59084.326273099985
1907,2459084.8258102,301.9845237,34.9184448,1,16.260900497436523,0.041207000613212585,59084.32581020007
1908,2459084.7805787,301.9845255,34.9184547,2,14.817399978637695,0.040196001529693604,59084.280578699894
1909,2459084.7801157,301.9845273,34.9184569,2,14.703900337219238,0.07179500162601471,59084.28011569986
1910,2459082.8290972,301.9845076,34.9184319,1,16.194000244140625,0.03937099874019623,59082.329097200185
1911,2459082.8119213,301.984526,34.9184869,1,16.20159912109375,0.05142400041222572,59082.3119212999
1912,2459081.8293981,301.9845313,34.9184442,1,16.21980094909668,0.04215199872851372,59081.3293980998
1913,2459080.8944097,301.9845577,34.9183934,1,16.253599166870117,0.05626099929213524,59080.39440969983
1914,2459080.8939468,301.9845132,34.9184157,1,16.213300704956055,0.06557100266218185,59080.393946799915
1915,2459080.8087616,301.9845271,34.9184557,2,14.793399810791016,0.056400999426841736,59080.30876159994
1916,2459080.808287,301.9845201,34.9183934,2,14.814299583435059,0.04409400001168251,59080.30828699982
1917,2459078.821331,301.98453,34.9184464,2,14.801400184631348,0.03789699822664261,59078.321330999956
1918,2459077.8399769,301.984551,34.9184152,1,16.349000930786133,0.060499001294374466,59077.33997689979
1920,2459076.8740856,301.9845596,34.9184302,2,14.811699867248535,0.006821000017225742,59076.37408560002
1921,2459076.8740856,301.9845255,34.9184211,2,14.727100372314453,0.053654998540878296,59076.37408560002
1923,2459074.8181597,301.9845237,34.9184704,1,15.95359992980957,0.0992949977517128,59074.318159699906
1924,2459074.7950231,301.9845127,34.9184148,2,14.768099784851074,0.04988500103354454,59074.295023099985
1925,2459074.7945602,301.9845129,34.9184352,2,14.986700057983398,0.04777099937200546,59074.29456020007
1926,2459072.9139699,301.9845117,34.9184656,1,16.237600326538086,0.043313998728990555,59072.41396989999
1927,2459071.8734722,301.9845179,34.9184336,2,14.754400253295898,0.03949600085616112,59071.373472199775
1929,2459071.8186921,301.9845193,34.9184441,2,14.752900123596191,0.045510999858379364,59071.31869209977
1930,2459071.8182292,301.9845358,34.9184518,2,14.720399856567383,0.04589400067925453,59071.31822919985
1931,2459071.7441898,301.9845215,34.918446,1,16.23710060119629,0.050144001841545105,59071.24418980023
1932,2459071.7437269,301.9845071,34.918421,1,16.192699432373047,0.05582600086927414,59071.24372689985
1933,2459070.8571528,301.9845188,34.9184463,1,16.284500122070312,0.059101998805999756,59070.357152800076
1934,2459069.9552315,301.9845384,34.9184318,2,14.79889965057373,0.04174000024795532,59069.45523149986
1935,2459069.859919,301.9845218,34.9184756,1,16.24530029296875,0.08485899865627289,59069.35991899995
1936,2459069.8465972,301.9845169,34.9184691,1,16.251100540161133,0.056575000286102295,59069.346597199794
1937,2459068.8671412,301.9845423,34.9184039,2,14.738699913024902,0.041728001087903976,59068.36714120023
1939,2459068.8491898,301.9845365,34.9184607,2,14.772899627685547,0.03866000100970268,59068.34918980021
1940,2459068.714294,301.9845442,34.918433,1,16.341899871826172,0.045134998857975006,59068.21429400006
1941,2459068.7138194,301.9845355,34.9184576,1,16.251300811767578,0.06994400173425674,59068.21381939994
1942,2459067.8933333,301.9844787,34.918474,1,16.238300323486328,0.05653899908065796,59067.39333330002
1943,2459067.8904861,301.9845218,34.9184563,1,16.295700073242188,0.0388059988617897,59067.39048610022
1944,2459066.821169,301.9845297,34.9184689,1,16.26259994506836,0.04438300058245659,59066.32116900012
1945,2459066.820706,301.9845068,34.9184693,1,16.2450008392334,0.058051999658346176,59066.320706000086
1946,2459065.879456,301.9845218,34.9184388,2,14.741399765014648,0.0400019995868206,59065.37945599994
1947,2459065.8789931,301.9845222,34.9184441,2,14.793000221252441,0.03723999857902527,59065.37899310002
1948,2459065.8370139,301.9845368,34.9184453,2,14.75529956817627,0.03477900102734566,59065.337013899814
1949,2459065.8356134,301.984524,34.918461,2,14.79990005493164,0.025268999859690666,59065.33561340021
1950,2459065.7482639,301.9845631,34.9184577,1,16.23419952392578,0.042155999690294266,59065.24826390017
1951,2459065.7478009,301.9845282,34.9184639,1,16.275400161743164,0.0466030016541481,59065.247800900135
1952,2459064.8609259,301.9845225,34.9184086,2,14.818599700927734,0.03589300066232681,59064.36092589982
1953,2459064.860463,301.984505,34.9184286,2,14.800700187683105,0.036740999668836594,59064.3604629999
1954,2459063.8228588,301.9845148,34.918432,2,14.76509952545166,0.04129499942064285,59063.32285880018
1955,2459063.8074884,301.9845551,34.9184204,2,14.808799743652344,0.03830000013113022,59063.30748840002
1956,2459062.9330208,301.9844711,34.9184578,1,16.26759910583496,0.03773700073361397,59062.43302079989
1957,2459062.9107523,301.9845083,34.9184369,1,16.199499130249023,0.06266199797391891,59062.41075230017
1958,2459062.8672338,301.9845203,34.9184502,1,16.329299926757812,0.058733999729156494,59062.36723379977
1960,2459062.7960648,301.9845388,34.9184347,2,14.791299819946289,0.043765000998973846,59062.29606480012
1962,2459060.8382639,301.9845179,34.9184533,1,16.351999282836914,0.05327500030398369,59060.33826390002
1963,2459060.8159954,301.9845656,34.918471,1,16.23200035095215,0.06568200141191483,59060.31599539984
1965,2459060.7685301,301.9845329,34.918415,2,14.84469985961914,0.03823300078511238,59060.26853010012
1966,2459059.8922685,301.98452,34.9184136,1,16.286699295043945,0.04213700070977211,59059.392268499825
1967,2459059.891794,301.9845612,34.9184621,1,16.239099502563477,0.05728200078010559,59059.39179399982
1968,2459059.8693056,301.9845265,34.9184596,2,14.777600288391113,0.03047800064086914,59059.36930559995
1969,2459059.8679051,301.9845261,34.9184427,2,14.698200225830078,0.04672500118613243,59059.367905099876
1970,2459056.8734028,301.9845572,34.9184152,2,14.87339973449707,0.05041100084781647,59056.373402799945
1971,2459055.8937847,301.9845441,34.9184388,1,16.318599700927734,0.037376999855041504,59055.39378469996
1972,2459055.8933218,301.9845253,34.9184125,1,16.222900390625,0.059859998524188995,59055.393321800046
1973,2459055.847581,301.9845497,34.918402,2,14.878800392150879,0.0805400013923645,59055.34758100007
1974,2459054.8300347,301.9845381,34.9184228,2,14.767399787902832,0.032597001641988754,59054.33003470022
1975,2459053.8951273,301.9845259,34.9184138,1,16.26490020751953,0.044234998524188995,59053.39512730017
1977,2459052.8326505,301.9845441,34.918458,1,16.296300888061523,0.05124000087380409,59052.332650499884
1978,2459052.8239583,301.9845457,34.9184457,1,16.23150062561035,0.039698000997304916,59052.323958300054
1979,2459051.8714005,301.9845498,34.9183961,2,14.797499656677246,0.06331899762153625,59051.37140050018
1981,2459049.8311111,301.9845263,34.9184067,1,16.246700286865234,0.08252699673175812,59049.33111110004
1982,2459049.8306481,301.9845217,34.9184713,1,16.284900665283203,0.035096000880002975,59049.3306481
1984,2459046.8421065,301.9845296,34.9184135,1,16.21780014038086,0.050374001264572144,59046.342106500175
1985,2459043.8487269,301.9845193,34.918405,1,16.19179916381836,0.08018399775028229,59043.34872689983
1986,2459043.8406944,301.9845557,34.9184389,1,16.264799118041992,0.0361969992518425,59043.340694400016
1987,2459041.8839005,301.9845146,34.9184436,1,16.2096004486084,0.060617998242378235,59041.3839004999
1988,2459041.8834375,301.9844798,34.9184276,1,16.35110092163086,0.04211600124835968,59041.38343749987
1989,2459040.7622801,301.9845158,34.9183936,1,16.138599395751953,0.0571650005877018,59040.262280100025
1991,2459038.841088,301.9845297,34.9184545,2,14.779800415039062,0.03178799897432327,59038.34108800022
1992,2459038.8406134,301.9845211,34.9184179,2,14.70259952545166,0.05306600034236908,59038.3406134001
1995,2459037.7563657,301.9845691,34.9184206,1,16.27869987487793,0.057739999145269394,59037.25636570016
1996,2459037.7489815,301.9845499,34.918422,1,16.18899917602539,0.05872799828648567,59037.248981500044
1997,2459034.8741551,301.984559,34.9183874,2,14.8326997756958,0.04562300071120262,59034.37415509997
1998,2459034.8731944,301.9845053,34.9183732,2,14.72350025177002,0.05070300027728081,59034.37319440022
1999,2459034.7459491,301.9844958,34.9184708,1,16.307899475097656,0.05545999854803085,59034.24594909977
2000,2459034.7255787,301.9845101,34.918428,1,16.21299934387207,0.049612000584602356,59034.22557870019
2001,2459031.9534144,301.9845547,34.9184533,2,14.824999809265137,0.03571600094437599,59031.45341440011
2002,2459028.9651042,301.9845477,34.918452,2,14.764399528503418,0.039301998913288116,59028.465104199946
2003,2459028.7704282,301.9844941,34.918366,2,14.677499771118164,0.052831001579761505,59028.27042819979
2004,2459025.8220139,301.9845593,34.9184244,1,16.249500274658203,0.04840200021862984,59025.32201390015
2005,2459025.8215394,301.9845349,34.9184563,1,16.106399536132812,0.056825000792741776,59025.321539400145
2006,2459022.8685532,301.9845333,34.9184534,1,16.247900009155273,0.04512400180101395,59022.368553199805
2007,2459022.8540509,301.984587,34.9184096,1,16.194400787353516,0.05525499954819679,59022.354050899856
2008,2459022.7688079,301.9845291,34.9183688,2,14.71720027923584,0.05737200006842613,59022.26880790014
2009,2459020.9782292,301.9845542,34.9183696,2,14.895099639892578,0.07077299803495407,59020.4782292
2010,2459019.8534491,301.984531,34.9184274,1,16.325000762939453,0.0574520006775856,59019.35344910016
2011,2459018.8701852,301.9845629,34.918413,1,16.221900939941406,0.041478998959064484,59018.370185200125
2012,2459016.9781019,301.9845547,34.9183814,2,14.788100242614746,0.05217999964952469,59016.47810189985
2013,2459016.8649074,301.9845132,34.9184476,1,16.20199966430664,0.050794001668691635,59016.36490740022
2014,2459013.9508565,301.9845574,34.9183729,2,14.798999786376953,0.043129999190568924,59013.45085649984
2015,2459013.9503819,301.9845338,34.918431,2,14.77929973602295,0.03181099891662598,59013.450381900184
2016,2459013.8724653,301.9845443,34.9184394,2,14.798399925231934,0.035092998296022415,59013.37246529991
2017,2459013.7412269,301.9845632,34.9183831,1,16.287099838256836,0.04438500106334686,59013.2412268999
2018,2459012.9746528,301.9845134,34.9184849,1,16.207000732421875,0.05958300083875656,59012.47465279978
2019,2459012.8245486,301.9845131,34.9183945,1,16.19540023803711,0.05504800006747246,59012.324548599776
2020,2459012.7910185,301.9845132,34.9183572,2,14.737500190734863,0.05148699879646301,59012.29101849999
2021,2459010.8492477,301.9845347,34.9184669,2,14.773699760437012,0.03900200128555298,59010.34924770007
2022,2459009.8928356,301.9845325,34.9184403,2,14.722700119018555,0.03301500156521797,59009.392835599836
2023,2459009.7786111,301.9844916,34.9184499,1,16.118999481201172,0.05906200036406517,59009.27861109981
2025,2459004.9782755,301.9845299,34.9184834,1,16.208099365234375,0.06769099831581116,59004.47827549977
2026,2459004.965463,301.9845516,34.9184265,1,16.269699096679688,0.0512470006942749,59004.465462999884
2027,2459004.8100926,301.9845665,34.9184,2,14.750800132751465,0.061604999005794525,59004.31009260006
2030,2458997.9479514,301.9845441,34.9184553,2,14.810400009155273,0.05926800146698952,58997.44795140019
2031,2458997.9039236,301.9845379,34.9184471,1,16.13920021057129,0.06131799891591072,58997.40392359998
2032,2458997.9034491,301.9845426,34.918362,1,16.15959930419922,0.06887199729681015,58997.40344909998
2033,2458995.9787847,301.9845431,34.9184148,2,14.794500350952148,0.05777300149202347,58995.478784699924
2034,2458994.9555093,301.9845153,34.9184693,1,16.177799224853516,0.03825199976563454,58994.45550929988
2035,2458994.9271759,301.9845577,34.9184803,1,16.10919952392578,0.07086800038814545,58994.42717589997
2036,2458991.930463,301.9845478,34.9183858,1,16.126399993896484,0.050200000405311584,58991.4304630002
2038,2458985.9761574,301.9845405,34.9184459,2,14.819100379943848,0.04084499925374985,58985.476157399826
2039,2458985.963669,301.9845284,34.9184624,2,14.802800178527832,0.04058799892663956,58985.46366900019
2040,2458985.9428819,301.9845295,34.9184454,1,16.258899688720703,0.05133799836039543,58985.442881899886
2043,2458980.9922454,301.9845272,34.9184575,2,14.775500297546387,0.036694999784231186,58980.49224539986
2044,2458980.9788194,301.9845152,34.9183968,2,14.737099647521973,0.03765200078487396,58980.47881940007
2045,2458980.9327199,301.9845389,34.9184272,1,16.18670082092285,0.05603399872779846,58980.43271989981
2047,2458978.9660301,301.9845639,34.9184041,2,14.7322998046875,0.043313998728990555,58978.466030099895
2048,2458978.9369329,301.9845555,34.9184648,1,16.22480010986328,0.0371830016374588,58978.43693289999
2049,2458977.9932407,301.9845571,34.9184109,2,14.802399635314941,0.05323699861764908,58977.4932407001
2050,2458977.9611458,301.9845061,34.9184158,2,14.746000289916992,0.04132499918341637,58977.46114580007
2052,2458977.881412,301.9845709,34.9184136,1,16.146799087524414,0.11626800149679184,58977.38141199993
2053,2458975.9948264,301.9845502,34.9184659,1,16.398000717163086,0.06251800060272217,58975.49482640019
2054,2458975.9533218,301.9845504,34.9184298,2,14.821499824523926,0.04013900086283684,58975.4533218001
2055,2458974.988831,301.984515,34.9184675,1,16.252500534057617,0.050648000091314316,58974.48883099994
2056,2458974.8665972,301.984485,34.9183894,2,14.714799880981445,0.06420599669218063,58974.36659719981
2057,2458972.9777778,301.9845337,34.9184275,1,16.250699996948242,0.04668600112199783,58972.47777780006
2058,2458971.9439931,301.9845777,34.918457,1,16.204500198364258,0.045246001332998276,58971.443993099965
2059,2458971.9025,301.9845192,34.9183805,2,14.75790023803711,0.03268599882721901,58971.40249999985
2061,2458968.9767593,301.9845598,34.9184016,1,16.140100479125977,0.06383900344371796,58968.4767593001
2062,2458966.9525231,301.9845318,34.91841,1,16.219200134277344,0.0474729984998703,58966.45252310019
2063,2458965.9343981,301.9845338,34.9184464,1,16.183700561523438,0.06792300194501877,58965.43439809978
2064,2458963.9475,301.9845603,34.9184574,1,16.214799880981445,0.03693800047039986,58963.44749999978
2065,2458963.9071181,301.9845291,34.9184802,1,16.235700607299805,0.04584899917244911,58963.40711810021
2066,2458962.9854282,301.9845648,34.9184435,1,16.202299118041992,0.044936999678611755,58962.4854282001
2067,2458962.9646181,301.9845535,34.9184504,2,14.67020034790039,0.05326699838042259,58962.46461809985
2068,2458955.976331,301.9845415,34.9184357,1,16.23710060119629,0.03378999978303909,58955.476331000216
2069,2458955.944919,301.9845762,34.9184157,2,14.767499923706055,0.03017999976873398,58955.444918999914
2070,2458954.9871296,301.9845141,34.9184509,2,14.709500312805176,0.05336900055408478,58954.48712959979
2071,2458954.9297685,301.9845483,34.9184322,1,16.267900466918945,0.0670820027589798,58954.42976849992
2072,2458945.0180903,301.9845608,34.918398,2,14.758999824523926,0.03991900011897087,58944.518090299796
2073,2458945.0176273,301.9845428,34.9183941,2,14.71399974822998,0.04356899857521057,58944.51762730023
2074,2458944.9872569,301.9845629,34.9184357,1,16.255300521850586,0.03850699961185455,58944.48725689994
2075,2458944.986794,301.9845384,34.9184612,1,16.14889907836914,0.06236699968576431,58944.486794000026
2076,2458941.0179745,301.9845161,34.9184694,2,14.647700309753418,0.03975500166416168,58940.51797450008
2077,2458941.0086574,301.9845233,34.9184417,2,14.72700023651123,0.057374000549316406,58940.50865740003
2078,2458940.9960417,301.9845412,34.9184334,1,16.232900619506836,0.04935799911618233,58940.49604169978
2079,2458940.9871644,301.9845966,34.9184618,1,16.152999877929688,0.06948599964380264,58940.48716440005
2081,2458914.0271181,301.9845702,34.9184604,1,16.185100555419922,0.05274999886751175,58913.52711809985
2082,2458913.9899884,301.9845133,34.9183811,2,14.693400382995605,0.03313000127673149,58913.489988400135
2083,2458901.0579398,301.9845686,34.9184254,1,16.24410057067871,0.04769099876284599,58900.55793979997
2084,2458893.0676736,301.9846086,34.918511,1,16.093900680541992,0.060791999101638794,58892.56767359981
2085,2458893.0286111,301.9844914,34.9184347,2,14.760700225830078,0.03890499845147133,58892.52861109981
2086,2458851.6141435,301.9844269,34.9184205,1,16.28219985961914,0.06381499767303467,58851.114143500105
2087,2458851.5799421,301.9844851,34.9184632,2,14.806599617004395,0.05501699820160866,58851.079942100216
2088,2458838.6113194,301.984473,34.918506,1,16.156999588012695,0.05683400109410286,58838.111319399904
2089,2458837.6160648,301.9844863,34.9184532,1,16.284700393676758,0.04424799978733063,58837.11606479995
2090,2458837.5929745,301.98453,34.9184422,2,14.909700393676758,0.0322050005197525,58837.0929744998
2091,2458835.6108912,301.9845399,34.9184955,1,16.029600143432617,0.13445700705051422,58835.11089120014
2092,2458833.622662,301.9845392,34.9184343,1,16.3617000579834,0.05449799820780754,58833.12266199989
2094,2458829.5969444,301.9844605,34.9184434,1,16.246999740600586,0.05766899883747101,58829.09694440011
2095,2458820.6438773,301.9845404,34.9184465,1,16.36549949645996,0.06847099959850311,58820.14387729997
2096,2458820.6420602,301.9845015,34.9184426,1,16.301700592041016,0.05553299933671951,58820.14206020022
2097,2458820.6033218,301.9845027,34.9184652,2,14.645400047302246,0.056720998138189316,58820.10332180001
2098,2458820.6028588,301.9844725,34.9184655,2,14.635299682617188,0.06096300110220909,58820.102858799975
2099,2458814.6326273,301.9845694,34.9184265,2,14.7253999710083,0.05000299960374832,58814.13262729999
2100,2458812.620463,301.984492,34.9184722,1,16.286800384521484,0.07007600367069244,58812.120463000145
2101,2458812.5949421,301.9845905,34.9184671,2,14.797499656677246,0.03860099986195564,58812.09494209988
2102,2458811.6162384,301.9845187,34.918457,2,14.881600379943848,0.050624001771211624,58811.116238399874
2103,2458811.6034491,301.9845604,34.918468,1,16.343000411987305,0.05486899986863136,58811.10344910016
2104,2458811.5783912,301.9845195,34.9184843,1,16.223499298095703,0.05218299850821495,58811.07839119993
2107,2458801.5803472,301.9845069,34.9183825,2,14.897100448608398,0.039278000593185425,58801.080347199924
2108,2458801.5798843,301.9845583,34.9183951,2,14.871100425720215,0.06639999896287918,58801.07988430001
2109,2458797.6582755,301.984533,34.9184441,1,16.369400024414062,0.0604420006275177,58797.15827549994
2110,2458797.6439468,301.9845144,34.918464,1,16.388700485229492,0.061337001621723175,58797.143946799915
2111,2458797.6322685,301.9844809,34.9184574,1,16.201000213623047,0.08367300033569336,58797.13226850005
2113,2458797.590463,301.9845382,34.9184088,2,14.887100219726562,0.08878400176763535,58797.090462999884
2114,2458797.5784838,301.9845325,34.9184339,2,14.85159969329834,0.04855100065469742,58797.07848379994
2115,2458797.5780208,301.984561,34.918435,2,14.888199806213379,0.04573899880051613,58797.078020799905
2116,2458794.6448148,301.9845381,34.9184539,1,16.310699462890625,0.05119900032877922,58794.144814800005
2117,2458794.6308333,301.9844991,34.9184524,1,16.254499435424805,0.05657299980521202,58794.13083329983
2118,2458794.5966088,301.9845035,34.9184306,2,14.82859992980957,0.055114999413490295,58794.09660879988
2120,2458793.5790972,301.9845157,34.9184223,2,14.868499755859375,0.04208400100469589,58793.079097200185
2121,2458791.6433565,301.9845269,34.9184574,1,16.360599517822266,0.05685500055551529,58791.14335650019
2122,2458791.6288773,301.9845097,34.9184815,1,16.19930076599121,0.07406400144100189,58791.12887729984
2123,2458791.5998495,301.9844806,34.9184393,2,14.816499710083008,0.09073500335216522,58791.09984950023
2125,2458791.5829282,301.9845454,34.9184007,2,14.843600273132324,0.04579399898648262,58791.08292819979
2126,2458788.6089468,301.9845383,34.9184703,1,16.261199951171875,0.0524899996817112,58788.10894680023
2127,2458788.6030556,301.9845419,34.9184519,2,14.809499740600586,0.03967000171542168,58788.10305560008
2128,2458788.6025926,301.9845769,34.9184246,2,14.838800430297852,0.04566900059580803,58788.102592600044
2130,2458785.5935532,301.9845354,34.9184642,2,14.793600082397461,0.06013999879360199,58785.0935531999
2131,2458781.6185069,301.9845,34.9184457,1,16.31450080871582,0.039445001631975174,58781.118506900035
2132,2458781.618044,301.9844974,34.9184456,1,16.252700805664062,0.0483740009367466,58781.11804400012
2133,2458781.5960185,301.9846128,34.9183663,2,14.8996000289917,0.05074099823832512,58781.09601850016
2134,2458781.5955671,301.9845617,34.9184074,2,14.773799896240234,0.04984600096940994,58781.095567100216
2135,2458778.6241088,301.9845301,34.918483,1,16.2367000579834,0.05117499828338623,58778.1241088002
2136,2458778.6236458,301.9845163,34.9184478,1,16.218000411987305,0.05262399837374687,58778.123645800166
2138,2458775.6225347,301.9845108,34.9184614,1,16.243600845336914,0.03765200078487396,58775.122534700204
2140,2458771.6158565,301.9845362,34.9184739,1,16.33370018005371,0.07345999777317047,58771.11585649988
2141,2458771.6154051,301.9845236,34.9184518,1,16.318199157714844,0.05379899963736534,58771.11540509993
2144,2458768.7483565,301.9844879,34.9184557,1,16.333999633789062,0.04185299947857857,58768.248356500175
2145,2458768.7478935,301.9844891,34.9184576,1,16.248899459838867,0.061599001288414,58768.24789350014
2146,2458765.7476157,301.9845175,34.9184513,1,16.277700424194336,0.058733001351356506,58765.24761570012
2147,2458764.7078588,301.9844911,34.9184511,1,16.279399871826172,0.05862800031900406,58764.20785879996
2148,2458761.75625,301.9845007,34.9184753,1,16.255699157714844,0.05822199955582619,58761.25625000009
2149,2458761.6303588,301.9845338,34.9184434,2,14.783499717712402,0.04344499856233597,58761.130358799826
2150,2458758.7799769,301.9845175,34.918438,2,14.837499618530273,0.03899500146508217,58758.2799769002
2151,2458758.7795255,301.9845297,34.9184415,2,14.855199813842773,0.037987999618053436,58758.27952549979
2152,2458754.7652431,301.9845079,34.9184815,1,16.24180030822754,0.06796500086784363,58754.2652431
2154,2458754.6355093,301.9845378,34.9184412,2,14.880399703979492,0.03816799819469452,58754.135509300046
2155,2458749.7659144,301.9845563,34.9184057,2,14.916999816894531,0.06687500327825546,58749.26591440011
2156,2458749.7654514,301.9845126,34.9184371,2,14.85770034790039,0.03816499933600426,58749.265451400075
2157,2458745.8383449,301.9845259,34.9184155,2,14.868399620056152,0.05541500076651573,58745.33834489994
2158,2458745.7069097,301.9845083,34.9184725,1,16.313499450683594,0.039292000234127045,58745.20690969983
2159,2458745.7064468,301.9845173,34.9184622,1,16.32900047302246,0.039076000452041626,58745.206446799915
2161,2458742.6304167,301.9845108,34.9184574,1,16.318700790405273,0.04315299913287163,58742.13041670015
2164,2458739.6272917,301.9845214,34.9184437,1,16.34980010986328,0.07724899798631668,58739.12729169987
2165,2458737.8011111,301.9845428,34.9184367,1,16.373199462890625,0.04712099954485893,58737.301111099776
2166,2458737.8006481,301.9844949,34.9184457,1,16.249900817871094,0.05442199856042862,58737.30064810021
2167,2458737.779537,301.9845517,34.918418,2,14.876700401306152,0.029534000903367996,58737.27953700023
2168,2458737.7790856,301.9845085,34.9184213,2,14.838700294494629,0.04506099969148636,58737.27908559982
2169,2458736.7882176,301.9845341,34.9184388,1,16.43440055847168,0.05253700166940689,58736.28821759997
2170,2458736.7644676,301.9845332,34.9184039,2,14.881799697875977,0.043014999479055405,58736.2644675998
2173,2458735.7781713,301.9844923,34.9184618,1,16.27790069580078,0.06370499730110168,58735.27817129996
2174,2458735.7542708,301.9845417,34.9184327,2,14.950699806213379,0.04421599954366684,58735.254270799924
2175,2458735.7538079,301.9845036,34.9183642,2,14.895000457763672,0.05206499993801117,58735.25380790001
2176,2458734.7800463,301.9845029,34.9184474,1,16.473499298095703,0.05521799996495247,58734.28004630003
2177,2458734.7795833,301.9845083,34.9184702,1,16.24720001220703,0.06542299687862396,58734.2795833
2179,2458734.7551157,301.9845303,34.9183729,2,14.965200424194336,0.03508099913597107,58734.255115699954
2181,2458733.7783333,301.9845384,34.918449,1,16.207500457763672,0.07028800249099731,58733.27833329979
2182,2458733.7542593,301.9845566,34.9184306,2,14.878000259399414,0.036928001791238785,58733.25425929995
2185,2458732.7787731,301.9844903,34.9184355,1,16.498300552368164,0.061202000826597214,58732.278773100115
2186,2458732.7546528,301.9845553,34.9184062,2,14.952500343322754,0.0593390017747879,58732.25465280004
2187,2458732.7542014,301.9849882,34.9183778,2,14.824899673461914,0.03947500139474869,58732.254201400094
2188,2458730.7807176,301.9845305,34.9184259,1,16.605899810791016,0.06763699650764465,58730.28071760014
2189,2458730.7802546,301.984539,34.9184181,1,16.24920082092285,0.08653700351715088,58730.280254600104
2190,2458730.7557292,301.9845141,34.9183804,2,14.938400268554688,0.048569999635219574,58730.25572919985
2192,2458727.8039931,301.9845002,34.9183489,1,16.2367000579834,0.09301699697971344,58727.303993099835
2193,2458727.7801968,301.9845234,34.9184352,2,14.938799858093262,0.03621499985456467,58727.2801967999
2195,2458726.7815856,301.9844998,34.9184406,1,16.426599502563477,0.033868998289108276,58726.28158560023
2196,2458726.7811227,301.9846111,34.9185186,1,16.258499145507812,0.08541800081729889,58726.281122699846
2197,2458726.7553588,301.9845571,34.9184055,2,15.041099548339844,0.0443280003964901,58726.255358799826
2198,2458726.7548958,301.9845237,34.9183643,2,14.962499618530273,0.04248499870300293,58726.25489579979
2199,2458725.7796991,301.9845282,34.9184223,1,16.271099090576172,0.07005199790000916,58725.27969910018
2201,2458724.8049074,301.9845244,34.9184396,1,16.436399459838867,0.058921001851558685,58724.30490740016
2202,2458724.8044444,301.9845058,34.9184691,1,16.259300231933594,0.1020520031452179,58724.30444440013
2203,2458724.7803935,301.9845319,34.9184406,2,14.939299583435059,0.03263000026345253,58724.28039349988
2206,2458723.8044097,301.9844994,34.9184581,1,16.270200729370117,0.10814700275659561,58723.30440969998
2208,2458723.7798611,301.9844906,34.9182717,2,14.983499526977539,0.04583200067281723,58723.27986110002
2209,2458722.7817708,301.984431,34.9184692,1,16.442699432373047,0.055697001516819,58722.281770799775
2210,2458722.7813079,301.9845186,34.9184111,1,16.211299896240234,0.07945899665355682,58722.28130789986
2211,2458722.7555208,301.9845626,34.9183432,2,15.161100387573242,0.07989200204610825,58722.25552080013
2212,2458722.7550579,301.9844692,34.9182907,2,14.986599922180176,0.03726600110530853,58722.25505790021
2213,2458722.7550579,301.9845112,34.9184359,2,14.978699684143066,0.008194999769330025,58722.25505790021
2215,2458721.7819676,301.9844322,34.9185255,1,16.109600067138672,0.2949390113353729,58721.281967599876
2216,2458721.7555787,301.9845452,34.9183904,2,14.912799835205078,0.06880000233650208,58721.25557869999
2217,2458721.7551157,301.9844874,34.9184228,2,15.053099632263184,0.046870000660419464,58721.255115699954
2218,2458720.8019907,301.9845374,34.918429,1,16.48870086669922,0.05478899925947189,58720.301990699954
2219,2458720.8015278,301.9845133,34.9184669,1,16.297500610351562,0.09713699668645859,58720.30152780004
2220,2458720.7763657,301.9845251,34.9184429,2,14.982399940490723,0.049430001527071,58720.27636570018
2221,2458720.7759028,301.9845103,34.9184221,2,15.020000457763672,0.04276899993419647,58720.275902799796
2222,2458719.7825231,301.9845232,34.9184835,1,16.319400787353516,0.04101099818944931,58719.2825230998
2223,2458719.7820602,301.9845707,34.9184203,1,16.26409912109375,0.06211400032043457,58719.28206019988
2224,2458719.7556134,301.9845439,34.9183735,2,14.886099815368652,0.06994800269603729,58719.255613400135
2225,2458719.7551505,301.9845079,34.9183721,2,14.980600357055664,0.02530200034379959,58719.25515050022
2226,2458718.8028704,301.9845154,34.9184246,1,16.375900268554688,0.04340299963951111,58718.302870399784
2227,2458718.8024074,301.9845372,34.9184186,1,16.199399948120117,0.07051900029182434,58718.30240740022
2228,2458718.7766551,301.9845236,34.9183971,2,14.873499870300293,0.03631399944424629,58718.27665509982
2230,2458717.7818634,301.9845241,34.9184414,1,16.335599899291992,0.03884800150990486,58717.28186339978
2231,2458717.7814005,301.9845209,34.9183815,1,16.241199493408203,0.08842200040817261,58717.281400499865
2232,2458717.7549306,301.984499,34.9183828,2,14.850600242614746,0.03343600034713745,58717.25493060006
2233,2458716.8023727,301.9845328,34.9184564,1,16.385900497436523,0.04267999902367592,58716.30237270007
2234,2458716.8019213,301.9845081,34.9183648,1,16.195999145507812,0.06778699904680252,58716.301921300124
2235,2458716.7764468,301.9845429,34.9184522,2,14.896599769592285,0.03639499843120575,58716.27644680021
2236,2458716.7759954,301.9845054,34.918392,2,14.864800453186035,0.03142400085926056,58716.2759953998
2237,2458715.7819329,301.9845239,34.9184652,1,16.285400390625,0.06133199855685234,58715.281932900194
2238,2458715.7814815,301.9845297,34.9184581,1,16.1875,0.07569800317287445,58715.281481499784
2239,2458715.7555787,301.9846063,34.9183401,2,14.876099586486816,0.09045899659395218,58715.25557869999
2241,2458714.6972685,301.9845641,34.918424,1,16.303699493408203,0.08377300202846527,58714.19726849999
2242,2458714.6968056,301.9845627,34.9184184,1,16.20319938659668,0.08174899965524673,58714.19680560008
2244,2458714.6713194,301.984534,34.9183862,2,14.880999565124512,0.007575000170618296,58714.17131939996
2245,2458713.7054745,301.9845204,34.9185034,1,16.128700256347656,0.05850600078701973,58713.20547450008
2246,2458713.7050231,301.9845418,34.9184564,1,16.145999908447266,0.05053799971938133,58713.205023100134
2248,2458713.6710069,301.9845058,34.9185016,2,14.28849983215332,0.08319699764251709,58713.17100689979
2249,2458711.6967014,301.9845308,34.9184445,1,16.35569953918457,0.05643400177359581,58711.19670139998
2250,2458711.6962384,301.9845551,34.9184461,1,16.53660011291504,0.06424299627542496,58711.19623839995
2251,2458711.6716204,301.984535,34.9184267,2,14.936699867248535,0.06093800067901611,58711.17162040016
2252,2458711.6711574,301.9845323,34.9184541,2,14.949899673461914,0.04996800050139427,58711.171157400124
2253,2458710.6973148,301.9845394,34.9184595,1,16.358600616455078,0.055052999407052994,58710.19731480023
2254,2458710.6968519,301.9845485,34.9184058,1,16.19499969482422,0.08094199746847153,58710.19685189985
2255,2458710.6718287,301.9845431,34.9184506,2,14.859000205993652,0.03453199937939644,58710.17182870023
2257,2458709.7451852,301.9845192,34.9184801,1,16.330900192260742,0.052990999072790146,58709.245185200125
2258,2458709.7388542,301.9845098,34.9184405,1,16.349700927734375,0.058816999197006226,58709.23885420011
2260,2458709.7091551,301.9845068,34.9183645,2,14.84179973602295,0.06406699866056442,58709.20915509993
2261,2458708.7454398,301.9845175,34.9184497,1,16.32990074157715,0.05441400036215782,58708.24543979997
2262,2458708.7391667,301.9845311,34.9184442,1,16.234600067138672,0.07312200218439102,58708.239166699816
2263,2458708.7152662,301.9845412,34.9184298,2,14.8996000289917,0.04470499977469444,58708.21526619978
2264,2458708.7095023,301.984515,34.918375,2,14.826399803161621,0.0466499999165535,58708.20950229978
2265,2458707.7439931,301.9845242,34.9184732,1,16.37150001525879,0.060343001037836075,58707.24399309978
2266,2458707.7378125,301.9845324,34.9184577,1,16.409299850463867,0.05482200160622597,58707.23781249998
2268,2458707.7080324,301.9845128,34.9184087,2,14.857099533081055,0.05854199826717377,58707.20803239988
2269,2458706.7471296,301.9845339,34.9184573,1,16.417200088500977,0.045271001756191254,58706.24712960003
2270,2458706.7409259,301.9845067,34.9184338,1,16.37619972229004,0.06417500227689743,58706.24092590017
2271,2458706.7168519,301.9845388,34.9183728,2,14.980799674987793,0.058070000261068344,58706.216851899866
2272,2458706.7111343,301.9844329,34.9183412,2,14.894100189208984,0.09927800297737122,58706.2111343001
2273,2458705.7439931,301.9845276,34.9184586,1,16.30769920349121,0.04976600036025047,58705.24399309978
2274,2458705.7379282,301.9845259,34.9184497,1,16.365299224853516,0.06310500204563141,58705.23792820005
2275,2458705.7141204,301.9845407,34.9184071,2,14.911100387573242,0.049125999212265015,58705.21412040014
2276,2458705.7084491,301.9844972,34.9183819,2,14.947500228881836,0.0470380000770092,58705.208449100144
2277,2458704.8238079,301.9845342,34.9184654,1,16.315799713134766,0.05317499861121178,58704.32380789984
2278,2458704.8177778,301.9845236,34.9184645,1,16.222400665283203,0.05910699814558029,58704.31777779991
2280,2458704.7910417,301.9845408,34.9184131,2,14.858699798583984,0.045816998928785324,58704.29104170017
2282,2458703.8222685,301.9845304,34.9184566,1,16.28019905090332,0.07818000018596649,58703.32226849999
2283,2458703.8029514,301.9845414,34.9184139,2,15.01159954071045,0.047157999128103256,58703.30295140017
2285,2458702.8279514,301.9845476,34.9184261,1,16.340099334716797,0.04640299826860428,58702.327951400075
2287,2458701.8288426,301.9845256,34.9184418,1,16.388399124145508,0.04875199869275093,58701.328842599876
2288,2458701.8227546,301.9845234,34.9184787,1,16.31279945373535,0.07209599763154984,58701.322754600085
2290,2458701.7953009,301.9845795,34.9183576,2,14.949799537658691,0.03237299993634224,58701.295300900005
2291,2458700.8255208,301.9845128,34.9184277,1,16.285200119018555,0.03733599931001663,58700.32552079996
2292,2458700.8193056,301.9844815,34.9184837,1,16.244600296020508,0.09917300194501877,58700.31930560013
2293,2458700.7987731,301.9845807,34.9184191,2,14.966699600219727,0.07710500061511993,58700.298773100134
2294,2458699.8289352,301.9845229,34.9184629,1,16.26460075378418,0.051851000636816025,58699.32893519988
2295,2458699.8227431,301.9845191,34.9184625,1,16.281200408935547,0.06856799870729446,58699.322743100114
2297,2458699.7951273,301.9845299,34.9184321,2,14.883600234985352,0.03346199914813042,58699.29512730008
2298,2458698.8289815,301.984556,34.9184684,1,16.39189910888672,0.054625000804662704,58698.32898150012
2299,2458698.8227199,301.9845564,34.9184448,1,16.252099990844727,0.0634320005774498,58698.32271989994
2300,2458698.7950347,301.9844676,34.9184717,2,14.774499893188477,0.029329000040888786,58698.29503470007
2302,2458697.8137037,301.9845508,34.9182336,2,14.99020004272461,0.008080000057816505,58697.31370369997
2303,2458696.8272222,301.9845089,34.9184183,1,16.341800689697266,0.045740000903606415,58696.32722220011
2304,2458696.820787,301.9845106,34.9184612,1,16.317800521850586,0.08188299834728241,58696.320787000004
2305,2458696.7995949,301.9845392,34.9184155,2,14.96969985961914,0.07001099735498428,58696.299594900105
2307,2458695.8261806,301.9844975,34.9184622,1,16.299800872802734,0.0583610013127327,58695.326180600096
2308,2458695.8196296,301.9845062,34.9184545,1,16.26759910583496,0.05510900169610977,58695.319629599806
2309,2458695.7983218,301.9845518,34.9184248,2,14.932499885559082,0.036316998302936554,58695.29832179984
2310,2458695.7915278,301.9846937,34.9181564,2,14.932499885559082,0.008880999870598316,58695.291527799796
2312,2458694.8430324,301.9845253,34.9184386,2,14.883399963378906,0.031339000910520554,58694.343032400124
2313,2458694.8187269,301.9845176,34.9184525,1,16.3031005859375,0.05436599999666214,58694.318726900034
2314,2458694.8182755,301.9845451,34.9183865,1,16.319400787353516,0.08680299669504166,58694.31827550009
2315,2458693.8476968,301.9844977,34.9184878,2,14.890600204467773,0.0684489980340004,58693.347696799785
2317,2458693.8239699,301.9844884,34.9184429,1,16.346599578857422,0.04145999997854233,58693.32396990014
2318,2458693.8060185,301.9845403,34.9184571,1,16.356599807739258,0.05463099852204323,58693.30601850012
2321,2458691.8606366,301.984567,34.9184555,2,14.9822998046875,0.04242200031876564,58691.36063659983
2322,2458691.8264236,301.9845608,34.9184788,1,16.302600860595703,0.06459099799394608,58691.32642359985
2324,2458690.8433218,301.9845052,34.9183569,2,14.952500343322754,0.008113999851047993,58690.34332180023
2325,2458690.8428704,301.9845796,34.9184035,2,15.140700340270996,0.07254800200462341,58690.34287039982
2326,2458690.8008565,301.9845009,34.9184079,1,16.295700073242188,0.08238299936056137,58690.30085649993
2327,2458690.7899653,301.9845421,34.9184077,1,16.36479949951172,0.05995199829339981,58690.28996529989
2328,2458688.8774769,301.9845654,34.9184069,2,15.086199760437012,0.05769599974155426,58688.377476899885
2330,2458685.8825347,301.984517,34.9184546,1,16.446399688720703,0.05764000117778778,58685.38253469998
2331,2458685.8766088,301.9845338,34.9184441,1,16.39929962158203,0.0432329997420311,58685.37660880014
2332,2458685.8585069,301.9845369,34.9184341,2,15.037400245666504,0.044617000967264175,58685.35850689979
2333,2458685.8521181,301.984498,34.9184052,2,15.003999710083008,0.06262200325727463,58685.35211810004
2334,2458684.7847454,301.9845548,34.9184185,1,16.39780044555664,0.041776999831199646,58684.28474539984
2335,2458684.7789352,301.9845462,34.9184087,1,16.458200454711914,0.06139799952507019,58684.27893520007
2336,2458684.7558102,301.9845781,34.9184422,2,15.034899711608887,0.036722999066114426,58684.25581019977
2337,2458684.7502546,301.9845301,34.9184139,2,15.02180004119873,0.044047001749277115,58684.25025459984
2338,2458683.7950694,301.9844848,34.9184932,1,16.15290069580078,0.03402300179004669,58683.29506940022
2340,2458683.7657523,301.9845695,34.9183617,2,15.071499824523926,0.04728899896144867,58683.265752300154
2341,2458683.760162,301.9845291,34.9183608,2,15.052300453186035,0.05874200165271759,58683.26016200008
2342,2458683.736875,301.9844903,34.9184329,2,15.051799774169922,0.04395199939608574,58683.236874999944
2343,2458683.7314699,301.9844767,34.9183529,2,15.02649974822998,0.05683999881148338,58683.23146989988
2344,2458682.9715046,301.9845197,34.9184604,1,16.523799896240234,0.06469500064849854,58682.47150459979
2347,2458682.7231713,301.9845091,34.9184628,1,16.386899948120117,0.08844999969005585,58682.22317129979
2348,2458681.7251852,301.984569,34.9184645,1,16.382999420166016,0.07588600367307663,58681.225185200106
2349,2458681.7247338,301.9845832,34.9184692,1,16.42970085144043,0.05419899895787239,58681.22473380016
2350,2458680.9500579,301.984491,34.9184796,1,16.54509925842285,0.04989900067448616,58680.450057900045
2351,2458680.9495949,301.984504,34.9184434,1,16.440799713134766,0.05431399866938591,58680.44959490001
2352,2458680.8249074,301.9844862,34.9184364,2,15.104599952697754,0.04515400156378746,58680.32490740018
2353,2458680.824456,301.9845251,34.9184448,2,15.119799613952637,0.053807999938726425,58680.32445599977
2354,2458679.9796065,301.9845341,34.9184344,2,15.118000030517578,0.0455470010638237,58679.479606499895
2355,2458679.8427894,301.9845078,34.9184425,1,16.520000457763672,0.05315399914979935,58679.3427893999
2358,2458678.9654167,301.9845755,34.9183868,2,15.065699577331543,0.05503999814391136,58678.46541670011
2360,2458677.7861806,301.9845044,34.9183286,2,14.993800163269043,0.042757999151945114,58677.28618060006
2362,2458676.7797917,301.9845463,34.9184054,2,15.105199813842773,0.035082001239061356,58676.27979170019
2363,2458676.7793287,301.9844834,34.9183707,2,14.980600357055664,0.06267800182104111,58676.279328700155
2365,2458675.7820718,301.9845771,34.9184068,2,15.168399810791016,0.0563259981572628,58675.28207179997
2367,2458674.9316782,301.9845122,34.9184395,1,16.57859992980957,0.0539110004901886,58674.43167820014
2368,2458674.8059144,301.9845361,34.9184284,2,15.115400314331055,0.04341999813914299,58674.305914400145
2370,2458673.8542014,301.9845258,34.91848,1,16.605899810791016,0.04663499817252159,58673.35420140019
2371,2458672.8398843,301.9845308,34.9184364,1,16.683500289916992,0.04116800054907799,58672.339884299785
2373,2458671.9482755,301.9845183,34.9183902,1,16.038999557495117,0.4290669858455658,58671.44827549998
2374,2458670.9221296,301.9845222,34.9183861,1,16.60770034790039,0.0874280035495758,58670.42212959984
2375,2458670.9216782,301.9845172,34.9184591,1,16.735300064086914,0.05335099995136261,58670.4216781999
2378,2458669.946331,301.9845379,34.9184282,1,16.811899185180664,0.06566300243139267,58669.446330999956
2379,2458669.9458796,301.9845156,34.9184362,1,16.71430015563965,0.0890130028128624,58669.44587960001
2380,2458669.9061806,301.9844936,34.9183677,2,15.23859977722168,0.08116400241851807,58669.40618060017
2381,2458669.9057176,301.9845415,34.9184148,2,15.278499603271484,0.09500099718570709,58669.40571760014
2382,2458668.8424653,301.9845432,34.9184465,2,15.341500282287598,0.04270099848508835,58668.34246530011
2383,2458668.8420023,301.9845091,34.9183656,2,15.27929973602295,0.05996999889612198,58668.34200230008
2384,2458668.8041667,301.9845302,34.9184728,1,16.807600021362305,0.023858999833464622,58668.304166700225
2385,2458668.8041667,301.9846689,34.9182294,1,16.797199249267578,0.05776200070977211,58668.304166700225
2386,2458668.8037037,301.9845596,34.918408,1,16.785400390625,0.08126500248908997,58668.30370370019
2387,2458667.9241898,301.9845035,34.9184618,1,16.77560043334961,0.10625199973583221,58667.42418979993
2388,2458667.9237269,301.9845303,34.9184234,1,16.805700302124023,0.06513399630784988,58667.423726900015
2390,2458667.8122454,301.9845488,34.9184025,2,15.293000221252441,0.03541399911046028,58667.31224540016
2391,2458666.9667014,301.9845133,34.9184493,1,16.79490089416504,0.06520900130271912,58666.4667014
2392,2458666.9662384,301.9845355,34.9184619,1,16.723100662231445,0.09941799938678741,58666.46623839997
2393,2458666.8467245,301.9844961,34.9183449,2,15.34280014038086,0.05520499870181084,58666.34672449995
2395,2458665.964456,301.9844894,34.9184887,1,16.826799392700195,0.0652099996805191,58665.4644559999
2396,2458665.9263889,301.9845297,34.9184499,2,15.285300254821777,0.05175599828362465,58665.426388899796
2397,2458665.9259375,301.9845034,34.9183607,2,15.278599739074707,0.0468129999935627,58665.42593749985
2398,2458665.7445139,301.9844829,34.918399,1,16.67259979248047,0.1419849991798401,58665.24451390002
2399,2458663.9556366,301.9845475,34.91845,1,16.840099334716797,0.05994600057601929,58663.45563660003
2400,2458663.9551736,301.9845161,34.918473,1,16.82699966430664,0.08407799899578094,58663.4551736
2403,2458662.9318056,301.9845503,34.9184414,1,16.806900024414062,0.07976199686527252,58662.43180559995
2404,2458662.9313426,301.9845393,34.918429,1,16.832000732421875,0.0665690004825592,58662.43134259991
2405,2458662.8275579,301.984565,34.9184281,2,15.390299797058105,0.04015599936246872,58662.32755789999
2407,2458661.9543634,301.9845176,34.9184771,1,16.90489959716797,0.07468099892139435,58661.45436340012
2408,2458661.9539005,301.984513,34.9184588,1,16.891300201416016,0.07988099753856659,58661.4539005002
2409,2458661.839375,301.9845492,34.9184128,2,15.48799991607666,0.04110100120306015,58661.33937499998
2412,2458660.8501505,301.9845439,34.9184079,1,17.015100479125977,0.08951400220394135,58660.35015049996
2413,2458658.9787963,301.9844434,34.9184869,1,17.17620086669922,0.05798700079321861,58658.47879630001
2414,2458658.9549421,301.9844937,34.9184662,1,17.055099487304688,0.12304499745368958,58658.454942100216
2415,2458658.8866435,301.9845533,34.9183969,2,15.559200286865234,0.04237600043416023,58658.38664350007
2417,2458657.9023495,301.9845815,34.9183795,2,15.621700286865234,0.05487800016999245,58657.402349499986
2418,2458655.8801042,301.9845994,34.9184626,2,15.689599990844727,0.05357800051569939,58655.38010419998
2419,2458655.8796412,301.9845353,34.9184409,2,15.704299926757812,0.05863400176167488,58655.37964119995
2420,2458655.7987384,301.9846372,34.9184507,1,17.282100677490234,0.0685650035738945,58655.298738399986
2421,2458655.7915856,301.9846181,34.9185143,1,17.119800567626953,0.10413499921560287,58655.2915856
2422,2458654.8991319,301.9844773,34.9184303,2,15.74940013885498,0.05013599991798401,58654.399131900165
2423,2458654.898669,301.9846476,34.918157,2,15.799200057983398,0.09432700276374817,58654.398668999784
2424,2458654.898669,301.9845151,34.9184301,2,15.72819995880127,0.0168210007250309,58654.398668999784
2425,2458654.8158565,301.9845999,34.9185165,1,17.06220054626465,0.10589700192213058,58654.31585650006
2426,2458653.9326505,301.984585,34.9183557,2,15.811800003051758,0.04162200167775154,58653.43265049998
2427,2458653.9223958,301.9845161,34.9184473,2,15.801899909973145,0.0889350026845932,58653.422395799775
2428,2458653.8951736,301.9845676,34.9184852,1,17.385499954223633,0.08660200238227844,58653.39517359994
2429,2458653.8623843,301.9845401,34.9184852,1,17.374000549316406,0.07261200249195099,58653.36238430021
2430,2458652.9792708,301.9844906,34.9185009,1,17.395000457763672,0.08627700060606003,58652.47927080002
2431,2458652.9788079,301.9845082,34.9185203,1,17.488399505615234,0.08305499702692032,58652.4788079001
2432,2458652.9354861,301.98452,34.9184943,2,15.845800399780273,0.05567200109362602,58652.43548610015
2433,2458652.9233449,301.9845283,34.9183502,2,15.850199699401855,0.06271199882030487,58652.4233448999
2434,2458652.9233449,301.9845227,34.9184489,2,15.792400360107422,0.017559999600052834,58652.4233448999
2435,2458651.9255787,301.9845579,34.918468,2,15.791299819946289,0.01823600009083748,58651.42557869991
2436,2458651.9255787,301.9845907,34.9183478,2,15.810700416564941,0.0812940001487732,58651.42557869991
2437,2458651.8350463,301.9844607,34.9184769,2,15.628100395202637,0.14095400273799896,58651.3350463002
2438,2458650.9620833,301.9845942,34.9184992,1,17.36829948425293,0.1629980057477951,58650.46208330011
2439,2458650.9616204,301.9845429,34.9184936,1,17.550199508666992,0.05928000062704086,58650.461620400194
2440,2458650.9616204,301.984498,34.9184195,1,17.566499710083008,0.09202700108289719,58650.461620400194
2441,2458650.840162,301.9845571,34.9183997,2,15.817500114440918,0.05611399933695793,58650.34016200015
2442,2458650.8396991,301.9845239,34.9182762,2,15.656399726867676,0.08867999911308289,58650.33969909977
2443,2458650.8396991,301.9845408,34.9184453,2,15.742500305175781,0.01724099926650524,58650.33969909977
2444,2458649.798287,301.9846708,34.9183871,2,15.758199691772461,0.06878499686717987,58649.29828700004
2445,2458649.798287,301.9845936,34.9185071,2,15.714300155639648,0.0173140000551939,58649.29828700004
2446,2458649.7978241,301.9845358,34.9184526,2,15.762200355529785,0.018154999241232872,58649.297824100126
2447,2458647.879375,301.9845205,34.9184848,1,17.37019920349121,0.08099199831485748,58647.37937500002
2449,2458647.7955787,301.984543,34.9184579,2,15.61989974975586,0.07840699702501297,58647.295578700025
2450,2458646.9793403,301.9845409,34.9185043,2,15.592900276184082,0.09064599871635437,58646.479340299964
2452,2458646.9079282,301.9844778,34.9184863,1,17.235300064086914,0.08011200278997421,58646.40792819997
2453,2458646.9074769,301.9845911,34.9183649,1,17.25469970703125,0.07489600032567978,58646.407476900145
2454,2458646.9074769,301.9845961,34.9184891,1,17.257099151611328,0.03935699909925461,58646.407476900145
2455,2458645.9784954,301.984587,34.9185019,2,15.690500259399414,0.11559399962425232,58645.47849539993
2456,2458645.9780324,301.984482,34.9184557,2,15.621700286865234,0.049017999321222305,58645.4780323999
2458,2458645.9242477,301.9845235,34.9184753,1,17.38640022277832,0.08144000172615051,58645.42424769979
2459,2458644.9647106,301.9844994,34.9183741,2,15.52280044555664,0.060975998640060425,58644.46471060021
2461,2458644.9252778,301.9844973,34.9184642,1,17.37700080871582,0.08176799863576889,58644.42527779983
2462,2458644.9248148,301.9844861,34.9184667,1,17.4060001373291,0.11581700295209885,58644.4248147998
2463,2458643.9623148,301.9845947,34.9183963,2,15.599300384521484,0.05513399839401245,58643.462314799894
2464,2458643.8045602,301.9845442,34.9184369,2,15.534099578857422,0.08162800222635269,58643.304560199846
2466,2458642.9444907,301.984551,34.9183711,2,15.55780029296875,0.05574600026011467,58642.44449070003
2467,2458642.9304977,301.9846506,34.9183718,1,17.318700790405273,0.09345299750566483,58642.43049769988
2468,2458642.9304977,301.9845446,34.9184592,1,17.347000122070312,0.03520499914884567,58642.43049769988
2469,2458642.9029167,301.9844995,34.9184514,1,17.304899215698242,0.11486999690532684,58642.40291670011
2471,2458641.9625116,301.9845594,34.9183726,2,15.581899642944336,0.05591500177979469,58641.462511599995
2472,2458641.9215509,301.9845531,34.9184698,1,17.228300094604492,0.060715001076459885,58641.42155090021
2476,2458640.9504514,301.9844976,34.9184889,1,17.30109977722168,0.03548099845647812,58640.45045140013
2477,2458640.9504514,301.9846163,34.9182588,1,17.300899505615234,0.09802500158548355,58640.45045140013
2479,2458639.9417014,301.9845521,34.9184237,1,17.22410011291504,0.08918099850416183,58639.441701400094
2480,2458639.9195833,301.9845848,34.9183319,1,17.295799255371094,0.07152999937534332,58639.41958330013
2481,2458639.9195833,301.984511,34.9184783,1,17.205699920654297,0.031043000519275665,58639.41958330013
2482,2458639.9081134,301.9845505,34.9184462,2,15.522600173950195,0.037067998200654984,58639.408113399986
2484,2458638.9796991,301.984518,34.918438,2,15.437399864196777,0.05073900148272514,58638.4796990999
2485,2458638.9646296,301.9845497,34.9184105,2,15.333200454711914,0.05244399979710579,58638.464629599825
2486,2458637.9537037,301.9845279,34.9184523,1,17.074899673461914,0.07301399856805801,58637.4537037001
2487,2458637.9241204,301.9845999,34.9183557,2,15.517600059509277,0.058945998549461365,58637.4241204001
2489,2458636.9074537,301.9845688,34.9183862,2,15.46969985961914,0.03661400079727173,58636.40745369997
2490,2458636.9070023,301.9845062,34.9183591,2,15.411999702453613,0.05126800015568733,58636.407002300024
2491,2458635.9779977,301.9844903,34.9184321,1,17.1033992767334,0.07926999777555466,58635.47799770022
2492,2458635.9610995,301.9844973,34.9184653,1,17.183000564575195,0.0732249990105629,58635.46109949984
2494,2458635.8914236,301.9844946,34.918378,2,15.356200218200684,0.08092699944972992,58635.391423599795
2496,2458634.9493056,301.98447,34.9184671,1,17.00979995727539,0.09428399801254272,58634.44930560002
2499,2458633.9453935,301.984501,34.9184603,1,17.035200119018555,0.09190800040960312,58633.44539349992
2500,2458633.9449306,301.9845092,34.9184307,1,17.112899780273438,0.050905998796224594,58633.4449306
2501,2458633.9257986,301.9845706,34.9183998,2,15.40999984741211,0.06877800077199936,58633.425798600074
2502,2458633.9253472,301.9844802,34.9183589,2,15.376999855041504,0.050808001309633255,58633.42534720013
2504,2458632.9653935,301.9845116,34.9184122,2,15.270999908447266,0.061650000512599945,58632.46539349994
2506,2458632.936713,301.9845402,34.9184306,1,16.948200225830078,0.05836400017142296,58632.43671299983
2508,2458628.9433565,301.9845084,34.9184521,1,16.9507999420166,0.0661809965968132,58628.44335650001
2509,2458628.9074421,301.9845583,34.9183857,2,15.254799842834473,0.03936300054192543,58628.40744209988
2510,2458627.9821875,301.9844918,34.9184646,1,16.9148006439209,0.08506499975919724,58627.48218750022
2511,2458627.8998843,301.9845266,34.9183718,2,15.249300003051758,0.010369000025093555,58627.39988429984
2512,2458619.9349653,301.9845312,34.9184584,2,15.055899620056152,0.03810599818825722,58619.43496529991
2513,2458619.9147222,301.9845557,34.9184144,2,15.250100135803223,0.04277300089597702,58619.41472220002
2514,2458618.8836343,301.9845417,34.9183984,2,15.341500282287598,0.04146699979901314,58618.38363429997
2515,2458618.8831713,301.9844978,34.9184345,2,15.332200050354004,0.032715000212192535,58618.38317129994
2516,2458617.9867014,301.9845472,34.9184486,2,15.206999778747559,0.06255800276994705,58617.48670140002
2517,2458617.9862384,301.984501,34.9183658,2,15.164400100708008,0.03952199965715408,58617.486238399986
2518,2458617.9566435,301.9845238,34.9184519,1,16.65559959411621,0.11096800118684769,58617.4566434999
2519,2458617.9561806,301.9845375,34.9184624,1,16.769399642944336,0.053943999111652374,58617.456180599984
2522,2458608.9753009,301.984521,34.9184138,2,15.261199951171875,0.02877799980342388,58608.47530090017
2523,2458608.974838,301.9845655,34.9183956,2,15.414199829101562,0.050804998725652695,58608.47483799979
2524,2458608.9517824,301.9845566,34.9184705,1,17.1210994720459,0.059783000499010086,58608.45178239979
2525,2458608.9513194,301.9845357,34.9184276,1,16.981000900268555,0.065761998295784,58608.45131940022
2526,2458607.8880093,301.9845664,34.9183763,2,15.5108003616333,0.05305299907922745,58607.38800929999
2527,2458607.8644213,301.9845487,34.9184372,2,15.49020004272461,0.030101999640464783,58607.364421300124
2528,2458606.9812963,301.9845451,34.918392,1,17.28350067138672,0.07731100171804428,58606.48129629996
2530,2458606.8734144,301.9845387,34.9184016,2,15.479100227355957,0.06906600296497345,58606.373414400034
2531,2458606.8729514,301.9845172,34.9183402,2,15.649100303649902,0.058788001537323,58606.3729514
2532,2458605.9958796,301.9844942,34.9184399,1,17.4325008392334,0.08224800229072571,58605.495879599825
2535,2458597.9545139,301.9844668,34.9183906,2,15.383600234985352,0.03186500072479248,58597.45451389998
2537,2458594.0026042,301.984575,34.9184549,1,16.836599349975586,0.05560699850320816,58593.50260420004
2538,2458593.9441204,301.9845769,34.9184257,2,15.288000106811523,0.04399000108242035,58593.44412040012
2541,2458592.903044,301.9844919,34.9184334,2,15.417200088500977,0.032993000000715256,58592.4030439998
2542,2458591.9762153,301.9845262,34.9183989,2,15.294699668884277,0.042208001017570496,58591.47621530015
2543,2458591.9672454,301.9845056,34.9183979,2,15.256600379943848,0.04026800021529198,58591.46724539995
2544,2458589.9284722,301.9846731,34.9185103,1,16.77669906616211,0.0712060034275055,58589.42847219994
2545,2458588.9505208,301.9845613,34.9184041,2,15.365799903869629,0.04636700078845024,58588.45052079996
2546,2458588.9500694,301.9845241,34.9184059,2,15.30620002746582,0.04066000133752823,58588.450069400016
2547,2458588.0113426,301.9845253,34.918397,2,15.340999603271484,0.047850001603364944,58587.51134259999
2548,2458588.0108796,301.9845759,34.9184287,2,15.451000213623047,0.04278299957513809,58587.510879599955
2549,2458587.9973148,301.9845157,34.918465,1,16.915599822998047,0.05291999876499176,58587.49731480004
2550,2458587.9968519,301.9845644,34.9184779,1,16.844200134277344,0.05226600170135498,58587.49685190013
2551,2458586.9979977,301.9845329,34.9183713,2,15.454400062561035,0.044172998517751694,58586.49799769977
2553,2458586.9626736,301.9845178,34.9184535,1,16.93470001220703,0.06627099961042404,58586.46267359983
2554,2458586.9622106,301.9845791,34.9184151,1,16.912200927734375,0.07269500195980072,58586.4622105998
2557,2458584.9863426,301.9845284,34.9184313,1,17.20680046081543,0.07061000168323517,58584.48634260008
2558,2458582.9950694,301.9845337,34.9184342,1,17.334400177001953,0.12268500030040741,58582.49506939994
2560,2458582.9449306,301.9845577,34.9184251,2,16.073400497436523,0.0672840029001236,58582.4449306
2561,2458581.9918519,301.984562,34.9184552,1,17.51460075378418,0.09710399806499481,58581.49185189977
2562,2458581.9909259,301.9845681,34.9184596,1,17.68829917907715,0.07355400174856186,58581.49092590017
