,jd,ra,dec,fid,magpsf,sigmapsf,mjd
0,2461192.9512037,291.6124754,13.3680155,3,17.19049644470215,0.04549134522676468,61192.451203700155
2,2461192.8617477,291.6124894,13.3680021,2,18.966100692749023,0.139274001121521,61192.36174769979
5,2461186.9159722,291.6124207,13.3680288,1,19.696399688720703,0.14189299941062927,61186.41597220022
6,2461185.9433681,291.6124837,13.3679474,2,19.07900047302246,0.07343599945306778,61185.443368100096
7,2461185.9433681,291.6124837,13.3679474,2,19.07900047302246,0.07343599945306778,61185.443368100096
8,2461185.8896065,291.6124668,13.3680121,3,17.39310073852539,0.05389399826526642,61185.389606500044
9,2461184.9656019,291.6124739,13.3680253,3,17.59980010986328,0.06373199820518494,61184.46560190013
10,2461184.9656019,291.6124739,13.3680253,3,17.59980010986328,0.06373199820518494,61184.46560190013
12,2461184.9218634,291.6124196,13.3679899,1,19.974199295043945,0.14284099638462067,61184.42186339991
13,2461184.9218634,291.6124196,13.3679899,1,19.974199295043945,0.14284099638462067,61184.42186339991
14,2461183.9464005,291.6124466,13.3680119,1,20.05820083618164,0.16227999329566956,61183.4464004999
16,2461183.8857176,291.6124691,13.3680099,3,17.369300842285156,0.0453529991209507,61183.38571760012
17,2461183.8857176,291.6124691,13.3680099,3,17.369300842285156,0.0453529991209507,61183.38571760012
18,2461182.9447222,291.6124643,13.3679969,1,19.802600860595703,0.1437460035085678,61182.44472219981
20,2461181.9646991,291.6124641,13.3680282,3,17.373300552368164,0.05304500088095665,61181.46469909977
21,2461181.9477778,291.6124186,13.3679758,1,20.195899963378906,0.17249800264835358,61181.447777799796
23,2461180.9685301,291.6124755,13.3679977,3,17.182300567626953,0.05031599849462509,61180.46853009984
25,2461180.9025579,291.6124534,13.3679921,1,20.00860023498535,0.16312700510025024,61180.402557900175
26,2461179.9663657,291.6124737,13.3680172,3,17.379899978637695,0.044123001396656036,61179.46636570012
28,2461179.8929861,291.6125313,13.3680248,1,20.266599655151367,0.23095999658107758,61179.39298610017
29,2461176.9552431,291.6123899,13.368053,1,19.994600296020508,0.21872800588607788,61176.45524309995
31,2461175.9658681,291.6124693,13.3680207,3,17.25214958190918,0.03512708842754364,61175.46586810006
32,2461175.9658681,291.6124693,13.3680207,3,17.252099990844727,0.03512699902057648,61175.46586810006
34,2461175.9070718,291.6124613,13.3680362,1,19.371400833129883,0.10345999896526337,61175.40707179997
35,2461174.9634028,291.6124611,13.3679516,1,19.718599319458008,0.1491589993238449,61174.463402799796
36,2461174.9492708,291.6124696,13.3680178,2,18.655899047851562,0.10122600197792053,61174.44927080022
37,2461174.92875,291.6124712,13.3680261,3,17.206100463867188,0.050769999623298645,61174.42874999996
40,2461172.9634259,291.6124647,13.3680143,3,17.07550048828125,0.036949001252651215,61172.463425899856
41,2461172.9561574,291.6125018,13.3680141,2,18.59869956970215,0.06544200330972672,61172.45615739981
42,2461172.8860995,291.6123726,13.3680234,1,20.434499740600586,0.27274298667907715,61172.386099500116
45,2461171.8888889,291.6124682,13.3680219,3,17.27829933166504,0.0465020015835762,61171.38888890017
46,2461170.9666898,291.6124578,13.3679835,1,20.340099334716797,0.2749379873275757,61170.46668979991
48,2461169.9991551,291.6124744,13.3679621,2,19.02359962463379,0.1488720029592514,61169.49915509997
50,2461168.9690509,291.6124824,13.3680394,3,17.37579917907715,0.04570699855685234,61168.46905090008
53,2461167.9694676,291.612485,13.3680035,2,18.61400032043457,0.07794900238513947,61167.469467599876
54,2461167.9008102,291.612454,13.3680255,3,17.414499282836914,0.05696599930524826,61167.40081019979
55,2461163.9447685,291.6124656,13.3680015,2,18.59980010986328,0.14211800694465637,61163.44476850005
56,2461162.9712037,291.6124699,13.3680174,3,17.223499298095703,0.045990001410245895,61162.471203700174
60,2461161.9501736,291.61247,13.3680432,2,18.64859962463379,0.09305799752473831,61161.45017360011
62,2461160.9332755,291.6125354,13.367884,2,19.224599838256836,0.142317995429039,61160.43327549985
64,2461159.9332292,291.6124509,13.3680376,2,18.339399337768555,0.06389600038528442,61159.433229200076
65,2461158.9286921,291.6124792,13.3680087,2,18.56209945678711,0.07319200038909912,61158.428692100104
66,2461154.9813773,291.6124748,13.367987,2,19.251699447631836,0.10225299745798111,61154.481377299875
67,2461154.95,291.61247,13.3680221,1,19.361299514770508,0.11140599846839905,61154.450000000186
68,2461154.9112384,291.6124679,13.3680188,3,17.055400848388672,0.04834999889135361,61154.4112383998
70,2461153.9545602,291.6124679,13.3680172,3,17.53730010986328,0.04816199839115143,61153.45456020022
71,2461153.9285995,291.6124375,13.3679603,2,19.451099395751953,0.1562969982624054,61153.4285995001
72,2461151.9826157,291.612461,13.3680123,1,19.447599411010742,0.11708299815654755,61151.48261569999
73,2461151.9504167,291.612467,13.3680413,3,17.464399337768555,0.05357399955391884,61151.45041669998
74,2461151.9237269,291.612496,13.3679701,2,18.9143009185791,0.09526000171899796,61151.423726900015
75,2461150.9904514,291.612461,13.3680247,3,17.2539005279541,0.04139700159430504,61150.49045140017
76,2461150.9719097,291.6124083,13.3680346,1,19.944299697875977,0.17626400291919708,61150.47190969996
77,2461150.9258449,291.6124682,13.3679992,2,18.551300048828125,0.09515299648046494,61150.425844899844
78,2461148.986088,291.6124232,13.3679613,1,20.054399490356445,0.1673469990491867,61148.48608799977
79,2461148.9441898,291.6124558,13.3679887,2,19.020700454711914,0.1136149987578392,61148.44418979995
80,2461147.9886921,291.6124707,13.3680055,3,17.285400390625,0.04978900030255318,61147.48869210016
82,2461147.9324306,291.6124545,13.3679921,1,19.756799697875977,0.2036380022764206,61147.432430599816
83,2461145.9915972,291.6124665,13.3680251,3,17.00830078125,0.05003499984741211,61145.49159719981
87,2461139.9246065,291.6123899,13.3680551,1,19.682100296020508,0.2624090015888214,61139.42460650019
88,2461139.0021991,291.61247,13.3680238,3,17.178800582885742,0.03730100020766258,61138.502199099865
89,2461138.0011458,291.6124373,13.3679515,2,19.290300369262695,0.12636800110340118,61137.50114580011
90,2461137.948206,291.6123266,13.3679795,1,19.828699111938477,0.25585100054740906,61137.44820600003
91,2461135.9891551,291.6124697,13.3680146,3,16.909299850463867,0.03651599958539009,61135.48915510019
92,2461135.9632986,291.6124455,13.3679159,1,19.703399658203125,0.2451779991388321,61135.46329860017
94,2461134.0045718,291.6124494,13.3679273,3,17.38010025024414,0.08618199825286865,61133.50457180012
96,2461129.9915046,291.612502,13.3679901,1,19.462900161743164,0.21809999644756317,61129.491504599806
99,2461127.9488773,291.6125293,13.3678948,1,19.90679931640625,0.2708689868450165,61127.448877300136
100,2461125.014919,291.6124718,13.3680034,3,17.195899963378906,0.043838001787662506,61124.51491900021
101,2461123.9941435,291.612463,13.3680111,3,16.86079978942871,0.0360880009829998,61123.49414349999
102,2461121.0182986,291.6124518,13.3680017,1,19.653200149536133,0.15518499910831451,61120.51829859987
103,2461120.9902662,291.612484,13.3679588,2,18.921600341796875,0.10763300210237503,61120.490266200155
104,2461108.0274884,291.6124395,13.3679056,3,16.919700622558594,0.07626999914646149,61107.52748840023
105,2461101.0291204,291.6124791,13.3680162,3,17.140600204467773,0.04784400016069412,61100.52912040008
107,2461086.0628241,291.6124878,13.3679759,2,19.199499130249023,0.19057700037956238,61085.56282409979
108,2461086.0587963,291.6124512,13.367979,2,19.02720069885254,0.12681999802589417,61085.55879630009
110,2461080.066169,291.6124016,13.3680691,2,18.671499252319336,0.18472899496555328,61079.56616900023
111,2461080.0627431,291.6124739,13.368032,2,18.450700759887695,0.07768300175666809,61079.56274309987
113,2461079.066169,291.6124196,13.3679522,2,18.651100158691406,0.1314850002527237,61078.56616900023
123,2461071.0698958,291.6124835,13.3680084,2,18.160400390625,0.15032300353050232,61070.5698958002
124,2461009.587037,291.6125051,13.3680144,2,18.249950408935547,0.06718891113996506,61009.087036999874
126,2461005.6128009,291.6124799,13.367957,2,17.97279930114746,0.07645799964666367,61005.11280089989
128,2460990.6314468,291.6124853,13.368051,1,19.195100784301758,0.16277599334716797,60990.131446800195
129,2460990.5691204,291.6124955,13.3679699,2,18.80190086364746,0.12860900163650513,60990.06912040012
131,2460986.628912,291.6125278,13.3679742,2,18.962400436401367,0.1440179944038391,60986.128911999986
132,2460986.5878472,291.6125079,13.368063,1,19.316600799560547,0.17692500352859497,60986.08784720022
136,2460980.6497454,291.6125364,13.3680113,1,19.160400390625,0.19011299312114716,60980.149745400064
138,2460978.649537,291.6124859,13.3679995,2,18.645999908447266,0.13522300124168396,60978.149536999874
139,2460978.6061458,291.6124908,13.3680144,1,19.846200942993164,0.2519809901714325,60978.10614580009
140,2460976.6305093,291.6124405,13.3680049,2,18.447599411010742,0.08713000267744064,60976.13050930016
142,2460974.6638542,291.6125009,13.3679949,1,19.458799362182617,0.14776800572872162,60974.16385419993
144,2460974.6311111,291.6124805,13.3680217,2,18.537200927734375,0.11697199940681458,60974.13111109985
146,2460972.670544,291.6124683,13.3679864,2,18.46739959716797,0.09078899770975113,60972.17054399988
147,2460969.6996759,291.6125015,13.3680719,1,20.152700424194336,0.2513589859008789,60969.19967589993
149,2460967.6707523,291.6124808,13.3680562,1,18.92020034790039,0.08286900073289871,60967.17075229995
151,2460967.6292245,291.6124856,13.3680496,2,19.117599487304688,0.13097600638866425,60967.12922450015
153,2460965.6663773,291.6124801,13.3680165,1,19.256900787353516,0.13509400188922882,60965.16637729993
154,2460965.6081829,291.6124587,13.3680093,2,18.19230079650879,0.06957700103521347,60965.10818290012
155,2460960.7385069,291.6125076,13.367951,1,19.554685592651367,0.19675983488559723,60960.23850690015
156,2460960.7385069,291.6125076,13.367951,1,19.55470085144043,0.19675999879837036,60960.23850690015
157,2460960.6524653,291.6124654,13.3680013,2,18.66510009765625,0.09436900168657303,60960.15246530017
159,2460956.6218981,291.6124947,13.3680241,1,19.188600540161133,0.19561199843883514,60956.12189809978
160,2460954.6631019,291.6124954,13.368116,1,19.512399673461914,0.2804960012435913,60954.1631018999
161,2460954.6185069,291.6124904,13.3680464,2,19.019699096679688,0.15144400298595428,60954.118506900035
162,2460952.6808102,291.6124859,13.3680295,2,18.223600387573242,0.09511999785900116,60952.18081020005
163,2460950.7223032,291.6124076,13.367992,1,19.57539939880371,0.23940099775791168,60950.22230320005
164,2460950.6908565,291.6124755,13.3679857,2,18.0841007232666,0.052487000823020935,60950.19085650006
165,2460948.7483449,291.6124028,13.3680166,1,19.568899154663086,0.14717599749565125,60948.24834490009
168,2460943.6770949,291.6124753,13.368057,1,19.576799392700195,0.12400999665260315,60943.17709490005
170,2460941.8093287,291.6124448,13.3679799,1,19.7268009185791,0.2634119987487793,60941.30932869995
172,2460938.7372338,291.6124889,13.3680197,1,19.49570083618164,0.14507900178432465,60938.23723379988
173,2460938.685081,291.6124696,13.3680224,2,18.36280059814453,0.09478099644184113,60938.185080999974
174,2460934.6949421,291.612521,13.3680694,2,18.781700134277344,0.09549400210380554,60934.19494209997
175,2460934.652037,291.6124912,13.3680216,1,19.59830093383789,0.14880399405956268,60934.15203699982
177,2460932.6955324,291.6124685,13.367993,2,19.015300750732422,0.08773600310087204,60932.19553240016
179,2460932.6761458,291.6124684,13.368052,1,20.24679946899414,0.20041899383068085,60932.176145799924
180,2460932.6761458,291.6124684,13.368052,1,20.24679946899414,0.20041899383068085,60932.176145799924
183,2460929.6964468,291.6124685,13.3680397,1,19.187255859375,0.16786818206310272,60929.19644680014
184,2460929.6964468,291.6124685,13.3680397,1,19.187299728393555,0.1678680032491684,60929.19644680014
186,2460927.7113657,291.6124818,13.3680152,2,18.534000396728516,0.08410999923944473,60927.21136569977
187,2460927.7113657,291.6124818,13.3680152,2,18.534000396728516,0.08410999923944473,60927.21136569977
191,2460923.669919,291.6124583,13.3680062,1,19.171977996826172,0.15783372521400452,60923.16991900001
192,2460923.669919,291.6124583,13.3680062,1,19.172000885009766,0.157833993434906,60923.16991900001
193,2460921.7438079,291.6125022,13.367943,2,19.130599975585938,0.125560000538826,60921.24380790023
194,2460921.685544,291.6124273,13.3680145,1,19.904699325561523,0.24862399697303772,60921.18554400001
199,2460914.6723727,291.6124612,13.3679847,1,20.228700637817383,0.1660979986190796,60914.17237270018
202,2460905.89375,291.6125215,13.3679898,1,19.926799774169922,0.21823300421237946,60905.393749999814
204,2460903.715081,291.612506,13.3679281,1,20.234745025634766,0.18365758657455444,60903.21508099977
205,2460903.715081,291.612506,13.3679281,1,20.234699249267578,0.18365800380706787,60903.21508099977
206,2460901.788125,291.6125218,13.3679188,1,20.192100524902344,0.2820200026035309,60901.28812499996
207,2460901.788125,291.6125218,13.3679188,1,20.192100524902344,0.2820200026035309,60901.28812499996
210,2460899.6737037,291.612461,13.3680218,1,19.758499145507812,0.1523759961128235,60899.17370369984
217,2460890.8316435,291.612529,13.3679497,1,20.367000579833984,0.27000099420547485,60890.3316434999
218,2460888.8069329,291.612488,13.3679916,2,18.928924560546875,0.1231875866651535,60888.3069329001
219,2460888.8069329,291.612488,13.3679916,2,18.92889976501465,0.12318799644708633,60888.3069329001
220,2460888.7541898,291.6123752,13.3680108,1,20.481800079345703,0.26988399028778076,60888.254189800005
221,2460888.7541898,291.6123752,13.3680108,1,20.481800079345703,0.26988399028778076,60888.254189800005
225,2460884.6930208,291.6124592,13.3680063,1,19.975099563598633,0.1684810072183609,60884.19302080013
226,2460884.6930208,291.6124592,13.3680063,1,19.975099563598633,0.1684810072183609,60884.19302080013
227,2460882.7807292,291.6125096,13.3680161,2,19.485448837280273,0.12696941196918488,60882.280729200225
229,2460882.7255093,291.6124633,13.3680389,1,19.55389976501465,0.14925000071525574,60882.2255092999
230,2460880.8189468,291.6124814,13.3680165,1,19.475461959838867,0.11476346105337143,60880.318946800195
231,2460880.8189468,291.6124814,13.3680165,1,19.475500106811523,0.11476299911737442,60880.318946800195
233,2460878.8491782,291.6124294,13.3680011,1,19.91250228881836,0.11909346282482147,60878.34917820012
236,2460876.8175,291.6124734,13.3679795,1,20.000099182128906,0.16599400341510773,60876.31749999989
238,2460873.8099537,291.6124826,13.3680186,2,18.811100006103516,0.11510200053453445,60873.30995369982
249,2460862.8647106,291.6124729,13.368008,2,18.98699951171875,0.0888030007481575,60862.364710600115
250,2460860.9056944,291.6124673,13.3680079,1,19.574464797973633,0.11144135892391205,60860.40569439996
251,2460860.9056944,291.6124673,13.3680079,1,19.574499130249023,0.1114410012960434,60860.40569439996
252,2460858.8726968,291.6125056,13.3679241,1,20.228099822998047,0.19638000428676605,60858.37269680016
253,2460858.7976273,291.6124802,13.368037,2,18.562400817871094,0.09754899889230728,60858.297627300024
254,2460856.9022569,291.61246,13.3680026,1,18.955400466918945,0.07782299816608429,60856.40225689998
255,2460856.870625,291.6123929,13.3679987,2,19.561199188232422,0.16050100326538086,60856.37062499998
260,2460848.8985532,291.6123332,13.3680714,1,20.36590003967285,0.2356249988079071,60848.398553200066
264,2460843.8974074,291.6124933,13.3679808,2,19.03700065612793,0.12231100350618362,60843.397407399956
265,2460843.7899884,291.6125432,13.3678883,1,20.272199630737305,0.2482520043849945,60843.28998839995
267,2460841.7942245,291.6124513,13.3679476,1,19.838699340820312,0.25508299469947815,60841.29422450019
268,2460836.9369213,291.6124958,13.3680088,1,19.753999710083008,0.3272570073604584,60836.4369212999
270,2460834.9441088,291.6125145,13.3679975,2,19.032899856567383,0.10762599855661392,60834.44410880003
271,2460834.9189583,291.612498,13.367993,1,19.57939910888672,0.13475200533866882,60834.41895829979
272,2460832.9553704,291.6124654,13.3679804,2,19.09779930114746,0.09999500215053558,60832.4553704001
273,2460832.912419,291.6124559,13.367984,1,19.85689926147461,0.16744999587535858,60832.412419000175
276,2460823.8200463,291.612352,13.3680394,1,20.283899307250977,0.2000660002231598,60823.32004630007
277,2460823.8200463,291.612352,13.3680394,1,20.283899307250977,0.2000660002231598,60823.32004630007
282,2460817.870787,291.6125219,13.368064,1,20.236000061035156,0.20118799805641174,60817.37078699982
283,2460815.9405787,291.6125554,13.3680162,1,20.071800231933594,0.20118899643421173,60815.44057870004
284,2460815.9365509,291.6124565,13.3679842,2,19.02280044555664,0.10561899840831757,60815.436550899874
286,2460811.8994213,291.6124812,13.3680179,2,18.6914005279541,0.09670999646186829,60811.39942129981
290,2460802.9826736,291.6124601,13.3679812,2,18.896900177001953,0.0842989981174469,60802.48267359985
293,2460795.9672917,291.6124074,13.3680496,1,20.45709991455078,0.2513990104198456,60795.46729170019
294,2460795.9215856,291.6124582,13.3680182,2,19.36949920654297,0.11681199818849564,60795.42158559989
295,2460790.0064468,291.6124553,13.3679476,1,19.194299697875977,0.1491280049085617,60789.506446800195
296,2460789.9283796,291.6124663,13.3680051,2,18.453100204467773,0.08954499661922455,60789.428379599936
299,2460775.9842477,291.6124267,13.3679699,1,19.750600814819336,0.22575099766254425,60775.484247699846
300,2460775.9581597,291.6124626,13.3680013,2,18.524871826171875,0.09596835821866989,60775.458159700036
301,2460775.9581597,291.6124626,13.3680013,2,18.524900436401367,0.09596800059080124,60775.458159700036
304,2460771.9862269,291.6125133,13.3680229,1,19.696500778198242,0.200997993350029,60771.486226900015
305,2460771.9765394,291.612457,13.3680567,2,19.431299209594727,0.14719000458717346,60771.47653939994
306,2460762.0109491,291.6124756,13.3679673,1,19.732500076293945,0.21795199811458588,60761.5109490999
309,2460758.9715509,291.6124049,13.3680164,1,19.74090003967285,0.22829699516296387,60758.47155090002
316,2460722.052581,291.6124198,13.3680168,2,18.27356719970703,0.14757244288921356,60721.55258100014
321,2460636.6085301,291.6123931,13.3680855,2,19.7164249420166,0.20259861648082733,60636.10853009997
332,2460619.5948148,291.6124924,13.3680147,2,18.99530029296875,0.14102600514888763,60619.09481480019
335,2460610.6109375,291.612476,13.3680127,1,20.081600189208984,0.19081400334835052,60610.11093749991
336,2460608.6503009,291.6125015,13.3680653,2,19.17020034790039,0.14480599761009216,60608.150300899986
337,2460608.623669,291.612483,13.3679868,1,19.412799835205078,0.11683899909257889,60608.12366899988
338,2460608.623669,291.612483,13.3679868,1,19.412799835205078,0.11683899909257889,60608.12366899988
339,2460606.6301042,291.6124642,13.3680044,2,19.0846004486084,0.14443400502204895,60606.13010419998
340,2460606.6112037,291.6124625,13.3680182,1,19.119300842285156,0.09066999703645706,60606.11120369984
342,2460604.6309722,291.6124561,13.3680288,1,20.05139923095703,0.19143100082874298,60604.13097220007
344,2460602.6959028,291.6125204,13.3680036,2,18.52589988708496,0.14611899852752686,60602.19590280019
345,2460599.651956,291.612488,13.3679779,2,18.560100555419922,0.117808997631073,60599.1519559999
346,2460597.723831,291.6125095,13.3680069,2,19.422700881958008,0.2008419930934906,60597.22383099981
347,2460597.6815856,291.6124616,13.3679797,1,19.31529998779297,0.1538030058145523,60597.181585600134
350,2460593.7243866,291.6124909,13.3679757,1,19.238500595092773,0.1680620014667511,60593.224386599846
351,2460593.6818056,291.6124453,13.3679829,2,18.841100692749023,0.09946200251579285,60593.18180559995
352,2460591.6723032,291.6125099,13.3680065,1,19.306499481201172,0.11079899966716766,60591.17230319977
353,2460591.6456944,291.6125083,13.3680132,2,18.49180030822754,0.10725700110197067,60591.145694400184
354,2460579.7756481,291.6125246,13.3680369,1,19.015399932861328,0.1364150047302246,60579.275648099836
355,2460579.7339468,291.6124964,13.3680446,2,18.546899795532227,0.08534599840641022,60579.23394680023
357,2460571.7157755,291.6125371,13.3679651,2,19.257383346557617,0.18150688707828522,60571.21577550005
358,2460571.7157755,291.6125371,13.3679651,2,19.257400512695312,0.18150700628757477,60571.21577550005
360,2460568.7557407,291.6125274,13.3679092,1,19.21470069885254,0.14907999336719513,60568.255740699824
361,2460568.7557407,291.6125297,13.367913,1,19.212299346923828,0.14608000218868256,60568.255740699824
363,2460566.7139352,291.6124696,13.3679976,2,18.9552001953125,0.13255399465560913,60566.213935200125
366,2460561.7065162,291.6124926,13.3680232,2,18.4064998626709,0.06380999833345413,60561.20651620021
367,2460558.7580324,291.6124873,13.3679895,1,19.4601993560791,0.1509139984846115,60558.25803240016
368,2460558.7070602,291.6125081,13.3680049,2,19.33839988708496,0.15749600529670715,60558.20706020016
369,2460556.724375,291.6124275,13.36797,1,20.188800811767578,0.215488001704216,60556.22437500022
370,2460556.6703588,291.6124924,13.3680218,2,18.706899642944336,0.0966079980134964,60556.17035879986
371,2460554.7315046,291.6124848,13.3680177,1,19.217899322509766,0.11969999969005585,60554.23150460003
372,2460554.6922917,291.6124628,13.3680529,2,18.225000381469727,0.06700699776411057,60554.192291699816
373,2460552.8325579,291.6125002,13.3680308,2,18.57469940185547,0.08973400294780731,60552.33255789988
374,2460552.7903704,291.6124627,13.3680727,1,19.45240020751953,0.20159000158309937,60552.290370400064
375,2460550.7882407,291.6124937,13.3680482,1,19.345800399780273,0.10717099905014038,60550.28824070003
376,2460550.7502083,291.6125159,13.3680513,2,18.516000747680664,0.07639600336551666,60550.25020830007
377,2460548.8309606,291.6124769,13.3680099,2,18.927000045776367,0.13836200535297394,60548.33096060017
378,2460548.7529745,291.6124898,13.3680131,1,19.49250030517578,0.1541849970817566,60548.25297449995
379,2460546.8330208,291.6124483,13.3680344,1,19.753799438476562,0.23761899769306183,60546.33302079979
380,2460546.730625,291.6124766,13.3679864,2,18.72319984436035,0.0755620002746582,60546.23062499985
382,2460544.728206,291.6124954,13.3680118,1,19.034000396728516,0.13659200072288513,60544.228205999825
384,2460540.7520023,291.6124854,13.3680305,2,18.477800369262695,0.11513499915599823,60540.25200230023
385,2460540.7520023,291.6124854,13.3680305,2,18.477800369262695,0.11513499915599823,60540.25200230023
386,2460539.8116319,291.6124884,13.3679207,2,19.00469970703125,0.1533460021018982,60539.31163189979
387,2460537.8373032,291.6125004,13.3680212,1,18.71808624267578,0.09275247156620026,60537.337303199805
388,2460537.8373032,291.6125004,13.3680212,1,18.71809959411621,0.09275200217962265,60537.337303199805
389,2460537.7705324,291.6124921,13.3680161,2,19.43720054626465,0.16590499877929688,60537.27053239988
390,2460537.7705324,291.6124921,13.3680161,2,19.43720054626465,0.16590499877929688,60537.27053239988
391,2460535.8192014,291.6124738,13.3680084,1,19.577985763549805,0.12133152782917023,60535.31920140004
392,2460535.8192014,291.6124738,13.3680084,1,19.577999114990234,0.12133199721574783,60535.31920140004
393,2460535.7674884,291.6125153,13.3680125,2,19.313400268554688,0.14075200259685516,60535.267488399986
394,2460535.7674884,291.6125153,13.3680125,2,19.313400268554688,0.14075200259685516,60535.267488399986
395,2460530.7892824,291.6124917,13.3679975,1,19.22977066040039,0.13121439516544342,60530.28928240016
396,2460530.7892824,291.6124925,13.3680003,1,19.241500854492188,0.1329759955406189,60530.28928240016
399,2460526.8389815,291.6124647,13.3679632,1,20.068099975585938,0.19296500086784363,60526.338981499895
400,2460526.8389815,291.6124647,13.3679632,1,20.068099975585938,0.19296500086784363,60526.338981499895
401,2460526.7912731,291.6124883,13.3679833,2,18.80470085144043,0.11662500351667404,60526.291273099836
402,2460526.7912731,291.6124883,13.3679833,2,18.80470085144043,0.11662500351667404,60526.291273099836
403,2460524.8193056,291.6124737,13.3679933,1,19.90290069580078,0.15580199658870697,60524.31930560013
404,2460524.7674074,291.6124725,13.3679879,2,18.497900009155273,0.08112599700689316,60524.26740740007
405,2460521.7792361,291.6124867,13.3680343,2,18.191499710083008,0.060593001544475555,60521.27923610015
406,2460521.7792361,291.6124867,13.3680343,2,18.191499710083008,0.060593001544475555,60521.27923610015
407,2460519.8159954,291.6125003,13.3679672,2,19.06599998474121,0.09575899690389633,60519.31599539984
408,2460519.8159954,291.6125003,13.3679672,2,19.06599998474121,0.09575899690389633,60519.31599539984
409,2460519.7692708,291.6124908,13.3679833,1,19.683799743652344,0.14124499261379242,60519.269270800054
410,2460519.7692708,291.6124908,13.3679833,1,19.683799743652344,0.14124499261379242,60519.269270800054
411,2460517.7746412,291.6124633,13.3680429,2,18.474300384521484,0.07554099708795547,60517.27464119997
414,2460513.8145949,291.6124609,13.3680601,2,18.365089416503906,0.11027654260396957,60513.31459489977
415,2460513.8145949,291.6124609,13.3680601,2,18.365100860595703,0.11027699708938599,60513.31459489977
419,2460509.7944213,291.6124549,13.3680114,2,18.301300048828125,0.09844499826431274,60509.294421299826
420,2460507.8534028,291.6124747,13.3680534,1,19.748600006103516,0.19696000218391418,60507.35340279993
421,2460504.8577315,291.6124791,13.3680144,2,18.346599578857422,0.05536000058054924,60504.357731500175
422,2460504.8329282,291.6124666,13.367999,1,19.237199783325195,0.11704099923372269,60504.33292819979
423,2460502.8366898,291.6124877,13.3679986,2,18.303499221801758,0.06821099668741226,60502.336689800024
424,2460502.7962037,291.6124793,13.3680009,1,19.214000701904297,0.12285199761390686,60502.296203699894
425,2460500.8590625,291.6124982,13.3680516,2,18.863399505615234,0.09182299673557281,60500.35906249983
426,2460500.8346065,291.6124812,13.3680466,1,19.39419937133789,0.11970499902963638,60500.33460649988
427,2460497.8226042,291.6125051,13.3679891,2,18.265899658203125,0.062091998755931854,60497.32260419987
428,2460497.8221296,291.6124989,13.3680242,2,18.195499420166016,0.0672060027718544,60497.322129600216
429,2460497.8216667,291.6124798,13.368009,2,18.309799194335938,0.07674600183963776,60497.321666699834
430,2460497.8211921,291.6124842,13.3680119,2,18.220600128173828,0.06581299751996994,60497.32119210018
431,2460497.8207176,291.6124911,13.3679897,2,18.17639923095703,0.052935998886823654,60497.320717600174
432,2460497.8202546,291.6124715,13.3680031,2,18.17609977722168,0.058694999665021896,60497.32025460014
433,2460497.8197801,291.6125043,13.3680078,2,18.66200065612793,0.07511500269174576,60497.31978010014
435,2460497.8193056,291.6124718,13.3679829,2,18.87070083618164,0.10055500268936157,60497.31930560013
436,2460497.818831,291.6124778,13.368004,2,18.928300857543945,0.11033099889755249,60497.31883100001
437,2460497.8183681,291.6124879,13.3680062,2,18.854700088500977,0.12283500283956528,60497.318368100096
438,2460497.8178935,291.6124602,13.368009,2,18.92289924621582,0.09964799880981445,60497.317893499974
439,2460497.8174306,291.6124993,13.3680143,2,18.685800552368164,0.07304000109434128,60497.31743060006
440,2460497.816956,291.6124804,13.3680129,2,18.300399780273438,0.07466299831867218,60497.31695599994
441,2460497.8164815,291.6124561,13.3680102,2,18.371400833129883,0.06833600252866745,60497.31648149993
442,2460497.8160185,291.612477,13.3680027,2,19.07539939880371,0.08707799762487411,60497.3160184999
443,2460497.815544,291.6124821,13.3680041,2,18.90369987487793,0.09590300172567368,60497.315543999895
444,2460497.815081,291.6125047,13.3680093,2,18.886999130249023,0.07889900356531143,60497.31508099986
445,2460497.8146065,291.6124635,13.3680351,2,18.56089973449707,0.09362400323152542,60497.31460649986
446,2460497.8141319,291.612483,13.3680087,2,18.97480010986328,0.10503800213336945,60497.3141319002
447,2460497.8136574,291.612488,13.3680252,2,18.752500534057617,0.10478000342845917,60497.3136574002
448,2460497.8131944,291.6124909,13.3680242,2,18.912399291992188,0.09854300320148468,60497.313194400165
449,2460497.8127199,291.612537,13.3679969,2,19.038799285888672,0.11247699707746506,60497.31271990016
450,2460497.8122454,291.6124635,13.367984,2,19.045499801635742,0.10687699913978577,60497.31224540016
451,2460497.8117708,291.6124971,13.3679941,2,19.047100067138672,0.10881199687719345,60497.311770800035
452,2460497.8113079,291.6125034,13.3679645,2,18.880399703979492,0.09764699637889862,60497.31130790012
453,2460497.8108333,291.6125242,13.3679537,2,19.42180061340332,0.12761199474334717,60497.3108333
455,2460497.8098843,291.6125124,13.3679308,2,20.03860092163086,0.2787010073661804,60497.30988429999
457,2460497.8089468,291.6125395,13.3680294,2,18.993099212646484,0.10802300274372101,60497.30894679995
460,2460497.8075347,291.6125041,13.3680097,2,19.64459991455078,0.14805899560451508,60497.307534699794
463,2460497.8061227,291.6124769,13.3679857,2,19.4867000579834,0.14195699989795685,60497.30612270022
465,2460497.8051852,291.6124878,13.367985,2,19.091299057006836,0.0896029993891716,60497.30518520018
469,2460497.8032986,291.612494,13.3680074,2,18.88089942932129,0.08434200286865234,60497.30329860002
470,2460497.8028241,291.6125029,13.3680192,2,18.61829948425293,0.0888419970870018,60497.302824100014
471,2460497.8023495,291.6124815,13.3680256,2,18.60580062866211,0.07440800219774246,60497.30234949989
472,2460497.8018866,291.6124891,13.3680307,2,18.287599563598633,0.08686099946498871,60497.30188659998
473,2460497.801412,291.612468,13.3680138,2,18.1427001953125,0.09297099709510803,60497.301411999855
474,2460497.8009375,291.6124802,13.3680054,2,18.314800262451172,0.07091499865055084,60497.30093749985
475,2460497.8004745,291.6124853,13.3680342,2,18.20829963684082,0.06839700043201447,60497.30047449982
476,2460497.8,291.6124521,13.3680502,2,18.745399475097656,0.1070920005440712,60497.299999999814
477,2460497.7995255,291.6124633,13.3680242,2,19.008699417114258,0.14462900161743164,60497.29952549981
478,2460497.7990625,291.6124973,13.3679886,2,19.097200393676758,0.11335600167512894,60497.29906249978
479,2460497.798588,291.612472,13.3680076,2,18.70549964904785,0.06282500177621841,60497.29858799977
480,2460497.7981134,291.6125103,13.3680265,2,18.61870002746582,0.07319699972867966,60497.29811340012
481,2460497.7976389,291.6124881,13.3679948,2,18.661100387573242,0.07032400369644165,60497.29763890011
482,2460497.7971644,291.6124885,13.3680035,2,18.460399627685547,0.05316999927163124,60497.29716440011
483,2460497.7967014,291.6124666,13.3680045,2,18.36829948425293,0.06656000018119812,60497.296701400075
484,2460497.7962269,291.6124499,13.3680116,2,18.547300338745117,0.07168500125408173,60497.29622690007
485,2460497.7957523,291.6125118,13.3680174,2,18.976499557495117,0.111565001308918,60497.29575229995
486,2460497.7952894,291.61249,13.368006,2,19.05139923095703,0.11306100338697433,60497.295289400034
488,2460497.7943519,291.6125135,13.3679604,2,19.001800537109375,0.12419000267982483,60497.2943519
490,2460497.7934028,291.6124809,13.3680459,2,19.225000381469727,0.13385799527168274,60497.29340279987
492,2460497.7929398,291.6124937,13.3679736,2,19.26219940185547,0.10083600133657455,60497.29293979984
493,2460497.7924653,291.6125094,13.3680245,2,18.953899383544922,0.11827199906110764,60497.29246529983
494,2460497.7919907,291.6125306,13.3679462,2,18.683399200439453,0.08303000032901764,60497.29199070018
495,2460497.7915162,291.6124981,13.3680309,2,18.334699630737305,0.08501400053501129,60497.291516200174
496,2460497.7910532,291.6124879,13.3680216,2,18.409400939941406,0.0917930006980896,60497.29105320014
497,2460497.7905787,291.6124763,13.3680236,2,18.719200134277344,0.10410799831151962,60497.29057870014
498,2460497.7901157,291.612514,13.368031,2,18.751399993896484,0.09642700105905533,60497.2901157001
500,2460497.7896412,291.6124685,13.3680595,2,18.9507999420166,0.10116399824619293,60497.2896412001
501,2460497.7891667,291.6125637,13.3679465,2,19.39389991760254,0.14680199325084686,60497.289166700095
502,2460497.7887037,291.612535,13.3679744,2,19.47760009765625,0.12586399912834167,60497.28870370006
503,2460497.7882292,291.6124568,13.3680005,2,19.44659996032715,0.1606370061635971,60497.28822920006
505,2460497.7872917,291.6125194,13.367994,2,19.680599212646484,0.17895199358463287,60497.28729170002
508,2460497.7858796,291.6125202,13.3680425,2,19.11090087890625,0.10398100316524506,60497.28587959986
509,2460497.7854051,291.6124914,13.3680385,2,18.684999465942383,0.09774599969387054,60497.28540509986
510,2460497.7849306,291.6124456,13.3680356,2,19.05459976196289,0.10617399960756302,60497.28493059985
511,2460497.7844676,291.6124318,13.3680537,2,19.074600219726562,0.13448600471019745,60497.28446759982
512,2460497.7839931,291.6124643,13.3680191,2,19.237899780273438,0.11874900013208389,60497.283993099816
513,2460497.7835185,291.6125149,13.3680105,2,18.966899871826172,0.11378400027751923,60497.28351850016
514,2460497.7830556,291.6124833,13.3680463,2,18.752399444580078,0.09317699819803238,60497.28305559978
515,2460497.782581,291.6125178,13.3679789,2,18.662099838256836,0.08893000334501266,60497.28258100012
516,2460497.7821065,291.6124914,13.3680371,2,18.93600082397461,0.0996370017528534,60497.28210650012
517,2460497.7816319,291.6125111,13.3680435,2,19.138599395751953,0.12224599719047546,60497.2816319
518,2460497.781169,291.6125036,13.3679833,2,18.984600067138672,0.1501310020685196,60497.28116900008
519,2460497.7806944,291.61252,13.3680198,2,18.80430030822754,0.08417599648237228,60497.28069439996
520,2460497.7802199,291.6124981,13.3680125,2,18.70639991760254,0.06493300199508667,60497.280219899956
521,2460497.7797569,291.6124852,13.3680274,2,18.949600219726562,0.08575599640607834,60497.27975689992
522,2460497.7792824,291.6124785,13.3679675,2,18.82659912109375,0.09811100363731384,60497.27928239992
523,2460497.7788194,291.6125403,13.3680309,2,18.860599517822266,0.12228500097990036,60497.278819399886
524,2460497.7783449,291.6125039,13.368032,2,18.910499572753906,0.08901599794626236,60497.27834489988
525,2460497.7778704,291.6124987,13.3679756,2,19.114500045776367,0.11243899911642075,60497.27787039988
527,2460497.7769329,291.61248,13.3680358,2,19.462600708007812,0.13969899713993073,60497.27693289984
530,2460497.7755093,291.6124529,13.3679863,2,19.271400451660156,0.12464699894189835,60497.275509300176
531,2460497.7750463,291.6125121,13.3679985,2,19.06329917907715,0.09668400138616562,60497.27504630014
532,2460497.7745718,291.6124833,13.3680077,2,18.907400131225586,0.09422799944877625,60497.27457180014
533,2460497.7740972,291.6125089,13.3680101,2,19.027799606323242,0.11036500334739685,60497.27409720002
534,2460497.7736343,291.6125138,13.3680455,2,18.927799224853516,0.1057090014219284,60497.2736343001
535,2460497.7731597,291.6124517,13.3680066,2,18.916400909423828,0.10168199986219406,60497.27315969998
536,2460497.7726852,291.6124694,13.3680312,2,18.853900909423828,0.11647400259971619,60497.272685199976
539,2460497.7712731,291.6125131,13.3680148,2,19.704999923706055,0.20058800280094147,60497.27127309982
540,2460497.7708102,291.6125014,13.3679892,2,19.61639976501465,0.16052299737930298,60497.2708101999
542,2460497.7698611,291.6124418,13.3679647,2,19.392099380493164,0.15957200527191162,60497.269861099776
543,2460497.7693981,291.6125049,13.3680367,2,18.916000366210938,0.10397399961948395,60497.26939810021
544,2460497.7689236,291.6124724,13.3679912,2,18.890199661254883,0.09051100164651871,60497.268923600204
545,2460497.7684606,291.6125096,13.368015,2,18.975200653076172,0.10272400081157684,60497.26846060017
546,2460497.7679861,291.612482,13.3679898,2,19.11829948425293,0.11857900023460388,60497.26798610017
547,2460497.7675116,291.612484,13.3680491,2,19.17009925842285,0.10106399655342102,60497.26751160016
548,2460497.767037,291.6124957,13.3679998,2,18.66010093688965,0.0811379998922348,60497.26703700004
549,2460497.7665741,291.6124675,13.3680464,2,18.50510025024414,0.08305100351572037,60497.266574100126
550,2460497.7660995,291.612479,13.3680027,2,18.496599197387695,0.11092200130224228,60497.266099500004
551,2460497.765625,291.6125112,13.3680494,2,18.616100311279297,0.09005899727344513,60497.265625
552,2460497.7651505,291.6124848,13.3680024,2,18.693300247192383,0.07548099756240845,60497.265150499996
553,2460497.7646875,291.6125053,13.3680498,2,18.66160011291504,0.103363998234272,60497.26468749996
554,2460497.764213,291.6125121,13.3679933,2,18.53030014038086,0.07953400164842606,60497.26421299996
555,2460497.76375,291.6125076,13.3680071,2,18.470500946044922,0.06973099708557129,60497.263749999925
556,2460497.7632755,291.6124932,13.3679987,2,18.241899490356445,0.07913199812173843,60497.26327549992
557,2460497.7628009,291.6124909,13.3680181,2,18.390899658203125,0.06610000133514404,60497.2628008998
559,2460497.7618634,291.6125072,13.3680147,2,18.598499298095703,0.08666100353002548,60497.26186340023
560,2460497.7614005,291.612496,13.3680235,2,18.357099533081055,0.07942300289869308,60497.26140049985
561,2460497.7609259,291.6125129,13.367998,2,18.384599685668945,0.06489299982786179,60497.26092590019
562,2460497.7604514,291.6124705,13.368018,2,18.416799545288086,0.06720799952745438,60497.26045140019
563,2460497.7599769,291.6124792,13.3680504,2,18.181800842285156,0.06089000031352043,60497.25997690018
564,2460497.7595139,291.6124744,13.3680382,2,18.199800491333008,0.06667300313711166,60497.25951390015
565,2460497.7590394,291.612478,13.3680082,2,18.327899932861328,0.07278899848461151,60497.259039400145
566,2460497.7585648,291.6125004,13.3680101,2,18.664600372314453,0.1063690036535263,60497.258564800024
567,2460497.7581019,291.6125059,13.3680419,2,18.675600051879883,0.07222899794578552,60497.25810190011
568,2460497.7576273,291.6124857,13.3680231,2,18.52280044555664,0.0817909985780716,60497.25762729999
569,2460497.7571644,291.6124701,13.3680249,2,18.195100784301758,0.07396399974822998,60497.25716440007
570,2460497.7566898,291.6124858,13.3680046,2,18.19809913635254,0.06334000080823898,60497.25668979995
571,2460497.7562153,291.6124975,13.3679849,2,18.2450008392334,0.06773599982261658,60497.256215299945
573,2460497.7557407,291.6125107,13.3679959,2,18.385499954223633,0.06588400155305862,60497.255740699824
574,2460497.7552778,291.6124832,13.3679957,2,18.624399185180664,0.07378999888896942,60497.25527779991
577,2460497.7543287,291.6124895,13.3679795,2,18.775800704956055,0.08196499943733215,60497.25432869978
578,2460497.7538657,291.6124798,13.3680138,2,18.74449920654297,0.08115299791097641,60497.253865700215
580,2460497.7529167,291.6124568,13.3680267,2,18.90290069580078,0.10397499799728394,60497.25291670021
581,2460497.7524537,291.6125121,13.3680333,2,18.5408992767334,0.08218999952077866,60497.252453700174
582,2460497.7519792,291.6124925,13.3679842,2,18.56559944152832,0.07719500362873077,60497.25197920017
584,2460497.7510417,291.6124733,13.3679951,2,18.410900115966797,0.0691170021891594,60497.25104170013
585,2460497.7505671,291.6124816,13.3680087,2,18.328699111938477,0.06724700331687927,60497.25056710001
586,2460497.7500926,291.6124765,13.3680114,2,18.25860023498535,0.06625399738550186,60497.25009260001
587,2460497.7496181,291.6124797,13.3680067,2,18.14430046081543,0.05665900185704231,60497.2496181
588,2460497.7491435,291.6124611,13.3680293,2,18.355600357055664,0.10680200159549713,60497.24914349988
589,2460497.7486806,291.6124748,13.3680168,2,18.47170066833496,0.08210299909114838,60497.248680599965
590,2460497.748206,291.6124443,13.3680268,2,18.514400482177734,0.07577499747276306,60497.248205999844
591,2460497.7477315,291.6124616,13.3680166,2,18.427600860595703,0.07055500149726868,60497.24773149984
592,2460497.7472685,291.6124882,13.3680301,2,18.37350082397461,0.08860599994659424,60497.24726849981
594,2460497.746794,291.6124774,13.3679991,2,18.582599639892578,0.08224699646234512,60497.2467939998
596,2460497.7463194,291.6124994,13.3679963,2,18.72450065612793,0.07195600122213364,60497.24631940015
597,2460497.7458565,291.6124866,13.3679992,2,18.779499053955078,0.10770200192928314,60497.24585650023
598,2460497.7453704,291.6124775,13.3680186,2,18.634599685668945,0.08544600009918213,60497.24537040014
599,2460497.7449074,291.6124712,13.3680232,2,18.593799591064453,0.07260400056838989,60497.244907400105
600,2460497.7444329,291.6124824,13.368042,2,18.502700805664062,0.090379998087883,60497.2444329001
601,2460497.7439583,291.6124803,13.3680379,2,18.58329963684082,0.10329999774694443,60497.24395829998
602,2460497.7434954,291.6124742,13.3680553,2,18.895999908447266,0.0978429988026619,60497.243495400064
603,2460497.7430208,291.6124781,13.3680434,2,18.608800888061523,0.08601900190114975,60497.24302079994
604,2460497.7425463,291.6124971,13.3680126,2,18.479000091552734,0.0580889992415905,60497.24254629994
605,2460497.7420718,291.6125029,13.3680255,2,18.501699447631836,0.06975899636745453,60497.242071799934
606,2460497.7416088,291.6125187,13.367994,2,18.400299072265625,0.07734200358390808,60497.2416087999
607,2460497.7411343,291.6125077,13.3679876,2,18.69770050048828,0.07101000100374222,60497.2411342999
609,2460497.7401968,291.6124978,13.3680426,2,18.86549949645996,0.11292199790477753,60497.24019679986
610,2460497.7397222,291.6124615,13.368022,2,18.681299209594727,0.07406599819660187,60497.239722200204
611,2460497.7392477,291.6125124,13.3680076,2,18.59160041809082,0.0754460021853447,60497.2392477002
612,2460497.7387847,291.6124946,13.3680162,2,18.47010040283203,0.0601079985499382,60497.23878470017
613,2460497.7383102,291.6124966,13.3679989,2,18.596599578857422,0.08966399729251862,60497.23831020016
614,2460497.7378356,291.6125021,13.3679928,2,18.5093994140625,0.07098499685525894,60497.23783560004
615,2460497.7373727,291.6124587,13.3680321,2,18.764400482177734,0.10426300019025803,60497.237372700125
616,2460497.7368981,291.612512,13.3679685,2,19.161399841308594,0.13448399305343628,60497.2368981
617,2460497.7364352,291.612477,13.3680006,2,18.98889923095703,0.09620299935340881,60497.23643520009
618,2460497.7359606,291.6125051,13.3679775,2,18.9143009185791,0.12356700003147125,60497.235960599966
619,2460497.7354861,291.6124727,13.3679979,2,18.4601993560791,0.07694400101900101,60497.23548609996
620,2460497.7350116,291.6124521,13.367998,2,18.157699584960938,0.06048800051212311,60497.23501159996
621,2460497.7345486,291.6124847,13.3680572,2,18.782400131225586,0.10171599686145782,60497.234548599925
622,2460497.7340741,291.6124818,13.3680561,2,18.685100555419922,0.07957900315523148,60497.23407409992
623,2460497.7335995,291.6124669,13.3680126,2,19.072999954223633,0.10373400151729584,60497.2335994998
626,2460497.732662,291.6124721,13.3679669,2,19.255800247192383,0.11861400306224823,60497.23266200023
628,2460497.731713,291.6125078,13.3679794,2,18.9552001953125,0.10250899940729141,60497.23171300022
630,2460497.7307755,291.6124597,13.367985,2,18.691499710083008,0.07801999896764755,60497.23077550018
631,2460497.7303009,291.6124955,13.3679935,2,18.316299438476562,0.07249700278043747,60497.23030090006
632,2460497.729838,291.6124959,13.3680064,2,18.60569953918457,0.08469100296497345,60497.229838000145
633,2460497.7293634,291.612497,13.3679899,2,18.677900314331055,0.10092099756002426,60497.22936340002
636,2460497.7279514,291.6124887,13.3680085,2,18.458599090576172,0.07013999670743942,60497.22795139998
637,2460497.7274769,291.6124938,13.3680048,2,18.368799209594727,0.059661999344825745,60497.22747689998
638,2460497.7270139,291.6124557,13.3680014,2,18.923900604248047,0.12461700290441513,60497.227013899945
639,2460497.7265394,291.6124726,13.3680733,2,18.79829978942871,0.12550300359725952,60497.22653939994
640,2460497.7260648,291.61246,13.3680397,2,18.78619956970215,0.10103899985551834,60497.22606479982
641,2460497.7256019,291.6124451,13.3680018,2,18.871200561523438,0.11645899713039398,60497.2256018999
643,2460497.7246528,291.6125312,13.3679989,2,19.096399307250977,0.0955049991607666,60497.22465279978
644,2460497.7241782,291.6124927,13.3680744,2,18.83289909362793,0.12093599885702133,60497.22417820012
645,2460497.7237153,291.6124621,13.3679574,2,19.067699432373047,0.10866200178861618,60497.223715300206
646,2460497.7232407,291.6124163,13.3678261,2,19.888999938964844,0.30702999234199524,60497.223240700085
647,2460497.7227662,291.6125307,13.3679976,2,19.156400680541992,0.12912599742412567,60497.22276620008
648,2460497.7223032,291.6124761,13.3679695,2,19.05190086364746,0.13745200634002686,60497.22230320005
649,2460497.7218287,291.6124769,13.368011,2,18.66860008239746,0.09704899787902832,60497.22182870004
650,2460497.7213542,291.6125062,13.3680328,2,18.909500122070312,0.09628400206565857,60497.22135420004
651,2460497.7208912,291.6124897,13.3679973,2,18.939800262451172,0.09515500068664551,60497.220891200006
652,2460497.7204167,291.6124605,13.367986,2,19.034400939941406,0.08737300336360931,60497.2204167
653,2460497.7199421,291.6124454,13.3680193,2,18.988100051879883,0.1226160004734993,60497.21994209988
654,2460497.7194792,291.6125159,13.367999,2,18.88159942626953,0.10790300369262695,60497.219479199965
655,2460497.7190046,291.6124416,13.368031,2,18.8976993560791,0.10734099894762039,60497.21900459984
656,2460497.7185301,291.6124662,13.3680177,2,18.80459976196289,0.10436899960041046,60497.21853009984
657,2460497.7180671,291.612491,13.368016,2,18.521499633789062,0.0719359964132309,60497.218067099806
658,2460497.7175926,291.6125044,13.3679932,2,18.34589958190918,0.07124800235033035,60497.2175925998
659,2460497.7171181,291.6124647,13.3679893,2,18.725900650024414,0.07592199742794037,60497.2171180998
660,2460497.7166551,291.6124661,13.3679658,2,18.824199676513672,0.11680900305509567,60497.21665510023
661,2460497.7161806,291.6125088,13.3680035,2,18.571300506591797,0.07680899649858475,60497.216180600226
662,2460497.715706,291.6124907,13.3680005,2,18.65049934387207,0.1152930036187172,60497.215706000105
664,2460497.7147685,291.6124789,13.3680521,2,18.884300231933594,0.09379000216722488,60497.21476850007
665,2460497.7143056,291.6125005,13.3680369,2,18.567699432373047,0.08115299791097641,60497.21430560015
666,2460497.713831,291.6125017,13.3679851,2,18.540800094604492,0.08527400344610214,60497.21383100003
667,2460497.7133565,291.6125086,13.3679924,2,18.503799438476562,0.08387300372123718,60497.213356500026
668,2460497.7128935,291.6124567,13.368001,2,18.38360023498535,0.07650599628686905,60497.21289349999
669,2460497.712419,291.6124806,13.3680107,2,18.1289005279541,0.07986799627542496,60497.21241899999
670,2460497.711956,291.6124727,13.3680314,2,18.399099349975586,0.05696700140833855,60497.211955999956
671,2460497.7114815,291.6124701,13.3680285,2,18.237499237060547,0.07291200011968613,60497.21148149995
672,2460497.7110069,291.6125007,13.3680191,2,18.365100860595703,0.0859220027923584,60497.21100689983
674,2460497.7100694,291.6124612,13.3679674,2,18.837099075317383,0.1029919981956482,60497.21006939979
675,2460497.7095949,291.6125001,13.3679982,2,19.00979995727539,0.11481700092554092,60497.20959489979
676,2460497.7091204,291.6124789,13.3680026,2,18.797300338745117,0.09475599974393845,60497.209120399784
678,2460497.7086574,291.6125146,13.3680069,2,18.626699447631836,0.09669999778270721,60497.20865740022
679,2460497.7081829,291.6124921,13.3680255,2,18.62660026550293,0.09784699976444244,60497.20818290021
682,2460497.7072338,291.6124554,13.3680368,2,18.89579963684082,0.1068589985370636,60497.20723380009
683,2460497.7067708,291.6124789,13.3680131,2,18.7721004486084,0.08476900309324265,60497.206770800054
685,2460497.7062963,291.6124664,13.3680194,2,18.82040023803711,0.13140900433063507,60497.20629630005
686,2460497.7058218,291.6124994,13.3680446,2,18.591400146484375,0.11012300103902817,60497.205821800046
687,2460497.7053472,291.6124828,13.3680069,2,18.719900131225586,0.09767100214958191,60497.205347199924
689,2460497.7048843,291.6124949,13.3680248,2,18.900100708007812,0.10038100183010101,60497.20488430001
690,2460497.7044097,291.6124992,13.3680047,2,18.782499313354492,0.08121100068092346,60497.20440969989
691,2460497.7039352,291.6124975,13.3679915,2,18.71139907836914,0.07808999717235565,60497.20393519988
693,2460497.7029977,291.6124512,13.3680252,2,18.8976993560791,0.08553099632263184,60497.202997699846
694,2460497.7025231,291.6125695,13.3679449,2,19.07349967956543,0.1486320048570633,60497.20252310019
696,2460497.7020486,291.6124312,13.3680365,2,19.073699951171875,0.10769400000572205,60497.202048600186
698,2460497.7011111,291.6124695,13.3680171,2,18.430099487304688,0.07138600200414658,60497.20111110015
700,2460497.7001736,291.6125038,13.3680139,2,18.734399795532227,0.08253200352191925,60497.20017360011
701,2460497.6996991,291.6124853,13.3679902,2,18.326200485229492,0.07225099951028824,60497.19969910011
702,2460497.6992245,291.6124722,13.3679856,2,18.577600479125977,0.07345499843358994,60497.199224499986
703,2460497.69875,291.6125014,13.3680098,2,18.660600662231445,0.09031199663877487,60497.19874999998
705,2460497.698287,291.612466,13.3680282,2,18.345500946044922,0.09810599684715271,60497.19828699995
706,2460497.6978125,291.6124816,13.3680208,2,18.286399841308594,0.07413499802350998,60497.197812499944
707,2460497.697338,291.6124781,13.3680335,2,18.2012996673584,0.07269100099802017,60497.19733799994
708,2460497.696875,291.6125032,13.3679917,2,18.303800582885742,0.07106100022792816,60497.19687499991
709,2460497.6964005,291.6124582,13.368034,2,18.577299118041992,0.09888199716806412,60497.1964004999
712,2460497.6949884,291.6124491,13.3680124,2,19.2450008392334,0.16132499277591705,60497.19498840021
713,2460497.6945139,291.6124539,13.3679734,2,19.074100494384766,0.11657600104808807,60497.194513900205
717,2460497.6926273,291.6124594,13.3679992,2,18.431400299072266,0.0778300017118454,60497.19262730004
718,2460491.9573264,291.6124961,13.3679943,1,19.305999755859375,0.10385700315237045,60491.457326400094
719,2460491.9005787,291.6124825,13.3679981,2,18.487899780273438,0.08017200231552124,60491.400578700006
720,2460489.9268171,291.6125131,13.3679671,1,20.052900314331055,0.22583599388599396,60489.42681710003
721,2460489.8609028,291.6124845,13.3679961,2,19.028799057006836,0.10037100315093994,60489.360902800225
722,2460487.9015509,291.6125147,13.3679689,2,19.285999298095703,0.14454199373722076,60487.40155090019
723,2460487.8739236,291.6124712,13.3680067,1,19.262699127197266,0.15510700643062592,60487.373923600186
724,2460484.878287,291.612533,13.3680393,1,18.894800186157227,0.1422940045595169,60484.378287000116
725,2460484.8571296,291.6124403,13.3680006,2,18.897600173950195,0.12926800549030304,60484.3571295999
726,2460482.9207176,291.6124632,13.3680002,1,18.9237003326416,0.10814499855041504,60482.4207175998
727,2460482.8585185,291.6124978,13.3679828,2,18.251399993896484,0.0714230015873909,60482.35851849988
728,2460479.9009838,291.6124609,13.3680149,1,19.260299682617188,0.10309900343418121,60479.40098380018
729,2460479.8398843,291.6124824,13.3680148,2,18.153600692749023,0.06798800081014633,60479.339884299785
730,2460476.9545602,291.6124939,13.3680094,2,18.440099716186523,0.06581299751996994,60476.45456020022
731,2460476.8778819,291.6124857,13.3680518,1,19.818199157714844,0.1362999975681305,60476.37788189994
732,2460473.9203241,291.6124454,13.3680016,1,19.440900802612305,0.09960299730300903,60473.42032410018
733,2460473.8783218,291.6124792,13.3680124,2,18.496000289916992,0.07337699830532074,60473.378321799915
734,2460471.9144676,291.6124675,13.3679938,1,19.931400299072266,0.21306699514389038,60471.414467600174
735,2460471.8746875,291.6124734,13.3680075,2,18.187599182128906,0.06457299739122391,60471.37468749983
736,2460469.9552083,291.6124536,13.3680154,1,19.7268009185791,0.1449729949235916,60469.45520830015
738,2460463.901088,291.6124781,13.3680269,2,18.08690071105957,0.06962999701499939,60463.40108799981
739,2460463.8395602,291.6124521,13.3680148,1,19.134199142456055,0.10473299771547318,60463.339560199995
740,2460459.9281366,291.6124567,13.3680644,1,19.223499298095703,0.138373002409935,60459.42813660018
741,2460459.8997338,291.6124723,13.3680109,2,18.57349967956543,0.09735400229692459,60459.399733799975
743,2460457.8601157,291.6124713,13.3680117,2,18.132099151611328,0.07472600042819977,60457.360115699936
745,2460450.9370139,291.6125199,13.3679546,1,19.728900909423828,0.20046600699424744,60450.43701389991
746,2460450.9007523,291.6124814,13.3679772,2,18.53380012512207,0.08020199835300446,60450.40075229993
748,2460445.9693866,291.6124644,13.368033,2,18.295900344848633,0.06907299906015396,60445.46938659996
749,2460442.9905671,291.6124709,13.3680261,2,18.5487003326416,0.07203900068998337,60442.49056709977
750,2460440.9162731,291.6124609,13.368016,2,18.313899993896484,0.06008300185203552,60440.416273099836
751,2460433.9663194,291.6124678,13.3680007,1,18.86549949645996,0.09136400371789932,60433.466319399886
752,2460433.9225116,291.612483,13.3680274,2,18.63960075378418,0.08740600198507309,60433.42251159996
753,2460430.9646759,291.6124825,13.3680158,1,18.88129997253418,0.10312200337648392,60430.46467590006
754,2460424.9812963,291.6124738,13.367981,2,18.328500747680664,0.07845299690961838,60424.48129629996
755,2460424.9606597,291.6123574,13.3680228,1,19.168899536132812,0.18290400505065918,60424.46065969998
756,2460421.9643287,291.6124797,13.3679981,1,19.736799240112305,0.21692200005054474,60421.46432870021
757,2460421.9244907,291.612495,13.3680163,2,18.221799850463867,0.06396699696779251,60421.42449070001
758,2460418.9343981,291.6125297,13.3680542,1,19.038999557495117,0.18658599257469177,60418.43439809978
759,2460407.9634144,291.6124456,13.3680009,1,19.96324920654297,0.19708041846752167,60407.463414399885
760,2460407.9634144,291.6124456,13.3680009,1,19.963199615478516,0.19708000123500824,60407.463414399885
761,2460402.9770718,291.6124723,13.3680339,2,18.770999908447266,0.13283699750900269,60402.4770717998
762,2460402.9770718,291.6124723,13.3680339,2,18.770999908447266,0.13283699750900269,60402.4770717998
763,2460397.9421875,291.6125396,13.3680377,2,18.036500930786133,0.1261409968137741,60397.442187500186
765,2460392.0088542,291.6125,13.3679571,1,19.60219955444336,0.2212039977312088,60391.50885420013
767,2460390.0157407,291.6124612,13.368029,2,18.133899688720703,0.06541799753904343,60389.515740700066
771,2460375.0225579,291.6124589,13.3680275,1,19.313100814819336,0.13841499388217926,60374.52255789982
775,2460358.0563194,291.612457,13.3680146,2,18.700899124145508,0.09885799884796143,60357.5563194002
776,2460358.0558449,291.6124903,13.3680198,2,18.679899215698242,0.11712700128555298,60357.5558449002
777,2460358.0553819,291.6124848,13.367998,2,18.512100219726562,0.07020299881696701,60357.555381900165
780,2460357.0591088,291.6124809,13.3680402,2,18.354700088500977,0.07987900078296661,60356.55910879979
781,2460356.0572685,291.6124703,13.3679767,2,18.761499404907227,0.11239799857139587,60355.55726849986
782,2460356.056794,291.6125317,13.3680533,2,18.706100463867188,0.10366299748420715,60355.55679399986
787,2460268.6356713,291.612506,13.3679538,2,18.74151611328125,0.13121545314788818,60268.13567129988
788,2460262.6641435,291.6124523,13.3680221,1,19.789499282836914,0.23820799589157104,60262.16414349992
790,2460260.6109838,291.6124723,13.3680135,2,18.021299362182617,0.06282299757003784,60260.11098380014
792,2460258.6111227,291.6124724,13.3679857,2,18.83340072631836,0.16394400596618652,60258.11112269992
793,2460255.6297338,291.6124782,13.36807,2,18.440000534057617,0.099761001765728,60255.12973379996
794,2460255.610625,291.6125128,13.368042,1,19.31209945678711,0.10353799909353256,60255.110625000205
795,2460253.6552083,291.6124785,13.3680049,2,18.017799377441406,0.06661500036716461,60253.15520829987
797,2460251.6665394,291.6125045,13.3680109,2,18.179500579833984,0.09037099778652191,60251.166539399885
798,2460251.610787,291.6125061,13.3680352,1,19.232200622558594,0.13552799820899963,60251.11078700004
799,2460249.6518981,291.6124601,13.3679988,2,18.482961654663086,0.16130736470222473,60249.15189810004
801,2460249.6231713,291.6124743,13.3679651,1,19.534500122070312,0.1838179975748062,60249.12317130016
803,2460245.6608912,291.6124684,13.3680529,2,18.913799285888672,0.1471409946680069,60245.16089119995
804,2460242.6415278,291.6124266,13.3679432,1,19.939199447631836,0.2620770037174225,60242.14152779989
805,2460239.6495255,291.6124732,13.3679902,1,19.94641876220703,0.19712089002132416,60239.1495254999
806,2460239.6495255,291.6124732,13.3679902,1,19.946399688720703,0.19712099432945251,60239.1495254999
807,2460239.6213426,291.6124781,13.3680152,2,18.28190040588379,0.09517499804496765,60239.12134259986
809,2460237.6429745,291.6124442,13.3680608,1,19.79319953918457,0.21686600148677826,60237.14297450008
810,2460235.6547454,291.6125097,13.3680462,1,20.10140037536621,0.21987499296665192,60235.15474539995
811,2460233.700463,291.61247,13.3680219,1,19.718900680541992,0.17845800518989563,60233.20046300022
812,2460233.6419329,291.6125048,13.3680482,2,18.943899154663086,0.11907599866390228,60233.141932900064
813,2460231.7024421,291.6124508,13.3680898,1,19.7893009185791,0.18300899863243103,60231.202442099806
815,2460227.7070833,291.6125023,13.3679858,1,19.493499755859375,0.15509699285030365,60227.20708330022
816,2460227.674838,291.6124894,13.3679855,2,18.661399841308594,0.0763470008969307,60227.17483799998
817,2460223.6840625,291.6124901,13.3679827,2,18.982200622558594,0.08450499922037125,60223.18406250002
818,2460223.6454977,291.6125027,13.3680491,1,19.156028747558594,0.09365394711494446,60223.1454977002
820,2460221.7899537,291.6124536,13.3678896,2,18.7460994720459,0.16009700298309326,60221.2899536998
821,2460221.6716551,291.6124956,13.3680305,1,19.312700271606445,0.1422549933195114,60221.17165509984
822,2460217.6545139,291.6124898,13.3680084,2,18.9153995513916,0.15121500194072723,60217.15451390017
823,2460215.7444792,291.6124598,13.3679898,2,18.7106990814209,0.10805899649858475,60215.24447919987
824,2460215.6786227,291.6124659,13.3680156,1,18.830400466918945,0.14714699983596802,60215.17862269981
825,2460213.6844792,291.6124614,13.3680577,2,18.926433563232422,0.12137811630964279,60213.184479199816
826,2460213.6844792,291.6124614,13.3680577,2,18.92639923095703,0.12137799710035324,60213.184479199816
827,2460213.6333912,291.6124853,13.3679067,1,19.20170021057129,0.19246500730514526,60213.1333912001
828,2460211.7203009,291.612393,13.3680557,1,19.0625,0.13196299970149994,60211.22030089982
829,2460211.6668519,291.6124757,13.3680312,2,18.77750015258789,0.10620799660682678,60211.16685190005
830,2460211.6668519,291.6124757,13.3680312,2,18.77750015258789,0.10620799660682678,60211.16685190005
831,2460207.7225,291.6124765,13.3680229,1,19.53350067138672,0.13831600546836853,60207.22250000015
834,2460205.6401389,291.6124922,13.3679959,1,19.709199905395508,0.12488199770450592,60205.14013889991
835,2460203.7087153,291.6124795,13.36798,2,18.69770050048828,0.07333800196647644,60203.208715300076
836,2460203.6725579,291.6124839,13.3680136,1,19.76099967956543,0.1486790031194687,60203.172557900194
837,2460201.6946991,291.6124518,13.3680327,1,20.142230987548828,0.1896863579750061,60201.19469910022
839,2460201.6727199,291.6124729,13.3680359,2,18.21969985961914,0.069241002202034,60201.17271990003
840,2460201.6727199,291.6124729,13.3680359,2,18.21969985961914,0.069241002202034,60201.17271990003
841,2460201.6727199,291.6124729,13.3680359,2,18.21969985961914,0.069241002202034,60201.17271990003
843,2460198.8540046,291.6125066,13.3680565,1,19.458799362182617,0.21492899954319,60198.354004600085
844,2460198.6857755,291.6124652,13.3680032,2,18.60140037536621,0.07407200336456299,60198.18577549979
845,2460195.7125347,291.6124775,13.368038,2,18.735456466674805,0.10781987756490707,60195.212534700055
846,2460195.7125347,291.6124775,13.368038,2,18.73550033569336,0.10781999677419662,60195.212534700055
847,2460195.6859838,291.6124978,13.3680024,1,19.324499130249023,0.14612199366092682,60195.18598379986
848,2460195.6859838,291.6124978,13.3680024,1,19.324499130249023,0.14612199366092682,60195.18598379986
851,2460187.6563542,291.6124883,13.3680775,1,19.563199996948242,0.23106500506401062,60187.156354200095
853,2460185.7113773,291.6124775,13.368017,2,18.547300338745117,0.08825500309467316,60185.21137729986
854,2460183.7116088,291.612462,13.3680418,1,18.96969985961914,0.12704800069332123,60183.211608800106
855,2460183.6915625,291.6124976,13.3680156,2,18.854000091552734,0.09257300198078156,60183.19156249985
856,2460181.8216204,291.6125001,13.3679832,1,19.547500610351562,0.16081100702285767,60181.321620400064
857,2460181.7365741,291.6124711,13.3680236,2,18.643199920654297,0.09657300263643265,60181.236574099865
859,2460174.8174421,291.6124899,13.3680043,1,19.914600372314453,0.17061099410057068,60174.31744210003
860,2460174.731412,291.6124715,13.3680192,2,18.526899337768555,0.09423000365495682,60174.23141200002
862,2460172.6933681,291.6124864,13.3680289,2,18.273000717163086,0.08260399848222733,60172.193368100096
865,2460168.8621296,291.6124912,13.3680422,1,19.815799713134766,0.1873220056295395,60168.36212959979
867,2460164.789919,291.6124842,13.3680006,2,19.675899505615234,0.18843799829483032,60164.28991900012
878,2460148.7897685,291.612487,13.3679884,1,19.930099487304688,0.17265799641609192,60148.28976849979
886,2460139.7767477,291.6125603,13.3679822,2,19.12849998474121,0.1089790016412735,60139.27674769983
887,2460137.9133912,291.6124547,13.3680052,2,19.93589973449707,0.21774199604988098,60137.413391199894
890,2460135.812963,291.6124867,13.3680153,2,19.963300704956055,0.30636098980903625,60135.31296300003
895,2460125.9368056,291.6125034,13.3680141,2,19.640499114990234,0.16960899531841278,60125.436805599835
911,2460101.8775463,291.6124305,13.3681355,2,19.23819923400879,0.1564909964799881,60101.37754630018
913,2460094.9494792,291.6124646,13.3680045,2,19.135181427001953,0.10774047672748566,60094.449479199946
914,2460094.9035648,291.6124332,13.3680922,1,20.028900146484375,0.1697549968957901,60094.40356480004
915,2460092.8942593,291.6124635,13.3680691,2,19.28030014038086,0.09908399730920792,60092.39425930008
916,2460092.8484491,291.6124746,13.3679928,1,20.12070083618164,0.20336900651454926,60092.34844909981
918,2460087.9406019,291.6124479,13.368034,1,20.015100479125977,0.16617299616336823,60087.44060190022
919,2460087.8842361,291.612462,13.3680509,2,18.83099937438965,0.07876099646091461,60087.38423610013
920,2460085.9874421,291.6124559,13.3680344,2,18.69099998474121,0.08274400234222412,60085.487442099955
921,2460085.881169,291.6124694,13.3679977,1,19.864299774169922,0.13227899372577667,60085.381169000175
923,2460083.9278241,291.6124251,13.3680347,1,19.649700164794922,0.12617099285125732,60083.427824100014
924,2460081.9126273,291.6124775,13.3680427,2,18.919200897216797,0.09059099853038788,60081.41262729978
925,2460081.8712269,291.6124554,13.368021,1,19.908700942993164,0.13718099892139435,60081.37122689979
926,2460078.9410764,291.6124069,13.3680305,2,19.18630027770996,0.1143530011177063,60078.441076400224
928,2460076.9484954,291.6124684,13.3680509,2,18.644800186157227,0.07828900218009949,60076.44849540014
929,2460076.9065856,291.6123823,13.3680085,1,20.051599502563477,0.24072599411010742,60076.40658560023
930,2460072.9953819,291.6124999,13.3680374,2,18.929500579833984,0.1261029988527298,60072.49538190011
935,2460060.9257986,291.6125418,13.3680246,1,20.565900802612305,0.3060089945793152,60060.425798600074
936,2460058.9561343,291.6124953,13.3680883,2,20.055500030517578,0.18194299936294556,60058.45613430021
937,2460057.0083912,291.6124941,13.3679855,2,19.480600357055664,0.6087030172348022,60056.5083912001
940,2460054.9479861,291.6123054,13.3680271,1,20.33970069885254,0.29478099942207336,60054.44798609987
942,2460051.9551505,291.6124449,13.3680117,2,19.35379981994629,0.12937599420547485,60051.45515049994
949,2459913.6340162,291.612533,13.3680427,2,18.23073959350586,0.09806100279092789,59913.13401619997
951,2459909.6093403,291.6125155,13.3680764,2,19.204099655151367,0.20092299580574036,59909.10934029985
952,2459907.6119676,291.6124476,13.3680429,1,19.375,0.1812629997730255,59907.11196759995
958,2459899.6131366,291.612499,13.3679783,2,18.529800415039062,0.08744999766349792,59899.11313659977
962,2459889.6130787,291.6124718,13.3679827,1,18.925600051879883,0.13886499404907227,59889.11307869991
963,2459887.6640972,291.6124865,13.3678653,1,19.402799606323242,0.23108899593353271,59887.16409720015
964,2459887.6373611,291.6124599,13.3680138,2,18.203399658203125,0.0933310016989708,59887.13736109994
965,2459882.6285185,291.6124988,13.3680043,1,19.685400009155273,0.16342000663280487,59882.1285184999
966,2459880.6162963,291.6124974,13.3680147,2,18.755699157714844,0.08511500060558319,59880.1162963002
967,2459877.7068403,291.612532,13.3679721,1,18.9419002532959,0.16255100071430206,59877.2068403
968,2459877.6312037,291.612528,13.3680063,2,18.552799224853516,0.08418600261211395,59877.13120369986
969,2459873.6421759,291.6124781,13.3679942,2,18.22439956665039,0.08275400102138519,59873.14217589982
970,2459870.6537616,291.6124622,13.3679954,2,18.975500106811523,0.07194100320339203,59870.153761600144
971,2459870.6174769,291.6124578,13.3680336,1,19.36590003967285,0.14296500384807587,59870.11747690011
972,2459867.6652083,291.6124662,13.3680534,2,18.916000366210938,0.1112229973077774,59867.16520830011
973,2459865.6837731,291.6125013,13.3680411,1,18.88990020751953,0.11296200007200241,59865.18377309991
974,2459865.6218403,291.6124851,13.3679959,2,18.46419906616211,0.10515700280666351,59865.12184030004
980,2459855.712338,291.6124959,13.3680052,1,19.207199096679688,0.1347160041332245,59855.21233800007
981,2459853.7033449,291.6125105,13.3680468,2,18.5049991607666,0.08553899824619293,59853.20334490016
982,2459853.650162,291.6124797,13.3679963,1,19.567899703979492,0.13364599645137787,59853.15016200021
983,2459850.6529051,291.6124486,13.3680104,1,18.79640007019043,0.07459499686956406,59850.152905100025
984,2459850.6447454,291.6124726,13.3680187,2,18.02549934387207,0.0938280001282692,59850.144745400175
985,2459848.6987731,291.6124899,13.3680038,2,18.058399200439453,0.056731998920440674,59848.19877310004
986,2459848.6508912,291.6124766,13.3680428,1,19.432199478149414,0.13213199377059937,59848.150891200174
987,2459846.6537269,291.6124923,13.3680437,2,17.846200942993164,0.08621300011873245,59846.1537269
988,2459844.7293634,291.6124752,13.3680205,1,19.28689956665039,0.10778900235891342,59844.22936340002
989,2459844.665081,291.6124756,13.3679954,2,18.792200088500977,0.08101300150156021,59844.165080999956
990,2459842.6703241,291.6124723,13.3680071,2,18.274900436401367,0.05836600065231323,59842.17032410018
991,2459842.6655093,291.6124938,13.3680093,1,19.443300247192383,0.12615999579429626,59842.16550929984
992,2459840.7360185,291.6124638,13.3680101,1,19.067899703979492,0.0827300027012825,59840.236018499825
993,2459840.6840509,291.6124685,13.3679994,1,18.924699783325195,0.08505599945783615,59840.18405089993
995,2459837.6506134,291.6124775,13.3680319,1,18.883100509643555,0.09468600153923035,59837.150613400154
996,2459827.8177431,291.6124559,13.3680283,2,18.494300842285156,0.1020980030298233,59827.317743100226
997,2459827.7610532,291.6124612,13.3680096,1,19.210500717163086,0.13075299561023712,59827.26105319988
998,2459825.8346181,291.6124831,13.3679977,2,17.687700271606445,0.05930899828672409,59825.334618099965
999,2459825.7488773,291.6124921,13.3680365,1,18.983699798583984,0.09725300222635269,59825.24887729995
1000,2459823.7994444,291.6124862,13.3680061,1,18.692699432373047,0.08258800208568573,59823.299444399774
1001,2459823.7727431,291.6124655,13.3680281,2,18.07360076904297,0.06193700060248375,59823.272743099835
1002,2459821.7414005,291.6124838,13.3680095,2,17.8075008392334,0.07582300156354904,59821.24140049983
1003,2459821.6704514,291.6124569,13.3680248,1,18.668800354003906,0.109654001891613,59821.17045139987
1004,2459819.6950463,291.6124809,13.3680354,2,18.0580997467041,0.06917800009250641,59819.19504630007
1005,2459819.6714583,291.6124583,13.3680264,1,19.322599411010742,0.10100600123405457,59819.1714583002
1006,2459817.6955556,291.6124875,13.3680492,2,17.954999923706055,0.07218000292778015,59817.19555559987
1007,2459817.6770139,291.6124768,13.3680209,1,18.94260025024414,0.0861779972910881,59817.17701390013
1008,2459815.6796875,291.6124596,13.3680224,2,17.697599411010742,0.056919001042842865,59815.1796875
1009,2459813.7903935,291.6124806,13.3680027,1,18.93869972229004,0.09747599810361862,59813.29039350012
1010,2459813.6919444,291.6124772,13.3680299,2,18.395700454711914,0.07529100030660629,59813.19194439985
1011,2459811.8209259,291.6124735,13.368044,2,18.101299285888672,0.0696839988231659,59811.32092589978
1012,2459809.8317708,291.6124873,13.367989,1,19.371299743652344,0.1690790057182312,59809.331770800054
1013,2459807.7419676,291.6124901,13.368023,1,18.76849937438965,0.07770799845457077,59807.24196759984
1014,2459805.7896759,291.6124486,13.36801,1,19.215099334716797,0.16679200530052185,59805.28967589978
1015,2459805.6958796,291.6124993,13.3680063,2,18.52120018005371,0.10301200300455093,59805.19587960001
1016,2459801.8385995,291.6124811,13.3679956,2,18.101299285888672,0.07368099689483643,59801.33859949978
1017,2459797.8524884,291.6124622,13.3679971,2,18.239200592041016,0.05528099834918976,59797.35248839995
1018,2459797.8117361,291.6124743,13.3680371,1,18.915700912475586,0.08265700191259384,59797.31173609989
1019,2459794.7949769,291.6124697,13.3680077,1,19.050100326538086,0.10524799674749374,59794.294976899866
1020,2459794.7896875,291.6124834,13.3680361,2,17.937999725341797,0.0866440013051033,59794.28968749987
1023,2459787.7975,291.6124946,13.3680094,2,17.724700927734375,0.05212600156664848,59787.29749999987
1024,2459787.7700926,291.6124682,13.3679982,1,18.925199508666992,0.0845469981431961,59787.270092600025
1025,2459785.8332639,291.6124784,13.3680229,1,18.972700119018555,0.07720299810171127,59785.33326390013
1026,2459785.8093056,291.612476,13.3679979,2,18.2052001953125,0.06228800117969513,59785.30930559989
1027,2459783.8769792,291.6124579,13.3680225,2,18.077299118041992,0.08757299929857254,59783.37697920017
1028,2459783.8171065,291.6124661,13.3680376,1,19.14419937133789,0.09697899967432022,59783.3171064998
1029,2459781.8529398,291.6124949,13.3679925,1,18.958099365234375,0.10706000030040741,59781.352939799894
1030,2459781.7756597,291.6124677,13.3680191,1,18.631900787353516,0.07772199809551239,59781.275659699924
1031,2459779.8318866,291.612489,13.3680129,2,18.229400634765625,0.052841998636722565,59779.33188659977
1032,2459779.7746065,291.612504,13.3680217,2,18.515600204467773,0.09908699989318848,59779.27460649982
1033,2459776.8704398,291.6124601,13.3679905,2,18.24570083618164,0.1116499975323677,59776.37043979997
1034,2459776.8516782,291.6124801,13.3680037,2,17.764699935913086,0.07023999840021133,59776.351678200066
1035,2459774.8905903,291.6124342,13.3680188,2,18.38960075378418,0.13151800632476807,59774.39059029985
1036,2459774.817662,291.6124638,13.3680267,2,19.114599227905273,0.20161299407482147,59774.31766200019
1037,2459772.9115394,291.612481,13.3680358,2,18.01919937133789,0.06942400336265564,59772.4115394
1038,2459772.8375,291.6124816,13.3680146,2,18.08169937133789,0.08420799672603607,59772.33749999991
1039,2459770.8802894,291.612505,13.3679753,1,19.246000289916992,0.10530900210142136,59770.3802894
1040,2459770.8297454,291.6124698,13.3680347,1,18.728300094604492,0.09832700341939926,59770.32974540023
1041,2459768.8595833,291.6124695,13.3680376,1,19.008699417114258,0.10268600285053253,59768.35958330007
1042,2459768.8387384,291.612474,13.3679883,1,19.190900802612305,0.11886099725961685,59768.33873840002
1043,2459765.881794,291.6124709,13.3680186,1,19.33329963684082,0.11909399926662445,59765.381794000044
1044,2459765.8386111,291.6124545,13.3679879,2,18.159700393676758,0.05011200159788132,59765.33861109987
1045,2459763.8908796,291.6124813,13.3679949,1,19.70829963684082,0.14823900163173676,59763.39087959984
1046,2459763.8363426,291.6124502,13.3679847,2,18.12470054626465,0.050308000296354294,59763.336342600174
1047,2459761.8582523,291.6124932,13.3680202,2,17.96500015258789,0.06924399733543396,59761.35825229995
1049,2459759.872338,291.6124767,13.3680128,1,19.033599853515625,0.11734700202941895,59759.37233800022
1050,2459759.8361806,291.6124818,13.3680462,2,18.317800521850586,0.0833360031247139,59759.33618059987
1051,2459757.8574306,291.6125,13.3679992,1,19.136899948120117,0.09772100299596786,59757.357430600096
1052,2459757.8183681,291.6124856,13.3680412,1,19.455799102783203,0.12419900298118591,59757.318368100096
1053,2459755.8579282,291.6124622,13.3679993,2,18.672100067138672,0.07428400218486786,59755.35792820016
1054,2459752.8183218,291.612521,13.36797,1,19.809499740600586,0.1579039990901947,59752.31832179986
1055,2459750.8378009,291.6124898,13.3679545,2,18.614599227905273,0.09052400290966034,59750.337800899986
1057,2459748.8394329,291.6124914,13.3680079,2,18.629100799560547,0.07957799732685089,59748.33943289984
1058,2459743.893206,291.6124599,13.3679314,1,19.23699951171875,0.19383899867534637,59743.39320599986
1059,2459743.8214352,291.6124942,13.3679821,2,18.74340057373047,0.09150999784469604,59743.32143520005
1060,2459741.9421759,291.6125219,13.3679786,1,20.148300170898438,0.15347599983215332,59741.4421759001
1061,2459741.8629977,291.612457,13.3680385,2,18.872499465942383,0.13422800600528717,59741.362997699995
1062,2459739.9218519,291.6124718,13.3680451,2,18.709699630737305,0.09769699722528458,59739.42185189994
1063,2459737.9156481,291.6124568,13.3680248,1,19.69420051574707,0.12403000146150589,59737.415648099966
1066,2459735.8947801,291.6124797,13.367981,2,19.263200759887695,0.13168899714946747,59735.39478009986
1067,2459733.9421412,291.6124245,13.3679622,1,20.435100555419922,0.19554799795150757,59733.44214119995
1070,2459727.9231134,291.6124039,13.3678709,1,20.570999145507812,0.24836499989032745,59727.42311340012
1072,2459725.9430556,291.6125035,13.3681043,1,20.82069969177246,0.2930079996585846,59725.44305559993
1082,2459711.9571065,291.6124882,13.3679971,2,20.09830093383789,0.26545101404190063,59711.45710649993
1085,2459708.8833333,291.6125753,13.368003,2,19.329500198364258,0.17210699617862701,59708.383333299775
1086,2459702.927338,291.612478,13.3679694,2,18.76129913330078,0.11534900218248367,59702.42733799992
1092,2459694.9432292,291.6125395,13.3680296,1,19.88409996032715,0.29537901282310486,59694.44322919985
1095,2459686.9133565,291.6123815,13.3680557,2,19.16510009765625,0.2401459962129593,59686.41335650021
1097,2459683.9830903,291.612358,13.3679565,1,19.96430015563965,0.22957399487495422,59683.48309030011
1098,2459683.9281713,291.6125642,13.3679303,2,19.2106990814209,0.15609100461006165,59683.42817129986
1099,2459679.9929977,291.6124865,13.3679688,1,19.844200134277344,0.21724599599838257,59679.49299769988
1101,2459675.9922106,291.6124418,13.3680097,1,19.914100646972656,0.17626099288463593,59675.49221060006
1103,2459673.9869329,291.6125666,13.3680003,2,19.161800384521484,0.14086699485778809,59673.4869328998
1107,2459670.9781829,291.6124795,13.368014,2,18.685100555419922,0.07172799855470657,59670.47818290023
1108,2459498.6492245,291.6124706,13.3680271,2,19.15015983581543,0.10846000164747238,59498.14922450017
1109,2459498.6428819,291.6124316,13.3680491,1,20.470800399780273,0.32433998584747314,59498.14288190007
1112,2459484.7123958,291.6124488,13.3680174,2,18.8700008392334,0.0938350036740303,59484.21239579981
1113,2459480.6346991,291.6124439,13.3680634,1,20.051700592041016,0.19383400678634644,59480.13469910016
1115,2459476.7981597,291.6124828,13.3680319,2,18.940799713134766,0.13693299889564514,59476.29815969989
1118,2459473.7461458,291.6124688,13.3680676,2,18.87540054321289,0.11334100365638733,59473.24614580022
1119,2459470.7497685,291.6124768,13.3679575,1,20.227100372314453,0.24254900217056274,59470.249768500216
1120,2459470.6869676,291.6124624,13.36802,2,18.95439910888672,0.08405099809169769,59470.18696760014
1121,2459468.747662,291.6124627,13.36803,2,19.028400421142578,0.10668399930000305,59468.24766199989
1122,2459468.6926505,291.6124971,13.3680538,1,20.071800231933594,0.17858700454235077,59468.19265050022
1124,2459466.6848495,291.6124592,13.3680547,2,18.655799865722656,0.08921899646520615,59466.18484950019
1125,2459464.8116667,291.6124655,13.3680072,2,18.651899337768555,0.10315900295972824,59464.31166670006
1126,2459464.8116667,291.6124655,13.3680072,2,18.651899337768555,0.10315900295972824,59464.31166670006
1127,2459464.6724537,291.6124862,13.3679637,1,19.88129997253418,0.20470699667930603,59464.1724537001
1128,2459464.6724537,291.6124862,13.3679637,1,19.88129997253418,0.20470699667930603,59464.1724537001
1129,2459462.7542708,291.612462,13.3679827,1,20.01889991760254,0.18547099828720093,59462.254270799924
1130,2459462.7113773,291.6124646,13.3680272,2,18.687599182128906,0.08963099867105484,59462.21137729986
1131,2459460.7109028,291.6124786,13.3680436,2,18.82080078125,0.082055002450943,59460.21090279985
1133,2459454.7776042,291.612452,13.3680684,2,18.86949920654297,0.14024299383163452,59454.277604199946
1134,2459454.7276273,291.6124879,13.3679895,1,19.964599609375,0.1857440024614334,59454.22762730019
1135,2459452.7951968,291.6123748,13.3680256,1,20.230899810791016,0.27577000856399536,59452.29519680003
1136,2459450.7957407,291.6124397,13.3679577,2,18.73550033569336,0.144337996840477,59450.29574069986
1138,2459447.7337847,291.6125251,13.3680202,2,18.70509910583496,0.1940460056066513,59447.23378469981
1140,2459442.7771296,291.6124362,13.3680143,1,20.062700271606445,0.2657429873943329,59442.277129599825
1141,2459442.7369097,291.612466,13.3679961,2,18.572500228881836,0.07249800115823746,59442.23690970009
1142,2459440.7574769,291.6123986,13.367997,1,19.92970085144043,0.2148970067501068,59440.25747689977
1143,2459440.7574769,291.6123986,13.367997,1,19.92970085144043,0.2148970067501068,59440.25747689977
1144,2459440.7330324,291.6124836,13.3680183,2,18.624300003051758,0.07745900005102158,59440.23303239979
1145,2459440.7330324,291.6124836,13.3680183,2,18.624300003051758,0.07745900005102158,59440.23303239979
1146,2459438.7355324,291.6124789,13.3680316,2,18.397199630737305,0.07154099643230438,59438.2355324002
1147,2459438.7215856,291.6124479,13.3679698,1,19.584400177001953,0.14892800152301788,59438.22158560017
1148,2459435.7668056,291.6124583,13.368038,2,18.2721004486084,0.047398000955581665,59435.26680559991
1149,2459435.7165625,291.6124279,13.3680262,1,19.431499481201172,0.1067660003900528,59435.21656250022
1150,2459430.7977083,291.6124535,13.3680397,1,19.35260009765625,0.10950399935245514,59430.29770829994
1151,2459430.7546412,291.6124594,13.3680296,2,18.170299530029297,0.07358799874782562,59430.25464119995
1152,2459427.833287,291.6124798,13.3680322,2,18.13559913635254,0.05452499911189079,59427.33328700019
1153,2459427.7964583,291.6124297,13.3680202,1,19.306900024414062,0.13625699281692505,59427.2964583002
1154,2459425.7685069,291.6124666,13.3680105,1,19.225200653076172,0.11666399985551834,59425.26850689994
1155,2459422.8628241,291.6124644,13.3680354,2,18.1427001953125,0.059418000280857086,59422.36282410007
1157,2459418.7554745,291.6124345,13.3680487,2,18.074199676513672,0.13967299461364746,59418.25547449989
1158,2459415.7878356,291.6124447,13.3680382,1,19.326900482177734,0.18304100632667542,59415.287835599855
1159,2459415.7878356,291.6124447,13.3680382,1,19.326900482177734,0.18304100632667542,59415.287835599855
1160,2459415.7878356,291.6124447,13.3680382,1,19.326900482177734,0.18304100632667542,59415.287835599855
1161,2459412.8622222,291.612462,13.3680396,2,18.111299514770508,0.05668399855494499,59412.362222199794
1162,2459412.8178935,291.6124499,13.3680584,1,19.324800491333008,0.09712500125169754,59412.317893499974
1163,2459410.8813079,291.6124621,13.3680364,2,18.137800216674805,0.057117998600006104,59410.38130789995
1164,2459410.8416782,291.6124768,13.3680257,1,19.307899475097656,0.11682300269603729,59410.341678199824
1165,2459408.8372454,291.6124328,13.3680395,1,19.29330062866211,0.10927599668502808,59408.337245400064
1166,2459408.8172338,291.6124624,13.3680317,2,18.13640022277832,0.05223900079727173,59408.31723379996
1168,2459406.8377199,291.6124684,13.3680231,2,18.152700424194336,0.0703120008111,59406.33771990007
1169,2459404.8392014,291.6124689,13.3680368,1,19.345199584960938,0.1385429948568344,59404.33920140006
1170,2459404.810706,291.6124724,13.3680222,2,18.132299423217773,0.049212999641895294,59404.310705999844
1171,2459402.8835417,291.6124645,13.3680253,2,18.167699813842773,0.0610169991850853,59402.383541699965
1172,2459402.8177894,291.6124466,13.3680336,1,19.340099334716797,0.10397399961948395,59402.3177894
1173,2459400.8597106,291.612451,13.3680129,1,19.23150062561035,0.11716099828481674,59400.35971060023
1174,2459400.8382755,291.6124594,13.3680331,2,18.149799346923828,0.051058001816272736,59400.33827550011
1175,2459397.7993171,291.6124705,13.3680406,1,19.41029930114746,0.12151599675416946,59397.299317100085
1176,2459395.8858912,291.6124933,13.3679444,1,19.394800186157227,0.17141099274158478,59395.38589120004
1177,2459393.9142014,291.6124585,13.3680226,2,18.314300537109375,0.06368599832057953,59393.41420139978
1178,2459393.8367708,291.6123564,13.3678939,1,19.46430015563965,0.20928700268268585,59393.33677079994
1179,2459391.8164236,291.6124737,13.3680177,2,18.428800582885742,0.08646199852228165,59391.316423600074
1180,2459391.7343519,291.612505,13.367987,1,19.304399490356445,0.2317499965429306,59391.23435189994
1181,2459387.9245602,291.612482,13.3680659,2,18.717100143432617,0.063789002597332,59387.42456019996
1182,2459387.836088,291.6124313,13.3680662,1,19.961999893188477,0.37724998593330383,59387.336087999865
1183,2459385.9008565,291.6124923,13.3679749,1,20.42300033569336,0.20952700078487396,59385.400856500026
1184,2459385.8790972,291.6124688,13.3680208,2,18.896299362182617,0.09151799976825714,59385.3790972
1186,2459382.8590278,291.6124531,13.3680256,2,19.040199279785156,0.11389899998903275,59382.35902780015
1189,2459378.8930671,291.612466,13.3680118,2,18.96739959716797,0.09577199816703796,59378.393067100085
1190,2459376.9197569,291.6124826,13.3680202,2,18.80389976501465,0.07085800170898438,59376.41975690005
1192,2459373.9552199,291.6125609,13.3679769,1,20.54450035095215,0.20715899765491486,59373.45521989977
1193,2459373.8980556,291.6124588,13.3680383,2,20.030000686645508,0.17135100066661835,59373.3980556
1194,2459370.9420255,291.6124347,13.3681027,2,19.758100509643555,0.21251800656318665,59370.442025499884
1197,2459368.9127199,291.6124201,13.3680527,2,19.865299224853516,0.25423499941825867,59368.41271989979
1202,2459359.9200116,291.6125652,13.3679962,2,19.395999908447266,0.1897989958524704,59359.420011600014
1204,2459356.94125,291.6125019,13.368034,1,20.245899200439453,0.18880000710487366,59356.44125000015
1205,2459356.8783565,291.6124469,13.3680907,2,19.472299575805664,0.15938100218772888,59356.37835650006
1206,2459353.9422917,291.6124802,13.368015,2,19.206499099731445,0.12229499965906143,59353.442291699816
1208,2459349.9443866,291.6124689,13.3679983,2,18.923599243164062,0.0721839964389801,59349.44438660005
1209,2459349.9035069,291.6124887,13.367965,1,19.885400772094727,0.12935799360275269,59349.403506900184
1212,2459344.9730671,291.6124704,13.3680042,1,19.587400436401367,0.13366499543190002,59344.47306710016
1213,2459341.9660648,291.6124929,13.3679501,1,19.618999481201172,0.13280600309371948,59341.46606480004
1214,2459341.9459028,291.6124671,13.3680272,2,18.521900177001953,0.0844459980726242,59341.44590280019
1215,2459339.9658565,291.6124771,13.368032,2,18.22100067138672,0.06486500054597855,59339.46585649997
1216,2459337.9640741,291.6124499,13.3680269,2,18.16939926147461,0.06561499834060669,59337.4640740999
1217,2459337.937419,291.6124419,13.368016,1,19.418100357055664,0.17367200553417206,59337.43741900008
1218,2459335.9643866,291.6124617,13.3680261,2,18.13680076599121,0.09516199678182602,59335.46438660007
1219,2459335.9571759,291.6124026,13.3680683,1,19.104700088500977,0.1568489968776703,59335.45717590023
1220,2459328.9833796,291.6124388,13.3680364,1,19.282800674438477,0.14470000565052032,59328.483379600104
1221,2459328.9138657,291.6124635,13.3680282,2,18.131999969482422,0.06003500148653984,59328.4138656999
1222,2459322.9773148,291.6124526,13.3680109,2,18.14539909362793,0.054843999445438385,59322.477314800024
1223,2459322.9566435,291.6124687,13.3680134,1,19.343399047851562,0.11137600243091583,59322.4566434999
1224,2459319.9768519,291.6124814,13.3680169,2,18.136920928955078,0.0907440036535263,59319.47685190011
1226,2459319.9559838,291.6124533,13.3679222,1,19.349300384521484,0.14656899869441986,59319.45598379988
1228,2459315.9753588,291.6124989,13.3680203,1,19.724700927734375,0.21905499696731567,59315.47535880003
1229,2459315.9569097,291.6124776,13.3680362,2,18.575000762939453,0.08324799686670303,59315.45690969983
1230,2459312.9339005,291.6123881,13.3680218,1,19.498699188232422,0.20544999837875366,59312.43390050018
1231,2459312.9122917,291.6124541,13.3680084,2,18.481399536132812,0.08835399895906448,59312.41229170002
1232,2459309.9996412,291.6124656,13.3680073,2,18.464399337768555,0.07941000163555145,59309.49964120006
1233,2459309.9563773,291.6124571,13.3680544,1,19.573200225830078,0.2173299938440323,59309.45637729997
1234,2459307.0052894,291.6124652,13.3680432,2,18.32349967956543,0.05418799817562103,59306.5052894
1235,2459306.9376042,291.6125603,13.3680587,1,19.448999404907227,0.19817200303077698,59306.437604200095
1236,2459303.9670718,291.6124485,13.3680063,2,18.152599334716797,0.08599700033664703,59303.46707180003
1237,2459301.0044097,291.6123986,13.3679846,1,19.090099334716797,0.23124000430107117,59300.50440970017
1238,2459300.967338,291.6124907,13.3679989,2,18.268999099731445,0.10064499825239182,59300.46733799996
1239,2459296.0134606,291.6124663,13.3680217,2,18.124300003051758,0.06535299867391586,59295.51346059982
1240,2459292.9785532,291.6124584,13.3680197,2,18.082199096679688,0.047846999019384384,59292.47855320014
1241,2459283.0171296,291.6124689,13.3680337,2,18.171300888061523,0.0540039986371994,59282.51712960005
1242,2459279.0268634,291.6123632,13.368025,1,19.206100463867188,0.16046999394893646,59278.52686339989
1243,2459272.0525347,291.6124371,13.367984,2,18.161500930786133,0.16745999455451965,59271.552534699906
1246,2459272.0434954,291.6124603,13.3680232,2,18.049999237060547,0.17286600172519684,59271.54349539988
1247,2459272.0404745,291.6124853,13.3679793,2,17.78059959411621,0.15201500058174133,59271.54047450004
1248,2459271.0512037,291.6124873,13.3680198,2,18.11210060119629,0.0701489970088005,59270.55120369978
1249,2459271.0481944,291.6124603,13.3680089,2,18.07740020751953,0.060242000967264175,59270.548194400035
1250,2459271.0451736,291.6124627,13.3680334,2,18.15130043029785,0.07098700106143951,59270.54517359985
1251,2459271.0421759,291.6124416,13.3679787,2,18.177799224853516,0.08225999772548676,59270.54217590019
1252,2459271.0391667,291.6124572,13.3679814,2,18.09239959716797,0.08614099770784378,59270.539166700095
1253,2459270.0503935,291.6124688,13.3680235,2,18.148099899291992,0.07025700062513351,59269.5503934999
1254,2459270.0473843,291.6124754,13.3680234,2,18.185699462890625,0.05514699965715408,59269.5473842998
1255,2459270.044375,291.6124572,13.3680276,2,18.151599884033203,0.05550900101661682,59269.544375000056
1256,2459270.0413773,291.6124702,13.3680255,2,18.1643009185791,0.05866000056266785,59269.54137729993
1257,2459270.0383681,291.6124652,13.3680318,2,18.157699584960938,0.05484899878501892,59269.538368099835
1258,2459269.0505671,291.612464,13.3680193,2,18.19529914855957,0.0563029982149601,59268.550567099825
1259,2459269.0476505,291.6124772,13.3680108,2,18.167499542236328,0.06895799934864044,59268.5476505002
1260,2459269.0447338,291.6124803,13.3680192,2,18.163700103759766,0.06139399856328964,59268.544733799994
1261,2459269.0418056,291.6124704,13.3680157,2,18.199499130249023,0.06702899932861328,59268.541805599816
1262,2459269.0388889,291.6124621,13.3680152,2,18.147899627685547,0.06314200162887573,59268.538888900075
1263,2459268.0528125,291.6124785,13.3680321,2,18.25790023803711,0.058657001703977585,59267.552812499925
1264,2459268.0498264,291.6124571,13.3680069,2,18.24530029296875,0.08181899785995483,59267.54982639989
1265,2459268.0468519,291.6124964,13.3680322,2,18.31100082397461,0.06954699754714966,59267.54685189994
1266,2459268.0438773,291.6124731,13.3680256,2,18.311399459838867,0.05766399949789047,59267.543877299875
1267,2459268.0409028,291.6124708,13.3680404,2,18.345600128173828,0.09962700307369232,59267.54090279993
1272,2459267.040162,291.612525,13.3680227,2,18.36370086669922,0.2307790070772171,59266.540161999874
1276,2459259.0599537,291.6124378,13.3680624,2,18.419099807739258,0.12161099910736084,59258.55995369982
1277,2459257.0691204,291.6124711,13.3680118,2,18.259700775146484,0.10820300132036209,59256.56912040012
1278,2459257.0667245,291.6124918,13.3680282,2,18.3257999420166,0.09831999987363815,59256.56672450015
1279,2459257.0643403,291.6124449,13.3680383,2,18.332599639892578,0.0837090015411377,59256.56434029993
1280,2459257.061956,291.6124611,13.368026,2,18.348600387573242,0.08162599802017212,59256.56195600005
1281,2459256.0695833,291.6124458,13.3679732,2,18.202699661254883,0.09058500081300735,59255.569583300035
1282,2459256.0671528,291.6124675,13.3680105,2,18.1914005279541,0.08923300355672836,59255.56715280004
1283,2459256.0647338,291.6124704,13.3680533,2,18.28230094909668,0.07933700084686279,59255.56473380001
1287,2459255.0626042,291.6126208,13.3680341,2,17.877399444580078,0.3503679931163788,59254.562604200095
1288,2459254.0706019,291.6125031,13.3680362,2,18.1018009185791,0.08048100024461746,59253.57060190011
1289,2459254.0681713,291.6124285,13.3680547,2,18.1476993560791,0.08365999907255173,59253.568171299994
1290,2459254.0657523,291.6124607,13.3680234,2,18.06599998474121,0.07202000170946121,59253.56575229997
1291,2459254.0633218,291.6124587,13.3680185,2,18.225099563598633,0.05955199897289276,59253.56332179997
1292,2459253.0715972,291.6125035,13.3680511,2,18.127099990844727,0.10702800005674362,59252.57159719989
1293,2459253.0692245,291.6124662,13.3680466,2,18.108600616455078,0.061744000762701035,59252.5692245001
1294,2459253.0668519,291.6124547,13.368059,2,18.091699600219727,0.05873600021004677,59252.56685189996
1295,2459253.0644676,291.6124705,13.3680409,2,18.111400604248047,0.06481800228357315,59252.56446760008
1296,2459253.0620949,291.6124694,13.3680364,2,18.146900177001953,0.07233499735593796,59252.562094899826
1297,2459252.0705556,291.6124284,13.3679692,2,18.063600540161133,0.19513200223445892,59251.57055559987
1298,2459252.0681829,291.6124402,13.3679524,2,18.242700576782227,0.16797800362110138,59251.56818290008
1301,2459252.0634259,291.6124801,13.3679577,2,18.04129981994629,0.10283699631690979,59251.56342589995
1302,2459251.0722801,291.6124472,13.3679358,2,18.179399490356445,0.1568879932165146,59250.57228010008
1303,2459251.0698958,291.612544,13.3680061,2,18.103700637817383,0.10711400210857391,59250.5698958002
1304,2459251.0675231,291.6124998,13.3679942,2,18.06909942626953,0.08628500252962112,59250.56752309995
1305,2459251.0651505,291.6125085,13.3681078,2,18.204099655151367,0.09822600334882736,59250.56515049981
1306,2459251.0627778,291.6124683,13.3680014,2,18.191600799560547,0.10859899967908859,59250.56277780002
1307,2459250.0710417,291.6124517,13.3679688,2,18.1382999420166,0.09870400279760361,59249.571041699965
1308,2459250.0686458,291.6124559,13.3679917,2,18.087600708007812,0.08022700250148773,59249.5686458
1309,2459250.0662616,291.612375,13.3679952,2,18.244600296020508,0.12482500076293945,59249.56626159977
1310,2459250.0638773,291.6124539,13.3680195,2,18.07080078125,0.086326003074646,59249.563877299894
1311,2459249.0722454,291.6124567,13.368057,2,18.046300888061523,0.09011799842119217,59248.57224539993
1312,2459249.0698611,291.6124662,13.3680177,2,18.079299926757812,0.07491499930620193,59248.569861100055
1313,2459249.0674769,291.6124744,13.3680295,2,18.127399444580078,0.07182200253009796,59248.56747689983
1314,2459249.0650926,291.6124714,13.3680324,2,18.10449981689453,0.07344599813222885,59248.56509259995
1315,2459171.5829051,291.6124995,13.3680733,2,18.895599365234375,0.12869000434875488,59171.08290510019
1316,2459169.5885301,291.6124979,13.3680519,1,19.32430076599121,0.14679400622844696,59169.08853009995
1317,2459164.6227199,291.6124768,13.3680286,2,18.399499893188477,0.09619700163602829,59164.12271990022
1320,2459154.7039699,291.6125902,13.3680252,1,18.890300750732422,0.17937399446964264,59154.20396990003
1321,2459154.6397106,291.612484,13.3680221,2,18.595500946044922,0.10293599963188171,59154.13971060002
1323,2459152.6228472,291.6124717,13.3680048,1,18.812999725341797,0.14237399399280548,59152.122847199906
1324,2459150.644213,291.612448,13.3680067,1,18.588600158691406,0.12574699521064758,59150.14421299985
1325,2459150.6113657,291.6124831,13.367995,2,18.329099655151367,0.08483099937438965,59150.11136570014
1326,2459145.6928819,291.6125164,13.3680047,1,19.641700744628906,0.22373299300670624,59145.192881899886
1327,2459143.6721991,291.6124679,13.3680222,1,19.131500244140625,0.11347299814224243,59143.17219909979
1329,2459141.6369329,291.6124913,13.3679952,2,18.48710060119629,0.1156729981303215,59141.136932900175
1330,2459139.6308333,291.6124726,13.3680255,2,17.742300033569336,0.07524000108242035,59139.13083329983
1331,2459139.6080787,291.6124932,13.3680254,1,19.075599670410156,0.11289399862289429,59139.108078700025
1332,2459137.6641667,291.612464,13.368019,1,18.782499313354492,0.06753599643707275,59137.164166700095
1333,2459137.6229977,291.6124733,13.3679834,2,18.27429962158203,0.06839700043201447,59137.12299769977
1334,2459135.6573032,291.6125461,13.3680338,2,18.513099670410156,0.1042189970612526,59135.1573032001
1335,2459135.6227431,291.6124619,13.3680131,1,19.09980010986328,0.08892399817705154,59135.12274309993
1337,2459129.6126042,291.6125214,13.3680107,2,18.899799346923828,0.14145199954509735,59129.11260419991
1338,2459127.6130324,291.6124483,13.3680391,2,18.153600692749023,0.12920600175857544,59127.11303240014
1339,2459125.6709491,291.6125011,13.36802,1,19.146499633789062,0.14473199844360352,59125.17094910005
1340,2459125.611875,291.612478,13.3679936,2,17.96579933166504,0.07727199792861938,59125.111874999944
1341,2459123.7539931,291.6124984,13.3680143,2,18.0669002532959,0.08441700041294098,59123.25399310002
1342,2459123.6059954,291.612454,13.3680148,1,18.629600524902344,0.1031540036201477,59123.10599539988
1343,2459114.7130903,291.6124618,13.3680343,1,19.346099853515625,0.16536599397659302,59114.213090300094
1344,2459114.6857292,291.612465,13.3680009,2,18.249300003051758,0.08841899782419205,59114.18572920002
1345,2459113.6418634,291.6124722,13.36805,2,17.847700119018555,0.06453199684619904,59113.14186340012
1346,2459111.7132523,291.612477,13.3680268,2,18.02589988708496,0.05271200090646744,59111.21325229993
1347,2459111.6291551,291.6124556,13.3680097,1,18.862899780273438,0.10049399733543396,59111.12915509986
1348,2459107.6698611,291.612436,13.3680553,1,19.215200424194336,0.19000600278377533,59107.16986110015
1349,2459107.6265972,291.6124858,13.368082,2,18.063400268554688,0.07813099771738052,59107.126597200055
1350,2459098.7046296,291.6125363,13.36799,1,19.121999740600586,0.15883000195026398,59098.20462960005
1351,2459098.6832639,291.6124776,13.3680344,2,18.01420021057129,0.06939399987459183,59098.183263900224
1353,2459094.7049074,291.6125256,13.3680136,1,19.2455997467041,0.2381419986486435,59094.20490740007
1354,2459091.7339352,291.6124771,13.368002,1,18.840700149536133,0.09821400046348572,59091.23393520014
1355,2459085.7570255,291.612493,13.3680155,1,18.767900466918945,0.09382700175046921,59085.25702549983
1356,2459085.6989468,291.6124725,13.3679879,2,17.89889907836914,0.06476499885320663,59085.19894680008
1357,2459080.8125231,291.612488,13.3680199,2,18.01689910888672,0.07235799729824066,59080.31252310006
1358,2459080.7140278,291.6124836,13.3680078,1,18.997299194335938,0.10416500270366669,59080.21402780013
1359,2459077.7697106,291.6124751,13.3680542,2,18.03350067138672,0.08298599720001221,59077.26971059991
1360,2459077.7497106,291.6124589,13.3680125,1,18.973400115966797,0.09732300043106079,59077.24971059989
1362,2459071.814456,291.6124749,13.3679969,2,17.476900100708008,0.05443299934267998,59071.31445599999
1363,2459071.7413773,291.6124824,13.3680217,1,18.519800186157227,0.0778769999742508,59071.24137730012
1364,2459068.7516551,291.6124869,13.368014,2,18.154199600219727,0.07849399745464325,59068.25165509991
1365,2459068.7099884,291.6124597,13.3680322,1,18.68440055847168,0.08676300197839737,59068.209988399874
1366,2459065.8341782,291.6124719,13.3680156,2,17.931800842285156,0.06683599948883057,59065.33417819999
1367,2459062.8551968,291.6124708,13.3680336,1,18.768999099731445,0.11714199930429459,59062.35519680008
1368,2459061.7904282,291.6124764,13.3680226,2,17.737899780273438,0.05431099981069565,59061.290428199805
1369,2459060.8401736,291.6124699,13.3679825,1,18.798200607299805,0.10949499905109406,59060.340173599776
1370,2459056.90125,291.6124538,13.3679996,1,19.66950035095215,0.16170400381088257,59056.40125000011
1371,2459056.8544907,291.6124659,13.3680228,2,17.988300323486328,0.08082199841737747,59056.35449070018
1372,2459053.818588,291.6124887,13.3679878,2,18.415199279785156,0.08305700123310089,59053.31858799979
1373,2459050.8810417,291.6124617,13.368012,1,18.921600341796875,0.07750699669122696,59050.38104170002
1374,2459050.7940162,291.6124817,13.3680118,2,17.943700790405273,0.07345300167798996,59050.29401620012
1375,2459047.8971759,291.6124831,13.3680105,2,17.89929962158203,0.04956899955868721,59047.39717590017
1376,2459047.7750347,291.6124495,13.368009,1,18.802900314331055,0.07239799946546555,59047.275034700055
1377,2459044.8358796,291.6124749,13.3680253,1,18.645599365234375,0.0959630012512207,59044.33587960014
1378,2459042.8302778,291.6124659,13.3680188,1,19.268699645996094,0.11544399708509445,59042.330277800094
1379,2459041.8590625,291.6124525,13.3680176,1,19.15850067138672,0.10341200232505798,59041.35906249983
1381,2459038.8566667,291.6124876,13.3680022,2,18.005599975585938,0.06888499855995178,59038.35666669998
1382,2459038.7901273,291.612447,13.3680588,1,19.684900283813477,0.2378859966993332,59038.29012730019
1383,2459035.9466898,291.6124844,13.3680337,1,18.401599884033203,0.1210009977221489,59035.446689799894
1384,2459035.8412963,291.6124937,13.3679984,2,18.263700485229492,0.10975000262260437,59035.341296299826
1386,2459032.8335532,291.6124766,13.3680096,2,18.637699127197266,0.10764800012111664,59032.33355320012
1389,2459023.8832986,291.6124743,13.3680334,2,18.675100326538086,0.08571899682283401,59023.38329860009
1390,2459023.8379282,291.6124524,13.3680329,1,19.54450035095215,0.14501799643039703,59023.33792820014
1391,2459020.9606829,291.6125,13.3680218,2,19.23430061340332,0.1454620063304901,59020.46068290016
1392,2459020.8879398,291.6124057,13.3680159,1,19.97100067138672,0.1512710005044937,59020.38793980004
1394,2459017.8290394,291.6124655,13.3680775,1,20.368200302124023,0.17923299968242645,59017.32903939998
1395,2459014.8689005,291.6124744,13.3680602,1,19.437400817871094,0.1161310002207756,59014.36890049977
1396,2459011.8418519,291.6124612,13.3680343,2,18.221500396728516,0.07442399859428406,59011.341851899866
1397,2459011.8024769,291.6124655,13.3680226,1,19.324899673461914,0.1299940049648285,59011.302476900164
1398,2459004.9603009,291.6124627,13.3679156,1,19.467300415039062,0.15808700025081635,59004.46030090004
1399,2459001.9558912,291.6124589,13.3680193,2,18.1742000579834,0.055135998874902725,59001.455891199876
1400,2459001.8980324,291.6124384,13.368018,1,19.208200454711914,0.1210860013961792,59001.398032399826
1401,2458997.9408102,291.6124649,13.3680249,2,18.173099517822266,0.07551100105047226,58997.44081019983
1402,2458997.8996875,291.612463,13.3680413,1,19.37529945373535,0.09168899804353714,58997.399687500205
1403,2458994.94875,291.6124733,13.3680155,1,19.358699798583984,0.10512799769639969,58994.44874999998
1404,2458991.928125,291.6124533,13.3680356,1,19.303499221801758,0.08670700341463089,58991.42812500009
1405,2458985.9410185,291.612471,13.368065,1,19.39419937133789,0.12440299987792969,58985.4410184999
1406,2458985.9128125,291.6124625,13.368035,2,18.147899627685547,0.06190599873661995,58985.412812499795
1407,2458981.9924653,291.6123936,13.3679248,1,19.356000900268555,0.1770240068435669,58981.49246530002
1408,2458981.9463542,291.6124768,13.3680319,2,18.145200729370117,0.062410999089479446,58981.44635420013
1409,2458978.9921991,291.6124753,13.3679974,2,18.017099380493164,0.1449420005083084,58978.49219910009
1411,2458975.9724074,291.6124493,13.3680253,1,19.1560001373291,0.17506800591945648,58975.47240740014
1412,2458975.9575579,291.6124605,13.3680151,2,18.149999618530273,0.07423599809408188,58975.45755789988
1413,2458972.9340625,291.6124627,13.3680294,2,18.135900497436523,0.051274001598358154,58972.43406250002
1415,2458969.9330787,291.612419,13.3680228,1,19.197500228881836,0.1650409996509552,58969.43307870021
1416,2458966.9547917,291.6124761,13.3680342,1,19.403400421142578,0.10513799637556076,58966.4547917
1417,2458963.9456829,291.6124408,13.3680173,1,19.22089958190918,0.08845599740743637,58963.44568290003
1418,2458963.9053009,291.6124062,13.3679525,1,19.2091007232666,0.11310599744319916,58963.405300899874
1419,2458955.9777083,291.6124585,13.3680407,1,19.271900177001953,0.1221809983253479,58955.47770830011
1420,2458955.9435417,291.6124758,13.3680011,2,18.12540054321289,0.07262100279331207,58955.44354170002
1421,2458945.0212616,291.6124697,13.3679994,2,18.13479995727539,0.07711800187826157,58944.521261599846
1422,2458944.9840625,291.6124633,13.3680782,1,19.220300674438477,0.1534709930419922,58944.48406249983
1423,2458941.0202431,291.6124712,13.3679971,2,18.19610023498535,0.23044900596141815,58940.52024309989
1424,2458940.9848958,291.6124612,13.3680058,1,19.240999221801758,0.1734289973974228,58940.484895799775
1426,2458792.6243287,291.6124417,13.3680547,2,18.86090087890625,0.12721100449562073,58792.124328699894
1427,2458785.6250694,291.6124456,13.3680193,1,19.649499893188477,0.16399900615215302,58785.12506939983
1428,2458781.5974306,291.6124668,13.3679784,2,19.004600524902344,0.11953800171613693,58781.09743059985
1429,2458778.6097454,291.6124943,13.3679771,1,20.2814998626709,0.18220899999141693,58778.10974540003
1430,2458775.6046875,291.612483,13.3680046,2,19.08799934387207,0.1592639982700348,58775.104687499814
1434,2458760.7074074,291.6124624,13.3680415,1,19.86910057067871,0.19849300384521484,58760.20740740001
1439,2458751.6284144,291.6124895,13.3679899,2,19.40850067138672,0.12585100531578064,58751.12841439992
1440,2458748.6346065,291.612489,13.36799,2,18.685699462890625,0.09256500005722046,58748.134606500156
1441,2458745.6276042,291.6124792,13.3680333,1,19.159799575805664,0.11398600041866302,58745.12760420004
1442,2458745.615544,291.6125049,13.3680472,2,18.741300582885742,0.15356899797916412,58745.115544000175
1443,2458733.8023148,291.6125011,13.3680175,1,19.168399810791016,0.12627699971199036,58733.30231480021
1445,2458730.6486227,291.612469,13.3680372,2,18.553800582885742,0.12082599848508835,58730.14862270001
1446,2458725.6685185,291.6124824,13.3679707,1,20.10140037536621,0.2612690031528473,58725.16851849994
1447,2458722.8083565,291.6125,13.3679808,2,18.64229965209961,0.09488900005817413,58722.30835650023
1448,2458722.7438426,291.612485,13.3680163,1,19.741899490356445,0.14878900349140167,58722.24384259991
1449,2458719.8165856,291.6125615,13.3679351,2,19.87070083618164,0.22469699382781982,58719.31658559991
1450,2458716.8715162,291.6124986,13.3679965,2,19.19580078125,0.12964700162410736,58716.37151619978
1451,2458716.7617361,291.612538,13.3680143,1,19.661100387573242,0.1530430018901825,58716.261736100074
1454,2458709.7346296,291.612565,13.3679692,1,19.068099975585938,0.2006479948759079,58709.23462959984
1455,2458709.705787,291.6124725,13.368003,2,18.440200805664062,0.09486299753189087,58709.20578699978
1456,2458708.7350463,291.6124446,13.3680476,1,19.132299423217773,0.27547401189804077,58708.235046300106
1458,2458707.7338426,291.6124725,13.3680732,1,19.63960075378418,0.23550499975681305,58707.23384260014
1460,2458706.7369329,291.6124301,13.3679089,1,18.77519989013672,0.15047000348567963,58706.2369328998
1462,2458705.7341319,291.6124506,13.3679926,1,19.007600784301758,0.10760899633169174,58705.23413190013
1464,2458704.8147106,291.6124985,13.3680176,1,19.44499969482422,0.1543930023908615,58704.314710599836
1465,2458704.7875231,291.6124542,13.3680252,2,18.83489990234375,0.08547700196504593,58704.28752310015
1466,2458703.8192245,291.6125059,13.3680325,1,19.707399368286133,0.143436998128891,58703.3192245001
1467,2458702.8188079,291.6124618,13.3680141,1,19.8523006439209,0.18510599434375763,58702.31880789995
1468,2458702.7910764,291.6124684,13.3680313,2,18.619300842285156,0.09508000314235687,58702.29107639985
1469,2458701.8196528,291.6124811,13.3679834,1,19.62700080871582,0.12249299883842468,58701.31965279998
1470,2458701.7917014,291.6124467,13.3680139,2,18.613100051879883,0.10192199796438217,58701.29170140019
1471,2458700.8161111,291.6125111,13.3680096,1,19.83329963684082,0.16919200122356415,58700.316111099906
1473,2458699.8195602,291.6124927,13.3680275,1,19.713899612426758,0.16886599361896515,58699.319560199976
1474,2458699.7913773,291.6124562,13.3680388,2,18.68280029296875,0.08418799936771393,58699.29137729993
1476,2458698.7911806,291.612574,13.3679524,2,18.902099609375,0.16798299551010132,58698.29118059995
1477,2458697.8365046,291.6124962,13.3679982,1,19.761199951171875,0.12594400346279144,58697.33650460001
1478,2458697.8102662,291.6124587,13.3680018,2,18.370500564575195,0.05998000130057335,58697.31026619999
1479,2458696.8174421,291.612449,13.3680059,1,19.94529914855957,0.16297000646591187,58696.31744210003
1480,2458696.7885648,291.6124856,13.3680045,2,17.948200225830078,0.06710100173950195,58696.28856479982
1481,2458695.8162037,291.6124818,13.3680215,1,19.684200286865234,0.1483370065689087,58695.31620369991
1484,2458693.8453819,291.6124751,13.367993,2,18.465599060058594,0.06537500023841858,58693.3453819002
1485,2458693.7960417,291.612479,13.3680258,1,19.309200286865234,0.10809999704360962,58693.29604170006
1486,2458692.8177083,291.6124667,13.3680387,2,18.65559959411621,0.1091580018401146,58692.31770829996
1487,2458691.8578588,291.612478,13.368003,2,18.621000289916992,0.07170499861240387,58691.35785879986
1489,2458688.8741319,291.6124819,13.36801,2,18.83169937133789,0.11274000257253647,58688.37413189979
1491,2458685.8736227,291.6124728,13.3679983,1,19.088600158691406,0.12884899973869324,58685.373622700106
1492,2458685.8487847,291.6125087,13.3680279,2,18.797500610351562,0.11049000173807144,58685.348784700036
1493,2458684.775544,291.6124499,13.3680328,1,19.094499588012695,0.15055300295352936,58684.27554399986
1494,2458684.7472685,291.6124465,13.3679773,2,18.924800872802734,0.09629199653863907,58684.24726849981
1496,2458683.7570949,291.6124462,13.3680118,2,18.775400161743164,0.08532299846410751,58683.257094900124
1497,2458683.7286574,291.6124802,13.3680151,2,18.470800399780273,0.09218200296163559,58683.22865739977
1499,2458677.7908218,291.6124764,13.3680078,2,18.5447998046875,0.15342000126838684,58677.29082180001
1500,2458676.8163194,291.6125183,13.3680053,1,19.090900421142578,0.11855699867010117,58676.31631939998
1501,2458676.7770486,291.6125083,13.3679911,2,18.519800186157227,0.07936099916696548,58676.277048599906
1502,2458675.8363194,291.6124743,13.3679758,1,19.37380027770996,0.13227899372577667,58675.3363194
1503,2458675.7863889,291.6124717,13.3679988,2,18.58609962463379,0.08318699896335602,58675.28638890013
1504,2458674.8364931,291.6124854,13.3680415,1,19.06410026550293,0.12653900682926178,58674.33649310004
1505,2458674.7999653,291.6124761,13.3680015,2,18.47480010986328,0.09348800033330917,58674.29996530013
1506,2458673.8359954,291.6124506,13.3680136,1,19.519699096679688,0.11191499978303909,58673.33599539986
1507,2458672.8369792,291.6124764,13.3679629,1,19.64459991455078,0.12489499896764755,58672.33697920013
1509,2458670.9194097,291.6124453,13.3680565,1,20.19099998474121,0.19544799625873566,58670.419409700204
1510,2458670.8818171,291.6124874,13.3680244,2,18.295400619506836,0.11020199954509735,58670.381817100104
1511,2458669.9445139,291.612508,13.3679835,1,19.23270034790039,0.10808400064706802,58669.444513900205
1512,2458669.9028935,291.6124773,13.368016,2,18.24220085144043,0.10223300009965897,58669.40289349994
1513,2458668.8378588,291.6124945,13.3680353,2,18.85219955444336,0.0954819992184639,58668.337858799845
1514,2458668.7968403,291.6124768,13.3680185,1,19.997900009155273,0.1422179937362671,58668.29684029985
1515,2458667.8372801,291.6124797,13.3680106,1,19.307199478149414,0.12040799856185913,58667.33728010021
1516,2458667.8017593,291.6124829,13.3680062,2,18.772300720214844,0.12240800261497498,58667.30175929982
1517,2458666.9643056,291.6124925,13.3680145,1,19.205400466918945,0.10567300021648407,58666.46430560015
1518,2458666.8439352,291.6124691,13.3680105,2,18.342899322509766,0.08278100192546844,58666.34393520001
1519,2458665.7476968,291.612451,13.3680491,1,19.023099899291992,0.12355600297451019,58665.24769680016
1520,2458663.9412269,291.6124483,13.3680177,1,19.397300720214844,0.17298799753189087,58663.44122690009
1521,2458662.9290162,291.6124762,13.3680147,1,19.01140022277832,0.11959300190210342,58662.429016199894
1522,2458662.8201852,291.6124602,13.3680136,2,18.343299865722656,0.0817670002579689,58662.320185199846
1523,2458661.9429861,291.6125058,13.3679572,1,19.440000534057617,0.18921999633312225,58661.44298609998
1524,2458661.8544907,291.6124624,13.3680264,2,18.447399139404297,0.08510000258684158,58661.35449070018
1525,2458660.8534722,291.6124526,13.3680319,1,19.035400390625,0.10345300287008286,58660.35347220022
1526,2458658.9577315,291.6124651,13.3680322,1,18.634700775146484,0.09176000207662582,58658.4577314998
1528,2458657.8776968,291.6125167,13.3679529,2,19.28730010986328,0.14970000088214874,58657.377696800046
1529,2458655.8768981,291.6125031,13.3679958,2,18.26889991760254,0.08602999895811081,58655.376898100134
1534,2458653.8590162,291.6124513,13.3679436,1,18.98699951171875,0.21548999845981598,58653.35901620006
1535,2458652.9364583,291.6125061,13.3680131,2,17.98040008544922,0.09146899729967117,58652.43645829987
1537,2458651.9218981,291.6125222,13.3679986,2,18.463199615478516,0.11641400307416916,58651.42189810006
1538,2458650.8373611,291.6124708,13.3680294,2,18.662399291992188,0.11326999962329865,58650.33736110013
1539,2458649.8790972,291.6125146,13.3679956,1,18.952999114990234,0.14241400361061096,58649.3790972
1541,2458648.9754282,291.6124626,13.368002,2,18.315099716186523,0.06349600106477737,58648.47542819986
1542,2458647.8305556,291.6125027,13.3680008,2,19.090099334716797,0.10915499925613403,58647.330555600114
1543,2458646.9027315,291.6125194,13.368077,1,19.851299285888672,0.16839300096035004,58646.4027315001
1545,2458645.9723264,291.6124659,13.3679901,2,18.20949935913086,0.05255899950861931,58645.472326400224
1547,2458644.9624074,291.6124816,13.3680199,2,18.657899856567383,0.07685200124979019,58644.4624073999
1548,2458643.923831,291.6124734,13.3680434,1,19.430999755859375,0.13442300260066986,58643.42383099999
1549,2458643.799456,291.612508,13.3679714,2,18.866100311279297,0.1003509983420372,58643.29945599986
1550,2458642.9401736,291.6124862,13.368019,2,18.035999298095703,0.09568700194358826,58642.44017359987
1551,2458642.9001968,291.6124851,13.3680259,1,19.840299606323242,0.1605049967765808,58642.40019680001
1552,2458641.9171065,291.6124746,13.3680401,2,18.534299850463867,0.08787299692630768,58641.417106499895
1554,2458639.9372801,291.6124666,13.3679938,1,19.3302001953125,0.10214699804782867,58639.43728009984
1555,2458639.9014583,291.6124778,13.3680036,2,18.54669952392578,0.07052399963140488,58639.401458300184
1556,2458638.9627778,291.6124674,13.3680285,2,18.991899490356445,0.09601700305938721,58638.46277779993
1557,2458637.9561574,291.6125182,13.3679698,1,20.372900009155273,0.1874459981918335,58637.45615739981
1558,2458637.9208796,291.6125026,13.3680414,2,18.73150062561035,0.1005759984254837,58637.420879600104
1559,2458636.9036343,291.6124733,13.3680164,2,18.069400787353516,0.06364399939775467,58636.40363429999
1560,2458635.8971412,291.6124798,13.3679972,2,18.170700073242188,0.08431900292634964,58635.397141200025
1562,2458634.8382986,291.6124664,13.3679896,2,18.098400115966797,0.07695800065994263,58634.33829860017
1563,2458633.9397917,291.6124654,13.3679977,1,19.464799880981445,0.10712099820375443,58633.43979169987
1564,2458633.9216898,291.6124463,13.3679897,2,18.610200881958008,0.08878500014543533,58633.42168979999
1565,2458632.9621065,291.6124646,13.3680195,2,18.004499435424805,0.07571899890899658,58632.46210649982
1566,2458628.9418403,291.6124849,13.3681523,1,19.750999450683594,0.19038799405097961,58628.44184029987
1567,2458628.9004861,291.6124643,13.3680267,2,18.095500946044922,0.05659199878573418,58628.4004861
1569,2458617.9824537,291.6124859,13.3679908,2,18.2677001953125,0.05532500147819519,58617.482453700155
1570,2458617.9600347,291.6124787,13.3680304,1,19.218399047851562,0.12654900550842285,58617.46003470011
1571,2458616.9197685,291.6124811,13.3680009,2,18.83679962158203,0.0927949994802475,58616.41976850014
1572,2458608.9795255,291.6124651,13.3680139,2,18.758100509643555,0.08679500222206116,58608.47952549998
1573,2458608.924537,291.6124883,13.367959,1,19.792499542236328,0.19701500236988068,58608.42453699978
1574,2458607.8820602,291.6124777,13.3680142,2,18.078800201416016,0.06653100252151489,58607.382060199976
1575,2458606.9802431,291.6124601,13.3680291,1,18.935300827026367,0.10338599979877472,58606.48024309985
1576,2458605.9429977,291.6124629,13.3680024,2,18.19179916381836,0.05959700047969818,58605.44299770007
1577,2458598.8805903,291.6124612,13.3680079,2,18.40369987487793,0.0922980010509491,58598.380590300076
1578,2458597.958588,291.6124989,13.368027,2,18.362899780273438,0.07856699824333191,58597.45858799992
1580,2458591.9789468,291.6124902,13.3680264,2,18.412099838256836,0.11349000036716461,58591.47894679988
1583,2458586.9604051,291.6124176,13.3680153,1,19.446199417114258,0.16455499827861786,58586.46040510014
1584,2458585.9422801,291.6125055,13.3679985,2,17.949199676513672,0.077394999563694,58585.44228010019
1585,2458585.0084375,291.6124593,13.3680012,2,18.288700103759766,0.06873299926519394,58584.50843749987
1586,2458584.983588,291.6124399,13.3679971,1,18.83169937133789,0.1079619973897934,58584.48358799983
1587,2458582.9766551,291.6124522,13.3679888,2,18.954700469970703,0.10984300076961517,58582.47665510001
1588,2458581.9954861,291.6124915,13.3680317,1,18.927400588989258,0.1449269950389862,58581.495486100204
1589,2458577.9830671,291.6124644,13.3680359,1,19.809099197387695,0.3050839900970459,58577.483067099936
1590,2458575.961412,291.6124774,13.3680158,2,18.419099807739258,0.08355200290679932,58575.461412000004
1594,2458558.9863079,291.6125423,13.3680166,1,19.341400146484375,0.1694220006465912,58558.48630789993
1595,2458433.5898495,291.6124826,13.3679418,2,19.32859992980957,0.1269650012254715,58433.089849499986
1596,2458432.6643171,291.6124951,13.3679854,1,19.063600540161133,0.1685190051794052,58432.16431709984
1597,2458432.5879514,291.6124377,13.3680067,2,18.47450065612793,0.11779099702835083,58432.08795139985
1598,2458431.6314583,291.6124482,13.3679551,2,18.87190055847168,0.1410209983587265,58431.131458300166
1600,2458430.6240741,291.6124704,13.3680387,1,19.098600387573242,0.10746099799871445,58430.12407410005
1601,2458430.5890972,291.6124709,13.3680123,2,18.237300872802734,0.06536900252103806,58430.08909719996
1603,2458428.6511227,291.6124683,13.3678876,1,19.7903995513916,0.19284099340438843,58428.15112269996
1604,2458428.6021181,291.6124881,13.3679748,2,18.715099334716797,0.12131799757480621,58428.10211810004
1606,2458426.665544,291.6125138,13.3680142,1,19.666799545288086,0.21405600011348724,58426.16554399999
1609,2458425.5869444,291.6124667,13.3680156,2,18.733999252319336,0.10259400308132172,58425.08694439987
1610,2458390.7084838,291.6124427,13.3679619,2,19.3435001373291,0.128044992685318,58390.208483799826
1611,2458390.6495023,291.6124987,13.3680093,1,20.042299270629883,0.17306199669837952,58390.14950230019
1612,2458389.6059028,291.6124758,13.3680108,2,18.502599716186523,0.09122899919748306,58389.10590279987
1613,2458388.7072569,291.6124931,13.368053,2,18.775699615478516,0.10121800005435944,58388.20725690015
1614,2458387.7074769,291.6124281,13.3680389,1,19.453500747680664,0.18842299282550812,58387.20747689996
1615,2458385.6273611,291.6125362,13.3679903,1,19.41010093688965,0.17722900211811066,58385.12736110017
1616,2458384.6478356,291.6124791,13.3680084,2,18.028200149536133,0.06565500050783157,58384.14783560019
1617,2458383.7283912,291.6124662,13.368095,1,19.145299911499023,0.1595350056886673,58383.22839119984
1618,2458383.6484954,291.6124715,13.3680106,2,17.738100051879883,0.05814800038933754,58383.14849539986
1619,2458381.6477778,291.6124515,13.3680075,2,18.953800201416016,0.12090300023555756,58381.14777779998
1620,2458380.6707176,291.6124595,13.3680086,1,18.93239974975586,0.10374700278043747,58380.1707175998
1621,2458379.7502315,291.6124975,13.3680019,2,18.682899475097656,0.09651999920606613,58379.250231499784
1622,2458378.7344097,291.612469,13.3679647,2,19.20709991455078,0.15581800043582916,58378.23440970015
1623,2458377.6677894,291.6124432,13.3679913,2,19.110599517822266,0.14346900582313538,58377.16778940009
1624,2458376.6682639,291.6124565,13.3679822,2,19.323200225830078,0.1381790041923523,58376.168263900094
1625,2458375.6696759,291.6124204,13.3680361,2,19.291799545288086,0.14236299693584442,58375.169675900135
1626,2458374.7502662,291.6124625,13.3680006,1,19.280799865722656,0.10317499935626984,58374.25026619993
1627,2458374.6696875,291.6124683,13.3679992,2,18.633100509643555,0.05894500017166138,58374.16968750022
1628,2458373.6697569,291.6124892,13.3679774,2,18.79759979248047,0.06742099672555923,58373.16975690005
1629,2458372.67125,291.6124729,13.3679887,2,19.308900833129883,0.14279399812221527,58372.17125000013
1630,2458370.7097338,291.612477,13.3680141,1,19.208900451660156,0.13429899513721466,58370.20973380003
1631,2458370.6470023,291.6124718,13.3680051,2,17.89299964904785,0.06590200215578079,58370.14700229978
1632,2458369.7105556,291.6124751,13.3679968,1,19.117000579833984,0.09679900109767914,58369.2105556
1633,2458369.6688889,291.6124535,13.3679741,2,18.820100784301758,0.09339399635791779,58369.16888889996
1634,2458368.7103819,291.612495,13.3679906,1,18.927099227905273,0.08426100015640259,58368.21038189996
1635,2458368.6689699,291.6124592,13.3680157,2,18.212400436401367,0.05089399963617325,58368.16896989988
1636,2458367.7103935,291.6124712,13.3679894,1,19.35219955444336,0.11305700242519379,58367.21039350005
1637,2458367.6906366,291.612475,13.3680182,2,18.162599563598633,0.0627330020070076,58367.1906365999
1638,2458366.7277894,291.6124499,13.3680023,1,19.37649917602539,0.10005900263786316,58366.227789400145
1639,2458366.681088,291.6124561,13.3680204,2,17.934799194335938,0.07251100242137909,58366.18108800007
1640,2458365.7690162,291.6125027,13.3680048,1,19.119800567626953,0.09557600319385529,58365.26901620021
1641,2458365.6905903,291.6124757,13.368036,2,18.227500915527344,0.06837599724531174,58365.19059030013
1642,2458364.710463,291.6124391,13.3679839,1,19.506900787353516,0.13503900170326233,58364.210462999996
1643,2458364.6874074,291.612458,13.3680016,2,18.164499282836914,0.058045998215675354,58364.18740739999
1644,2458363.7324884,291.6124748,13.36801,2,17.924100875854492,0.04845200106501579,58363.23248839984
1645,2458363.6908681,291.6124666,13.3679562,1,18.88520050048828,0.13349300622940063,58363.19086810015
1646,2458362.6857523,291.612476,13.3680114,2,18.045400619506836,0.052560001611709595,58362.18575230008
1647,2458361.731794,291.612501,13.3680295,2,18.478300094604492,0.08602699637413025,58361.23179400014
1648,2458360.6470833,291.6124793,13.3680272,1,19.56920051574707,0.15313999354839325,58360.147083300166
1649,2458358.7500694,291.6124957,13.3679524,2,19.457599639892578,0.1682569980621338,58358.25006939983
1650,2458357.7719097,291.6125307,13.3679623,2,18.5132999420166,0.09794799983501434,58357.271909699775
1651,2458356.7884491,291.6125536,13.3679795,2,19.250200271606445,0.14034700393676758,58356.28844910022
1652,2458356.6910185,291.6124523,13.3680304,2,18.85700035095215,0.13692200183868408,58356.1910184999
1653,2458355.7710764,291.612502,13.3680439,2,19.093900680541992,0.16364699602127075,58355.27107639983
1654,2458352.7509954,291.6124915,13.3679879,2,18.546199798583984,0.0882669985294342,58352.250995399896
1655,2458351.7280324,291.6124988,13.3678996,2,19.46430015563965,0.2000569999217987,58351.2280323999
1656,2458350.8601157,291.6124561,13.3680001,2,18.520599365234375,0.06704600155353546,58350.360115699936
1657,2458350.8250926,291.6124946,13.3680521,1,19.455699920654297,0.14720399677753448,58350.32509260019
1658,2458349.7964236,291.6124729,13.3680152,2,18.630599975585938,0.08128000050783157,58349.296423600055
1659,2458348.8511806,291.6124801,13.3680089,1,19.833200454711914,0.12774300575256348,58348.3511806
1660,2458348.7149769,291.6124701,13.3679883,2,18.801000595092773,0.07843399792909622,58348.21497689979
1661,2458345.8189005,291.6124957,13.3680579,2,19.786100387573242,0.16256600618362427,58345.31890049996
1662,2458345.6863194,291.612415,13.3679723,1,20.255699157714844,0.19279299676418304,58345.18631940009
1663,2458344.8499306,291.6125103,13.3679962,1,20.337099075317383,0.21513600647449493,58344.3499305998
1664,2458344.8118634,291.6124927,13.3679726,2,18.91360092163086,0.11262500286102295,58344.31186340004
1665,2458343.820081,291.6124856,13.3680115,2,18.77560043334961,0.06659899652004242,58343.320081000216
1666,2458342.8243403,291.612482,13.3679767,2,18.501300811767578,0.08435799926519394,58342.32434030017
1667,2458340.7987384,291.6124722,13.3679785,2,19.06730079650879,0.11333099752664566,58340.298738399986
1668,2458338.7046296,291.6124811,13.3679997,2,19.393800735473633,0.15041999518871307,58338.20462960005
1669,2458338.6848495,291.6125013,13.3680148,1,19.40089988708496,0.10846800357103348,58338.18484950019
1670,2458336.7550347,291.6124757,13.368064,1,19.654199600219727,0.13776400685310364,58336.255034700036
1671,2458336.725706,291.612454,13.3679822,2,19.981800079345703,0.127578005194664,58336.22570599988
1672,2458334.8428935,291.6125041,13.3680107,2,19.13759994506836,0.1109590008854866,58334.34289349988
1673,2458332.7916088,291.6124614,13.368005,2,18.618499755859375,0.09169500321149826,58332.29160880018
1674,2458329.8138194,291.6124729,13.3680427,2,18.543100357055664,0.09162899851799011,58329.313819400035
1675,2458327.8132639,291.6124713,13.3679518,2,18.681800842285156,0.14161700010299683,58327.31326390011
1676,2458324.7313426,291.6125142,13.3678894,2,19.119699478149414,0.16834299266338348,58324.23134260019
1677,2458323.877419,291.6125326,13.3680159,1,19.25790023803711,0.16377800703048706,58323.377419000026
1678,2458323.7711227,291.6124624,13.3679978,2,18.65220069885254,0.12900300323963165,58323.27112270007
1679,2458321.8479167,291.6124401,13.3679752,2,19.71809959411621,0.18167699873447418,58321.347916699946
1680,2458320.8450116,291.612479,13.368003,2,18.8887996673584,0.1303119957447052,58320.34501159983
1681,2458318.9003819,291.6124969,13.3680573,1,19.147300720214844,0.13717199862003326,58318.400381899904
1682,2458318.8362847,291.6124378,13.3680348,2,18.78499984741211,0.0923129990696907,58318.33628469985
1683,2458317.9013542,291.6124856,13.3679856,2,18.460100173950195,0.08306299895048141,58317.40135420021
1684,2458317.8564236,291.6124758,13.3680295,1,19.789499282836914,0.1831279993057251,58317.35642360011
1685,2458316.8749769,291.6124356,13.3680428,1,19.86669921875,0.2002599984407425,58316.37497689994
1686,2458316.8376273,291.6124747,13.3680146,2,18.608299255371094,0.07837600260972977,58316.33762730006
1687,2458311.8778472,291.6124579,13.3680088,2,19.13789939880371,0.13209399580955505,58311.377847199794
1688,2458308.8778704,291.6124625,13.3679921,1,19.750600814819336,0.15581299364566803,58308.37787039997
1689,2458307.8783333,291.6124621,13.3680134,2,18.81679916381836,0.08789899945259094,58307.37833329989
1690,2458307.8537731,291.6125278,13.3680607,1,19.76729965209961,0.16822700202465057,58307.353773099836
1691,2458301.8174769,291.6124532,13.3680346,1,19.329700469970703,0.17926600575447083,58301.31747689983
1692,2458294.8588079,291.6124867,13.3679747,1,18.900400161743164,0.13848300278186798,58294.35880789999
1693,2458293.9203241,291.6124431,13.3680224,1,18.996599197387695,0.09492000192403793,58293.42032410018
1694,2458286.9015509,291.6125341,13.3680039,1,20.35059928894043,0.1673009991645813,58286.40155090019
1695,2458285.9363889,291.6124754,13.3680152,1,19.19930076599121,0.051872000098228455,58285.43638890004
1696,2458282.8944792,291.6124787,13.3680401,1,19.607099533081055,0.0911170020699501,58282.39447919978
