,jd,ra,dec,fid,magpsf,sigmapsf,mjd
0,2461109.6402546,76.8756347,-6.1711451,1,17.823503494262695,0.06033160910010338,61109.14025459997
1,2461108.6950347,76.8756479,-6.1711096,1,17.250200271606445,0.044624000787734985,61108.19503469998
2,2461108.6607986,76.8756788,-6.1711416,2,15.225500106811523,0.06026199832558632,61108.16079859994
3,2461107.6921875,76.8756626,-6.1711281,2,15.583900451660156,0.04008600115776062,61107.192187500186
4,2461107.6316435,76.8756724,-6.1711082,3,15.002799987792969,0.03743100166320801,61107.13164350018
5,2461106.6704167,76.8758927,-6.1711263,1,18.594499588012695,0.08832599967718124,61106.17041670019
6,2461106.6308449,76.8758514,-6.1711382,2,17.688199996948242,0.11899100244045258,61106.13084489992
8,2461105.6366204,76.8756103,-6.1710665,2,17.76420021057129,0.09418699890375137,61105.13662040001
10,2461102.6926042,76.8757405,-6.1711368,2,16.29680061340332,0.047958001494407654,61102.19260419998
11,2461102.6482407,76.8757034,-6.1711525,3,14.922100067138672,0.03111799992620945,61102.1482406999
13,2461100.7492477,76.8756252,-6.1711766,1,17.156400680541992,0.0557590015232563,61100.249247699976
14,2461100.6859722,76.875671,-6.1711344,2,15.119999885559082,0.04492900148034096,61100.185972199775
15,2461100.6416898,76.8756709,-6.1711654,3,14.421099662780762,0.037425000220537186,61100.14168980019
16,2461099.7137153,76.8756741,-6.1711562,1,17.074100494384766,0.049754999577999115,61099.213715299964
17,2461099.7132523,76.8756361,-6.1711486,1,17.70400047302246,0.08836600184440613,61099.21325229993
18,2461099.6854745,76.8756608,-6.1711515,3,14.826399803161621,0.057420000433921814,61099.18547450006
19,2461099.6331134,76.8756595,-6.1711053,2,15.432600021362305,0.038777999579906464,61099.13311340008
20,2461099.6326389,76.8756652,-6.1711275,2,15.732500076293945,0.044199999421834946,61099.132638900075
21,2461098.7047454,76.8757406,-6.171104,1,18.428600311279297,0.12604400515556335,61098.20474540023
24,2461097.6370949,76.8756916,-6.1711516,3,14.625499725341797,0.02869199961423874,61097.13709490001
25,2461097.6370949,76.8756916,-6.1711516,3,14.625499725341797,0.02869199961423874,61097.13709490001
26,2461096.6493287,76.875724,-6.1711561,3,15.66819953918457,0.03562000021338463,61096.1493286998
29,2461094.7066435,76.8756185,-6.1711256,1,18.89579963684082,0.1524920016527176,61094.2066434999
30,2461094.6521181,76.8756673,-6.1711607,1,18.516199111938477,0.1869090050458908,61094.15211809985
31,2461094.6296181,76.8757455,-6.1713173,2,17.337299346923828,0.1325729936361313,61094.12961809989
33,2461093.661412,76.8756891,-6.1712002,3,14.88070011138916,0.028095999732613564,61093.16141200019
34,2461086.6885648,76.8756674,-6.1711458,1,16.34119987487793,0.05734800174832344,61086.18856480019
35,2461086.6757639,76.8756732,-6.171171,1,16.837200164794922,0.10859400033950806,61086.175763899926
36,2461086.6278819,76.8756761,-6.1711418,2,15.056599617004395,0.05343199893832207,61086.12788189994
37,2461086.6170255,76.8756666,-6.1711235,2,15.022100448608398,0.03547900170087814,61086.11702550016
38,2461085.6690509,76.8755894,-6.1711708,2,16.76569938659668,0.02696000039577484,61085.1690508998
39,2461085.6690509,76.875472,-6.1710004,2,16.775800704956055,0.027111999690532684,61085.1690508998
40,2461085.6690509,76.8755191,-6.17108,2,16.90060043334961,0.05575300008058548,61085.1690508998
42,2461081.627419,76.8757319,-6.1711596,2,15.989299774169922,0.1278959959745407,61081.127419000026
44,2461080.6712269,76.8756383,-6.1711484,2,17.03619956970215,0.032898999750614166,61080.17122690007
45,2461080.6712269,76.8757085,-6.1711629,2,17.361799240112305,0.1690549999475479,61080.17122690007
47,2461079.6938542,76.8756462,-6.171165,1,17.426000595092773,0.1287820041179657,61079.19385420019
48,2461078.6267245,76.8756538,-6.1711245,2,15.356499671936035,0.06522399932146072,61078.12672450021
49,2461078.62625,76.8756959,-6.1711292,2,15.207799911499023,0.03556700050830841,61078.126250000205
50,2461075.7351736,76.8756693,-6.1711133,2,14.870800018310547,0.03874000161886215,61075.235173599795
51,2461075.7342245,76.8756825,-6.1711715,2,14.988800048828125,0.0511230006814003,61075.234224500135
52,2461075.6269676,76.875738,-6.1711433,1,16.67620086669922,0.08065400272607803,61075.12696760008
53,2461075.6260301,76.875684,-6.1711466,1,16.23069953918457,0.038853999227285385,61075.126030100044
54,2461073.7895833,76.8756536,-6.1711593,1,17.5132999420166,0.09407799690961838,61073.289583299775
55,2461073.7755324,76.875675,-6.1711178,1,17.00909996032715,0.07376199960708618,61073.27553239977
57,2461073.6891435,76.87567,-6.1710836,2,15.944199562072754,0.09139200299978256,61073.189143499825
58,2461071.7099421,76.8757397,-6.1711077,2,16.231800079345703,0.03832399845123291,61071.209942100104
59,2461071.6901968,76.8757215,-6.1711822,2,16.23310089111328,0.042931001633405685,61071.190196800046
60,2461071.6484028,76.8755454,-6.1710834,1,19.206199645996094,0.2710169851779938,61071.14840279985
61,2461071.6412269,76.8757059,-6.1711479,1,17.837400436401367,0.11017700284719467,61071.14122689981
64,2461066.7484954,76.8756951,-6.1711245,1,17.493099212646484,0.09955699741840363,61066.24849539995
66,2461066.7041319,76.8756176,-6.1712158,2,16.00279998779297,0.21805700659751892,61066.20413189987
67,2461061.710081,76.8756849,-6.1711418,1,16.72920036315918,0.043209999799728394,61061.21008099988
68,2461061.6902778,76.8756825,-6.1711286,1,16.456499099731445,0.054676998406648636,61061.190277799964
69,2461061.6848843,76.8756789,-6.1711422,2,15.101499557495117,0.03362099826335907,61061.18488429999
70,2461061.6844213,76.8756829,-6.1711258,2,14.992400169372559,0.0362280011177063,61061.18442129996
75,2461057.7428356,76.8756925,-6.1711462,2,14.766500473022461,0.023871000856161118,61057.24283559993
76,2461057.7423611,76.8757035,-6.1711355,2,14.997300148010254,0.027188999578356743,61057.242361099925
77,2461057.695,76.8757372,-6.1711674,1,16.53059959411621,0.06608299911022186,61057.19499999983
78,2461057.694537,76.875689,-6.1711446,1,16.737899780273438,0.06100599840283394,61057.1945369998
80,2461055.8040162,76.8757002,-6.1711184,2,17.26460075378418,0.13813599944114685,61055.304016199894
82,2461055.7312269,76.8756643,-6.1711216,1,18.466999053955078,0.12614400684833527,61055.23122690013
83,2461053.8192477,76.8756488,-6.1712,1,17.616199493408203,0.08896099776029587,61053.31924769981
84,2461053.7999537,76.875512,-6.1712057,1,18.16670036315918,0.08282099664211273,61053.29995370004
85,2461051.879375,76.8758409,-6.1712821,1,18.164600372314453,0.1404549926519394,61051.37937500002
86,2461051.8280787,76.8757167,-6.171252,2,16.183500289916992,0.041228998452425,61051.32807870023
87,2461051.8241204,76.8758468,-6.1710902,2,16.325000762939453,0.04131900146603584,61051.32412040001
88,2461051.731875,76.8755662,-6.1714346,1,19.383899688720703,0.3496429920196533,61051.231875000056
91,2461037.895,76.8756634,-6.1711443,1,18.553300857543945,0.1874299943447113,61037.39500000002
93,2461037.7747222,76.875407,-6.1709352,2,17.55929946899414,0.11173199862241745,61037.27472219989
95,2461037.7742477,76.8757318,-6.1712217,2,17.308300018310547,0.08281400054693222,61037.27424769988
96,2461037.7742477,76.8756226,-6.171214,2,17.28890037536621,0.04707900062203407,61037.27424769988
97,2461031.8578125,76.8756158,-6.1711913,2,16.899099349975586,0.10492999851703644,61031.35781250009
98,2461031.857338,76.8756462,-6.1710513,2,16.863100051879883,0.06709299981594086,61031.35733800009
100,2461031.7725694,76.8756832,-6.1711329,1,18.207700729370117,0.09053099900484085,61031.27256939979
101,2461029.7982639,76.8757082,-6.1711242,2,15.940400123596191,0.03300999850034714,61029.29826389998
102,2461029.7949421,76.8757067,-6.1711827,2,15.938799858093262,0.054489001631736755,61029.29494210007
103,2461029.7727431,76.8757122,-6.1711459,1,17.775100708007812,0.058139998465776443,61029.272743099835
104,2461029.7574769,76.8757636,-6.1712077,1,18.686899185180664,0.13631999492645264,61029.25747689977
105,2461027.8413773,76.8756686,-6.1711387,2,15.805399894714355,0.06450100243091583,61027.34137730021
106,2461027.7996644,76.8756855,-6.1711201,1,17.975500106811523,0.05955500155687332,61027.29966440005
107,2461027.7991898,76.8756753,-6.1711389,1,17.402599334716797,0.046188998967409134,61027.29918979993
108,2461025.7722917,76.8756979,-6.1711919,2,16.05270004272461,0.04276899993419647,61025.27229169989
109,2461025.7143403,76.8757421,-6.1713069,1,19.027000427246094,0.16990900039672852,61025.21434029983
110,2461023.7816667,76.8756893,-6.1711509,1,17.598400115966797,0.11284200102090836,61023.2816666998
111,2461023.7240046,76.8756757,-6.1711377,2,16.796100616455078,0.12688499689102173,61023.2240046002
113,2461021.8150116,76.875729,-6.1711462,1,18.21109962463379,0.06744100153446198,61021.31501160003
114,2461021.7590625,76.8757005,-6.1711145,2,16.623199462890625,0.06572899967432022,61021.259062500205
115,2461021.7590625,76.8756197,-6.1710306,2,16.70949935913086,0.021090999245643616,61021.259062500205
116,2461021.7571759,76.87573,-6.1712605,2,16.580299377441406,0.05417399853467941,61021.25717590004
117,2461020.8003009,76.8756765,-6.1713444,1,19.014299392700195,0.209197998046875,61020.30030089989
118,2461020.7767708,76.8757303,-6.171191,1,17.59749984741211,0.054990001022815704,61020.27677079989
121,2461016.8396644,76.8756926,-6.1714279,1,18.982200622558594,0.2412019968032837,61016.33966440009
122,2461016.8377662,76.8757425,-6.1711113,1,17.929800033569336,0.0824199989438057,61016.33776619984
125,2461012.7903935,76.875689,-6.1711997,2,16.224599838256836,0.03633600100874901,61012.29039350012
126,2461006.8557292,76.8756828,-6.1711552,2,15.46150016784668,0.047120001167058945,61006.355729199946
127,2461006.8180208,76.8756921,-6.1711302,1,17.071699142456055,0.05419699847698212,61006.31802080013
130,2460991.8285764,76.8757189,-6.1711733,2,16.34980010986328,0.05200200155377388,60991.328576399945
131,2460990.952037,76.8756708,-6.1711506,1,17.046300888061523,0.06914199888706207,60990.4520370001
132,2460990.8365509,76.8756789,-6.1711581,2,15.406800270080566,0.04897499829530716,60990.33655089978
133,2460989.9008796,76.8756728,-6.1711242,2,15.189900398254395,0.031877998262643814,60989.400879600085
134,2460989.856412,76.8756952,-6.1711396,1,16.76219940185547,0.04605099931359291,60989.35641200002
135,2460988.8788079,76.8756512,-6.1711094,1,17.840999603271484,0.10040400177240372,60988.37880790001
136,2460988.8392824,76.8756719,-6.1710619,2,16.803699493408203,0.08812399953603745,60988.339282399975
138,2460986.8804051,76.8757176,-6.1711964,2,16.489700317382812,0.03645600005984306,60986.38040510006
139,2460985.9209144,76.8757058,-6.1711691,1,17.287399291992188,0.07607699930667877,60985.4209143999
140,2460985.8360417,76.8756961,-6.1711391,1,17.29829978942871,0.08414400368928909,60985.336041700095
142,2460983.8587847,76.8757053,-6.1711429,1,17.423799514770508,0.09123799949884415,60983.35878469981
144,2460980.9395602,76.8756893,-6.1711565,1,17.004100799560547,0.053335998207330704,60980.43956020009
145,2460980.9390856,76.8756736,-6.1711328,1,16.6299991607666,0.05090299993753433,60980.439085599966
147,2460980.9009491,76.8756848,-6.1711173,2,15.129599571228027,0.03640799969434738,60980.40094910003
148,2460977.9186343,76.8756499,-6.1711513,1,17.795299530029297,0.06697700172662735,60977.41863430012
149,2460977.8706366,76.8756928,-6.1714217,2,16.367900848388672,0.07035999745130539,60977.37063660007
150,2460977.8706366,76.8756679,-6.1710765,2,16.4143009185791,0.020447999238967896,60977.37063660007
152,2460975.8976852,76.8757053,-6.1712551,2,16.895099639892578,0.06128900125622749,60975.397685199976
153,2460973.9166782,76.8756983,-6.1711281,2,15.23740005493164,0.042194001376628876,60973.41667820001
154,2460973.8767593,76.875681,-6.1711528,1,16.61949920654297,0.05096999928355217,60973.37675930001
156,2460970.9181134,76.8756506,-6.171162,2,16.962799072265625,0.24182100594043732,60970.41811340023
160,2460968.8530208,76.8756929,-6.1711146,2,14.992500305175781,0.023468000814318657,60968.35302079981
161,2460966.8358218,76.8757446,-6.1711549,1,18.79960060119629,0.13574600219726562,60966.335821799934
165,2460959.9177315,76.8756613,-6.1711087,1,18.8174991607666,0.15217000246047974,60959.41773150023
167,2460956.9192593,76.8757102,-6.1711513,1,18.782100677490234,0.15467700362205505,60956.41925929999
168,2460955.0016667,76.8756909,-6.1711463,1,17.26799964904785,0.059140998870134354,60954.5016667
169,2460954.9394329,76.87567,-6.1711204,2,15.978500366210938,0.03591400012373924,60954.43943289993
170,2460951.9843634,76.8756781,-6.17116,1,17.25429916381836,0.08517900109291077,60951.48436339991
171,2460951.9839005,76.8756878,-6.1711419,1,16.720699310302734,0.042931001633405685,60951.483900499996
172,2460951.9594792,76.87568,-6.171119,2,15.217100143432617,0.03586399927735329,60951.45947920019
173,2460951.9575694,76.8756894,-6.171133,2,15.100700378417969,0.03434399887919426,60951.45756939985
175,2460949.9434375,76.8757197,-6.1712297,2,16.545499801635742,0.07201500236988068,60949.443437499925
176,2460944.0024884,76.8756182,-6.1709206,2,17.667499542236328,0.1935490071773529,60943.502488399856
177,2460943.9795486,76.8756681,-6.1711128,1,18.319400787353516,0.09632200002670288,60943.47954860004
178,2460941.9235301,76.8755514,-6.1712942,2,17.513500213623047,0.05138599872589111,60941.42353009991
179,2460941.9235301,76.8757637,-6.1713887,2,17.81679916381836,0.13232800364494324,60941.42353009991
180,2460941.9071296,76.8756794,-6.171061,1,19.07349967956543,0.19597600400447845,60941.40712960018
181,2460936.0045023,76.875664,-6.1711354,1,17.55030059814453,0.10745900124311447,60935.50450230017
182,2460936.0040278,76.8757015,-6.1711377,1,16.612600326538086,0.053220998495817184,60935.50402780017
183,2460935.9223264,76.87569,-6.1710988,2,15.055700302124023,0.02492300048470497,60935.422326399945
184,2460935.9213889,76.8757098,-6.1711196,2,15.214699745178223,0.044569000601768494,60935.42138889991
185,2460933.935162,76.8757214,-6.1711885,1,16.701499938964844,0.03615099936723709,60933.43516199989
186,2460933.9346875,76.8756607,-6.1711649,1,17.09160041809082,0.06256300210952759,60933.43468749989
187,2460933.9144329,76.8756605,-6.1711324,2,15.338800430297852,0.0399320013821125,60933.41443290003
188,2460933.9139583,76.8757642,-6.1712086,2,15.219799995422363,0.06579399853944778,60933.413958299905
189,2460930.9825463,76.8756948,-6.1711531,1,16.756900787353516,0.05206499993801117,60930.48254630016
190,2460930.9478241,76.8757073,-6.1711473,2,14.82289981842041,0.03765000030398369,60930.44782410003
191,2460929.9370023,76.8757123,-6.1711186,1,17.818599700927734,0.0968180000782013,60929.43700229982
192,2460928.946794,76.8757084,-6.1711418,1,17.909900665283203,0.06845899671316147,60928.44679399999
194,2460927.9367014,76.8757046,-6.1711753,2,16.119400024414062,0.04255500063300133,60927.436701400205
197,2460922.9959259,76.8756871,-6.1711583,2,16.70159912109375,0.04844599962234497,60922.49592590006
198,2460922.9940394,76.8756718,-6.1710883,2,16.914400100708008,0.07208500057458878,60922.494039400015
199,2460922.9784838,76.8756858,-6.1711263,1,18.393299102783203,0.07407700270414352,60922.478483799845
200,2460920.9806597,76.8757159,-6.1711568,1,17.809099197387695,0.053293000906705856,60920.4806597
201,2460920.9801852,76.8757472,-6.1711503,1,18.686399459838867,0.08838599920272827,60920.480185199995
202,2460920.9481366,76.875709,-6.1711351,2,16.07659912109375,0.053996000438928604,60920.4481366002
203,2460920.9476736,76.8757121,-6.17119,2,16.074899673461914,0.04352699965238571,60920.44767360017
204,2460914.9943981,76.8757051,-6.1711032,1,18.286300659179688,0.07298199832439423,60914.494398099836
205,2460761.6517245,76.875672,-6.1711409,1,16.566890716552734,0.041402433067560196,60761.151724500116
206,2460759.6733565,76.8755597,-6.1711512,2,16.854700088500977,0.13352200388908386,60759.17335649999
208,2460757.6722801,76.8756455,-6.171172,1,16.74880027770996,0.045285001397132874,60757.172280100174
209,2460757.639456,76.8756726,-6.1711458,2,14.979900360107422,0.04779199883341789,60757.13945600018
210,2460757.6389815,76.8756819,-6.1711257,2,14.730999946594238,0.06280399858951569,60757.138981500175
211,2460753.6713773,76.875625,-6.1711601,1,17.481800079345703,0.08307900279760361,60753.17137729982
215,2460745.6501273,76.8757356,-6.1711329,2,16.369300842285156,0.050287000834941864,60745.15012730006
216,2460743.6946528,76.8756721,-6.1711429,1,16.496400833129883,0.05172299966216087,60743.19465279998
217,2460743.662662,76.8756928,-6.171132,2,14.88230037689209,0.05559000000357628,60743.16266199993
218,2460736.6814468,76.875675,-6.1710576,2,16.618999481201172,0.05716999992728233,60736.18144680001
219,2460736.6809722,76.875577,-6.1711503,2,16.458499908447266,0.05567000061273575,60736.18097219989
220,2460734.7585532,76.8756142,-6.1710841,2,15.337400436401367,0.03826799988746643,60734.258553199936
221,2460734.648125,76.8756707,-6.1711521,1,16.717300415039062,0.0589510016143322,60734.14812499983
223,2460732.7262616,76.8756501,-6.1711074,2,16.271299362182617,0.024480000138282776,60732.22626159992
224,2460732.6284259,76.8756813,-6.1711409,1,17.531400680541992,0.07218600064516068,60732.12842589989
225,2460732.627963,76.8756423,-6.1712667,1,18.875,0.2449669986963272,60732.12796299998
226,2460730.7064236,76.87566,-6.1711732,2,16.220199584960938,0.12124399840831757,60730.206423600204
227,2460730.6907639,76.8756812,-6.171009,2,16.642000198364258,0.08470500260591507,60730.19076390006
230,2460727.6937963,76.8756861,-6.1711101,2,15.791500091552734,0.0550989992916584,60727.19379629986
233,2460725.634838,76.8757081,-6.1712094,2,16.02829933166504,0.05593299865722656,60725.13483799994
234,2460724.6511921,76.8757256,-6.1711159,2,16.39069938659668,0.03173400089144707,60724.15119209979
235,2460722.7132176,76.8756524,-6.171136,2,15.725500106811523,0.03615399822592735,60722.21321759978
236,2460722.7072917,76.8756275,-6.1711512,2,15.565799713134766,0.04366200044751167,60722.207291699946
237,2460722.6508102,76.8755848,-6.1711721,1,17.892099380493164,0.12430299818515778,60722.15081019979
238,2460722.6503356,76.8756685,-6.1711479,1,17.068899154663086,0.06979600340127945,60722.150335600134
241,2460706.7968519,76.8756566,-6.1711518,1,17.80900001525879,0.07204599678516388,60706.29685189994
242,2460706.7547454,76.8756458,-6.1710945,2,16.26609992980957,0.01888599991798401,60706.254745400045
243,2460697.7539583,76.8756532,-6.1710959,2,15.550800323486328,0.057489000260829926,60697.25395830022
244,2460697.7354167,76.875695,-6.1711274,2,15.553500175476074,0.055748000741004944,60697.23541670013
245,2460697.7139236,76.8756431,-6.17122,1,17.05769920349121,0.14437399804592133,60697.21392360004
246,2460695.6838773,76.8757182,-6.171147,1,18.010299682617188,0.06134900078177452,60695.183877300005
247,2460694.7753009,76.8757145,-6.1712554,2,16.712799072265625,0.06360100209712982,60694.275300899986
249,2460693.7760301,76.8757368,-6.1711455,2,15.839200019836426,0.0340300016105175,60693.27603009995
250,2460693.6926736,76.8756,-6.171139,1,18.889799118041992,0.19533799588680267,60693.19267359981
251,2460692.6968981,76.875649,-6.1709768,2,16.83970069885254,0.10071899741888046,60692.196898099966
252,2460691.8441782,76.8757591,-6.1711949,1,18.17919921875,0.1074099987745285,60691.34417819977
253,2460691.7130324,76.875716,-6.1711297,2,16.195899963378906,0.05019199848175049,60691.21303239977
254,2460690.7916435,76.8757129,-6.1712736,2,16.949499130249023,0.08452299982309341,60690.29164349986
256,2460689.7303125,76.8758929,-6.1711564,1,18.493000030517578,0.2535189986228943,60689.23031250015
257,2460688.7754861,76.87571,-6.1711345,1,17.156200408935547,0.09848300367593765,60688.2754861
258,2460688.7245949,76.8756705,-6.171128,2,15.869000434875488,0.03344700112938881,60688.22459489992
259,2460687.777581,76.875813,-6.1711615,1,18.40019989013672,0.17718900740146637,60687.27758099977
260,2460686.8015278,76.8757086,-6.1712246,2,16.121700286865234,0.05008700117468834,60686.30152780004
261,2460686.6770023,76.8757769,-6.1712561,1,19.098100662231445,0.21286199986934662,60686.17700230004
262,2460685.6811921,76.8756956,-6.1710601,2,16.445899963378906,0.049584001302719116,60685.18119210005
264,2460683.7733333,76.8756489,-6.1710143,1,18.095600128173828,0.15918399393558502,60683.273333299905
265,2460683.7568171,76.8755564,-6.1709297,2,16.500600814819336,0.06731200218200684,60683.256817100104
266,2460683.7563426,76.8757344,-6.1710385,2,16.851699829101562,0.07579699903726578,60683.2563426001
267,2460681.7526389,76.8756781,-6.1711296,2,16.124500274658203,0.055027998983860016,60681.25263890019
269,2460681.7112847,76.8756298,-6.171119,1,18.493099212646484,0.09754399955272675,60681.21128469985
270,2460681.7108218,76.8756821,-6.1711584,1,17.600299835205078,0.06713300198316574,60681.210821799934
271,2460680.6772106,76.875679,-6.1711467,1,16.449100494384766,0.05173899978399277,60680.177210600115
272,2460679.8262153,76.8756779,-6.1711338,2,14.962200164794922,0.03922399878501892,60679.32621529978
273,2460679.7731019,76.8756834,-6.1711132,2,15.017499923706055,0.055156998336315155,60679.27310189977
275,2460677.7129514,76.8756009,-6.1711262,1,19.589599609375,0.1696469932794571,60677.21295139985
278,2460674.6929051,76.8758087,-6.1710193,2,17.538400650024414,0.06375099718570709,60674.19290510006
279,2460674.691956,76.8757271,-6.171183,2,17.223600387573242,0.09135700017213821,60674.19195599994
282,2460668.8729861,76.8756898,-6.1711513,2,16.97249984741211,0.15875600278377533,60668.37298610015
283,2460668.7359144,76.8755832,-6.1712815,1,18.50550079345703,0.2112800031900406,60668.23591439985
284,2460668.7349769,76.8757048,-6.1711473,1,17.41189956665039,0.09508799761533737,60668.23497689981
285,2460668.7104514,76.8756359,-6.1710989,2,16.01059913635254,0.06474599987268448,60668.21045139991
286,2460666.7223148,76.875683,-6.1711305,2,14.964599609375,0.03827600181102753,60666.222314800136
287,2460666.720625,76.8756739,-6.1711501,2,15.075599670410156,0.06542400270700455,60666.220625000075
288,2460666.6939583,76.8757084,-6.1711322,1,17.0216007232666,0.099542997777462,60666.193958300166
289,2460666.6920718,76.8757026,-6.1711344,1,16.47480010986328,0.04506999999284744,60666.19207180012
290,2460664.8394329,76.8756747,-6.1711139,2,15.323200225830078,0.03324199840426445,60664.33943289984
292,2460664.7730903,76.8756775,-6.1711401,1,16.721200942993164,0.046581998467445374,60664.27309030015
293,2460664.7711458,76.8756979,-6.1711526,1,17.122699737548828,0.060398999601602554,60664.27114580013
295,2460661.7116782,76.8757413,-6.1711251,1,18.50469970703125,0.14361099898815155,60661.211678199936
296,2460660.8568866,76.8756826,-6.1711265,1,18.53179931640625,0.14973899722099304,60660.356886600144
299,2460658.7994329,76.8756788,-6.1711267,2,15.434000015258789,0.04331300035119057,60658.2994328998
300,2460658.7975463,76.8756664,-6.1711444,2,15.338600158691406,0.04485899955034256,60658.297546300106
302,2460658.7484606,76.8756979,-6.1711428,1,16.991100311279297,0.037790000438690186,60658.24846060015
303,2460655.814375,76.8757696,-6.1712937,2,17.34469985961914,0.10502299666404724,60655.314375000075
305,2460654.7800579,76.8756978,-6.1711598,2,15.230199813842773,0.033257000148296356,60654.28005790012
306,2460654.7703704,76.8757287,-6.1711312,1,17.073200225830078,0.06659100204706192,60654.270370400045
307,2460653.7975926,76.8756848,-6.171123,1,17.261600494384766,0.06627999991178513,60653.297592599876
308,2460653.7520139,76.8756812,-6.1710952,2,16.143199920654297,0.035342998802661896,60653.25201389985
309,2460652.7490856,76.8757142,-6.1711418,1,17.747100830078125,0.05105400085449219,60652.24908560002
310,2460652.6932523,76.8756989,-6.1711363,2,16.033199310302734,0.035523999482393265,60652.19325229991
313,2460650.8514005,76.8757056,-6.1711668,1,17.80970001220703,0.06066099926829338,60650.35140050016
315,2460650.7521296,76.875747,-6.1711257,2,16.478900909423828,0.035725999623537064,60650.25212959992
316,2460648.9581134,76.8757416,-6.1711452,2,16.4906005859375,0.04716299846768379,60648.4581133998
318,2460648.8376505,76.8757263,-6.171156,1,18.225900650024414,0.06720700114965439,60648.33765049977
319,2460648.7446065,76.8757219,-6.1711792,2,16.81279945373535,0.05248099938035011,60648.244606500026
320,2460646.7548264,76.875709,-6.1711566,1,16.43589973449707,0.08048900216817856,60646.25482639996
321,2460646.7538773,76.8757016,-6.171145,1,15.984800338745117,0.06363800168037415,60646.25387729984
322,2460644.8351389,76.8756928,-6.171079,2,16.23740005493164,0.04398699849843979,60644.335138900205
323,2460644.8193866,76.8756887,-6.1711866,2,16.300500869750977,0.017549000680446625,60644.31938660005
324,2460644.8193866,76.8757041,-6.1712136,2,16.65169906616211,0.1936669945716858,60644.31938660005
325,2460640.8389583,76.8757426,-6.1713978,2,17.500595092773438,0.10445427149534225,60640.338958300184
326,2460640.8389583,76.8757426,-6.1713978,2,17.500600814819336,0.10445400327444077,60640.338958300184
328,2460640.8142708,76.8756492,-6.1711225,1,19.37579917907715,0.18440300226211548,60640.31427079998
330,2460640.7976273,76.8757163,-6.1711813,1,18.446500778198242,0.1076980009675026,60640.297627300024
331,2460640.7976273,76.8757163,-6.1711813,1,18.446500778198242,0.1076980009675026,60640.297627300024
332,2460637.8384028,76.8756955,-6.1711366,2,14.815500259399414,0.030313000082969666,60637.338402799796
333,2460637.8379282,76.8756935,-6.1711392,2,14.76830005645752,0.028636999428272247,60637.33792820014
334,2460637.7913889,76.8757026,-6.1711452,1,16.502300262451172,0.04431600123643875,60637.29138890002
336,2460635.8788889,76.8756104,-6.1711335,2,18.060199737548828,0.15550999343395233,60635.378888899926
339,2460635.8361574,76.8756812,-6.1711291,1,17.953800201416016,0.07927600294351578,60635.33615740016
340,2460632.8986458,76.8756492,-6.1711218,2,16.8612003326416,0.1204179972410202,60632.39864580007
342,2460631.8571412,76.8757144,-6.1712208,2,16.70989990234375,0.055768001824617386,60631.35714119999
343,2460631.7545602,76.8755187,-6.1709015,1,18.399700164794922,0.2471970021724701,60631.25456020003
346,2460628.7885995,76.8757569,-6.1712292,2,17.38159942626953,0.06809200346469879,60628.28859949997
349,2460628.736331,76.8757249,-6.1711651,1,18.651199340820312,0.2450830042362213,60628.23633099999
350,2460627.7928819,76.875717,-6.1711267,2,16.453500747680664,0.04611299932003021,60627.29288189998
352,2460624.8700347,76.8756875,-6.171138,1,16.79400062561035,0.055309001356363297,60624.370034699794
353,2460624.8540046,76.8756969,-6.1711542,1,17.06130027770996,0.05172000080347061,60624.354004600085
354,2460624.8149653,76.8757006,-6.1711465,2,15.319899559020996,0.044853001832962036,60624.314965299796
355,2460624.8083333,76.8756861,-6.1711205,2,15.476400375366211,0.02518099918961525,60624.308333300054
356,2460623.9409722,76.8757334,-6.1711534,1,18.61829948425293,0.11331000179052353,60623.44097220013
357,2460623.9208796,76.8757432,-6.1711049,2,17.295700073242188,0.11743000149726868,60623.420879600104
359,2460622.942581,76.8757934,-6.1711388,1,18.66230010986328,0.11342400312423706,60622.44258099981
360,2460622.9196991,76.8758314,-6.1711692,2,17.97170066833496,0.08818099647760391,60622.419699099846
361,2460622.9158565,76.8757292,-6.1713499,2,17.249099731445312,0.061096999794244766,60622.415856500156
362,2460621.8792245,76.8757489,-6.1711692,2,16.08300018310547,0.043056000024080276,60621.37922450015
363,2460620.852662,76.8757092,-6.1711622,1,17.080299377441406,0.06813500076532364,60620.352661999874
364,2460619.9165046,76.8755075,-6.1710829,1,19.030399322509766,0.12147500365972519,60619.416504600085
365,2460618.8739699,76.8755835,-6.1711786,1,19.477100372314453,0.15255199372768402,60618.373969899956
367,2460616.9209954,76.8756935,-6.1711499,2,14.98799991607666,0.04686199873685837,60616.42099539982
368,2460616.8969329,76.8756999,-6.1711514,1,16.801000595092773,0.058859001845121384,60616.39693289995
369,2460616.8969329,76.8756999,-6.1711514,1,16.801000595092773,0.058859001845121384,60616.39693289995
370,2460615.9404167,76.8756843,-6.1711277,2,15.487700462341309,0.050296999514102936,60615.44041670021
371,2460615.9176273,76.8756914,-6.171135,1,16.94070053100586,0.04534300044178963,60615.417627300136
372,2460614.9840741,76.875715,-6.1711575,1,18.249799728393555,0.0773639976978302,60614.48407409992
373,2460614.9417477,76.8757203,-6.1711148,2,16.543800354003906,0.0742110013961792,60614.441747699864
374,2460611.9583565,76.8756722,-6.1710928,2,14.972100257873535,0.04061200097203255,60611.45835650014
375,2460610.9425463,76.8757037,-6.1711293,1,18.1924991607666,0.22340799868106842,60610.442546300124
376,2460610.8766435,76.8756999,-6.1711266,2,16.329299926757812,0.0954580008983612,60610.376643499825
378,2460609.8975231,76.8756184,-6.1711719,1,18.92099952697754,0.10649699717760086,60609.39752310002
379,2460609.8975231,76.8756184,-6.1711719,1,18.92099952697754,0.10649699717760086,60609.39752310002
380,2460609.8975231,76.8756184,-6.1711719,1,18.92099952697754,0.10649699717760086,60609.39752310002
381,2460609.8975231,76.8756184,-6.1711719,1,18.92099952697754,0.10649699717760086,60609.39752310002
382,2460608.9584838,76.8756766,-6.1711598,1,17.202699661254883,0.080376997590065,60608.458483799826
383,2460608.9214583,76.8756847,-6.17112,2,15.098799705505371,0.03331099823117256,60608.4214583002
384,2460607.9444444,76.8756819,-6.1711311,2,15.410200119018555,0.034203000366687775,60607.44444439979
385,2460607.9203009,76.8756942,-6.1711411,1,16.878400802612305,0.06203800067305565,60607.420300900005
386,2460606.9201505,76.8756494,-6.1710883,1,18.40060043334961,0.08510500192642212,60606.42015049979
387,2460606.8511458,76.8756826,-6.1711301,2,16.31100082397461,0.061014000326395035,60606.3511458002
390,2460603.895544,76.8756781,-6.1711082,2,15.606100082397461,0.03677799925208092,60603.39554399997
391,2460603.8509144,76.8756975,-6.1711435,1,16.96190071105957,0.0595179982483387,60603.35091440007
392,2460602.9585069,76.8755625,-6.1710673,1,18.4281005859375,0.13592499494552612,60602.458506899886
393,2460602.8746412,76.8757061,-6.1711402,2,16.405500411987305,0.04407700151205063,60602.37464120006
394,2460600.9403472,76.8756994,-6.1710706,2,15.742199897766113,0.04768899828195572,60600.440347199794
395,2460600.8980324,76.8756857,-6.1711307,1,17.051700592041016,0.06595300137996674,60600.398032399826
396,2460600.0195949,76.8756428,-6.1711631,1,17.779199600219727,0.07384999841451645,60599.519594899844
397,2460599.9122569,76.875672,-6.1711391,2,15.682700157165527,0.05053799971938133,60599.41225690022
398,2460598.9611227,76.8756661,-6.1710908,1,18.357099533081055,0.10149800032377243,60598.46112270001
399,2460597.9406134,76.8757209,-6.1711409,1,18.03890037536621,0.06610099971294403,60597.44061340019
400,2460597.8933102,76.8757001,-6.1711144,2,16.488100051879883,0.04978499934077263,60597.39331019996
401,2460596.9396875,76.8756876,-6.1711672,1,19.633100509643555,0.17572900652885437,60596.43968749978
403,2460595.9236921,76.8756954,-6.1711618,1,17.83650016784668,0.09999900311231613,60595.423692100216
404,2460595.9025116,76.8756922,-6.1711349,1,17.178199768066406,0.0523420013487339,60595.40251159994
405,2460595.8813079,76.8756943,-6.1711441,2,15.624500274658203,0.06318199634552002,60595.38130789995
407,2460593.9810764,76.875762,-6.1711458,1,18.373699188232422,0.074863001704216,60593.481076399796
408,2460593.9364931,76.8757037,-6.1711848,2,16.53809928894043,0.0427360013127327,60593.43649310013
409,2460593.9360185,76.8756934,-6.1711369,2,16.669200897216797,0.03532499819993973,60593.43601850001
410,2460591.9813194,76.8756842,-6.1711438,2,15.2568998336792,0.06097700074315071,60591.481319400016
411,2460591.9370718,76.8757004,-6.171127,1,16.942899703979492,0.04724999889731407,60591.43707180023
412,2460591.9366088,76.875711,-6.1711758,1,17.425100326538086,0.0750650018453598,60591.4366088002
413,2460578.0223032,76.8756579,-6.1711463,3,14.747599601745605,0.03966299816966057,60577.52230319986
414,2460578.0004051,76.8756967,-6.1711397,1,16.951400756835938,0.05488499999046326,60577.500405100174
415,2460577.9893171,76.8756841,-6.1711396,1,17.65999984741211,0.11355700343847275,60577.48931710003
416,2460577.9777662,76.8757014,-6.171149,2,15.433099746704102,0.04762300103902817,60577.47776619997
419,2460576.9984722,76.8757268,-6.1711021,1,19.035200119018555,0.1756110042333603,60576.498472199775
420,2460576.9965856,76.8757002,-6.1710976,1,19.124300003051758,0.10788500308990479,60576.49658560008
421,2460576.0249653,76.8757401,-6.1711161,2,16.691099166870117,0.07123199850320816,60575.524965300225
422,2460576.0245023,76.8757181,-6.1712003,2,16.531999588012695,0.039632998406887054,60575.52450230019
423,2460575.9705787,76.8757156,-6.1711629,3,15.224499702453613,0.03341500088572502,60575.47057869984
424,2460575.9246296,76.8756857,-6.1711569,1,18.137800216674805,0.08060099929571152,60575.42462959979
426,2460574.9788079,76.8757062,-6.1711158,2,16.61639976501465,0.05429200083017349,60574.4788079001
427,2460574.9783333,76.8757219,-6.1711382,2,16.43000030517578,0.05964700132608414,60574.47833329998
428,2460571.9779167,76.875668,-6.171161,1,18.433700561523438,0.13185499608516693,60571.477916699834
429,2460571.9779167,76.875668,-6.171161,1,18.433700561523438,0.13185499608516693,60571.477916699834
430,2460571.9570602,76.8756987,-6.1711267,2,15.800299644470215,0.03834899887442589,60571.45706020016
431,2460571.9316435,76.8757041,-6.1711648,2,15.822099685668945,0.036233000457286835,60571.43164349999
433,2460566.9846759,76.8756917,-6.1711445,1,16.877599716186523,0.052531998604536057,60566.48467590008
434,2460566.9793287,76.8757079,-6.1711438,2,15.385499954223633,0.035447001457214355,60566.479328699876
435,2460564.9985301,76.8756905,-6.1711466,1,18.594100952148438,0.12387999892234802,60564.4985301001
436,2460564.9719792,76.8756889,-6.1711267,2,16.27280044555664,0.07480199635028839,60564.47197919991
443,2460557.9416204,76.8757297,-6.1710361,2,17.09630012512207,0.0748789981007576,60557.441620400175
444,2460557.9411458,76.8757872,-6.1711405,2,17.17729949951172,0.12175299972295761,60557.441145800054
445,2460555.9479282,76.8757355,-6.171126,2,16.261499404907227,0.05308699980378151,60555.44792820001
446,2460555.9474537,76.8756829,-6.1711809,2,16.215499877929688,0.041512999683618546,60555.447453700006
448,2460390.6366782,76.875691,-6.1711425,2,16.791488647460938,0.130752295255661,60390.136678200215
453,2460379.6341667,76.8756806,-6.1710705,1,18.04960060119629,0.1310950070619583,60379.134166699834
454,2460374.6913079,76.875648,-6.1711594,1,17.767000198364258,0.06693000346422195,60374.19130790001
456,2460365.7217361,76.8756411,-6.1711341,1,17.38330078125,0.20862199366092682,60365.22173610004
457,2460365.6685648,76.8756548,-6.1710807,2,15.842700004577637,0.07849600166082382,60365.16856480017
459,2460363.7334491,76.8756091,-6.170995,2,16.724000930786133,0.12568399310112,60363.23344910005
460,2460363.6910532,76.87563,-6.1711712,1,17.88920021057129,0.11252900213003159,60363.19105320005
461,2460357.7536343,76.8756484,-6.171149,1,16.874000549316406,0.05824299901723862,60357.25363430008
463,2460357.7146065,76.875679,-6.1711179,2,14.990400314331055,0.036028001457452774,60357.21460650023
464,2460355.6799421,76.8755819,-6.1711257,1,18.68239974975586,0.10925699770450592,60355.17994209984
466,2460354.7143866,76.8756701,-6.1711364,1,16.650100708007812,0.05223499983549118,60354.21438660007
467,2460354.6489931,76.8756701,-6.1711324,2,15.206600189208984,0.04767800122499466,60354.14899310004
468,2460353.6462384,76.8756763,-6.1711465,2,15.71030044555664,0.04599300026893616,60353.146238400135
469,2460351.7471528,76.8758617,-6.171337,2,17.805999755859375,0.1356469988822937,60351.247152800206
471,2460351.6906134,76.8757777,-6.1712018,1,18.96649932861328,0.14585399627685547,60351.19061340019
472,2460351.646169,76.875554,-6.1711089,1,18.741899490356445,0.14097100496292114,60351.14616899984
473,2460340.7943171,76.8756387,-6.1710725,2,16.081199645996094,0.055383000522851944,60340.2943171002
474,2460340.7270023,76.8755941,-6.171008,1,18.64310073852539,0.14165300130844116,60340.22700229986
476,2460336.8174421,76.8756021,-6.1711303,2,16.084400177001953,0.05538500100374222,60336.31744210003
477,2460336.7145949,76.875478,-6.1711101,1,18.95560073852539,0.22134199738502502,60336.21459490014
479,2460336.7141204,76.8756686,-6.1711291,1,17.64349937438965,0.1082879975438118,60336.21412040014
480,2460327.8165741,76.8756572,-6.1712022,1,16.98550033569336,0.04954199865460396,60327.31657409994
481,2460327.7576042,76.8756911,-6.1711331,1,16.718000411987305,0.04387199878692627,60327.25760419993
482,2460327.7451505,76.8756868,-6.171139,2,15.187000274658203,0.0314439982175827,60327.24515049998
483,2460327.6842361,76.8756862,-6.1711124,2,15.35990047454834,0.03096799924969673,60327.18423609994
484,2460325.7543403,76.8757252,-6.1711654,1,17.736000061035156,0.06717400252819061,60325.25434029987
485,2460325.7322106,76.8757416,-6.1712462,1,18.717100143432617,0.13324500620365143,60325.23221059982
486,2460325.6788657,76.8757123,-6.1711311,2,15.971699714660645,0.03261899948120117,60325.17886570003
487,2460325.6774421,76.8757061,-6.1711706,2,15.921600341796875,0.04196200147271156,60325.1774420999
488,2460323.8464699,76.8756256,-6.1711301,1,17.48590087890625,0.07245700061321259,60323.346469900105
489,2460323.8010764,76.8756533,-6.17111,2,16.238500595092773,0.04756399989128113,60323.301076400094
490,2460323.7975116,76.8756505,-6.1711468,2,16.02090072631836,0.03484800085425377,60323.29751159996
491,2460323.7357523,76.8756563,-6.1711515,1,18.20479965209961,0.08415000140666962,60323.235752299894
494,2460321.7376968,76.8757988,-6.1714303,2,17.470399856567383,0.17232699692249298,60321.237696799915
495,2460321.7372222,76.8757033,-6.1711257,2,17.690500259399414,0.22166700661182404,60321.237222199794
496,2460314.7561111,76.8756457,-6.1710962,1,18.069299697875977,0.07762199640274048,60314.25611109985
498,2460314.7047801,76.8757656,-6.1710486,2,17.277700424194336,0.12718899548053741,60314.20478009991
499,2460314.7014815,76.8756577,-6.1711005,2,17.12310028076172,0.10198599845170975,60314.201481500175
501,2460308.8819329,76.8756468,-6.1710961,2,15.663599967956543,0.04709500074386597,60308.38193289982
502,2460308.6718634,76.8756897,-6.1712188,1,18.38719940185547,0.1630759984254837,60308.17186339991
503,2460308.6311111,76.8757101,-6.1711465,1,17.314599990844727,0.051704999059438705,60308.13111109985
506,2460306.7186806,76.8756863,-6.1711267,1,17.615100860595703,0.060152001678943634,60306.21868060017
507,2460306.718206,76.8756722,-6.1711581,1,18.45709991455078,0.11202099919319153,60306.21820600005
508,2460295.9289583,76.8757991,-6.1712268,1,18.849000930786133,0.20051699876785278,60295.428958300035
509,2460295.7944097,76.8757236,-6.1712019,2,17.28510093688965,0.06029700115323067,60295.294409700204
510,2460295.7560301,76.8757114,-6.1710919,2,17.248600006103516,0.1170860007405281,60295.25603009993
515,2460290.8403819,76.87566,-6.1711091,1,18.5310001373291,0.13520799577236176,60290.34038189985
516,2460288.8274074,76.8756833,-6.1711354,1,18.255699157714844,0.09745799750089645,60288.327407400124
518,2460288.7575347,76.8756628,-6.1710773,2,17.802000045776367,0.17509199678897858,60288.25753469998
519,2460288.7570602,76.8755898,-6.1711631,2,17.368900299072266,0.08306600153446198,60288.257060199976
524,2460262.8995833,76.8756691,-6.1711084,1,18.58810043334961,0.164123997092247,60262.39958330011
526,2460261.9539236,76.875733,-6.1712517,2,16.73900032043457,0.08387099951505661,60261.453923599795
527,2460261.9539236,76.8759166,-6.1713184,2,16.749000549316406,0.02631700038909912,60261.453923599795
528,2460261.9539236,76.8756104,-6.1711355,2,16.730899810791016,0.02581699937582016,60261.453923599795
530,2460261.9119676,76.875687,-6.1712263,1,18.035999298095703,0.07137200236320496,60261.41196760023
531,2460259.9443171,76.8756973,-6.1711289,2,14.926899909973145,0.02390900067985058,60259.444317100104
532,2460259.9438426,76.8756947,-6.1711275,2,14.834500312805176,0.0413689985871315,60259.4438426001
533,2460259.8990162,76.8756959,-6.1711487,1,16.77829933166504,0.05326300114393234,60259.3990162001
534,2460257.9285069,76.8756519,-6.171147,2,16.086000442504883,0.0464479997754097,60257.42850690009
535,2460257.9280324,76.8757337,-6.1711271,2,16.12179946899414,0.05145199969410896,60257.42803240009
536,2460257.8769097,76.8756545,-6.1711973,1,18.591800689697266,0.09730499982833862,60257.37690970022
537,2460257.8764352,76.8757177,-6.1711978,1,17.61280059814453,0.07352600246667862,60257.37643520022
538,2460253.9363657,76.8756904,-6.1710915,1,18.625699996948242,0.10169900208711624,60253.43636569986
542,2460251.9319444,76.875713,-6.171119,2,15.823599815368652,0.046434998512268066,60251.43194440007
544,2460251.8598148,76.8756771,-6.1711297,1,17.641700744628906,0.07171499729156494,60251.35981479986
545,2460251.8593403,76.875687,-6.1711494,1,17.1825008392334,0.04966599866747856,60251.35934029985
546,2460249.9430556,76.8756884,-6.1711435,2,15.628999710083008,0.027674999088048935,60249.44305559993
547,2460249.9010995,76.8756821,-6.1711142,2,15.70199966430664,0.030321000143885612,60249.40109949978
548,2460249.8743171,76.8756682,-6.171104,1,17.812299728393555,0.11774300038814545,60249.374317099806
549,2460249.8738426,76.8756951,-6.1711526,1,17.028900146484375,0.08016099780797958,60249.3738425998
550,2460246.942338,76.8756359,-6.1711194,1,18.656299591064453,0.2668069899082184,60246.44233800005
553,2460246.8377199,76.8758685,-6.1714749,2,18.067699432373047,0.2054930031299591,60246.33771990007
555,2460244.9360648,76.8757135,-6.1712073,1,17.96980094909668,0.10277900099754333,60244.43606479978
557,2460244.8500926,76.8758518,-6.1712238,2,16.935199737548828,0.08210700005292892,60244.3500926001
558,2460244.8386227,76.8758652,-6.1712672,2,17.207399368286133,0.057670000940561295,60244.33862269996
559,2460239.9650926,76.8756745,-6.1711633,1,17.687999725341797,0.12020599842071533,60239.46509259986
560,2460239.9646181,76.8756883,-6.1711477,1,16.933000564575195,0.039673998951911926,60239.46461809985
562,2460239.9191435,76.8757018,-6.1711383,2,15.456199645996094,0.03681199997663498,60239.41914349981
563,2460239.9191435,76.8757018,-6.1711383,2,15.456199645996094,0.03681199997663498,60239.41914349981
564,2460237.9580903,76.8757343,-6.1712053,1,18.834299087524414,0.10646600276231766,60237.458090300206
565,2460237.9419907,76.8757277,-6.1711548,1,17.84429931640625,0.047717999666929245,60237.441990700085
566,2460237.8662731,76.8756966,-6.1711793,2,16.052000045776367,0.03825100138783455,60237.36627310002
567,2460237.8657986,76.8757071,-6.1711157,2,16.118200302124023,0.03114200010895729,60237.36579860002
568,2460235.893912,76.8757504,-6.1711786,1,19.167999267578125,0.11129400134086609,60235.393912000116
569,2460235.8929745,76.8756999,-6.1711428,1,18.912399291992188,0.1646910011768341,60235.39297450008
571,2460233.9403125,76.8757453,-6.1712866,2,17.28179931640625,0.09086699783802032,60233.44031250011
572,2460233.9023264,76.8757005,-6.171145,1,18.503299713134766,0.11094900220632553,60233.402326399926
574,2460231.9620833,76.8755241,-6.1712945,2,18.636899948120117,0.3722729980945587,60231.46208330011
576,2460231.9392477,76.875719,-6.1711446,1,18.89069938659668,0.11609499901533127,60231.43924769992
578,2460228.9423727,76.8757528,-6.1711493,1,18.415300369262695,0.09098400175571442,60228.4423727002
583,2460225.9236574,76.8757289,-6.1711133,1,18.59869956970215,0.0988750010728836,60225.42365740007
584,2460223.9601852,76.8757084,-6.1711267,2,16.01689910888672,0.031633999198675156,60223.460185199976
585,2460223.9597106,76.8757121,-6.1711812,2,15.981800079345703,0.04118100181221962,60223.459710599855
586,2460223.9061343,76.8757148,-6.1711498,1,17.77739906311035,0.05214700102806091,60223.406134299934
587,2460223.9056597,76.8757531,-6.1711965,1,18.80340003967285,0.15582799911499023,60223.40565969981
591,2460221.9256829,76.8757327,-6.1711608,1,17.857200622558594,0.12058699876070023,60221.42568290001
592,2460217.9376736,76.8757049,-6.1711508,2,14.90719985961914,0.0321119986474514,60217.437673599925
593,2460217.0013773,76.8756884,-6.1711218,2,15.064900398254395,0.03653600066900253,60216.501377299894
594,2460216.9613889,76.875698,-6.171146,1,16.378999710083008,0.030369000509381294,60216.461388899945
596,2460215.9411806,76.8757134,-6.1711721,2,15.49429988861084,0.07387199997901917,60215.44118059985
597,2460213.9999653,76.8756972,-6.1711189,2,14.769000053405762,0.0416250005364418,60213.49996529985
598,2460213.9573727,76.8757039,-6.1711611,1,16.423200607299805,0.05342499911785126,60213.457372699864
599,2460213.9540625,76.8757077,-6.1711484,1,16.185400009155273,0.034915998578071594,60213.45406250004
600,2460211.9633565,76.8757038,-6.1711847,2,16.048999786376953,0.03682100027799606,60211.463356500026
603,2460208.9671412,76.8756918,-6.1710889,1,18.732799530029297,0.1330839991569519,60208.46714119986
604,2460206.9901505,76.8756807,-6.1711616,1,17.971599578857422,0.08637700229883194,60206.49015050009
605,2460206.9868287,76.8756793,-6.1711535,1,17.257200241088867,0.06749600172042847,60206.486828700174
606,2460206.9653472,76.8756869,-6.1711366,2,15.822099685668945,0.0558600015938282,60206.46534720017
607,2460206.9639352,76.8757007,-6.1711337,2,15.744600296020508,0.06297700107097626,60206.463935200125
608,2460204.9934606,76.8756968,-6.1711654,1,17.852800369262695,0.05572199821472168,60204.4934605998
609,2460204.9335764,76.875795,-6.1711312,2,17.043699264526367,0.097461998462677,60204.433576399926
611,2460203.9254861,76.8757455,-6.1712059,1,18.590499877929688,0.1348000019788742,60203.425486099906
612,2460201.9984259,76.8756998,-6.171161,1,16.677799224853516,0.039438001811504364,60201.498425900005
614,2460200.9964931,76.8756985,-6.1711471,1,16.49139976501465,0.051736000925302505,60200.49649310019
615,2460200.9655093,76.8757094,-6.1711206,2,14.65369987487793,0.03933800011873245,60200.46550930012
616,2460198.9848032,76.8756919,-6.1711522,1,17.015399932861328,0.056331001222133636,60198.48480319977
617,2460196.9837616,76.8757071,-6.1711558,1,17.010900497436523,0.07784699648618698,60196.48376160022
618,2460196.9427894,76.8757143,-6.1711581,2,15.084500312805176,0.04371299967169762,60196.4427894
619,2460194.9954861,76.8757879,-6.1711761,2,16.947099685668945,0.060851000249385834,60194.495486100204
620,2460194.9954861,76.8756605,-6.171034,2,16.84749984741211,0.03043299913406372,60194.495486100204
622,2460194.9445833,76.875707,-6.1711999,1,19.320100784301758,0.16517800092697144,60194.444583300035
623,2460194.9436458,76.8757176,-6.1711601,1,18.036500930786133,0.08613800257444382,60194.4436458
624,2460191.9804051,76.8757072,-6.1711538,2,15.104499816894531,0.03706600144505501,60191.480405100156
625,2460191.9799306,76.8756945,-6.1711157,2,15.196200370788574,0.03964199870824814,60191.47993060015
626,2460191.9443981,76.8757316,-6.1711448,1,17.19499969482422,0.08438099920749664,60191.44439810002
627,2460191.9434491,76.8757088,-6.1711701,1,16.62179946899414,0.04692099988460541,60191.443449100014
629,2460184.9822917,76.8757046,-6.1711625,2,17.343000411987305,0.09242600202560425,60184.48229169985
630,2460184.9500231,76.8757277,-6.1711531,1,18.457399368286133,0.11258699744939804,60184.45002309978
631,2460031.6736921,76.8756779,-6.1711616,1,16.89324378967285,0.08422768861055374,60031.173692100216
633,2460013.7248032,76.8756431,-6.1711577,2,16.450599670410156,0.04735400155186653,60013.22480319999
634,2460013.6927083,76.8756231,-6.1710787,2,16.699342727661133,0.048741500824689865,60013.19270829996
635,2459994.6928472,76.8757114,-6.1711347,1,18.344499588012695,0.10429999977350235,59994.192847200204
636,2459991.6930324,76.8757569,-6.1711499,1,18.38640022277832,0.07089100033044815,59991.19303240022
637,2459991.6482986,76.8757559,-6.1711058,2,17.150100708007812,0.04758699983358383,59991.14829860022
638,2459985.6327546,76.8756891,-6.1713047,1,18.773700714111328,0.17122699320316315,59985.13275460014
640,2459980.7344792,76.875649,-6.1711478,2,16.12459945678711,0.07928700000047684,59980.234479200095
642,2459978.7068866,76.8757064,-6.1711571,2,16.329999923706055,0.12518300116062164,59978.20688659977
643,2459972.7274769,76.8756875,-6.1711294,2,15.727800369262695,0.054478999227285385,59972.22747689998
644,2459972.69,76.8757302,-6.1711578,2,15.657920837402344,0.051487281918525696,59972.189999999944
645,2459972.6718403,76.8756735,-6.1711656,1,17.118000030517578,0.05610699951648712,59972.17184029985
646,2459972.6713657,76.8756922,-6.1711781,1,17.948999404907227,0.13175100088119507,59972.1713657002
648,2459970.710787,76.8756639,-6.1712817,2,16.235599517822266,0.041294001042842865,59970.210787000135
649,2459969.6888773,76.8757511,-6.1711273,1,18.256099700927734,0.1019349992275238,59969.188877299894
650,2459969.649213,76.875718,-6.1711142,2,17.047000885009766,0.10122200101613998,59969.1492130002
651,2459967.6896875,76.8757719,-6.1711237,1,17.176700592041016,0.05870399996638298,59967.18968749978
652,2459967.689213,76.8756675,-6.1712235,1,17.58919906616211,0.06458999961614609,59967.18921299977
653,2459958.7946875,76.8757663,-6.1711714,1,17.868999481201172,0.23274700343608856,59958.29468750022
656,2459956.7525694,76.875737,-6.1711417,1,18.09670066833496,0.08032699674367905,59956.252569399774
657,2459951.7734954,76.8756691,-6.1711612,2,16.09480094909668,0.03152099996805191,59951.27349539986
658,2459951.7525347,76.8756791,-6.1711106,2,16.18320083618164,0.06307999789714813,59951.25253470009
659,2459951.712581,76.8757172,-6.1711975,1,18.674699783325195,0.1873749941587448,59951.212580999825
660,2459951.7121181,76.8757036,-6.1712208,1,17.438400268554688,0.08370000123977661,59951.21211809991
661,2459937.8155093,76.8756936,-6.1711858,1,17.890399932861328,0.10390300303697586,59937.31550930021
662,2459937.7739815,76.8756892,-6.171154,2,15.853099822998047,0.0620729997754097,59937.27398149995
663,2459937.7735185,76.8757261,-6.1711568,2,15.869400024414062,0.042688000947237015,59937.27351849992
664,2459937.7542708,76.8756994,-6.1711783,1,17.131200790405273,0.06710600107908249,59937.254270799924
665,2459935.775787,76.8757001,-6.1711172,2,16.019800186157227,0.08367300033569336,59935.27578700008
666,2459935.7739005,76.8756854,-6.1711505,2,15.842300415039062,0.08298599720001221,59935.27390050003
667,2459935.7534606,76.8755567,-6.171162,1,18.584699630737305,0.18228299915790558,59935.25346060004
668,2459935.752037,76.8756982,-6.1711345,1,17.283599853515625,0.06513600051403046,59935.25203699991
669,2459933.8087616,76.8756219,-6.171162,1,18.584299087524414,0.17997899651527405,59933.30876159994
670,2459933.8078241,76.8756867,-6.1711492,1,17.363100051879883,0.09373600035905838,59933.3078240999
671,2459933.7731134,76.875667,-6.1711342,2,16.315399169921875,0.0823730006814003,59933.27311340021
677,2459924.7958333,76.8756918,-6.1711629,1,17.29400062561035,0.108583003282547,59924.29583329987
678,2459924.7948958,76.8756918,-6.1711392,1,16.630399703979492,0.06620000302791595,59924.29489579983
680,2459922.796412,76.8757134,-6.1711773,1,18.071199417114258,0.17193299531936646,59922.29641199997
681,2459922.7959375,76.8756976,-6.1711551,1,17.105199813842773,0.06649599969387054,59922.29593749996
682,2459913.833287,76.8756968,-6.1711523,1,16.91819953918457,0.04338200017809868,59913.33328700019
683,2459913.7747454,76.8757118,-6.1711606,2,15.32960033416748,0.038440998643636703,59913.274745400064
685,2459910.8577894,76.8754985,-6.1711904,2,17.916900634765625,0.19544799625873566,59910.357789400034
687,2459909.8350694,76.8756709,-6.1711299,1,18.854900360107422,0.14492900669574738,59909.33506939979
688,2459908.8580556,76.8756616,-6.171137,2,17.548599243164062,0.12129200249910355,59908.358055599965
690,2459906.8570949,76.8757383,-6.1713444,2,16.92930030822754,0.05213199928402901,59906.35709490022
691,2459905.8371644,76.8755683,-6.1710786,2,17.034900665283203,0.09087000042200089,59905.337164400145
692,2459905.7971991,76.8757585,-6.171403,1,19.211299896240234,0.22712700068950653,59905.29719909979
693,2459905.7971991,76.8752181,-6.1711134,1,19.257299423217773,0.25028499960899353,59905.29719909979
694,2459904.8788079,76.8757032,-6.1711574,1,16.2716007232666,0.03631500154733658,59904.37880790001
695,2459904.8394907,76.8756909,-6.1711449,2,14.817299842834473,0.035537999123334885,59904.33949070005
696,2459903.8580556,76.8757061,-6.1711745,1,17.260400772094727,0.08745700120925903,59903.358055599965
697,2459903.8371181,76.8756979,-6.1711464,2,15.218600273132324,0.02861900068819523,59903.33711809991
698,2459902.8999537,76.8757002,-6.171142,1,17.30150032043457,0.06747499853372574,59902.39995370014
699,2459902.873206,76.8757326,-6.1711002,2,16.085399627685547,0.05010500177741051,59902.373205999844
700,2459900.8635648,76.8756807,-6.1711162,2,15.801300048828125,0.029657000675797462,59900.363564800005
701,2459900.8167245,76.8757118,-6.1711316,1,17.23590087890625,0.0692330002784729,59900.31672450015
702,2459899.9150231,76.8756807,-6.171237,1,18.652299880981445,0.17680099606513977,59899.4150231001
703,2459899.7794097,76.8755242,-6.1711409,1,17.993999481201172,0.12908299267292023,59899.27940970007
704,2459897.9482755,76.8757683,-6.1711759,1,18.059200286865234,0.08649600297212601,59897.44827549998
705,2459897.8562963,76.8757249,-6.1711867,2,16.906600952148438,0.05823099985718727,59897.35629629996
706,2459897.8558218,76.8757008,-6.1712204,2,16.66990089416504,0.056122999638319016,59897.35582179995
708,2459894.9004861,76.8757356,-6.1711684,1,18.07710075378418,0.11364000290632248,59894.4004861
710,2459894.831713,76.8757528,-6.1712611,2,16.545900344848633,0.05249499902129173,59894.33171299985
712,2459889.7539931,76.8757016,-6.1711525,1,18.31529998779297,0.13288499414920807,59889.25399310002
713,2459887.9021644,76.8756996,-6.1711271,2,15.375200271606445,0.04726099967956543,59887.40216440009
714,2459887.9016898,76.8756963,-6.171146,2,15.49839973449707,0.05984099954366684,59887.40168979997
715,2459887.8762963,76.8756828,-6.1711437,1,16.9783992767334,0.05977899953722954,59887.376296299975
716,2459882.9637616,76.8756842,-6.1711275,2,15.955499649047852,0.04062600061297417,59882.4637616002
717,2459882.9191319,76.8756741,-6.1711462,1,17.877300262451172,0.10977800190448761,59882.419131900184
718,2459882.9158218,76.8756954,-6.1711109,1,17.248199462890625,0.06761699914932251,59882.41582180001
719,2459880.9417708,76.8757077,-6.1712743,2,16.554899215698242,0.051940999925136566,59880.441770799924
720,2459880.8986574,76.8757119,-6.1711572,1,18.1294002532959,0.05148399993777275,59880.39865740016
721,2459880.8977083,76.8757714,-6.171132,1,19.715700149536133,0.23001299798488617,59880.397708300035
722,2459878.9192361,76.8756703,-6.1711381,1,17.933900833129883,0.056292999535799026,59878.41923609981
723,2459878.8401505,76.8756946,-6.1711732,2,16.277099609375,0.057718001306056976,59878.34015050018
724,2459878.8392014,76.8757076,-6.1710488,2,16.575700759887695,0.03558500111103058,59878.33920140006
725,2459876.9401389,76.8757575,-6.1711699,1,18.00160026550293,0.05394100025296211,59876.44013890019
726,2459876.9228472,76.8760176,-6.1714212,1,19.410400390625,0.225490003824234,59876.422847200185
728,2459876.9160995,76.8757679,-6.1711319,2,16.645200729370117,0.05001800134778023,59876.41609949991
729,2459876.9011343,76.8757033,-6.171236,2,16.612300872802734,0.04050600156188011,59876.401134300046
730,2459873.9425347,76.8756976,-6.1711215,2,16.19219970703125,0.07564599812030792,59873.442534700036
731,2459873.9420718,76.8757159,-6.1712034,2,16.26959991455078,0.04327600076794624,59873.44207180012
732,2459873.9204745,76.8757435,-6.1711794,1,19.295400619506836,0.20267699658870697,59873.42047449993
736,2459871.9188194,76.8756518,-6.1712038,2,16.956899642944336,0.06762100011110306,59871.418819400016
737,2459867.9773148,76.8756911,-6.1711343,1,16.465999603271484,0.035110000520944595,59867.477314800024
738,2459867.9768519,76.8756875,-6.1711559,1,16.74570083618164,0.0662660002708435,59867.47685190011
739,2459867.900463,76.875708,-6.1711334,2,14.846699714660645,0.03682899847626686,59867.40046299994
741,2459865.9410764,76.8756788,-6.1711526,1,16.619400024414062,0.04438300058245659,59865.441076400224
742,2459865.9401389,76.8756862,-6.171146,1,16.347900390625,0.033938001841306686,59865.44013890019
743,2459865.8858102,76.8756828,-6.1711409,2,14.831399917602539,0.036837998777627945,59865.385810200125
744,2459865.8848611,76.875731,-6.171137,2,14.946700096130371,0.024973999708890915,59865.3848611
747,2459863.8948843,76.8756752,-6.1711251,1,18.07270050048828,0.11924699693918228,59863.39488429995
748,2459863.8944213,76.8757053,-6.1711478,1,17.195499420166016,0.06473799794912338,59863.39442129992
749,2459861.9851157,76.8756802,-6.1711443,2,14.768600463867188,0.040598999708890915,59861.485115699936
750,2459861.9846412,76.8756868,-6.1711365,2,14.79419994354248,0.03673100098967552,59861.48464119993
751,2459861.9634491,76.8756873,-6.1711442,1,16.686399459838867,0.04671800136566162,59861.46344910003
753,2459858.9606019,76.8757206,-6.1711267,1,19.54680061340332,0.18934999406337738,59858.46060189977
754,2459858.9596644,76.8756797,-6.171169,1,18.78619956970215,0.09742199629545212,59858.4596644002
755,2459856.9802546,76.8756373,-6.1712029,2,16.998699188232422,0.07023900002241135,59856.480254599825
756,2459856.9783102,76.8756732,-6.1710071,2,17.40369987487793,0.04632499814033508,59856.47831019992
757,2459856.9783102,76.875675,-6.171004,2,17.39579963684082,0.09033399820327759,59856.47831019992
760,2459854.9235417,76.8756626,-6.1711665,1,17.74690055847168,0.09167300164699554,59854.4235417
761,2459853.9812384,76.8756963,-6.1711404,1,16.677900314331055,0.07011400163173676,59853.4812384001
762,2459852.9978356,76.8756908,-6.1711301,2,15.732099533081055,0.04462800174951553,59852.49783559982
763,2459852.9431597,76.8757085,-6.1711361,1,17.067800521850586,0.07136999815702438,59852.443159699906
764,2459851.0003472,76.8754519,-6.1710265,2,17.20240020751953,0.11318100243806839,59850.50034719985
766,2459850.9643866,76.8757339,-6.1710665,1,19.375,0.24163299798965454,59850.46438660007
767,2459848.9831366,76.8757112,-6.1711318,2,15.002699851989746,0.04250900074839592,59848.48313659988
768,2459848.982662,76.8756986,-6.1711474,2,15.194899559020996,0.03900200128555298,59848.48266200023
769,2459848.9414583,76.875695,-6.1711355,1,16.48579978942871,0.05328100174665451,59848.44145830022
771,2459846.9844097,76.875698,-6.1711492,1,17.374300003051758,0.07814300060272217,59846.48440970015
772,2459846.9623032,76.8757683,-6.1711425,2,15.736100196838379,0.10297799855470657,59846.462303199805
774,2459843.9754051,76.8757168,-6.1711549,1,17.17959976196289,0.048583999276161194,59843.4754050998
775,2459843.973044,76.8757329,-6.1711987,1,17.77429962158203,0.08758299797773361,59843.4730440001
777,2459843.9440972,76.875689,-6.1711405,2,15.711700439453125,0.05379299819469452,59843.44409719994
779,2459841.9843981,76.8756945,-6.1711701,1,18.327499389648438,0.09065599739551544,59841.48439810006
781,2459841.9019907,76.8757425,-6.1711797,1,18.33530044555664,0.09255599975585938,59841.40199070005
782,2459839.9815162,76.8756979,-6.1711574,1,17.538299560546875,0.06096599996089935,59839.48151620012
783,2459839.9810417,76.8756921,-6.1711177,1,17.098800659179688,0.04880199953913689,59839.48104170011
784,2459839.9684491,76.8756938,-6.1711562,1,17.591400146484375,0.0750499963760376,59839.46844909992
785,2459827.9834838,76.8757107,-6.1711376,2,15.486200332641602,0.04143200069665909,59827.4834838002
786,2459827.9825347,76.8757041,-6.1711724,2,15.556400299072266,0.06834299862384796,59827.48253470007
787,2459827.9483796,76.8756841,-6.1712116,1,17.592100143432617,0.05637500062584877,59827.448379599955
788,2459827.9474421,76.875725,-6.1711697,1,17.054500579833984,0.05053500086069107,59827.44744209992
790,2459825.9740046,76.8757069,-6.1711337,1,18.168500900268555,0.07329899817705154,59825.4740046002
791,2459825.9584259,76.8756615,-6.171087,2,16.393699645996094,0.057785000652074814,59825.45842589997
792,2459823.9482176,76.8757063,-6.1711828,1,16.748600006103516,0.07082799822092056,59823.44821760012
793,2459823.9439699,76.8757183,-6.1711783,1,16.330699920654297,0.03979000076651573,59823.44396989979
794,2459640.7127778,76.8757176,-6.1711679,2,15.811249732971191,0.027574000880122185,59640.21277779993
795,2459640.6702662,76.8757425,-6.1711688,1,18.586700439453125,0.10604500025510788,59640.17026619986
796,2459640.6697917,76.8757274,-6.1711434,1,17.781949996948242,0.06781300157308578,59640.16979169985
797,2459640.6365162,76.8757646,-6.1711363,2,15.843700408935547,0.03322400152683258,59640.13651619991
798,2459638.7291898,76.8757068,-6.1712115,2,16.133899688720703,0.12427199631929398,59638.2291898001
799,2459638.6924074,76.8757728,-6.1711145,2,16.61549949645996,0.07672800123691559,59638.19240739988
802,2459636.6367245,76.8757327,-6.1712029,2,16.83340072631836,0.04495000094175339,59636.136724499986
803,2459629.7421065,76.8756781,-6.1711479,2,15.301899909973145,0.039393000304698944,59629.24210650008
804,2459629.7175347,76.8756775,-6.1711741,1,16.775800704956055,0.042952001094818115,59629.21753469994
805,2459629.6920949,76.8756895,-6.1711628,1,17.021099090576172,0.04525600001215935,59629.19209490018
806,2459629.6478819,76.8756853,-6.171142,2,15.199899673461914,0.03204499930143356,59629.14788189996
808,2459627.6899306,76.8757573,-6.1711834,1,18.289899826049805,0.09659499675035477,59627.189930600114
809,2459627.6478125,76.8757131,-6.1712074,2,16.527799606323242,0.044404998421669006,59627.14781250013
810,2459624.7132639,76.8756808,-6.1711373,1,17.5841007232666,0.05761300027370453,59624.21326390002
811,2459624.6926042,76.8756719,-6.1711252,1,17.32229995727539,0.06870999932289124,59624.19260419998
812,2459624.6714005,76.8756611,-6.1711273,2,16.002500534057617,0.07937800139188766,59624.171400499996
813,2459624.6709144,76.8756931,-6.171126,2,15.722399711608887,0.04749700054526329,59624.1709143999
817,2459622.6486921,76.8757477,-6.1711784,1,19.00040054321289,0.18405300378799438,59622.14869209984
818,2459540.8979861,76.8757046,-6.171171,1,18.105789184570312,0.09376999735832214,59540.397986100055
819,2459540.8363657,76.8757195,-6.1711365,2,16.335399627685547,0.03388199955224991,59540.33636569977
820,2459540.8358912,76.8756976,-6.1711965,2,16.278209686279297,0.03912600129842758,59540.33589120023
821,2459537.900625,76.8757152,-6.1711619,1,17.654800415039062,0.05237499997019768,59537.40062499978
822,2459537.900162,76.8757347,-6.1711905,1,18.446800231933594,0.11616600304841995,59537.40016200021
823,2459537.8793056,76.8756992,-6.1711197,2,15.847599983215332,0.04413200169801712,59537.37930560019
824,2459537.878831,76.8757029,-6.1711723,2,15.847700119018555,0.03774400055408478,59537.37883100007
825,2459532.9018287,76.8756637,-6.1711869,1,17.899799346923828,0.06738100200891495,59532.40182870021
826,2459532.8787616,76.8757026,-6.1711465,2,15.870200157165527,0.03812599927186966,59532.37876159977
827,2459532.876875,76.8756904,-6.1711297,2,15.907999992370605,0.042103998363018036,59532.376875000075
828,2459532.7998727,76.875717,-6.1711794,1,17.29010009765625,0.06321900337934494,59532.299872700125
829,2459530.9012963,76.8756587,-6.1711345,1,18.262699127197266,0.1304740011692047,59530.40129629988
830,2459530.8771644,76.8756334,-6.1710729,2,16.592300415039062,0.04278099909424782,59530.37716440018
832,2459527.8193403,76.8756987,-6.171134,1,17.02750015258789,0.06483999639749527,59527.319340299815
833,2459527.8183912,76.8756994,-6.1711437,1,16.849300384521484,0.0696529969573021,59527.318391200155
834,2459525.860162,76.8757034,-6.1711425,2,16.139299392700195,0.07876300066709518,59525.36016200017
835,2459525.8388426,76.8757177,-6.1711646,1,17.987899780273438,0.054322998970746994,59525.33884260012
836,2459525.8383681,76.8757769,-6.1712085,1,19.223499298095703,0.18152999877929688,59525.338368100114
838,2459523.8709028,76.8757063,-6.1711381,1,18.633899688720703,0.090147003531456,59523.3709028
839,2459523.7900926,76.8756259,-6.1712072,2,17.786300659179688,0.10668499767780304,59523.290092600044
841,2459521.9439236,76.8757023,-6.1711875,2,16.033199310302734,0.03514600172638893,59521.44392360002
842,2459521.9434606,76.8757134,-6.1711227,2,16.067800521850586,0.037668999284505844,59521.443460599985
843,2459521.8374306,76.8757128,-6.1711503,1,17.8085994720459,0.06269299983978271,59521.33743060008
844,2459521.8364815,76.875747,-6.171179,1,18.715900421142578,0.09942299872636795,59521.33648149995
845,2459517.9403472,76.8757218,-6.1711616,1,17.92259979248047,0.04714500159025192,59517.440347199794
846,2459517.9232523,76.8757101,-6.1711424,2,16.066999435424805,0.055309999734163284,59517.423252299894
847,2459517.9223032,76.8756928,-6.171191,2,16.056900024414062,0.053665999323129654,59517.42230319977
848,2459511.8823495,76.8756984,-6.1711193,2,17.010799407958984,0.08792199939489365,59511.38234949997
849,2459511.881875,76.8756756,-6.1712331,2,16.906600952148438,0.05723100155591965,59511.38187499996
850,2459509.8930208,76.8757013,-6.1711187,1,17.27790069580078,0.04610100015997887,59509.39302079985
851,2459509.8915972,76.8756943,-6.1711717,1,17.854299545288086,0.0725179985165596,59509.391597200185
852,2459509.8428472,76.87571,-6.1711278,2,15.92650032043457,0.06166300177574158,59509.34284720011
854,2459503.9615856,76.8757288,-6.1711578,1,18.016000747680664,0.05463999882340431,59503.46158559993
855,2459503.9582639,76.8758272,-6.1712065,1,19.19059944152832,0.16175200045108795,59503.45826390013
856,2459498.9425579,76.8756964,-6.1711449,1,17.30470085144043,0.050581999123096466,59498.44255790021
857,2459498.9392593,76.8756984,-6.1711458,1,16.968700408935547,0.042695000767707825,59498.43925930001
858,2459496.9254861,76.8756985,-6.1711136,2,15.12440013885498,0.024701999500393867,59496.425486099906
859,2459496.9250116,76.8757067,-6.1711409,2,15.085100173950195,0.023744000121951103,59496.4250115999
860,2459496.8958218,76.8757084,-6.1711406,1,16.846399307250977,0.05870800092816353,59496.39582179999
861,2459489.9828588,76.8756505,-6.1712852,1,18.534799575805664,0.15062899887561798,59489.48285879986
862,2459489.9823958,76.8756904,-6.1711727,1,17.605409622192383,0.07577800005674362,59489.48239579983
863,2459489.9823958,76.8756904,-6.1711727,1,17.60540008544922,0.07577800005674362,59489.48239579983
865,2459489.9400926,76.8757066,-6.1711623,2,16.33864974975586,0.06863299757242203,59489.44009259995
866,2459489.9400926,76.8757066,-6.1711623,2,16.338600158691406,0.06863299757242203,59489.44009259995
867,2459487.9829977,76.8756998,-6.1711409,2,15.765299797058105,0.042149998247623444,59487.482997700106
868,2459487.9825231,76.8757294,-6.1711551,2,15.668899536132812,0.04721900075674057,59487.482523099985
869,2459487.9532639,76.8756941,-6.1711588,1,17.128599166870117,0.04710900038480759,59487.45326389978
870,2459487.9518519,76.8757123,-6.1711749,1,17.53179931640625,0.05602699890732765,59487.4518519002
871,2459484.9979745,76.8756882,-6.1711222,2,14.87909984588623,0.034970998764038086,59484.49797450006
872,2459484.9754514,76.8756846,-6.1710985,2,14.862899780273438,0.04002099856734276,59484.47545140004
873,2459484.9205787,76.8757283,-6.1711571,1,16.756999969482422,0.03748299926519394,59484.420578700025
874,2459484.9201042,76.8757043,-6.1711377,1,16.5226993560791,0.04191699996590614,59484.42010420002
875,2459479.9762847,76.8756848,-6.1711419,1,17.524099349975586,0.06385599821805954,59479.47628469998
876,2459479.9758102,76.875612,-6.1711451,1,18.171199798583984,0.08308400213718414,59479.475810199976
878,2459479.9261806,76.8756791,-6.1710853,2,16.300500869750977,0.037967998534440994,59479.42618060019
879,2459477.9840509,76.8757023,-6.1711162,2,15.105199813842773,0.042445000261068344,59477.48405090021
880,2459477.9634606,76.8757506,-6.1711605,1,16.637500762939453,0.04063799977302551,59477.4634606
881,2459477.923044,76.8757041,-6.1711363,2,15.081999778747559,0.034664999693632126,59477.42304399982
882,2459477.8821181,76.8757571,-6.1712178,1,16.82229995727539,0.041526999324560165,59477.382118099835
883,2459475.9607755,76.8756963,-6.1711355,1,16.06760025024414,0.04016000032424927,59475.46077550016
884,2459474.9420255,76.8757235,-6.171144,1,17.388099670410156,0.0545400008559227,59474.442025499884
885,2459473.9816667,76.8756932,-6.1711379,1,18.161399841308594,0.08347400277853012,59473.48166669998
886,2459473.9602778,76.8758294,-6.1713388,2,17.44499969482422,0.04705899953842163,59473.46027779998
887,2459473.9602778,76.8757082,-6.1711915,2,17.600299835205078,0.13681699335575104,59473.46027779998
888,2459471.9618634,76.8756959,-6.1711061,2,15.13759994506836,0.026260999962687492,59471.46186339995
889,2459470.998125,76.8756955,-6.1711399,1,17.033199310302734,0.04585300013422966,59470.498124999925
891,2459468.9646991,76.8757508,-6.1711916,1,18.149499893188477,0.06637399643659592,59468.46469909977
892,2459468.961875,76.8757154,-6.1711719,1,17.445199966430664,0.05028799921274185,59468.46187500004
893,2459466.9434606,76.8756871,-6.1711431,1,17.384700775146484,0.053105998784303665,59466.443460599985
894,2459466.9425231,76.8757115,-6.1711274,1,16.941600799560547,0.04922499880194664,59466.44252309995
895,2459464.9659375,76.8757003,-6.1711605,1,19.6343994140625,0.15032699704170227,59464.46593749989
896,2459464.9659375,76.8757003,-6.1711605,1,19.6343994140625,0.15032699704170227,59464.46593749989
897,2459464.9640509,76.8757607,-6.171154,1,18.638099670410156,0.10494399815797806,59464.46405090019
898,2459464.9640509,76.8757607,-6.171154,1,18.638099670410156,0.10494399815797806,59464.46405090019
899,2459462.9816435,76.8757052,-6.1711245,1,17.607900619506836,0.05989899858832359,59462.48164349981
900,2459462.9361111,76.8757283,-6.1711743,2,16.020999908447266,0.0758500024676323,59462.43611110002
902,2459460.9629745,76.8755671,-6.1709001,2,17.85580062866211,0.07474000006914139,59460.46297449991
903,2459460.9469329,76.8755647,-6.1709742,1,19.342300415039062,0.20560699701309204,59460.44693290023
904,2459460.9459954,76.875695,-6.1711023,1,18.880599975585938,0.1366640031337738,59460.445995400194
905,2459456.9879051,76.8757357,-6.1711256,1,18.83209991455078,0.10967200249433517,59456.48790509999
906,2459456.9874421,76.8756865,-6.1711758,1,19.07670021057129,0.2434059977531433,59456.487442099955
907,2459453.9851389,76.8756779,-6.1711236,2,15.29990005493164,0.042135000228881836,59453.48513890011
908,2459453.951331,76.8757002,-6.1711648,1,17.19930076599121,0.04932200163602829,59453.451330999844
909,2459301.654375,76.8756664,-6.1711465,2,14.952679634094238,0.03791100159287453,59301.154374999925
910,2459298.6458218,76.8756905,-6.1711076,2,15.952899932861328,0.046069998294115067,59298.14582179999
911,2459296.6729977,76.8759372,-6.1711399,1,18.483200073242188,0.12688100337982178,59296.17299770005
912,2459296.6546296,76.8757798,-6.1710566,2,16.73889923095703,0.05746699869632721,59296.15462959977
913,2459296.6448727,76.8757296,-6.1712931,2,16.637920379638672,0.04517799988389015,59296.144872699864
914,2459294.692419,76.8756439,-6.1711803,2,16.88479995727539,0.051061999052762985,59294.19241899997
915,2459294.692419,76.8757222,-6.1712213,2,17.076000213623047,0.0694039985537529,59294.19241899997
916,2459294.6550116,76.875611,-6.171111,1,19.146799087524414,0.17409099638462067,59294.15501159988
917,2459294.6453125,76.875658,-6.1711875,1,18.01110076904297,0.0883139967918396,59294.145312500186
918,2459292.651412,76.8757487,-6.1711161,1,18.371200561523438,0.08754300326108932,59292.15141199995
921,2459290.6761343,76.8756544,-6.1711864,1,19.075300216674805,0.13027000427246094,59290.17613429995
923,2459280.6665972,76.8756675,-6.17123,2,17.522340774536133,0.09752599895000458,59280.16659720009
924,2459280.6665972,76.8756675,-6.17123,2,17.522300720214844,0.09752599895000458,59280.16659720009
925,2459279.6398032,76.8757269,-6.1712775,2,16.734600067138672,0.06897599995136261,59279.13980320003
926,2459276.6893171,76.8756813,-6.1711361,1,17.331220626831055,0.042743001133203506,59276.189317100216
927,2459276.6501736,76.8756814,-6.1711302,2,15.45829963684082,0.03151100128889084,59276.15017359983
928,2459276.6496991,76.8756871,-6.171121,2,15.559009552001953,0.03352300077676773,59276.14969909983
929,2459274.759456,76.8758309,-6.1709381,2,16.830900192260742,0.08784399926662445,59274.259455999825
931,2459272.7468056,76.8756343,-6.1711907,1,16.782400131225586,0.07051999866962433,59272.24680559989
932,2459272.6923958,76.8756876,-6.1711436,2,15.042799949645996,0.030818000435829163,59272.19239579979
933,2459272.6909838,76.8756793,-6.1711285,2,15.080599784851074,0.024104999378323555,59272.19098380022
934,2459272.6473495,76.8756891,-6.1711434,1,16.581899642944336,0.030163999646902084,59272.1473495001
936,2459270.6906019,76.8757317,-6.1711203,1,18.29490089416504,0.08856900036334991,59270.19060190022
938,2459270.6337847,76.8757216,-6.1712288,2,17.02720069885254,0.06796900182962418,59270.133784700185
939,2459268.7347222,76.8756834,-6.171136,2,14.660099983215332,0.028332000598311424,59268.23472219985
940,2459268.7342477,76.8756948,-6.1711357,2,14.738100051879883,0.03551099821925163,59268.234247699846
941,2459268.6844097,76.8756939,-6.1711425,1,16.314899444580078,0.042420998215675354,59268.18440969987
942,2459268.6839468,76.8756884,-6.1711442,1,16.40920066833496,0.0361500009894371,59268.18394679995
943,2459266.717662,76.8756839,-6.1711537,2,15.691100120544434,0.039034001529216766,59266.2176620001
944,2459266.7171991,76.8757349,-6.1711638,2,15.756999969482422,0.04685800150036812,59266.21719910018
945,2459266.6809838,76.8756845,-6.1711537,1,17.22319984436035,0.042392998933792114,59266.180983799975
946,2459266.6805093,76.8756624,-6.1711568,1,17.70680046081543,0.07604999840259552,59266.18050929997
947,2459264.7500347,76.8756925,-6.1711599,1,16.013900756835938,0.036869000643491745,59264.25003470015
948,2459264.7495602,76.8756826,-6.1711588,1,16.14539909362793,0.03104100003838539,59264.24956020014
949,2459264.7022685,76.8756966,-6.1711421,2,14.551400184631348,0.03437099978327751,59264.20226849988
950,2459264.701794,76.8756945,-6.1711446,2,14.455300331115723,0.023385999724268913,59264.20179399988
952,2459262.6623032,76.8757067,-6.1712101,1,19.08650016784668,0.11716700345277786,59262.16230319999
955,2459257.7411574,76.8757047,-6.1711635,2,16.160600662231445,0.046077001839876175,59257.241157399956
956,2459257.7401968,76.8757116,-6.1711224,2,16.219600677490234,0.039028000086545944,59257.24019679986
957,2459257.6837153,76.8757144,-6.1711376,1,17.985300064086914,0.05745700001716614,59257.18371530017
958,2459257.6497801,76.8757082,-6.17119,1,19.224199295043945,0.1302189975976944,59257.14978010021
959,2459255.7607407,76.8756426,-6.1711088,2,16.357999801635742,0.03085000067949295,59255.26074070018
960,2459255.7579282,76.8756523,-6.1710656,2,16.42460060119629,0.06510700285434723,59255.257928200066
961,2459255.6715972,76.8756365,-6.1711182,1,19.095399856567383,0.11270099878311157,59255.17159719998
962,2459255.6701968,76.8756678,-6.1711312,1,17.927600860595703,0.06386499851942062,59255.17019680003
963,2459253.7828472,76.8757196,-6.1711278,2,16.414600372314453,0.049504999071359634,59253.282847200055
964,2459253.6706366,76.8757133,-6.171151,1,18.007600784301758,0.05552700161933899,59253.17063659988
965,2459253.670162,76.8757717,-6.1712327,1,19.23349952697754,0.16170300543308258,59253.17016200023
966,2459253.6654282,76.8757078,-6.1711706,2,16.191099166870117,0.0400799997150898,59253.165428199805
967,2459251.6900926,76.8756818,-6.1711537,2,15.524499893188477,0.03599200025200844,59251.19009259995
968,2459251.6699769,76.8757124,-6.1711171,2,15.657600402832031,0.03680700063705444,59251.169976899866
969,2459251.6478819,76.8757083,-6.1711492,1,17.78030014038086,0.0662740021944046,59251.14788189996
970,2459249.705463,76.8757525,-6.1711132,2,16.92690086364746,0.05045599862933159,59249.20546300011
971,2459249.6706944,76.8757488,-6.1712814,2,16.90019989013672,0.08278899639844894,59249.17069440009
972,2459249.6668519,76.8757051,-6.1711609,1,18.649900436401367,0.19082799553871155,59249.16685190005
975,2459243.7083333,76.8757089,-6.1711537,2,14.975299835205078,0.0213639996945858,59243.20833329996
976,2459232.7134028,76.8757752,-6.1711795,1,18.924699783325195,0.10873399674892426,59232.213402799796
977,2459232.7129282,76.8757206,-6.1711551,1,17.857999801635742,0.0537480004131794,59232.21292820014
978,2459230.7491782,76.8756916,-6.1711438,2,16.6210994720459,0.04532700031995773,59230.24917820003
979,2459230.7132986,76.875719,-6.1710847,2,16.73870086669922,0.04593599960207939,59230.21329860017
980,2459230.7071759,76.8756723,-6.1711474,1,17.92799949645996,0.0774340033531189,59230.20717590023
982,2459228.8541204,76.8757255,-6.1711186,2,15.975000381469727,0.04254699870944023,59228.3541203998
983,2459228.7709259,76.8757194,-6.1711477,1,17.721799850463867,0.061423998326063156,59228.27092589997
984,2459228.7293171,76.8756989,-6.1711805,2,15.844099998474121,0.03404499962925911,59228.22931709979
985,2459228.6913889,76.8757412,-6.1711686,1,18.56839942932129,0.10290099680423737,59228.191388899926
986,2459226.8542824,76.8756316,-6.1711956,1,16.858999252319336,0.052244000136852264,59226.354282400105
987,2459226.8538194,76.8756713,-6.1711612,1,17.061800003051758,0.04782300069928169,59226.35381940007
988,2459226.7560301,76.8757032,-6.1711381,2,15.253800392150879,0.0330439992249012,59226.25603009993
989,2459226.7320718,76.8756882,-6.1711154,2,15.29889965057373,0.040233999490737915,59226.23207180016
990,2459224.7341551,76.8757124,-6.1711289,2,15.937600135803223,0.032760001718997955,59224.23415509984
991,2459224.7313542,76.8757075,-6.1711851,2,15.940199851989746,0.03775100037455559,59224.231354199816
992,2459224.7059606,76.8758115,-6.1712232,1,18.59440040588379,0.13402800261974335,59224.20596060017
993,2459224.7054861,76.8757804,-6.1711528,1,17.781400680541992,0.06341700255870819,59224.20548610017
994,2459222.7789236,76.8756665,-6.1711297,1,17.82990074157715,0.0627330020070076,59222.27892359998
995,2459222.7784606,76.8756855,-6.1711353,1,17.269800186157227,0.05460200086236,59222.27846059995
996,2459222.7565856,76.8756909,-6.1711623,2,15.722800254821777,0.041218001395463943,59222.256585599855
997,2459220.7550231,76.8756034,-6.1710691,1,19.094200134277344,0.12144400179386139,59220.25502309995
998,2459220.7531366,76.8756555,-6.1711369,1,17.865299224853516,0.08910000324249268,59220.2531365999
999,2459220.7502315,76.8757126,-6.1711462,2,16.960500717163086,0.05110299959778786,59220.250231499784
1000,2459220.7502315,76.8756736,-6.1711613,2,16.95159912109375,0.03199100121855736,59220.250231499784
1001,2459218.8475231,76.8756728,-6.1711904,1,17.60689926147461,0.06489499658346176,59218.34752310021
1003,2459218.7318981,76.8757038,-6.1711729,1,16.686599731445312,0.04511699825525284,59218.231898100115
1005,2459216.757037,76.8756855,-6.1711418,1,18.26689910888672,0.08313299715518951,59216.2570369998
1006,2459216.755625,76.8757035,-6.1711511,1,17.53070068359375,0.05339600145816803,59216.25562500022
1008,2459207.7763773,76.8756258,-6.1710798,2,15.702699661254883,0.10694000124931335,59207.2763772998
1009,2459205.7748958,76.8756964,-6.171156,1,16.982900619506836,0.045628998428583145,59205.27489579981
1010,2459205.7744213,76.8757026,-6.1711814,1,17.490299224853516,0.06428299844264984,59205.27442129981
1011,2459205.7412963,76.8756991,-6.1711273,2,15.437800407409668,0.029436999931931496,59205.2412963002
1012,2459205.7117014,76.8756973,-6.1711408,2,15.298700332641602,0.038127001374959946,59205.21170140011
1014,2459203.7782986,76.8757868,-6.1711205,2,16.734399795532227,0.05352000147104263,59203.27829860011
1015,2459203.733669,76.8757103,-6.1712263,2,16.47089958190918,0.05560100078582764,59203.23366900021
1016,2459200.8187269,76.8756627,-6.171127,2,15.22760009765625,0.05063199996948242,59200.318726900034
1017,2459200.8173264,76.8756811,-6.1711367,2,15.255200386047363,0.04365900158882141,59200.31732639996
1018,2459200.7972106,76.875678,-6.1711581,1,17.194400787353516,0.08664800226688385,59200.29721060023
1019,2459200.7967477,76.8756906,-6.1711472,1,16.750099182128906,0.045490000396966934,59200.296747699846
1020,2459198.8199653,76.8756572,-6.1711419,1,18.1072998046875,0.085207000374794,59198.31996530015
1021,2459198.8199653,76.8756572,-6.1711419,1,18.1072998046875,0.085207000374794,59198.31996530015
1022,2459198.8176157,76.8753747,-6.1710165,1,19.7283992767334,0.1794240027666092,59198.317615699954
1023,2459198.8176157,76.8753747,-6.1710165,1,19.7283992767334,0.1794240027666092,59198.317615699954
1024,2459198.7875231,76.8756463,-6.1711219,2,17.29949951171875,0.07863099873065948,59198.28752310015
1025,2459198.7875231,76.8756463,-6.1711219,2,17.29949951171875,0.07863099873065948,59198.28752310015
1026,2459198.7875231,76.8756121,-6.1710423,2,17.18549919128418,0.038488999009132385,59198.28752310015
1028,2459196.8297454,76.875686,-6.1711325,1,16.660900115966797,0.04166699945926666,59196.32974540023
1029,2459196.7995718,76.8757009,-6.1711088,2,15.083100318908691,0.0300539992749691,59196.299571800046
1031,2459195.8470949,76.8756776,-6.1711345,2,17.121299743652344,0.05534899979829788,59195.347094899975
1032,2459194.816875,76.8757773,-6.1712698,1,18.843399047851562,0.14037999510765076,59194.31687500002
1033,2459194.7937037,76.8757056,-6.1711883,2,16.1481990814209,0.03768099844455719,59194.29370369995
1034,2459193.8388889,76.8756611,-6.1711688,1,19.068599700927734,0.09019199758768082,59193.33888889989
1035,2459193.811794,76.8756836,-6.1711378,2,16.40489959716797,0.06706299632787704,59193.31179400021
1036,2459192.7940394,76.8756869,-6.1711553,1,17.50819969177246,0.07554800063371658,59192.29403939983
1038,2459190.9078241,76.8757462,-6.1711396,1,17.829599380493164,0.0614130012691021,59190.407824099995
1039,2459189.8285995,76.8757139,-6.1711792,2,16.296199798583984,0.03717700019478798,59189.328599500004
1040,2459187.904213,76.875621,-6.1711528,2,16.51259994506836,0.04419200122356415,59187.40421300009
1041,2459187.8630324,76.8756555,-6.1711772,1,18.853599548339844,0.15349699556827545,59187.36303240014
1042,2459187.861169,76.8757018,-6.1711749,1,17.898099899291992,0.07281100004911423,59187.361169000156
1044,2459185.8400231,76.875707,-6.1711714,2,16.167999267578125,0.04016600176692009,59185.34002309991
1045,2459185.8390856,76.8756902,-6.171126,2,16.18630027770996,0.05441100150346756,59185.33908559987
1046,2459183.8363079,76.8757101,-6.1711534,1,16.643699645996094,0.06151200085878372,59183.33630790003
1047,2459183.8358449,76.8757102,-6.171138,1,16.510900497436523,0.06324400007724762,59183.33584489999
1048,2459181.8379514,76.8757072,-6.1711845,2,16.15999984741211,0.03497999906539917,59181.33795139985
1049,2459181.8134144,76.8757041,-6.1711376,2,16.19930076599121,0.034717001020908356,59181.31341439998
1050,2459181.7530671,76.8757442,-6.171156,1,17.84910011291504,0.09492400288581848,59181.253067099955
1051,2459181.7516435,76.8756756,-6.1712889,1,18.675800323486328,0.17143100500106812,59181.251643499825
1052,2459179.9358681,76.8756634,-6.1711601,1,17.069299697875977,0.044971998780965805,59179.4358680998
1053,2459179.9205671,76.8756646,-6.1711431,1,17.431499481201172,0.0560309998691082,59179.420567099936
1054,2459179.8355671,76.8757004,-6.171151,2,15.388799667358398,0.02796100080013275,59179.33556709997
1055,2459179.8165972,76.875692,-6.1711083,2,15.464300155639648,0.02986999973654747,59179.3165972
1056,2459177.8957523,76.8757411,-6.1711594,1,17.991500854492188,0.05926800146698952,59177.39575230004
1058,2459176.8724653,76.8756221,-6.1711778,1,18.681299209594727,0.0921889990568161,59176.37246529991
1059,2459175.8496296,76.8756967,-6.1711446,2,15.225299835205078,0.05086499825119972,59175.34962960007
1060,2459175.8115741,76.8757049,-6.1711524,1,17.14069938659668,0.049803998321294785,59175.31157410005
1063,2459171.9211111,76.8757006,-6.1711316,2,15.59689998626709,0.01620200090110302,59171.42111109989
1064,2459171.9206366,76.8756815,-6.1711056,2,15.628899574279785,0.04649199917912483,59171.42063659988
1065,2459171.9052083,76.8756833,-6.1711565,1,17.795000076293945,0.04604899883270264,59171.40520829987
1066,2459171.8461458,76.8756986,-6.1711412,1,17.21109962463379,0.05407299846410751,59171.34614579985
1067,2459169.880463,76.8756919,-6.1713197,2,17.470500946044922,0.07252799719572067,59169.38046299992
1068,2459169.8607176,76.8757308,-6.1711402,1,18.580400466918945,0.09590300172567368,59169.36071760021
1069,2459169.8593171,76.8755935,-6.171105,1,19.586200714111328,0.2350749969482422,59169.35931710014
1070,2459167.9773264,76.8756883,-6.1711521,2,16.56529998779297,0.04197999835014343,59167.47732640011
1071,2459167.9129167,76.8756214,-6.17128,1,18.711000442504883,0.10718099772930145,59167.41291669989
1072,2459167.898287,76.8756766,-6.1711669,1,17.806100845336914,0.06801299750804901,59167.398287000135
1073,2459167.8502894,76.8756969,-6.1711233,2,16.350099563598633,0.048048000782728195,59167.3502894002
1074,2459165.8777546,76.8757705,-6.1711635,1,18.402000427246094,0.07622399926185608,59165.37775459979
1076,2459165.8404167,76.8757004,-6.1711314,2,16.611000061035156,0.04768799990415573,59165.34041670011
1077,2459165.8385532,76.8757062,-6.1712032,2,16.50469970703125,0.03971699997782707,59165.33855320001
1078,2459158.9458102,76.8756954,-6.1711506,1,16.53809928894043,0.03553299978375435,59158.44581020018
1079,2459158.9444097,76.8757004,-6.1711553,1,16.367700576782227,0.03586599975824356,59158.44440970011
1080,2459158.8805903,76.8756912,-6.1711419,2,14.72439956665039,0.025165000930428505,59158.380590300076
1081,2459158.8777778,76.8757073,-6.1711294,2,14.78950023651123,0.025270000100135803,59158.377777799964
1082,2459156.9231019,76.8757193,-6.1711417,1,18.342300415039062,0.09747199714183807,59156.423101900145
1084,2459156.8288079,76.8757131,-6.1711956,2,16.614099502563477,0.04794599860906601,59156.328807900194
1085,2459155.9254977,76.875682,-6.1711212,2,15.771900177001953,0.0565360002219677,59155.425497699995
1087,2459155.8981366,76.8756903,-6.1711378,1,17.64189910888672,0.057022999972105026,59155.39813659992
1088,2459155.8765046,76.875683,-6.1711472,1,17.143699645996094,0.0462770015001297,59155.37650460005
1089,2459152.9440278,76.8757169,-6.1711378,2,15.221500396728516,0.026907000690698624,59152.44402780011
1090,2459152.9407523,76.8756951,-6.171121,2,15.29170036315918,0.03440999984741211,59152.44075229997
1091,2459152.8740856,76.875686,-6.1711231,1,16.919599533081055,0.03548299893736839,59152.37408560002
1092,2459152.8736227,76.8757054,-6.1711454,1,16.57979965209961,0.05262399837374687,59152.373622700106
1093,2459151.871794,76.8757237,-6.1711553,2,16.265899658203125,0.037581998854875565,59151.3717939998
1094,2459151.824213,76.8756773,-6.1711703,1,17.44059944152832,0.06705500185489655,59151.324213000014
1095,2459150.9675926,76.8757096,-6.1711398,2,15.41670036315918,0.04996199905872345,59150.4675925998
1096,2459150.9661921,76.8757068,-6.1711192,2,15.307600021362305,0.024553000926971436,59150.4661921002
1097,2459150.9198148,76.8757055,-6.1711448,1,16.982900619506836,0.04233099892735481,59150.41981479991
1098,2459149.9191204,76.8757379,-6.1711562,2,14.888899803161621,0.02846500091254711,59149.41912040021
1099,2459149.8642014,76.8756986,-6.171139,2,14.950599670410156,0.028092000633478165,59149.36420139996
1100,2459145.9215972,76.8757068,-6.1711449,1,16.42650032043457,0.03819400072097778,59145.42159719998
1101,2459145.9201968,76.8757012,-6.1711501,1,16.672399520874023,0.037438999861478806,59145.42019680003
1102,2459145.8777778,76.8757115,-6.1711351,2,14.765999794006348,0.02618199959397316,59145.377777799964
1103,2459145.8773032,76.8757035,-6.17113,2,14.782299995422363,0.02480899915099144,59145.37730319984
1104,2459143.9586574,76.8756481,-6.1711992,2,17.290700912475586,0.07540199905633926,59143.45865740022
1106,2459143.9194907,76.8756652,-6.1711002,1,19.32710075378418,0.16671299934387207,59143.41949070012
1107,2459141.9396875,76.875693,-6.1711701,1,17.727100372314453,0.04681500047445297,59141.43968749978
1108,2459141.9207407,76.8757079,-6.1711679,1,17.278799057006836,0.03934900090098381,59141.42074069986
1109,2459141.8786806,76.8757119,-6.1711469,2,15.759499549865723,0.042291998863220215,59141.37868059985
1110,2459141.8590856,76.8757451,-6.1712071,2,15.793499946594238,0.04183800145983696,59141.35908559989
1112,2459139.9012384,76.8757146,-6.1711554,1,18.252300262451172,0.10316800326108932,59139.40123840002
1113,2459139.8682523,76.8756909,-6.171166,2,16.389799118041992,0.04720799997448921,59139.36825230019
1115,2459136.9408796,76.875706,-6.1711532,1,16.65850067138672,0.04296800121665001,59136.44087960012
1116,2459136.9390046,76.8757047,-6.1711445,1,16.41160011291504,0.04010000079870224,59136.43900460005
1117,2459134.9611574,76.875694,-6.1711628,2,16.493600845336914,0.03337100148200989,59134.46115740016
1118,2459134.9606944,76.8756926,-6.1711133,2,16.56100082397461,0.06118699908256531,59134.46069440013
1120,2459134.9136458,76.8757178,-6.171137,1,18.234600067138672,0.07497099786996841,59134.4136458002
1122,2459130.9839931,76.8757114,-6.1711527,1,18.002500534057617,0.04741000011563301,59130.4839931
1123,2459130.9616204,76.8757077,-6.1711628,2,16.37030029296875,0.04689300060272217,59130.461620400194
1124,2459130.9611574,76.8757068,-6.1711232,2,16.453800201416016,0.08133000135421753,59130.46115740016
1125,2459128.9883912,76.8756906,-6.1711277,2,15.328100204467773,0.028543999418616295,59128.48839120008
1126,2459128.9879167,76.8757021,-6.1711159,2,15.546600341796875,0.03625499829649925,59128.487916700076
1127,2459128.9233912,76.8757166,-6.1711795,1,17.48419952392578,0.06319300085306168,59128.42339120014
1128,2459128.9219907,76.8757075,-6.1711357,1,17.088300704956055,0.06230200082063675,59128.421990700066
1129,2459126.9606019,76.8756446,-6.1713441,1,19.170900344848633,0.17015999555587769,59126.46060189977
1130,2459126.9468634,76.8757171,-6.1711436,1,18.06839942932129,0.07098700106143951,59126.44686339982
1132,2459126.9202778,76.875705,-6.1711646,2,16.35140037536621,0.037335000932216644,59126.420277799945
1133,2459126.9064815,76.8757004,-6.1711069,2,16.34309959411621,0.06314399838447571,59126.406481499784
1134,2459125.0013194,76.8756888,-6.171128,1,16.608600616455078,0.03388199955224991,59124.501319400035
1135,2459124.9977546,76.8756931,-6.171145,1,16.37030029296875,0.039802998304367065,59124.4977545999
1136,2459124.9438657,76.8756899,-6.1711036,2,14.775400161743164,0.036219000816345215,59124.44386570016
1137,2459124.9420023,76.8757052,-6.171129,2,14.727299690246582,0.029529999941587448,59124.44200230017
1138,2459124.8841435,76.875691,-6.1711382,2,14.776700019836426,0.03185100108385086,59124.38414350012
1139,2459124.8827315,76.8756928,-6.1711121,2,14.715999603271484,0.03882500156760216,59124.38273150008
1142,2459121.9365625,76.8756874,-6.1711505,1,17.38759994506836,0.050689999014139175,59121.43656249996
1143,2459121.9243981,76.8757016,-6.1711454,1,17.878700256347656,0.08441399782896042,59121.4243981
1144,2459119.9867824,76.8757122,-6.1711496,1,16.84149932861328,0.03692900016903877,59119.48678239994
1145,2459119.0026157,76.8756794,-6.1711095,2,16.411800384521484,0.09419900178909302,59118.50261570001
1146,2459118.9805903,76.8757048,-6.1711245,1,18.051799774169922,0.07258500158786774,59118.48059030017
1148,2459114.0017708,76.875697,-6.1711372,2,16.18429946899414,0.08195599913597107,59113.50177079998
1149,2459114.0013079,76.8757071,-6.1711655,2,16.170400619506836,0.04086200147867203,59113.501307900064
1150,2459113.8972338,76.8756893,-6.1711444,1,17.890399932861328,0.06584999710321426,59113.39723380003
1151,2459113.0212963,76.8756284,-6.1712038,1,18.859399795532227,0.10627800226211548,59112.521296299994
1152,2459112.9810185,76.8759862,-6.1712563,2,18.2677001953125,0.11062400043010712,59112.48101849994
1153,2459111.8808565,76.8757318,-6.1712438,1,17.923599243164062,0.08604100346565247,59111.38085650001
1154,2459110.9837153,76.8756992,-6.1711451,2,16.465299606323242,0.06084199994802475,59110.48371529998
1155,2459110.9823148,76.8757168,-6.171116,2,16.507200241088867,0.06135899946093559,59110.48231479991
1156,2459109.0090856,76.8757107,-6.1711577,1,17.648300170898438,0.07249800115823746,59108.5090855998
1157,2459109.0029977,76.8756882,-6.1711531,1,17.116199493408203,0.06493200361728668,59108.502997700125
1158,2459108.9847222,76.8757216,-6.1711545,2,15.45300006866455,0.03084399923682213,59108.48472219985
1159,2459108.9828472,76.875709,-6.1711099,2,15.506799697875977,0.03159099817276001,59108.482847199775
1160,2459107.9169097,76.8757145,-6.1711586,1,16.433399200439453,0.04657600075006485,59107.416909699794
1161,2459107.9164468,76.8757062,-6.1711604,1,16.718700408935547,0.06953100115060806,59107.41644679988
1162,2459107.023287,76.8756938,-6.1711213,2,14.485300064086914,0.030029000714421272,59106.523287000135
1163,2459107.0228125,76.8756987,-6.1711605,2,14.438799858093262,0.034331999719142914,59106.52281250013
1164,2459106.9816319,76.8757064,-6.171157,1,16.224300384521484,0.05652900040149689,59106.481631900184
1165,2459106.981169,76.875699,-6.1711559,1,15.944199562072754,0.054349999874830246,59106.4811689998
1166,2459105.9857986,76.8756989,-6.1711548,1,16.871000289916992,0.10396900027990341,59105.48579860013
1167,2459105.0159606,76.8757158,-6.1711679,1,17.320199966430664,0.07883600145578384,59104.51596060023
1168,2459105.0154977,76.8757153,-6.1711682,1,17.81909942626953,0.10160999745130539,59104.515497699846
1169,2459104.9521296,76.8757098,-6.1711423,2,15.757100105285645,0.05414300039410591,59104.452129600104
1170,2459103.0149421,76.8756516,-6.1710937,2,15.430999755859375,0.05847400054335594,59102.514942099806
1171,2459103.0135417,76.8756625,-6.1711269,2,15.376899719238281,0.04699600115418434,59102.51354169985
1172,2459102.9926968,76.875617,-6.1711822,1,17.66710090637207,0.2615559995174408,59102.4926967998
1174,2459099.9228472,76.8758105,-6.1712221,1,17.851499557495117,0.14098699390888214,59099.422847200185
1177,2459096.9431829,76.8756902,-6.1711608,2,16.212099075317383,0.03446799889206886,59096.44318290008
1178,2459096.9343171,76.8756938,-6.1711087,2,16.187999725341797,0.06842000037431717,59096.43431709986
1179,2459095.0055208,76.8756886,-6.1711411,1,16.334999084472656,0.039073001593351364,59094.50552080013
1180,2459095.0036574,76.8757102,-6.17114,1,16.124900817871094,0.03639499843120575,59094.50365740014
1181,2459094.9468866,76.8757013,-6.1711319,2,14.551799774169922,0.031272001564502716,59094.446886599995
1182,2459094.9459606,76.8756955,-6.1711371,2,14.59220027923584,0.030540000647306442,59094.44596059993
1183,2459092.9957755,76.8757285,-6.1711552,1,18.463199615478516,0.09458299726247787,59092.49577549985
1184,2458913.6729167,76.8757405,-6.1711792,2,16.425600051879883,0.050439998507499695,58913.17291670013
1185,2458904.6712731,76.8756912,-6.1711375,2,15.378899574279785,0.034226998686790466,58904.17127310019
1186,2458904.6321875,76.8756825,-6.1711583,1,16.89229965209961,0.053550999611616135,58904.13218750013
1187,2458904.6317361,76.875676,-6.1711573,1,17.341999053955078,0.07366500049829483,58904.131736100186
1188,2458899.6482639,76.8756787,-6.1711237,1,18.680500030517578,0.17679299414157867,58899.148263900075
1189,2458899.6439583,76.875703,-6.1711347,2,16.12380027770996,0.06894200295209885,58899.14395829989
1190,2458898.679537,76.875679,-6.1711318,1,17.81049919128418,0.0733409970998764,58898.179537000135
1191,2458898.6314815,76.8756391,-6.1710426,2,17.12350082397461,0.0837789997458458,58898.13148149988
1192,2458896.6949884,76.8756721,-6.171157,1,17.83839988708496,0.057263001799583435,58896.19498840021
1193,2458896.6628935,76.8757006,-6.171139,2,15.684499740600586,0.043191999197006226,58896.16289350018
1194,2458894.6445486,76.8756848,-6.1711239,2,16.53339958190918,0.06394899636507034,58894.144548600074
1196,2458890.6669444,76.8753412,-6.171184,2,18.022199630737305,0.1560560017824173,58890.16694439994
1198,2458885.7581481,76.8757613,-6.1712641,1,18.432899475097656,0.13262200355529785,58885.25814810023
1200,2458885.6578704,76.8757637,-6.1712146,2,16.47260093688965,0.05468599870800972,58885.15787040023
1201,2458885.6556134,76.8757163,-6.1711174,2,16.53380012512207,0.042966000735759735,58885.15561340004
1204,2458880.6443981,76.8757007,-6.1711244,1,18.392499923706055,0.08866800367832184,58880.14439810021
1205,2458879.6582986,76.8756949,-6.1711459,1,16.871700286865234,0.053654998540878296,58879.1582986
1206,2458879.6564931,76.8756846,-6.1711357,1,17.241899490356445,0.0665540024638176,58879.15649309987
1207,2458878.6978819,76.8756741,-6.1711434,1,16.883499145507812,0.055677998811006546,58878.197881899774
1208,2458878.6690046,76.8757036,-6.1710946,2,15.254599571228027,0.034630998969078064,58878.16900460003
1210,2458876.6625926,76.8757741,-6.1711454,1,18.6205997467041,0.0962349995970726,58876.1625926001
1211,2458875.6667014,76.8756783,-6.1711472,1,17.66360092163086,0.06856600195169449,58875.16670140019
1212,2458874.7118287,76.8756875,-6.1711221,2,15.37279987335205,0.04958700016140938,58874.2118286998
1213,2458873.742338,76.8756891,-6.1711071,2,16.086599349975586,0.04958900064229965,58873.242337999865
1214,2458873.7007407,76.8757073,-6.1711286,2,16.01609992980957,0.044748999178409576,58873.20074070012
1215,2458872.7604745,76.8757436,-6.1712312,2,16.886199951171875,0.0580269992351532,58872.26047449978
1217,2458871.7068519,76.8757317,-6.1711263,1,18.715700149536133,0.09545599669218063,58871.20685190009
1218,2458867.6999421,76.8757334,-6.171149,1,17.845399856567383,0.07004199922084808,58867.19994209986
1219,2458866.734294,76.8756972,-6.1711816,2,16.147300720214844,0.040585000067949295,58866.23429400008
1220,2458863.7105208,76.8757149,-6.1711726,2,16.279300689697266,0.06046999990940094,58863.2105208002
1221,2458863.6501505,76.8757365,-6.1711412,1,17.9768009185791,0.06390699744224548,58863.15015049977
1222,2458863.6488079,76.8757618,-6.1711698,1,19.07509994506836,0.1618269979953766,58863.14880790003
1223,2458861.6986921,76.8756744,-6.1712109,2,16.59950065612793,0.03909499943256378,58861.19869210012
1224,2458860.7511111,76.8757529,-6.1711309,2,16.82710075378418,0.05139100179076195,58860.25111109996
1225,2458860.7143056,76.8757083,-6.1712192,2,16.619199752807617,0.05785199999809265,58860.21430560015
1226,2458860.6887963,76.8757247,-6.1711814,2,16.573999404907227,0.043136000633239746,58860.188796299975
1228,2458859.8319792,76.8757131,-6.1711265,2,15.8503999710083,0.03747899830341339,58859.33197919978
1229,2458856.6211806,76.8757039,-6.1711546,1,16.953100204467773,0.03505599871277809,58856.12118060002
1230,2458855.6874306,76.8757405,-6.171145,1,18.9064998626709,0.13508200645446777,58855.18743060017
1231,2458852.6790162,76.8756977,-6.1711196,2,15.229900360107422,0.03687100112438202,58852.179016199894
1232,2458852.677662,76.8757057,-6.1711265,2,15.131400108337402,0.04434400051832199,58852.17766200006
1233,2458852.6297338,76.8757165,-6.171175,1,17.103099822998047,0.04252199828624725,58852.12973379996
1234,2458852.6283796,76.8757173,-6.1711427,1,16.787500381469727,0.0436829999089241,58852.12837960012
1235,2458846.7525694,76.875704,-6.1711361,2,15.962499618530273,0.04272099956870079,58846.252569399774
1236,2458846.7317593,76.8757394,-6.1711499,1,17.697900772094727,0.05288200080394745,58846.23175929999
1238,2458836.7202778,76.875711,-6.1711315,1,19.364700317382812,0.13559700548648834,58836.220277800225
1239,2458836.7198264,76.8756264,-6.1711495,1,19.087799072265625,0.11916399747133255,58836.219826399814
1240,2458833.8224769,76.8757409,-6.1712095,2,17.003299713134766,0.0628110021352768,58833.32247690018
1241,2458833.7735301,76.8757039,-6.1711318,2,16.98150062561035,0.07100699841976166,58833.27353010001
1242,2458833.771713,76.8757046,-6.1712302,2,16.895000457763672,0.05271799862384796,58833.27171299979
1244,2458833.707037,76.8757147,-6.171181,1,18.400299072265625,0.10920599848031998,58833.207036999986
1246,2458830.7293519,76.875735,-6.1711754,1,18.402700424194336,0.1722790002822876,58830.22935190005
1247,2458823.8467361,76.8756525,-6.1710972,2,16.074199676513672,0.08789099752902985,58823.34673610004
1248,2458812.9131944,76.8757401,-6.171131,1,18.112199783325195,0.0712290033698082,58812.41319439979
1249,2458812.8317361,76.8758658,-6.171281,1,19.665000915527344,0.2521499991416931,58812.331736099906
1250,2458812.7939005,76.8757013,-6.1711792,2,16.270700454711914,0.040300000458955765,58812.29390050005
1251,2458806.8711921,76.8756875,-6.1711477,1,17.223600387573242,0.04685400053858757,58806.37119209999
1252,2458806.8287616,76.8756939,-6.1711299,2,15.275899887084961,0.03038799948990345,58806.32876159996
1253,2458805.9871412,76.8757144,-6.1711719,1,17.23110008239746,0.051215000450611115,58805.487141199876
1254,2458805.8903356,76.8756939,-6.1711225,2,15.933600425720215,0.04271399974822998,58805.39033559989
1255,2458805.8773032,76.8756744,-6.1711175,2,16.166900634765625,0.05806099995970726,58805.37730319984
1256,2458802.7520139,76.8757218,-6.1711568,1,17.32990074157715,0.06939300149679184,58802.25201389985
1257,2458794.7720139,76.8758091,-6.1711446,1,19.24410057067871,0.22101399302482605,58794.27201389987
1258,2458793.9723148,76.8755882,-6.1711329,2,16.97599983215332,0.05644800141453743,58793.472314800136
1259,2458791.8145255,76.8758278,-6.17119,1,18.876100540161133,0.13510699570178986,58791.31452549994
1260,2458790.8391782,76.8757012,-6.1711301,1,18.1112003326416,0.062137000262737274,58790.33917819988
1261,2458788.0030208,76.8753977,-6.1710987,2,17.24650001525879,0.05581299960613251,58787.503020800184
1262,2458787.932662,76.8754363,-6.1710115,1,18.525299072265625,0.1522359997034073,58787.43266199995
1264,2458787.8446644,76.8756769,-6.1709808,2,17.954200744628906,0.2188349962234497,58787.34466439998
1265,2458785.0020833,76.8757247,-6.1711444,2,15.0733003616333,0.030277999117970467,58784.50208330015
1266,2458784.8927315,76.875685,-6.1711286,2,15.187100410461426,0.028934000059962273,58784.39273149986
1267,2458784.0064352,76.8756964,-6.1711678,2,16.245800018310547,0.04398500174283981,58783.506435200106
1268,2458781.9816782,76.8756922,-6.1711395,2,15.660300254821777,0.03658200055360794,58781.481678199954
1269,2458779.9676273,76.8757779,-6.1711565,1,19.178199768066406,0.14501099288463593,58779.46762729995
1271,2458775.9366319,76.8757252,-6.1711515,1,18.453899383544922,0.10231699794530869,58775.43663189979
1272,2458775.8599884,76.8756854,-6.1711202,2,16.702999114990234,0.07239899784326553,58775.35998839978
1273,2458773.0221991,76.8756709,-6.171141,2,15.553600311279297,0.04687599837779999,58772.52219909988
1274,2458773.0217361,76.8756953,-6.1711407,2,15.845800399780273,0.07267499715089798,58772.52173609985
1275,2458772.8364468,76.8758032,-6.1712055,1,17.407899856567383,0.15270400047302246,58772.3364467998
1276,2458772.8359954,76.875687,-6.1711291,1,17.100099563598633,0.09746900200843811,58772.33599539986
1277,2458771.9228125,76.8757134,-6.1711362,2,15.99940013885498,0.05221499875187874,58771.42281250004
1278,2458770.9156366,76.8757043,-6.1711421,2,16.20210075378418,0.05708799883723259,58770.415636599995
1279,2458770.0018866,76.8756968,-6.1711579,1,17.859600067138672,0.07954400032758713,58769.50188660016
1280,2458770.0014352,76.8757057,-6.1711954,1,18.695600509643555,0.14709800481796265,58769.50143520022
1281,2458769.9386111,76.8756993,-6.171129,2,15.987899780273438,0.03924800083041191,58769.43861109996
1282,2458769.9381597,76.8756946,-6.1711582,2,15.987700462341309,0.04029100015759468,58769.43815970002
1283,2458768.9211343,76.8757047,-6.171163,1,17.973499298095703,0.08689399808645248,58768.421134300064
1284,2458767.8911111,76.8756973,-6.1711699,1,18.61199951171875,0.14632999897003174,58767.39111110009
1285,2458767.0009259,76.8757101,-6.1711138,2,16.489900588989258,0.038203999400138855,58766.50092589995
1286,2458766.981169,76.8757166,-6.1711546,2,16.320999145507812,0.04153500124812126,58766.4811689998
1287,2458766.9796296,76.8757195,-6.17115,1,18.21619987487793,0.07611600309610367,58766.479629599955
1288,2458764.0004977,76.8756896,-6.1711242,2,15.138500213623047,0.030262000858783722,58763.50049770018
1289,2458763.9594676,76.8756924,-6.171138,1,16.943599700927734,0.04135400056838989,58763.4594676001
1290,2458763.9590162,76.8756896,-6.1711438,1,16.81529998779297,0.04492799937725067,58763.459016200155
1291,2458761.9648958,76.875719,-6.1712667,2,17.2268009185791,0.06102000176906586,58761.46489580022
1293,2458761.0053588,76.8757457,-6.1711805,2,16.51300048828125,0.06974299997091293,58760.505358799826
1295,2458760.9810648,76.875752,-6.1712721,1,18.568099975585938,0.09367500245571136,58760.48106480017
1296,2458760.9601157,76.8757017,-6.1711932,1,17.684499740600586,0.06326700001955032,58760.46011570003
1297,2458758.0051736,76.8757151,-6.171142,2,16.35420036315918,0.04293400049209595,58757.50517359981
1298,2458758.0047222,76.8756967,-6.1711667,2,16.26729965209961,0.0363520011305809,58757.50472219987
1300,2458751.0138889,76.8756841,-6.1711583,2,16.571399688720703,0.059716999530792236,58750.51388890017
1301,2458750.9570255,76.8756978,-6.1711192,1,18.067399978637695,0.0961339995265007,58750.457025500014
1303,2458749.9696759,76.8757559,-6.1713055,1,19.416200637817383,0.15474599599838257,58749.46967589995
1304,2458749.9687731,76.8756886,-6.1711448,1,18.068500518798828,0.06442400068044662,58749.46877310006
1307,2458748.9639699,76.8760944,-6.1713506,2,18.44379997253418,0.14407099783420563,58748.46396989981
1308,2458748.0023032,76.8756924,-6.1711487,1,17.072900772094727,0.042695000767707825,58747.50230319984
1309,2458748.0018519,76.8756811,-6.1711491,1,16.80030059814453,0.03965900093317032,58747.501851900015
1310,2458747.9621991,76.8756994,-6.171117,2,15.12440013885498,0.03028300032019615,58747.46219909983
1311,2458747.0040856,76.8757061,-6.1711443,1,17.017200469970703,0.056894998997449875,58746.50408559991
1312,2458746.9737616,76.8756804,-6.17114,1,17.45829963684082,0.06549199670553207,58746.47376159998
1313,2458745.0205903,76.8755881,-6.1710536,1,19.079099655151367,0.16035300493240356,58744.520590300206
1314,2458744.9995139,76.8757137,-6.1711491,1,17.917800903320312,0.07036899775266647,58744.49951389991
1315,2458744.9621875,76.8756936,-6.1711212,2,16.09469985961914,0.034738000482320786,58744.462187500205
1316,2458741.9595023,76.8756854,-6.1711581,2,17.315099716186523,0.06537599861621857,58741.45950229978
1317,2458740.9959375,76.8757423,-6.1711683,2,16.502599716186523,0.05068200081586838,58740.49593750015
1319,2458738.0014352,76.8757069,-6.1711256,1,18.25819969177246,0.09046400338411331,58737.50143520022
1320,2458737.020081,76.8756982,-6.1711361,2,15.892000198364258,0.035443998873233795,58736.52008099994
1321,2458736.998912,76.8757138,-6.1711518,1,17.712400436401367,0.04372299835085869,58736.4989120001
1322,2458733.0164931,76.8756982,-6.1711614,2,16.0580997467041,0.038782998919487,58732.51649310021
1323,2458733.0160417,76.8756966,-6.1711097,2,16.087200164794922,0.04797999933362007,58732.5160416998
1324,2458732.9574306,76.8757184,-6.1711322,1,18.777099609375,0.16760100424289703,58732.45743060019
1326,2458726.0022685,76.8757108,-6.1711327,2,15.183799743652344,0.02907099947333336,58725.50226850016
1327,2458725.9962153,76.8757178,-6.1711598,2,15.131199836730957,0.04034699872136116,58725.49621530017
1328,2458725.9780903,76.8757042,-6.1711557,1,16.75469970703125,0.03892900049686432,58725.478090300225
1329,2458725.9771759,76.8757204,-6.1711668,1,16.99250030517578,0.044429000467061996,58725.47717589978
1335,2458720.0015741,76.8756374,-6.1711067,1,18.204700469970703,0.1015930026769638,58719.501574099995
1336,2458719.9759259,76.8758571,-6.1712258,2,17.4778995513916,0.10960400104522705,58719.47592590004
1337,2458717.0040046,76.8757036,-6.1711149,1,16.829099655151367,0.054659999907016754,58716.50400459999
1338,2458717.0030903,76.8757036,-6.1711455,1,16.682100296020508,0.03744100034236908,58716.50309030013
1339,2458716.982662,76.875696,-6.1711525,2,15.13659954071045,0.0391790010035038,58716.48266200023
1340,2458716.9821991,76.8756997,-6.1711682,2,15.193300247192383,0.02375200018286705,58716.482199099846
1341,2458714.0089931,76.8757557,-6.1711647,2,15.956600189208984,0.04466399922966957,58713.50899309991
1342,2458714.0076389,76.8757379,-6.1711381,2,16.139999389648438,0.04639999940991402,58713.507638900075
1343,2458713.9866898,76.8758115,-6.1712157,1,18.180999755859375,0.11310900002717972,58713.48668979993
1344,2458713.9853356,76.875721,-6.1712007,1,17.45680046081543,0.06118300184607506,58713.4853356001
1345,2458574.6312384,76.8757792,-6.1711538,2,16.509899139404297,0.12050200253725052,58574.131238400005
1346,2458561.6939815,76.8758819,-6.1711406,1,18.533199310302734,0.2651439905166626,58561.19398149988
1347,2458560.6863194,76.8757011,-6.1711943,1,18.243600845336914,0.13547499477863312,58560.18631940009
1348,2458557.7046875,76.8757181,-6.1712309,2,16.809499740600586,0.10057099908590317,58557.20468749991
1350,2458547.7119097,76.8756482,-6.171127,1,17.275400161743164,0.06161599978804588,58547.211909700185
1351,2458547.7114583,76.8756622,-6.1711345,1,16.999399185180664,0.05174800008535385,58547.211458299775
1352,2458547.6282523,76.8757047,-6.1711548,2,15.652000427246094,0.02666199952363968,58547.12825229997
1353,2458542.6352199,76.8756889,-6.1711375,1,17.09469985961914,0.04157000035047531,58542.13521989994
1354,2458538.6688773,76.8756973,-6.1711508,1,16.559900283813477,0.04308599978685379,58538.168877299875
1355,2458534.6919444,76.8755395,-6.1711074,2,16.59670066833496,0.062043000012636185,58534.19194439985
1358,2458523.681875,76.8757138,-6.1711663,2,16.676700592041016,0.07094399631023407,58523.18187499978
1360,2458523.6277083,76.8756633,-6.1710364,1,19.0762996673584,0.2592020034790039,58523.12770830002
1361,2458514.705787,76.8756853,-6.1711289,1,18.44300079345703,0.0978659987449646,58514.20578699978
1362,2458514.7053356,76.8757016,-6.1711887,1,17.427900314331055,0.06174999848008156,58514.205335599836
1363,2458514.6325579,76.8757055,-6.1711319,2,15.920499801635742,0.061719998717308044,58514.13255790016
1364,2458514.6320949,76.8757012,-6.1711097,2,16.09309959411621,0.05962599813938141,58514.132094900124
1365,2458510.7104977,76.8756899,-6.1709613,2,16.945899963378906,0.1024319976568222,58510.21049770014
1366,2458510.7063194,76.8757013,-6.1711746,1,18.01889991760254,0.09847699850797653,58510.20631940011
1367,2458509.7538889,76.8756912,-6.1711331,2,14.901399612426758,0.024390999227762222,58509.253888899926
1368,2458509.688831,76.8757017,-6.1711527,1,16.86400032043457,0.04089999943971634,58509.18883100012
1369,2458507.7454167,76.8757234,-6.1711775,2,16.289199829101562,0.03775399923324585,58507.24541669991
1370,2458506.7324884,76.8758251,-6.1711795,2,17.875499725341797,0.13965100049972534,58506.23248839984
1372,2458503.7545602,76.8757158,-6.1711314,2,15.853599548339844,0.029279999434947968,58503.25456020003
1373,2458503.7276042,76.8757849,-6.1711827,1,17.715499877929688,0.09972500056028366,58503.22760420013
1374,2458495.7453009,76.875702,-6.1711482,1,16.863100051879883,0.036400001496076584,58495.24530090019
1375,2458495.7346181,76.8757062,-6.1711577,1,16.62929916381836,0.04428799822926521,58495.23461809987
1377,2458491.6890046,76.8757224,-6.1711721,1,17.876399993896484,0.07688000053167343,58491.18900460005
1378,2458490.7291667,76.8757004,-6.1711208,2,16.586299896240234,0.047439999878406525,58490.22916670004
1379,2458487.7273727,76.8757219,-6.1711471,1,19.097000122070312,0.10425599664449692,58487.22737269988
1380,2458481.8140741,76.8757118,-6.1711923,2,16.444700241088867,0.03313399851322174,58481.314074099995
1382,2458480.794375,76.8756639,-6.1712681,2,17.678699493408203,0.07177499681711197,58480.294375000056
1385,2458476.8102778,76.8757215,-6.1711701,2,16.650299072265625,0.03548299893736839,58476.310277800076
1387,2458472.7543981,76.8758593,-6.1712058,2,17.685300827026367,0.09573099762201309,58472.25439810008
1389,2458472.7318519,76.8757047,-6.1712031,1,18.00040054321289,0.08585300296545029,58472.2318519
1390,2458469.6747454,76.8756997,-6.1711269,1,18.065399169921875,0.08839999884366989,58469.17474539997
1391,2458466.8169097,76.8756865,-6.1711382,2,15.731399536132812,0.03553299978375435,58466.31690970017
1392,2458466.8164583,76.8756828,-6.1711444,2,15.841699600219727,0.05250300094485283,58466.31645830022
1393,2458466.8122338,76.8757053,-6.1711435,1,17.167200088500977,0.04008299857378006,58466.31223380007
1394,2458466.8108681,76.8756867,-6.1711584,1,17.568099975585938,0.04686399921774864,58466.3108680998
1395,2458462.8521296,76.8756841,-6.1711387,1,17.287599563598633,0.055858999490737915,58462.35212960001
1396,2458462.8516782,76.8756782,-6.1711428,1,17.021799087524414,0.05396199971437454,58462.351678200066
1397,2458462.8127894,76.875701,-6.1711334,2,15.348600387573242,0.027897000312805176,58462.31278940011
1398,2458456.789838,76.875701,-6.1711623,2,15.979299545288086,0.03115900047123432,58456.2898380002
1399,2458456.7748495,76.8756911,-6.171128,2,15.991900444030762,0.04086099937558174,58456.27484950004
1400,2458456.7489699,76.8757077,-6.1711615,2,15.99470043182373,0.027816999703645706,58456.248969899956
1401,2458456.7329861,76.8757023,-6.17113,2,15.997900009155273,0.037071000784635544,58456.23298610002
1404,2458449.9064005,76.8756967,-6.1712282,2,17.57069969177246,0.08921899646520615,58449.406400499865
1405,2458447.87625,76.8757137,-6.1711672,2,15.731300354003906,0.023097999393939972,58447.376250000205
1406,2458443.8556019,76.8757179,-6.1711548,2,15.98330020904541,0.0287650004029274,58443.35560189979
1407,2458443.7930671,76.8757063,-6.1711331,1,18.67959976196289,0.13848599791526794,58443.29306709999
1408,2458441.8562153,76.8757026,-6.171118,2,15.229000091552734,0.047168001532554626,58441.35621530004
1409,2458440.8980556,76.8756963,-6.1711471,1,17.41830062866211,0.06897299736738205,58440.3980556
1410,2458437.9163079,76.8757004,-6.1711419,1,16.772899627685547,0.04976600036025047,58437.4163079001
1412,2458430.8594213,76.8757428,-6.1711816,1,18.469100952148438,0.08680900186300278,58430.35942129977
