,jd,ra,dec,fid,magpsf,sigmapsf,mjd
0,2461076.6773495,7.6478919,65.4994648,1,17.21991539001465,0.05340907350182533,61076.17734949989
1,2461076.6184722,7.6477471,65.4994899,2,15.901599884033203,0.030767999589443207,61076.11847219989
2,2461074.6756481,7.6478135,65.4994785,2,16.333999633789062,0.03902199864387512,61074.17564810021
3,2461074.6373148,7.6478052,65.4994676,1,17.672399520874023,0.06884700059890747,61074.13731480017
4,2461072.6733796,7.6477431,65.4994782,2,15.456100463867188,0.024015000090003014,61072.17337960005
5,2461072.6205208,7.6477717,65.4994629,1,16.65959930419922,0.04061799868941307,61072.12052079989
6,2461070.6602083,7.6477686,65.4994655,2,15.291600227355957,0.024886999279260635,61070.16020830022
7,2461070.6212963,7.6478048,65.4994442,1,16.565900802612305,0.04467400163412094,61070.12129630009
8,2461068.6145833,7.6477888,65.4994619,2,14.976300239562988,0.028241999447345734,61068.11458329996
9,2461066.632037,7.6477599,65.4994735,1,16.243900299072266,0.04931100085377693,61066.1320369998
10,2461061.7049884,7.647815,65.4994705,1,17.04829978942871,0.0510529987514019,61061.204988399986
11,2461061.6580208,7.6477789,65.4994717,2,15.707300186157227,0.038628000766038895,61061.15802079998
12,2461059.6955324,7.6477645,65.4994809,1,16.97260093688965,0.041760001331567764,61059.19553240016
14,2461057.6818981,7.6478057,65.4994855,1,17.210500717163086,0.07809899747371674,61057.181898099836
15,2461057.618206,7.6477587,65.4994837,2,15.830699920654297,0.03227299824357033,61057.118205999956
16,2461055.653912,7.6477982,65.4994654,1,16.235200881958008,0.03764599934220314,61055.15391199989
17,2461055.6143981,7.6478538,65.4994589,2,14.972200393676758,0.022144999355077744,61055.11439809995
18,2461053.6851736,7.647803,65.4994726,2,16.47100067138672,0.03943999856710434,61053.18517359998
19,2461051.7611921,7.6478473,65.4994733,2,15.518899917602539,0.026712000370025635,61051.26119210012
20,2461051.7031944,7.6477743,65.4994732,1,16.908000946044922,0.056963998824357986,61051.20319439983
21,2461049.7215741,7.6476376,65.4995494,2,17.532499313354492,0.07477699965238571,61049.2215741002
22,2461049.6390394,7.6477552,65.4994352,1,18.63010025024414,0.09808100014925003,61049.139039400034
25,2461031.6956481,7.6478186,65.4994685,1,17.618099212646484,0.050592001527547836,61031.19564810023
27,2461029.6397106,7.6478284,65.4994687,2,16.542600631713867,0.02748499996960163,61029.13971060002
28,2461029.5936921,7.6478565,65.4994865,1,18.040599822998047,0.07825600355863571,61029.09369210014
29,2461027.6583565,7.6478671,65.4994727,2,17.258499145507812,0.053975000977516174,61027.15835649986
30,2461027.5947338,7.6479403,65.4995238,1,18.21809959411621,0.1346060037612915,61027.09473379981
31,2461025.6658218,7.6478339,65.4994763,1,17.386199951171875,0.056056998670101166,61025.16582180001
32,2461023.6925463,7.6478073,65.4994846,2,17.236900329589844,0.06861899793148041,61023.192546300124
33,2461023.5989005,7.6478313,65.499486,1,18.170900344848633,0.08744300156831741,61023.09890050022
34,2461021.6945023,7.6478666,65.4994876,2,17.34630012512207,0.06550999730825424,61021.19450230012
35,2461021.6364931,7.6477716,65.4995338,1,18.548799514770508,0.11184100061655045,61021.13649309985
36,2461017.7642477,7.6477599,65.4994868,1,18.153600692749023,0.08996099978685379,61017.264247700106
38,2461015.6742593,7.6477512,65.4995531,2,17.186399459838867,0.05898699909448624,61015.17425929988
39,2461015.6208565,7.6477868,65.4995266,1,18.355499267578125,0.09032599627971649,61015.12085650023
40,2461013.7437384,7.6478589,65.4994628,1,17.100500106811523,0.052535999566316605,61013.24373839982
41,2461013.6547569,7.6478315,65.4994576,2,15.741900444030762,0.02609200030565262,61013.15475689992
42,2461012.7937847,7.647835,65.4994603,2,15.637499809265137,0.025234999135136604,61012.29378469987
43,2461006.7778588,7.6478084,65.4994652,1,17.950000762939453,0.06961800158023834,61006.27785879979
44,2461006.7093634,7.6478737,65.499454,2,16.76409912109375,0.039629001170396805,61006.209363400005
45,2460992.7679745,7.6478172,65.4994779,1,17.962600708007812,0.07843799889087677,60992.26797450008
46,2460992.7008796,7.6477996,65.4994638,2,16.550600051879883,0.08334500342607498,60992.2008795999
48,2460988.801412,7.6478049,65.4994764,2,15.496500015258789,0.034981999546289444,60988.301411999855
49,2460988.6994329,7.6478142,65.4994671,1,16.767499923706055,0.03980199992656708,60988.199432900175
50,2460986.8402546,7.6478156,65.4994642,2,15.351900100708008,0.027110999450087547,60986.34025460016
51,2460986.6980208,7.6477995,65.4994719,1,16.62779998779297,0.04401500150561333,60986.19802080002
52,2460984.7221296,7.6478152,65.4994701,1,16.202899932861328,0.037588998675346375,60984.22212960012
53,2460980.9487847,7.6477901,65.4994754,1,17.486400604248047,0.050207000225782394,60980.44878470013
54,2460980.8057523,7.6478489,65.4994139,2,16.202999114990234,0.033569999039173126,60980.30575230019
55,2460978.8332292,7.6478128,65.4994639,1,17.618900299072266,0.07151100039482117,60978.33322919998
56,2460978.7243981,7.6478318,65.4994723,2,16.377300262451172,0.046153001487255096,60978.22439809982
57,2460976.8412037,7.6477542,65.499485,1,16.808500289916992,0.059884000569581985,60976.34120369982
58,2460976.8073032,7.6478382,65.4994757,2,15.48330020904541,0.023041000589728355,60976.30730320001
59,2460974.8155208,7.6478429,65.4994632,1,17.403900146484375,0.05117600038647652,60974.315520800184
60,2460974.7410417,7.647827,65.4994867,2,15.971500396728516,0.04743700101971626,60974.24104169989
61,2460972.8245833,7.6478475,65.4994753,1,16.34709930419922,0.03624200075864792,60972.324583299924
62,2460972.7428704,7.6478589,65.4994733,2,15.06029987335205,0.022400999441742897,60972.242870400194
63,2460970.718831,7.6478172,65.4994707,1,16.760000228881836,0.03481699898838997,60970.21883099992
65,2460970.6992708,7.6477878,65.4994772,2,15.700499534606934,0.045559000223875046,60970.19927080022
67,2460968.8010069,7.6478291,65.4994571,2,15.756199836730957,0.026934999972581863,60968.30100690015
68,2460968.7370833,7.6478269,65.4994755,1,17.187599182128906,0.04605599865317345,60968.23708330002
69,2460966.7215278,7.6479452,65.4994381,1,19.016799926757812,0.12032599747180939,60966.221527799964
70,2460966.69625,7.647742,65.4994097,2,17.674100875854492,0.054809000343084335,60966.19625000004
71,2460964.8729167,7.6478048,65.4994675,1,16.99020004272461,0.05822699889540672,60964.37291669985
72,2460960.8586111,7.6478693,65.4994993,2,17.406299591064453,0.05372399836778641,60960.35861109989
73,2460960.7621528,7.6477955,65.4994445,1,18.890300750732422,0.09836699813604355,60960.26215279987
76,2460955.7949306,7.6478197,65.4994608,2,17.22410011291504,0.047589000314474106,60955.294930600096
78,2460953.8370023,7.6477671,65.4994973,1,19.00160026550293,0.14649899303913116,60953.33700230019
80,2460951.9103819,7.6478455,65.4994668,1,18.539600372314453,0.0981530025601387,60951.41038190015
81,2460951.8255093,7.6478303,65.4994695,2,17.166799545288086,0.05168600007891655,60951.32550929999
82,2460949.8877083,7.6478121,65.4994582,1,17.09980010986328,0.03592099994421005,60949.38770829979
83,2460949.8240856,7.6478252,65.4994734,2,15.759099960327148,0.0257750004529953,60949.32408560021
84,2460944.8266435,7.647861,65.4994554,1,17.59950065612793,0.06605900079011917,60944.32664350001
85,2460942.8041551,7.6478532,65.4994546,2,16.750900268554688,0.03620399907231331,60942.30415510014
86,2460942.7634491,7.647835,65.4994784,1,18.01409912109375,0.06398999691009521,60942.263449099846
87,2460939.8287153,7.6478226,65.4994955,1,16.95709991455078,0.0504320003092289,60939.32871530019
89,2460935.8032292,7.6478357,65.4994416,1,17.007699966430664,0.052345000207424164,60935.30322920019
91,2460935.7601389,7.647797,65.4994707,2,15.750300407409668,0.03283200040459633,60935.26013890002
92,2460933.7609491,7.6478817,65.49949,1,17.73189926147461,0.058125000447034836,60933.2609490999
93,2460933.7134954,7.6478305,65.4994721,2,16.32710075378418,0.04910000041127205,60933.2134953998
94,2460929.8605787,7.6478964,65.4994827,2,15.937151908874512,0.03496946021914482,60929.36057869997
95,2460929.8605787,7.6478964,65.4994827,2,15.937199592590332,0.03496899828314781,60929.36057869997
96,2460929.8256944,7.6478266,65.4994706,1,17.216100692749023,0.05280499905347824,60929.325694399886
97,2460927.8672106,7.6478317,65.4994798,1,16.542600631713867,0.04886399954557419,60927.36721060006
98,2460927.7987269,7.6478324,65.4994715,2,15.252300262451172,0.024588000029325485,60927.298726900015
99,2460925.9314931,7.6478166,65.4994661,2,15.403200149536133,0.02489200048148632,60925.43149309978
100,2460925.8404745,7.6477972,65.4994887,1,16.675399780273438,0.04375699907541275,60925.340474499855
101,2460923.986169,7.6478238,65.499481,1,16.31879997253418,0.04127399995923042,60923.486169000156
102,2460923.8709028,7.6478346,65.4994637,2,15.111100196838379,0.03176699951291084,60923.3709028
103,2460919.8430324,7.6478024,65.4994643,2,15.74020004272461,0.024020999670028687,60919.343032400124
104,2460919.8228472,7.6478317,65.4994673,1,17.02750015258789,0.03742999956011772,60919.32284720009
105,2460917.8433912,7.6478751,65.4994636,2,15.896900177001953,0.03993399813771248,60917.34339120006
106,2460917.8003125,7.647849,65.499485,1,17.24139976501465,0.057342998683452606,60917.30031249998
107,2460914.8678588,7.6478346,65.4994833,2,15.878600120544434,0.026643000543117523,60914.367858800106
108,2460914.7995718,7.6478113,65.499474,1,17.243499755859375,0.04786299914121628,60914.299571800046
109,2460911.8666667,7.6479552,65.4994777,1,18.492799758911133,0.07831700146198273,60911.366666700225
110,2460911.8447338,7.6478493,65.4994498,2,17.291900634765625,0.040098000317811966,60911.34473379981
111,2460909.8693634,7.6478319,65.4994784,2,16.010799407958984,0.028609000146389008,60909.369363400154
112,2460909.8455093,7.6478188,65.4994663,1,17.251300811767578,0.04694399982690811,60909.34550930001
113,2460909.8455093,7.6478188,65.4994663,1,17.251300811767578,0.04694399982690811,60909.34550930001
114,2460905.8585185,7.6477763,65.4994751,2,15.748900413513184,0.030567999929189682,60905.35851849988
115,2460905.8269329,7.6478307,65.4994739,1,17.014299392700195,0.04750800132751465,60905.32693290012
116,2460903.879456,7.6478055,65.4994729,1,16.625200271606445,0.038972001522779465,60903.37945599994
118,2460901.8853588,7.647819,65.4994803,1,16.374500274658203,0.036309000104665756,60901.38535880018
119,2460901.8720718,7.6478042,65.4994532,2,15.172599792480469,0.02769000083208084,60901.37207179982
120,2460901.8720718,7.6478042,65.4994532,2,15.172599792480469,0.02769000083208084,60901.37207179982
121,2460897.9725926,7.6478011,65.499479,1,16.20870018005371,0.031192999333143234,60897.472592600156
122,2460897.9122106,7.6478292,65.4994815,2,14.965100288391113,0.02869899943470955,60897.412210599985
123,2460897.9122106,7.6478292,65.4994815,2,14.965100288391113,0.02869899943470955,60897.412210599985
124,2460887.8478935,7.6478463,65.4994734,2,15.44480037689209,0.029756000265479088,60887.34789349977
125,2460887.8220023,7.6478246,65.4994763,1,16.595300674438477,0.04015599936246872,60887.32200230006
126,2460859.965463,7.6478457,65.4994703,2,15.880599975585938,0.026176000013947487,60859.465462999884
127,2460859.8940162,7.6478698,65.4994456,1,17.110000610351562,0.044057998806238174,60859.39401620021
128,2460857.9307986,7.6478193,65.4994792,1,17.031200408935547,0.051249001175165176,60857.43079859996
129,2460857.9089005,7.6478744,65.4994365,2,15.793899536132812,0.023564999923110008,60857.40890049981
130,2460853.964838,7.6478337,65.499484,1,17.736804962158203,0.06738544255495071,60853.464838000014
132,2460853.8611343,7.6477679,65.4994695,2,16.645599365234375,0.04134700074791908,60853.36113430001
133,2460853.8611343,7.6477679,65.4994695,2,16.645599365234375,0.04134700074791908,60853.36113430001
134,2460850.9416782,7.6478717,65.499462,2,16.584199905395508,0.037877000868320465,60850.44167819992
135,2460850.9292708,7.6477782,65.4994547,2,16.58300018310547,0.044286999851465225,60850.4292708002
136,2460724.6336111,7.6478392,65.4994721,2,17.625335693359375,0.062490299344062805,60724.133611099795
139,2460706.6240741,7.6477534,65.4994085,1,18.891300201416016,0.1203949972987175,60706.12407410005
143,2460695.7224769,7.6478132,65.4994768,2,18.024099349975586,0.06464900076389313,60695.22247690009
144,2460695.6554282,7.6478202,65.4994988,1,19.72800064086914,0.16024699807167053,60695.15542820003
145,2460693.7415972,7.6478986,65.4994432,2,17.361299514770508,0.0519150011241436,60693.24159719981
146,2460691.6972338,7.6479373,65.4994148,2,17.834800720214844,0.06807799637317657,60691.197233799845
148,2460689.7442593,7.6480093,65.4994032,2,17.54400062561035,0.08626899868249893,60689.244259300176
150,2460687.7006597,7.647966,65.4992852,2,17.784099578857422,0.10018700361251831,60687.200659700204
153,2460683.7200579,7.6472903,65.499668,2,17.438400268554688,0.11639700084924698,60683.220057900064
157,2460679.7493171,7.6478719,65.4994783,1,19.104700088500977,0.1361680030822754,60679.249317099806
158,2460679.6371644,7.6478055,65.4994565,2,17.3257999420166,0.04569099843502045,60679.13716439996
159,2460677.7007986,7.6477859,65.4994641,1,18.377500534057617,0.08955900371074677,60677.20079859998
160,2460677.6421065,7.6478426,65.4994718,2,16.853500366210938,0.04574599862098694,60677.14210649999
163,2460673.6813079,7.6477012,65.4994358,2,18.60420036315918,0.14060799777507782,60673.18130790023
166,2460665.7966667,7.6476866,65.4994693,1,18.428800582885742,0.07620599865913391,60665.29666669993
167,2460665.6599537,7.6478216,65.4994703,2,16.925600051879883,0.04061000049114227,60665.15995369991
169,2460663.7395255,7.6478589,65.4994167,1,17.90410041809082,0.0658549964427948,60663.23952550022
170,2460660.8036806,7.6478311,65.4994639,2,16.105300903320312,0.031217999756336212,60660.30368060013
171,2460660.7015046,7.6477403,65.499484,1,17.534099578857422,0.06649400293827057,60660.20150459977
172,2460658.7191435,7.6478229,65.4994701,1,18.270700454711914,0.08513399958610535,60658.219143500086
174,2460655.7874074,7.6478367,65.4995245,2,18.100200653076172,0.10443700104951859,60655.28740740009
175,2460655.6743056,7.6474126,65.4996111,1,18.791500091552734,0.27005699276924133,60655.174305600114
176,2460653.7138079,7.6479213,65.4993578,2,18.388599395751953,0.11481299996376038,60653.21380789997
178,2460651.7434375,7.6477274,65.4994548,1,19.00029945373535,0.11712799966335297,60651.243437500205
181,2460649.7400347,7.6477851,65.4994649,2,17.61680030822754,0.05674000084400177,60649.240034699906
182,2460647.7391435,7.6477891,65.4995307,1,18.994300842285156,0.14360399544239044,60647.239143500105
184,2460645.8155324,7.6478223,65.4995332,2,17.553300857543945,0.06888700276613235,60645.31553239981
185,2460645.8155324,7.6479045,65.4995198,2,17.5674991607666,0.062488000839948654,60645.31553239981
189,2460636.7616435,7.6478192,65.4994679,1,19.41629981994629,0.12763899564743042,60636.26164350007
190,2460636.7172801,7.647911,65.4995834,2,17.82740020751953,0.07318300008773804,60636.2172801001
191,2460634.7876968,7.6476302,65.4996465,2,18.371700286865234,0.09932799637317657,60634.287696800195
195,2460627.7617708,7.6478429,65.4994498,2,17.063100814819336,0.053929999470710754,60627.26177080022
196,2460627.6929745,7.6478057,65.4995043,1,18.826000213623047,0.146138995885849,60627.19297449989
197,2460625.8205556,7.6479721,65.4994189,2,18.031700134277344,0.09730599820613861,60625.32055559987
199,2460623.6849653,7.647816,65.4994556,2,16.832300186157227,0.042454998940229416,60623.18496529991
200,2460623.6118403,7.6478271,65.4994895,1,18.00480079650879,0.0706389993429184,60623.111840299796
201,2460619.805787,7.6477958,65.4994812,1,17.931699752807617,0.07077199965715408,60619.305786999874
202,2460619.6578125,7.6478124,65.4994617,2,16.954200744628906,0.03424699977040291,60619.15781249991
203,2460616.8849769,7.647803,65.4994745,1,17.75510025024414,0.05920900031924248,60616.38497690018
204,2460614.9440278,7.6478236,65.4994734,2,15.86769962310791,0.028029000386595726,60614.44402780011
205,2460614.8903819,7.6478198,65.49947,1,17.144100189208984,0.04362000152468681,60614.39038190013
207,2460610.6970486,7.6479031,65.4994398,2,17.46780014038086,0.07440699636936188,60610.19704859983
208,2460608.8903241,7.6477518,65.4994707,2,17.36829948425293,0.06649100035429001,60608.39032409992
209,2460608.8603588,7.6478065,65.4994682,1,19.28070068359375,0.14133599400520325,60608.36035879981
210,2460606.780625,7.6478224,65.4994726,2,16.825599670410156,0.05319700017571449,60606.28062500013
211,2460606.7145486,7.6477539,65.4994542,1,18.74570083618164,0.1113239973783493,60606.214548599906
212,2460604.763912,7.6477551,65.4994554,1,19.46780014038086,0.2059909999370575,60604.26391200023
213,2460604.7041667,7.6477844,65.4994545,2,17.358800888061523,0.07196000218391418,60604.20416670013
214,2460604.7041667,7.6477844,65.4994545,2,17.358800888061523,0.07196000218391418,60604.20416670013
215,2460602.8642361,7.6477599,65.4994021,2,17.20330047607422,0.061677999794483185,60602.36423610011
216,2460599.8209144,7.6478191,65.4994686,2,17.148300170898438,0.061802998185157776,60599.32091439981
217,2460597.7837847,7.647734,65.4994765,2,17.733800888061523,0.09885600209236145,60597.28378470009
219,2460595.7371181,7.6477376,65.4994669,1,18.77239990234375,0.11565099656581879,60595.237118099816
220,2460595.6951273,7.6477574,65.4994488,2,16.96820068359375,0.03924399986863136,60595.19512729999
221,2460593.8863889,7.6477995,65.49947,2,16.878799438476562,0.03872400149703026,60593.386388900224
222,2460593.7469213,7.647736,65.4994552,1,18.738800048828125,0.10980299860239029,60593.24692129996
223,2460591.8462384,7.6476469,65.4994919,1,19.403499603271484,0.1397089958190918,60591.346238399856
224,2460591.7430787,7.6477696,65.4994709,2,17.271900177001953,0.06800399720668793,60591.2430786998
225,2460581.9646296,7.6478145,65.4994807,2,17.010700225830078,0.035429999232292175,60581.464629599825
226,2460581.6428472,7.647704,65.4994843,1,18.836999893188477,0.10925299674272537,60581.142847199924
227,2460579.7996181,7.6476882,65.4994356,1,18.638500213623047,0.09831099957227707,60579.299618099816
228,2460579.7599306,7.6477885,65.4994861,2,16.812599182128906,0.037491001188755035,60579.25993059995
230,2460572.8061458,7.6476728,65.4994491,2,18.001657485961914,0.09214549511671066,60572.30614579981
231,2460572.8061458,7.6476728,65.4994491,2,18.001699447631836,0.09214500337839127,60572.30614579981
233,2460566.9673495,7.6477839,65.4994784,2,16.33099937438965,0.04374000057578087,60566.46734949993
234,2460566.85125,7.6478777,65.4994702,1,17.7101993560791,0.06964699923992157,60566.35124999983
235,2460564.8704282,7.6478576,65.4994778,2,16.791900634765625,0.03405600041151047,60564.37042819988
236,2460564.7600116,7.647849,65.4994736,1,18.11720085144043,0.06981399655342102,60564.260011599865
237,2460562.8202199,7.6481064,65.4994931,1,19.80590057373047,0.2074030041694641,60562.32021989999
239,2460560.8452315,7.6479,65.4995194,2,17.050600051879883,0.050700001418590546,60560.34523149999
240,2460558.8856366,7.647889,65.4994739,1,18.552799224853516,0.08597200363874435,60558.3856366002
241,2460558.8260764,7.6478751,65.4994674,2,17.296899795532227,0.05365300178527832,60558.3260764
242,2460556.9265046,7.6478034,65.4994937,1,18.774499893188477,0.12023899704217911,60556.42650459986
243,2460556.8376505,7.6478619,65.4994703,2,17.43939971923828,0.054885998368263245,60556.33765049977
244,2460553.9243866,7.6478161,65.499483,2,16.642000198364258,0.03821700066328049,60553.42438660003
245,2460553.8425463,7.6478108,65.4994861,1,18.00119972229004,0.08112599700689316,60553.34254630003
246,2460551.8921991,7.6478718,65.4994888,2,16.402599334716797,0.041492998600006104,60551.392199099995
248,2460551.8420139,7.6478586,65.4994642,1,17.71139907836914,0.060853999108076096,60551.34201390017
250,2460549.8809491,7.6478613,65.4994705,2,17.391700744628906,0.05389200150966644,60549.380949100014
251,2460549.8234838,7.647854,65.4994978,1,18.51099967956543,0.08789599686861038,60549.32348380005
252,2460547.9473495,7.6478457,65.4994516,2,16.67060089111328,0.039239998906850815,60547.44734949991
253,2460547.8253125,7.6478256,65.4994868,1,18.203699111938477,0.07600100338459015,60547.32531249989
254,2460547.8253125,7.6478256,65.4994868,1,18.203699111938477,0.07600100338459015,60547.32531249989
255,2460544.9053009,7.647806,65.4994702,1,18.886999130249023,0.12443500012159348,60544.405300899874
256,2460544.8200463,7.6479777,65.4994862,2,17.845399856567383,0.0757099986076355,60544.32004630007
257,2460539.9316782,7.64784,65.4994774,1,17.669200897216797,0.06916700303554535,60539.43167820014
258,2460539.8886343,7.6478161,65.4994672,2,16.339000701904297,0.04476799815893173,60539.38863429986
261,2460531.8866782,7.6476418,65.499534,2,17.592100143432617,0.07822000235319138,60531.386678200215
263,2460529.8889699,7.6477916,65.499459,2,17.314699172973633,0.06514900177717209,60529.38896990009
264,2460527.8894792,7.6478133,65.4994742,2,17.10849952697754,0.053971000015735626,60527.38947919989
265,2460527.804919,7.6477187,65.4994964,1,19.05459976196289,0.12862199544906616,60527.304918999784
266,2460525.9100694,7.6476576,65.4994449,2,18.107099533081055,0.09831400215625763,60525.41006939998
267,2460522.9329398,7.6478009,65.4994832,1,17.0762996673584,0.06222200021147728,60522.43293979997
268,2460522.9072685,7.6478171,65.4994964,2,15.802399635314941,0.033479999750852585,60522.407268499956
269,2460520.9051968,7.6478443,65.4994829,2,15.380200386047363,0.03622400015592575,60520.4051967999
270,2460520.9051968,7.6478443,65.4994829,2,15.380200386047363,0.03622400015592575,60520.4051967999
271,2460520.8424421,7.6478336,65.4994712,1,16.680200576782227,0.047773998230695724,60520.342442099936
272,2460518.9071528,7.6478218,65.499478,1,17.430400848388672,0.04729200154542923,60518.40715279989
273,2460518.8522106,7.6478224,65.4994596,2,15.991999626159668,0.03617699816823006,60518.35221059993
274,2460515.9312269,7.647853,65.4994754,2,15.023099899291992,0.03356200084090233,60515.43122689985
275,2460515.8463194,7.647837,65.499487,1,16.260400772094727,0.19609299302101135,60515.346319399774
276,2460513.9644213,7.6478822,65.4994853,2,14.8237886428833,0.03471086919307709,60513.46442130022
277,2460513.9644213,7.6478822,65.4994853,2,14.823800086975098,0.034710999578237534,60513.46442130022
278,2460513.9121065,7.6478181,65.4994801,1,16.014400482177734,0.04278799891471863,60513.41210650001
279,2460510.9289931,7.6478115,65.499481,1,16.115400314331055,0.042238999158144,60510.428993099835
280,2460510.8686921,7.6478135,65.4994694,2,14.908699989318848,0.02259100042283535,60510.36869210005
281,2460507.9424769,7.647832,65.4994885,1,16.352399826049805,0.045924000442028046,60507.44247689983
282,2460507.8879051,7.6478183,65.4994647,2,15.078700065612793,0.03146100044250488,60507.387905099895
283,2460504.9306481,7.6478186,65.4994769,1,16.756799697875977,0.048197999596595764,60504.4306481001
284,2460504.9084144,7.6478081,65.4994612,2,15.378800392150879,0.028566999360919,60504.40841440018
285,2460502.9306944,7.6478156,65.4994785,1,16.2716007232666,0.03861000016331673,60502.43069439987
286,2460502.8865856,7.6478193,65.4994646,2,15.011899948120117,0.03009199909865856,60502.38658560021
287,2460494.9288426,7.6478148,65.4994762,1,16.91550064086914,0.04148399829864502,60494.42884259997
288,2460494.8716088,7.6478009,65.4994881,2,15.593000411987305,0.04177600145339966,60494.37160879979
289,2460488.948912,7.64782,65.4994674,1,17.07990074157715,0.03962700068950653,60488.44891199982
290,2460488.859294,7.6477915,65.4994564,2,15.606399536132812,0.03738899901509285,60488.35929400008
291,2460485.9279745,7.6478477,65.4994452,1,17.278900146484375,0.04636799916625023,60485.42797450023
292,2460485.8923148,7.6479916,65.4994784,2,15.876799583435059,0.03220000118017197,60485.39231480006
293,2460358.6379745,7.6477858,65.4994457,2,18.285354614257812,0.0801437720656395,60358.13797450019
295,2460353.6609606,7.6478347,65.4995055,1,18.993499755859375,0.13411200046539307,60353.16096059978
296,2460353.6352546,7.6476931,65.4994962,2,17.878299713134766,0.07730600237846375,60353.135254600085
297,2460351.6589352,7.6479344,65.4995431,2,17.418399810791016,0.06888599693775177,60351.15893519996
298,2460351.6315046,7.6478241,65.4994514,1,18.82469940185547,0.144896000623703,60351.131504599936
299,2460340.7148611,7.6477567,65.4994554,1,18.756200790405273,0.12734900414943695,60340.214861100074
300,2460336.7256019,7.6474975,65.4994366,1,18.03459930419922,0.12032199651002884,60336.2256018999
301,2460327.7022338,7.6478045,65.4994731,1,17.185100555419922,0.055619001388549805,60327.2022338002
302,2460327.6600463,7.647842,65.4994665,2,15.89900016784668,0.03160399943590164,60327.16004629992
303,2460315.7597685,7.6478569,65.4995985,2,17.980600357055664,0.05628199875354767,60315.25976849999
304,2460315.6764931,7.6476208,65.4995447,2,18.12929916381836,0.07168199867010117,60315.17649309989
305,2460311.64375,7.6478915,65.4994716,2,18.117300033569336,0.07514899969100952,60311.143749999814
307,2460291.6733333,7.6478595,65.4995053,1,17.83799934387207,0.06353399902582169,60291.17333329981
309,2460289.6802894,7.6478459,65.4994921,1,18.96430015563965,0.14378400146961212,60289.18028939981
311,2460287.631169,7.6478471,65.4994961,1,18.72089958190918,0.10792399942874908,60287.131169000175
312,2460287.6214931,7.6478678,65.4995294,2,17.990299224853516,0.09658599644899368,60287.12149310019
314,2460268.707963,7.6479079,65.4995142,2,17.774099349975586,0.08900099992752075,60268.20796300005
315,2460262.7745602,7.6478101,65.4994741,2,16.131399154663086,0.03378700092434883,60262.27456020005
316,2460262.7146875,7.6478117,65.4994755,1,17.358999252319336,0.04884900152683258,60262.21468750015
317,2460261.8118519,7.6477848,65.4994834,1,17.613500595092773,0.060593001544475555,60261.31185190007
318,2460261.7598843,7.6478462,65.4994751,2,16.378299713134766,0.04421500116586685,60261.259884300176
319,2460259.7807407,7.6478373,65.4994705,2,15.902999877929688,0.03329100087285042,60259.2807407002
320,2460259.7032639,7.6478218,65.4994797,1,17.166400909423828,0.05020499974489212,60259.20326389978
321,2460257.8171759,7.6477881,65.4994372,1,18.152999877929688,0.10562700033187866,60257.3171759001
322,2460257.7471065,7.6478442,65.499541,2,16.922500610351562,0.04605799913406372,60257.24710649997
323,2460254.7376505,7.6478873,65.4994962,2,17.308399200439453,0.07738000154495239,60254.237650500145
324,2460254.7130208,7.647805,65.4994678,1,18.414899826049805,0.08927900344133377,60254.21302080015
326,2460252.7250116,7.647891,65.499474,1,18.321800231933594,0.0821710005402565,60252.22501160018
327,2460250.8030093,7.6478307,65.4994591,2,17.457199096679688,0.0608379989862442,60250.30300930003
328,2460250.6574421,7.6478352,65.49946,1,18.785400390625,0.1062999963760376,60250.15744209988
329,2460245.7870486,7.64775,65.4995446,1,18.35059928894043,0.1359499990940094,60245.28704860015
330,2460245.7228588,7.6478031,65.4994539,2,17.106399536132812,0.05115199834108353,60245.22285880009
331,2460242.9687731,7.6478218,65.4994522,1,17.664100646972656,0.05423099920153618,60242.46877310006
332,2460242.9507639,7.6478196,65.4994603,2,16.346200942993164,0.04117799922823906,60242.45076389983
333,2460239.8601968,7.6478038,65.4994715,2,15.50220012664795,0.03828800097107887,60239.36019679997
334,2460239.7335301,7.6478427,65.499484,1,16.728599548339844,0.046126000583171844,60239.23353009997
335,2460237.7395833,7.6478185,65.4994642,1,17.23189926147461,0.041478998959064484,60237.23958329996
336,2460237.7019907,7.6477998,65.4994519,2,15.950799942016602,0.02831299975514412,60237.20199069986
337,2460235.7440741,7.6478073,65.4994676,2,16.07200050354004,0.03261600062251091,60235.24407410016
338,2460235.7021644,7.6478197,65.4994764,1,17.438100814819336,0.06183699890971184,60235.2021643999
339,2460233.7204167,7.6478933,65.4994889,1,18.249500274658203,0.09821300208568573,60233.2204167
340,2460233.6766088,7.6478737,65.4994719,2,17.218799591064453,0.05831100046634674,60233.17660879996
341,2460231.8587153,7.6478539,65.4994956,2,16.706100463867188,0.0348379984498024,60231.35871529998
342,2460231.7160069,7.647863,65.499481,1,17.82550048828125,0.08086399734020233,60231.216006900184
343,2460228.7843287,7.6478183,65.4994752,2,15.909700393676758,0.027015000581741333,60228.28432870004
344,2460228.7429745,7.6478518,65.4994804,1,17.171100616455078,0.039482999593019485,60228.24297450017
346,2460223.799919,7.6478349,65.4994882,1,18.427350997924805,0.0839981883764267,60223.299918999895
348,2460223.719294,7.6479642,65.499456,2,17.371299743652344,0.05910800024867058,60223.21929399995
349,2460221.7963079,7.6479126,65.4994934,2,16.423999786376953,0.04384399950504303,60221.29630789999
350,2460221.6778704,7.6478813,65.4994749,1,17.63129997253418,0.06396699696779251,60221.177870399784
351,2460216.9899421,7.6478583,65.4994844,2,16.23040008544922,0.03574100136756897,60216.4899420999
352,2460216.8572917,7.6478133,65.4994864,1,17.46419906616211,0.055768001824617386,60216.35729169985
353,2460214.9704745,7.6478233,65.4994636,1,16.66160011291504,0.03914799913764,60214.47047450021
354,2460214.8058565,7.6478509,65.4994628,2,15.443900108337402,0.028490999713540077,60214.30585649982
355,2460212.9224769,7.6478126,65.4994661,1,16.722900390625,0.0416099987924099,60212.42247689981
356,2460212.8809838,7.6478167,65.4994633,2,15.426400184631348,0.03730800002813339,60212.38098380016
357,2460212.8809838,7.6478167,65.4994633,2,15.426400184631348,0.03730800002813339,60212.38098380016
358,2460209.822338,7.6478527,65.4994363,1,18.140445709228516,0.09639281779527664,60209.32233799994
359,2460209.822338,7.6478527,65.4994363,1,18.140399932861328,0.09639299660921097,60209.32233799994
360,2460209.8099653,7.6478349,65.4994967,2,16.931499481201172,0.04369200021028519,60209.30996529991
361,2460206.9271181,7.6478593,65.4994556,2,17.25429916381836,0.050923001021146774,60206.427118100226
362,2460206.8467824,7.647875,65.4994638,1,18.592599868774414,0.07729499787092209,60206.34678239981
363,2460204.9213773,7.6478518,65.4994609,2,16.48550033569336,0.033713001757860184,60204.42137729982
364,2460204.8496875,7.6478572,65.4994766,1,17.822999954223633,0.06724700331687927,60204.349687499925
365,2460202.9752431,7.6478243,65.4994671,1,17.675100326538086,0.06805799901485443,60202.475243099965
366,2460202.7651968,7.6478989,65.4994579,2,16.941600799560547,0.05186399817466736,60202.26519680023
367,2460200.9549769,7.6475994,65.4995276,2,18.836000442504883,0.0750499963760376,60200.454976900015
370,2460196.823912,7.6475958,65.4994811,1,19.260499954223633,0.16200099885463715,60196.32391199982
371,2460194.9211458,7.6477381,65.4994756,1,18.95400047302246,0.0837320014834404,60194.421145800035
372,2460194.826169,7.6477998,65.4994613,2,17.192800521850586,0.04992999881505966,60194.32616900001
373,2460194.826169,7.6477998,65.4994613,2,17.192800521850586,0.04992999881505966,60194.32616900001
374,2460191.9039468,7.6480911,65.4994799,1,19.12380027770996,0.1649550050497055,60191.40394680016
375,2460186.9905093,7.6477665,65.4994699,1,17.848499298095703,0.06804999709129333,60186.49050930003
377,2460186.7947801,7.6478869,65.4994542,2,16.579200744628906,0.049028001725673676,60186.29478010023
378,2460184.929838,7.6478702,65.4995027,1,17.76289939880371,0.061744000762701035,60184.429837999865
379,2460184.8818866,7.6478272,65.4994441,2,16.358400344848633,0.058573998510837555,60184.38188660005
380,2460182.8895486,7.6478472,65.499488,1,17.71150016784668,0.0562409982085228,60182.389548600186
381,2460182.844919,7.647855,65.499478,2,16.464799880981445,0.032395001500844955,60182.34491899982
382,2460178.9273148,7.6477943,65.4994811,1,16.925899505615234,0.04629499837756157,60178.42731480021
383,2460173.9730324,7.6478009,65.499473,1,16.911100387573242,0.040435001254081726,60173.47303240001
385,2460170.8826505,7.6478317,65.4994807,2,16.135799407958984,0.03312600031495094,60170.38265050016
386,2460170.8580208,7.6478363,65.4994809,1,17.475299835205078,0.060433998703956604,60170.358020800166
387,2460168.8892593,7.6478185,65.499481,1,17.382099151611328,0.051573000848293304,60168.389259300195
388,2460168.8485995,7.6478273,65.4994702,2,16.005699157714844,0.03920599818229675,60168.34859950002
389,2460163.9690856,7.6478458,65.4994851,1,18.442899703979492,0.09953700006008148,60163.46908560023
390,2460163.8894676,7.6478667,65.499483,2,17.131799697875977,0.04701000079512596,60163.3894675998
391,2460160.9314583,7.6478423,65.499466,2,15.793600082397461,0.02712099999189377,60160.43145829998
392,2460160.8875,7.6478398,65.4994897,1,17.091299057006836,0.04687099903821945,60160.387500000186
393,2460156.9070023,7.6478014,65.4994653,2,15.779500007629395,0.02522299997508526,60156.407002300024
394,2460153.9535301,7.6478309,65.4994713,2,16.066099166870117,0.02928999997675419,60153.453530100174
395,2460153.909838,7.6478287,65.4994724,1,17.342899322509766,0.054193999618291855,60153.40983799985
396,2460150.9543287,7.6478157,65.4994842,2,16.46500015258789,0.045256998389959335,60150.45432869997
397,2460150.913588,7.6478677,65.4994735,1,17.8971004486084,0.05795399844646454,60150.413587999996
398,2460148.9307523,7.6478649,65.4994756,1,17.46619987487793,0.05109399929642677,60148.43075230019
399,2460148.8895255,7.6478348,65.4994816,2,16.07200050354004,0.036695998162031174,60148.389525500126
400,2460146.9363657,7.6478121,65.4994538,2,17.17639923095703,0.02844800055027008,60146.43636569986
401,2460146.9084375,7.6477939,65.4994818,2,17.22640037536621,0.04951699823141098,60146.40843749978
402,2460144.927338,7.647824,65.4994554,1,17.9773006439209,0.05783899873495102,60144.42733799992
403,2460144.8855903,7.6478023,65.4994669,2,16.57699966430664,0.04336399957537651,60144.385590299964
404,2460141.932419,7.6478103,65.4994687,2,16.204700469970703,0.029589999467134476,60141.43241900019
405,2460141.8450116,7.6478497,65.4994839,1,17.5216007232666,0.0546329990029335,60141.34501159983
406,2460139.9486806,7.6478253,65.4994952,1,18.137800216674805,0.08105400204658508,60139.44868060015
407,2460139.8875347,7.6477967,65.499475,2,16.576000213623047,0.04086500033736229,60139.38753469987
408,2460137.9259954,7.6478353,65.4994725,2,15.730500221252441,0.036841001361608505,60137.425995400175
409,2460137.8850347,7.6478236,65.4994707,1,17.079200744628906,0.04353399947285652,60137.385034699924
410,2460134.9572454,7.6478832,65.4994798,2,17.301700592041016,0.04892899841070175,60134.457245400175
411,2460134.9070486,7.6478742,65.4994698,1,18.654800415039062,0.11798900365829468,60134.407048599795
412,2460128.9360301,7.6478454,65.4994868,1,16.165700912475586,0.034446001052856445,60128.4360301001
413,2460128.9129977,7.6478562,65.4994812,2,14.887200355529785,0.026871999725699425,60128.41299769981
414,2460126.9525579,7.647794,65.499476,2,14.732199668884277,0.026103999465703964,60126.45255789999
415,2460126.9244329,7.6477757,65.4994722,1,15.963800430297852,0.038440998643636703,60126.4244328998
416,2460124.9476157,7.647842,65.4994842,2,14.779500007629395,0.02957100048661232,60124.44761569984
417,2460124.9103472,7.6477667,65.4994641,1,16.025100708007812,0.02725899964570999,60124.4103472
418,2460097.9506944,7.647856,65.4994718,1,16.55500030517578,0.040490999817848206,60097.450694399886
419,2459972.7156019,7.6478715,65.499461,2,15.857840538024902,0.02359478734433651,59972.21560190013
420,2459972.6763773,7.6479077,65.4994775,1,17.121999740600586,0.04640800133347511,59972.17637730017
421,2459970.7005093,7.6478163,65.4994856,2,16.7898006439209,0.059856001287698746,59970.20050929999
422,2459970.6643519,7.6481365,65.4994472,1,18.103900909423828,0.13128900527954102,59970.16435190011
423,2459966.7480208,7.6477354,65.4994536,1,17.171300888061523,0.06505800038576126,59966.24802079983
424,2459958.7701736,7.6477021,65.4995173,1,18.6156005859375,0.1634339988231659,59958.27017359994
425,2459956.7692824,7.6477424,65.4994599,1,17.110599517822266,0.06468500196933746,59956.26928240014
426,2459951.7651505,7.647947,65.4994145,2,17.263599395751953,0.07374200224876404,59951.265150499996
427,2459951.6396065,7.647722,65.4993573,1,18.955400466918945,0.1607999950647354,59951.139606500044
428,2459936.7604514,7.647793,65.4994782,1,17.5398006439209,0.04629699885845184,59936.26045140019
429,2459936.7350926,7.6478124,65.4994664,2,16.284900665283203,0.027643000707030296,59936.235092599876
430,2459934.7419097,7.6478359,65.4994891,2,15.488900184631348,0.032145000994205475,59934.24190969998
431,2459932.7360069,7.6478176,65.4994796,2,15.554900169372559,0.029170000925660133,59932.2360069002
432,2459932.6315856,7.6477816,65.4994495,1,16.833200454711914,0.044484999030828476,59932.131585599855
433,2459928.7047801,7.6477452,65.4995067,1,17.77039909362793,0.09287799894809723,59928.20478009991
434,2459928.682662,7.647841,65.4994864,2,16.446500778198242,0.036205001175403595,59928.18266199995
435,2459922.6803125,7.6477787,65.4994759,2,15.72439956665039,0.0353350006043911,59922.18031249987
436,2459913.7553819,7.6478739,65.4994766,2,15.416399955749512,0.02654300071299076,59913.255381899886
437,2459910.7186227,7.6478194,65.4994739,1,17.35540008544922,0.0513480007648468,59910.218622699846
438,2459910.6818403,7.6478229,65.4994857,2,15.99940013885498,0.03250600025057793,59910.181840300094
439,2459907.6790625,7.6478215,65.4994723,2,15.443400382995605,0.02677999995648861,59907.17906250013
440,2459907.6377894,7.6477981,65.4994684,1,16.749300003051758,0.047593001276254654,59907.13778939983
441,2459905.7556713,7.6477759,65.4995689,2,17.411699295043945,0.10290899872779846,59905.255671299994
442,2459905.697581,7.6477995,65.4994629,1,18.40679931640625,0.17469200491905212,59905.19758100016
443,2459903.7897454,7.6478177,65.4995004,2,16.527700424194336,0.03786899894475937,59903.289745400194
444,2459903.7217245,7.6478376,65.4994793,1,17.766399383544922,0.07055799663066864,59903.22172449995
445,2459901.7240394,7.6477892,65.4994813,1,17.79669952392578,0.07216399908065796,59901.2240394
446,2459901.6763889,7.6477721,65.4994639,2,16.443099975585938,0.048941999673843384,59901.176388899796
447,2459899.652662,7.6478998,65.499484,1,18.882400512695312,0.13591599464416504,59899.15266200015
448,2459897.7231597,7.6478228,65.4994741,2,15.9375,0.03068000078201294,59897.22315970017
449,2459897.6574653,7.6478171,65.499482,1,17.214099884033203,0.04768199846148491,59897.15746530006
450,2459894.8915509,7.6478256,65.4994704,1,16.53569984436035,0.05540899932384491,59894.39155089995
451,2459894.8063079,7.6477979,65.4994809,2,15.23270034790039,0.021376999095082283,59894.30630790023
452,2459888.8243519,7.6478304,65.4994795,2,15.975799560546875,0.036695998162031174,59888.32435189979
453,2459888.7351852,7.6478464,65.4994981,1,17.31879997253418,0.06324099749326706,59888.23518519988
454,2459885.7615046,7.64784,65.4994895,1,17.128999710083008,0.06608299911022186,59885.261504599825
455,2459882.7451042,7.6478099,65.4994853,2,15.67300033569336,0.04094899818301201,59882.24510420021
456,2459882.7197454,7.6478352,65.4994717,1,16.987199783325195,0.04267499968409538,59882.219745399896
457,2459880.7420486,7.6477884,65.4994732,1,16.706600189208984,0.04048899933695793,59880.24204860022
458,2459880.6751389,7.6478285,65.4994706,2,15.338199615478516,0.02443300001323223,59880.17513890006
459,2459877.9111806,7.6478297,65.4994636,1,16.62220001220703,0.03472200036048889,59877.41118060006
460,2459877.8459028,7.6478019,65.4994659,2,15.339500427246094,0.0333469994366169,59877.345902800094
461,2459873.7215972,7.6478195,65.4994816,1,16.23259925842285,0.031282998621463776,59873.221597199794
462,2459873.6763657,7.6478189,65.4994729,2,14.923199653625488,0.031752001494169235,59873.176365700085
463,2459871.7384838,7.6478045,65.4994779,1,15.939399719238281,0.027143999934196472,59871.23848380009
464,2459871.6749537,7.647816,65.4994778,2,14.752900123596191,0.02928300015628338,59871.17495370004
465,2459869.8334144,7.6478462,65.4994751,2,15.029000282287598,0.03245000168681145,59869.3334144
466,2459869.6409954,7.6478233,65.4994775,1,16.286100387573242,0.03790299966931343,59869.14099540003
467,2459866.8658796,7.647832,65.4994726,2,14.9306001663208,0.02902499958872795,59866.365879599936
468,2459866.771169,7.6478133,65.4994735,1,16.14080047607422,0.03373600170016289,59866.27116899984
469,2459864.8958218,7.6478181,65.4994752,1,16.321699142456055,0.04136800020933151,59864.39582179999
470,2459862.7191551,7.6478148,65.4994854,1,16.144100189208984,0.031808000057935715,59862.219155100174
471,2459856.7998611,7.6477914,65.4994708,2,15.166099548339844,0.029833000153303146,59856.29986110004
472,2459856.7611458,7.6477977,65.4994782,1,16.404399871826172,0.03762499988079071,59856.26114579989
473,2459854.868912,7.6478364,65.4994653,1,16.818899154663086,0.03763100132346153,59854.36891200021
474,2459854.8037037,7.647816,65.4994591,2,15.567999839782715,0.02652299962937832,59854.30370370019
475,2459849.8209028,7.6479069,65.4994255,2,16.446399688720703,0.03244100138545036,59849.32090280019
476,2459849.7774769,7.6478636,65.4994656,1,17.83650016784668,0.06058099865913391,59849.27747689979
477,2459847.9015741,7.6477873,65.4994472,2,16.058000564575195,0.041283998638391495,59847.4015740999
478,2459847.8174884,7.6478269,65.4994687,1,17.403400421142578,0.0516900010406971,59847.3174883998
479,2459844.8787037,7.6478083,65.4994462,2,16.274900436401367,0.03789399936795235,59844.37870369991
480,2459844.7637847,7.6478529,65.4994859,1,17.97279930114746,0.06476400047540665,59844.26378470007
481,2459842.8892014,7.6478405,65.4994489,2,16.061800003051758,0.034511998295784,59842.38920139987
482,2459842.8043171,7.647817,65.4994737,1,17.290800094604492,0.05061500146985054,59842.30431709997
483,2459840.9336574,7.6478161,65.499485,1,17.55820083618164,0.05335099995136261,59840.433657399844
484,2459829.9442593,7.6478364,65.4994641,2,16.147300720214844,0.026468999683856964,59829.4442592999
485,2459829.9143171,7.6478235,65.4994842,1,17.44969940185547,0.052689000964164734,59829.41431709984
486,2459826.8655324,7.6478448,65.4994908,1,17.492300033569336,0.04631799831986427,59826.36553240009
487,2459826.8007176,7.647789,65.499462,2,16.258800506591797,0.0342090018093586,59826.300717600156
489,2459824.8457292,7.6478395,65.4994822,1,17.080900192260742,0.044569000601768494,59824.34572920017
490,2459822.8808449,7.6478291,65.4994645,1,17.03380012512207,0.04627599939703941,59822.38084489992
491,2459822.8002778,7.6478227,65.4994629,2,15.64050006866455,0.027257999405264854,59822.30027779983
492,2459819.9020602,7.6478384,65.4994778,1,17.435800552368164,0.0482419990003109,59819.402060199995
493,2459817.9025463,7.6478978,65.4995022,1,18.158700942993164,0.07843799889087677,59817.40254630009
497,2459813.8830324,7.6478229,65.4995096,2,17.103300094604492,0.0408019982278347,59813.38303240016
498,2459813.8427083,7.6478908,65.4994427,1,18.665300369262695,0.07803100347518921,59813.34270829987
499,2459810.9264699,7.6478462,65.4994908,2,16.79159927368164,0.06264200061559677,59810.42646990018
500,2459808.885544,7.6478258,65.4994764,2,16.693700790405273,0.04565199837088585,59808.38554400019
502,2459806.9524074,7.6478283,65.4994733,1,17.89310073852539,0.07041800022125244,59806.452407400124
503,2459806.8668171,7.6478204,65.4994701,2,16.463199615478516,0.047793999314308167,59806.36681709997
504,2459803.8870486,7.6477962,65.4994964,2,16.460500717163086,0.0442270003259182,59803.387048599776
505,2459801.9459722,7.6478056,65.4994666,2,17.219900131225586,0.052184998989105225,59801.44597220002
506,2459798.9085764,7.6478209,65.4994729,1,17.295900344848633,0.04195399954915047,59798.40857640002
507,2459798.8665046,7.647803,65.499451,2,15.938400268554688,0.023800000548362732,59798.366504599806
508,2459795.9141667,7.6478214,65.4994862,1,17.026599884033203,0.04602300003170967,59795.414166700095
510,2459793.9540741,7.6477942,65.499483,1,17.602399826049805,0.06450500339269638,59793.454074100126
512,2459789.968831,7.6478509,65.4995081,2,15.571800231933594,0.04325399920344353,59789.46883099992
513,2459789.8826042,7.6478392,65.4994604,1,16.920400619506836,0.04867599904537201,59789.38260419993
514,2459787.905706,7.64778,65.4994664,2,15.468000411987305,0.034040000289678574,59787.40570600005
515,2459787.8674769,7.6478216,65.4994793,1,16.78619956970215,0.04650399833917618,59787.36747690011
516,2459785.9362963,7.6478936,65.4994452,1,19.2721004486084,0.13568900525569916,59785.43629630003
518,2459783.9044792,7.6478118,65.4994699,2,15.787699699401855,0.029976999387145042,59783.40447920002
520,2459780.9548843,7.6478376,65.4994806,1,16.828800201416016,0.0462069995701313,59780.45488430001
521,2459780.9016551,7.6477871,65.4994763,1,16.88789939880371,0.040929000824689865,59780.40165509982
522,2459778.9495949,7.6478277,65.4994817,2,15.247099876403809,0.03000899963080883,59778.44959490001
523,2459778.9361227,7.6478348,65.4994882,2,15.2524995803833,0.03616299852728844,59778.436122700106
524,2459775.9500231,7.647854,65.4994966,2,15.737099647521973,0.0344339981675148,59775.45002309978
526,2459773.9456134,7.6478021,65.4994888,2,16.693199157714844,0.023175999522209167,59773.44561340008
527,2459773.9250463,7.6478569,65.4994731,2,16.708799362182617,0.04683699831366539,59773.42504630005
528,2459771.9483102,7.6478519,65.4994682,1,17.786100387573242,0.05040699988603592,59771.448310200125
530,2459769.9532176,7.64804,65.499489,1,19.105100631713867,0.10633599758148193,59769.45321760001
531,2459769.9073032,7.6478574,65.499522,1,19.076900482177734,0.12620900571346283,59769.4073032001
532,2459766.9296181,7.6478294,65.4994578,1,18.066699981689453,0.05786700174212456,59766.42961810017
533,2459766.8891782,7.6478033,65.4994727,2,16.79199981689453,0.047242000699043274,59766.38917820016
534,2459764.9291782,7.6478614,65.4994669,1,17.712400436401367,0.053745001554489136,59764.4291782002
535,2459764.8857176,7.6478972,65.4994663,2,16.37150001525879,0.037849001586437225,59764.38571760012
536,2459761.9365046,7.6478608,65.4994786,1,17.390899658203125,0.0639130026102066,59761.436504600104
537,2459629.6449306,7.6477609,65.4994581,2,15.188039779663086,0.01979300007224083,59629.14493060019
538,2459627.6570718,7.6477737,65.4995068,2,15.71150016784668,0.028231000527739525,59627.15707179997
539,2459624.6854514,7.6478208,65.4994848,2,16.302400588989258,0.038130998611450195,59624.1854514
540,2459624.6433102,7.6478218,65.4994684,1,17.589500427246094,0.057319000363349915,59624.14331019996
541,2459622.6790046,7.6479684,65.499478,2,17.15959930419922,0.05127599835395813,59622.179004599806
542,2459622.6607986,7.6477739,65.4994157,1,18.281099319458008,0.10318099707365036,59622.16079859994
543,2459537.8261574,7.6478183,65.4994901,2,16.125539779663086,0.03564399853348732,59537.32615739992
544,2459537.7652546,7.6477369,65.4995016,1,17.392900466918945,0.08305300027132034,59537.26525459997
545,2459531.8402662,7.6477192,65.4994636,1,18.173999786376953,0.07343699783086777,59531.34026619978
546,2459531.7856481,7.6477841,65.4994355,2,16.9867000579834,0.04160099849104881,59531.28564810008
547,2459529.8398843,7.6478279,65.4994708,2,16.03230094909668,0.03268200159072876,59529.339884299785
548,2459529.7550926,7.6478009,65.4994764,1,17.345300674438477,0.05756999924778938,59529.255092599895
549,2459526.823044,7.6478302,65.4994654,1,17.45509910583496,0.050259001553058624,59526.32304400019
551,2459524.8239005,7.6478269,65.499471,1,17.663799285888672,0.045510001480579376,59524.32390049985
552,2459524.7380093,7.6478181,65.4994595,2,16.409299850463867,0.03683900088071823,59524.23800930008
553,2459522.8031366,7.6478022,65.4994569,2,17.423500061035156,0.04247799888253212,59522.30313660018
554,2459522.7560532,7.6478592,65.4994815,1,18.46299934387207,0.07818199694156647,59522.25605319999
555,2459520.8070718,7.6478106,65.4994855,1,17.217199325561523,0.04003800079226494,59520.30707179988
556,2459520.7457986,7.6478267,65.4994848,2,15.83899974822998,0.031911998987197876,59520.245798599906
557,2459517.7868056,7.6478646,65.4994972,2,16.131000518798828,0.0419670008122921,59517.28680559993
558,2459517.7284954,7.6478319,65.4994779,1,17.531299591064453,0.05039500072598457,59517.22849539993
559,2459510.7553241,7.6478562,65.4994899,1,17.767000198364258,0.05671599879860878,59510.255324100144
560,2459504.9108565,7.6478091,65.4994804,1,17.186800003051758,0.053683001548051834,59504.4108564998
561,2459504.8489468,7.6477933,65.4994883,2,15.875100135803223,0.01876099966466427,59504.34894679999
562,2459502.9259606,7.6477919,65.4994753,1,18.287900924682617,0.09110599756240845,59502.42596059991
563,2459502.8621296,7.647788,65.4994717,2,17.276199340820312,0.04366900026798248,59502.36212959979
564,2459498.8480903,7.6478291,65.4994671,1,17.593399047851562,0.0555419996380806,59498.34809029987
565,2459498.8264931,7.647878,65.499496,2,16.294200897216797,0.03478199988603592,59498.3264930998
566,2459490.8544676,7.6479316,65.4994666,1,18.36549949645996,0.0906130000948906,59490.35446760012
567,2459490.7615856,7.6478297,65.4994622,2,17.195199966430664,0.12272699922323227,59490.26158560021
568,2459488.803831,7.647811,65.499481,2,16.738399505615234,0.03800800070166588,59488.30383099988
569,2459488.7806597,7.6479263,65.499476,1,17.917600631713867,0.07832399755716324,59488.28065969981
570,2459485.9091782,7.6478455,65.4994827,2,16.95330047607422,0.08612100034952164,59485.40917820018
571,2459485.801956,7.6477796,65.4994892,1,17.98710060119629,0.23732399940490723,59485.30195599981
572,2459480.8615972,7.6478864,65.4994984,1,18.52589988708496,0.10681699961423874,59480.361597199924
573,2459480.7877199,7.6478507,65.499392,2,18.351200103759766,0.10631199926137924,59480.28771989979
575,2459478.7856134,7.647765,65.4994113,2,18.357799530029297,0.107744000852108,59478.28561339993
576,2459476.9698727,7.6477865,65.4994871,1,17.941699981689453,0.05916599929332733,59476.46987270005
577,2459476.9282176,7.647805,65.4994595,2,16.90690040588379,0.04666199907660484,59476.4282176001
578,2459474.874294,7.6477826,65.499483,1,17.1742000579834,0.055195000022649765,59474.37429400021
579,2459474.7851042,7.6478086,65.4994876,2,15.919300079345703,0.041081998497247696,59474.28510419978
580,2459471.9311343,7.6478135,65.4994748,2,15.343899726867676,0.02896600030362606,59471.43113429984
581,2459471.8711574,7.6478048,65.4994883,1,16.584999084472656,0.06066500023007393,59471.371157399844
582,2459469.8630671,7.6478013,65.4994791,2,15.364899635314941,0.028706999495625496,59469.363067099825
583,2459467.8628704,7.6478109,65.4994708,2,15.570599555969238,0.032189998775720596,59467.36287039984
584,2459465.9113194,7.6478394,65.4994795,1,17.218700408935547,0.05606599897146225,59465.411319400184
585,2459465.8688079,7.6478192,65.499479,2,15.970999717712402,0.034584999084472656,59465.36880790023
586,2459463.8610995,7.6478728,65.4995022,1,18.3705997467041,0.07584899663925171,59463.36109950021
587,2459463.8221644,7.6478605,65.4994798,2,17.28260040283203,0.05746300145983696,59463.322164400015
589,2459461.766088,7.64796,65.4995117,1,19.08690071105957,0.13598200678825378,59461.26608800003
590,2459459.8846065,7.6478968,65.4994799,2,18.253000259399414,0.06646899878978729,59459.384606500156
591,2459459.8846065,7.6479284,65.4994059,2,18.209400177001953,0.11695100367069244,59459.384606500156
592,2459459.8295602,7.6479478,65.4994793,1,19.065399169921875,0.11417999863624573,59459.32956020022
593,2459455.8257407,7.6478063,65.4994877,1,17.947599411010742,0.057686999440193176,59455.32574070012
594,2459453.8660995,7.6479285,65.4995056,1,18.91550064086914,0.1441590040922165,59453.3660995001
595,2459453.8432407,7.6479553,65.4994651,2,18.066299438476562,0.09456600248813629,59453.3432407002
600,2459444.7621528,7.6476028,65.4995233,2,17.66080093383789,0.07473400235176086,59444.26215279987
601,2459442.8417824,7.6478455,65.4994823,2,17.06410026550293,0.058814000338315964,59442.34178239992
602,2459442.822037,7.6478994,65.4994663,1,18.10409927368164,0.08349400013685226,59442.32203700021
603,2459439.9302083,7.6478326,65.4994933,1,17.362300872802734,0.059774000197649,59439.430208299775
604,2459439.8863889,7.6478142,65.4994766,2,16.13249969482422,0.03921100124716759,59439.386388900224
605,2459435.9757292,7.6478536,65.4994769,2,16.907400131225586,0.06239699944853783,59435.47572920006
606,2459435.9262037,7.6478241,65.4994916,1,18.07670021057129,0.07034800201654434,59435.42620369978
607,2459430.9144329,7.6478345,65.4994775,1,16.745500564575195,0.030539000406861305,59430.41443290003
608,2459430.8641319,7.6477999,65.4994635,2,15.446999549865723,0.028289999812841415,59430.364131900016
609,2459428.9315278,7.6477985,65.4994696,1,16.25979995727539,0.029332999140024185,59428.43152779993
610,2459428.9008681,7.6478269,65.4994738,2,15.004400253295898,0.02419300004839897,59428.400868100114
611,2459426.9143287,7.6478548,65.4994857,2,16.237199783325195,0.03633999824523926,59426.41432869993
612,2459426.8819792,7.6478056,65.4994857,1,17.507600784301758,0.06492199748754501,59426.38197920006
613,2459424.9338426,7.6478004,65.4994772,1,17.020099639892578,0.04510800167918205,59424.43384259986
614,2459424.8873264,7.6478334,65.4994696,2,15.707200050354004,0.03947699815034866,59424.387326399796
616,2459419.9253356,7.6478351,65.4994812,1,18.57069969177246,0.24082599580287933,59419.42533560004
618,2459417.9306019,7.6477913,65.4995201,1,18.939300537109375,0.15640099346637726,59417.43060189998
619,2459414.9541319,7.6477962,65.4994667,2,16.77400016784668,0.049237001687288284,59414.45413189987
620,2459414.9315278,7.6478667,65.4994798,1,17.99679946899414,0.07651399821043015,59414.43152779993
623,2459409.9514699,7.6477995,65.4994659,2,16.48539924621582,0.04001599922776222,59409.45146990009
624,2459409.9302894,7.647764,65.4994351,1,17.711200714111328,0.07715599983930588,59409.43028939981
625,2459407.9303009,7.6478976,65.4995638,2,18.194700241088867,0.08464699983596802,59407.43030089978
626,2459405.9483102,7.6477896,65.4995011,1,18.313600540161133,0.09427899867296219,59405.448310200125
627,2459405.9261458,7.6478595,65.4994537,2,17.02239990234375,0.04572900012135506,59405.426145799924
628,2459403.9282639,7.6478336,65.4994473,2,16.970800399780273,0.05059700086712837,59403.42826389987
629,2459403.9086227,7.6478026,65.4995018,1,18.01490020751953,0.08549299836158752,59403.40862269979
630,2459401.9435648,7.6478724,65.4994837,2,15.91189956665039,0.029323000460863113,59401.44356480008
631,2459401.9084491,7.647855,65.4994756,1,17.250099182128906,0.049623001366853714,59401.408449099865
632,2459399.9084722,7.647822,65.4994982,1,17.811899185180664,0.07623899728059769,59399.408472199924
633,2459399.893287,7.6478706,65.4994809,2,16.85059928894043,0.03713199868798256,59399.39328699978
634,2459395.9309491,7.6478207,65.4994728,1,17.95479965209961,0.07783500105142593,59395.43094909983
635,2459393.9471181,7.6478309,65.499485,2,17.05190086364746,0.050363000482320786,59393.44711809978
636,2459393.8736574,7.6479377,65.499498,1,18.085599899291992,0.09833600372076035,59393.37365739979
637,2459391.9479051,7.6478869,65.4994436,1,18.772300720214844,0.13203400373458862,59391.44790509995
638,2459391.9086227,7.6482802,65.499583,2,18.62019920349121,0.1568879932165146,59391.40862269979
639,2459386.9482407,7.6478663,65.4994544,1,18.23270034790039,0.067051000893116,59386.44824070018
640,2459384.8907292,7.647748,65.4995055,1,18.642900466918945,0.1536329984664917,59384.390729200095
642,2459264.6584954,7.6479066,65.4994604,2,16.694360733032227,0.03456300124526024,59264.1584954001
643,2459264.6386806,7.6478755,65.4994946,1,18.263290405273438,0.1123809963464737,59264.138680600096
644,2459262.6524074,7.6477767,65.4994929,1,17.933500289916992,0.07200399786233902,59262.152407399844
645,2459262.6360301,7.6477544,65.4994824,2,16.399999618530273,0.043432001024484634,59262.13603009982
646,2459257.6564583,7.6477651,65.4994855,1,16.686399459838867,0.039987001568078995,59257.15645830007
647,2459257.6396644,7.6478233,65.499476,2,15.339200019836426,0.025551000609993935,59257.1396643999
648,2459255.6636806,7.6478325,65.4994615,1,16.71769905090332,0.04378100112080574,59255.1636806
649,2459255.6420023,7.6478315,65.499469,2,15.339099884033203,0.029742000624537468,59255.142002299894
650,2459253.6825,7.6478016,65.4994688,1,17.08139991760254,0.051309000700712204,59253.18250000011
651,2459253.6539931,7.6478,65.4994712,2,15.672900199890137,0.02399200014770031,59253.15399309993
652,2459251.6989583,7.6478428,65.4994628,2,15.619500160217285,0.02507600001990795,59251.198958300054
653,2459249.6811227,7.6478257,65.4994787,2,16.24839973449707,0.05131300166249275,59249.18112270022
655,2459232.702338,7.6477818,65.49948,1,17.010000228881836,0.048516999930143356,59232.20233799983
656,2459232.6404167,7.647819,65.4994602,2,15.708700180053711,0.03551900014281273,59232.14041669993
657,2459230.6566319,7.6478228,65.4994863,1,16.356300354003906,0.040483999997377396,59230.1566319
658,2459230.6172685,7.6478205,65.4994795,2,15.034899711608887,0.027431000024080276,59230.11726849992
659,2459228.6797801,7.647801,65.4994769,1,16.32309913635254,0.033865999430418015,59228.17978010001
660,2459228.6231019,7.6478101,65.4994853,2,15.06980037689209,0.03275100141763687,59228.123101899866
661,2459226.679838,7.6477325,65.499449,1,17.103200912475586,0.06825000047683716,59226.179837999865
662,2459226.6168056,7.6477766,65.4994668,2,15.660099983215332,0.026551999151706696,59226.1168056
663,2459224.7202199,7.6478552,65.4994889,2,15.913800239562988,0.024543000385165215,59224.2202198999
664,2459224.6807523,7.647824,65.4995043,1,17.31329917907715,0.0630199983716011,59224.18075230019
665,2459222.7169676,7.6478706,65.4994603,2,14.821100234985352,0.02582399919629097,59222.21696759993
666,2459222.6446412,7.6477915,65.4994902,1,16.03070068359375,0.06558900326490402,59222.14464120008
667,2459220.7231597,7.647809,65.4994722,2,15.000499725341797,0.02584500052034855,59220.22315970017
668,2459220.6659722,7.6478153,65.4994662,1,16.299800872802734,0.04200499877333641,59220.16597220022
669,2459218.7041204,7.6478225,65.4994835,1,16.68079948425293,0.04083399847149849,59218.204120399896
670,2459216.7403356,7.6478215,65.4994885,2,15.373800277709961,0.027990000322461128,59216.240335599985
671,2459216.6418866,7.6478049,65.4994798,1,16.781400680541992,0.04507799819111824,59216.14188659983
672,2459210.7879514,7.6478064,65.4994822,2,16.29129981994629,0.028738999739289284,59210.28795140004
673,2459210.6829514,7.6478206,65.4994844,1,17.719499588012695,0.0650859996676445,59210.18295140006
674,2459206.7391667,7.647824,65.4994786,2,16.00830078125,0.052682001143693924,59206.239166699816
675,2459206.6743287,7.6477783,65.499468,1,17.263700485229492,0.08568199723958969,59206.174328700174
676,2459204.7415741,7.6477873,65.4994733,1,16.8572998046875,0.04067600145936012,59204.24157410022
677,2459204.6936806,7.6478414,65.4994447,2,15.543899536132812,0.02379399910569191,59204.1936805998
678,2459202.7827662,7.6478555,65.4994732,2,15.778800010681152,0.02848600037395954,59202.28276620014
679,2459202.7041551,7.6477978,65.4994741,1,17.176000595092773,0.0419979989528656,59202.204155100044
680,2459199.7335301,7.6478335,65.4994757,2,15.874500274658203,0.027752000838518143,59199.23353009997
681,2459199.6996759,7.6478253,65.4994769,1,17.30069923400879,0.05927399918437004,59199.19967589993
682,2459197.7178125,7.647806,65.499483,2,15.846199989318848,0.03989399969577789,59197.21781249996
683,2459195.7084491,7.6478177,65.4994754,2,15.119999885559082,0.027664000168442726,59195.208449100144
684,2459195.6753125,7.647815,65.4994822,1,16.470199584960938,0.042858999222517014,59195.17531249998
685,2459193.7243634,7.6477471,65.4994759,2,16.33300018310547,0.03581799939274788,59193.224363400135
686,2459193.6739352,7.6478558,65.4994912,1,17.897899627685547,0.10302600264549255,59193.17393520009
687,2459190.6635417,7.6478248,65.4994834,2,15.424500465393066,0.027434000745415688,59190.163541700225
688,2459188.7460764,7.6478356,65.4994788,2,15.139200210571289,0.027000000700354576,59188.246076399926
689,2459188.6988657,7.6478019,65.4994742,1,16.40559959411621,0.03498400002717972,59188.19886570005
690,2459186.746169,7.6478357,65.4994607,2,14.929300308227539,0.01999399997293949,59186.24616899993
691,2459186.6957407,7.6477828,65.4994782,1,16.226999282836914,0.03202199935913086,59186.19574069977
692,2459184.7840972,7.6478232,65.4994786,2,15.168800354003906,0.023391999304294586,59184.284097199794
693,2459184.6848032,7.6478033,65.4994718,1,16.424100875854492,0.037533000111579895,59184.184803199954
694,2459182.7193287,7.647816,65.4994735,1,16.680099487304688,0.031341999769210815,59182.2193287001
695,2459182.6155671,7.6478383,65.4994712,2,15.354399681091309,0.03300900012254715,59182.11556709977
696,2459180.740625,7.6477154,65.4994749,2,15.0600004196167,0.035464998334646225,59180.24062500009
697,2459180.6846181,7.6478698,65.4994434,1,16.355499267578125,0.04300700128078461,59180.18461810006
699,2459178.682662,7.6478219,65.4994864,1,16.302200317382812,0.029339000582695007,59178.18266199995
700,2459176.722581,7.6477918,65.4994847,1,15.924699783325195,0.049796998500823975,59176.22258100007
701,2459174.6146644,7.6478071,65.4994689,2,15.384599685668945,0.030722999945282936,59174.1146644
702,2459172.6602662,7.6478331,65.499475,2,14.909000396728516,0.02931400015950203,59172.16026620008
703,2459170.7046296,7.6478395,65.4994653,1,17.112199783325195,0.05471700057387352,59170.20462960005
704,2459170.6397454,7.6478308,65.4994832,2,15.780099868774414,0.03342000022530556,59170.13974539982
705,2459168.7063079,7.6478056,65.4994839,1,16.257200241088867,0.03754400089383125,59168.20630790014
706,2459168.6354398,7.6478347,65.4994731,2,15.047200202941895,0.024879999458789825,59168.1354398001
707,2459166.8329051,7.6477942,65.4994772,2,14.666199684143066,0.01998399943113327,59166.33290510019
708,2459164.8485185,7.6478064,65.4994888,1,15.802000045776367,0.03605100139975548,59164.348518500105
709,2459164.7979514,7.6478144,65.4994744,2,14.575300216674805,0.02334200032055378,59164.297951399814
710,2459157.8448611,7.6478327,65.4994514,2,14.683300018310547,0.024475999176502228,59157.34486109996
711,2459157.7972917,7.6478039,65.4994827,1,15.985899925231934,0.03395099937915802,59157.2972916998
712,2459155.7613773,7.6478187,65.499478,2,14.855400085449219,0.021018000319600105,59155.261377300136
713,2459155.6548843,7.6478492,65.4994863,1,16.128799438476562,0.03258400037884712,59155.154884300195
714,2459153.8181481,7.6478573,65.4994619,2,14.93220043182373,0.026931000873446465,59153.31814809982
715,2459153.7412037,7.6478045,65.4994897,1,16.192800521850586,0.03303299844264984,59153.24120370019
716,2459151.7273264,7.6478523,65.4994749,2,15.309300422668457,0.028348000720143318,59151.22732640011
717,2459151.7029167,7.6478326,65.4994663,1,16.594200134277344,0.044419001787900925,59151.20291669993
718,2459149.953831,7.6477786,65.4994675,1,16.46470069885254,0.047370001673698425,59149.45383099979
719,2459149.7029745,7.6478689,65.4994655,2,15.13860034942627,0.029475999996066093,59149.202974500135
720,2459146.8056944,7.6478238,65.4994697,2,14.86769962310791,0.10349500179290771,59146.30569439987
721,2459144.8282407,7.6478301,65.4994731,1,16.500999450683594,0.036632001399993896,59144.328240700066
722,2459144.748206,7.6478254,65.4994778,2,15.101300239562988,0.02960200048983097,59144.248205999844
725,2459140.7368056,7.6477954,65.4994766,2,15.154999732971191,0.029916999861598015,59140.236805600114
726,2459140.7004977,7.6478112,65.4994664,1,16.41990089416504,0.036430999636650085,59140.2004976999
727,2459138.812419,7.6478457,65.4994657,2,15.214799880981445,0.026079999282956123,59138.31241900008
728,2459138.7417593,7.6478292,65.499479,1,16.488800048828125,0.03535600006580353,59138.24175930023
729,2459136.8935648,7.6478114,65.4994849,1,16.559900283813477,0.04322800040245056,59136.3935647998
730,2459136.803669,7.6478021,65.4994838,2,15.326499938964844,0.029218999668955803,59136.303669000044
731,2459134.8041551,7.6478423,65.4994832,2,15.509599685668945,0.023850999772548676,59134.30415510014
732,2459134.7578935,7.6478486,65.4994783,1,16.782400131225586,0.04328300058841705,59134.25789349992
733,2459131.9288542,7.647881,65.4994453,2,16.482200622558594,0.041012998670339584,59131.42885420006
734,2459131.8265046,7.6478208,65.4994755,1,17.972999572753906,0.0687670037150383,59131.32650459977
735,2459129.8621991,7.6477802,65.4994987,1,17.56559944152832,0.05809500068426132,59129.3621991002
736,2459129.7394676,7.6478316,65.4994742,2,16.240299224853516,0.0395050011575222,59129.239467599895
737,2459127.7990162,7.6478242,65.4994925,2,15.934800148010254,0.0452909991145134,59127.299016200006
738,2459127.7172222,7.6478654,65.4994477,1,17.387300491333008,0.07972099632024765,59127.217222199775
739,2459126.7480324,7.6478377,65.4994977,1,18.2539005279541,0.0803930014371872,59126.24803239992
740,2459125.9141088,7.6478119,65.499521,1,18.697200775146484,0.10945100337266922,59125.41410879977
741,2459125.8014931,7.6479809,65.4995705,2,17.580299377441406,0.05203099921345711,59125.30149309989
742,2459123.8892245,7.647906,65.4994923,1,18.546600341796875,0.102462999522686,59123.38922449993
743,2459123.8116319,7.6478543,65.4994605,2,17.25349998474121,0.05622199922800064,59123.31163189979
746,2459120.7409028,7.6479182,65.4995596,1,19.37019920349121,0.1807679980993271,59120.24090280011
747,2459119.7454977,7.6478501,65.49948,1,18.86009979248047,0.12153200060129166,59119.24549769983
748,2459118.8657176,7.64784,65.4994804,1,18.482900619506836,0.06667099893093109,59118.3657176001
749,2459118.8146412,7.6479074,65.4995055,2,17.718299865722656,0.06991100311279297,59118.314641200006
750,2459117.7908912,7.6478866,65.4994983,1,19.68779945373535,0.2023019939661026,59117.29089119984
752,2459115.8209144,7.6480108,65.4994853,2,18.58009910583496,0.11103899776935577,59115.32091439981
753,2459115.7617245,7.6479455,65.4995519,1,19.264299392700195,0.1351570039987564,59115.261724499986
754,2459114.8320949,7.6478897,65.4994799,1,18.87019920349121,0.1077750027179718,59114.332094899844
756,2459112.8210995,7.6478574,65.4994778,1,17.414400100708008,0.05024300143122673,59112.32109950017
757,2459109.9248727,7.6478652,65.4994703,2,16.74169921875,0.04101499915122986,59109.424872700125
758,2459109.842338,7.6478605,65.4994966,1,17.83970069885254,0.08407700061798096,59109.34233799996
759,2459106.8613773,7.6478124,65.4994804,2,16.61639976501465,0.05902799963951111,59106.36137730023
760,2459106.8196759,7.6478674,65.4994841,1,17.742700576782227,0.05858499929308891,59106.31967590004
761,2459102.9274306,7.6478192,65.4995046,2,16.821300506591797,0.05963600054383278,59102.42743059993
762,2459097.9074769,7.647789,65.4994778,1,16.79800033569336,0.03972100093960762,59097.407476900145
763,2459097.8369213,7.6478426,65.499496,1,16.74410057067871,0.040383998304605484,59097.33692129981
764,2459097.799375,7.6478504,65.4994788,2,15.414400100708008,0.02741600014269352,59097.299374999944
765,2459096.9814005,7.6478341,65.4994874,1,16.864099502563477,0.04072500020265579,59096.48140050005
766,2459095.877419,7.6478065,65.4994801,2,15.756400108337402,0.03573499992489815,59095.377419000026
767,2459095.8003588,7.6478326,65.4994738,1,17.066999435424805,0.04305199906229973,59095.30035880022
768,2459095.7998843,7.6478038,65.4994759,1,17.094100952148438,0.04013099893927574,59095.29988430021
769,2459094.9888079,7.6477638,65.4994945,1,17.1835994720459,0.04931600019335747,59094.48880789988
770,2459093.9279051,7.6478629,65.4994911,1,17.236499786376953,0.04594099894165993,59093.42790509993
771,2459093.8634838,7.6478,65.4994831,2,15.901200294494629,0.03417399898171425,59093.36348380009
772,2459092.8463194,7.647811,65.4994913,1,17.090499877929688,0.04188999906182289,59092.346319399774
773,2459091.784294,7.6478437,65.4994875,1,17.360200881958008,0.05496000126004219,59091.284293999895
774,2459090.8226273,7.6478548,65.4994843,1,17.78459930419922,0.052411999553442,59090.32262729993
775,2459089.9209259,7.6478272,65.4994688,2,16.8031005859375,0.04610100015997887,59089.420925899874
776,2459089.8812616,7.6478256,65.4994742,1,18.055099487304688,0.05283600091934204,59089.38126160018
777,2459089.8072801,7.64779,65.4994903,1,18.13680076599121,0.0793209969997406,59089.30728009995
779,2459088.8316319,7.6478822,65.4994773,1,18.527099609375,0.09331099689006805,59088.33163189981
780,2459087.8622338,7.6478129,65.499469,2,16.801599502563477,0.04752400144934654,59087.36223379988
781,2459087.8438079,7.6478649,65.499484,1,18.024700164794922,0.07658900320529938,59087.34380789986
782,2459086.973912,7.6477766,65.4994912,1,17.52429962158203,0.05008599907159805,59086.47391200019
783,2459086.9044676,7.6478071,65.4994775,2,16.188199996948242,0.043954998254776,59086.40446759993
784,2459085.8843403,7.6478533,65.4994775,1,18.013900756835938,0.05996000021696091,59085.384340300225
785,2459085.8268056,7.6478052,65.4994603,2,16.617799758911133,0.04179999977350235,59085.326805599965
786,2459082.9756019,7.6479397,65.4994894,2,17.971099853515625,0.085098996758461,59082.4756018999
787,2459082.8989699,7.6478864,65.4994588,1,18.704500198364258,0.12516599893569946,59082.39896989986
789,2459080.9560301,7.6479438,65.4994666,1,18.026199340820312,0.0771230012178421,59080.45603010012
790,2459079.9334375,7.6477762,65.4994572,2,16.77079963684082,0.0400799997150898,59079.43343750015
791,2459079.8402546,7.6478742,65.4994862,1,18.056299209594727,0.07203800231218338,59079.34025460016
792,2459075.8995602,7.6476538,65.4994995,1,19.388500213623047,0.1645430028438568,59075.39956020005
793,2459075.8655208,7.6477671,65.4994433,1,19.731199264526367,0.1667730063199997,59075.3655208
794,2459075.8210185,7.6477681,65.4994597,2,17.41659927368164,0.05799400061368942,59075.32101849979
795,2459073.9501157,7.6478339,65.4994962,2,18.320600509643555,0.1106870025396347,59073.45011569979
798,2459072.9693981,7.6477831,65.499467,2,17.4867000579834,0.06211100146174431,59072.46939809993
799,2459072.9026273,7.6476447,65.499505,1,19.302000045776367,0.15549300611019135,59072.402627300005
800,2459072.8632523,7.6476842,65.4994943,1,19.219600677490234,0.16486699879169464,59072.36325229984
801,2459071.9687731,7.6477777,65.4994676,1,18.926000595092773,0.11803799867630005,59071.46877310006
802,2459071.9249074,7.6478595,65.4994546,1,18.903200149536133,0.09620799869298935,59071.42490739981
803,2459071.8766551,7.6478271,65.4994723,2,17.037900924682617,0.05646099895238876,59071.37665509991
804,2459069.9252199,7.6478005,65.4994858,2,17.265100479125977,0.033980000764131546,59069.425219899975
805,2459069.8584144,7.6478012,65.499455,1,19.538299560546875,0.1881529986858368,59069.3584143999
807,2459068.8797338,7.6478077,65.4994873,2,17.969100952148438,0.10009700059890747,59068.37973379996
808,2459067.9282639,7.6477506,65.4994083,2,18.83449935913086,0.14572300016880035,59067.42826389987
810,2459066.9577199,7.6477896,65.4994412,2,17.754199981689453,0.06394399702548981,59066.45771990018
813,2459065.9236111,7.6477421,65.4994401,2,17.791000366210938,0.08266700059175491,59065.42361109983
816,2459064.9278472,7.6478559,65.4994784,2,17.491300582885742,0.04757799953222275,59064.42784720007
817,2459063.9502083,7.6475814,65.4994999,1,19.473800659179688,0.17825199663639069,59063.45020829979
818,2459063.8868056,7.6478348,65.4994664,2,17.142000198364258,0.045572999864816666,59063.38680560002
819,2459062.9884144,7.6477512,65.4994441,2,17.894500732421875,0.08820799738168716,59062.48841439979
821,2459060.9884606,7.6478126,65.4994762,1,18.394399642944336,0.07513900101184845,59060.48846059991
822,2459060.9773148,7.6478871,65.4994722,1,18.420799255371094,0.07317300140857697,59060.477314800024
823,2459060.9556019,7.6478173,65.4994479,2,17.13170051574707,0.05292600020766258,59060.455601899885
824,2459059.9715394,7.6478063,65.4994572,2,18.453500747680664,0.11162000149488449,59059.47153940005
825,2459059.9345718,7.6478915,65.4994542,1,19.24679946899414,0.1056549996137619,59059.43457179982
826,2459057.9448727,7.6477182,65.4994873,2,17.731300354003906,0.0681919977068901,59057.44487270014
827,2459057.9053009,7.6479201,65.4995033,1,18.64229965209961,0.0967160016298294,59057.405300899874
828,2459054.9693056,7.647872,65.4994804,1,18.393299102783203,0.07555100321769714,59054.46930560004
829,2459054.9114815,7.6478814,65.4994545,2,17.375600814819336,0.04974300041794777,59054.41148150014
830,2459051.9487963,7.6478743,65.4994834,1,18.420000076293945,0.06315500289201736,59051.44879630022
831,2459051.9066319,7.6477632,65.4994621,2,17.21739959716797,0.05013500154018402,59051.4066319
832,2459048.9515856,7.647854,65.4994679,1,17.872699737548828,0.05189400166273117,59048.45158560015
833,2459045.9534144,7.6477998,65.4994745,1,17.32550048828125,0.05113900080323219,59045.45341440011
834,2459045.8706481,7.6478065,65.4994669,2,16.095199584960938,0.03993299975991249,59045.37064810004
835,2459042.8713773,7.6478254,65.4994741,1,16.713600158691406,0.0464790016412735,59042.371377300005
836,2459039.9482176,7.6478357,65.4994779,2,16.21619987487793,0.033236999064683914,59039.44821760012
837,2459039.865544,7.6479219,65.4994661,1,17.58839988708496,0.06503099948167801,59039.365544000175
838,2459036.9780093,7.6478602,65.4994966,1,17.534099578857422,0.056095998734235764,59036.47800929984
839,2459036.8938194,7.6478372,65.4994946,2,16.105199813842773,0.03217900171875954,59036.39381940011
840,2459033.9532986,7.6478634,65.4994964,1,17.961000442504883,0.08894500136375427,59033.453298599925
841,2459033.865706,7.6478901,65.4994795,2,16.841999053955078,0.048319000750780106,59033.36570600001
842,2459030.9734722,7.6477567,65.4994776,2,16.21299934387207,0.03875499963760376,59030.47347219987
843,2459030.8615162,7.6478574,65.4995017,1,17.456499099731445,0.0662510022521019,59030.361516200006
844,2459027.8673727,7.6479723,65.4994678,1,17.301700592041016,0.06530400365591049,59027.36737270001
845,2459024.9647106,7.6478781,65.4995257,2,17.041200637817383,0.06146800145506859,59024.46471060021
846,2459024.8890625,7.6478657,65.4994624,1,18.11319923400879,0.06638599932193756,59024.38906250009
847,2459018.9745023,7.6476764,65.4994255,2,18.4867000579834,0.10004500299692154,59018.47450229991
849,2459014.9703356,7.6478139,65.4994702,2,17.096200942993164,0.040275998413562775,59014.470335599966
850,2459014.8928472,7.6477987,65.4994865,1,19.12529945373535,0.11441399902105331,59014.392847199924
851,2458905.6372338,7.6477823,65.4994379,1,18.59910011291504,0.17750200629234314,58905.13723379979
852,2458905.6164352,7.6477687,65.499475,2,17.40679931640625,0.07316400110721588,58905.116435199976
853,2458900.6577083,7.6478683,65.4994793,2,16.503299713134766,0.025502000004053116,58900.15770829981
854,2458900.6446991,7.6476949,65.4994142,1,15.740699768066406,0.382515013217926,58900.14469909994
855,2458894.6605903,7.6478858,65.4994762,1,18.08049964904785,0.0840580016374588,58894.16059029987
856,2458894.6326505,7.6478853,65.4994657,2,16.97800064086914,0.04672599956393242,58894.13265050016
860,2458887.6174537,7.6479541,65.4994727,2,18.258899688720703,0.1078990027308464,58887.11745369993
861,2458884.6345139,7.647666,65.4994032,2,17.57270050048828,0.09674099832773209,58884.13451390015
862,2458884.6117708,7.6473037,65.4995174,1,18.581300735473633,0.21273000538349152,58884.11177079985
864,2458880.6524537,7.6478548,65.4994591,2,17.86709976196289,0.0626629963517189,58880.15245370008
866,2458877.6784491,7.6478336,65.4994853,1,18.87339973449707,0.0993409976363182,58877.17844909988
867,2458877.6254051,7.6478028,65.4995787,2,17.813499450683594,0.07099699974060059,58877.125405100174
869,2458874.6193866,7.6477654,65.4994679,2,17.570999145507812,0.07843299955129623,58874.119386599865
870,2458871.6607986,7.6477069,65.4994819,1,19.592599868774414,0.18466299772262573,58871.16079859994
873,2458862.6161921,7.6477946,65.499491,1,17.969499588012695,0.06099199876189232,58862.116192100104
874,2458860.6986574,7.6478045,65.49948,2,16.031200408935547,0.029400000348687172,58860.198657399975
875,2458859.6839352,7.6478307,65.4994923,2,15.943300247192383,0.03872400149703026,58859.183935199864
876,2458859.6240162,7.6478449,65.4994844,1,17.2632999420166,0.04771199822425842,58859.12401620019
880,2458854.6325,7.6478351,65.4994759,2,15.72249984741211,0.025682000443339348,58854.13249999983
882,2458853.6326505,7.6477744,65.4994961,2,16.212400436401367,0.03132399916648865,58853.13265050016
883,2458853.6229167,7.6478354,65.4994752,1,17.372800827026367,0.03784099966287613,58853.12291669985
884,2458853.6012847,7.6478315,65.4994871,1,17.429800033569336,0.0436599999666214,58853.10128469998
885,2458851.6731944,7.6477159,65.4995158,1,17.846399307250977,0.08031599968671799,58851.173194400035
886,2458850.6549884,7.6478836,65.4994569,1,18.45199966430664,0.09224399924278259,58850.15498840017
887,2458850.6149421,7.647726,65.4995023,2,17.705799102783203,0.06760700047016144,58850.1149420999
888,2458849.6133218,7.6478131,65.4994828,1,18.121200561523438,0.06612200289964676,58849.113321799785
889,2458846.616956,7.6478978,65.4995014,2,17.33340072631836,0.043251000344753265,58846.116956000216
890,2458839.624838,7.6480195,65.4993128,1,18.212099075317383,0.23809100687503815,58839.12483800016
892,2458836.6439005,7.6478573,65.4994505,1,18.19569969177246,0.059530001133680344,58836.143900500145
893,2458833.6364468,7.6478182,65.4994847,1,17.670799255371094,0.067330002784729,58833.13644680008
894,2458833.5946644,7.6478483,65.4994859,2,16.425600051879883,0.03023499995470047,58833.09466439998
895,2458831.7009375,7.6477868,65.4994879,1,18.031200408935547,0.07305999845266342,58831.20093750022
896,2458831.6173032,7.6478468,65.4995036,1,17.996400833129883,0.09215600043535233,58831.117303200066
897,2458831.5944907,7.6478062,65.4994887,2,16.81679916381836,0.04037800058722496,58831.094490699936
898,2458830.7899074,7.6478101,65.4994702,2,16.54829978942871,0.03898800164461136,58830.28990740003
899,2458830.743206,7.6478427,65.4994725,2,16.581100463867188,0.03968200087547302,58830.243205999956
900,2458830.6978356,7.6477918,65.4994731,1,17.743900299072266,0.07103099673986435,58830.1978356
901,2458829.7191667,7.6477804,65.4994995,2,16.417299270629883,0.10767699778079987,58829.2191666998
902,2458829.6117245,7.6479278,65.4994801,1,17.841800689697266,0.07874400168657303,58829.11172450008
904,2458828.5995718,7.6477853,65.4995308,1,18.193300247192383,0.12111900001764297,58828.09957179986
907,2458820.6174769,7.6478333,65.4994711,2,17.5856990814209,0.11303500086069107,58820.11747690011
911,2458814.6553588,7.6478081,65.4994497,2,18.308000564575195,0.09680599719285965,58814.1553588002
913,2458812.7469676,7.6481637,65.4995785,2,18.88010025024414,0.11475899815559387,58812.24696760019
915,2458812.6348032,7.6481727,65.4994853,1,19.577899932861328,0.18512199819087982,58812.13480320014
918,2458806.7160995,7.6478476,65.4994946,2,18.019500732421875,0.06487700343132019,58806.21609950019
919,2458805.7201736,7.6478439,65.499441,2,18.153799057006836,0.07511600106954575,58805.22017360013
921,2458804.7202315,7.6478347,65.4994145,2,16.99880027770996,0.0449800007045269,58804.22023149999
922,2458804.6844329,7.6477419,65.4994657,1,18.923200607299805,0.14412499964237213,58804.184432900045
923,2458803.7621875,7.6478088,65.4994838,2,16.9468994140625,0.03957200050354004,58803.26218750002
924,2458803.6866551,7.6478068,65.4995087,1,19.184999465942383,0.28874900937080383,58803.18665509997
925,2458801.7986806,7.6478086,65.4994514,2,17.093299865722656,0.052313998341560364,58801.29868059978
926,2458801.7442593,7.647792,65.4994715,2,17.156299591064453,0.05232999846339226,58801.244259300176
927,2458801.679294,7.6478405,65.4995122,1,19.0674991607666,0.1586730033159256,58801.179293999914
928,2458799.7462153,7.6477841,65.4994024,2,17.974899291992188,0.10253400355577469,58799.24621530017
929,2458798.7154977,7.6477735,65.4995247,2,18.875,0.17452099919319153,58798.21549770003
932,2458797.6167361,7.6479136,65.4994062,2,17.897499084472656,0.07941000163555145,58797.116736100055
933,2458796.6179167,7.6477788,65.499534,2,18.482099533081055,0.12171199917793274,58796.117916699965
934,2458795.8021412,7.6475806,65.4994746,2,18.143299102783203,0.08470799773931503,58795.30214119982
936,2458794.8044676,7.6477821,65.4994875,2,17.498600006103516,0.08472900092601776,58794.30446759984
937,2458794.6934259,7.6477681,65.4994262,1,19.597700119018555,0.27373600006103516,58794.19342589984
938,2458793.6998958,7.6476083,65.4995193,1,19.348800659179688,0.17962899804115295,58793.19989580009
939,2458793.6171181,7.6477759,65.4994959,2,17.154399871826172,0.056001000106334686,58793.11711810017
940,2458792.6623495,7.6478061,65.4994826,2,16.85770034790039,0.05271400138735771,58792.16234950023
941,2458792.6496644,7.6478062,65.499489,2,16.882999420166016,0.0467119999229908,58792.149664400145
942,2458791.8505324,7.6477849,65.4994782,2,16.889699935913086,0.03793799877166748,58791.350532399956
943,2458791.7819792,7.6477763,65.4994477,1,18.913999557495117,0.1071380004286766,58791.281979199965
944,2458790.7712384,7.6477569,65.4995101,1,19.242599487304688,0.14896400272846222,58790.271238400135
945,2458790.6648495,7.6478249,65.4994292,2,17.29599952697754,0.05220700055360794,58790.16484950017
947,2458789.6289005,7.6478038,65.4994824,2,17.571800231933594,0.046220000833272934,58789.128900500014
948,2458788.6565162,7.6477814,65.4994897,1,19.108600616455078,0.1633010059595108,58788.15651619993
949,2458788.6285301,7.6478199,65.4994616,2,17.22209930419922,0.04410199820995331,58788.12853009999
950,2458787.6556366,7.6477445,65.4994727,1,18.760000228881836,0.12864799797534943,58787.15563660022
951,2458787.627662,7.6477958,65.4994434,2,16.97089958190918,0.051465000957250595,58787.12766199978
952,2458786.6632639,7.6477315,65.4994942,1,18.864099502563477,0.11814600229263306,58786.163263900205
953,2458786.6352662,7.647841,65.4994714,2,17.085800170898438,0.05490399897098541,58786.135266200174
954,2458785.6563773,7.6477662,65.4994909,1,18.809799194335938,0.11309999972581863,58785.156377300154
955,2458785.6284259,7.6478078,65.4994797,2,16.970199584960938,0.04800000041723251,58785.12842589989
956,2458783.656713,7.6477232,65.4994791,1,18.705299377441406,0.10643599927425385,58783.15671300003
957,2458783.6288194,7.6477811,65.4994738,2,16.791900634765625,0.05273900181055069,58783.12881939998
958,2458782.6555093,7.6476683,65.4995094,1,19.530799865722656,0.14337599277496338,58782.155509300064
959,2458782.6276273,7.6478255,65.4994479,2,17.677099227905273,0.0719200000166893,58782.1276273001
960,2458781.6564005,7.6476223,65.4995077,1,18.989999771118164,0.15400299429893494,58781.156400499865
961,2458781.6285301,7.6477682,65.4994464,2,17.111799240112305,0.05226600170135498,58781.12853009999
962,2458779.6564815,7.6476593,65.4994744,1,19.158100128173828,0.12260600179433823,58779.156481499784
963,2458779.6286458,7.6478093,65.4994628,2,17.070899963378906,0.05238800123333931,58779.128645800054
964,2458778.6566782,7.6479411,65.499461,1,19.3617000579834,0.11824200302362442,58778.15667819977
965,2458778.6288657,7.6477978,65.4994672,2,17.149900436401367,0.05044500157237053,58778.128865700215
967,2458777.6286806,7.6477763,65.4994498,2,17.52519989013672,0.05759900063276291,58777.12868059985
968,2458776.656088,7.6476887,65.4994513,1,19.642799377441406,0.15607599914073944,58776.15608800016
969,2458776.628287,7.6478022,65.4994716,2,17.259700775146484,0.05240499973297119,58776.128287000116
970,2458775.656875,7.647744,65.4994302,1,20.01409912109375,0.2693989872932434,58775.15687499987
971,2458775.6285185,7.64779,65.4994953,2,17.597999572753906,0.07183399796485901,58775.1285184999
972,2458774.6567824,7.6474606,65.4994098,1,19.486299514770508,0.17807599902153015,58774.15678239986
973,2458774.6287963,7.6476875,65.4994669,2,18.77750015258789,0.1146090030670166,58774.12879629992
974,2458773.6568634,7.6478694,65.4994793,1,18.006500244140625,0.0933379977941513,58773.15686339978
975,2458773.6285069,7.647792,65.4994778,2,16.59600067138672,0.05499500036239624,58773.12850689981
976,2458772.6582407,7.6477343,65.4994755,1,17.956499099731445,0.07452700287103653,58772.15824070014
977,2458772.6286111,7.647847,65.4994971,2,16.68899917602539,0.03939500078558922,58772.128611099906
978,2458771.6579167,7.6478897,65.4995107,1,18.29829978942871,0.13301600515842438,58771.1579167
979,2458771.6284259,7.6478563,65.4994893,2,17.077699661254883,0.04500199854373932,58771.12842589989
980,2458770.6576968,7.6478666,65.4994731,1,17.56999969482422,0.06079300120472908,58770.15769679984
981,2458770.6284606,7.6478361,65.499478,2,16.27989959716797,0.030448000878095627,58770.12846060004
982,2458769.6576389,7.6478164,65.4994917,1,17.815099716186523,0.06792999804019928,58769.15763889998
983,2458769.6273958,7.647849,65.4994881,2,16.417600631713867,0.04049199819564819,58769.12739579985
984,2458768.6577315,7.6478547,65.4994963,1,17.848600387573242,0.06821300089359283,58768.15773149999
985,2458768.6278588,7.6478333,65.4994842,2,16.44070053100586,0.048587001860141754,58768.12785879988
986,2458767.6571528,7.6480211,65.4995236,1,18.84910011291504,0.20080800354480743,58767.15715279989
987,2458767.627662,7.6476517,65.4994822,2,17.548099517822266,0.05451900139451027,58767.12766199978
988,2458766.6596644,7.6479698,65.4994661,1,19.678199768066406,0.22175799310207367,58766.15966439992
990,2458765.6611111,7.6479902,65.4994555,1,19.549800872802734,0.19692200422286987,58765.16111110011
992,2458764.6566782,7.6479078,65.4995348,1,18.022600173950195,0.08285800367593765,58764.15667819977
993,2458764.6275579,7.6478853,65.4994772,2,16.822999954223633,0.03932400047779083,58764.1275578998
994,2458763.8837384,7.6478429,65.4994889,1,18.704099655151367,0.10134100168943405,58763.38373839995
995,2458763.8439931,7.6478398,65.4995492,2,17.826099395751953,0.06151000037789345,58763.34399309987
996,2458760.8638194,7.6477806,65.4994782,1,19.903400421142578,0.16353300213813782,58760.36381939985
998,2458757.8096065,7.6477623,65.4995026,2,17.576900482177734,0.06667499989271164,58757.30960649997
1000,2458750.8193981,7.6478888,65.4994759,2,18.22719955444336,0.07539200037717819,58750.31939810002
1001,2458747.9260648,7.6477334,65.4994566,2,18.168500900268555,0.11041100323200226,58747.426064800005
1006,2458739.857037,7.6477465,65.4993912,2,17.834800720214844,0.08842000365257263,58739.35703699989
1007,2458739.857037,7.6478629,65.4994355,2,17.73780059814453,0.06309200078248978,58739.35703699989
1010,2458733.9478588,7.6478027,65.4994598,1,19.787599563598633,0.1772090047597885,58733.44785880018
1011,2458733.9128704,7.6477982,65.4994575,2,17.37350082397461,0.04443199932575226,58733.41287040012
1012,2458730.9043866,7.6478168,65.4994878,2,17.532100677490234,0.035461001098155975,58730.404386600014
1013,2458726.9176273,7.6476097,65.4994458,1,19.923099517822266,0.20811699330806732,58726.417627300136
1014,2458726.8817477,7.6478634,65.4994308,2,17.507200241088867,0.06195199862122536,58726.38174769981
1015,2458723.9086806,7.6478263,65.499418,1,19.399900436401367,0.15450799465179443,58723.408680600114
1016,2458723.8842593,7.6478259,65.4994609,2,17.00309944152832,0.04935099929571152,58723.38425929984
1020,2458714.967963,7.6479813,65.4994496,1,19.795299530029297,0.2198529988527298,58714.46796299983
1022,2458711.9055787,7.6478666,65.4994975,2,17.62579917907715,0.0659089982509613,58711.405578699894
1023,2458708.9926389,7.6478171,65.4994673,2,18.25550079345703,0.06715100258588791,58708.492638899945
1025,2458705.9564352,7.6478316,65.4994659,2,17.12380027770996,0.05459199845790863,58705.45643519983
1026,2458705.9046759,7.6478428,65.4994637,1,19.222000122070312,0.11880700290203094,58705.404675900005
1028,2458699.9463426,7.6478349,65.4993769,1,19.91029930114746,0.23131899535655975,58699.446342600044
1029,2458699.8874074,7.6477574,65.499478,2,17.384700775146484,0.06590399891138077,58699.38740740018
1030,2458696.973206,7.6477142,65.4995162,2,18.201200485229492,0.09800200164318085,58696.47320599994
1034,2458690.9074769,7.6477625,65.4994897,2,17.441699981689453,0.052570998668670654,58690.407476900145
1038,2458683.9455556,7.6476306,65.4994822,2,18.131399154663086,0.0934939980506897,58683.44555559987
1040,2458680.9272222,7.6478234,65.4995279,2,17.554500579833984,0.055668000131845474,58680.427222200204
1042,2458677.8046991,7.6475201,65.4994762,2,18.361600875854492,0.13743999600410461,58677.30469910009
1043,2458676.9720023,7.6477688,65.4994746,2,17.222299575805664,0.053759001195430756,58676.47200229997
1044,2458674.9745486,7.6478416,65.4994832,2,17.443099975585938,0.060162998735904694,58674.47454860015
1045,2458674.9564815,7.6477254,65.4994487,1,19.96489906311035,0.20502500236034393,58674.45648150006
1047,2458673.9542245,7.6477654,65.4994594,2,17.930999755859375,0.05893699824810028,58673.454224499874
1048,2458672.9723727,7.6478048,65.4995021,2,18.194299697875977,0.0794370025396347,58672.472372699995
1053,2458669.9564352,7.6478491,65.4994902,1,18.597299575805664,0.08249299973249435,58669.45643519983
1054,2458669.930463,7.6478866,65.4994873,2,17.249000549316406,0.04759899899363518,58669.4304630002
1055,2458668.9575926,7.6478083,65.4994808,1,17.754899978637695,0.06676899641752243,58668.457592600025
1056,2458668.8665162,7.6478436,65.4994882,2,16.472000122070312,0.03369700163602829,58668.366516199894
1057,2458667.9677662,7.647886,65.4994944,2,17.361400604248047,0.04671499878168106,58667.46776620019
1058,2458667.9546528,7.6478525,65.4994772,1,18.615299224853516,0.09548299759626389,58667.454652800225
1059,2458666.9751042,7.6478338,65.4994604,1,19.236000061035156,0.1288129985332489,58666.47510420019
1060,2458666.9281134,7.6479672,65.4995293,2,18.417999267578125,0.09193199872970581,58666.428113400005
1061,2458665.9503819,7.6477821,65.4994811,2,17.59280014038086,0.052542999386787415,58665.450381900184
1063,2458663.9361574,7.6477986,65.4994995,2,18.021400451660156,0.08714699745178223,58663.43615739979
1065,2458657.9284722,7.6479085,65.4994441,2,18.41080093383789,0.09029199928045273,58657.42847219994
1066,2458654.9499306,7.6479272,65.4993168,2,18.213499069213867,0.08616200089454651,58654.44993059989
1067,2458653.949375,7.6478049,65.4994769,2,18.314300537109375,0.08578500151634216,58653.44937499985
1071,2458651.9363079,7.6478057,65.499475,2,17.746400833129883,0.07063800096511841,58651.43630790012
1072,2458650.9310185,7.6479255,65.4995044,2,17.213600158691406,0.047731999307870865,58650.43101850012
1073,2458649.8840394,7.6478556,65.4994616,1,18.504199981689453,0.14687399566173553,58649.384039400145
1076,2458642.9230671,7.647759,65.4994777,1,19.1658992767334,0.09722200036048889,58642.42306709988
1077,2458641.951713,7.6477072,65.4994775,1,19.7721004486084,0.16309800744056702,58641.45171299996
1078,2458540.6367014,7.6478029,65.4994814,1,17.17460060119629,0.04699999839067459,58540.136701399926
1079,2458540.6192708,7.6478292,65.4994776,2,15.880000114440918,0.032214000821113586,58540.11927080015
1080,2458523.6579282,7.6477655,65.4994882,2,17.327600479125977,0.04300500079989433,58523.15792819997
1081,2458514.6764815,7.6475503,65.4995884,1,18.69569969177246,0.13942599296569824,58514.1764814998
1082,2458514.6764815,7.6475503,65.4995884,1,18.69569969177246,0.13942599296569824,58514.1764814998
1083,2458511.6387269,7.6477439,65.4994421,1,18.513999938964844,0.08177199959754944,58511.138726899866
1084,2458511.6193634,7.6478325,65.4994898,2,17.272499084472656,0.04751899838447571,58511.119363400154
1085,2458510.7212616,7.6477623,65.4994962,2,17.18630027770996,0.07772400230169296,58510.22126160003
1086,2458510.6567708,7.6477107,65.4995429,1,18.413400650024414,0.1144540011882782,58510.156770799775
1087,2458509.6786574,7.6477037,65.4994801,1,17.934200286865234,0.06864999979734421,58509.178657399956
1088,2458508.7187847,7.6478319,65.499487,2,16.06100082397461,0.03461800143122673,58508.21878470015
1089,2458508.6856944,7.6477915,65.4994831,1,17.356199264526367,0.0654899999499321,58508.18569440022
1090,2458507.7273495,7.6478495,65.499479,2,16.187700271606445,0.031240999698638916,58507.22734950017
1091,2458507.6741435,7.6477964,65.4994721,1,17.4158992767334,0.07195699959993362,58507.17414350016
1092,2458505.6554282,7.6478065,65.4994647,1,17.60689926147461,0.05065799877047539,58505.15542820003
1093,2458503.6989468,7.6477173,65.4994639,1,17.67959976196289,0.07149200141429901,58503.19894680008
1094,2458503.6197338,7.6478165,65.4994791,2,16.364500045776367,0.02936200052499771,58503.11973380018
1095,2458494.6423264,7.647826,65.4994793,1,17.656600952148438,0.052703000605106354,58494.14232640015
1096,2458494.6175694,7.6478165,65.4994563,2,16.464099884033203,0.03235999867320061,58494.1175694
1097,2458493.6771065,7.6477768,65.4994999,1,18.081499099731445,0.06171099841594696,58493.17710650014
1098,2458493.6196412,7.6479075,65.4994848,2,17.097700119018555,0.04377700015902519,58493.119641200174
1099,2458492.6780093,7.6477475,65.4994845,1,17.9468994140625,0.11343199759721756,58492.17800930003
1100,2458492.6346412,7.6478016,65.4995223,2,16.998300552368164,0.14371900260448456,58492.13464119984
1101,2458491.6374306,7.647788,65.4994821,1,18.031700134277344,0.059581998735666275,58491.13743059989
1102,2458490.6507176,7.6479252,65.4994381,2,17.715999603271484,0.053668998181819916,58490.15071759978
1104,2458487.6596875,7.6478218,65.4994698,1,17.4596004486084,0.04487600177526474,58487.15968749998
1105,2458487.6119907,7.6478064,65.4994908,2,16.205900192260742,0.03426099941134453,58487.11199070001
1106,2458486.6558102,7.6478379,65.499492,1,17.5221004486084,0.04667900130152702,58486.15581020014
1107,2458483.6132407,7.6478207,65.4994856,1,17.440099716186523,0.050050001591444016,58483.113240700215
1108,2458483.6032986,7.6478141,65.4994815,2,16.17970085144043,0.027185000479221344,58483.10329859983
1109,2458481.8064352,7.6479342,65.499449,2,15.970499992370605,0.03115200065076351,58481.30643519992
1110,2458475.8028588,7.6477883,65.499475,2,16.41360092163086,0.028954999521374702,58475.30285880016
1111,2458474.6503588,7.6478444,65.499474,2,15.938599586486816,0.02865700051188469,58474.150358799845
1112,2458472.6816551,7.647674,65.4994572,1,18.455400466918945,0.0954509973526001,58472.18165510008
1113,2458471.6585764,7.6477883,65.4994892,2,16.614099502563477,0.027281999588012695,58471.15857640002
1114,2458471.6019792,7.6479029,65.4995019,1,17.88759994506836,0.12171699851751328,58471.1019791998
1115,2458469.6589236,7.6477935,65.499491,1,17.936500549316406,0.058793000876903534,58469.15892359987
1116,2458468.7687269,7.6478154,65.4995034,2,16.28070068359375,0.03279599919915199,58468.26872690022
1117,2458466.7596296,7.6478053,65.499479,1,17.099199295043945,0.1051739975810051,58466.259629600216
1118,2458466.7222338,7.6478182,65.499398,2,15.651900291442871,0.1396999955177307,58466.22223380022
1119,2458464.7618287,7.6473948,65.4995394,2,18.566200256347656,0.10624200105667114,58464.26182870008
1120,2458462.7809375,7.647834,65.4994953,2,17.49530029296875,0.08492299914360046,58462.28093749983
1121,2458462.7661921,7.6476328,65.4995484,1,18.618999481201172,0.15772800147533417,58462.26619210001
1122,2458457.6572801,7.6478263,65.4994101,2,18.07819938659668,0.07498499751091003,58457.157280100044
1124,2458456.6775347,7.6479071,65.4993363,2,18.686899185180664,0.10641299933195114,58456.177534699906
1125,2458450.8265046,7.6478339,65.499525,2,16.010700225830078,0.1353899985551834,58450.32650459977
1126,2458450.7598495,7.6478769,65.4995008,1,17.387399673461914,0.09012600034475327,58450.25984949991
1127,2458449.8572801,7.6477398,65.4994842,2,16.549800872802734,0.048555999994277954,58449.35728010023
1128,2458447.8842245,7.6478585,65.4994757,2,16.363100051879883,0.04945899918675423,58447.38422450004
1129,2458442.7620949,7.6477623,65.4995195,2,18.509599685668945,0.1315850019454956,58442.26209490001
1131,2458441.7815394,7.647806,65.4994634,2,17.0216007232666,0.03531700000166893,58441.28153940011
1132,2458441.7629398,7.6478408,65.4994701,1,18.117300033569336,0.0770379975438118,58441.26293980004
1136,2458437.8051389,7.6477044,65.4995252,2,18.430599212646484,0.07027900218963623,58437.305138899945
1137,2458437.7399074,7.6475877,65.499572,1,19.314800262451172,0.1800599992275238,58437.23990740022
1138,2458436.7565856,7.6478469,65.4991856,2,17.784500122070312,0.18239299952983856,58436.256585599855
1140,2458434.7599769,7.6475757,65.4995041,1,19.48740005493164,0.16106100380420685,58434.25997690018
1141,2458434.70375,7.647826,65.4994246,2,17.317800521850586,0.044794999063014984,58434.20374999987
1142,2458432.7612847,7.6479568,65.4993914,2,17.407100677490234,0.06077300012111664,58432.26128470013
1144,2458431.7011921,7.6477938,65.4992885,2,18.45240020751953,0.12135200202465057,58431.20119210007
1146,2458430.6976852,7.6478544,65.4994027,2,17.768699645996094,0.06167599931359291,58430.19768519979
1149,2458428.6953704,7.6478188,65.4995169,1,19.068500518798828,0.11090700328350067,58428.19537039986
1151,2458426.8214699,7.6477585,65.499471,1,19.16629981994629,0.14253400266170502,58426.3214699002
1152,2458426.7603125,7.6478701,65.4995958,2,18.276899337768555,0.08149100095033646,58426.260312499944
1159,2458397.8634954,7.6479749,65.4993788,1,19.220800399780273,0.12185999751091003,58397.363495400175
1160,2458390.742963,7.6478254,65.4994673,2,16.8302001953125,0.035610001534223557,58390.2429630002
1161,2458389.8488194,7.6478699,65.4994256,1,18.928699493408203,0.11360199749469757,58389.348819400184
1162,2458389.8023148,7.6478269,65.4994592,2,16.766300201416016,0.03470500186085701,58389.30231480021
1163,2458388.7560301,7.6478488,65.4994758,2,16.87540054321289,0.04209199920296669,58388.25603009993
1164,2458387.9244097,7.6478377,65.4994833,2,17.2810001373291,0.056248001754283905,58387.42440970009
1165,2458387.7556366,7.6480614,65.4994397,1,19.32430076599121,0.18313799798488617,58387.255636599846
1166,2458386.9104861,7.6478442,65.4994602,2,17.14699935913086,0.05104999989271164,58386.410486099776
1167,2458385.7634722,7.6478991,65.4994158,2,18.096099853515625,0.09681999683380127,58385.263472199906
1168,2458383.951875,7.6478901,65.499452,1,19.774799346923828,0.15004299581050873,58383.451874999795
1169,2458383.9061921,7.6479104,65.4994433,2,17.84950065612793,0.09331099689006805,58383.40619210014
1170,2458382.8445023,7.6478663,65.4994582,2,17.678300857543945,0.05889200046658516,58382.344502300024
1171,2458380.87125,7.6478408,65.4995337,1,19.728099822998047,0.132314994931221,58380.37124999985
1172,2458380.8273611,7.6478612,65.4994831,2,17.643800735473633,0.04619399830698967,58380.32736109989
1173,2458379.8785764,7.6478529,65.4994368,2,17.118900299072266,0.03787799924612045,58379.378576400224
1174,2458379.8472454,7.6478018,65.4994729,1,19.028900146484375,0.08764400333166122,58379.34724539984
1175,2458378.9070486,7.6478747,65.4994538,2,17.817800521850586,0.059147000312805176,58378.407048599795
1176,2458378.8441204,7.6480061,65.4993202,1,19.80389976501465,0.18541699647903442,58378.34412040003
1177,2458377.9100694,7.6479213,65.4994446,2,17.569299697875977,0.0610789991915226,58377.41006939998
1178,2458377.8485532,7.6477779,65.4993985,1,19.6481990814209,0.14550000429153442,58377.34855319979
1179,2458376.8519907,7.6478673,65.4994296,2,17.283100128173828,0.04791399836540222,58376.35199069977
1180,2458376.8180556,7.6479379,65.4994309,1,19.55579948425293,0.1665560007095337,58376.31805559993
1181,2458374.8585995,7.6478381,65.4994059,2,18.169300079345703,0.08746899664402008,58374.3585994998
1182,2458372.9098958,7.647816,65.4995262,1,18.8617000579834,0.11862099915742874,58372.409895800054
1183,2458372.8622917,7.6477663,65.4994943,2,18.17569923400879,0.04871099814772606,58372.36229170021
1184,2458371.9287384,7.6478319,65.4994983,2,18.007999420166016,0.06341200321912766,58371.428738399874
1185,2458371.8650347,7.6477891,65.4995214,1,18.901500701904297,0.08645199984312057,58371.365034699906
1186,2458370.8615741,7.6478565,65.4995448,1,20.014999389648438,0.17799699306488037,58370.361574099865
1187,2458369.8182176,7.6478839,65.499604,1,19.974000930786133,0.17184600234031677,58369.31821760023
1188,2458368.8706829,7.6479702,65.4995731,1,19.419300079345703,0.11695700138807297,58368.37068289984
1189,2458367.8108565,7.6477642,65.4995518,1,19.076900482177734,0.1106489971280098,58367.310856500175
1190,2458366.9109028,7.6478191,65.4995037,1,18.861499786376953,0.11667600274085999,58366.41090280004
1191,2458365.8015972,7.6479274,65.4994475,1,18.827699661254883,0.08691500127315521,58365.30159719987
1192,2458364.845,7.6476056,65.4993568,2,18.994300842285156,0.16427099704742432,58364.345000000205
1193,2458364.7621759,7.6478253,65.4995001,1,19.204299926757812,0.1262660026550293,58364.26217589993
1194,2458363.8093981,7.6478942,65.4995538,1,19.31730079650879,0.16406099498271942,58363.30939809978
1195,2458363.780463,7.6477376,65.4993783,2,18.857900619506836,0.1435530036687851,58363.28046299983
1196,2458361.9098727,7.647735,65.4994745,1,17.119600296020508,0.05199899896979332,58361.409872699995
1197,2458361.8151389,7.6478199,65.4994909,2,15.899499893188477,0.03342200070619583,58361.31513890019
1198,2458360.91125,7.6478538,65.4994865,1,16.888500213623047,0.05002899840474129,58360.41124999989
1199,2458360.8151852,7.6478253,65.4994843,2,15.594499588012695,0.023848000913858414,58360.31518519996
1200,2458358.9113657,7.647821,65.4994919,2,16.179399490356445,0.024761000648140907,58358.411365699954
1201,2458356.9015162,7.6478811,65.4994739,2,16.930599212646484,0.04259200021624565,58356.40151620004
1202,2458355.9665162,7.6477821,65.4994716,2,16.0044002532959,0.04840400069952011,58355.46651619999
1203,2458355.8358565,7.6477942,65.4994753,2,15.956899642944336,0.036097001284360886,58355.33585650008
1204,2458354.9283912,7.6477981,65.499515,2,16.287099838256836,0.05149000138044357,58354.428391200025
1205,2458354.8429977,7.6477946,65.4994741,2,16.382699966430664,0.03677000105381012,58354.342997699976
1206,2458353.9893866,7.647848,65.4994684,2,16.541400909423828,0.06237100064754486,58353.48938659998
1207,2458352.8895833,7.6478115,65.4994801,1,17.436399459838867,0.048507001250982285,58352.38958329987
1208,2458352.8248148,7.6478282,65.4994814,2,16.233800888061523,0.03474000096321106,58352.32481480017
1209,2458351.9356481,7.6478077,65.4994798,1,17.66790008544922,0.05895499885082245,58351.435648099985
1210,2458351.883287,7.6478124,65.4994777,2,16.507299423217773,0.04464399814605713,58351.383287000004
1211,2458350.8909028,7.6478668,65.4994881,2,17.131000518798828,0.051725998520851135,58350.39090280002
1212,2458349.8998148,7.6479078,65.4994982,1,18.163000106811523,0.09334299713373184,58349.399814799894
1213,2458349.8427546,7.6478716,65.499492,2,16.92770004272461,0.038697000592947006,58349.342754600104
1214,2458348.8630093,7.6478004,65.4994732,1,18.102500915527344,0.060148000717163086,58348.36300930008
1215,2458347.9252083,7.647869,65.4994741,2,16.580900192260742,0.03901499882340431,58347.42520829989
1216,2458347.8425463,7.6477831,65.4994694,1,17.76110076904297,0.0604420006275177,58347.34254630003
1217,2458345.907419,7.6478438,65.4994852,1,18.27519989013672,0.08258400112390518,58345.40741899982
1218,2458345.8601042,7.6479431,65.4995084,2,17.07539939880371,0.05067199841141701,58345.360104199965
1219,2458344.9031944,7.6477986,65.4995394,1,18.603099822998047,0.10516899824142456,58344.403194400016
1220,2458343.8668171,7.6478225,65.4994599,2,17.15060043334961,0.05591600015759468,58343.36681709997
1221,2458342.9311111,7.6477527,65.4995333,1,18.611900329589844,0.12384100258350372,58342.43111110013
1222,2458342.8463773,7.6477134,65.4994203,2,17.62470054626465,0.06551200151443481,58342.3463773001
1223,2458340.8624421,7.6478145,65.4995229,1,17.780099868774414,0.14606499671936035,58340.362442099955
1224,2458338.9684606,7.6477482,65.4994991,2,16.613399505615234,0.03394399955868721,58338.46846059989
1225,2458338.8993171,7.6478454,65.4994893,1,17.86669921875,0.0720599964261055,58338.39931710018
1226,2458337.888287,7.6477446,65.4995269,1,18.430999755859375,0.09256099909543991,58337.38828699989
1227,2458337.8426505,7.6477132,65.4994758,2,17.39349937438965,0.0715629979968071,58337.342650500126
1228,2458336.8558102,7.6478311,65.4995017,2,16.889400482177734,0.04815699905157089,58336.355810199864
1229,2458336.8258218,7.6478533,65.499471,1,18.116899490356445,0.07511799782514572,58336.32582180016
1230,2458335.8558565,7.6478251,65.4994867,2,16.036399841308594,0.02464500069618225,58335.3558565001
1231,2458334.8202662,7.6478285,65.4994871,1,16.905799865722656,0.05294400081038475,58334.32026620023
1232,2458333.9429167,7.6477822,65.4994828,1,17.295900344848633,0.053144000470638275,58333.44291670015
1233,2458333.8397454,7.6477864,65.4994516,2,15.878899574279785,0.03541399911046028,58333.33974540001
1234,2458332.8997801,7.6478236,65.4994755,2,16.327499389648438,0.030024999752640724,58332.39978010021
1235,2458330.9713773,7.6478708,65.4995277,1,18.028200149536133,0.10893899947404861,58330.4713773001
1236,2458330.8995139,7.6477809,65.4994632,2,16.783700942993164,0.048624999821186066,58330.399513899814
1237,2458329.984919,7.6478445,65.4994809,2,17.22209930419922,0.06751099973917007,58329.48491899995
1238,2458329.9777546,7.6478487,65.4995152,1,18.42919921875,0.11002600193023682,58329.47775459988
1239,2458327.9035417,7.6475619,65.4994481,2,18.459299087524414,0.14042599499225616,58327.40354169998
1240,2458325.9743171,7.6477865,65.499499,2,17.666500091552734,0.06883800029754639,58325.4743170999
1241,2458325.9276157,7.6478087,65.4995105,1,18.57539939880371,0.09814999997615814,58325.427615699824
1242,2458324.9708333,7.6478598,65.4994964,2,17.287200927734375,0.041776999831199646,58324.47083330015
1243,2458324.9508333,7.6478056,65.4996047,1,18.648399353027344,0.12419699877500534,58324.45083330013
1244,2458323.9785301,7.6478316,65.4994245,2,18.413299560546875,0.1352519989013672,58323.47853010008
1245,2458322.9070949,7.6478625,65.4994605,2,18.022499084472656,0.05823000147938728,58322.40709490003
1246,2458321.9701736,7.6479889,65.499451,2,18.260299682617188,0.09846299886703491,58321.47017360013
1247,2458319.9088542,7.6477967,65.4994873,1,18.496599197387695,0.09653899818658829,58319.40885420004
1248,2458318.9243056,7.6478354,65.4995051,1,18.419300079345703,0.08808699995279312,58318.424305600114
1249,2458316.9494907,7.6477646,65.4995137,2,18.543699264526367,0.08119100332260132,58316.44949069992
1250,2458315.9258218,7.6478704,65.4994863,1,19.27050018310547,0.1146090030670166,58315.425821799785
1251,2458314.9668056,7.6477535,65.4994622,1,19.429100036621094,0.11885999888181686,58314.466805600096
1252,2458313.9789583,7.6477511,65.4994867,1,18.535900115966797,0.0815730020403862,58313.47895829985
1253,2458313.9369213,7.6477159,65.4994944,2,17.468700408935547,0.05757100135087967,58313.4369212999
1254,2458307.951412,7.6478422,65.4994888,1,17.140100479125977,0.03369700163602829,58307.45141200023
1255,2458307.9083565,7.6478223,65.4994795,2,15.881199836730957,0.03953399881720543,58307.40835649986
1256,2458302.9502778,7.6478639,65.4994952,1,18.518199920654297,0.10121499747037888,58302.450277800206
1257,2458302.9087731,7.6479043,65.4995604,2,17.46419906616211,0.08441899716854095,58302.4087731
1258,2458301.9715278,7.6478377,65.4994844,1,17.878599166870117,0.06580500304698944,58301.471527799964
1259,2458301.9491088,7.6479175,65.4994869,2,16.73740005493164,0.043230000883340836,58301.44910879992
1260,2458300.9716898,7.6478346,65.4994973,1,17.878000259399414,0.06884399801492691,58300.4716897998
1261,2458300.9277199,7.6478966,65.4994849,2,16.956300735473633,0.039243001490831375,58300.42771989992
1262,2458299.9676042,7.6478205,65.4994533,1,18.754600524902344,0.10834900289773941,58299.46760419989
1263,2458299.9262847,7.6478546,65.4995293,2,18.241300582885742,0.1075420007109642,58299.42628470017
1264,2458298.9481481,7.6478519,65.4994462,2,17.826099395751953,0.07160700112581253,58298.44814810017
1265,2458297.9336574,7.6477178,65.499544,2,18.41069984436035,0.10339699685573578,58297.433657399844
1266,2458295.8826389,7.6478572,65.4994581,1,19.236799240112305,0.16387100517749786,58295.382638900075
1267,2458294.9739005,7.6477965,65.499524,2,18.3302001953125,0.09728100150823593,58294.47390050022
1268,2458293.9525116,7.6477015,65.4994846,1,19.8981990814209,0.16066500544548035,58293.45251160022
1269,2458292.9732292,7.6478341,65.4994555,2,17.25950050354004,0.03696800023317337,58292.47322920011
1270,2458292.9545023,7.6478565,65.4995098,1,19.675100326538086,0.13627399504184723,58292.454502299894
1271,2458291.9700347,7.647811,65.4994693,2,17.220800399780273,0.03810099884867668,58291.47003469989
1272,2458291.9536921,7.6477281,65.4994831,1,19.620800018310547,0.10764099657535553,58291.45369210001
1273,2458290.9787731,7.647821,65.4994626,2,16.980199813842773,0.03414800018072128,58290.478773099836
1274,2458289.9549537,7.6478123,65.4994541,2,17.322999954223633,0.038892000913619995,58289.45495369984
1275,2458288.9583796,7.6477923,65.4994472,2,17.057300567626953,0.04208400100469589,58288.4583796002
1276,2458287.9737384,7.64784,65.4994833,2,16.819499969482422,0.010979999788105488,58287.4737383998
1277,2458286.9743519,7.6478283,65.4994884,2,16.74650001525879,0.009998000226914883,58286.474351900164
1278,2458285.9054977,7.647823,65.499465,2,16.891399383544922,0.009943000040948391,58285.405497699976
