,jd,ra,dec,fid,magpsf,sigmapsf,mjd
0,2461076.6614005,347.5464424,51.2530947,1,17.968469619750977,0.15019626915454865,61076.16140050022
1,2461076.6170139,347.5465548,51.2530008,2,18.496000289916992,0.13980500400066376,61076.117013900075
2,2461074.6368171,347.5465702,51.2530807,1,17.92490005493164,0.10271900147199631,61074.13681709999
3,2461072.6452083,347.5465452,51.2530562,1,18.037200927734375,0.11272700130939484,61072.14520830009
4,2461072.6200116,347.5465464,51.2530823,1,17.85110092163086,0.10737500339746475,61072.1200116002
7,2461069.6359491,347.5464995,51.2530627,1,17.28890037536621,0.10111500322818756,61069.1359490999
8,2461069.635,347.5465306,51.2530117,1,17.368200302124023,0.1377509981393814,61069.13499999978
9,2461066.655706,347.5464837,51.253113,2,17.18079948425293,0.13436299562454224,61066.15570600005
10,2461066.6198495,347.5465374,51.2530697,1,17.456300735473633,0.07583499699831009,61066.11984949978
11,2461066.6174884,347.5465111,51.2531001,1,17.425199508666992,0.06846199929714203,61066.11748840008
12,2461066.6170255,347.5465427,51.2530824,1,17.603099822998047,0.0704369992017746,61066.11702550016
17,2461059.6402894,347.5466245,51.2530042,2,19.951400756835938,0.2239769995212555,61059.14028939977
18,2461059.6398148,347.5465467,51.2531152,2,19.78809928894043,0.2056169956922531,61059.13981480012
19,2461059.6374653,347.5465026,51.2530613,2,18.932300567626953,0.1098330020904541,61059.13746530004
20,2461059.6168634,347.5464509,51.2531716,1,19.91360092163086,0.21373000741004944,61059.11686340021
21,2461059.6163889,347.5464679,51.2530736,1,18.870800018310547,0.08366099745035172,61059.116388900205
27,2461055.6854167,347.5465036,51.2530027,1,19.09469985961914,0.16715100407600403,61055.18541669985
28,2461055.63875,347.5465522,51.253133,1,18.740699768066406,0.16064999997615814,61055.138749999925
29,2461055.6382755,347.5464496,51.2530499,1,18.649700164794922,0.1158590018749237,61055.13827549992
30,2461055.6119676,347.5464725,51.2530901,2,18.548900604248047,0.07839900255203247,61055.11196759995
31,2461055.6114931,347.5464073,51.2531033,2,18.65220069885254,0.11819600313901901,61055.11149309995
32,2461055.6110185,347.5465797,51.2530044,2,19.31909942626953,0.19875000417232513,61055.111018499825
33,2461053.7020833,347.5467276,51.2531959,2,19.60420036315918,0.27166399359703064,61053.20208329987
34,2461053.7016088,347.5468062,51.2529124,2,18.94849967956543,0.24472400546073914,61053.20160879986
35,2461053.6822917,347.5469541,51.2530417,2,19.681699752807617,0.3549169898033142,61053.18229170004
40,2461051.7074769,347.5466087,51.2531994,1,18.87969970703125,0.2238759994506836,61051.20747689996
41,2461051.6874537,347.5465967,51.2527244,1,19.4281005859375,0.36932599544525146,61051.18745370023
46,2461049.6380324,347.5463429,51.2531704,1,19.91819953918457,0.2847450077533722,61049.13803240005
48,2461049.5956829,347.5465294,51.2531205,2,19.691499710083008,0.18918000161647797,61049.09568289993
51,2461038.6253588,347.5466002,51.2531253,2,18.99810028076172,0.2805730104446411,61038.12535879994
53,2461032.6526505,347.5464243,51.2530286,2,18.216999053955078,0.2047490030527115,61032.15265050018
56,2461032.6112269,347.5464448,51.2531357,1,18.586599349975586,0.2307250052690506,61032.111226900015
58,2461030.6609375,347.5465436,51.2530483,2,19.813899993896484,0.19221800565719604,61030.160937500186
59,2461030.6552199,347.5465111,51.2531435,2,19.73150062561035,0.22044600546360016,61030.155219899956
60,2461030.6439468,347.5464929,51.2530948,2,18.90220069885254,0.07305499911308289,61030.143946799915
61,2461030.6157755,347.5464755,51.2530784,1,19.653799057006836,0.1662209928035736,61030.11577549996
62,2461030.595625,347.5464724,51.2530901,1,18.908300399780273,0.07472100108861923,61030.095625000075
63,2461030.5951505,347.5466781,51.2530464,1,19.712499618530273,0.170197993516922,61030.09515050007
64,2461028.7000463,347.5465359,51.2531373,2,19.974199295043945,0.26106101274490356,61028.20004629996
65,2461028.6990972,347.5465213,51.2530765,2,18.954500198364258,0.10344800353050232,61028.19909719983
66,2461028.6602083,347.5464603,51.2530985,1,18.888700485229492,0.07971400022506714,61028.16020830022
67,2461028.6535532,347.5466639,51.2529922,1,19.689899444580078,0.20181000232696533,61028.153553199954
68,2461028.6434028,347.5465409,51.253054,1,19.64699935913086,0.17630599439144135,61028.143402799964
69,2461028.5917477,347.5465401,51.2530515,2,19.8085994720459,0.2147199958562851,61028.09174769977
70,2461026.7014583,347.5464884,51.2530884,1,18.9335994720459,0.08446499705314636,61026.2014583
71,2461026.665,347.5465726,51.2531143,1,19.795000076293945,0.1958010047674179,61026.16500000004
72,2461026.6403125,347.546516,51.2531211,1,19.660400390625,0.15841099619865417,61026.14031249983
73,2461026.616088,347.5465282,51.2530569,2,19.6924991607666,0.17934100329875946,61026.116088000126
74,2461026.6156134,347.5465075,51.2530933,2,18.88719940185547,0.09579899907112122,61026.115613400005
75,2461026.6151389,347.5464985,51.2530716,2,19.679899215698242,0.1831039935350418,61026.1151389
76,2461024.6582755,347.5464627,51.2530904,2,19.814899444580078,0.16574500501155853,61024.15827549994
77,2461024.6505208,347.5465163,51.2530588,2,19.723100662231445,0.18314500153064728,61024.15052080015
78,2461024.6500463,347.5464396,51.2530805,2,18.914400100708008,0.10550499707460403,61024.15004630014
79,2461024.6159028,347.5465245,51.2530638,1,19.53619956970215,0.15106600522994995,61024.11590280011
80,2461024.6154282,347.5465012,51.2530938,1,18.86709976196289,0.06831400096416473,61024.11542819999
81,2461024.6103472,347.5465857,51.2530016,1,19.66699981689453,0.19476599991321564,61024.110347200185
82,2461022.6618056,347.5466225,51.252941,1,19.976900100708008,0.2417519986629486,61022.16180559993
83,2461022.6560185,347.5464809,51.2530975,1,18.916000366210938,0.08264800161123276,61022.156018500216
84,2461022.655544,347.5464583,51.2531382,1,19.583099365234375,0.2259330004453659,61022.15554400021
85,2461022.6149306,347.5465466,51.2530185,2,19.795000076293945,0.1976960003376007,61022.11493059993
86,2461022.5909375,347.5464695,51.2530673,2,18.881500244140625,0.09752800315618515,61022.09093749989
87,2461022.590463,347.5465174,51.2530593,2,19.707599639892578,0.21480900049209595,61022.090462999884
88,2461020.6613079,347.5466329,51.2530435,1,19.773300170898438,0.18011200428009033,61020.16130790021
89,2461020.6589236,347.5464865,51.2530596,1,19.00160026550293,0.09227800369262695,61020.15892359987
90,2461020.6415394,347.5467037,51.2529484,1,19.859399795532227,0.28137698769569397,61020.14153939998
91,2461020.6177199,347.5465542,51.2530164,2,19.892799377441406,0.17672699689865112,61020.11771989986
92,2461020.6152431,347.5464665,51.2530595,2,18.976200103759766,0.0825359970331192,61020.115243100096
93,2461020.6142824,347.5466106,51.253078,2,19.828899383544922,0.16322200000286102,61020.11428239988
94,2461016.6661806,347.546217,51.2531871,2,19.620899200439453,0.2619970142841339,61016.16618059995
95,2461016.6647569,347.5464993,51.2530174,2,19.01259994506836,0.13119499385356903,61016.164756900165
96,2461016.6642824,347.5464486,51.2529656,2,19.590099334716797,0.26438799500465393,61016.16428240016
97,2461016.5995949,347.5464611,51.2531079,1,18.82550048828125,0.08622699975967407,61016.09959489992
98,2461014.6617824,347.5467558,51.2530162,2,19.59239959716797,0.2832289934158325,61014.16178240022
99,2461014.6613079,347.5465101,51.2531138,2,18.710100173950195,0.18261900544166565,61014.16130790021
100,2461014.618206,347.5465558,51.2530078,1,18.779600143432617,0.11660300195217133,61014.118205999956
101,2461014.6177315,347.5462742,51.2530588,1,19.25349998474121,0.21630799770355225,61014.11773149995
103,2461012.5998727,347.5463873,51.2530155,2,18.908599853515625,0.13245899975299835,61012.09987269994
104,2461012.5993981,347.5465041,51.2530583,2,19.606599807739258,0.17511799931526184,61012.09939809982
106,2461008.7125,347.5465733,51.2530931,1,19.681499481201172,0.19847099483013153,61008.21249999991
107,2461008.6709838,347.5464496,51.2531018,1,18.818700790405273,0.10401500016450882,61008.1709838002
108,2461008.6155556,347.5464546,51.2530816,2,18.78860092163086,0.08995900303125381,61008.1155555998
109,2461008.6150926,347.5465535,51.2531654,2,19.395599365234375,0.18382400274276733,61008.11509260023
110,2461006.6817014,347.5464567,51.2530725,2,19.692100524902344,0.16200299561023712,61006.18170139985
111,2461006.6665856,347.5464881,51.2530572,2,18.975500106811523,0.16519300639629364,61006.1665856
112,2461006.6661111,347.5465314,51.2531034,2,19.638599395751953,0.23221999406814575,61006.1661111
113,2461006.6117593,347.5464282,51.2529222,1,19.721799850463867,0.2499990016222,61006.11175929988
114,2461006.6112963,347.5464904,51.2530694,1,18.856800079345703,0.10437099635601044,61006.111296299845
115,2461006.5983333,347.5465244,51.2530227,1,19.444499969482422,0.21514399349689484,61006.09833330009
116,2461004.7252315,347.5464772,51.2530865,2,19.675199508666992,0.166920006275177,61004.22523149988
117,2461004.7247685,347.5464903,51.2530756,2,18.824800491333008,0.11294399946928024,61004.224768499844
118,2461004.6785185,347.5464837,51.2530768,1,19.368600845336914,0.17372499406337738,61004.17851850018
119,2461004.6621759,347.546513,51.2530468,1,18.872400283813477,0.0704680010676384,61004.16217589984
126,2460990.7435185,347.5464869,51.2529941,2,19.082300186157227,0.1223289966583252,60990.24351850012
127,2460990.7077315,347.5465409,51.2530428,1,19.831205368041992,0.1747143268585205,60990.2077314998
128,2460990.7077315,347.5465409,51.2530428,1,19.831199645996094,0.17471399903297424,60990.2077314998
129,2460990.7067593,347.5464855,51.2531109,1,18.95050048828125,0.07505899667739868,60990.20675930008
130,2460990.7067593,347.5464855,51.2531109,1,18.95050048828125,0.07505899667739868,60990.20675930008
131,2460990.6733449,347.5464959,51.2530668,1,19.618099212646484,0.1821029931306839,60990.1733448999
132,2460990.6184606,347.5467183,51.2530986,2,20.086000442504883,0.2726840078830719,60990.1184605998
133,2460990.6179861,347.5464511,51.2531248,2,19.845600128173828,0.17147299647331238,60990.117986099795
134,2460988.7598495,347.546598,51.2531181,2,20.24220085144043,0.3032059967517853,60988.25984949991
136,2460988.7390278,347.546623,51.2530226,2,19.063100814819336,0.16749300062656403,60988.23902780004
137,2460988.6653472,347.5465315,51.2530977,1,19.653900146484375,0.20339299738407135,60988.16534719989
138,2460988.6648843,347.5465233,51.2530797,1,18.962499618530273,0.07618200033903122,60988.16488429997
139,2460988.6644097,347.5466598,51.2529176,1,19.780399322509766,0.22552600502967834,60988.16440969985
142,2460986.6985185,347.5465213,51.2530743,1,19.70639991760254,0.2410449981689453,60986.1985185002
146,2460984.7659838,347.5465463,51.2531069,1,19.137399673461914,0.15909600257873535,60984.26598379994
148,2460984.7426157,347.5465485,51.2531686,1,19.313400268554688,0.20980499684810638,60984.24261569977
149,2460984.6716782,347.5462842,51.2530389,1,19.66900062561035,0.2996560037136078,60984.1716781999
150,2460984.6712153,347.5464886,51.253046,1,18.86669921875,0.13928000628948212,60984.17121529998
152,2460982.7232755,347.5464927,51.253087,1,19.8523006439209,0.24875499308109283,60982.223275499884
153,2460982.7228009,347.5464358,51.2530787,1,18.92259979248047,0.10246799886226654,60982.22280090023
156,2460980.8028472,347.5464459,51.2530011,2,19.98870086669922,0.2566010057926178,60980.30284720007
161,2460978.8318056,347.5465074,51.2531062,1,18.977399826049805,0.08620499819517136,60978.33180559985
162,2460978.8289236,347.5465927,51.2530492,1,19.89940071105957,0.21658599376678467,60978.328923599795
163,2460978.8289236,347.5465927,51.2530492,1,19.89940071105957,0.21658599376678467,60978.328923599795
164,2460978.8284491,347.5464934,51.2530591,1,19.69860076904297,0.2191449999809265,60978.32844909979
165,2460978.7234491,347.5464826,51.2530132,2,19.024200439453125,0.11447399854660034,60978.22344909981
166,2460978.6775231,347.5465733,51.2530134,2,19.90130043029785,0.20713600516319275,60978.17752309982
167,2460978.6770486,347.5465423,51.2530481,2,20.041799545288086,0.18622499704360962,60978.17704859981
168,2460976.8098495,347.5466789,51.2530297,2,20.148700714111328,0.18451300263404846,60976.30984950019
169,2460976.791412,347.5465077,51.2530418,2,18.94890022277832,0.11605700105428696,60976.29141200008
170,2460976.7659722,347.5463587,51.2531358,2,19.840099334716797,0.2671079933643341,60976.26597219985
171,2460976.7405903,347.546465,51.2530609,1,18.95870018005371,0.08578699827194214,60976.240590299945
172,2460976.7293634,347.546523,51.2530895,1,19.639799118041992,0.14175200462341309,60976.22936340002
173,2460976.6978935,347.5465389,51.2528873,1,19.94729995727539,0.37181898951530457,60976.19789349986
174,2460974.806713,347.5466105,51.2530897,1,19.864500045776367,0.21398399770259857,60974.30671299994
175,2460974.760625,347.5464485,51.2530438,2,19.537700653076172,0.20739799737930298,60974.26062500011
176,2460974.740081,347.5464941,51.2531153,2,19.599199295043945,0.16751399636268616,60974.24008100014
178,2460974.6818056,347.5462853,51.2531816,1,19.389299392700195,0.12695099413394928,60974.18180559995
180,2460972.8260532,347.5464961,51.2529499,1,20.15239906311035,0.2990429997444153,60972.326053199824
181,2460972.8255787,347.5464859,51.2530497,1,19.028400421142578,0.08782000094652176,60972.32557869982
182,2460972.7854282,347.546484,51.2530364,1,19.55900001525879,0.1696919947862625,60972.28542819992
183,2460972.7412153,347.5465295,51.2530244,2,19.966999053955078,0.20263199508190155,60972.241215299815
184,2460972.7182523,347.5464635,51.2530744,2,19.762100219726562,0.20531900227069855,60972.21825229982
185,2460972.7075231,347.5464484,51.253074,2,18.985000610351562,0.11965800076723099,60972.20752310008
186,2460970.7173958,347.5460672,51.2530156,1,19.756399154663086,0.3608410060405731,60970.217395800166
187,2460970.7016782,347.5465046,51.2530765,2,19.127399444580078,0.09577400237321854,60970.20167820016
190,2460969.7383218,347.5465025,51.2531207,1,19.432899475097656,0.11056800186634064,60969.238321799785
192,2460968.737581,347.5465061,51.2530436,1,18.86910057067871,0.10424699634313583,60968.2375810002
193,2460968.6326389,347.5465066,51.2530388,2,19.379100799560547,0.14619900286197662,60968.132638900075
194,2460967.7883218,347.5464405,51.2530568,2,18.555500030517578,0.10358300060033798,60967.288321800064
195,2460967.7678472,347.5464522,51.2530862,2,18.465499877929688,0.06936399638652802,60967.267847199924
196,2460967.7367708,347.5465105,51.2530516,1,19.09239959716797,0.0878010019659996,60967.23677079985
197,2460967.7274306,347.5464331,51.2530907,1,18.47130012512207,0.08827699720859528,60967.22743060021
198,2460966.7205208,347.5464668,51.2530745,1,18.35540008544922,0.0788630023598671,60966.22052079998
199,2460966.6957523,347.5465325,51.2530995,2,18.656600952148438,0.08641800284385681,60966.19575229986
200,2460965.8431597,347.5465548,51.2530408,1,18.678699493408203,0.09031900018453598,60965.34315969981
201,2460965.7820255,347.5464609,51.2530956,2,18.284900665283203,0.08273900300264359,60965.2820255002
202,2460965.7653125,347.5464518,51.2530678,2,18.235300064086914,0.06095299869775772,60965.26531249983
204,2460965.7381134,347.5464426,51.2530948,1,18.141199111938477,0.06204700097441673,60965.23811340006
205,2460964.8576157,347.5465803,51.2530555,1,17.997699737548828,0.08778399974107742,60964.35761569999
206,2460960.826412,347.5464798,51.2530673,2,17.919200897216797,0.04874200001358986,60960.32641200023
207,2460960.8259375,347.5465161,51.2530755,2,18.22760009765625,0.10149800032377243,60960.32593750022
208,2460960.7662269,347.5464433,51.2530843,1,17.67060089111328,0.060366999357938766,60960.26622689981
209,2460960.7192593,347.5465053,51.2530672,1,17.777099609375,0.0669580027461052,60960.2192592998
210,2460960.7183102,347.5464952,51.2530773,1,18.001800537109375,0.04636700078845024,60960.21831020014
211,2460960.679213,347.5464445,51.2530864,2,17.91189956665039,0.06100200116634369,60960.179212999996
212,2460957.7792593,347.5465017,51.2530622,1,17.244300842285156,0.04685400053858757,60957.27925929986
213,2460957.7636111,347.5464739,51.2530805,1,17.493200302124023,0.042128998786211014,60957.26361110015
214,2460957.7631366,347.5464815,51.2530866,1,17.366100311279297,0.05601299926638603,60957.263136600144
215,2460957.7193403,347.5464922,51.2530738,2,17.615800857543945,0.052115000784397125,60957.21934030019
216,2460957.7188657,347.546481,51.2530588,2,17.440500259399414,0.055876001715660095,60957.218865700066
217,2460957.7183912,347.5465013,51.2530792,2,17.44420051574707,0.04514700174331665,60957.21839120006
218,2460955.8419213,347.5464979,51.2530933,2,17.517900466918945,0.048976998776197433,60955.34192130016
219,2460955.8414468,347.5464711,51.2530746,2,17.448699951171875,0.057186998426914215,60955.34144680016
220,2460955.7982986,347.5464881,51.2530852,2,17.43779945373535,0.05233199894428253,60955.29829860013
221,2460955.7372222,347.5464794,51.2530647,1,17.09630012512207,0.04456999897956848,60955.237222199794
222,2460955.6761806,347.5465103,51.2530994,1,17.3976993560791,0.053240999579429626,60955.17618060019
223,2460955.6757176,347.5465199,51.2530488,1,17.276599884033203,0.06619799882173538,60955.175717600156
224,2460953.7845949,347.5464302,51.2530522,1,19.044099807739258,0.1214430034160614,60953.284594899975
225,2460953.7841319,347.5466374,51.2531957,1,19.630599975585938,0.2704220116138458,60953.28413189994
227,2460953.7038426,347.5465498,51.2531121,2,19.19339942932129,0.17825500667095184,60953.203842599876
230,2460951.8663773,347.5464821,51.2530415,1,19.648099899291992,0.2804790139198303,60951.36637730012
231,2460951.8659028,347.5464452,51.2531016,1,18.874399185180664,0.08480100333690643,60951.36590280011
232,2460951.8449306,347.5464785,51.2530848,1,19.67289924621582,0.15270499885082245,60951.34493059991
233,2460951.8055093,347.5464758,51.2530397,2,19.931100845336914,0.23534399271011353,60951.30550929997
234,2460951.779213,347.5465125,51.2531095,2,19.75909996032715,0.19302499294281006,60951.27921300009
235,2460951.7555787,347.5465322,51.2531022,2,18.894500732421875,0.0988439992070198,60951.25557869999
236,2460949.8683796,347.546645,51.2530046,1,19.898500442504883,0.18745200335979462,60949.36837959988
237,2460949.8671065,347.5464628,51.253097,1,18.94849967956543,0.08614800125360489,60949.36710650008
238,2460949.8427431,347.5465069,51.2530591,1,19.758100509643555,0.1523990035057068,60949.34274310013
239,2460949.8054051,347.5465769,51.2530829,2,20.010499954223633,0.17755700647830963,60949.305405099876
240,2460949.8044444,347.5464721,51.2530671,2,18.989299774169922,0.12140200287103653,60949.30444440013
241,2460949.8039815,347.5465313,51.2530367,2,19.98590087890625,0.17309600114822388,60949.30398150021
242,2460943.8292361,347.5465875,51.2530822,1,19.69260025024414,0.20020200312137604,60943.32923609996
243,2460943.8282755,347.5464708,51.2530929,1,19.539100646972656,0.12058500200510025,60943.328275499865
244,2460943.8272801,347.5464913,51.2530988,1,18.82270050048828,0.08267699927091599,60943.32728009997
246,2460943.7479745,347.5464844,51.253082,2,18.91160011291504,0.09350299835205078,60943.24797450006
247,2460943.7475,347.5466188,51.253083,2,19.702499389648438,0.19123299419879913,60943.247500000056
248,2460943.7470255,347.5465912,51.2530543,2,19.78569984436035,0.16037699580192566,60943.24702550005
249,2460941.8046065,347.5465296,51.2531116,1,19.791099548339844,0.184579998254776,60941.30460650008
250,2460941.781713,347.5464974,51.2531162,1,19.085800170898438,0.08614200353622437,60941.28171300003
251,2460941.78125,347.5466303,51.2530019,1,19.97209930419922,0.20785200595855713,60941.28125
252,2460941.749919,347.5464149,51.2530585,2,19.09939956665039,0.13030500710010529,60941.24991900008
253,2460941.7147801,347.5464603,51.253152,2,19.986799240112305,0.18649600446224213,60941.214780100156
254,2460941.7147801,347.5464603,51.253152,2,19.986799240112305,0.18649600446224213,60941.214780100156
255,2460941.7143056,347.546645,51.2530305,2,20.093399047851562,0.21651199460029602,60941.21430560015
256,2460938.8575463,347.5464444,51.2531172,2,19.40760040283203,0.11830800026655197,60938.35754630016
259,2460938.8034954,347.5464885,51.2531015,1,19.103900909423828,0.07452999800443649,60938.30349540012
260,2460938.8034954,347.5464885,51.2531015,1,19.103900909423828,0.07452999800443649,60938.30349540012
261,2460938.7803588,347.5464757,51.2531299,1,20.12689971923828,0.19987699389457703,60938.2803588002
262,2460938.7788194,347.5468126,51.252955,1,20.171199798583984,0.2644360065460205,60938.278819399886
263,2460934.8424074,347.5465949,51.2530198,1,19.883100509643555,0.20282800495624542,60934.34240739979
265,2460934.8196759,347.5464936,51.2531063,1,18.9281005859375,0.07211799919605255,60934.31967590004
267,2460934.8192014,347.5465059,51.2530997,1,19.60460090637207,0.15792399644851685,60934.31920140004
269,2460934.7854167,347.5464767,51.253058,2,18.99340057373047,0.12015199661254883,60934.285416699946
270,2460934.7849421,347.5466208,51.2531281,2,19.963600158691406,0.19389599561691284,60934.284942099825
271,2460932.8090278,347.5464504,51.2531556,1,20.37700080871582,0.33004701137542725,60932.30902779987
272,2460932.8085532,347.5464747,51.2531754,1,20.328899383544922,0.19725100696086884,60932.308553200215
274,2460932.741169,347.5463913,51.2530507,2,20.15920066833496,0.20681999623775482,60932.241169000044
275,2460932.7385764,347.5464045,51.2530888,2,19.944700241088867,0.20475099980831146,60932.238576400094
278,2460929.7959491,347.5464259,51.2531111,1,18.81679916381836,0.1010970026254654,60929.29594910005
279,2460929.7430556,347.5465043,51.2531029,2,19.772199630737305,0.1992810070514679,60929.24305560021
280,2460929.742581,347.5464699,51.2530799,2,19.012300491333008,0.19658400118350983,60929.242581000086
281,2460928.8181019,347.5467279,51.2529716,1,19.754899978637695,0.3213129937648773,60928.318101900164
282,2460928.743912,347.5464415,51.2530374,2,19.721099853515625,0.21241100132465363,60928.24391200021
283,2460927.8681713,347.5463952,51.2530598,1,18.94700050354004,0.11905799806118011,60927.36817129981
284,2460927.8419444,347.5464662,51.2530169,1,19.51799964904785,0.22394900023937225,60927.34194440022
285,2460927.8006713,347.5465224,51.2530202,2,18.853900909423828,0.1513810008764267,60927.30067129992
286,2460927.7997222,347.5464648,51.2529319,2,19.63909912109375,0.20444899797439575,60927.299722199794
287,2460926.8418287,347.5464903,51.2531223,1,19.462099075317383,0.2367749959230423,60926.341828700155
288,2460926.7358681,347.5464555,51.2530748,2,19.638399124145508,0.2938759922981262,60926.23586810008
289,2460925.8882523,347.5465462,51.2530733,2,18.890100479125977,0.12643200159072876,60925.38825230021
291,2460925.8590509,347.5465516,51.253211,1,19.724000930786133,0.2857150137424469,60925.35905090021
292,2460925.8380787,347.5464777,51.2531524,1,18.913999557495117,0.13067400455474854,60925.338078700006
293,2460924.8879051,347.5465294,51.2531238,2,19.74329948425293,0.25644299387931824,60924.387905099895
294,2460924.8199074,347.546454,51.2530748,1,19.723800659179688,0.32916098833084106,60924.319907399826
295,2460923.9668981,347.5461928,51.2530599,1,20.59149932861328,0.3539460003376007,60923.466898099985
296,2460923.9475231,347.5464348,51.2530952,1,19.486000061035156,0.11051400005817413,60923.447523099836
297,2460923.9475231,347.5464348,51.2530952,1,19.486000061035156,0.11051400005817413,60923.447523099836
298,2460923.8699537,347.5464592,51.2530968,2,19.467300415039062,0.15649400651454926,60923.369953699876
300,2460922.9115394,347.5464371,51.2531142,1,18.93429946899414,0.14214499294757843,60922.4115394
302,2460921.777662,347.5464742,51.2530579,1,19.84480094909668,0.15998800098896027,60921.27766200015
303,2460920.9153009,347.546571,51.2531455,2,19.770200729370117,0.1688079982995987,60920.41530090012
305,2460919.8664352,347.5465959,51.2530385,2,19.606700897216797,0.16163599491119385,60919.366435199976
306,2460919.8420833,347.5464818,51.2530816,2,18.84040069580078,0.08478199690580368,60919.3420833
307,2460919.8209375,347.5464845,51.2530832,1,18.83810043334961,0.07232700288295746,60919.32093749987
308,2460919.8075116,347.5465384,51.2531303,1,19.45549964904785,0.16943900287151337,60919.3075116002
309,2460918.8721875,347.5464538,51.2531341,2,19.65130043029785,0.2139890044927597,60918.37218749989
310,2460918.8202315,347.5464669,51.2530543,1,19.58919906616211,0.18787400424480438,60918.32023150008
311,2460917.8428935,347.5464645,51.2530637,2,18.865299224853516,0.08995799720287323,60917.34289349988
312,2460917.8414583,347.5466201,51.2530393,2,19.84440040588379,0.18047299981117249,60917.34145830013
313,2460917.7821065,347.5464846,51.2530987,1,18.848400115966797,0.07204099744558334,60917.28210650012
314,2460917.7821065,347.5464846,51.2530987,1,18.848400115966797,0.07204099744558334,60917.28210650012
315,2460917.7804745,347.5464869,51.2530787,1,19.59429931640625,0.19371800124645233,60917.2804744998
316,2460916.8247569,347.5465516,51.2530119,1,19.855199813842773,0.1584700047969818,60916.32475689985
317,2460916.8022685,347.5465444,51.2531313,2,19.997900009155273,0.22081999480724335,60916.302268499974
318,2460914.8600116,347.5465378,51.2530354,2,18.878299713134766,0.08817300200462341,60914.36001159996
319,2460914.8544907,347.5464622,51.2530876,2,18.36199951171875,0.08127199858427048,60914.35449070018
320,2460914.8015972,347.5464791,51.2530744,1,18.598100662231445,0.059783998876810074,60914.30159719987
321,2460914.7990741,347.5465141,51.2530621,1,18.368099212646484,0.10533300042152405,60914.299074099865
323,2460913.7628935,347.5468029,51.2531384,2,20.427400588989258,0.22995099425315857,60913.26289349981
324,2460911.8657176,347.5464428,51.2530599,1,19.542200088500977,0.15016299486160278,60911.3657176001
325,2460911.8652431,347.5464826,51.2530843,1,18.872299194335938,0.07343900203704834,60911.365243100096
326,2460911.8276157,347.546482,51.2530864,2,18.8799991607666,0.08354400098323822,60911.3276157002
327,2460910.8562963,347.5465591,51.2530696,1,19.733999252319336,0.21245400607585907,60910.35629629996
328,2460910.7826042,347.5465395,51.2531455,2,19.677900314331055,0.20025500655174255,60910.282604199834
329,2460909.8717593,347.5464961,51.2530687,2,18.912500381469727,0.10061900317668915,60909.37175930012
330,2460909.8707986,347.54655,51.2530971,2,19.783199310302734,0.21590900421142578,60909.370798599906
331,2460909.8484144,347.5465162,51.2530982,1,19.013200759887695,0.06867100298404694,60909.34841440013
332,2460909.8445602,347.5466509,51.2531002,1,19.66469955444336,0.17527399957180023,60909.34456019988
333,2460908.9254282,347.5465237,51.2531128,2,19.53459930419922,0.21766400337219238,60908.42542820005
334,2460908.8405093,347.5465181,51.2531156,1,19.77400016784668,0.24320200085639954,60908.34050930012
335,2460905.8505208,347.5464598,51.2530806,2,18.911800384521484,0.08708900213241577,60905.35052079987
336,2460905.8283681,347.5464886,51.2530947,1,19.525999069213867,0.12534600496292114,60905.32836809987
337,2460903.9103241,347.5464156,51.2530823,1,19.54129981994629,0.1813890039920807,60903.41032409994
339,2460903.8789583,347.5465044,51.2530503,1,19.613500595092773,0.16930800676345825,60903.37895830022
341,2460903.8426736,347.5464145,51.2530468,2,19.61720085144043,0.1236879974603653,60903.342673600186
342,2460903.8426736,347.5464145,51.2530468,2,19.61720085144043,0.1236879974603653,60903.342673600186
344,2460901.8839352,347.5465406,51.2530545,1,19.653099060058594,0.2175849974155426,60901.38393520005
346,2460901.8815625,347.5464762,51.2530945,1,18.94260025024414,0.0908690020442009,60901.381562499795
347,2460901.8735995,347.5464475,51.2530877,2,18.928499221801758,0.11178799718618393,60901.37359949993
348,2460901.8735995,347.5464475,51.2530877,2,18.928499221801758,0.11178799718618393,60901.37359949993
349,2460901.8376852,347.5466277,51.253052,2,20.001300811767578,0.23698300123214722,60901.33768519992
350,2460901.8376852,347.5466277,51.253052,2,20.001300811767578,0.23698300123214722,60901.33768519992
351,2460901.8372106,347.5465386,51.2530671,2,19.88360023498535,0.2301270067691803,60901.3372105998
352,2460901.8372106,347.5465386,51.2530671,2,19.88360023498535,0.2301270067691803,60901.3372105998
354,2460898.9403356,347.5464118,51.2531026,1,18.99578094482422,0.0975608229637146,60898.44033560017
355,2460898.9403356,347.5464118,51.2531026,1,18.995800018310547,0.09756100177764893,60898.44033560017
356,2460898.9215741,347.5463799,51.2531785,1,19.69070053100586,0.3656969964504242,60898.42157409992
357,2460898.9215741,347.5463799,51.2531785,1,19.69070053100586,0.3656969964504242,60898.42157409992
358,2460898.9145949,347.5466692,51.253179,2,19.98900032043457,0.2510719895362854,60898.41459489986
360,2460898.8631481,347.5464898,51.2530712,2,18.84469985961914,0.12447000294923782,60898.36314810021
361,2460896.9539815,347.546609,51.2531235,1,19.78849983215332,0.32438400387763977,60896.45398150012
362,2460896.9289931,347.5465085,51.2529773,1,19.68239974975586,0.3775410056114197,60896.428993099835
363,2460896.8643981,347.5464491,51.2530984,2,18.962600708007812,0.137923002243042,60896.36439809995
367,2460894.9317593,347.5465685,51.2530252,1,19.731599807739258,0.23228399455547333,60894.431759300176
372,2460892.8876505,347.5464785,51.2530997,1,18.9111328125,0.07174444943666458,60892.38765050005
373,2460892.8876505,347.5464785,51.2530997,1,18.911100387573242,0.07174400240182877,60892.38765050005
374,2460891.8676157,347.546485,51.2530588,2,18.93429946899414,0.09303300082683563,60891.36761569977
376,2460891.8251273,347.5464385,51.2531112,2,19.650800704956055,0.1754329949617386,60891.325127299875
378,2460891.7793287,347.5465523,51.2530451,1,19.46190071105957,0.17884500324726105,60891.279328700155
380,2460891.7788542,347.546099,51.2530605,1,19.948699951171875,0.233474999666214,60891.27885420015
382,2460889.8815162,347.5465052,51.2530949,1,18.93191146850586,0.06266626715660095,60889.381516200025
384,2460889.8252662,347.5464645,51.2530863,2,19.89080047607422,0.23397299647331238,60889.32526620012
386,2460888.8846759,347.5465644,51.2531083,2,19.856000900268555,0.21157300472259521,60888.384675899986
387,2460888.8846759,347.5465644,51.2531083,2,19.856000900268555,0.21157300472259521,60888.384675899986
388,2460888.8621412,347.5465854,51.253061,1,19.746999740600586,0.19474899768829346,60888.362141199876
389,2460886.9152199,347.5464466,51.2530745,1,19.450599670410156,0.10449499636888504,60886.4152199002
391,2460885.8901389,347.5465082,51.2530602,1,19.059600830078125,0.08739200234413147,60885.39013889991
392,2460885.8430556,347.5464621,51.253037,2,19.861799240112305,0.1946209967136383,60885.343055599835
393,2460885.8409491,347.5464218,51.253062,2,19.0718994140625,0.10130299627780914,60885.34094909998
394,2460885.8089583,347.546363,51.2530987,1,19.07029914855957,0.10489600151777267,60885.308958299924
395,2460883.9329051,347.5464628,51.2530957,1,18.931900024414062,0.0632380023598671,60883.43290509982
396,2460883.9086227,347.546599,51.2530815,2,19.790599822998047,0.1850849986076355,60883.40862269979
397,2460883.9086227,347.546599,51.2530815,2,19.790599822998047,0.1850849986076355,60883.40862269979
398,2460883.9086227,347.546599,51.2530815,2,19.790599822998047,0.1850849986076355,60883.40862269979
399,2460883.8890278,347.5465296,51.2530748,2,19.79949951171875,0.15830600261688232,60883.389027799945
400,2460883.8890278,347.5465296,51.2530748,2,19.79949951171875,0.15830600261688232,60883.389027799945
401,2460883.8890278,347.5465296,51.2530748,2,19.79949951171875,0.15830600261688232,60883.389027799945
402,2460883.8443056,347.546749,51.252992,1,19.907899856567383,0.23559099435806274,60883.34430560004
403,2460880.9248495,347.5465815,51.252956,1,19.6752986907959,0.15663354098796844,60880.42484949995
404,2460880.9248495,347.5465815,51.252956,1,19.67530059814453,0.15663400292396545,60880.42484949995
405,2460880.880706,347.5465548,51.2531319,2,19.880699157714844,0.23022399842739105,60880.38070600014
406,2460880.880706,347.5465548,51.2531319,2,19.880699157714844,0.23022399842739105,60880.38070600014
409,2460859.8893056,347.5463027,51.2530596,1,19.753299713134766,0.15522299706935883,60859.389305599965
411,2460859.8236574,347.5464471,51.2530582,2,19.59269905090332,0.13848699629306793,60859.323657399975
417,2460855.8729167,347.5465452,51.253006,2,18.685800552368164,0.0971980020403862,60855.37291669985
418,2460854.9594097,347.5464634,51.2530673,1,18.271900177001953,0.0557590015232563,60854.459409699775
419,2460854.9481134,347.546433,51.2530708,1,17.923900604248047,0.076944999396801,60854.44811340002
420,2460854.9188889,347.5464574,51.2530715,2,18.193300247192383,0.07544100284576416,60854.41888889996
421,2460854.9184144,347.5464823,51.2530945,2,18.06599998474121,0.06718999892473221,60854.41841439996
422,2460851.9717593,347.5464754,51.2530857,2,17.882999420166016,0.05614199861884117,60851.47175930021
423,2460851.969375,347.5464744,51.2530837,2,17.951499938964844,0.05889999866485596,60851.46937499987
424,2460851.8665972,347.5464457,51.2530787,2,18.01449966430664,0.06599999964237213,60851.36659719981
425,2460851.8665972,347.5464429,51.2530776,2,18.01569938659668,0.07174500077962875,60851.36659719981
426,2460851.8438542,347.546473,51.253075,2,17.910400390625,0.07540600001811981,60851.343854200095
427,2460851.8438542,347.546473,51.253075,2,17.910400390625,0.07540600001811981,60851.343854200095
428,2460849.9647454,347.5464893,51.2530671,1,17.699199676513672,0.05182899907231331,60849.46474540001
429,2460849.8396412,347.5464369,51.2530755,1,17.512500762939453,0.05834899842739105,60849.33964119991
430,2460849.8063079,347.5464756,51.2530534,2,17.728200912475586,0.048916999250650406,60849.30630790023
431,2460848.9595023,347.5464676,51.2530555,2,17.37700080871582,0.052581001073122025,60848.45950229978
432,2460848.9265278,347.5464592,51.2530616,1,17.556400299072266,0.044578999280929565,60848.42652780004
433,2460847.8828819,347.5464761,51.253045,1,17.338417053222656,0.05673385038971901,60847.38288189983
435,2460847.8824074,347.5464301,51.2530491,1,17.35409927368164,0.056940000504255295,60847.382407399826
436,2460847.8483449,347.546461,51.2530688,2,17.580400466918945,0.042433001101017,60847.34834490018
438,2460847.8478704,347.5465184,51.2530808,2,17.723100662231445,0.061455000191926956,60847.347870400175
439,2460846.9458333,347.5464624,51.2530754,1,17.46310043334961,0.03299099951982498,60846.445833299775
440,2460846.9343287,347.5464955,51.2530755,2,17.34709930419922,0.0373539999127388,60846.43432869995
443,2460844.9590046,347.5464793,51.2530854,1,17.766799926757812,0.08104199916124344,60844.45900460007
444,2460844.9288079,347.5464507,51.2530658,1,18.07509994506836,0.05474799871444702,60844.42880789982
445,2460844.9057292,347.5464752,51.2530918,2,17.856800079345703,0.045917998999357224,60844.405729200225
446,2460844.9052546,347.5464701,51.2530802,2,17.901599884033203,0.052143000066280365,60844.405254600104
447,2460842.9485417,347.5465509,51.2530464,1,19.51140022277832,0.20317399501800537,60842.44854169991
448,2460842.9213194,347.5464721,51.2530913,1,18.89240074157715,0.08998899906873703,60842.42131939996
449,2460842.8896991,347.5465498,51.2530423,2,19.821300506591797,0.20882800221443176,60842.38969910005
450,2460842.8630208,347.5465284,51.2530793,2,18.855899810791016,0.13051700592041016,60842.363020800054
451,2460841.9495023,347.5465656,51.2531286,1,19.75,0.331275999546051,60841.449502300005
452,2460841.8918519,347.5465927,51.2531122,2,19.553800582885742,0.21375000476837158,60841.391851900145
453,2460839.9581597,347.546491,51.2530986,1,18.92156410217285,0.08570079505443573,60839.458159700036
456,2460839.9301968,347.5465591,51.2529567,1,19.6648006439209,0.3775880038738251,60839.4301967998
458,2460839.8793056,347.5466309,51.2531586,2,19.681400299072266,0.24569499492645264,60839.37930560019
459,2460836.9647917,347.5466094,51.2529856,1,19.814599990844727,0.26803699135780334,60836.46479169978
460,2460836.9530324,347.546478,51.253091,1,18.948400497436523,0.11138900369405746,60836.45303239999
461,2460836.9065046,347.5466839,51.2529261,2,20.11720085144043,0.25519299507141113,60836.40650459984
462,2460836.9060301,347.5464592,51.2530414,2,19.744699478149414,0.2825610041618347,60836.40603009984
463,2460833.9549421,347.546639,51.2530145,1,19.694599151611328,0.15804199874401093,60833.454942100216
464,2460833.88625,347.5464498,51.253184,2,19.889999389648438,0.240447998046875,60833.38624999998
466,2460831.8687616,347.546477,51.2530779,1,19.31089973449707,0.13642700016498566,60831.368761599995
467,2460831.8687616,347.546477,51.2530779,1,19.31089973449707,0.13642700016498566,60831.368761599995
473,2460826.9311574,347.5463818,51.253059,1,19.53619956970215,0.17580699920654297,60826.4311573999
474,2460826.9297338,347.5464371,51.2530568,1,18.818099975585938,0.12356600165367126,60826.42973379977
475,2460826.9297338,347.5464371,51.2530568,1,18.818099975585938,0.12356600165367126,60826.42973379977
477,2460821.8877778,347.5465944,51.2530498,1,19.770599365234375,0.20419800281524658,60821.387777800206
478,2460821.8680671,347.5466239,51.2531206,2,19.854000091552734,0.2327899932861328,60821.36806710018
479,2460819.9642014,347.5464977,51.2530806,1,18.90410041809082,0.1022770032286644,60819.46420140006
480,2460819.9642014,347.5464977,51.2530806,1,18.90410041809082,0.1022770032286644,60819.46420140006
481,2460819.9526968,347.546545,51.2530134,1,19.63319969177246,0.18957500159740448,60819.45269680023
482,2460819.9526968,347.546545,51.2530134,1,19.63319969177246,0.18957500159740448,60819.45269680023
483,2460819.9121528,347.546468,51.2530353,2,19.644500732421875,0.2102610021829605,60819.41215279978
484,2460819.9121528,347.546468,51.2530353,2,19.644500732421875,0.2102610021829605,60819.41215279978
485,2460819.9116782,347.546574,51.2530494,2,19.77199935913086,0.1743060052394867,60819.41167820012
486,2460817.9647106,347.546517,51.2530913,1,19.576099395751953,0.17203199863433838,60817.46471060021
487,2460817.9642361,347.5464937,51.2530988,1,18.92300033569336,0.06363800168037415,60817.464236100204
488,2460817.9522338,347.5467042,51.2530045,1,19.89889907836914,0.22912700474262238,60817.4522338002
489,2460817.9258218,347.5465005,51.2530881,2,18.981800079345703,0.09714499861001968,60817.425821799785
490,2460817.9045833,347.5463849,51.2530424,2,20.01140022277832,0.1863970011472702,60817.4045833
491,2460817.9031713,347.5463226,51.2531643,2,20.064599990844727,0.2689589858055115,60817.40317129996
492,2460814.9704167,347.546867,51.2530467,1,19.931299209594727,0.33319398760795593,60814.4704167
493,2460814.9699421,347.5465387,51.2530809,1,18.990299224853516,0.11557299643754959,60814.46994209988
494,2460814.9671065,347.5464654,51.2530689,1,19.756900787353516,0.23222899436950684,60814.467106500175
495,2460814.9304282,347.546675,51.253077,2,19.74489974975586,0.26585400104522705,60814.430428199936
497,2460814.9294907,347.5464892,51.253028,2,19.227399826049805,0.19601300358772278,60814.4294906999
498,2460802.9916898,347.5465518,51.2530938,2,19.598100662231445,0.20229700207710266,60802.49168979982
499,2460802.9912269,347.5464386,51.2530746,2,19.75860023498535,0.2232629954814911,60802.4912268999
500,2460802.9575,347.5465393,51.2531014,1,18.841899871826172,0.08003199845552444,60802.45750000002
501,2460802.9570255,347.5466682,51.2530749,1,19.658899307250977,0.17842300236225128,60802.457025500014
503,2460781.9940394,347.5465352,51.2530876,2,18.834699630737305,0.17870000004768372,60781.494039400015
504,2460710.6203356,347.5465002,51.2530375,2,18.864086151123047,0.09695732593536377,60710.12033559987
505,2460699.6612731,347.5466031,51.2531305,1,18.82360076904297,0.22619499266147614,60699.16127309995
506,2460699.6608102,347.5467816,51.2528608,1,19.21150016784668,0.3410950005054474,60699.16081020003
508,2460699.6173032,347.5467644,51.2531255,2,19.624300003051758,0.19073200225830078,60699.117303200066
509,2460699.6168403,347.546784,51.2531463,2,19.492700576782227,0.2843489944934845,60699.11684030015
511,2460697.6328125,347.5463133,51.2528961,1,18.136199951171875,0.3307400047779083,60697.1328125
514,2460694.6724421,347.5463887,51.2529825,1,19.347700119018555,0.19447900354862213,60694.17244210001
516,2460694.6351157,347.5465455,51.2531093,1,18.881999969482422,0.15575599670410156,60694.13511569984
517,2460694.6175231,347.5465681,51.2530746,2,19.79640007019043,0.2494489997625351,60694.11752310023
518,2460694.6150694,347.5466127,51.2530451,2,19.874500274658203,0.18903499841690063,60694.11506940005
519,2460694.6145949,347.546489,51.2530771,2,19.01810073852539,0.1218620017170906,60694.11459490005
521,2460690.6635069,347.5467385,51.2528472,2,18.955400466918945,0.375203013420105,60690.16350689996
523,2460690.6389583,347.5463316,51.2530454,1,18.75860023498535,0.22172799706459045,60690.1389583
528,2460688.6228125,347.5465107,51.2530334,2,18.877099990844727,0.1658480018377304,60688.12281250022
537,2460684.6754398,347.5466909,51.2529682,2,19.36079978942871,0.25686100125312805,60684.175439800136
542,2460681.6338889,347.5464775,51.253077,1,18.909500122070312,0.08055000007152557,60681.133888899814
543,2460681.6334259,347.54651,51.2530094,1,19.475400924682617,0.1532289981842041,60681.13342589978
544,2460681.6124537,347.5465069,51.2530832,2,19.547399520874023,0.17966799437999725,60681.11245370004
545,2460679.6410185,347.5465673,51.2529867,2,19.792699813842773,0.2238290011882782,60679.141018500086
546,2460679.640544,347.5465433,51.2530974,2,19.575300216674805,0.16254399716854095,60679.14054400008
547,2460679.6400694,347.5465464,51.2530601,2,18.79290008544922,0.1115109995007515,60679.14006939996
548,2460679.6109954,347.5465263,51.2530843,1,18.906999588012695,0.0830409973859787,60679.11099540023
549,2460679.6086343,347.5465596,51.2530207,1,19.659400939941406,0.2231689989566803,60679.108634300064
550,2460679.5991204,347.54647,51.2530271,1,19.566499710083008,0.1768449991941452,60679.099120399915
551,2460677.6983449,347.54645,51.2531029,1,18.795848846435547,0.13227912783622742,60677.19834489981
552,2460677.6983449,347.54645,51.2531029,1,18.795799255371094,0.13227899372577667,60677.19834489981
553,2460677.6430556,347.5465255,51.2531123,2,19.470800399780273,0.15812000632286072,60677.143055600114
554,2460677.6430556,347.5465255,51.2531123,2,19.470800399780273,0.15812000632286072,60677.143055600114
555,2460677.6377315,347.5464896,51.2530484,2,18.715599060058594,0.0848039984703064,60677.13773149997
556,2460677.6377315,347.5464896,51.2530484,2,18.715599060058594,0.0848039984703064,60677.13773149997
557,2460677.6188657,347.5464719,51.2530979,2,18.725000381469727,0.11520099639892578,60677.11886569997
558,2460677.6188657,347.5464719,51.2530979,2,18.725000381469727,0.11520099639892578,60677.11886569997
559,2460675.6584028,347.5464438,51.2530783,2,18.724000930786133,0.11119700223207474,60675.158402800094
560,2460675.6579398,347.5465893,51.2530475,2,19.695100784301758,0.19771599769592285,60675.15793980006
562,2460675.5988194,347.54652,51.2530866,1,19.449800491333008,0.1515509933233261,60675.098819400184
563,2460675.5983449,347.5464769,51.2530752,1,18.869300842285156,0.07961100339889526,60675.09834490018
564,2460675.5959491,347.546678,51.2530544,1,19.80929946899414,0.2515450119972229,60675.095949099865
565,2460673.7451852,347.5468715,51.25315,1,19.855600357055664,0.26816099882125854,60673.245185200125
566,2460673.7447106,347.5464875,51.2531006,1,18.79290008544922,0.09728799760341644,60673.2447106
567,2460673.6347801,347.546579,51.2530165,2,19.556699752807617,0.27214398980140686,60673.13478010008
568,2460673.6185764,347.5465317,51.2530782,2,18.867900848388672,0.150859996676445,60673.11857639998
569,2460673.6181019,347.5466085,51.2530119,2,19.793399810791016,0.2789579927921295,60673.11810189998
574,2460667.6776736,347.5466089,51.2530662,2,19.703699111938477,0.1557539999485016,60667.17767360015
575,2460667.6771991,347.5465354,51.2531216,2,19.731300354003906,0.1861419975757599,60667.177199100144
576,2460667.6767245,347.5464873,51.2530817,2,18.874000549316406,0.089369997382164,60667.17672450002
577,2460667.6183333,347.5464909,51.2530889,1,19.485000610351562,0.16879799962043762,60667.11833330011
578,2460667.6022801,347.5465123,51.2530892,1,18.85409927368164,0.07915999740362167,60667.102280099876
579,2460667.6003356,347.5464398,51.2530611,1,19.624000549316406,0.17210699617862701,60667.100335599855
580,2460665.6743634,347.5464743,51.2531056,1,19.651899337768555,0.1727129966020584,60665.174363399856
581,2460665.6738889,347.5464832,51.2530809,1,18.957199096679688,0.09469299763441086,60665.17388889985
583,2460665.6402431,347.5465016,51.2530638,2,18.947500228881836,0.09631200134754181,60665.1402431
584,2460665.6219444,347.5465479,51.2531374,2,19.802200317382812,0.17501600086688995,60665.121944400016
585,2460665.597662,347.5465743,51.2530137,1,19.654800415039062,0.17965400218963623,60665.097661999986
588,2460663.7366782,347.5464809,51.2530164,1,19.008899688720703,0.1143219992518425,60663.23667819984
591,2460663.6242593,347.5465154,51.2530763,2,19.257299423217773,0.15536199510097504,60663.124259300064
592,2460660.7196875,347.5464393,51.2530132,1,18.77630043029785,0.13815400004386902,60660.21968750004
593,2460660.6803356,347.5464416,51.2530733,2,18.885799407958984,0.1441970020532608,60660.18033559993
598,2460658.7559375,347.5464047,51.2530616,1,18.905799865722656,0.17156200110912323,60658.255937499925
600,2460658.6533333,347.54647,51.2531036,2,19.042400360107422,0.12322500348091125,60658.15333329979
607,2460654.6412963,347.5464296,51.2531084,2,19.36280059814453,0.1883780062198639,60654.141296300106
608,2460653.6545833,347.5464174,51.2530279,1,19.781600952148438,0.20134800672531128,60653.1545833
612,2460652.6432986,347.5465183,51.2531857,2,20.05270004272461,0.19917400181293488,60652.14329859987
614,2460651.7049884,347.5464378,51.253091,1,19.88599967956543,0.2434680014848709,60651.204988399986
615,2460651.7045139,347.5464969,51.2530525,1,19.067699432373047,0.09338899701833725,60651.20451389998
616,2460651.6386111,347.5464867,51.2530945,2,18.986799240112305,0.09144899994134903,60651.13861110015
617,2460651.6381366,347.5465818,51.2530724,2,19.948699951171875,0.2142689973115921,60651.138136600144
619,2460650.6764352,347.5463027,51.2531394,1,20.074600219726562,0.2671999931335449,60650.17643520003
620,2460649.7384954,347.5464664,51.253069,2,18.515399932861328,0.065591000020504,60649.238495400175
621,2460649.721169,347.5465134,51.2530652,2,19.38050079345703,0.12868599593639374,60649.221169000026
622,2460649.6972917,347.5465042,51.2530553,1,19.096599578857422,0.09350699931383133,60649.19729170017
623,2460648.6774537,347.5464422,51.2530657,1,18.311199188232422,0.07576499879360199,60648.17745369999
624,2460648.6590278,347.5464455,51.2530622,2,18.409400939941406,0.08668900281190872,60648.159027799964
625,2460647.6778125,347.5464878,51.2530935,2,18.304800033569336,0.061758000403642654,60647.177812499925
627,2460647.677338,347.5464809,51.2530742,2,18.610200881958008,0.12253499776124954,60647.17733799992
630,2460645.8034954,347.5465416,51.253052,1,17.947599411010742,0.1506350040435791,60645.30349540012
631,2460645.8030324,347.5466101,51.2531505,1,18.39620018005371,0.16808199882507324,60645.30303240009
634,2460643.7020602,347.5465234,51.2530483,2,17.83799934387207,0.05114699900150299,60643.20206019981
635,2460643.6967824,347.5464892,51.2530573,2,17.89299964904785,0.07396499812602997,60643.1967823999
636,2460643.6819213,347.5465447,51.2530797,2,18.192800521850586,0.07160300016403198,60643.18192130001
640,2460639.7656713,347.546529,51.2530599,1,17.396299362182617,0.07412999868392944,60639.26567129977
641,2460639.6986227,347.5464833,51.2530718,1,17.286300659179688,0.05617000162601471,60639.19862269983
642,2460639.6981481,347.5465134,51.2530745,1,17.293899536132812,0.056995000690221786,60639.19814810017
643,2460639.6579977,347.5464669,51.2530735,2,17.454299926757812,0.05280499905347824,60639.15799769992
644,2460636.7861458,347.5465316,51.2530533,1,18.768199920654297,0.11138200014829636,60636.28614579979
645,2460636.7656597,347.546408,51.2530656,1,18.678300857543945,0.09850899875164032,60636.26565970015
646,2460636.7651852,347.5465631,51.2530467,1,19.30590057373047,0.1368750035762787,60636.26518520014
647,2460636.738125,347.5464788,51.2530994,2,18.645099639892578,0.07840999960899353,60636.23812500015
648,2460636.725544,347.5465123,51.253077,2,19.227399826049805,0.11536499857902527,60636.225544000044
649,2460636.7068634,347.5464561,51.2530386,2,18.627199172973633,0.07534699887037277,60636.20686340006
651,2460634.7421528,347.5465668,51.2530613,1,19.042699813842773,0.14558500051498413,60634.24215279985
653,2460634.6961111,347.546448,51.2531028,2,19.132600784301758,0.22551099956035614,60634.196111099795
655,2460634.6779051,347.5466742,51.252954,1,19.986400604248047,0.2958579957485199,60634.17790509993
657,2460632.6335995,347.5464643,51.2531033,1,18.806900024414062,0.0811149999499321,60632.13359950017
659,2460629.6975694,347.5466447,51.2531914,1,19.42490005493164,0.2825259864330292,60629.19756940007
662,2460629.6572917,347.5464372,51.2531296,2,19.371299743652344,0.21554000675678253,60629.15729170013
663,2460629.6568171,347.546388,51.2531033,2,19.616300582885742,0.31795600056648254,60629.15681710001
667,2460627.6827546,347.5463065,51.253112,1,18.984100341796875,0.1502549946308136,60627.182754599955
669,2460625.8477546,347.5465397,51.2531128,2,19.82710075378418,0.24673399329185486,60625.34775459999
670,2460625.7076042,347.5464427,51.2530558,1,19.497699737548828,0.1981309950351715,60625.20760420011
671,2460625.7071296,347.5464292,51.2531028,1,18.88010025024414,0.09765499830245972,60625.20712959999
673,2460625.6599769,347.5464896,51.2530754,2,19.875600814819336,0.2544429898262024,60625.15997690009
674,2460625.6585648,347.5464887,51.2530669,2,18.851600646972656,0.09192100167274475,60625.15856479993
675,2460623.655625,347.546435,51.2531118,2,19.983299255371094,0.23175999522209167,60623.15562500013
678,2460623.6168519,347.546399,51.2530948,1,19.843599319458008,0.21376900374889374,60623.11685189977
679,2460623.6159028,347.546527,51.2530925,1,18.999000549316406,0.08969300240278244,60623.11590280011
683,2460621.6558796,347.5465341,51.2530511,1,18.74839973449707,0.1126990020275116,60621.15587959997
684,2460621.6340046,347.5463317,51.2530711,1,19.294300079345703,0.1293649971485138,60621.13400459988
689,2460616.8708565,347.5464691,51.2529908,1,19.620100021362305,0.18401899933815002,60616.37085650023
690,2460616.869919,347.5466033,51.2530968,1,19.933300018310547,0.2178869992494583,60616.36991900019
691,2460616.8694444,347.5465019,51.2530997,1,18.883399963378906,0.07234600186347961,60616.36944440007
692,2460616.8395486,347.546523,51.2530801,2,18.988399505615234,0.10977199673652649,60616.339548599906
693,2460616.8390741,347.546551,51.253099,2,19.866500854492188,0.22984400391578674,60616.3390740999
695,2460614.8732755,347.5465661,51.2530209,1,19.570600509643555,0.21423299610614777,60614.37327549979
696,2460614.872338,347.5464641,51.2530677,1,19.44700050354004,0.17915399372577667,60614.37233800022
697,2460614.7003704,347.5464178,51.2530626,2,19.16629981994629,0.13475799560546875,60614.20037040021
698,2460614.6984606,347.5464676,51.2531005,2,19.113800048828125,0.11456699669361115,60614.19846059987
702,2460609.7909491,347.5464957,51.2531014,2,19.642799377441406,0.17510099709033966,60609.29094910016
703,2460609.7904745,347.5464698,51.2530778,2,18.871999740600586,0.08862899988889694,60609.29047450004
704,2460609.7904745,347.5464698,51.2530778,2,18.871999740600586,0.08862899988889694,60609.29047450004
705,2460609.7904745,347.5464698,51.2530778,2,18.871999740600586,0.08862899988889694,60609.29047450004
706,2460609.7904745,347.5464698,51.2530778,2,18.871999740600586,0.08862899988889694,60609.29047450004
707,2460609.7435185,347.546496,51.253098,1,18.82939910888672,0.0663520023226738,60609.24351850012
708,2460609.743044,347.5464364,51.253097,1,19.55500030517578,0.14448699355125427,60609.24304400012
709,2460608.7453009,347.5467209,51.2530104,1,20.224000930786133,0.2005929946899414,60608.24530090019
710,2460608.6779514,347.5465068,51.2530713,2,19.69610023498535,0.1891230046749115,60608.17795140017
711,2460607.72375,347.5464379,51.2530706,1,19.615400314331055,0.2157279998064041,60607.22374999989
712,2460607.7232755,347.5464744,51.253101,1,18.905000686645508,0.0663670003414154,60607.223275499884
713,2460607.6818519,347.5466008,51.2530474,2,19.963600158691406,0.18650099635124207,60607.18185190018
714,2460607.6813773,347.5464783,51.2530562,2,18.928499221801758,0.08402799814939499,60607.18137730006
715,2460606.7796065,347.5464987,51.253012,2,19.617399215698242,0.16858400404453278,60606.279606500175
716,2460606.7140046,347.5466377,51.2530185,1,19.782400131225586,0.15914100408554077,60606.214004599955
719,2460603.7373495,347.5465175,51.2530586,1,18.78420066833496,0.15052400529384613,60603.23734949995
720,2460603.6846296,347.5464993,51.2530248,2,19.465099334716797,0.18265800178050995,60603.18462960003
722,2460602.7179167,347.5465201,51.2530488,2,18.440000534057617,0.16363200545310974,60602.21791670006
723,2460602.7179167,347.5465201,51.2530488,2,18.440000534057617,0.16363200545310974,60602.21791670006
724,2460600.8005093,347.546524,51.2530576,1,18.872400283813477,0.14196300506591797,60600.30050930008
726,2460600.7040046,347.5464087,51.2530719,2,19.527000427246094,0.2404949963092804,60600.20400460018
728,2460599.8224074,347.5465421,51.2531189,2,19.731700897216797,0.2115190029144287,60599.32240739977
729,2460598.8253819,347.5464443,51.2530882,2,18.708900451660156,0.12159900367259979,60598.325381900184
730,2460598.6996759,347.5464213,51.2531248,1,19.55769920349121,0.23252099752426147,60598.19967589993
731,2460598.6987269,347.5464821,51.2530867,1,18.8351993560791,0.10872200131416321,60598.19872689992
732,2460598.6416898,347.5465907,51.2530624,2,19.518699645996094,0.20218800008296967,60598.14168980019
733,2460597.7864931,347.5465783,51.2530963,2,19.595699310302734,0.20296399295330048,60597.286493100226
734,2460597.7155556,347.5466651,51.2529328,1,19.691999435424805,0.2702229917049408,60597.21555559989
735,2460596.7184375,347.5464396,51.2530829,1,19.567100524902344,0.21904300153255463,60596.21843749983
736,2460596.7174884,347.5464816,51.2530903,1,18.894399642944336,0.07727199792861938,60596.21748840017
737,2460596.6557176,347.546549,51.2530368,2,19.69700050354004,0.13387100398540497,60596.15571760014
738,2460596.6552431,347.5464863,51.2530947,2,18.779499053955078,0.0945969969034195,60596.15524310013
739,2460595.8014815,347.5465379,51.2530442,1,19.70490074157715,0.29893699288368225,60595.3014814998
740,2460595.6972454,347.5463537,51.2533124,2,19.896099090576172,0.33212199807167053,60595.19724539993
742,2460594.7363889,347.5463294,51.2531307,1,19.30470085144043,0.12623700499534607,60594.23638889985
744,2460594.7161227,347.5465401,51.2530726,2,19.248199462890625,0.15117399394512177,60594.2161226999
745,2460594.7146528,347.5467849,51.2530969,2,20.274499893188477,0.3167150020599365,60594.2146528
747,2460592.7445255,347.546443,51.2530699,2,18.43239974975586,0.06827999651432037,60592.24452550011
748,2460592.7435648,347.5464603,51.2530839,2,18.402000427246094,0.08716800063848495,60592.243564799894
749,2460592.7412037,347.5465272,51.2530549,2,18.97570037841797,0.09555000066757202,60592.24120370019
750,2460592.7203241,347.5464877,51.2530459,1,18.4591007232666,0.07040099799633026,60592.220324099995
751,2460592.6991319,347.5464885,51.2530591,1,18.849300384521484,0.07493899762630463,60592.19913189998
752,2460592.6986574,347.5464163,51.25306,1,18.423999786376953,0.07152599841356277,60592.198657399975
753,2460583.8911111,347.5465164,51.2530183,1,18.808700561523438,0.09681300073862076,60583.39111110009
754,2460583.8737037,347.5464557,51.2530743,1,18.716299057006836,0.09585399925708771,60583.373703700025
755,2460583.8722454,347.5465123,51.2530717,1,19.38949966430664,0.11369600147008896,60583.37224540021
756,2460583.6870833,347.5464473,51.2530396,2,18.61750030517578,0.08557000011205673,60583.1870833002
757,2460583.6866088,347.5464295,51.253032,2,19.267799377441406,0.14756500720977783,60583.1866088002
758,2460583.6643519,347.5464438,51.2530986,2,18.527099609375,0.060791000723838806,60583.16435190011
759,2460581.9548611,347.5465448,51.2531383,2,19.797700881958008,0.2284960001707077,60581.45486109983
760,2460581.6360648,347.5466248,51.2530234,1,19.670400619506836,0.15339499711990356,60581.13606479997
761,2460580.9884722,347.5464328,51.2531267,1,19.570100784301758,0.24699899554252625,60580.4884722
762,2460580.9879977,347.5464834,51.2531089,1,18.914499282836914,0.08943600207567215,60580.487997699995
763,2460580.9109722,347.5464886,51.2530735,2,18.906999588012695,0.08679500222206116,60580.41097219987
764,2460580.9100231,347.5464692,51.2530785,2,19.71489906311035,0.1613450050354004,60580.41002310021
765,2460579.7814699,347.5468283,51.2529886,1,20.515399932861328,0.2810620069503784,60579.28146990016
767,2460578.8523611,347.5465207,51.2530759,2,18.988500595092773,0.09957200288772583,60578.352361099795
768,2460578.7442014,347.5464475,51.2530165,1,19.67840003967285,0.14561699330806732,60578.24420139985
769,2460578.7432176,347.5464611,51.2531032,1,18.949600219726562,0.07071799784898758,60578.243217600044
770,2460578.7209491,347.5465813,51.2530322,2,19.95669937133789,0.199195995926857,60578.220949099865
771,2460577.8185417,347.5465094,51.2530814,3,19.421499252319336,0.21394699811935425,60577.31854170002
772,2460577.7632639,347.546461,51.2530792,2,18.913799285888672,0.08107300102710724,60577.26326389983
773,2460577.7496759,347.546483,51.2530902,1,19.52440071105957,0.18128900229930878,60577.24967590021
774,2460576.7912731,347.546544,51.2531176,3,19.124500274658203,0.10549899935722351,60576.291273099836
775,2460576.7645255,347.5464742,51.2531253,1,19.43630027770996,0.14214099943637848,60576.264525500126
776,2460576.7203356,347.5464799,51.2530876,2,18.85810089111328,0.09687499701976776,60576.220335599966
777,2460575.8485069,347.5464744,51.2530872,2,18.95400047302246,0.10231799632310867,60575.348506900016
778,2460575.7609954,347.5464781,51.2531,3,19.43779945373535,0.14068999886512756,60575.26099540014
779,2460575.6608681,347.5464991,51.2531392,1,19.619199752807617,0.16408899426460266,60575.16086809989
780,2460572.8631366,347.5464246,51.2530485,1,19.21769905090332,0.21566900610923767,60572.36313659977
782,2460572.7818981,347.5464801,51.2529873,2,19.597700119018555,0.1989389955997467,60572.28189809993
783,2460572.7814236,347.5464206,51.2530847,2,19.734100341796875,0.2802650034427643,60572.281423599925
784,2460569.8237616,347.5465551,51.2530937,2,18.96489906311035,0.1441670060157776,60569.32376160007
786,2460569.8005093,347.5465614,51.253033,1,18.8927001953125,0.16591599583625793,60569.30050930008
787,2460569.7683912,347.5467447,51.2529992,1,19.73349952697754,0.3344230055809021,60569.268391199876
788,2460569.7649421,347.5465781,51.2530208,1,19.576200485229492,0.2358749955892563,60569.264942099806
789,2460566.8862731,347.5465418,51.2530643,2,19.844100952148438,0.21383099257946014,60566.38627310004
790,2460566.8649074,347.5464877,51.2530776,2,19.057300567626953,0.11533699929714203,60566.36490740022
791,2460566.8644444,347.546503,51.2530906,2,19.052400588989258,0.13850000500679016,60566.364444400184
792,2460566.8503009,347.5465588,51.2529878,1,20.022300720214844,0.22893700003623962,60566.35030090017
793,2460566.8498264,347.5465482,51.2530601,1,19.173500061035156,0.17629599571228027,60566.34982640017
794,2460566.8488657,347.546398,51.2531067,1,18.99970054626465,0.13706600666046143,60566.348865699954
795,2460564.8714583,347.5464841,51.253113,2,19.704700469970703,0.14799199998378754,60564.371458299924
796,2460564.8390509,347.5465649,51.2530984,2,19.888599395751953,0.18271400034427643,60564.33905090019
797,2460564.8209722,347.5464855,51.2530626,2,18.889699935913086,0.08088299632072449,60564.32097220002
798,2460564.7624306,347.5466091,51.2530331,1,19.78580093383789,0.1740719974040985,60564.26243059989
799,2460564.7619676,347.5464665,51.2530943,1,18.910999298095703,0.08716800063848495,60564.26196759986
800,2460564.7580671,347.5464515,51.2530991,1,19.534900665283203,0.21034500002861023,60564.25806709984
801,2460562.801875,347.5465158,51.2530864,1,18.962299346923828,0.0927639976143837,60562.30187499989
802,2460562.8009259,347.5465074,51.2531044,1,19.767499923706055,0.16550500690937042,60562.30092590023
803,2460562.7841204,347.5464693,51.2530977,2,18.971900939941406,0.10427600145339966,60562.28412039997
804,2460562.7806713,347.5465176,51.2530625,2,20.04400062561035,0.24089300632476807,60562.2806712999
805,2460562.7801968,347.546555,51.2531306,2,19.875699996948242,0.23123200237751007,60562.2801967999
806,2460562.7410301,347.5465806,51.2530908,1,19.899499893188477,0.26225200295448303,60562.2410300998
813,2460558.8660301,347.5464546,51.2531003,1,19.631000518798828,0.19879800081253052,60558.3660300998
814,2460558.8217361,347.5465994,51.253012,2,19.843900680541992,0.13491299748420715,60558.32173610013
815,2460558.8212731,347.5465303,51.2531229,2,19.85610008239746,0.1668030023574829,60558.3212731001
816,2460558.8078125,347.5464949,51.2530739,2,18.975400924682617,0.09382999688386917,60558.307812499814
817,2460558.785625,347.5464827,51.2531034,1,18.911800384521484,0.07486700266599655,60558.28562500002
818,2460558.7684144,347.5466265,51.2530788,1,19.95159912109375,0.22516599297523499,60558.26841440005
819,2460556.9245255,347.5464518,51.2530915,1,18.964099884033203,0.06956200301647186,60556.42452549981
820,2460556.9079977,347.5466999,51.2529561,1,19.83289909362793,0.21679900586605072,60556.40799769992
821,2460556.9075231,347.5464385,51.2530476,1,19.915300369262695,0.20025800168514252,60556.4075230998
822,2460556.8191319,347.5465718,51.2530464,2,19.869300842285156,0.1870640069246292,60556.31913190009
823,2460556.7970023,347.5464691,51.2530941,2,18.92690086364746,0.07787299901247025,60556.297002300154
824,2460556.7766898,347.546502,51.2531658,2,20.068899154663086,0.25042998790740967,60556.27668979997
825,2460553.8609028,347.5465552,51.2530533,1,19.929000854492188,0.20506900548934937,60553.360902800225
826,2460553.840625,347.5462972,51.2530683,1,19.802499771118164,0.21845200657844543,60553.340625000186
827,2460553.840162,347.5465337,51.2530976,1,20.781400680541992,0.22154900431632996,60553.34016200015
829,2460553.7878356,347.5463895,51.2529417,2,20.476499557495117,0.31847599148750305,60553.287835599855
831,2460551.8907639,347.5465015,51.2530665,2,19.020999908447266,0.10568200051784515,60551.39076389978
832,2460551.8907639,347.5465015,51.2530665,2,19.020999908447266,0.10568200051784515,60551.39076389978
834,2460551.8903009,347.5465584,51.2530741,2,19.943899154663086,0.16868500411510468,60551.39030090021
836,2460551.8415162,347.5465252,51.2531038,1,19.641300201416016,0.13621999323368073,60551.34151619999
838,2460551.8308102,347.5465881,51.2529468,1,19.756200790405273,0.2308170050382614,60551.33081019996
840,2460551.8303356,347.5464592,51.2530919,1,18.90839958190918,0.06756900250911713,60551.330335599836
842,2460551.7653009,347.5465702,51.2531475,2,19.844100952148438,0.22324499487876892,60551.26530090021
844,2460549.8470023,347.5464984,51.253153,2,20.1471004486084,0.26112300157546997,60549.34700229997
845,2460549.8465278,347.5465308,51.2530273,2,20.308700561523438,0.24475300312042236,60549.346527799964
846,2460549.8455787,347.5464814,51.2530985,2,19.237899780273438,0.11063899844884872,60549.34557869984
847,2460549.8046644,347.5464804,51.2531297,1,19.949199676513672,0.21158400177955627,60549.30466439994
848,2460549.8041898,347.5467874,51.253052,1,20.22170066833496,0.29924100637435913,60549.30418979982
849,2460549.8037269,347.5464785,51.2530932,1,19.05470085144043,0.07991199940443039,60549.3037268999
850,2460547.9459144,347.5464862,51.2530319,2,19.870500564575195,0.20114199817180634,60547.44591439981
851,2460547.9075694,347.5464883,51.2530742,2,18.984500885009766,0.08417300134897232,60547.407569400035
852,2460547.8262731,347.5465021,51.2530601,1,19.385499954223633,0.19139300286769867,60547.326273099985
854,2460547.7794213,347.5463783,51.253134,1,19.457300186157227,0.14812999963760376,60547.27942130016
855,2460547.7605671,347.546356,51.2530242,2,19.702299118041992,0.1634880006313324,60547.26056709979
856,2460545.8599653,347.5466223,51.2528838,2,20.174400329589844,0.27493199706077576,60545.35996530019
857,2460545.8595023,347.546525,51.253083,2,19.05120086669922,0.13984499871730804,60545.359502300154
858,2460545.8514236,347.5464856,51.2531133,1,18.94339942932129,0.10809899866580963,60545.35142360022
859,2460545.8504282,347.546558,51.2531244,1,19.767000198364258,0.20136600732803345,60545.35042819986
865,2460543.8454861,347.5463943,51.2530938,1,19.43183708190918,0.16081909835338593,60543.34548609983
866,2460543.8454861,347.5463943,51.2530938,1,19.431800842285156,0.16081899404525757,60543.34548609983
867,2460540.9070949,347.5464108,51.25302,2,18.36669921875,0.0833899974822998,60540.40709490003
868,2460540.8603125,347.5464586,51.2530415,1,18.205799102783203,0.10782100260257721,60540.36031250004
869,2460539.9063079,347.5465123,51.253063,1,18.335899353027344,0.0712210014462471,60539.40630789986
870,2460539.8871875,347.5465278,51.2530741,2,18.617900848388672,0.0947209969162941,60539.38718750002
871,2460539.8185069,347.5464697,51.2531164,2,18.26759910583496,0.0777909979224205,60539.31850690022
872,2460538.8882986,347.5464581,51.2530656,2,18.067800521850586,0.054565999656915665,60538.38829859998
873,2460538.865706,347.5464669,51.2530771,1,18.075899124145508,0.0723010003566742,60538.36570600001
874,2460537.9369444,347.5464654,51.2530701,2,18.027599334716797,0.05892400071024895,60537.43694439996
875,2460537.9161574,347.5465074,51.2530639,1,18.07040023803711,0.0721220001578331,60537.41615739977
876,2460537.9161574,347.5465074,51.2530639,1,18.07040023803711,0.0721220001578331,60537.41615739977
877,2460537.865463,347.5464771,51.2530764,1,18.218700408935547,0.04468199983239174,60537.36546299979
878,2460537.865463,347.5464771,51.2530764,1,18.218700408935547,0.04468199983239174,60537.36546299979
879,2460537.8060069,347.546503,51.2530959,2,18.31800079345703,0.0767659991979599,60537.306006900035
880,2460537.8060069,347.546503,51.2530959,2,18.31800079345703,0.0767659991979599,60537.306006900035
881,2460536.8671644,347.5464619,51.2530934,2,17.974517822265625,0.06962815672159195,60536.36716439994
882,2460536.8671644,347.5464619,51.2530934,2,17.97450065612793,0.06962800025939941,60536.36716439994
883,2460536.8244907,347.5464541,51.2530549,1,18.0403995513916,0.05971900001168251,60536.32449069992
884,2460536.8244907,347.5464541,51.2530549,1,18.0403995513916,0.05971900001168251,60536.32449069992
886,2460533.8495255,347.5464973,51.2530717,2,17.755199432373047,0.040936000645160675,60533.34952550009
887,2460533.8026736,347.5464827,51.2530602,1,17.578500747680664,0.03736500069499016,60533.30267360015
888,2460532.8428588,347.5464939,51.2530788,2,17.652599334716797,0.03912099823355675,60532.3428588002
889,2460532.8064931,347.5465002,51.253071,1,17.51729965209961,0.04646399989724159,60532.30649309978
890,2460531.8856944,347.546473,51.2530906,2,17.193199157714844,0.040908001363277435,60531.38569439994
892,2460531.8449306,347.5464801,51.2530825,1,17.368600845336914,0.06555099785327911,60531.34493059991
893,2460531.844456,347.5464947,51.2530677,1,17.32469940185547,0.06500200182199478,60531.34445599979
894,2460531.8414583,347.5464702,51.2530821,1,17.4822998046875,0.04002999886870384,60531.34145830013
895,2460531.7888542,347.5464766,51.2530618,2,17.563199996948242,0.04637200012803078,60531.28885419993
896,2460529.8870486,347.5464523,51.2530898,2,18.786699295043945,0.11177899688482285,60529.387048599776
897,2460529.8860995,347.5465278,51.2530757,2,19.742900848388672,0.1811619997024536,60529.386099500116
898,2460529.8643403,347.5464377,51.2530419,2,18.738100051879883,0.0834140032529831,60529.364340300206
899,2460529.8540394,347.5464465,51.2530579,1,19.771299362182617,0.12518399953842163,60529.354039399885
900,2460529.8260185,347.5464413,51.2530718,1,18.838499069213867,0.1218860000371933,60529.32601850014
901,2460527.9073611,347.5464149,51.2530814,2,19.37779998779297,0.12766900658607483,60527.40736109996
902,2460527.9073611,347.5464149,51.2530814,2,19.37779998779297,0.12766900658607483,60527.40736109996
904,2460527.8880556,347.5463975,51.2530293,2,19.540000915527344,0.1353980004787445,60527.388055600226
905,2460527.8455556,347.5465682,51.2529427,1,20.52899932861328,0.24413800239562988,60527.34555559978
906,2460527.8455556,347.5465682,51.2529427,1,20.52899932861328,0.24413800239562988,60527.34555559978
908,2460527.8253704,347.5465059,51.253122,1,19.91160011291504,0.1552869975566864,60527.32537040021
909,2460527.8253704,347.5465059,51.253122,1,19.91160011291504,0.1552869975566864,60527.32537040021
910,2460525.9090741,347.5464678,51.2531021,2,18.962499618530273,0.10096000134944916,60525.4090741002
911,2460525.908125,347.54657,51.2530606,2,20.015899658203125,0.19296200573444366,60525.408125000075
912,2460525.9076505,347.546476,51.2531064,2,19.887399673461914,0.1875769942998886,60525.40765050007
913,2460525.867419,347.5464731,51.2531017,1,18.92449951171875,0.08177900314331055,60525.367418999784
914,2460525.867419,347.5464731,51.2531017,1,18.92449951171875,0.08177900314331055,60525.367418999784
915,2460525.8669444,347.5465209,51.253071,1,19.642499923706055,0.1564200073480606,60525.36694440013
916,2460525.8400926,347.546587,51.2530942,1,19.77050018310547,0.2714940011501312,60525.34009259986
917,2460525.8400926,347.546587,51.2530942,1,19.77050018310547,0.2714940011501312,60525.34009259986
918,2460522.9334606,347.5464851,51.253103,1,18.926700592041016,0.07386299967765808,60522.43346060021
919,2460522.905787,347.5464944,51.2530372,2,20.49530029296875,0.30987900495529175,60522.40578699997
920,2460522.8859375,347.5465725,51.2531491,2,20.067699432373047,0.2845030128955841,60522.385937499814
921,2460522.8454861,347.5466765,51.2530125,1,20.038400650024414,0.2368520051240921,60522.34548609983
922,2460521.9248958,347.546448,51.2531155,2,18.946500778198242,0.09925299882888794,60521.424895800184
923,2460521.862963,347.5465375,51.2531251,1,19.704999923706055,0.17376300692558289,60521.36296299985
924,2460521.862963,347.5465375,51.2531251,1,19.704999923706055,0.17376300692558289,60521.36296299985
925,2460520.8861227,347.5464621,51.2531228,2,19.60890007019043,0.1641940027475357,60520.38612269983
926,2460520.8856481,347.546559,51.2530865,2,19.822500228881836,0.21559199690818787,60520.38564810017
927,2460520.8856481,347.546559,51.2530865,2,19.822500228881836,0.21559199690818787,60520.38564810017
928,2460520.8438773,347.5465937,51.2530529,1,19.60110092163086,0.16593299806118011,60520.343877300154
929,2460520.8434144,347.5464674,51.2530978,1,18.85810089111328,0.07569500058889389,60520.34341439977
930,2460520.8434144,347.5464674,51.2530978,1,18.85810089111328,0.07569500058889389,60520.34341439977
931,2460519.9325579,347.5465555,51.2531459,1,19.71540069580078,0.1622229963541031,60519.43255789997
932,2460519.9325579,347.5465555,51.2531459,1,19.71540069580078,0.1622229963541031,60519.43255789997
933,2460519.883669,347.5464453,51.2530899,2,18.883699417114258,0.08680199831724167,60519.38366900012
934,2460518.9081366,347.5464868,51.2531045,1,19.05340003967285,0.0843299999833107,60518.40813660016
935,2460518.9081366,347.5464868,51.2531045,1,19.05340003967285,0.0843299999833107,60518.40813660016
936,2460518.8914468,347.5466621,51.2530694,1,19.970500946044922,0.26444900035858154,60518.39144679997
938,2460518.8502778,347.5465861,51.2531853,2,20.292800903320312,0.3412329852581024,60518.35027780011
939,2460516.9107407,347.5465259,51.2531074,2,19.025699615478516,0.16000699996948242,60516.410740700085
940,2460516.8278819,347.5465649,51.2530882,1,18.715200424194336,0.1382019966840744,60516.32788190013
942,2460514.9561343,347.5464801,51.2531186,1,18.950599670410156,0.10812900215387344,60514.45613430021
943,2460514.929456,347.5465316,51.2530493,1,19.72719955444336,0.28284499049186707,60514.429456000216
946,2460514.8650463,347.5465582,51.2530886,2,19.04789924621582,0.11400400102138519,60514.365046299994
947,2460511.9289931,347.5463592,51.2530588,1,19.811199188232422,0.31032899022102356,60511.428993099835
949,2460511.9059028,347.5464584,51.2531081,1,19.029600143432617,0.12728600203990936,60511.40590280015
950,2460511.8685301,347.546449,51.2531311,2,19.802900314331055,0.2561649978160858,60511.36853010021
951,2460511.8680671,347.5464995,51.2530443,2,19.84749984741211,0.27937498688697815,60511.36806710018
952,2460511.8651736,347.5464766,51.2530897,2,19.019100189208984,0.13496500253677368,60511.36517360015
953,2460509.9052894,347.5464839,51.253086,1,19.41360092163086,0.1377120018005371,60509.4052893999
955,2460509.9037731,347.5464282,51.2530807,1,19.182899475097656,0.12406700104475021,60509.403773100115
956,2460507.9063657,347.5464657,51.2530271,1,19.914199829101562,0.17444899678230286,60507.406365700066
957,2460507.8869329,347.5464927,51.2530892,2,19.10930061340332,0.09606499969959259,60507.386932900175
958,2460505.9257176,347.5464748,51.2531021,1,18.92930030822754,0.09524299949407578,60505.425717600156
959,2460505.9092245,347.5465245,51.2530856,2,19.830299377441406,0.1589459925889969,60505.40922449995
960,2460505.8876273,347.5465156,51.2531047,2,19.577600479125977,0.1551869958639145,60505.387627299875
961,2460505.8681829,347.5465465,51.253035,1,19.677900314331055,0.18087099492549896,60505.368182899896
962,2460504.9301505,347.546488,51.253092,1,19.54759979248047,0.14011000096797943,60504.43015050003
963,2460504.9093866,347.5464723,51.253077,2,18.914499282836914,0.09637100249528885,60504.4093865999
965,2460503.9086343,347.5465735,51.2531312,2,19.95549964904785,0.1853960007429123,60503.40863429988
968,2460501.9500463,347.5464827,51.2530293,1,18.63800048828125,0.08592399954795837,60501.45004629996
969,2460501.8727894,347.5464972,51.2530366,2,19.150699615478516,0.12470600008964539,60501.372789400164
970,2460501.8727894,347.5464972,51.2530366,2,19.150699615478516,0.12470600008964539,60501.372789400164
971,2460500.9288657,347.5464967,51.2530634,1,19.378000259399414,0.10874799638986588,60500.42886570003
972,2460500.9283912,347.5463857,51.2530607,1,18.578899383544922,0.06591399759054184,60500.428391200025
973,2460500.8869213,347.5464296,51.2530623,2,18.891300201416016,0.10003799945116043,60500.38692130009
974,2460500.8864583,347.5464679,51.2530854,2,18.89189910888672,0.09439300000667572,60500.386458300054
975,2460490.9502662,347.5464797,51.2530599,1,19.169599533081055,0.09999699890613556,60490.45026620012
976,2460490.9493287,347.5465084,51.2530664,1,18.652000427246094,0.09640199691057205,60490.44932870008
977,2460490.9488542,347.5464631,51.2530404,1,18.544300079345703,0.0947289988398552,60490.448854200076
978,2460490.9111227,347.5464431,51.253061,2,18.697099685668945,0.07908199727535248,60490.4111227002
979,2460490.9030208,347.5464531,51.2530762,2,18.550899505615234,0.08094999939203262,60490.40302080009
980,2460490.9020718,347.5465494,51.2530837,2,19.13559913635254,0.11928699910640717,60490.40207180008
981,2460488.9286806,347.5465448,51.2530042,1,19.714799880981445,0.22283199429512024,60488.42868060013
982,2460488.8573495,347.5465301,51.2531118,2,19.8523006439209,0.22351600229740143,60488.35734950006
983,2460487.9534722,347.5465179,51.2530996,1,18.871400833129883,0.07846800237894058,60487.45347219985
984,2460487.9500116,347.5464936,51.2531165,1,19.652099609375,0.2256540060043335,60487.45001159981
985,2460487.9305324,347.5466194,51.2530843,2,19.966400146484375,0.22672699391841888,60487.43053240003
986,2460487.9281481,347.546463,51.2530908,2,18.953100204467773,0.10801000148057938,60487.42814810015
988,2460485.8938194,347.5465496,51.2530995,2,19.73710060119629,0.29046300053596497,60485.39381940011
989,2460484.933044,347.5462409,51.2530591,1,19.7278995513916,0.25969600677490234,60484.43304400006
990,2460484.9102894,347.5465128,51.2531011,1,19.006500244140625,0.11316300183534622,60484.41028939979
992,2460484.8690278,347.5464403,51.2530256,2,18.964799880981445,0.13766999542713165,60484.36902779993
995,2460482.9331366,347.5465271,51.2530761,1,18.640399932861328,0.11333800107240677,60482.43313660007
996,2460482.9302431,347.5464812,51.2531035,1,19.084999084472656,0.13375699520111084,60482.43024310004
997,2460482.8914931,347.5464881,51.2530915,2,18.587499618530273,0.0997529998421669,60482.39149310021
998,2460482.8910185,347.5464795,51.2530816,2,19.19059944152832,0.1578429937362671,60482.391018500086
999,2460480.9457986,347.5466409,51.2530415,1,19.749799728393555,0.17553000152111053,60480.44579860009
1000,2460480.9283565,347.5465092,51.2530942,1,18.92490005493164,0.0892689973115921,60480.42835649988
1001,2460480.9278819,347.5464857,51.2530931,1,19.6658992767334,0.21351300179958344,60480.42788190022
1002,2460480.8920139,347.5466104,51.2530532,2,19.814800262451172,0.20377300679683685,60480.39201389998
1003,2460480.8915394,347.5465225,51.2530504,2,18.949100494384766,0.11227799952030182,60480.39153939998
1004,2460480.8910648,347.5466193,51.2530714,2,19.752500534057617,0.27149900794029236,60480.39106479986
1005,2460477.9302662,347.546537,51.2531161,1,19.64109992980957,0.18032200634479523,60477.4302662001
1006,2460477.9297917,347.5466156,51.2530882,1,19.80769920349121,0.1848679929971695,60477.429791700095
1007,2460477.9293171,347.5464828,51.2530725,1,18.94659996032715,0.09269600361585617,60477.42931709997
1008,2460477.8667245,347.5464372,51.2530555,2,19.118900299072266,0.1538819968700409,60477.36672449997
1010,2460477.864838,347.5466414,51.253011,2,19.877199172973633,0.24120700359344482,60477.36483799992
1013,2460475.9448843,347.5462849,51.2530894,1,19.147899627685547,0.11232700198888779,60475.44488430023
1015,2460464.9504398,347.5466234,51.2530095,1,19.69849967956543,0.1768539994955063,60464.45043980004
1016,2460464.9499769,347.5464963,51.2530873,1,18.946699142456055,0.10105899721384048,60464.44997690013
1017,2460464.9318287,347.5464968,51.2530947,2,19.805500030517578,0.18443599343299866,60464.431828700006
1018,2460464.9313657,347.5464938,51.253113,2,19.734800338745117,0.16282600164413452,60464.43136569997
1019,2460462.9565972,347.5464884,51.2530915,1,18.93120002746582,0.07603300362825394,60462.45659720013
1020,2460462.9331944,347.5466201,51.2530184,1,19.734899520874023,0.18392500281333923,60462.43319439981
1021,2460462.903588,347.5465076,51.2531406,2,19.684799194335938,0.17886200547218323,60462.40358800022
1022,2460462.903125,347.5466477,51.2530242,2,19.97480010986328,0.1979070007801056,60462.403125000186
1023,2460434.9761806,347.5464556,51.2530663,2,17.90060043334961,0.05469299852848053,60434.4761806
1024,2460434.9505671,347.5464454,51.2530887,1,17.800399780273438,0.07331600040197372,60434.4505671002
1028,2460418.0047338,347.5465122,51.2530866,2,18.84939956665039,0.1163330003619194,60417.50473379996
1029,2460418.0007755,347.5465095,51.2530721,2,18.83489990234375,0.12365400046110153,60417.5007755002
1030,2460417.9968056,347.5464905,51.2530777,2,18.95240020751953,0.10945499688386917,60417.49680559989
1032,2460416.9992477,347.5465058,51.2530652,2,18.95560073852539,0.11101999878883362,60416.499247699976
1033,2460416.9953125,347.5464791,51.2530617,2,18.940200805664062,0.1267080008983612,60416.495312499814
1035,2460414.9998611,347.546452,51.2530352,2,19.92799949645996,0.3325439989566803,60414.49986110022
1036,2460414.9968981,347.5464937,51.2530297,2,19.830799102783203,0.2809939980506897,60414.49689809978
1037,2460414.0038889,347.546425,51.2531043,2,19.220600128173828,0.24965600669384003,60413.503888899926
1038,2460414.0009028,347.5466671,51.2529914,2,19.01449966430664,0.1877090036869049,60413.50090279989
1040,2460413.0042014,347.5465042,51.2530767,2,19.199199676513672,0.1658630073070526,60412.504201400094
1041,2460413.0012269,347.5465987,51.2530317,2,19.302200317382812,0.14914099872112274,60412.501226900145
1042,2460341.6588426,347.5465379,51.2530538,2,18.31435775756836,0.09563633054494858,60341.15884259995
1043,2460341.6578935,347.5465354,51.2530927,2,18.09879493713379,0.07127664983272552,60341.157893499825
1044,2460341.6241319,347.5466181,51.2530628,1,17.984500885009766,0.09453199803829193,60341.12413189979
1045,2460341.6236574,347.5465073,51.2531186,1,18.2992000579834,0.07386600226163864,60341.12365739979
1046,2460337.6553935,347.5464344,51.2530317,1,17.81909942626953,0.08411400020122528,60337.15539349988
1047,2460337.6549306,347.546457,51.2530762,1,17.546100616455078,0.09334100037813187,60337.154930599965
1048,2460337.654456,347.5465896,51.2530565,1,17.779800415039062,0.133759006857872,60337.154455999844
1049,2460337.6445718,347.5465537,51.2531256,2,17.7096004486084,0.16883599758148193,60337.144571799785
1054,2460311.615081,347.546517,51.2531008,1,19.71430015563965,0.2517229914665222,60311.11508100014
1055,2460311.6136458,347.5465494,51.2530138,1,19.55190086364746,0.16968999803066254,60311.113645799924
1056,2460311.6131713,347.54646,51.2530886,1,18.84440040588379,0.0803930014371872,60311.11317129992
1057,2460290.7405556,347.5465238,51.2530737,1,19.213699340820312,0.11904100328683853,60290.2405555998
1058,2460290.7386458,347.5464973,51.2530631,1,18.547800064086914,0.08951900154352188,60290.238645799924
1059,2460290.7203472,347.5465478,51.2530703,1,18.60759925842285,0.0914200022816658,60290.220347200055
1060,2460290.6829282,347.5464563,51.2530915,2,18.7987003326416,0.10347499698400497,60290.18292819988
1061,2460290.6666319,347.5464783,51.2530813,2,19.871700286865234,0.200313001871109,60290.166631899774
1062,2460290.6435185,347.5463927,51.2530297,2,19.15760040283203,0.13940300047397614,60290.14351850003
1063,2460288.7215972,347.5464827,51.2530648,2,19.783100128173828,0.3649600148200989,60288.221597199794
1064,2460288.7211227,347.5463004,51.2529654,2,19.474700927734375,0.30300000309944153,60288.22112269979
1065,2460288.6977083,347.5464251,51.2530361,2,18.91200065612793,0.2016330063343048,60288.19770829985
1066,2460288.6367245,347.5464525,51.2530074,1,19.612199783325195,0.18880100548267365,60288.136724499986
1067,2460288.63625,347.5467028,51.2530457,1,19.64109992980957,0.19423100352287292,60288.13624999998
1068,2460288.6145718,347.5464998,51.2530302,1,18.858400344848633,0.11080799996852875,60288.11457179999
1069,2460284.6576505,347.5465004,51.2530913,2,19.001300811767578,0.1098880022764206,60284.15765050007
1070,2460284.6390625,347.546635,51.2530681,2,19.925399780273438,0.19745300710201263,60284.13906250009
1071,2460284.638588,347.5465332,51.2531598,2,19.896499633789062,0.15403999388217926,60284.13858800009
1072,2460284.6184606,347.546717,51.2529755,1,20.090200424194336,0.2284809947013855,60284.1184605998
1073,2460284.6175,347.5464567,51.2530985,1,19.79599952697754,0.20200100541114807,60284.11750000017
1074,2460284.6170255,347.5465128,51.253089,1,19.062599182128906,0.09056799858808517,60284.11702550016
1078,2460263.6354282,347.54651,51.2530771,2,19.722400665283203,0.16571299731731415,60263.13542820001
1079,2460263.6349537,347.5465203,51.2530828,2,19.82819938659668,0.17721499502658844,60263.134953700006
1080,2460261.7430903,347.5465829,51.2530264,2,19.6653995513916,0.14969900250434875,60261.24309029989
1081,2460261.7395833,347.5464439,51.2531303,2,19.77039909362793,0.16959600150585175,60261.23958329996
1082,2460261.6988542,347.5465118,51.2530914,1,18.947200775146484,0.08341000229120255,60261.198854200076
1083,2460261.6969444,347.5464664,51.2531057,1,19.48979949951172,0.15512199699878693,60261.1969444002
1084,2460261.6964699,347.546558,51.2530246,1,19.892499923706055,0.22416700422763824,60261.1964699002
1085,2460261.6597917,347.5464724,51.2530832,2,18.881200790405273,0.08973900228738785,60261.159791700076
1086,2460259.676412,347.5464694,51.2531058,1,19.673599243164062,0.17113900184631348,60259.176411999855
1087,2460259.6606481,347.5464803,51.2530938,1,18.904300689697266,0.07316599786281586,60259.16064810008
1089,2460259.6388773,347.5466519,51.253115,2,19.715499877929688,0.22391700744628906,60259.13887730008
1090,2460259.6384144,347.5465666,51.2530381,2,19.787099838256836,0.19585099816322327,60259.138414400164
1091,2460259.6374537,347.5464901,51.2530827,2,18.955799102783203,0.08295299857854843,60259.13745369995
1092,2460257.7277431,347.5465116,51.2529194,1,19.935199737548828,0.36042699217796326,60257.22774309991
1093,2460257.7272801,347.5464764,51.2530436,1,18.930999755859375,0.12634199857711792,60257.227280099876
1094,2460257.7233218,347.5462827,51.2529004,1,20.12190055847168,0.3411479890346527,60257.22332180012
1095,2460257.6791435,347.5465848,51.2530274,2,19.849899291992188,0.33166998624801636,60257.17914350005
1097,2460257.6626273,347.5464515,51.2530328,2,19.06679916381836,0.12360599637031555,60257.16262729978
1098,2460254.6931134,347.5465534,51.2530458,1,19.962600708007812,0.24318599700927734,60254.193113400135
1099,2460254.6814815,347.5464995,51.2531017,1,19.011600494384766,0.06701300293207169,60254.181481500156
1100,2460254.6771991,347.5466829,51.2529775,1,20.12339973449707,0.21647700667381287,60254.177199100144
1101,2460254.6410185,347.5464793,51.2530398,2,19.125699996948242,0.10367400199174881,60254.141018500086
1102,2460254.6381597,347.5466818,51.2529561,2,20.428800582885742,0.26356199383735657,60254.138159700204
1103,2460254.6376968,347.5466343,51.2531163,2,20.169200897216797,0.31311801075935364,60254.13769679982
1104,2460252.7275116,347.546637,51.2530593,1,19.90250015258789,0.21959500014781952,60252.227511600126
1105,2460252.6966898,347.5465023,51.2531034,1,18.874000549316406,0.07147999852895737,60252.196689799894
1106,2460252.6962269,347.5465513,51.253084,1,19.597999572753906,0.17826199531555176,60252.19622689998
1107,2460252.6600694,347.546517,51.253084,2,19.00119972229004,0.09703999757766724,60252.16006939998
1108,2460252.6591204,347.5465115,51.2530719,2,20.057100296020508,0.22644099593162537,60252.15912039997
1109,2460252.6586458,347.5466417,51.2529767,2,19.943099975585938,0.22699999809265137,60252.15864579985
1110,2460250.7678241,347.546482,51.2530827,2,19.222700119018555,0.1444849967956543,60250.267824099865
1113,2460250.6603472,347.5471675,51.2529296,1,20.297800064086914,0.31213998794555664,60250.1603472
1115,2460250.6598727,347.5464758,51.2531162,1,19.2273006439209,0.10620799660682678,60250.159872699995
1116,2460250.6584375,347.5465388,51.2530382,1,20.300399780273438,0.2464970052242279,60250.15843749978
1119,2460245.7846644,347.5465631,51.2531096,1,19.33919906616211,0.25728100538253784,60245.28466439992
1120,2460245.7841898,347.5466082,51.2531889,1,18.9512996673584,0.15841500461101532,60245.2841897998
1121,2460245.6953819,347.5466045,51.2530241,2,19.57379913330078,0.22947199642658234,60245.19538189983
1123,2460245.692037,347.546399,51.2530818,2,18.92449951171875,0.14511999487876892,60245.192036999855
1124,2460242.8262153,347.5465713,51.2530602,1,18.9822998046875,0.10021699965000153,60242.32621529978
1125,2460242.8257407,347.5464526,51.2531105,1,18.39900016784668,0.11648699641227722,60242.32574070012
1126,2460242.819456,347.5465395,51.2530752,1,18.53860092163086,0.096220001578331,60242.31945599988
1127,2460242.743044,347.5464781,51.2530978,2,18.443199157714844,0.07785200327634811,60242.24304400012
1128,2460242.7425694,347.5465379,51.2530775,2,19.009899139404297,0.132873997092247,60242.2425694
1129,2460242.7420949,347.5464381,51.2530648,2,18.497600555419922,0.08448900282382965,60242.24209489999
1130,2460239.8440509,347.5465215,51.2530779,2,18.36389923095703,0.06486000120639801,60239.34405090008
1131,2460239.7839005,347.5465252,51.2530781,1,18.070499420166016,0.0803309977054596,60239.28390049981
1132,2460238.7362037,347.5465089,51.2530774,1,18.259700775146484,0.050620999187231064,60238.23620369984
1133,2460238.7148843,347.5464626,51.2530793,1,17.9822998046875,0.06683400273323059,60238.214884299785
1134,2460238.6787963,347.5464808,51.2531035,2,18.02680015563965,0.05893300101161003,60238.1787963002
1135,2460238.6783218,347.5464749,51.2530695,2,18.07159996032715,0.05882899835705757,60238.178321800195
1136,2460237.7424537,347.5465265,51.2530725,1,17.912099838256836,0.06104600057005882,60237.24245369993
1137,2460237.6995602,347.5465325,51.2530726,2,18.12980079650879,0.06688900291919708,60237.199560199864
1138,2460236.7046412,347.5465015,51.2530584,1,18.142000198364258,0.05513700097799301,60236.20464120014
1139,2460236.7041667,347.5464719,51.2530409,1,17.861600875854492,0.05797100067138672,60236.20416670013
1140,2460236.6580787,347.5464604,51.2530833,2,18.01689910888672,0.061841998249292374,60236.15807869984
1141,2460236.6576042,347.5464637,51.2530898,2,17.955900192260742,0.05637799948453903,60236.157604199834
1142,2460235.7421875,347.5464959,51.2530623,2,18.015199661254883,0.059133000671863556,60235.2421875
1143,2460235.7045602,347.546511,51.2530685,1,17.820899963378906,0.056428998708724976,60235.20456020022
1144,2460234.7395486,347.5464908,51.2530801,2,17.686399459838867,0.04666399955749512,60234.23954859981
1145,2460234.7385995,347.5464762,51.2530618,2,17.729400634765625,0.04776899889111519,60234.23859950015
1146,2460234.7025463,347.5464839,51.2530802,1,17.628599166870117,0.03843500092625618,60234.2025462999
1147,2460234.7020718,347.5464691,51.2530745,1,17.482999801635742,0.04852199926972389,60234.2020717999
1148,2460233.7223264,347.5465245,51.2530557,1,17.503000259399414,0.05997399985790253,60233.222326400224
1149,2460233.6746875,347.5464927,51.2530644,2,17.769800186157227,0.050930000841617584,60233.17468750011
1150,2460232.7412384,347.546498,51.2530669,1,17.398500442504883,0.03787799924612045,60232.241238399874
1151,2460232.7165509,347.5464716,51.2530653,1,17.415700912475586,0.04961699992418289,60232.216550900135
1152,2460232.6753588,347.5464784,51.2530599,2,17.426700592041016,0.057259999215602875,60232.17535880022
1153,2460232.6748843,347.5464901,51.2530741,2,17.379899978637695,0.04444099962711334,60232.17488430021
1154,2460231.8308102,347.5465168,51.253096,2,17.733600616455078,0.05652699992060661,60231.33081019996
1155,2460231.7155093,347.5464912,51.2530501,1,17.174999237060547,0.04825900122523308,60231.21550930012
1156,2460230.7844676,347.5464774,51.2530688,2,17.510799407958984,0.04042299836874008,60230.28446759982
1157,2460230.7791898,347.546486,51.2530798,2,17.473800659179688,0.04205099865794182,60230.27918979991
1158,2460228.7404977,347.5464213,51.2530596,1,20.163700103759766,0.22644099593162537,60228.24049769994
1159,2460228.678125,347.5464381,51.2530315,2,19.09429931640625,0.14766299724578857,60228.17812500009
1160,2460227.762581,347.5465607,51.2531048,2,19.72800064086914,0.1909399926662445,60227.262581000105
1161,2460227.761169,347.5465735,51.2530511,2,19.752599716186523,0.17037799954414368,60227.26116900006
1162,2460227.7398264,347.5466446,51.2530492,1,19.6294002532959,0.23129799962043762,60227.23982639983
1163,2460227.7213079,347.5464764,51.2530962,1,18.83839988708496,0.06697600334882736,60227.2213078998
1164,2460226.7334375,347.5464515,51.2530808,2,18.871299743652344,0.0967089980840683,60226.23343749996
1165,2460224.7611806,347.5466683,51.2530332,1,19.73740005493164,0.2011210024356842,60224.26118060015
1166,2460224.7602315,347.5465068,51.253096,1,18.822900772094727,0.05484800040721893,60224.260231500026
1167,2460224.740625,347.5464607,51.2530663,2,19.542400360107422,0.11705300211906433,60224.24062500009
1168,2460224.7193403,347.5465748,51.2530879,2,19.5856990814209,0.19664600491523743,60224.21934030019
1169,2460223.7868403,347.5464668,51.2530387,1,19.406400680541992,0.17376500368118286,60223.286840300076
1170,2460223.7159028,347.5465065,51.2530834,2,18.920799255371094,0.09790100157260895,60223.215902800206
1171,2460222.7433218,347.5464957,51.2530811,2,19.599700927734375,0.15521399676799774,60222.24332180014
1172,2460222.7428472,347.5465523,51.2531435,2,19.571399688720703,0.1745319962501526,60222.24284720002
1173,2460222.719919,347.5464871,51.2531116,1,18.854400634765625,0.08606500178575516,60222.21991899982
1174,2460222.719456,347.5466128,51.2529862,1,19.704200744628906,0.1833609938621521,60222.21945599979
1175,2460221.7223495,347.5464875,51.2530815,2,18.83639907836914,0.07982499897480011,60221.22234949982
1176,2460221.6971065,347.5465234,51.2531147,1,19.553600311279297,0.13375499844551086,60221.197106500156
1178,2460220.894213,347.5465405,51.2530807,1,18.951200485229492,0.09561599791049957,60220.39421299985
1179,2460220.8049421,347.5465411,51.2531263,2,19.69179916381836,0.21636900305747986,60220.30494209984
1180,2460220.8039931,347.5464678,51.2531019,2,19.895099639892578,0.2500540018081665,60220.303993099835
1181,2460217.7524769,347.5464967,51.2531606,2,18.981399536132812,0.1912669986486435,60217.252476899885
1183,2460216.7751852,347.5465284,51.2531158,1,18.805400848388672,0.10610400140285492,60216.27518519992
1185,2460216.6789699,347.5465463,51.2531419,2,19.89780044555664,0.27388298511505127,60216.178969900124
1189,2460214.9267708,347.5465689,51.2530975,1,19.002500534057617,0.11566899716854095,60214.42677079979
1190,2460214.9263079,347.5464571,51.2530682,1,18.57159996032715,0.16989199817180634,60214.42630789988
1191,2460214.7798727,347.5464983,51.2530791,2,18.436100006103516,0.09308800101280212,60214.279872700106
1192,2460214.778912,347.546481,51.2530956,2,18.401599884033203,0.07210399955511093,60214.27891199989
1193,2460213.8589583,347.5464738,51.2531325,1,19.352699279785156,0.1618659943342209,60213.3589583002
1195,2460212.8646412,347.5465276,51.2530824,2,19.9158992767334,0.22619600594043732,60212.36464119982
1196,2460212.8395718,347.546497,51.2530857,2,19.9419002532959,0.19526700675487518,60212.33957180008
1197,2460212.7740162,347.5465069,51.2530913,1,18.944299697875977,0.10683800280094147,60212.2740162001
1198,2460211.9334491,347.5464585,51.2530702,2,18.925199508666992,0.09028699994087219,60211.43344909977
1199,2460209.848044,347.5464201,51.2530803,1,18.929899215698242,0.10391300171613693,60209.3480440001
1201,2460209.7666551,347.5465333,51.2530952,2,19.67930030822754,0.17573000490665436,60209.266655100044
1202,2460209.7661806,347.5466227,51.2530039,2,19.854799270629883,0.1925169974565506,60209.26618060004
1203,2460207.8035532,347.5464787,51.2530782,2,18.992000579833984,0.09781300276517868,60207.30355319986
1204,2460207.7442708,347.5465026,51.2530906,1,19.647199630737305,0.16319000720977783,60207.24427080015
1205,2460206.9167477,347.5465216,51.2531072,1,19.589399337768555,0.0995049998164177,60206.41674769996
1209,2460205.8889931,347.5465313,51.2530846,2,19.384000778198242,0.13477599620819092,60205.3889930998
1210,2460205.7956713,347.5465089,51.2530523,1,18.52869987487793,0.07123299688100815,60205.29567130003
1211,2460204.8998148,347.5464635,51.2530881,2,17.980300903320312,0.0603410005569458,60204.399814799894
1212,2460204.8993403,347.5464651,51.2530656,2,18.05190086364746,0.05324700102210045,60204.39934029989
1213,2460204.8257523,347.5464291,51.2530794,1,17.983999252319336,0.04540399834513664,60204.32575230021
1214,2460204.8218287,347.5464921,51.2530692,1,18.30970001220703,0.057808998972177505,60204.32182870014
1215,2460203.8690278,347.5464683,51.2530579,1,19.546499252319336,0.1341720074415207,60203.36902779993
1216,2460203.7415856,347.5464819,51.2530846,2,18.911699295043945,0.09454499930143356,60203.24158560019
1217,2460202.7417361,347.546502,51.2530786,2,19.612548828125,0.15636876225471497,60202.241736100055
1218,2460202.7417361,347.546502,51.2530786,2,19.612499237060547,0.15636900067329407,60202.241736100055
1220,2460202.7412616,347.5465087,51.253111,2,19.597454071044922,0.13254223763942719,60202.24126160005
1221,2460202.7412616,347.5465087,51.253111,2,19.59749984741211,0.13254199922084808,60202.24126160005
1223,2460202.7278819,347.5464756,51.2530868,1,18.804399490356445,0.06817600131034851,60202.227881900035
1224,2460202.727419,347.5466022,51.2531124,1,19.610599517822266,0.19497500360012054,60202.22741900012
1225,2460201.8104514,347.5465062,51.253106,1,19.434600830078125,0.15283800661563873,60201.3104514
1226,2460201.7642824,347.5464781,51.2530844,2,18.82699966430664,0.07843799889087677,60201.26428239979
1227,2460200.9245023,347.5465295,51.2530738,2,19.5846004486084,0.14055900275707245,60200.4245023001
1228,2460200.9230903,347.5464906,51.2531084,2,19.534400939941406,0.1511940062046051,60200.42309030006
1229,2460200.8750347,347.5465092,51.2530415,1,19.565200805664062,0.14887799322605133,60200.37503470015
1230,2460200.8745718,347.5464872,51.2530958,1,18.80699920654297,0.06910999864339828,60200.37457180023
1232,2460198.8095833,347.5464852,51.2530461,2,18.86050033569336,0.12999500334262848,60198.30958329979
1233,2460196.8911921,347.5464631,51.2530772,1,18.849000930786133,0.07110200077295303,60196.39119210001
1234,2460196.8688773,347.546541,51.2531306,2,19.482500076293945,0.1308699995279312,60196.36887730006
1235,2460196.8489468,347.5465852,51.2530657,2,19.6658992767334,0.18613700568675995,60196.34894679999
1237,2460195.8220949,347.5465023,51.2530756,1,19.67329978942871,0.1882379949092865,60195.32209490007
1238,2460195.7888542,347.5464857,51.2530902,2,18.90959930419922,0.08298800140619278,60195.28885419993
1239,2460194.8275926,347.5465793,51.2530117,2,19.722400665283203,0.15765999257564545,60194.32759260014
1240,2460194.8275926,347.5465793,51.2530117,2,19.722400665283203,0.15765999257564545,60194.32759260014
1241,2460194.7866319,347.5465431,51.2530563,1,19.911500930786133,0.1940940022468567,60194.286631899886
1242,2460194.7861574,347.5464883,51.2530971,1,18.943599700927734,0.06568799912929535,60194.28615739988
1243,2460194.7193403,347.5464852,51.2531309,2,19.642200469970703,0.1305679976940155,60194.21934030019
1244,2460194.7193403,347.5464852,51.2531309,2,19.642200469970703,0.1305679976940155,60194.21934030019
1246,2460192.838206,347.5464587,51.2531564,1,19.337200164794922,0.18531499803066254,60192.33820600016
1247,2460192.8377199,347.5466344,51.2530184,1,19.318099975585938,0.15011100471019745,60192.33771990007
1250,2460187.9695833,347.5464391,51.2530834,1,18.949399948120117,0.13226699829101562,60187.46958329994
1251,2460187.9657407,347.5465377,51.2531027,1,19.255199432373047,0.23071399331092834,60187.46574069979
1252,2460187.9,347.546583,51.2530165,2,19.834999084472656,0.29834499955177307,60187.39999999991
1253,2460187.8995255,347.5464829,51.2530722,2,18.916000366210938,0.1502539962530136,60187.3995254999
1261,2460183.9247222,347.5465121,51.25301,1,19.579200744628906,0.14869800209999084,60183.424722199794
1262,2460183.908287,347.54661,51.2530128,1,19.864500045776367,0.1722249984741211,60183.40828699991
1263,2460183.9078125,347.5464688,51.2530969,1,18.937999725341797,0.07069899886846542,60183.40781249991
1264,2460183.8933912,347.5465121,51.2530728,2,19.02910041809082,0.0982310026884079,60183.393391199876
1265,2460183.8929167,347.5465669,51.2530549,2,20.091899871826172,0.18647600710391998,60183.39291669987
1266,2460183.8919676,347.5465221,51.2531662,2,19.926799774169922,0.22614599764347076,60183.39196760021
1267,2460181.9518866,347.5465314,51.2530653,2,19.771799087524414,0.17452800273895264,60181.45188659988
1268,2460181.951412,347.5464925,51.2530481,2,18.862300872802734,0.09969799965620041,60181.45141200023
1269,2460181.9098727,347.5465553,51.2531193,2,19.887500762939453,0.19488400220870972,60181.409872699995
1270,2460181.8880208,347.5465059,51.2530804,1,19.474199295043945,0.1367499977350235,60181.38802079996
1271,2460181.866412,347.5464975,51.2530868,1,18.927200317382812,0.06443700194358826,60181.3664119998
1272,2460181.8649537,347.5465125,51.2530278,1,19.710599899291992,0.17766599357128143,60181.36495369999
1273,2460179.8716667,347.5464686,51.2530757,2,18.866500854492188,0.09535100311040878,60179.37166670011
1274,2460179.8691667,347.5465158,51.2530593,2,19.749000549316406,0.14745399355888367,60179.36916670017
1275,2460179.8686921,347.546501,51.2530698,2,19.722999572753906,0.16288399696350098,60179.36869210005
1276,2460179.8423958,347.5464785,51.2531044,1,19.58340072631836,0.2090650051832199,60179.342395800166
1277,2460179.8253819,347.5466291,51.2530072,1,19.69300079345703,0.15844500064849854,60179.325381900184
1278,2460179.8249074,347.5464773,51.253089,1,18.909900665283203,0.06055299937725067,60179.32490740018
1279,2460174.8676852,347.5464732,51.2530954,2,18.818500518798828,0.09030099958181381,60174.36768520018
1280,2460174.837419,347.5465787,51.2530812,1,19.460599899291992,0.11546199768781662,60174.33741899999
1281,2460173.8895602,347.5463678,51.2530777,1,19.624500274658203,0.2242799997329712,60173.38956019981
1283,2460173.8886111,347.546485,51.2530862,1,18.818300247192383,0.076323002576828,60173.38861110015
1285,2460173.8306134,347.5465181,51.2530627,2,19.724599838256836,0.17340600490570068,60173.330613399856
1286,2460173.8301389,347.5465362,51.2530678,2,19.667499542236328,0.1928360015153885,60173.33013889985
1287,2460171.9073148,347.5464836,51.2530761,2,19.11590003967285,0.11532600224018097,60171.40731480019
1288,2460171.8842477,347.5464485,51.2531103,1,20.124099731445312,0.22227899730205536,60171.38424770022
1289,2460170.9252778,347.5463325,51.2530155,2,19.40679931640625,0.14576099812984467,60170.42527779983
1290,2460170.8841667,347.5464225,51.2531026,2,19.3612003326416,0.11754599958658218,60170.384166699834
1291,2460170.8489931,347.5463905,51.2530546,1,19.13599967956543,0.12074500322341919,60170.348993100226
1295,2460168.887338,347.5466453,51.2530576,1,19.67609977722168,0.19278299808502197,60168.387337999884
1296,2460168.8664931,347.5464893,51.2530908,1,18.880699157714844,0.06604599952697754,60168.366493099835
1297,2460168.8524306,347.5465156,51.2530827,2,19.584999084472656,0.14827099442481995,60168.35243060021
1298,2460168.851956,347.5465288,51.2530527,2,19.667299270629883,0.1655000001192093,60168.351956000086
1300,2460163.973669,347.5464272,51.2530707,1,19.259899139404297,0.10731100291013718,60163.47366899997
1301,2460163.9489699,347.546913,51.2529074,1,20.454599380493164,0.334183007478714,60163.44896990014
1304,2460162.9024537,347.5465149,51.253076,1,19.181400299072266,0.1426679939031601,60162.40245370008
1305,2460162.8469097,347.5465646,51.2530966,2,20.251399993896484,0.2184399962425232,60162.34690969996
1306,2460160.9290162,347.5465787,51.2530725,2,19.5221004486084,0.12457799911499023,60160.429016199894
1307,2460160.9280671,347.5464947,51.2530883,2,19.643600463867188,0.18459799885749817,60160.42806709977
1308,2460160.8720718,347.5464648,51.2530577,1,18.891399383544922,0.11532700061798096,60160.37207179982
1309,2460160.8221759,347.5464721,51.2530675,1,19.70050048828125,0.24549199640750885,60160.322175899986
1310,2460159.8901157,347.5464637,51.2530788,2,18.86240005493164,0.09949299693107605,60159.3901157002
1311,2460159.8623611,347.5464126,51.2529753,1,19.59600067138672,0.2066120058298111,60159.36236110004
1314,2460155.9668981,347.546592,51.2530606,2,20.122299194335938,0.24464400112628937,60155.466898099985
1315,2460155.9320139,347.5465588,51.2530499,1,19.12619972229004,0.10837399959564209,60155.43201390002
1316,2460153.9515972,347.5465562,51.2530664,2,19.850500106811523,0.186257004737854,60153.451597199775
1317,2460153.9506366,347.5465084,51.2531075,2,19.761999130249023,0.1654909998178482,60153.450636600144
1318,2460153.9083449,347.5464864,51.2530911,1,18.876800537109375,0.06658200174570084,60153.40834489977
1319,2460152.9659838,347.5464798,51.2530766,1,19.49970054626465,0.1240520030260086,60152.465983800124
1320,2460150.9293171,347.5465259,51.2530496,1,20.287599563598633,0.2640970051288605,60150.42931709997
1321,2460150.9121528,347.546501,51.2530921,1,20.7908992767334,0.2605069875717163,60150.41215279978
1322,2460150.9116782,347.546292,51.2530557,1,19.918100357055664,0.2574720084667206,60150.41167820012
1324,2460150.889919,347.5463634,51.2531002,2,20.008499145507812,0.2332019954919815,60150.38991900021
1326,2460148.9466204,347.5464842,51.2530841,1,19.62980079650879,0.15119999647140503,60148.446620400064
1327,2460148.9456829,347.5466196,51.2530089,1,19.66010093688965,0.15628400444984436,60148.44568290003
1328,2460148.9287616,347.5464789,51.2531092,1,18.967599868774414,0.07984700053930283,60148.42876160005
1329,2460148.8915625,347.5465652,51.2530205,2,19.812999725341797,0.18216900527477264,60148.39156250004
1330,2460148.8890278,347.5464847,51.2530874,2,18.961599349975586,0.10178899765014648,60148.389027799945
1331,2460148.8670139,347.5466138,51.2531142,2,19.753799438476562,0.18156500160694122,60148.367013900075
1332,2460146.9506019,347.5465227,51.2530892,2,18.993000030517578,0.08480899780988693,60146.4506019
1333,2460146.9315741,347.5465322,51.2531376,2,19.838199615478516,0.18777799606323242,60146.43157410016
1334,2460146.9310995,347.5466128,51.2530321,2,20.06559944152832,0.217166006565094,60146.43109950004
1335,2460146.9094329,347.5464669,51.2530738,2,18.9822998046875,0.08990900218486786,60146.40943290014
1336,2460146.9089583,347.5465146,51.2530555,2,20.230600357055664,0.20193900167942047,60146.40895830002
1337,2460146.8627083,347.5465461,51.2530961,2,19.789400100708008,0.17813800275325775,60146.36270829989
1338,2460144.9485648,347.546487,51.2530555,1,18.755199432373047,0.07317700237035751,60144.44856479997
1339,2460144.9302778,347.5464357,51.2530652,1,18.780899047851562,0.07977599650621414,60144.43027780019
1340,2460144.9298032,347.5465663,51.253033,1,19.418899536132812,0.09238100051879883,60144.429803200066
1341,2460144.8638542,347.546441,51.2530892,2,18.709299087524414,0.0984560027718544,60144.36385420011
1342,2460144.8633796,347.5464356,51.2530565,2,18.761600494384766,0.06738299876451492,60144.36337959999
1343,2460144.8629051,347.5465293,51.2530958,2,19.42289924621582,0.14534300565719604,60144.36290509999
1344,2460141.9333796,347.5464621,51.253083,2,18.150999069213867,0.061246998608112335,60141.433379599825
1345,2460141.9100579,347.5464449,51.2530675,2,18.258699417114258,0.06401699781417847,60141.41005790001
1348,2460141.8508102,347.5464247,51.2530695,1,18.130399703979492,0.09266100078821182,60141.350810199976
1349,2460141.8503356,347.546469,51.2530798,1,18.445199966430664,0.05719799920916557,60141.350335599855
1350,2460139.9453009,347.5464547,51.2530656,1,17.917400360107422,0.07034000009298325,60139.44530089991
1351,2460139.9448264,347.5464796,51.2530913,1,18.212400436401367,0.05364200100302696,60139.44482639991
1352,2460139.8854167,347.5464391,51.2530575,2,18.031700134277344,0.06021599844098091,60139.38541670004
1353,2460139.8653356,347.546486,51.2530916,2,17.933300018310547,0.059296999126672745,60139.365335599985
1354,2460138.9614005,347.546484,51.2530914,2,18.363300323486328,0.08108899742364883,60138.46140050003
1355,2460138.9255671,347.5465094,51.253089,1,17.963600158691406,0.06744799762964249,60138.425567099825
1356,2460137.931956,347.5464675,51.2530886,2,17.924400329589844,0.0531190000474453,60137.43195600016
1357,2460137.9314815,347.546443,51.2530639,2,17.936599731445312,0.057367999106645584,60137.431481500156
1358,2460137.8816782,347.5464991,51.2530789,1,18.053300857543945,0.04185900092124939,60137.38167819986
1359,2460137.8812037,347.5464393,51.2530775,1,17.76020050048828,0.05766500160098076,60137.38120369986
1360,2460135.9630208,347.5464903,51.2530618,2,17.89940071105957,0.053612999618053436,60135.46302080015
1361,2460135.9502199,347.5464618,51.2530731,2,17.635900497436523,0.04308699816465378,60135.45021989988
1362,2460135.927419,347.5464826,51.253086,2,17.582300186157227,0.05280999839305878,60135.42741899984
1363,2460135.9092361,347.5464707,51.2530628,1,17.47410011291504,0.05237499997019768,60135.40923610004
1364,2460135.9087616,347.5464787,51.2530699,1,17.53070068359375,0.04713299870491028,60135.40876160003
1365,2460135.9078125,347.5464901,51.2530663,1,17.662399291992188,0.03685300052165985,60135.40781249991
1366,2460133.957963,347.5464762,51.2530865,1,17.438100814819336,0.05814699828624725,60133.45796300005
1367,2460133.9570139,347.5465003,51.2530843,1,17.271499633789062,0.05083899945020676,60133.457013899926
1368,2460133.9158681,347.5464817,51.2530871,2,17.54520034790039,0.05823199823498726,60133.41586809978
1369,2460133.9153935,347.5464496,51.253087,2,17.50659942626953,0.05389000102877617,60133.41539350012
1370,2460133.9139815,347.5465041,51.2530615,2,17.79800033569336,0.06353499740362167,60133.41398150008
1371,2460133.8468056,347.5464679,51.2530771,1,17.423200607299805,0.05385600030422211,60133.346805599984
1372,2460127.9489815,347.5464831,51.2531179,1,19.43280029296875,0.24529699981212616,60127.44898150023
1373,2460127.9485069,347.5464523,51.2531148,1,18.861099243164062,0.09731400012969971,60127.44850690011
1374,2460127.9327431,347.5464312,51.2530654,1,19.783100128173828,0.30768001079559326,60127.432743099984
1375,2460127.9111458,347.546483,51.2530763,2,18.775299072265625,0.10774900019168854,60127.41114579979
1376,2460127.9101968,347.5466219,51.2530103,2,19.644100189208984,0.17259399592876434,60127.410196799785
1377,2460127.9073148,347.5465607,51.2530481,2,19.615400314331055,0.17013099789619446,60127.40731480019
1378,2460125.9457176,347.5465635,51.2530666,2,19.605499267578125,0.12844599783420563,60125.445717600174
1379,2460125.9452546,347.5464983,51.2531414,2,19.576000213623047,0.13396699726581573,60125.44525460014
1380,2460125.9447801,347.5465268,51.2530762,2,18.818500518798828,0.10278800129890442,60125.44478010014
1381,2460125.9108565,347.546428,51.253092,1,19.480100631713867,0.16953299939632416,60125.4108564998
1382,2460125.9103819,347.5464116,51.2531133,1,19.583499908447266,0.18326100707054138,60125.41038190015
1383,2460125.8818866,347.5464681,51.2530743,1,18.78890037536621,0.10428500175476074,60125.38188660005
1384,2460123.9539699,347.5465201,51.2530105,2,19.534400939941406,0.15975899994373322,60123.45396990003
1385,2460123.9496528,347.546571,51.2530663,2,19.6643009185791,0.1615779995918274,60123.44965279987
1386,2460123.910081,347.5464926,51.2530865,1,18.882299423217773,0.08207400143146515,60123.41008100007
1387,2460123.9061343,347.5465217,51.2530465,1,19.59950065612793,0.15520699322223663,60123.406134299934
1388,2460122.9544213,347.5464662,51.2530825,2,18.855899810791016,0.08568499982357025,60122.454421299975
1389,2460122.9226968,347.5465045,51.2531342,1,19.62529945373535,0.1703529953956604,60122.42269679997
1390,2460121.9527778,347.5465226,51.2530903,2,19.700300216674805,0.14267900586128235,60121.45277780015
1391,2460121.9494676,347.5465357,51.2531432,2,19.67300033569336,0.19277100265026093,60121.44946759986
1392,2460121.920162,347.5466192,51.2530457,1,19.76580047607422,0.21533900499343872,60121.42016200023
1393,2460121.9123264,347.5464757,51.2530889,1,18.97800064086914,0.07878600060939789,60121.41232640017
1394,2460120.9248495,347.546467,51.2531199,1,19.624399185180664,0.1293170005083084,60120.42484949995
1395,2460120.898044,347.5464847,51.2530961,2,18.953699111938477,0.11623500287532806,60120.398043999914
1396,2460119.9530093,347.5464508,51.2530159,2,19.901500701904297,0.2519420087337494,60119.453009299934
1397,2460119.9520486,347.5464884,51.2530976,2,20.018699645996094,0.19173499941825867,60119.452048600186
1398,2460119.9373611,347.5465525,51.2529729,1,19.792299270629883,0.22353599965572357,60119.43736110022
1399,2460119.9078009,347.546534,51.2530952,1,18.906200408935547,0.08737900108098984,60119.40780089982
1400,2460118.9402315,347.5464987,51.2530618,2,18.851900100708008,0.09457200020551682,60118.44023150019
1401,2460118.9108333,347.5465279,51.25306,1,19.64229965209961,0.20305399596691132,60118.41083330009
1402,2460116.9532755,347.5464745,51.2530936,2,18.893299102783203,0.11587700247764587,60116.453275499865
1403,2460116.9523148,347.5464576,51.2530813,2,18.73579978942871,0.11338700354099274,60116.45231480012
1405,2460116.9060648,347.5463866,51.2530726,1,18.75790023803711,0.12333600223064423,60116.40606479999
1406,2460115.9210301,347.5464343,51.2530741,1,18.968599319458008,0.10265900194644928,60115.42103009997
1408,2460113.9559838,347.5464866,51.2530622,2,19.541000366210938,0.14914999902248383,60113.45598379988
1409,2460113.9555093,347.5465274,51.253116,2,19.64229965209961,0.17475900053977966,60113.45550929988
1410,2460113.9336574,347.5464861,51.2530969,1,18.8356990814209,0.06351999938488007,60113.433657399844
1411,2460113.9331829,347.5466599,51.2530337,1,19.63719940185547,0.1644890010356903,60113.43318289984
1412,2460110.9483102,347.5467207,51.253077,2,20.274499893188477,0.24583099782466888,60110.448310200125
1413,2460110.9478356,347.5466136,51.2530499,2,20.079500198364258,0.1790589988231659,60110.4478356
1414,2460110.9101968,347.5465246,51.2530862,1,19.077199935913086,0.09499300271272659,60110.410196799785
1415,2460110.8956829,347.546704,51.2530393,1,20.13960075378418,0.2646630108356476,60110.39568290021
1416,2460108.9515972,347.5464319,51.2530397,2,18.722000122070312,0.07575900107622147,60108.451597199775
1417,2460108.9511343,347.546409,51.2530765,2,18.56920051574707,0.07029899954795837,60108.45113429986
1418,2460108.9081019,347.5464232,51.2530351,1,18.716400146484375,0.13045500218868256,60108.408101900015
1419,2460108.9076273,347.5463734,51.253036,1,19.190500259399414,0.13935700058937073,60108.407627299894
1420,2460103.928287,347.5465266,51.2531223,1,19.703500747680664,0.3665049970149994,60103.42828699993
1421,2460103.9278125,347.5465073,51.2530796,1,18.985700607299805,0.11791499704122543,60103.427812499925
1422,2460103.9127662,347.5465966,51.2529739,2,19.940000534057617,0.2883889973163605,60103.412766200025
1423,2460103.9123032,347.5465643,51.2531435,2,19.66790008544922,0.2606639862060547,60103.41230319999
1424,2460100.951088,347.5462652,51.2530675,1,19.703500747680664,0.3082909882068634,60100.45108800009
1425,2460100.9356134,347.5464521,51.2530649,2,19.05780029296875,0.17016799747943878,60100.43561339984
1429,2460097.9492477,347.546597,51.2529943,1,19.64389991760254,0.2622320055961609,60097.44924770016
1430,2460097.9487731,347.5464415,51.2530891,1,19.4158992767334,0.17743200063705444,60097.44877310004
1431,2460097.9240046,347.5464585,51.2530901,1,18.826799392700195,0.13506700098514557,60097.42400459992
1432,2460065.9882523,347.5464265,51.2530053,2,19.621387481689453,0.1984596848487854,60065.48825229984
1433,2460065.9862269,347.5465236,51.2530877,2,19.613399505615234,0.16759799420833588,60065.486226900015
1434,2460065.9842014,347.5465223,51.2531362,2,19.715999603271484,0.22223499417304993,60065.484201400075
1435,2460065.9821759,347.5463691,51.2531001,2,19.577600479125977,0.20201000571250916,60065.482175900135
1436,2460065.9801505,347.5464534,51.2530223,2,19.526500701904297,0.1520729959011078,60065.48015049985
1437,2460064.989537,347.5465079,51.253141,2,19.805599212646484,0.2228589951992035,60064.48953700019
1438,2460064.9869907,347.5464771,51.2530886,2,19.79010009765625,0.16551099717617035,60064.48699070001
1440,2460064.9819097,347.5466179,51.2530561,2,19.6481990814209,0.2483309954404831,60064.481909700204
1442,2460063.988669,347.5464548,51.2530816,2,18.912700653076172,0.09358999878168106,60063.4886690001
1443,2460063.9861343,347.5464664,51.2530677,2,18.944599151611328,0.09810899943113327,60063.48613430001
1444,2460063.9835995,347.5465065,51.253049,2,18.95549964904785,0.11373099684715271,60063.4835994998
1445,2460063.9810532,347.5464929,51.2530851,2,19.015899658203125,0.10933999717235565,60063.481053200085
1446,2460063.9785301,347.5464866,51.2530833,2,18.958900451660156,0.0932219997048378,60063.47853010008
1447,2460060.9925,347.5464865,51.2530413,2,18.82509994506836,0.1146169975399971,60060.49250000017
1448,2460060.9899653,347.5464962,51.2530781,2,18.849700927734375,0.12805800139904022,60060.489965300076
1449,2460060.9874306,347.5464732,51.253058,2,18.882299423217773,0.1340239942073822,60060.487430599984
1450,2460060.9848958,347.5465016,51.253064,2,19.012800216674805,0.16335299611091614,60060.484895799775
1451,2460060.9823727,347.5465229,51.2530539,2,18.942100524902344,0.1157659962773323,60060.48237269977
1452,2460059.993287,347.5464278,51.253063,2,19.149599075317383,0.1320050060749054,60059.493286999874
1453,2460059.9907523,347.5464503,51.253068,2,19.235300064086914,0.13646699488162994,60059.49075229978
1454,2460059.9882176,347.546487,51.2530316,2,19.04800033569336,0.13203799724578857,60059.488217600156
1455,2460059.9856829,347.5464668,51.2530383,2,18.965200424194336,0.12483000010251999,60059.485682900064
1456,2460059.9831481,347.5464421,51.2530396,2,19.103300094604492,0.166360005736351,60059.483148099855
1457,2460056.9937037,347.5464861,51.2530784,2,19.70870018005371,0.21485500037670135,60056.49370370014
1458,2460056.9932292,347.5465307,51.2530797,2,18.945899963378906,0.1195719987154007,60056.49322920013
1459,2460056.99125,347.5465433,51.2531291,2,19.61210060119629,0.17645999789237976,60056.49124999996
1460,2460056.9907755,347.5464993,51.2530881,2,18.792999267578125,0.10381799936294556,60056.49077549996
1461,2460056.9887963,347.5465336,51.2531314,2,19.58679962158203,0.20141099393367767,60056.48879629979
1462,2460056.9883218,347.5464461,51.2530776,2,18.885299682617188,0.10953199863433838,60056.488321799785
1463,2460056.9863542,347.546598,51.2530654,2,19.651399612426758,0.1696390062570572,60056.48635420017
1464,2460056.9858796,347.5464441,51.2530284,2,18.91900062561035,0.11179500073194504,60056.48587960005
1465,2460056.983912,347.5464748,51.2531334,2,19.6382999420166,0.19422100484371185,60056.48391199997
1466,2460056.9834375,347.5464783,51.2530761,2,18.916400909423828,0.1102449968457222,60056.48343749996
1467,2460055.9957755,347.5464872,51.2530651,2,18.98900032043457,0.10782899707555771,60055.49577549985
1468,2460055.9933102,347.5464796,51.2530795,2,18.921199798583984,0.12419900298118591,60055.49331020005
1469,2460055.9908565,347.5464568,51.2530654,2,18.96769905090332,0.12802399694919586,60055.49085649988
1470,2460055.9884028,347.5464672,51.2531,2,18.980300903320312,0.1026889979839325,60055.48840280017
1471,2460055.9859491,347.5464793,51.2530785,2,18.84779930114746,0.1037290021777153,60055.485949099995
1472,2460054.9968866,347.5467701,51.2530737,2,19.748300552368164,0.22142300009727478,60054.49688659981
1473,2460054.9944097,347.5464836,51.2530768,2,19.800600051879883,0.23089200258255005,60054.494409699924
1474,2460054.9919444,347.5463877,51.2531066,2,19.77400016784668,0.23392599821090698,60054.49194440013
1475,2460054.9894676,347.5463214,51.253008,2,19.898799896240234,0.28482699394226074,60054.489467599895
1476,2460054.9870023,347.546529,51.2531666,2,19.847200393676758,0.21396400034427643,60054.4870023001
1477,2460052.0010648,347.5464464,51.2530666,2,18.53339958190918,0.08918199688196182,60051.50106480019
1478,2460051.9985995,347.546435,51.253055,2,18.469900131225586,0.07376600056886673,60051.49859949993
1479,2460051.9961227,347.546424,51.2530728,2,18.449100494384766,0.09666000306606293,60051.49612270016
1480,2460051.9936574,347.5463965,51.2530712,2,18.449600219726562,0.09205400198698044,60051.4936573999
1481,2460051.9911921,347.5465514,51.2530404,2,18.48870086669922,0.09543800354003906,60051.491192100104
1482,2460051.0020139,347.5464387,51.2530772,2,18.408700942993164,0.0850830003619194,60050.50201389985
1483,2460050.9995486,347.5464927,51.2530504,2,18.506999969482422,0.11837299913167953,60050.499548600055
1484,2460050.9970833,347.546483,51.2530855,2,18.438600540161133,0.08031900227069855,60050.49708329979
1485,2460050.9946181,347.5464107,51.253045,2,18.343599319458008,0.07816600054502487,60050.494618100114
1486,2460050.9921412,347.5465082,51.2530705,2,18.361000061035156,0.08340699970722198,60050.49214120023
1487,2460050.0007755,347.5464641,51.2530536,2,18.219600677490234,0.08956299722194672,60049.5007755002
1488,2460049.9983102,347.5464591,51.2530745,2,18.197799682617188,0.09221500158309937,60049.49831019994
1489,2460049.9958449,347.5464567,51.253077,2,18.256500244140625,0.07486700266599655,60049.49584490014
1490,2460049.9933681,347.5464527,51.2530705,2,18.242599487304688,0.09039200097322464,60049.49336809991
1491,2460049.9909028,347.54645,51.2530835,2,18.29290008544922,0.09181299805641174,60049.49090280011
1492,2460047.0041088,347.5464845,51.2531265,2,18.063800811767578,0.1328350007534027,60046.50410880009
1493,2460047.0016319,347.546443,51.2530702,2,18.046300888061523,0.13510100543498993,60046.5016319002
1494,2460046.9991435,347.5464619,51.2530805,2,18.05470085144043,0.08989500254392624,60046.49914349988
1495,2460046.9966667,347.5464844,51.2530667,2,18.011600494384766,0.10259199887514114,60046.49666670011
1496,2460046.9941898,347.5464617,51.2530991,2,17.971200942993164,0.09605100005865097,60046.49418980023
1497,2460046.0064699,347.5464486,51.2530669,2,17.821300506591797,0.06803300231695175,60045.50646989979
1498,2460046.0039931,347.5464581,51.2530752,2,17.817800521850586,0.05804299935698509,60045.50399310002
1499,2460046.0015162,347.5464551,51.2530865,2,17.836999893188477,0.06869299709796906,60045.50151620014
1500,2460045.9990394,347.546477,51.2530861,2,17.876100540161133,0.06235099956393242,60045.4990393999
1501,2460045.9965625,347.5464675,51.2530519,2,17.872400283813477,0.06199999898672104,60045.49656250002
1502,2460045.0077778,347.5464446,51.2530744,2,17.736299514770508,0.05915699899196625,60044.50777779985
1503,2460045.0053009,347.5464965,51.2530604,2,17.796499252319336,0.05742400139570236,60044.50530089997
1504,2460045.0028125,347.5465026,51.2530893,2,17.786100387573242,0.06533099710941315,60044.50281250011
1505,2460045.0003356,347.5464914,51.2530848,2,17.800100326538086,0.07535199820995331,60044.50033560023
1506,2460044.9978588,347.5464497,51.2530749,2,17.774900436401367,0.06271900236606598,60044.497858799994
1507,2460044.0077083,347.5464447,51.2530778,2,17.69659996032715,0.05422599986195564,60043.507708299905
1508,2460044.0052315,347.5464757,51.2530763,2,17.71940040588379,0.072782002389431,60043.50523150014
1509,2460044.0027546,347.546442,51.2530624,2,17.726200103759766,0.060504000633955,60043.50275459979
1510,2460044.0002778,347.5464665,51.2530584,2,17.706499099731445,0.0574599988758564,60043.50027780002
1511,2460043.9978009,347.5464145,51.2530698,2,17.713300704956055,0.08302299678325653,60043.497800900135
1512,2460043.0096412,347.5464998,51.2530593,2,17.381900787353516,0.053978998214006424,60042.50964119984
1513,2460043.0071644,347.5464636,51.2530652,2,17.41010093688965,0.046491000801324844,60042.50716440007
1514,2460043.0046875,347.5464649,51.2530927,2,17.365100860595703,0.05272800102829933,60042.504687500186
1515,2460043.0022106,347.5464694,51.2530795,2,17.467100143432617,0.0710579976439476,60042.502210599836
1516,2460042.9997222,347.5464714,51.2530787,2,17.482900619506836,0.06539300084114075,60042.49972219998
1517,2460037.0154398,347.546612,51.2531129,2,19.853300094604492,0.26887598633766174,60036.51543979999
1518,2460037.0129398,347.5464019,51.2531824,2,19.612199783325195,0.20528000593185425,60036.51293980004
1519,2460037.0104282,347.5465111,51.2531229,2,19.804800033569336,0.20801900327205658,60036.51042820001
1520,2460037.0079282,347.5464313,51.2531314,2,19.756799697875977,0.2599929869174957,60036.507928200066
1521,2460037.0054282,347.5466709,51.2531604,2,19.64389991760254,0.21946600079536438,60036.50542820012
1522,2459972.6573148,347.5465735,51.2530212,2,18.92962646484375,0.14876620471477509,59972.15731480019
1523,2459972.6354745,347.5465262,51.2528605,1,19.754499435424805,0.30483001470565796,59972.13547449978
1525,2459969.6790394,347.5463855,51.2531196,1,19.007360458374023,0.1875484734773636,59969.17903940007
1528,2459966.6437269,347.5464375,51.2529384,2,19.230300903320312,0.29587700963020325,59966.14372690022
1529,2459958.6438542,347.5464825,51.2530781,2,17.98780059814453,0.04539399966597557,59958.14385419991
1530,2459958.6433796,347.5464559,51.2530576,2,18.046100616455078,0.05260299891233444,59958.14337959979
1531,2459958.6429051,347.5465057,51.2530776,2,18.3518009185791,0.07881300151348114,59958.14290509978
1532,2459958.6251968,347.5465035,51.2530833,1,18.010099411010742,0.06726700067520142,59958.1251968001
1535,2459956.6086574,347.5464867,51.2529815,2,18.284000396728516,0.1306920051574707,59956.108657400124
1536,2459951.7398264,347.5465502,51.2530528,2,17.521799087524414,0.0785290002822876,59951.23982639983
1537,2459951.6997454,347.5465179,51.2530849,1,17.433399200439453,0.07717200368642807,59951.19974539988
1538,2459951.6992708,347.5465587,51.2530742,1,17.21109962463379,0.06990399956703186,59951.19927080022
1539,2459951.6560532,347.546484,51.253045,2,17.482500076293945,0.05323300138115883,59951.1560531999
1540,2459951.6405671,347.5465357,51.2530628,1,17.331199645996094,0.04840100184082985,59951.14056710014
1547,2459935.725081,347.546547,51.2529957,2,19.73189926147461,0.272706001996994,59935.22508100001
1548,2459935.6930903,347.5464972,51.2530901,1,18.798799514770508,0.08079499751329422,59935.193090300076
1549,2459935.6766088,347.5465968,51.2530427,1,19.63409996032715,0.20327599346637726,59935.17660879996
1550,2459935.6751968,347.5464315,51.2530536,1,19.543100357055664,0.18229100108146667,59935.175196799915
1551,2459935.6395602,347.5465028,51.2530632,2,18.874099731445312,0.11705300211906433,59935.13956019981
1553,2459933.7073264,347.5464194,51.2530418,1,19.03030014038086,0.13316400349140167,59933.207326400094
1555,2459933.6655556,347.5465457,51.2530545,2,19.80120086669922,0.29304400086402893,59933.16555560008
1557,2459933.6384722,347.5464696,51.2530647,2,18.813600540161133,0.09757699817419052,59933.138472199906
1558,2459930.7816898,347.5464066,51.2530746,2,18.410400390625,0.09979499876499176,59930.28168979986
1559,2459930.7812269,347.5466283,51.2531121,2,18.821699142456055,0.1292800009250641,59930.28122689994
1560,2459930.7228009,347.5463971,51.2530298,1,19.09320068359375,0.10702800005674362,59930.22280090023
1561,2459930.7184954,347.5465332,51.2530548,1,18.43160057067871,0.09080299735069275,59930.21849540016
1562,2459930.7180208,347.5465059,51.2530802,1,18.578699111938477,0.1230430006980896,59930.218020800035
1563,2459928.6668403,347.5464452,51.253049,2,18.8976993560791,0.1374800056219101,59928.166840299964
1564,2459928.6429514,347.5465287,51.2530659,1,19.45680046081543,0.20556500554084778,59928.14295140002
1567,2459922.7272338,347.5464969,51.2530846,1,19.166000366210938,0.19658499956130981,59922.227233800106
1572,2459922.6747569,347.546443,51.2530342,2,19.20639991760254,0.17334599792957306,59922.17475689994
1573,2459913.6623843,347.5464426,51.2530643,2,19.00309944152832,0.1031230017542839,59913.16238430003
1574,2459913.6619097,347.5466264,51.2529748,2,20.08530044555664,0.20957200229167938,59913.161909699906
1575,2459913.6561458,347.546428,51.2530215,2,19.863100051879883,0.20859399437904358,59913.156145799905
1576,2459913.618669,347.546482,51.2530182,1,18.922800064086914,0.09946499764919281,59913.11866899999
1577,2459913.6177199,347.5465428,51.2529864,1,19.698400497436523,0.2125220000743866,59913.11771989986
1578,2459910.8461111,347.5465415,51.2530137,1,19.430400848388672,0.25754600763320923,59910.34611110017
1579,2459910.6654167,347.5465378,51.2530794,2,18.892499923706055,0.09160199761390686,59910.165416699834
1580,2459910.6649421,347.546474,51.253046,2,19.728599548339844,0.1943269968032837,59910.16494210018
1581,2459910.6355787,347.5465906,51.2530453,1,19.640100479125977,0.15550899505615234,59910.135578699876
1582,2459910.6346296,347.5464805,51.2531034,1,18.898700714111328,0.0696059986948967,59910.134629600216
1583,2459908.7445718,347.5466358,51.2530215,1,19.6112003326416,0.2049809992313385,59908.24457179988
1584,2459908.6574653,347.5461361,51.2532033,2,19.823699951171875,0.3035390079021454,59908.15746530006
1585,2459908.6569907,347.5466639,51.2531173,2,19.597700119018555,0.20462200045585632,59908.156990699936
1586,2459908.6152662,347.546436,51.253083,1,18.764400482177734,0.08967500180006027,59908.115266200155
1587,2459908.6148032,347.5462438,51.2529829,1,19.636899948120117,0.27316299080848694,59908.11480320012
1588,2459906.701875,347.5464415,51.2530594,1,19.65399932861328,0.16326799988746643,59906.201874999795
1589,2459906.6801389,347.5464818,51.2530893,1,18.97369956970215,0.08080700039863586,59906.180138899945
1590,2459906.6796759,347.5466979,51.2530144,1,19.863399505615234,0.19993199408054352,59906.17967589991
1592,2459906.6556366,347.5465691,51.253007,2,19.76689910888672,0.14986400306224823,59906.15563660022
1593,2459906.6546875,347.5464895,51.2530736,2,18.914499282836914,0.09377499669790268,59906.15468750009
1594,2459904.7135301,347.5465676,51.2530283,2,20.102800369262695,0.21554100513458252,59904.21353009995
1595,2459904.7118171,347.5465037,51.2531298,2,19.80900001525879,0.2808229923248291,59904.21181710018
1596,2459904.698912,347.5465,51.2530775,2,18.973600387573242,0.10555200278759003,59904.19891199982
1597,2459904.6616435,347.5464687,51.2530829,1,18.873699188232422,0.07597699761390686,59904.161643499974
1598,2459904.661169,347.5465131,51.2530921,1,19.557899475097656,0.16696800291538239,59904.16116899997
1600,2459902.8063194,347.5464513,51.2530112,1,18.70490074157715,0.18905599415302277,59902.3063194002
1601,2459902.7824306,347.5464181,51.2530667,1,19.301300048828125,0.19505399465560913,59902.28243059991
1602,2459902.7819676,347.546491,51.2530137,1,18.869400024414062,0.1689150035381317,59902.281967599876
1603,2459902.6622454,347.5464555,51.2530823,2,18.625699996948242,0.07424599677324295,59902.162245399784
1604,2459902.6598148,347.5464719,51.2530708,2,18.64240074157715,0.08134300261735916,59902.159814800136
1605,2459902.6433912,347.5466779,51.2530329,2,19.14310073852539,0.1452309936285019,59902.143391199876
1606,2459900.7414352,347.5467634,51.2529631,2,19.68720054626465,0.32934001088142395,59900.241435199976
1607,2459900.7403472,347.5466861,51.2530224,2,19.500099182128906,0.3469640016555786,59900.24034720007
1608,2459900.726331,347.5464182,51.2530797,2,18.981399536132812,0.22166399657726288,59900.226331000216
1609,2459900.7050926,347.5464605,51.2529477,1,19.533599853515625,0.1964550018310547,59900.20509260008
1610,2459898.758912,347.5465014,51.2531031,2,19.79669952392578,0.18971599638462067,59898.258911999874
1611,2459898.7466319,347.5465405,51.2531631,2,19.721200942993164,0.3217270076274872,59898.24663189985
1612,2459898.7461574,347.5465261,51.2530828,2,18.953399658203125,0.10514900088310242,59898.246157399844
1614,2459898.7076968,347.5464601,51.2530533,1,19.653900146484375,0.2021619975566864,59898.20769680012
1615,2459898.7072222,347.5464871,51.253109,1,18.848600387573242,0.07609599828720093,59898.2072222
1616,2459896.7780671,347.5465011,51.2530482,2,18.933799743652344,0.13110099732875824,59896.27806709986
1617,2459896.6843171,347.5465952,51.252985,1,19.76930046081543,0.21048299968242645,59896.18431709986
1618,2459896.6838542,347.5464926,51.2531033,1,18.993999481201172,0.08615899831056595,59896.183854199946
1620,2459896.642963,347.5466032,51.2529864,2,19.949899673461914,0.1810930073261261,59896.14296300011
1622,2459894.8584722,347.5466617,51.2531127,1,18.481300354003906,0.23149900138378143,59894.35847220011
1624,2459894.8479282,347.5466286,51.2529565,1,18.51129913330078,0.28744399547576904,59894.34792819992
1625,2459894.6388542,347.5465074,51.2530905,2,18.44569969177246,0.09255599975585938,59894.13885420002
1626,2459894.6383796,347.5464998,51.2530608,2,18.45039939880371,0.07955700159072876,59894.1383795999
1627,2459894.6379051,347.5465321,51.2530506,2,18.946300506591797,0.12075400352478027,59894.137905099895
1629,2459889.7219329,347.5464486,51.2530329,1,19.60059928894043,0.34898099303245544,59889.22193290014
1632,2459888.7276852,347.5464113,51.2531335,1,19.20509910583496,0.24241699278354645,59888.22768520005
1634,2459887.7047685,347.546655,51.2529825,1,19.681699752807617,0.3168469965457916,59887.204768499825
1635,2459883.8009491,347.5465237,51.2530659,2,20.393699645996094,0.25722700357437134,59883.30094909994
1636,2459883.8004745,347.546516,51.253105,2,19.054399490356445,0.13198800384998322,59883.30047449982
1637,2459883.7442014,347.5464947,51.2531088,1,19.732900619506836,0.1706160008907318,59883.24420139985
1638,2459883.6331597,347.5464828,51.2531137,2,19.897600173950195,0.17500600218772888,59883.13315969985
1639,2459881.8487153,347.5464916,51.2530357,1,19.526399612426758,0.18680599331855774,59881.348715300206
1640,2459881.8287731,347.5466652,51.2530003,1,19.71780014038086,0.13737300038337708,59881.32877309993
1641,2459881.8282986,347.5464956,51.25308,1,18.899999618530273,0.07352200150489807,59881.328298599925
1642,2459881.7802662,347.5464952,51.2530792,2,18.829999923706055,0.08557199686765671,59881.28026620019
1643,2459881.7457986,347.5465353,51.2530321,2,19.583900451660156,0.16408300399780273,59881.245798599906
1644,2459881.7453356,347.5465078,51.253045,2,19.5935001373291,0.1324400007724762,59881.24533559987
1645,2459879.8273495,347.5464645,51.2530436,1,19.59630012512207,0.17520800232887268,59879.3273494998
1646,2459879.8086921,347.5464747,51.2530728,1,18.919099807739258,0.08035200089216232,59879.30869209999
1647,2459879.8025231,347.5466361,51.2530328,1,19.660900115966797,0.20826099812984467,59879.30252309982
1648,2459879.7889583,347.5465128,51.2530566,2,19.767900466918945,0.14157000184059143,59879.288958299905
1649,2459879.7884838,347.5464906,51.2530792,2,18.920400619506836,0.09510499984025955,59879.2884837999
1650,2459879.768831,347.5465204,51.2530794,2,19.607200622558594,0.16704300045967102,59879.2688310002
1651,2459877.8420486,347.546468,51.2530993,2,19.180400848388672,0.11124199628829956,59877.34204859985
1653,2459877.8066782,347.546469,51.2530532,2,19.180700302124023,0.13163499534130096,59877.30667820014
1654,2459877.7799074,347.5465075,51.2530616,1,19.05970001220703,0.17603300511837006,59877.27990739979
1655,2459877.736331,347.5464236,51.2530763,1,18.85919952392578,0.11516200006008148,59877.23633099999
1657,2459874.7196644,347.5465547,51.2530509,1,19.83679962158203,0.20965400338172913,59874.21966439998
1658,2459874.6626042,347.5465451,51.2531208,2,19.834800720214844,0.16173100471496582,59874.16260420019
1659,2459873.70375,347.5465063,51.2531247,1,19.59819984436035,0.1432649940252304,59873.20374999987
1660,2459873.7032755,347.5464779,51.2530987,1,18.97100067138672,0.06885799765586853,59873.203275499865
1661,2459873.6802083,347.546459,51.2530765,2,19.005699157714844,0.10773299634456635,59873.180208299775
1662,2459873.6792593,347.5465134,51.2530533,2,19.80150032043457,0.21947899460792542,59873.17925930023
1663,2459872.7771528,347.546704,51.2529748,1,20.343700408935547,0.3334310054779053,59872.2771528
1664,2459872.7015856,347.5463277,51.2532242,2,20.26409912109375,0.2628819942474365,59872.20158560015
1665,2459871.7242824,347.5465187,51.253072,1,19.258899688720703,0.1257379949092865,59871.22428240022
1667,2459871.6779051,347.5464566,51.2530982,2,19.20599937438965,0.11002600193023682,59871.17790509993
1670,2459870.7648611,347.5468963,51.2530843,2,20.429100036621094,0.2762959897518158,59870.26486109989
1672,2459869.6419444,347.5464655,51.2530726,1,19.659000396728516,0.1579200029373169,59869.141944400035
1673,2459869.6390278,347.5464977,51.2530902,1,18.955699920654297,0.06505999714136124,59869.139027799945
1674,2459867.7232407,347.546657,51.2530541,1,19.635900497436523,0.2063169926404953,59867.223240700085
1675,2459867.6864352,347.546622,51.2531245,2,19.8794002532959,0.19565199315547943,59867.18643519981
1677,2459866.7209606,347.5464446,51.2531186,1,19.62540054321289,0.12735599279403687,59866.220960599836
1678,2459866.6865046,347.5464332,51.2530478,2,19.48590087890625,0.13436999917030334,59866.186504600104
1680,2459865.7263889,347.5464455,51.2530762,1,18.813100814819336,0.10793899744749069,59865.226388900075
1681,2459865.6597338,347.5464546,51.2530717,2,18.83970069885254,0.10866200178861618,59865.15973380022
1682,2459864.6375,347.5464514,51.2531269,1,19.58639907836914,0.18110699951648712,59864.137500000186
1683,2459864.6370255,347.546531,51.2530538,1,18.918800354003906,0.09210500121116638,59864.13702550018
1684,2459863.8052778,347.5467749,51.2530547,1,19.478200912475586,0.29058700799942017,59863.30527780019
1685,2459862.8028125,347.5464388,51.2530726,2,18.79330062866211,0.1290850043296814,59862.302812499925
1687,2459862.6835648,347.5465156,51.253079,1,19.138700485229492,0.11997000128030777,59862.18356479984
1694,2459859.9031366,347.54645,51.2530999,1,18.671100616455078,0.13616299629211426,59859.40313659981
1695,2459859.7195718,347.5464774,51.2530212,2,18.61709976196289,0.12383300065994263,59859.21957179997
1696,2459858.9134491,347.546542,51.2530643,1,18.46419906616211,0.06669600307941437,59858.41344910022
1697,2459858.8831944,347.5465091,51.253075,1,18.72760009765625,0.07113800197839737,59858.3831944
1698,2459858.6901389,347.5465395,51.2531008,2,18.74920082092285,0.09549199789762497,59858.19013890019
1699,2459858.6896644,347.5464505,51.2531059,2,18.37969970703125,0.07639800012111664,59858.18966440018
1700,2459857.8852894,347.5464465,51.2530582,2,18.21310043334961,0.05478399991989136,59857.385289399885
1701,2459857.7984144,347.5464662,51.2530895,1,18.052799224853516,0.08320999890565872,59857.29841439985
1702,2459856.8022917,347.546487,51.2530974,2,18.45800018310547,0.09509900212287903,59856.30229170015
1703,2459856.760162,347.546517,51.2530739,1,18.32539939880371,0.050230998545885086,59856.26016200008
1704,2459856.7596875,347.5465081,51.2530729,1,18.0487003326416,0.061326999217271805,59856.259687500075
1705,2459856.7288194,347.5464745,51.2530877,2,18.104299545288086,0.0685499981045723,59856.22881940007
1706,2459855.8193981,347.5464237,51.2530703,1,17.95639991760254,0.0712520033121109,59855.31939810002
1707,2459855.8121181,347.546428,51.2530711,2,18.08690071105957,0.05386999994516373,59855.3121181
1708,2459854.7860301,347.546487,51.2530839,2,18.346099853515625,0.07832200080156326,59854.28603010019
1709,2459854.7855556,347.5464804,51.2530958,2,18.04360008239746,0.0562409982085228,59854.28555560019
1710,2459854.7634144,347.5465042,51.253066,1,17.95050048828125,0.057663001120090485,59854.263414400164
1711,2459854.7629398,347.5464676,51.2530761,1,18.20599937438965,0.055952999740839005,59854.26293980004
1712,2459853.8219907,347.5464465,51.2530748,1,17.91309928894043,0.06089099869132042,59853.32199069997
1713,2459853.7696181,347.5464409,51.2530668,2,17.95870018005371,0.05992899835109711,59853.26961810002
1714,2459851.8039352,347.5465023,51.2530863,2,17.77199935913086,0.0555730015039444,59851.303935199976
1715,2459851.8034606,347.5464921,51.2530882,2,17.581100463867188,0.04820999875664711,59851.303460599855
1716,2459851.7615509,347.5465042,51.2530851,1,17.633899688720703,0.05685500055551529,59851.26155090006
1717,2459851.7606019,347.546454,51.2530811,1,17.848600387573242,0.05146000161767006,59851.26060190005
1718,2459851.7193287,347.5464618,51.2530685,1,17.614299774169922,0.06323699653148651,59851.2193287001
1719,2459851.6760995,347.5464545,51.2530694,2,17.76580047607422,0.05973599851131439,59851.17609950015
1720,2459849.8223611,347.5465074,51.2530799,2,17.569299697875977,0.05910300090909004,59849.3223611
1721,2459849.8030787,347.5464783,51.2530877,2,17.511899948120117,0.03953700140118599,59849.30307869986
1722,2459849.7670833,347.5465022,51.2530713,1,17.250900268554688,0.04179399833083153,59849.26708329981
1723,2459849.7661227,347.5464827,51.2530717,1,17.392900466918945,0.04026100039482117,59849.26612270018
1724,2459849.7656597,347.5464756,51.2530679,1,17.21339988708496,0.043779999017715454,59849.26565970015
1725,2459849.6836806,347.5464787,51.2530763,2,17.345600128173828,0.042194999754428864,59849.18368060002
1726,2459847.8003241,347.546477,51.2530807,1,17.16990089416504,0.04063300043344498,59847.30032410007
1727,2459847.7966204,347.5464804,51.2530868,1,17.224899291992188,0.03152700141072273,59847.29662040016
1728,2459847.7961458,347.5465281,51.2530678,1,17.10919952392578,0.04227399826049805,59847.296145800035
1729,2459847.7438194,347.5465109,51.2530738,2,17.604999542236328,0.05390100181102753,59847.2438194002
1730,2459847.7423611,347.5464607,51.2530801,2,17.46419906616211,0.04557500034570694,59847.242361099925
1731,2459847.7418866,347.5464843,51.2530831,2,17.444400787353516,0.035771001130342484,59847.24188659992
1732,2459845.7597917,347.5464683,51.2530748,2,18.83639907836914,0.07813800126314163,59845.25979170017
1733,2459845.7593171,347.5464526,51.2530359,2,19.644899368286133,0.201214998960495,59845.25931710005
1734,2459845.7464699,347.5466304,51.253053,1,19.637699127197266,0.17156699299812317,59845.24646990001
1735,2459845.7455093,347.5464933,51.2530773,1,19.519899368286133,0.11962500214576721,59845.245509299915
1736,2459844.8005093,347.5465492,51.2530456,2,19.59779930114746,0.14116500318050385,59844.30050930008
1737,2459844.7628356,347.546485,51.253086,1,18.823400497436523,0.0776050016283989,59844.26283559995
1738,2459843.8231829,347.5466058,51.2530704,1,19.738300323486328,0.19382800161838531,59843.32318289997
1739,2459843.8217593,347.5465202,51.2530617,1,19.530399322509766,0.16310599446296692,59843.32175929984
1740,2459843.8075926,347.5464813,51.2530802,2,18.937700271606445,0.08843299746513367,59843.30759260012
1741,2459843.7670023,347.5465583,51.2530391,2,19.69260025024414,0.18272800743579865,59843.267002299894
1742,2459842.864838,347.546537,51.2530936,2,19.683700561523438,0.13217799365520477,59842.36483799992
1743,2459842.8090856,347.5464805,51.2530989,1,18.844600677490234,0.06066900119185448,59842.30908560008
1744,2459841.8191435,347.5465008,51.2531017,1,19.53860092163086,0.1403760015964508,59841.31914350018
1745,2459841.7842477,347.5466706,51.2530129,1,19.62150001525879,0.18068499863147736,59841.284247700125
1746,2459841.7837731,347.5464894,51.2530767,1,19.452999114990234,0.12056899815797806,59841.2837731
1747,2459841.7294792,347.546604,51.2530596,1,19.688499450683594,0.15862099826335907,59841.22947920021
1748,2459840.8774537,347.5464655,51.2530917,1,18.883800506591797,0.06178399920463562,59840.377453700174
1749,2459840.802037,347.5465077,51.2531009,1,18.86870002746582,0.05959400162100792,59840.30203700019
1750,2459839.8031481,347.5465167,51.2531212,1,19.70680046081543,0.17156800627708435,59839.30314810015
1751,2459839.7911458,347.5465634,51.2530095,1,19.792200088500977,0.22416000068187714,59839.29114580015
1752,2459839.7240972,347.5464152,51.2530869,1,19.796499252319336,0.1821960061788559,59839.224097200204
1753,2459839.7236227,347.5465065,51.2530565,1,19.88920021057129,0.19389399886131287,59839.2236227002
1754,2459829.9481134,347.5465702,51.2530602,2,19.7987003326416,0.16962400078773499,59829.44811340002
1755,2459829.9378704,347.5464798,51.253098,2,18.87540054321289,0.09112100303173065,59829.43787040003
1756,2459829.91,347.5464921,51.2531145,1,19.64539909362793,0.17241500318050385,59829.41000000015
1757,2459829.8852894,347.546466,51.2531398,1,18.913999557495117,0.08932700008153915,59829.385289399885
1758,2459829.8848032,347.5464434,51.2529469,1,19.940099716186523,0.2680410146713257,59829.38480320014
1761,2459826.8298727,347.5464914,51.2530473,1,19.09079933166504,0.07647400349378586,59826.32987269992
1762,2459826.8035995,347.5465625,51.2530491,2,19.167200088500977,0.0908610001206398,59826.3035995001
1763,2459826.785787,347.5464077,51.2530805,2,18.676000595092773,0.0738309994339943,59826.285786999855
1764,2459826.7853125,347.5464604,51.2530794,2,18.59280014038086,0.073573999106884,59826.28531249985
1765,2459824.8443056,347.5464793,51.2530874,1,19.715499877929688,0.18187999725341797,59824.34430560004
1766,2459824.843831,347.5464875,51.2530899,1,18.96540069580078,0.0811920017004013,59824.34383099992
1767,2459824.8219676,347.5465051,51.2530831,2,18.9862003326416,0.08814600110054016,59824.32196759991
1768,2459824.8214931,347.546606,51.2531374,2,19.844600677490234,0.17406000196933746,59824.32149309991
1769,2459824.8210185,347.5465867,51.2530092,2,20.03499984741211,0.187376007437706,59824.32101849979
1770,2459824.7694792,347.5465783,51.2530974,1,19.938199996948242,0.20744700729846954,59824.26947919978
1771,2459822.831331,347.5465016,51.2530892,1,18.88129997253418,0.06797599792480469,59822.3313310002
1772,2459822.8308681,347.5465684,51.2531131,1,19.764400482177734,0.1711599975824356,59822.330868099816
1773,2459822.8037153,347.5464179,51.2530043,2,19.694400787353516,0.18407300114631653,59822.303715299815
1774,2459822.8032407,347.5465089,51.2530275,2,19.697500228881836,0.15780700743198395,59822.30324070016
1775,2459821.8610069,347.546505,51.253115,1,19.56279945373535,0.14581499993801117,59821.3610069002
1776,2459821.8200231,347.5464997,51.2530771,2,18.901199340820312,0.09393899887800217,59821.32002309989
1777,2459820.7765741,347.5464844,51.2530902,1,18.88319969177246,0.06015700101852417,59820.2765740999
1778,2459820.7760995,347.546572,51.2529791,1,19.68269920349121,0.19683900475502014,59820.27609949978
1779,2459818.9065741,347.5466182,51.2531242,2,19.691600799560547,0.16344399750232697,59818.40657409979
1780,2459818.9060995,347.5464846,51.253095,2,18.922500610351562,0.08956799656152725,59818.406099500135
1781,2459818.9056366,347.5465627,51.2530443,2,19.8700008392334,0.17922699451446533,59818.40563660022
1782,2459818.8651042,347.5464708,51.2531068,1,19.722000122070312,0.14841599762439728,59818.36510419985
1783,2459818.8387153,347.546516,51.2530924,1,18.939899444580078,0.071881003677845,59818.338715299964
1784,2459818.8382407,347.5466729,51.2530449,1,19.777999877929688,0.17659300565719604,59818.33824069984
1785,2459816.9264583,347.5465412,51.2530774,1,18.481399536132812,0.08528900146484375,59816.42645830009
1786,2459816.8881829,347.5464507,51.2530383,2,18.57080078125,0.08249899744987488,59816.388182899915
1787,2459816.8867245,347.5464766,51.2530911,2,18.46339988708496,0.07964900135993958,59816.386724499986
1788,2459816.8862616,347.5465437,51.2530901,2,18.975400924682617,0.10606300085783005,59816.38626160007
1789,2459816.7793519,347.546453,51.2530569,1,18.802099227905273,0.061875998973846436,59816.279351899866
1790,2459816.7788773,347.546404,51.2530577,1,18.34830093383789,0.07855799794197083,59816.27887730021
1791,2459814.8877546,347.5465658,51.2531035,2,19.71470069885254,0.13226699829101562,59814.38775460003
1792,2459814.8858565,347.5465296,51.2530985,2,19.666099548339844,0.13557299971580505,59814.385856499895
1793,2459814.8853935,347.5464806,51.2530804,2,18.817699432373047,0.08237099647521973,59814.38539349986
1794,2459814.8295718,347.5464911,51.2531067,1,19.554000854492188,0.1522749960422516,59814.32957179984
1795,2459814.8260648,347.546477,51.2530983,1,18.854700088500977,0.07195500284433365,59814.32606479991
1796,2459814.8256019,347.546631,51.2530376,1,19.627199172973633,0.13208800554275513,59814.3256019
1797,2459812.8248843,347.5465457,51.2531351,2,19.548099517822266,0.12080699950456619,59812.32488430012
1798,2459812.8244097,347.5465382,51.2530614,2,19.624799728393555,0.15773800015449524,59812.3244097
1799,2459812.8239352,347.5464694,51.2530881,2,18.804000854492188,0.082396000623703,59812.323935199995
1800,2459812.8040972,347.5464712,51.2531072,1,18.8218994140625,0.07337400317192078,59812.30409719981
1801,2459812.8036227,347.5464485,51.2530905,1,19.569499969482422,0.23048900067806244,59812.30362269981
1802,2459812.8031481,347.5464945,51.2530957,1,19.486000061035156,0.1399720013141632,59812.30314810015
1805,2459810.7869097,347.5464541,51.2531923,2,20.07469940185547,0.25215598940849304,59810.286909699906
1806,2459810.7456713,347.5466539,51.2530532,1,19.72319984436035,0.21545299887657166,59810.24567130022
1807,2459808.8860417,347.5464706,51.2531185,2,19.081899642944336,0.10359200090169907,59808.38604169991
1808,2459808.8449769,347.5464718,51.2530881,2,18.47559928894043,0.07978499680757523,59808.344976900145
1809,2459808.8445139,347.5464457,51.2530667,2,18.642900466918945,0.09170199930667877,59808.34451390011
1810,2459808.7626042,347.5464701,51.2530816,1,19.03350067138672,0.097011998295784,59808.262604199816
1811,2459808.7611806,347.5465245,51.2531252,1,18.653400421142578,0.15728799998760223,59808.26118060015
1813,2459806.95,347.5464508,51.2530784,1,19.614299774169922,0.22672200202941895,59806.450000000186
1814,2459806.949537,347.5464738,51.2530635,1,18.804399490356445,0.10293799638748169,59806.44953700015
1815,2459806.8658218,347.5464641,51.2530825,2,18.853200912475586,0.10455100238323212,59806.365821800195
1816,2459806.8624884,347.5466194,51.2530314,2,19.700899124145508,0.1994439959526062,59806.36248840019
1817,2459806.8620139,347.5465784,51.253122,2,19.653900146484375,0.2339950054883957,59806.36201390019
1818,2459806.7683796,347.5468027,51.2530023,1,19.72610092163086,0.23940500617027283,59806.26837959979
1820,2459803.8889468,347.5465068,51.2530554,2,19.884700775146484,0.2410220056772232,59803.38894680003
1821,2459803.8879977,347.5464631,51.2530957,2,18.79400062561035,0.1074490025639534,59803.3879976999
1823,2459801.9636921,347.5465944,51.2530566,2,19.291200637817383,0.14571399986743927,59801.46369209979
1824,2459801.9488542,347.5464662,51.2530553,2,18.6919002532959,0.08022700250148773,59801.448854200076
1825,2459801.9478819,347.5464878,51.2531048,2,18.65250015258789,0.09688600152730942,59801.447881899774
1826,2459801.9264583,347.5465098,51.2530678,1,18.67099952697754,0.08981399983167648,59801.42645830009
1827,2459801.9120486,347.5464345,51.2530717,1,18.5585994720459,0.10844500362873077,59801.41204860015
1828,2459801.8334838,347.5464372,51.2530849,1,19.4773006439209,0.1775510013103485,59801.333483799826
1829,2459798.8909375,347.5464489,51.2530845,1,19.508399963378906,0.16099600493907928,59798.39093750017
1830,2459798.886956,347.5465031,51.2530936,1,18.9064998626709,0.0746999979019165,59798.38695599977
1831,2459798.8864931,347.5465704,51.2530661,1,19.6200008392334,0.1392109990119934,59798.38649309985
1832,2459798.8640278,347.5465849,51.253055,2,19.749900817871094,0.138947993516922,59798.36402780004
1833,2459798.8635532,347.5465423,51.2531557,2,19.62339973449707,0.1577180027961731,59798.36355319992
1834,2459798.8625926,347.5464642,51.2530809,2,18.85070037841797,0.07386399805545807,59798.36259259982
1835,2459795.8871528,347.5462813,51.2530484,2,20.110300064086914,0.26869499683380127,59795.38715279987
1836,2459795.8245833,347.5462879,51.2530696,1,19.719600677490234,0.13070400059223175,59795.324583299924
1837,2459794.946169,347.5464638,51.2530877,2,18.579999923706055,0.0856809988617897,59794.44616900012
1838,2459794.9456944,347.5465242,51.2530873,2,19.129199981689453,0.14574700593948364,59794.4456944
1840,2459793.8091319,347.5466525,51.2530629,1,19.757299423217773,0.1915159970521927,59793.30913189985
1841,2459790.8888773,347.5464859,51.2530793,2,18.853599548339844,0.11476700007915497,59790.38887730008
1842,2459790.8642593,347.5464896,51.2530941,1,18.924699783325195,0.08032800257205963,59790.36425929982
1843,2459790.8637847,347.5465222,51.2531083,1,19.556100845336914,0.13937899470329285,59790.36378470017
1844,2459789.9555324,347.5464815,51.253137,2,19.775699615478516,0.1686280071735382,59789.45553239994
1845,2459789.8810532,347.5466794,51.2530621,1,19.84510040283203,0.209538996219635,59789.38105319999
1847,2459788.9496412,347.5465149,51.2530772,1,20.086700439453125,0.15506300330162048,59788.44964119978
1848,2459788.9111111,347.5464408,51.2531406,2,20.367300033569336,0.2841559946537018,59788.41111110011
1849,2459788.9106366,347.5464948,51.2530875,2,19.98200035095215,0.2398039996623993,59788.41063660011
1850,2459787.8669329,347.5463885,51.2530795,1,18.746599197387695,0.0828230008482933,59787.36693290016
1851,2459787.843125,347.5464094,51.2530513,2,18.726499557495117,0.07137200236320496,59787.34312500013
1852,2459786.9514699,347.5464906,51.2531018,1,18.993900299072266,0.06584899872541428,59786.45146990009
1853,2459786.9509954,347.5464579,51.2530971,1,19.64699935913086,0.14496900141239166,59786.45099540008
1854,2459786.8913542,347.5465223,51.2530545,2,20.028200149536133,0.22401699423789978,59786.391354199965
1855,2459785.934838,347.5466816,51.2530571,1,19.661100387573242,0.21420900523662567,59785.43483800022
1856,2459785.8846412,347.5465721,51.2531142,2,19.757400512695312,0.16861599683761597,59785.38464119984
1857,2459784.9233102,347.5465335,51.2530809,2,19.773700714111328,0.17918500304222107,59784.42331020022
1858,2459784.9228356,347.5464608,51.2530703,2,18.90369987487793,0.08288999646902084,59784.4228356001
1859,2459784.8952662,347.546492,51.2530929,1,18.87849998474121,0.07721800357103348,59784.39526619995
1860,2459784.8922801,347.5464554,51.253098,1,19.66010093688965,0.14160099625587463,59784.39228009991
1862,2459783.8419676,347.5466597,51.2530383,1,19.766399383544922,0.17675800621509552,59783.34196759993
1863,2459782.9488889,347.5464624,51.2531083,1,19.639999389648438,0.18512600660324097,59782.448888900224
1864,2459782.9079514,347.5465348,51.2530282,2,19.93090057373047,0.20433500409126282,59782.40795140015
1865,2459782.9074769,347.5464936,51.2530798,2,18.911699295043945,0.1112390011548996,59782.407476900145
1866,2459782.8310301,347.5464715,51.2530987,1,18.943599700927734,0.0844539999961853,59782.33103010012
1868,2459781.8688542,347.5462892,51.2530744,1,19.99799919128418,0.2652150094509125,59781.3688542
1869,2459780.9534375,347.5464911,51.2529845,1,19.8169002532959,0.16529299318790436,59780.45343750017
1870,2459780.9529745,347.5464965,51.2530468,1,19.065099716186523,0.13636299967765808,59780.452974500135
1871,2459780.9030903,347.5464804,51.2530444,1,19.08489990234375,0.12729600071907043,59780.40309030004
1872,2459780.9026157,347.5464002,51.2530756,1,20.090200424194336,0.18186500668525696,59780.40261569992
1873,2459779.9644792,347.546662,51.2531155,2,19.995100021362305,0.2004999965429306,59779.464479200076
1874,2459779.8866782,347.5464188,51.2531139,2,19.96139907836914,0.19427800178527832,59779.386678200215
1875,2459778.947662,347.5465149,51.2530333,2,19.681699752807617,0.21502000093460083,59778.44766200008
1876,2459778.9471875,347.5464709,51.2530548,2,18.821699142456055,0.11325400322675705,59778.447187500075
1877,2459778.937581,347.5465734,51.2530407,2,19.769899368286133,0.19710299372673035,59778.43758099992
1878,2459778.9022454,347.546508,51.2530772,2,18.90410041809082,0.10127200186252594,59778.40224540001
1879,2459776.9534722,347.5465905,51.2531155,2,19.791099548339844,0.20243200659751892,59776.45347219985
1880,2459776.9529977,347.5464307,51.253092,2,18.875499725341797,0.09934599697589874,59776.452997699846
1881,2459776.9053241,347.5465475,51.2531047,2,19.111299514770508,0.15995900332927704,59776.40532410005
1887,2459773.9240046,347.5465217,51.2529758,2,20.092300415039062,0.2922230064868927,59773.42400459992
1889,2459772.9453125,347.5464904,51.253074,2,18.83799934387207,0.10937999933958054,59772.4453125
1890,2459771.9473264,347.5464793,51.2530993,1,18.88050079345703,0.06657899916172028,59771.44732639985
1891,2459771.9468519,347.5465893,51.2530426,1,19.66900062561035,0.2018679976463318,59771.44685189985
1892,2459771.9142824,347.5465466,51.2530586,1,19.67569923400879,0.21263499557971954,59771.41428240016
1893,2459771.8932986,347.5464415,51.2530856,1,18.918800354003906,0.08322600275278091,59771.39329859987
1894,2459770.9538773,347.5464911,51.2530952,1,19.480199813842773,0.12653300166130066,59770.453877300024
1895,2459770.8901389,347.5464861,51.2530919,1,19.50510025024414,0.12844499945640564,59770.39013889991
1896,2459769.95125,347.5464444,51.2531008,1,18.86440086364746,0.06649000197649002,59769.451249999925
1897,2459769.9263079,347.5464957,51.2530942,1,18.8789005279541,0.07360299676656723,59769.42630789988
1902,2459766.9325347,347.5465074,51.2530916,1,19.042800903320312,0.07159499824047089,59766.432534699794
1903,2459766.8866782,347.5466367,51.2530469,2,20.072999954223633,0.16542699933052063,59766.386678200215
1904,2459765.950463,347.5464972,51.2531289,2,19.678800582885742,0.14034299552440643,59765.45046300022
1905,2459765.9499884,347.5464931,51.2530751,2,18.905899047851562,0.07954800128936768,59765.4499884001
1906,2459765.9295486,347.5464826,51.2530805,1,19.70159912109375,0.15453700721263885,59765.42954860022
1907,2459765.9085648,347.5467362,51.2530062,1,19.879600524902344,0.19968800246715546,59765.40856479993
1908,2459764.9336806,347.5465014,51.2530923,1,18.925600051879883,0.07730100303888321,59764.43368060002
1909,2459764.8842593,347.5466283,51.2530202,2,20.339500427246094,0.2716050148010254,59764.38425929984
1912,2459763.9280671,347.5461912,51.2531061,2,20.455900192260742,0.25041601061820984,59763.42806709977
1913,2459763.8496759,347.5463713,51.2530657,2,20.06439971923828,0.20396099984645844,59763.34967589984
1914,2459762.9520833,347.5465258,51.2530509,3,19.195999145507812,0.1217690035700798,59762.45208329987
1916,2459762.9516088,347.5464518,51.2531048,3,18.59040069580078,0.08044599741697311,59762.45160879986
1918,2459762.9299884,347.5466088,51.2530624,3,19.097400665283203,0.15518400073051453,59762.42998840008
1920,2459762.8596065,347.5464297,51.2530755,1,19.25779914855957,0.08813100308179855,59762.359606499784
1921,2459760.9337847,347.5464004,51.2530424,2,18.338899612426758,0.09199699759483337,59760.4337847
1922,2459760.8828819,347.5464176,51.2530732,2,18.251800537109375,0.06651899963617325,59760.38288189983
1923,2459759.9495949,347.5464994,51.2530759,1,18.10930061340332,0.06168900057673454,59759.44959490001
1924,2459759.9486458,347.5464692,51.2530803,1,18.42729949951172,0.04734199866652489,59759.44864579989
1925,2459759.9069676,347.5464696,51.2530823,2,18.016599655151367,0.05113599821925163,59759.406967599876
1926,2459758.9276505,347.5464116,51.2530559,2,18.08329963684082,0.06559500098228455,59758.42765050009
1928,2459758.9121412,347.5464366,51.2530781,2,18.150699615478516,0.07326199859380722,59758.412141200155
1930,2459757.9289468,347.5464919,51.2530736,1,18.327299118041992,0.04705499857664108,59757.428946800064
1931,2459757.927963,347.5465068,51.2530606,1,18.069299697875977,0.06068899855017662,59757.42796299979
1932,2459757.8859838,347.5464816,51.253061,1,18.022899627685547,0.07268200069665909,59757.38598380005
1933,2459757.8720023,347.5464984,51.2530655,1,18.106300354003906,0.04454600065946579,59757.372002299875
1934,2459756.9503935,347.546415,51.2530771,1,17.887699127197266,0.05721399933099747,59756.45039349981
1935,2459756.8808681,347.5464468,51.2530656,2,17.988300323486328,0.04895700141787529,59756.380868100096
1936,2459755.9289352,347.5464973,51.2530445,1,17.76300048828125,0.05266999825835228,59755.428935199976
1937,2459755.9034491,347.5464711,51.2530751,1,17.91950035095215,0.04384399950504303,59755.40344909998
1938,2459755.8725,347.5465089,51.253082,2,18.07200050354004,0.06446400284767151,59755.372500000056
1939,2459755.8720255,347.5464616,51.2530794,2,17.811500549316406,0.053711000829935074,59755.37202550005
1940,2459753.948669,347.5464665,51.2530737,2,17.650100708007812,0.049601998180150986,59753.44866900006
1941,2459753.9338079,347.5464486,51.2530652,1,17.413999557495117,0.05096599832177162,59753.433807900175
1942,2459752.9262037,347.5464896,51.2530762,1,17.374399185180664,0.06001000106334686,59752.42620369978
1943,2459752.8995255,347.5465138,51.2530778,2,17.674299240112305,0.06442999839782715,59752.3995254999
1944,2459751.9484491,347.5464751,51.253078,1,17.451200485229492,0.036625999957323074,59751.4484490999
1945,2459751.9474769,347.5464647,51.2530755,1,17.326799392700195,0.04264700040221214,59751.44747690018
1946,2459751.9251505,347.5464647,51.2530863,2,17.395000457763672,0.054722998291254044,59751.425150500145
1947,2459751.9003935,347.5464441,51.2530738,2,17.350099563598633,0.04039100185036659,59751.40039349999
1948,2459750.9231597,347.5465087,51.2530699,1,17.36319923400879,0.042775001376867294,59750.42315969989
1949,2459750.8906944,347.5465188,51.2530793,2,17.566699981689453,0.056327998638153076,59750.39069439983
1950,2459749.925081,347.5464402,51.2530708,1,17.98740005493164,0.06152400001883507,59749.4250810002
1951,2459749.8635995,347.5464576,51.2530859,2,17.72559928894043,0.05191899836063385,59749.36359950015
1952,2459748.9330787,347.5464189,51.2530563,2,19.1028995513916,0.13015399873256683,59748.43307870021
1954,2459748.9158333,347.5465393,51.2531797,1,19.54960060119629,0.22728300094604492,59748.41583329998
1955,2459748.9153588,347.5464462,51.2530847,1,19.730600357055664,0.23187300562858582,59748.415358799975
1956,2459744.9519676,347.5465113,51.2531264,1,18.76490020751953,0.12568800151348114,59744.4519675998
1957,2459744.9363079,347.5470124,51.2529266,1,19.413799285888672,0.32312700152397156,59744.43630790012
1959,2459744.9135532,347.5465223,51.2530749,2,19.798500061035156,0.23731300234794617,59744.4135532002
1960,2459744.9111806,347.5465236,51.2530999,2,19.67259979248047,0.2716529965400696,59744.41118060006
1961,2459743.9454745,347.5464133,51.2531068,2,18.83099937438965,0.12904299795627594,59743.44547449984
1963,2459742.9519444,347.5464497,51.2530746,1,18.840200424194336,0.08744800090789795,59742.45194440009
1965,2459742.9109144,347.5464468,51.2530486,2,19.82349967956543,0.23191000521183014,59742.41091440013
1966,2459742.9104398,347.5466145,51.2530629,2,19.73110008239746,0.2358040064573288,59742.410439800005
1967,2459741.866875,347.5465009,51.2530869,2,18.84079933166504,0.12842699885368347,59741.36687499983
1968,2459739.9559722,347.5464763,51.2530954,2,19.543699264526367,0.1545249968767166,59739.455972199794
1969,2459739.9554977,347.5463797,51.2530421,2,19.98150062561035,0.215829998254776,59739.45549769979
1970,2459739.9163657,347.5463193,51.2530807,1,19.67690086364746,0.17306900024414062,59739.41636569984
1972,2459738.9376852,347.546554,51.2530429,2,19.190500259399414,0.11816900223493576,59738.43768520001
1973,2459738.9118287,347.5464836,51.2530418,1,18.631099700927734,0.11104299873113632,59738.41182869999
1974,2459737.9520718,347.5466179,51.2530291,2,20.43630027770996,0.2262600064277649,59737.4520717999
1975,2459737.9268519,347.5465147,51.2530948,1,19.002700805664062,0.09001799672842026,59737.42685189983
1978,2459707.9520718,347.5463899,51.2529703,2,19.604400634765625,0.3188000023365021,59707.4520717999
1979,2459701.9860532,347.5464738,51.2530675,1,18.97566032409668,0.13307799398899078,59701.48605319997
1980,2459701.9840278,347.5465752,51.2530791,1,19.05929946899414,0.16306200623512268,59701.48402780015
1981,2459701.9820139,347.5464852,51.253024,1,19.080900192260742,0.12255100160837173,59701.48201389983
1982,2459701.9799884,347.5464983,51.2530507,1,19.091299057006836,0.1431030035018921,59701.47998839989
1983,2459701.9779745,347.5464846,51.2530824,1,19.150999069213867,0.1473110020160675,59701.47797450004
1984,2459700.9870602,347.5464986,51.2530623,2,19.000900268554688,0.13984499871730804,59700.48706019996
1985,2459700.9851042,347.5465225,51.2530283,2,18.91819953918457,0.11771800369024277,59700.485104199965
1986,2459700.9831481,347.5464329,51.2530622,2,18.962499618530273,0.14305099844932556,59700.483148099855
1987,2459700.9811806,347.5464399,51.2530307,2,18.947399139404297,0.11487700045108795,59700.48118059989
1988,2459700.9792245,347.5465163,51.2531007,2,18.97330093383789,0.13451799750328064,59700.47922449978
1989,2459699.9891204,347.5465179,51.2530713,2,18.88249969482422,0.10844600200653076,59699.489120400045
1990,2459699.9865856,347.5464837,51.2530847,2,18.863100051879883,0.08208200335502625,59699.486585599836
1991,2459699.9840509,347.5464906,51.2530531,2,18.82830047607422,0.10473000258207321,59699.48405090021
1992,2459699.9815162,347.5464284,51.2530745,2,18.784299850463867,0.1055150032043457,59699.48151620012
1993,2459699.9789815,347.5464881,51.2530793,2,18.822200775146484,0.10725700110197067,59699.478981500026
1994,2459698.9883912,347.5465318,51.2530486,2,18.740299224853516,0.10204800218343735,59698.48839120008
1995,2459698.9858565,347.546461,51.2530572,2,18.817899703979492,0.12386800348758698,59698.48585649999
1996,2459698.9833218,347.5465016,51.2530616,2,18.79010009765625,0.12419600039720535,59698.4833217999
1997,2459698.9807986,347.5464936,51.2530284,2,18.831600189208984,0.14321599900722504,59698.480798599776
1998,2459698.9782639,347.5464292,51.2530224,2,18.904800415039062,0.16166800260543823,59698.47826390015
2004,2459690.9946412,347.5465094,51.253077,2,18.83690071105957,0.15618300437927246,59690.494641200174
2005,2459690.9921875,347.5464786,51.2530347,2,18.919599533081055,0.21772600710391998,59690.4921875
2006,2459690.9897338,347.5465153,51.2530581,2,18.881099700927734,0.18518400192260742,59690.489733799826
2007,2459690.9872685,347.5464617,51.2531113,2,18.889400482177734,0.1807350069284439,59690.48726850003
2008,2459690.9848148,347.5464207,51.253002,2,18.87929916381836,0.19019100069999695,59690.48481479986
2026,2459684.9977315,347.5465942,51.2531168,2,19.58009910583496,0.29309698939323425,59684.49773149984
2029,2459684.001875,347.5466118,51.2530733,2,19.811500549316406,0.27087798714637756,59683.501875000075
2030,2459683.9994329,347.5465688,51.2530979,2,19.582500457763672,0.27931201457977295,59683.49943289999
2032,2459683.9945718,347.546346,51.2531358,2,19.428699493408203,0.16358299553394318,59683.49457179988
2034,2459683.0023958,347.5464807,51.2531073,2,19.97909927368164,0.27122700214385986,59682.50239579985
2035,2459682.9999653,347.5464312,51.2531622,2,19.77630043029785,0.29464098811149597,59682.49996529985
2038,2459682.9926736,347.5463541,51.2530282,2,19.80579948425293,0.3437789976596832,59682.49267360009
2039,2459680.0073148,347.5461549,51.2531729,2,19.7544002532959,0.22413000464439392,59679.50731479982
2040,2459680.0048148,347.5465256,51.2530702,2,19.844100952148438,0.2646409869194031,59679.504814799875
2041,2459680.0023032,347.5466304,51.2531912,2,19.61720085144043,0.1699260026216507,59679.50230319984
2042,2459679.9998032,347.5464853,51.2532131,2,19.743000030517578,0.2398499995470047,59679.4998031999
2043,2459679.9973032,347.5466271,51.2531975,2,19.650800704956055,0.2810690104961395,59679.497303199954
2045,2459679.0059144,347.5465315,51.2531685,2,19.77790069580078,0.32990700006484985,59678.505914399866
2046,2459679.0034028,347.5466239,51.2530685,2,19.49650001525879,0.28496599197387695,59678.50340279983
2047,2459679.0009028,347.5464282,51.2530216,2,19.721900939941406,0.2505680024623871,59678.50090279989
2048,2459678.9984028,347.5464721,51.2531192,2,19.75790023803711,0.29061999917030334,59678.498402799945
2050,2459678.0068981,347.5465285,51.2530785,2,19.837600708007812,0.3734860122203827,59677.50689810002
2051,2459678.0043981,347.5465502,51.25311,2,19.71339988708496,0.2617590129375458,59677.50439810008
2062,2459675.0104861,347.5462834,51.2531114,2,18.867000579833984,0.14452500641345978,59674.51048609987
2063,2459675.0079398,347.5464842,51.2531087,2,18.92840003967285,0.13795700669288635,59674.507939800154
2064,2459675.0053935,347.5463747,51.2530575,2,18.942699432373047,0.14647500216960907,59674.505393499974
2065,2459675.0028472,347.5463624,51.2530984,2,18.99340057373047,0.13876500725746155,59674.502847199794
2066,2459675.0003009,347.5464855,51.2530602,2,19.137699127197266,0.1985439956188202,59674.50030090008
2071,2459674.0001273,347.5465028,51.2531622,2,19.296100616455078,0.40859898924827576,59673.500127300154
2072,2459674.0001273,347.5465224,51.2532071,2,19.27440071105957,0.4228630065917969,59673.500127300154
2074,2459672.0116204,347.5465449,51.2531902,2,19.935300827026367,0.2869899868965149,59671.51162040001
2075,2459672.0116204,347.5465462,51.2531882,2,19.92959976196289,0.2830199897289276,59671.51162040001
2076,2459672.0090972,347.5465819,51.2530939,2,19.594499588012695,0.19401000440120697,59671.50909719989
2077,2459672.0090972,347.5465748,51.2530954,2,19.598100662231445,0.19316600263118744,59671.50909719989
2078,2459672.0065856,347.5464721,51.2531482,2,19.79789924621582,0.20359599590301514,59671.506585599855
2079,2459672.0065856,347.5464546,51.2531438,2,19.79640007019043,0.2035280019044876,59671.506585599855
2080,2459672.0040625,347.5465884,51.2531421,2,19.693199157714844,0.21807800233364105,59671.50406249985
2081,2459672.0040625,347.5465864,51.2531454,2,19.679800033569336,0.21870599687099457,59671.50406249985
2087,2459550.7355324,347.5465042,51.2530836,1,18.826160430908203,0.07192099839448929,59550.2355324002
2088,2459550.7166204,347.5465695,51.2530182,1,19.693140029907227,0.1665560007095337,59550.21662040008
2089,2459550.6171528,347.546525,51.2530772,2,19.747699737548828,0.15044300258159637,59550.11715279985
2090,2459550.6166782,347.5465057,51.2530754,2,19.66189956665039,0.222803995013237,59550.1166782002
2091,2459543.6392824,347.5465581,51.2530401,2,18.911300659179688,0.12360499799251556,59543.13928239979
2092,2459540.7983912,347.5464386,51.2529495,1,18.045499801635742,0.12982599437236786,59540.29839120014
2093,2459540.7979282,347.5464085,51.2530728,1,18.340700149536133,0.15049399435520172,59540.2979282001
2094,2459540.7055324,347.5464852,51.2530405,2,18.41119956970215,0.08974099904298782,59540.20553239994
2095,2459540.6872801,347.5464733,51.2530771,2,18.050899505615234,0.0706389993429184,59540.18728009984
2096,2459540.658912,347.5464843,51.253047,2,18.06879997253418,0.07971099764108658,59540.15891199978
2097,2459537.8441204,347.5465299,51.2531071,2,18.91830062866211,0.13566100597381592,59537.34412040003
2098,2459537.8237269,347.5464634,51.2531498,2,19.645999908447266,0.27630001306533813,59537.32372689992
2099,2459537.8058449,347.546625,51.2529808,2,19.783100128173828,0.26089298725128174,59537.3058449002
2100,2459537.7416667,347.5465463,51.2531159,1,18.710399627685547,0.09047699719667435,59537.241666700225
2103,2459531.8383218,347.5464649,51.2531117,1,18.960800170898438,0.09775000065565109,59531.33832179988
2104,2459531.8029282,347.5467128,51.2530138,1,19.937000274658203,0.28014498949050903,59531.30292819999
2105,2459531.8013889,347.5465906,51.2530846,1,19.818599700927734,0.23200100660324097,59531.301388899796
2106,2459531.6578704,347.5464651,51.2530539,2,20.107500076293945,0.32221001386642456,59531.15787040023
2107,2459531.6569213,347.546638,51.2530982,2,20.124399185180664,0.26195600628852844,59531.156921300106
2108,2459531.6549884,347.5466016,51.2530977,2,19.061100006103516,0.15751099586486816,59531.15498840017
2109,2459529.7580556,347.5464374,51.2531001,1,18.658000946044922,0.10390099883079529,59529.25805559987
2110,2459529.757581,347.5464596,51.2530385,1,19.224599838256836,0.10569799691438675,59529.257581000216
2111,2459529.7421065,347.5465628,51.2530501,1,18.669700622558594,0.11300399899482727,59529.24210650008
2112,2459529.7013542,347.5465011,51.2530936,2,19.270599365234375,0.13652600347995758,59529.20135420002
2113,2459529.7008796,347.5464703,51.253096,2,18.65290069580078,0.08804900199174881,59529.2008795999
2114,2459529.6991667,347.5464319,51.253042,2,18.721399307250977,0.08927799761295319,59529.19916669978
2115,2459526.723831,347.5465125,51.2530951,1,19.46809959411621,0.15239199995994568,59526.22383099981
2116,2459526.7233681,347.5464818,51.2530952,1,18.894100189208984,0.06962499767541885,59526.22336809989
2117,2459526.7207292,347.5466576,51.2530502,1,19.658199310302734,0.22518999874591827,59526.22072920017
2118,2459526.659213,347.5465365,51.2531275,2,19.725400924682617,0.1998320072889328,59526.15921299998
2119,2459526.6582523,347.5465407,51.2531023,2,19.710399627685547,0.18994200229644775,59526.15825230023
2120,2459526.6558912,347.5464972,51.2530658,2,18.900999069213867,0.10863900184631348,59526.15589120006
2121,2459524.8034954,347.5464556,51.2530989,1,19.811399459838867,0.14352299273014069,59524.30349540012
2122,2459524.7213889,347.546577,51.2531184,2,20.12070083618164,0.25827300548553467,59524.22138890019
2124,2459524.7177431,347.546472,51.2530857,2,19.02429962158203,0.08800800144672394,59524.21774310013
2125,2459524.6562847,347.5467302,51.2530532,1,20.098800659179688,0.2008260041475296,59524.15628470015
2126,2459524.6558102,347.5464994,51.2530956,1,19.101200103759766,0.0803539976477623,59524.15581020014
2127,2459522.7471412,347.5465339,51.2530688,1,18.55820083618164,0.08585400134325027,59522.24714120012
2128,2459522.7452431,347.5464359,51.2530927,1,18.556499481201172,0.09801100194454193,59522.245243099984
2129,2459522.7249306,347.546505,51.2531009,1,19.176000595092773,0.1143300011754036,59522.2249305998
2130,2459522.7004167,347.5464438,51.253092,2,18.567800521850586,0.07010100036859512,59522.20041669998
2131,2459522.6994792,347.5464385,51.2530686,2,18.703100204467773,0.07434199750423431,59522.199479199946
2132,2459520.8095718,347.5464759,51.2531055,1,19.577499389648438,0.1551710069179535,59520.30957179982
2133,2459520.7874306,347.546541,51.253048,1,19.699899673461914,0.19558799266815186,59520.2874305998
2134,2459520.7854282,347.5464895,51.2530919,1,18.876699447631836,0.07666999846696854,59520.28542819992
2135,2459520.7443634,347.5464657,51.2530606,2,18.903499603271484,0.0772629976272583,59520.244363400154
2136,2459520.7438889,347.546509,51.253127,2,19.62030029296875,0.15185800194740295,59520.24388890015
2137,2459520.721331,347.5465994,51.2530974,2,19.757999420166016,0.19674600660800934,59520.22133099986
2138,2459517.7447454,347.5464804,51.2530729,2,18.89699935913086,0.07428199797868729,59517.2447453998
2139,2459517.7442708,347.546566,51.2530275,2,19.756099700927734,0.2003210037946701,59517.24427080015
2140,2459517.6988426,347.5464966,51.2530765,1,19.625900268554688,0.1290919929742813,59517.19884259999
2141,2459517.6798727,347.5464675,51.2531042,1,18.862300872802734,0.07054699957370758,59517.17987270001
2142,2459517.678912,347.5466785,51.2530145,1,19.659500122070312,0.15154999494552612,59517.1789119998
2143,2459517.6414005,347.5465278,51.2531166,2,19.696699142456055,0.1711760014295578,59517.1414005002
2144,2459510.7591319,347.5465123,51.2531087,1,18.871299743652344,0.10267399996519089,59510.259131900035
2145,2459510.7435764,347.5464715,51.2530585,1,19.34309959411621,0.1764799952507019,59510.24357639998
2146,2459510.7431019,347.5466446,51.2530456,1,19.962200164794922,0.2775160074234009,59510.24310189998
2147,2459504.7916898,347.5465591,51.2529991,2,19.782800674438477,0.24537500739097595,59504.2916898001
2148,2459504.7912269,347.5464409,51.2530617,2,18.919599533081055,0.115665003657341,59504.29122690018
2149,2459504.7907523,347.5463962,51.2531515,2,19.774799346923828,0.2448039948940277,59504.29075230006
2151,2459504.741169,347.5465314,51.2531197,1,18.697999954223633,0.137473002076149,59504.241169000044
2153,2459502.888044,347.5462307,51.2529342,1,19.91230010986328,0.2534100115299225,59502.38804400014
2154,2459502.8875694,347.546498,51.2531075,1,19.021699905395508,0.08994200080633163,59502.387569400016
2155,2459502.8851042,347.5467956,51.2530421,1,19.927200317382812,0.2404019981622696,59502.38510419987
2156,2459502.8443403,347.5465527,51.2531217,2,20.137399673461914,0.23021799325942993,59502.34434030019
2157,2459502.8189583,347.5465079,51.253151,2,19.774900436401367,0.26676198840141296,59502.318958300166
2158,2459502.8184838,347.5465833,51.2530865,2,18.995800018310547,0.12577900290489197,59502.31848380016
2159,2459498.8456829,347.5464745,51.2530756,1,19.5221004486084,0.13613399863243103,59498.34568289993
2160,2459497.8437037,347.5464831,51.2530797,1,18.872699737548828,0.07666900008916855,59497.34370370023
2161,2459497.8432407,347.5465421,51.2530489,1,19.777000427246094,0.23799599707126617,59497.3432407002
2162,2459497.8104861,347.5465165,51.2531237,2,19.607999801635742,0.14575399458408356,59497.31048610015
2163,2459494.8490278,347.5466039,51.2530642,1,19.04170036315918,0.11278700083494186,59494.34902779991
2165,2459491.7935417,347.5466055,51.2530338,1,19.686800003051758,0.19605199992656708,59491.29354170011
2166,2459491.7809144,347.5464587,51.2530785,1,18.8218994140625,0.08091200143098831,59491.28091439977
2167,2459491.7187384,347.5465101,51.2531067,2,19.631099700927734,0.20678600668907166,59491.21873839991
2171,2459489.7903819,347.5464781,51.2531092,2,19.49489974975586,0.15995700657367706,59489.290381900035
2172,2459489.7903819,347.5464781,51.2531092,2,19.49489974975586,0.15995700657367706,59489.290381900035
2174,2459489.7457523,347.546485,51.2531006,1,19.46269989013672,0.12360399961471558,59489.245752300136
2175,2459489.7457523,347.546485,51.2531006,1,19.46269989013672,0.12360399961471558,59489.245752300136
2176,2459487.8281829,347.546629,51.2530788,2,19.950899124145508,0.19204400479793549,59487.32818289986
2177,2459487.8277199,347.5465267,51.2530497,2,18.94659996032715,0.10296200215816498,59487.327719899826
2178,2459487.8272454,347.5467116,51.2530736,2,19.881799697875977,0.23242199420928955,59487.32724539982
2179,2459487.7665278,347.5464932,51.2530809,1,19.67650032043457,0.19278700649738312,59487.26652779989
2180,2459487.7655787,347.5466507,51.253005,1,19.77989959716797,0.1806029975414276,59487.26557870023
2181,2459487.7651157,347.5464991,51.2531024,1,18.911699295043945,0.07552099972963333,59487.2651157002
2182,2459485.7668866,347.5464696,51.2531073,1,19.672100067138672,0.21161200106143951,59485.26688659983
2183,2459485.7659375,347.5464822,51.2530972,1,18.93470001220703,0.08270099759101868,59485.26593750017
2184,2459485.765463,347.5466457,51.2530568,1,19.69260025024414,0.18947400152683258,59485.26546300016
2185,2459485.7408333,347.5465808,51.2530616,2,19.69029998779297,0.1902649998664856,59485.240833300166
2186,2459485.7238194,347.5465027,51.2530934,2,18.975500106811523,0.08263800293207169,59485.223819400184
2187,2459485.7233449,347.5466334,51.2531132,2,19.93090057373047,0.17353199422359467,59485.22334490018
2188,2459480.8502662,347.5465307,51.2530878,1,18.52669906616211,0.09268300235271454,59480.350266200025
2189,2459480.8298495,347.5465574,51.253086,1,18.15250015258789,0.08235500007867813,59480.32984950021
2190,2459480.829375,347.5465013,51.2530641,1,18.16550064086914,0.08567599952220917,59480.329375000205
2191,2459480.7672454,347.5464743,51.25309,2,18.208200454711914,0.07086499780416489,59480.26724540023
2192,2459480.7662847,347.5464816,51.253071,2,18.244699478149414,0.07539500296115875,59480.26628470002
2193,2459480.7658102,347.5465243,51.2530794,2,18.582000732421875,0.08331599831581116,59480.26581020001
2194,2459478.8421875,347.5465624,51.2530535,1,17.85770034790039,0.08764500170946121,59478.34218750009
2195,2459478.8282755,347.5465269,51.2530575,1,18.033700942993164,0.10615699738264084,59478.328275499865
2196,2459478.8278009,347.5465402,51.2530518,1,18.34480094909668,0.09263700246810913,59478.32780090021
2197,2459478.7437153,347.5464721,51.2530803,2,18.17770004272461,0.07884500175714493,59478.243715300225
2198,2459478.7432523,347.5464565,51.2530569,2,18.117399215698242,0.07562500238418579,59478.24325230019
2199,2459478.7422801,347.5464953,51.2530701,2,18.484100341796875,0.08694200217723846,59478.24228010001
2200,2459476.8410995,347.5464754,51.2530875,2,17.96500015258789,0.06950999796390533,59476.34109950019
2201,2459476.8306829,347.5464835,51.253066,2,17.920900344848633,0.06559199839830399,59476.3306828998
2202,2459476.8068634,347.546494,51.2531043,2,18.13479995727539,0.09080400317907333,59476.306863400154
2203,2459476.7844444,347.5465217,51.2530636,1,17.959999084472656,0.06022400036454201,59476.28444440011
2204,2459476.7533796,347.5464757,51.2530782,1,18.160900115966797,0.060102999210357666,59476.25337960012
2205,2459476.7529167,347.5464633,51.2530785,1,17.821399688720703,0.08052299916744232,59476.25291670021
2206,2459473.9456713,347.5464938,51.2530814,2,17.528099060058594,0.04673900082707405,59473.44567129994
2207,2459473.936412,347.546527,51.2530745,2,17.83609962463379,0.04833799973130226,59473.4364120001
2208,2459473.9283565,347.5464525,51.2530795,2,17.683000564575195,0.04695599898695946,59473.42835649988
2209,2459473.8859028,347.5465123,51.2530693,1,17.46780014038086,0.05260000005364418,59473.38590280013
2210,2459473.8684144,347.546517,51.2530827,1,17.625600814819336,0.03989600017666817,59473.368414400145
2211,2459473.8679398,347.5464779,51.2530709,1,17.496599197387695,0.051653001457452774,59473.367939800024
2212,2459471.790625,347.5465109,51.2530683,1,17.338499069213867,0.05158799886703491,59471.29062499991
2213,2459471.7882523,347.5464915,51.2530821,1,17.48430061340332,0.05159299820661545,59471.28825230012
2214,2459471.7877662,347.5464615,51.2530746,1,17.31599998474121,0.053947001695632935,59471.287766200025
2215,2459471.7365046,347.5464866,51.2530903,2,17.49220085144043,0.05147700011730194,59471.23650459992
2216,2459471.7360301,347.5464804,51.2530632,2,17.454700469970703,0.04397499933838844,59471.23603009991
2217,2459471.7355556,347.5465245,51.2530774,2,17.683700561523438,0.06074199825525284,59471.23555559991
2218,2459469.8901389,347.546513,51.2530707,2,18.451799392700195,0.07661399990320206,59469.39013889991
2219,2459469.8674884,347.546437,51.2530675,2,18.12179946899414,0.054607998579740524,59469.36748840008
2220,2459469.8640278,347.5464798,51.2530848,2,18.103900909423828,0.06750699877738953,59469.36402780004
2221,2459469.7671412,347.5465222,51.2530722,1,18.03510093688965,0.07141699641942978,59469.26714120014
2222,2459469.7616319,347.5464926,51.2530677,1,18.347999572753906,0.04941499978303909,59469.26163189998
2223,2459469.7611574,347.5464391,51.2530759,1,18.016199111938477,0.052995000034570694,59469.261157399975
2224,2459467.9357176,347.5464697,51.2531133,1,19.535400390625,0.15164299309253693,59467.43571759993
2225,2459467.8866088,347.5464674,51.2530787,2,19.028799057006836,0.08692499995231628,59467.38660879992
2226,2459467.8667361,347.5465854,51.2531275,2,19.800600051879883,0.13927899301052094,59467.366736100055
2227,2459467.8638194,347.546616,51.2530527,2,20.00160026550293,0.17459000647068024,59467.36381939985
2228,2459467.7199421,347.5464844,51.253094,1,18.846599578857422,0.06972499936819077,59467.21994209988
2229,2459467.7194676,347.5466766,51.2530406,1,19.65519905090332,0.17397700250148773,59467.219467599876
2230,2459465.8492361,347.5464933,51.2530841,2,18.808900833129883,0.10419800132513046,59465.34923609998
2231,2459465.8487616,347.5465204,51.253067,2,19.542499542236328,0.11003799736499786,59465.34876159998
2232,2459465.8464005,347.5465208,51.2530845,2,19.60689926147461,0.12695899605751038,59465.34640049981
2233,2459465.8221412,347.5465765,51.2531083,1,19.715499877929688,0.1879650056362152,59465.32214119984
2234,2459465.8211921,347.5464475,51.2530758,1,19.542400360107422,0.14805500209331512,59465.32119210018
2235,2459465.8065625,347.5464806,51.2530892,1,18.840599060058594,0.058768000453710556,59465.306562500075
2236,2459463.8507523,347.5464464,51.2530961,1,19.691499710083008,0.16638800501823425,59463.35075230012
2237,2459463.8502778,347.5464755,51.2530936,1,18.867799758911133,0.07538700103759766,59463.35027780011
2238,2459463.8235995,347.5464841,51.2530672,2,18.943700790405273,0.09326999634504318,59463.323599500116
2239,2459463.7997222,347.5465466,51.2530765,2,19.94230079650879,0.19223299622535706,59463.299722199794
2240,2459463.7799653,347.5466172,51.2531313,2,19.76650047302246,0.13249699771404266,59463.27996530011
2241,2459463.7471528,347.5465346,51.2530886,1,19.759000778198242,0.1759590059518814,59463.247152800206
2242,2459461.8895486,347.5464478,51.2530787,2,18.848899841308594,0.09088300168514252,59461.389548600186
2243,2459461.8042245,347.5465327,51.2530736,2,19.709699630737305,0.15673400461673737,59461.30422449997
2244,2459461.7849537,347.5464844,51.253104,2,19.618600845336914,0.13256999850273132,59461.28495369991
2245,2459461.7651042,347.5466153,51.2530583,1,19.63159942626953,0.18712200224399567,59461.265104200225
2246,2459461.7646296,347.5464472,51.2530713,1,19.477399826049805,0.1495160013437271,59461.264629600104
2247,2459461.7474884,347.5464768,51.2530953,1,18.833799362182617,0.06803199648857117,59461.24748839997
2248,2459459.8701273,347.5466073,51.253012,2,20.136899948120117,0.15699900686740875,59459.3701272998
2249,2459459.8696528,347.5464852,51.2530713,2,19.066200256347656,0.08376699686050415,59459.369652799796
2250,2459459.8281134,347.5464993,51.2530857,1,19.116500854492188,0.07976000010967255,59459.32811339991
2252,2459459.8013657,347.5468128,51.2529916,1,20.16320037841797,0.25060001015663147,59459.301365700085
2253,2459459.7675,347.5467037,51.2531239,2,20.249900817871094,0.2288849949836731,59459.267500000075
2254,2459455.8266898,347.5464211,51.2530652,1,19.568199157714844,0.17590199410915375,59455.32668979978
2255,2459455.8251968,347.546441,51.2530329,1,19.617300033569336,0.19697099924087524,59455.32519679982
2256,2459455.8247222,347.5465255,51.2531034,1,18.86359977722168,0.0684489980340004,59455.32472220017
2257,2459455.788044,347.5464976,51.2531541,2,19.865999221801758,0.20297600328922272,59455.288044000044
2258,2459455.7875694,347.5466161,51.2530759,2,19.611400604248047,0.15783299505710602,59455.28756939992
2259,2459455.7849421,347.5465084,51.2530824,2,18.905500411987305,0.10005500167608261,59455.284942099825
2260,2459453.8865278,347.5464783,51.2531035,1,18.82270050048828,0.07341700047254562,59453.3865278
2261,2459453.8684954,347.5465703,51.2530706,1,19.599899291992188,0.14845000207424164,59453.368495400064
2262,2459453.8216204,347.5464439,51.2530899,2,18.8617000579834,0.10189200192689896,59453.321620400064
2264,2459453.8061574,347.5465592,51.2530434,2,19.66950035095215,0.23117400705814362,59453.3061573999
2265,2459453.7259028,347.5465961,51.2530355,1,19.683300018310547,0.18425099551677704,59453.22590279998
2267,2459450.8607755,347.5465559,51.2531025,2,18.815900802612305,0.16724899411201477,59450.36077550007
2269,2459450.8411921,347.5465302,51.2529136,2,19.456199645996094,0.2720249891281128,59450.3411921002
2270,2459448.838044,347.5464896,51.2531317,1,18.973600387573242,0.118476003408432,59448.33804399986
2271,2459448.8109259,347.5468752,51.2530139,2,19.6697998046875,0.22725099325180054,59448.310925900005
2272,2459448.8104514,347.5465647,51.2529506,2,19.883800506591797,0.2706100046634674,59448.3104514
2273,2459448.8075579,347.5464743,51.2530728,2,19.112600326538086,0.15193699300289154,59448.30755789997
2274,2459443.8473958,347.5464902,51.2531017,1,18.89459991455078,0.07266999781131744,59443.347395800054
2275,2459443.8469329,347.5466175,51.2530359,1,19.789100646972656,0.2187419980764389,59443.34693290014
2276,2459443.8454745,347.5464843,51.2531063,1,19.67259979248047,0.20398500561714172,59443.34547450021
2277,2459443.8068519,347.5465885,51.2531244,2,19.715200424194336,0.2064419984817505,59443.30685190018
2278,2459443.8063889,347.5465171,51.2530663,2,19.735300064086914,0.17353999614715576,59443.30638890015
2279,2459443.8020023,347.5464624,51.2530977,2,18.861299514770508,0.10364799946546555,59443.30200230004
2281,2459440.9114005,347.5464754,51.2530544,1,19.498600006103516,0.16077899932861328,59440.41140050022
2282,2459440.9114005,347.5464754,51.2530544,1,19.498600006103516,0.16077899932861328,59440.41140050022
2283,2459440.9095023,347.5463928,51.2530669,1,18.68600082397461,0.08156199753284454,59440.40950229997
2284,2459440.9095023,347.5463928,51.2530669,1,18.68600082397461,0.08156199753284454,59440.40950229997
2285,2459440.8879398,347.5465314,51.2530722,2,19.29840087890625,0.12369400262832642,59440.38793980004
2286,2459440.8879398,347.5465314,51.2530722,2,19.29840087890625,0.12369400262832642,59440.38793980004
2289,2459438.901713,347.5466097,51.2530734,1,19.854900360107422,0.24832700192928314,59438.401713000145
2290,2459438.8900579,347.5464913,51.2531103,1,19.622600555419922,0.1863279938697815,59438.39005789999
2291,2459438.8891088,347.5464839,51.2530949,1,18.903400421142578,0.07565099745988846,59438.38910879986
2295,2459435.9242824,347.546518,51.2531158,1,19.588600158691406,0.14907999336719513,59435.42428239994
2296,2459435.9104977,347.5464869,51.2531045,1,18.880399703979492,0.07358899712562561,59435.410497699864
2297,2459435.9086111,347.5466295,51.2530704,1,19.582500457763672,0.19577699899673462,59435.40861110017
2298,2459435.8692708,347.5464873,51.2530764,2,18.91710090637207,0.08733200281858444,59435.36927080015
2299,2459435.8663773,347.5466115,51.2530326,2,19.702800750732422,0.16155700385570526,59435.36637730012
2300,2459430.9129861,347.5464573,51.253094,1,18.99139976501465,0.07490299642086029,59430.412986100186
2301,2459430.912037,347.5465518,51.2531064,1,19.761699676513672,0.13945800065994263,59430.41203700006
2302,2459430.8670023,347.5464803,51.2530764,2,19.002899169921875,0.08154399693012238,59430.36700229999
2303,2459430.8665394,347.5465833,51.253047,2,19.967500686645508,0.20027600228786469,59430.36653940007
2304,2459430.8490972,347.5465897,51.2531622,2,19.998199462890625,0.18738600611686707,59430.349097200204
2305,2459430.8259838,347.5466116,51.2530552,1,19.94529914855957,0.18649999797344208,59430.325983799994
2306,2459428.8884259,347.546506,51.2530775,2,18.88129997253418,0.09731899946928024,59428.388425900135
2307,2459428.8717477,347.5465225,51.2530172,2,19.68939971923828,0.15250800549983978,59428.37174770003
2308,2459428.870787,347.5465834,51.2531057,2,19.7096004486084,0.15502500534057617,59428.37078699982
2309,2459428.8325,347.5464563,51.2531058,1,19.547700881958008,0.13921700417995453,59428.33250000002
2310,2459428.8296528,347.5466228,51.2530597,1,19.557899475097656,0.15128499269485474,59428.329652800225
2311,2459428.8082986,347.5464705,51.2530867,1,18.8705997467041,0.08274099975824356,59428.308298599906
2313,2459426.9133796,347.5465009,51.2530861,2,18.78969955444336,0.09640499949455261,59426.413379599806
2314,2459426.8707407,347.5464422,51.2531012,1,19.50830078125,0.14777499437332153,59426.37074070005
2315,2459426.8693287,347.5464882,51.2530923,1,18.850299835205078,0.08022300153970718,59426.369328700006
2316,2459426.8688657,347.5467189,51.2530127,1,19.76020050048828,0.26433101296424866,59426.36886569997
2317,2459424.8601736,347.5466054,51.2530652,2,19.808799743652344,0.19597099721431732,59424.360173599795
2318,2459424.8592245,347.5464297,51.2531257,2,19.760099411010742,0.209198996424675,59424.359224500135
2320,2459424.7966204,347.5464995,51.2531073,1,18.89739990234375,0.083917997777462,59424.29662040016
2322,2459423.9086343,347.5463673,51.2530897,1,19.981399536132812,0.3107919991016388,59423.40863429988
2323,2459422.9462963,347.5463187,51.2530753,1,19.793100357055664,0.2113569974899292,59422.44629629981
2329,2459418.9545602,347.5465403,51.253102,1,18.920000076293945,0.13078199326992035,59418.45456020022
2330,2459418.8885069,347.5464501,51.2530777,2,19.021900177001953,0.16197499632835388,59418.38850690005
2332,2459418.8851042,347.5464639,51.253146,2,19.437599182128906,0.2448900043964386,59418.38510419987
2337,2459414.9526968,347.5462427,51.2529677,2,20.682600021362305,0.31845900416374207,59414.45269680023
2338,2459414.9517593,347.5464509,51.2530876,2,20.08060073852539,0.16584299504756927,59414.451759300195
2339,2459414.9065741,347.5464918,51.2531246,1,20.274700164794922,0.18013399839401245,59414.40657409979
2340,2459414.9060995,347.5462516,51.2530296,1,20.16629981994629,0.2953140139579773,59414.406099500135
2341,2459414.905625,347.5465385,51.2529931,1,20.386600494384766,0.24721699953079224,59414.40562500013
2342,2459411.9487616,347.5465774,51.2530611,2,19.720300674438477,0.20793800055980682,59411.44876160007
2343,2459411.948287,347.5465448,51.2531337,2,19.639699935913086,0.20522500574588776,59411.44828699995
2344,2459411.9473264,347.5464821,51.2530784,2,18.861600875854492,0.08552400022745132,59411.44732639985
2345,2459411.9109954,347.546479,51.2531228,1,19.62820053100586,0.16166099905967712,59411.410995400045
2346,2459411.8294444,347.5466347,51.2529643,1,19.807600021362305,0.2089499980211258,59411.329444400035
2347,2459411.8289699,347.5464461,51.2530893,1,18.812700271606445,0.09078700095415115,59411.32896990003
2348,2459409.9553241,347.5464724,51.2530919,2,18.90019989013672,0.09594400227069855,59409.455324099865
2349,2459409.9543519,347.5465742,51.2531237,2,19.5939998626709,0.16157600283622742,59409.454351900145
2350,2459409.9538889,347.5465141,51.2530683,2,19.691999435424805,0.15995900332927704,59409.45388890011
2351,2459409.9317824,347.5464814,51.2530571,1,19.463499069213867,0.17704400420188904,59409.43178239977
2352,2459409.9050231,347.5465066,51.2530939,1,18.8572998046875,0.08170200139284134,59409.405023099855
2353,2459409.9045602,347.5464712,51.2530631,1,19.659299850463867,0.18388700485229492,59409.40456019994
2354,2459407.9293519,347.5465606,51.2530116,2,19.68429946899414,0.15202699601650238,59407.42935189977
2355,2459407.9288773,347.5465112,51.253133,2,19.707199096679688,0.16813699901103973,59407.42887730012
2356,2459407.9284028,347.5464752,51.2530846,2,18.905099868774414,0.07674399763345718,59407.42840280011
2357,2459404.9561574,347.5462108,51.2531034,2,20.519899368286133,0.32315999269485474,59404.45615739981
2359,2459404.9547222,347.5464121,51.2530414,2,19.991899490356445,0.19868500530719757,59404.454722200055
2360,2459404.9112269,347.5462656,51.2531181,1,20.13949966430664,0.3163760006427765,59404.41122689983
2363,2459402.9491551,347.5464776,51.2531094,1,18.91990089416504,0.07288199663162231,59402.449155100156
2364,2459402.9486806,347.5464632,51.2530845,1,19.515399932861328,0.16350600123405457,59402.44868060015
2365,2459402.9323032,347.5464597,51.2531394,2,20.001100540161133,0.16575199365615845,59402.43230320001
2366,2459402.9308102,347.546489,51.253089,2,18.994800567626953,0.08097899705171585,59402.43081020005
2367,2459402.903206,347.5466124,51.2531253,2,19.85420036315918,0.22140799462795258,59402.403206000105
2368,2459402.8457755,347.546691,51.2530419,1,19.792600631713867,0.2576749920845032,59402.34577549994
2369,2459400.9418056,347.5464885,51.2530565,2,19.823200225830078,0.1638679951429367,59400.44180560019
2370,2459400.9321759,347.5465499,51.2531334,2,19.745899200439453,0.15264800190925598,59400.432175899856
2371,2459400.908831,347.5465187,51.2531483,1,19.74690055847168,0.215488001704216,59400.40883099986
2372,2459400.8834375,347.5464713,51.2530945,1,18.868600845336914,0.06629200279712677,59400.38343749987
2373,2459400.882963,347.5465162,51.2531109,1,19.508499145507812,0.1403760015964508,59400.382962999865
2376,2459397.9483333,347.5464765,51.2531303,1,19.321699142456055,0.10813099890947342,59397.448333300184
2378,2459397.9056134,347.546482,51.2530716,2,19.246000289916992,0.12636800110340118,59397.40561340004
2382,2459395.8978125,347.5465084,51.2530946,1,18.91950035095215,0.10620500147342682,59395.39781250013
2383,2459393.9451968,347.5464884,51.2530991,2,18.893800735473633,0.10552199929952621,59393.445196799934
2384,2459393.9447222,347.5464788,51.2531344,2,19.731700897216797,0.16080500185489655,59393.44472219981
2385,2459393.9442477,347.5465386,51.2530658,2,19.65679931640625,0.1653819978237152,59393.44424769981
2386,2459393.8628125,347.5465362,51.2529939,1,19.605199813842773,0.2794780135154724,59393.36281249998
2387,2459393.8439931,347.5465314,51.2531248,1,19.00670051574707,0.1099570021033287,59393.34399309987
2388,2459393.8435185,347.5465755,51.2531352,1,19.62660026550293,0.2504130005836487,59393.343518500216
2390,2459391.9324074,347.5465598,51.2531577,1,19.595699310302734,0.2288540005683899,59391.432407400105
2391,2459391.9319444,347.5464871,51.2531282,1,18.92490005493164,0.1278499960899353,59391.43194440007
2392,2459391.9167014,347.5464947,51.2530674,2,19.708599090576172,0.2550469934940338,59391.41670140019
2393,2459391.911956,347.5464878,51.2530698,2,18.963699340820312,0.11355400085449219,59391.41195600014
2394,2459387.9363194,347.5464846,51.2530734,2,18.873300552368164,0.09180700033903122,59387.43631940009
2395,2459387.9358565,347.5465028,51.2530665,2,19.665199279785156,0.18564599752426147,59387.435856500175
2396,2459387.8923843,347.5464808,51.2530821,1,18.819700241088867,0.10988599807024002,59387.39238430001
2397,2459387.8679861,347.5465144,51.253046,1,19.592300415039062,0.23185400664806366,59387.367986099795
2399,2459385.9273843,347.5465185,51.253061,1,20.33690071105957,0.27925699949264526,59385.42738430016
2400,2459385.9090741,347.5466704,51.2530683,1,20.016799926757812,0.24736399948596954,59385.4090741002
2401,2459385.8877083,347.5467491,51.2531476,2,20.266399383544922,0.22998900711536407,59385.38770829979
2402,2459385.8676389,347.5465771,51.253094,2,19.23889923095703,0.13485200703144073,59385.367638899945
2405,2459382.953044,347.5464811,51.2530997,2,18.82990074157715,0.09698200225830078,59382.45304400008
2406,2459382.9472685,347.5464137,51.2530641,2,18.485200881958008,0.0690549984574318,59382.44726849999
2407,2459382.9311111,347.5464767,51.2530556,1,18.391300201416016,0.08038300275802612,59382.43111110013
2408,2459382.9239931,347.5464224,51.253046,1,18.340700149536133,0.09125000238418579,59382.42399309995
2409,2459381.91125,347.5465282,51.2530944,2,18.322399139404297,0.09740100055932999,59381.41124999989
2410,2459380.9500231,347.5464804,51.2530406,2,18.042999267578125,0.16038300096988678,59380.45002309978
2411,2459380.946169,347.5464531,51.2530959,2,18.465999603271484,0.2929379940032959,59380.44616900012
2412,2459380.9323843,347.5464429,51.2530477,1,18.24410057067871,0.21612399816513062,59380.432384300046
2413,2459380.9280556,347.5464624,51.2530511,1,18.05769920349121,0.2838999927043915,59380.4280555998
2414,2459379.9278241,347.5464605,51.2530577,1,18.311599731445312,0.04971899837255478,59379.427824100014
2415,2459379.9053472,347.5464772,51.2530891,2,18.03860092163086,0.06129999831318855,59379.40534720011
2416,2459378.9296528,347.5464349,51.2530749,1,17.86520004272461,0.06853699684143066,59378.42965279985
2417,2459378.9291782,347.5464909,51.253057,1,17.888999938964844,0.05943699926137924,59378.4291782002
2418,2459378.9115394,347.5465016,51.2530745,2,18.393699645996094,0.07848899811506271,59378.4115394
2419,2459378.9110532,347.5464158,51.2530744,2,18.06999969482422,0.05937600135803223,59378.41105319979
2420,2459377.9526505,347.546492,51.253083,1,18.221900939941406,0.05040000006556511,59377.452650499996
2421,2459377.9288889,347.5464705,51.2530907,2,17.911100387573242,0.061650000512599945,59377.428888900205
2422,2459376.946956,347.5465503,51.2530754,2,18.093000411987305,0.06342100352048874,59376.446955999825
2423,2459376.911169,347.5464377,51.2530764,1,17.79840087890625,0.07069599628448486,59376.41116899997
2424,2459376.9106944,347.5464829,51.2530747,1,17.7716007232666,0.05473899841308594,59376.41069439985
2425,2459375.9289468,347.5464587,51.2530671,1,17.748600006103516,0.06164399906992912,59375.428946800064
2426,2459375.9104745,347.5464635,51.2530654,2,17.810400009155273,0.05426599830389023,59375.41047450015
2427,2459374.9526273,347.5465205,51.2530916,2,17.957799911499023,0.07261999696493149,59374.45262729982
2428,2459374.9521528,347.546449,51.2530577,2,17.631999969482422,0.06854300200939178,59374.452152799815
2429,2459374.9149537,347.5464444,51.2530766,1,17.44890022277832,0.051631998270750046,59374.4149536998
2430,2459374.9144792,347.5464847,51.2530691,1,17.438400268554688,0.05388199910521507,59374.4144791998
2431,2459373.9429861,347.5464648,51.2530744,1,17.609800338745117,0.04493800178170204,59373.44298609998
2432,2459373.9113194,347.5464862,51.2530882,2,17.50670051574707,0.04553600028157234,59373.411319400184
2433,2459371.9510764,347.5464586,51.2530764,2,17.455699920654297,0.06489499658346176,59371.4510764
2434,2459371.9167593,347.5464684,51.2530745,1,17.149599075317383,0.04191499948501587,59371.416759300046
2435,2459369.951875,347.546424,51.2530736,2,18.867900848388672,0.09764599800109863,59369.451874999795
2436,2459369.9514005,347.5464442,51.2530669,2,18.826900482177734,0.08891399949789047,59369.45140049979
2438,2459369.9146412,347.5463019,51.253044,1,19.169700622558594,0.12319400161504745,59369.4146412001
2439,2459367.9535764,347.5464879,51.2530957,1,18.86280059814453,0.08061300218105316,59367.453576399945
2440,2459367.9049884,347.5465315,51.2529813,2,19.614500045776367,0.1388700008392334,59367.40498840017
2441,2459366.9579745,347.5466197,51.2530725,1,19.64590072631836,0.2486010044813156,59366.45797450002
2442,2459366.9048495,347.54658,51.2531727,2,19.630800247192383,0.1521179974079132,59366.40484949993
2443,2459359.9664931,347.5464929,51.2531048,1,18.83139991760254,0.11318399757146835,59359.46649309993
2444,2459359.9660185,347.546625,51.2530307,1,19.493099212646484,0.24323800206184387,59359.46601849981
2445,2459359.9281019,347.5464187,51.2531463,2,19.473499298095703,0.2348479926586151,59359.428101900034
2446,2459359.9276389,347.5465638,51.2530026,2,19.704099655151367,0.24892300367355347,59359.4276389
2447,2459356.9535417,347.5464637,51.2530035,1,19.465900421142578,0.13210800290107727,59356.4535416998
2448,2459356.9530787,347.5462924,51.2530451,1,18.82200050354004,0.11696799844503403,59356.45307870023
2449,2459356.8868519,347.5465234,51.2530588,2,18.69099998474121,0.12598800659179688,59356.38685189979
2450,2459356.8863889,347.5464713,51.2530006,2,18.874300003051758,0.14623300731182098,59356.386388900224
2451,2459337.9865278,347.5464406,51.2530781,2,19.051599502563477,0.12902499735355377,59337.486527800094
2452,2459337.9851042,347.5465011,51.2530854,2,19.088300704956055,0.15441299974918365,59337.485104199965
2453,2459337.9836921,347.5464212,51.2530649,2,19.041500091552734,0.14948399364948273,59337.483692099806
2454,2459337.9822685,347.5464265,51.2530594,2,18.965299606323242,0.15949299931526184,59337.48226850014
2455,2459337.9808449,347.5464519,51.2530426,2,18.890499114990234,0.13198800384998322,59337.48084490001
2457,2459335.9884954,347.5467515,51.2529804,2,18.9906005859375,0.33361300826072693,59335.488495400175
2462,2459331.9919676,347.5466684,51.2530787,2,18.956600189208984,0.27946698665618896,59331.49196759984
2465,2459331.9862269,347.5464182,51.253198,2,18.965099334716797,0.3247770071029663,59331.486226900015
2466,2459329.9959722,347.5464449,51.2530957,2,18.788909912109375,0.1285170018672943,59329.49597219983
2467,2459329.9959722,347.5464449,51.2530957,2,18.78890037536621,0.1285170018672943,59329.49597219983
2468,2459329.9940509,347.5464455,51.2530015,2,19.032739639282227,0.16043899953365326,59329.494050899986
2469,2459329.9940509,347.5464455,51.2530015,2,19.032699584960938,0.16043899953365326,59329.494050899986
2470,2459329.9921296,347.546594,51.2530952,2,18.6668701171875,0.14890499413013458,59329.49212960014
2471,2459329.9921296,347.546594,51.2530952,2,18.666900634765625,0.14890499413013458,59329.49212960014
2472,2459329.9902199,347.5464848,51.2531054,2,18.752199172973633,0.14940600097179413,59329.49021989992
2473,2459329.9902199,347.5464848,51.2531054,2,18.752199172973633,0.14940600097179413,59329.49021989992
2474,2459329.9882986,347.5464624,51.2530559,2,18.933500289916992,0.18422099947929382,59329.488298600074
2475,2459329.9882986,347.5464624,51.2530559,2,18.933500289916992,0.18422099947929382,59329.488298600074
2476,2459328.9979398,347.5464874,51.2530628,2,18.98940086364746,0.10791099816560745,59328.49793979991
2477,2459328.9958565,347.5464667,51.2530676,2,19.065399169921875,0.13527199625968933,59328.49585650023
2478,2459328.9937847,347.5464853,51.2530907,2,19.063899993896484,0.1132809966802597,59328.493784700055
2479,2459328.9917014,347.5464741,51.2530816,2,19.014999389648438,0.10655300319194794,59328.49170139991
2480,2459328.9896181,347.5464328,51.2530969,2,18.961599349975586,0.10335599631071091,59328.489618100226
2481,2459326.0026042,347.546358,51.252898,2,19.16469955444336,0.2449589967727661,59325.50260420004
2482,2459325.9968403,347.5463583,51.2530731,2,19.119400024414062,0.2086540013551712,59325.49684030004
2483,2459325.9948148,347.5465771,51.2529957,2,19.070899963378906,0.13353900611400604,59325.4948148001
2484,2459325.9927894,347.5465073,51.2530637,2,19.02280044555664,0.20720499753952026,59325.49278939981
2485,2459325.9907639,347.546505,51.253029,2,19.022300720214844,0.13381700217723846,59325.49076389987
2486,2459324.9995486,347.5464753,51.2530775,2,18.92180061340332,0.1143840029835701,59324.499548600055
2487,2459324.9975926,347.5465062,51.2530652,2,18.926599502563477,0.0997840017080307,59324.49759260006
2488,2459324.995625,347.5465404,51.253072,2,18.933300018310547,0.09521699696779251,59324.49562499998
2489,2459324.993669,347.5464719,51.2530788,2,18.97920036315918,0.098021000623703,59324.49366899999
2490,2459324.9917014,347.5465337,51.2530794,2,18.99920082092285,0.11248300224542618,59324.49170139991
2491,2459323.9998032,347.5465298,51.2530914,2,18.853700637817383,0.10229899734258652,59323.4998031999
2492,2459323.9978356,347.5464761,51.2530752,2,18.823999404907227,0.1292009949684143,59323.49783559982
2493,2459323.9958681,347.5465349,51.2530774,2,18.880599975585938,0.10471300035715103,59323.49586809985
2494,2459323.9939005,347.546522,51.2530417,2,18.84600067138672,0.1114019975066185,59323.49390049977
2495,2459323.9919329,347.5464595,51.2530614,2,18.87310028076172,0.11467000097036362,59323.49193290016
2496,2459322.9996412,347.5464814,51.2531109,2,19.01129913330078,0.12224599719047546,59322.49964120006
2497,2459322.997662,347.5464735,51.2530685,2,18.897499084472656,0.14360499382019043,59322.49766199989
2498,2459322.9956713,347.546474,51.2530231,2,18.819000244140625,0.10570099949836731,59322.49567130022
2499,2459322.9936921,347.5463976,51.2529996,2,18.98110008239746,0.13988299667835236,59322.49369210005
2500,2459322.991713,347.5465581,51.2530533,2,19.00979995727539,0.14069999754428864,59322.491712999996
2501,2459322.0026157,347.5464738,51.2530912,2,18.993000030517578,0.12996900081634521,59321.50261570001
2502,2459322.0005787,347.546488,51.2530925,2,18.84510040283203,0.09030099958181381,59321.5005787001
2503,2459321.9985417,347.546484,51.2530886,2,18.992599487304688,0.15233199298381805,59321.49854170019
2504,2459321.9965046,347.5464846,51.2530606,2,18.90760040283203,0.0975940003991127,59321.49650460016
2505,2459321.9944676,347.5464769,51.2530679,2,18.86440086364746,0.10331100225448608,59321.49446759978
2507,2459320.0034606,347.546525,51.2530914,2,19.502899169921875,0.202115997672081,59319.50346060004
2509,2459319.9993866,347.5465316,51.2530596,2,19.34670066833496,0.1887039989233017,59319.49938660022
2510,2459319.9973611,347.5463647,51.2530129,2,19.518699645996094,0.22888199985027313,59319.49736109981
2511,2459315.0079861,347.5467116,51.2530983,2,19.697999954223633,0.23146000504493713,59314.507986099925
2513,2459315.0040625,347.5463753,51.2531074,2,19.686199188232422,0.19728100299835205,59314.50406249985
2514,2459315.0020949,347.5464341,51.2531016,2,20.005199432373047,0.36040198802948,59314.50209489977
2515,2459315.0001389,347.5466147,51.2531498,2,20.02869987487793,0.33679699897766113,59314.50013889978
2521,2459313.0105903,347.546411,51.2530766,2,18.916200637817383,0.1337829977273941,59312.510590299964
2522,2459313.0085764,347.5464175,51.2530808,2,18.77790069580078,0.16103200614452362,59312.50857640011
2523,2459313.0065741,347.546468,51.2530916,2,18.857200622558594,0.13058499991893768,59312.50657409988
2524,2459313.0045602,347.546449,51.2530488,2,18.848600387573242,0.09445100277662277,59312.50456020003
2525,2459313.0025463,347.5464302,51.2530485,2,18.910600662231445,0.14118100702762604,59312.50254630018
2526,2459312.0110995,347.5463584,51.253194,2,20.045700073242188,0.2781290113925934,59311.511099500116
2527,2459312.0090856,347.5464684,51.2532239,2,19.97330093383789,0.2725360095500946,59311.5090855998
2530,2459312.0030556,347.5464491,51.2532117,2,20.076200485229492,0.2969380021095276,59311.503055599984
2531,2459311.0124884,347.5466919,51.2531471,2,19.595300674438477,0.19872300326824188,59310.5124884001
2532,2459311.0104745,347.5464236,51.2531092,2,19.774700164794922,0.20141099393367767,59310.51047449978
2533,2459311.0084606,347.5464863,51.2530482,2,19.569900512695312,0.2837960124015808,59310.50846059993
2534,2459311.0064583,347.5465885,51.2530373,2,19.754499435424805,0.2054390013217926,59310.506458300166
2537,2459309.01,347.5466732,51.2531321,2,19.66029930114746,0.33902400732040405,59308.50999999978
2539,2459309.0060532,347.5465007,51.253189,2,19.67340087890625,0.27647098898887634,59308.50605319999
2540,2459309.0040856,347.5464308,51.2530693,2,19.826200485229492,0.3531450033187866,59308.50408559991
2541,2459308.0165509,347.546549,51.2531114,2,19.93910026550293,0.29155001044273376,59307.51655089995
2542,2459308.0140278,347.5466517,51.2531498,2,19.9060001373291,0.22360199689865112,59307.514027799945
2543,2459308.0115162,347.5466365,51.25312,2,19.535600662231445,0.1940470039844513,59307.51151619991
2545,2459308.0064931,347.5467469,51.252904,2,19.792999267578125,0.3180769979953766,59307.506493099965
2552,2459306.0162037,347.5465118,51.2529603,2,18.99880027770996,0.15373000502586365,59305.5162037001
2553,2459306.0136806,347.5465481,51.2529403,2,18.999099731445312,0.21638399362564087,59305.513680600096
2554,2459306.011169,347.5464092,51.2531269,2,19.062700271606445,0.20277200639247894,59305.51116900006
2555,2459306.0086458,347.5465591,51.252999,2,19.042400360107422,0.21096199750900269,59305.50864579994
2566,2459303.0154861,347.5464997,51.2531443,2,19.39550018310547,0.2724590003490448,59302.51548610022
2568,2459250.6576157,347.5466946,51.2531142,2,19.032800674438477,0.21395500004291534,59250.157615699805
2569,2459250.639375,347.5465975,51.2531307,1,19.739999771118164,0.3252350091934204,59250.139374999795
2570,2459233.6396875,347.5464539,51.2530991,1,18.859399795532227,0.07708899676799774,59233.13968749996
2571,2459233.639213,347.5465954,51.2530291,1,19.807300567626953,0.22321799397468567,59233.13921299996
2572,2459233.6382755,347.5465109,51.2530915,1,19.40839958190918,0.16969099640846252,59233.13827549992
2574,2459231.6552431,347.5463336,51.2531735,2,19.824399948120117,0.31129100918769836,59231.15524310013
2575,2459231.6547801,347.5464841,51.2531168,2,19.81170082092285,0.2526879906654358,59231.1547801001
2576,2459231.6543171,347.5464376,51.2530314,2,19.02090072631836,0.17421600222587585,59231.15431710007
2577,2459231.6209028,347.5463925,51.2531165,1,19.73579978942871,0.2886100113391876,59231.1209028
2578,2459231.6194907,347.5464269,51.2529669,1,19.88629913330078,0.29702600836753845,59231.11949069984
2579,2459231.6190278,347.5464924,51.2530977,1,18.936599731445312,0.12212999910116196,59231.11902779993
2583,2459229.617662,347.546218,51.2531374,2,19.870399475097656,0.23512700200080872,59229.117662000004
2585,2459227.6549884,347.5465567,51.2530644,2,19.242900848388672,0.20157599449157715,59227.15498840017
2586,2459227.6545139,347.5466602,51.2531152,2,20.054000854492188,0.31139999628067017,59227.15451390017
2588,2459227.6170833,347.5464776,51.2530881,1,18.971500396728516,0.08903799951076508,59227.117083299905
2590,2459227.6161458,347.5465835,51.253137,1,19.721200942993164,0.28400200605392456,59227.11614579987
2591,2459225.6823611,347.546668,51.2530696,2,18.972200393676758,0.22000400722026825,59225.18236109987
2592,2459225.6590972,347.5466094,51.2531273,2,19.647499084472656,0.18586499989032745,59225.159097199794
2593,2459225.6138542,347.5467111,51.2529975,1,19.670400619506836,0.2073660045862198,59225.11385420011
2594,2459225.6133796,347.5465908,51.2531067,1,19.611900329589844,0.15499599277973175,59225.11337959999
2595,2459223.6568287,347.5464573,51.2530512,1,19.569000244140625,0.15974199771881104,59223.1568287001
2596,2459223.6380556,347.5464658,51.2530398,1,19.844600677490234,0.22844000160694122,59223.138055600226
2597,2459223.6375926,347.5464907,51.253089,1,18.87540054321289,0.08262400329113007,59223.13759260019
2599,2459223.6155787,347.546501,51.253084,2,18.984699249267578,0.11486499756574631,59223.11557869986
2600,2459221.6980324,347.5464582,51.2530452,2,18.84749984741211,0.11546099931001663,59221.198032400105
2601,2459221.6975579,347.5464992,51.2531196,2,19.634199142456055,0.18934300541877747,59221.1975579001
2602,2459221.6365972,347.5464242,51.2531391,1,18.855499267578125,0.14208699762821198,59221.13659719983
2603,2459221.6361227,347.5465739,51.2531216,1,19.479400634765625,0.16240699589252472,59221.13612269983
2604,2459221.6346991,347.5466248,51.2530557,1,18.871200561523438,0.1469849944114685,59221.13469910016
2605,2459219.6792361,347.5465048,51.2530269,2,19.008800506591797,0.12299399822950363,59219.179236100055
2606,2459219.6787731,347.5465868,51.2530474,2,19.980600357055664,0.18075799942016602,59219.17877310002
2607,2459219.6782986,347.5465006,51.2531044,2,19.915199279785156,0.23470400273799896,59219.17829860002
2608,2459219.619456,347.5464953,51.2530989,1,18.883899688720703,0.07048100233078003,59219.11945600016
2609,2459219.6189931,347.5465566,51.2530614,1,19.74370002746582,0.16940300166606903,59219.11899309978
2611,2459215.7219676,347.5465258,51.2531493,1,19.074800491333008,0.3136250078678131,59215.22196759982
2612,2459215.6374537,347.5463981,51.253144,1,19.229400634765625,0.21534399688243866,59215.13745369995
2613,2459215.6205324,347.5465957,51.2530198,2,19.21980094909668,0.23087400197982788,59215.120532399975
2614,2459215.6181713,347.546603,51.2530287,2,19.084800720214844,0.1285170018672943,59215.11817129981
2617,2459210.680544,347.5464883,51.2530562,1,19.09480094909668,0.12463700026273727,59210.18054400012
2625,2459206.661169,347.5466018,51.2530985,1,18.673500061035156,0.23704299330711365,59206.16116899997
2630,2459204.6607523,347.5464108,51.2531087,2,19.984800338745117,0.255717009305954,59204.16075230017
2632,2459204.6192708,347.5465609,51.2530252,1,20.042200088500977,0.3363820016384125,59204.11927080015
2633,2459204.6028241,347.5464218,51.2530955,1,19.846099853515625,0.28453299403190613,59204.10282409983
2635,2459202.7016782,347.546513,51.2530873,1,18.981199264526367,0.09975100308656693,59202.20167820016
2636,2459202.6758681,347.5464203,51.2531198,1,19.872499465942383,0.28150901198387146,59202.17586810002
2637,2459202.6753935,347.5463853,51.2530908,1,19.597900390625,0.19979700446128845,59202.1753934999
2638,2459202.6383333,347.5464706,51.2530977,2,19.0231990814209,0.1258150041103363,59202.13833330013
2641,2459199.6943634,347.546463,51.2530277,1,20.127300262451172,0.26747098565101624,59199.194363399874
2643,2459199.6183449,347.5463613,51.253037,2,19.759199142456055,0.1577640026807785,59199.1183449002
2644,2459199.6178704,347.5464059,51.2531211,2,19.760499954223633,0.20201599597930908,59199.117870400194
2645,2459197.7003241,347.546548,51.25304,2,18.526100158691406,0.13359299302101135,59197.20032409998
2650,2459197.6167593,347.5465394,51.2530175,1,18.696199417114258,0.2104330062866211,59197.11675930023
2651,2459195.6787847,347.5465066,51.2530686,1,18.278099060058594,0.04746000096201897,59195.17878470011
2652,2459195.6569097,347.5465529,51.2530552,1,18.173099517822266,0.07583799958229065,59195.15690970002
2653,2459195.6369907,347.5464048,51.2530438,1,18.047100067138672,0.09248200058937073,59195.13699069992
2654,2459195.6171528,347.5465006,51.2530972,2,18.092899322509766,0.06726100295782089,59195.11715279985
2655,2459195.6162153,347.5464452,51.2530808,2,18.500099182128906,0.0955590009689331,59195.116215299815
2656,2459195.6152546,347.546495,51.2530395,2,18.065799713134766,0.09295400232076645,59195.11525460007
2657,2459193.7898148,347.5464297,51.2530612,2,17.98270034790039,0.059553999453783035,59193.289814800024
2658,2459193.7893403,347.5464866,51.2530963,2,17.993099212646484,0.06590200215578079,59193.28934030002
2659,2459193.7492708,347.5465092,51.2530835,2,18.322099685668945,0.08776400238275528,59193.249270800035
2660,2459193.6619444,347.546513,51.2530832,1,17.965999603271484,0.07570400089025497,59193.16194440005
2661,2459193.6609954,347.5465239,51.2530673,1,18.2814998626709,0.06672800332307816,59193.160995400045
2662,2459193.6369213,347.5464736,51.2530851,1,17.943500518798828,0.16760900616645813,59193.13692130009
2664,2459190.6574306,347.5465167,51.2530758,2,17.978700637817383,0.0703129991889,59190.15743059991
2665,2459190.6371181,347.5464901,51.2530952,2,17.85580062866211,0.15883199870586395,59190.13711810019
2666,2459190.6341088,347.5464817,51.2530693,2,17.77359962463379,0.09701000154018402,59190.134108799975
2667,2459188.7571181,347.5464357,51.2530556,2,17.432100296020508,0.051624998450279236,59188.257118099835
2668,2459188.7472685,347.5464833,51.2530275,2,17.546100616455078,0.05922099947929382,59188.24726849981
2669,2459188.6734838,347.5465248,51.2530631,1,17.549100875854492,0.03823700174689293,59188.17348380014
2670,2459188.6730208,347.5465382,51.2530528,1,17.38319969177246,0.05675499886274338,59188.17302080011
2671,2459188.6370833,347.5464722,51.2530651,1,17.467899322509766,0.05249100178480148,59188.137083299924
2672,2459188.6221181,347.5464871,51.2530689,2,17.57740020751953,0.06499800086021423,59188.12211810006
2673,2459186.7605671,347.5467533,51.2530549,2,17.75909996032715,0.13267099857330322,59186.26056709979
2674,2459186.7490856,347.5465141,51.2529974,2,17.528900146484375,0.09262800216674805,59186.24908560002
2675,2459186.661088,347.5464504,51.2530424,1,17.233400344848633,0.07305199652910233,59186.16108800005
2676,2459186.6376505,347.5465106,51.2530382,1,17.048200607299805,0.04726000130176544,59186.13765050005
2677,2459186.6357176,347.5465037,51.2530548,1,17.193700790405273,0.04629499837756157,59186.13571760012
2678,2459186.6210532,347.5464871,51.2530432,2,17.44070053100586,0.061448000371456146,59186.121053200215
2679,2459184.7675116,347.5465415,51.2530366,2,19.383399963378906,0.25658199191093445,59184.26751160016
2680,2459184.6788889,347.5465153,51.253056,1,18.760900497436523,0.1340859979391098,59184.178888900205
2681,2459184.659919,347.5465338,51.2530843,1,19.306299209594727,0.16272799670696259,59184.15991900023
2682,2459184.639213,347.546473,51.2530874,1,18.66900062561035,0.1301179975271225,59184.13921299996
2683,2459184.6140162,347.546494,51.2530878,2,18.609800338745117,0.1112470030784607,59184.11401619995
2684,2459184.6135417,347.5464575,51.2530757,2,18.555200576782227,0.10743299871683121,59184.113541699946
2686,2459182.6353009,347.5465116,51.2530735,1,19.72279930114746,0.31611698865890503,59182.135300899856
2687,2459182.6348264,347.5464048,51.2530801,1,18.975099563598633,0.1171950027346611,59182.13482639985
2688,2459182.6137037,347.5464383,51.2530274,2,19.05739974975586,0.14500699937343597,59182.11370369978
2692,2459180.6685301,347.5465059,51.2531483,2,19.503999710083008,0.35087698698043823,59180.168530100025
2693,2459180.6515625,347.5464661,51.2530854,1,18.79199981689453,0.15172900259494781,59180.151562499814
2695,2459180.6212963,347.546503,51.2531083,2,18.877099990844727,0.17989900708198547,59180.12129630009
2697,2459178.7222569,347.5465402,51.2530711,2,19.992700576782227,0.24826200306415558,59178.22225689981
2699,2459178.6158218,347.5466912,51.2530181,1,20.071800231933594,0.2826269865036011,59178.115821800195
2700,2459178.6153588,347.5464305,51.2530917,1,19.211000442504883,0.11930900067090988,59178.11535880016
2707,2459173.7688889,347.5464891,51.2531234,1,19.46660041809082,0.1538510024547577,59173.26888890006
2708,2459173.7280787,347.546571,51.2530225,2,19.69700050354004,0.13608600199222565,59173.22807870014
2709,2459173.7263542,347.5464508,51.2531607,2,19.56369972229004,0.13807199895381927,59173.22635419993
2710,2459173.7258796,347.5465267,51.2530908,2,18.828399658203125,0.09164399653673172,59173.225879599806
2712,2459171.6796875,347.5464898,51.2530957,1,18.88409996032715,0.09032700210809708,59171.1796875
2713,2459171.6792245,347.5464609,51.2530665,1,19.638399124145508,0.20516499876976013,59171.17922449997
2714,2459171.67875,347.5466048,51.2530644,1,19.76650047302246,0.18340900540351868,59171.17874999996
2715,2459169.7378472,347.5464988,51.2531016,1,18.930200576782227,0.07419999688863754,59169.23784720013
2716,2459169.7373727,347.5466053,51.2530462,1,19.815099716186523,0.24062100052833557,59169.237372700125
2717,2459169.7209606,347.5465208,51.2530009,1,19.508699417114258,0.1412220001220703,59169.220960599836
2719,2459169.6999884,347.5464946,51.2530584,2,18.94379997253418,0.1058489978313446,59169.1999884001
2720,2459169.6785995,347.5462935,51.2530535,2,19.84939956665039,0.20915700495243073,59169.1785995001
2722,2459167.7197106,347.5465385,51.2531027,2,19.752099990844727,0.15488499402999878,59167.2197106001
2723,2459167.7018634,347.5464342,51.2530325,2,18.956899642944336,0.10128899663686752,59167.20186340017
2724,2459167.7013889,347.5464455,51.2531006,2,18.904199600219727,0.11333400011062622,59167.20138890017
2725,2459164.7871528,347.5465973,51.2530286,2,18.776500701904297,0.11461199820041656,59164.28715279978
2726,2459164.7581481,347.5465284,51.2530796,1,18.80739974975586,0.08790700137615204,59164.25814810023
2727,2459164.7383449,347.5464898,51.2530176,1,19.504600524902344,0.17888300120830536,59164.238344899844
2728,2459164.7240509,347.546589,51.2530288,1,19.627700805664062,0.15498900413513184,59164.22405089997
2729,2459164.680787,347.5464576,51.2530122,2,19.621400833129883,0.18075700104236603,59164.180786999874
2730,2459164.6803241,347.5465116,51.2530906,2,19.64419937133789,0.13713900744915009,59164.18032409996
2731,2459157.8248843,347.5465576,51.2530367,2,19.702999114990234,0.19978199899196625,59157.32488430012
2733,2459157.744375,347.54646,51.2530748,2,18.88330078125,0.10250099748373032,59157.24437499978
2734,2459157.6637037,347.5464949,51.2530773,1,18.85740089416504,0.07624100148677826,59157.16370370006
2735,2459157.6632292,347.5465431,51.2530841,1,19.684600830078125,0.19349299371242523,59157.16322920006
2736,2459157.6410417,347.5466159,51.2531088,1,19.61680030822754,0.18890999257564545,59157.1410416998
2737,2459155.7383218,347.546465,51.2530867,2,18.959299087524414,0.15746499598026276,59155.238321799785
2738,2459155.695787,347.5464183,51.2530836,1,18.838199615478516,0.07651600241661072,59155.195787000004
2739,2459155.694838,347.5465268,51.2531347,1,19.894699096679688,0.27835699915885925,59155.194837999996
2740,2459155.6538889,347.5466292,51.2531297,1,19.51919937133789,0.24261599779129028,59155.15388889983
2741,2459155.6195255,347.5466184,51.2530588,2,20.030899047851562,0.2808060050010681,59155.11952550011
2742,2459155.6190509,347.5464768,51.2531189,2,19.855100631713867,0.18328599631786346,59155.119050899986
2744,2459153.6981597,347.5464451,51.2531102,1,19.180299758911133,0.15445800125598907,59153.198159699794
2746,2459153.6185648,347.5464932,51.2530456,2,19.167299270629883,0.12202200293540955,59153.118564799894
2749,2459151.7258796,347.5466424,51.2531015,2,19.787599563598633,0.2188979983329773,59151.225879599806
2750,2459151.724919,347.5464791,51.2530804,2,18.94860076904297,0.12590999901294708,59151.224919000175
2751,2459151.7239583,347.5464438,51.2531304,2,19.950899124145508,0.33505699038505554,59151.22395829996
2752,2459151.7058333,347.5467251,51.2531401,1,19.848499298095703,0.29885798692703247,59151.20583330002
2753,2459151.7048958,347.5464621,51.2531138,1,18.84440040588379,0.09236200153827667,59151.20489579998
2754,2459151.6794444,347.5464235,51.2530124,1,19.533100128173828,0.227961003780365,59151.17944440013
2756,2459149.7454167,347.5464114,51.2530986,1,19.099300384521484,0.15092499554157257,59149.24541669991
2758,2459149.7010532,347.5465059,51.2530858,2,18.939599990844727,0.18343999981880188,59149.201053199824
2759,2459149.640787,347.5469819,51.2530027,2,19.827899932861328,0.29202398657798767,59149.14078699984
2764,2459146.693831,347.5464522,51.2530714,2,19.25830078125,0.13419100642204285,59146.19383100001
2767,2459144.8296644,347.5464925,51.2531057,1,19.47089958190918,0.1344269961118698,59144.32966439985
2768,2459144.7231713,347.5465495,51.2531012,2,19.84309959411621,0.17869099974632263,59144.22317129979
2769,2459144.7222222,347.5465612,51.253029,2,19.797100067138672,0.19837799668312073,59144.22222220013
2770,2459144.7193519,347.5464795,51.2530709,2,18.922700881958008,0.08769799768924713,59144.21935189981
2771,2459144.6750694,347.5466208,51.2530672,1,19.750499725341797,0.2767989933490753,59144.17506940011
2772,2459144.6745949,347.546485,51.2530885,1,18.871200561523438,0.12490200251340866,59144.174594900105
2775,2459140.7200463,347.5463589,51.2530293,2,19.374000549316406,0.12562400102615356,59140.220046299975
2776,2459140.7181597,347.5464192,51.2530759,2,19.323999404907227,0.17423400282859802,59140.21815969981
2778,2459140.7014468,347.5465282,51.2530238,1,19.331499099731445,0.12225600332021713,59140.20144680003
2779,2459140.698044,347.5464932,51.2529971,1,20.667200088500977,0.20589199662208557,59140.19804400019
2780,2459140.697581,347.5462852,51.2530923,1,19.22599983215332,0.13807900249958038,59140.19758100016
2781,2459138.791331,347.546583,51.25306,2,20.242599487304688,0.22579999268054962,59138.29133100016
2782,2459138.7908681,347.5465076,51.2530863,2,18.997400283813477,0.13763399422168732,59138.29086809978
2783,2459138.7903935,347.54655,51.2531422,2,20.267900466918945,0.24522800743579865,59138.29039350012
2784,2459138.7450579,347.5464804,51.2531005,1,18.9281005859375,0.07786999642848969,59138.24505789997
2785,2459138.7445949,347.5464825,51.2531268,1,19.76409912109375,0.19648000597953796,59138.24459489994
2786,2459138.7208218,347.5466731,51.253055,1,19.9335994720459,0.1966859996318817,59138.220821800176
2787,2459136.7441435,347.5466165,51.2530135,1,19.78809928894043,0.16742900013923645,59136.24414349999
2788,2459136.7201736,347.5465007,51.2531194,1,18.893199920654297,0.06809599697589874,59136.22017360013
2789,2459136.7186227,347.5464551,51.2530918,1,19.62470054626465,0.14525799453258514,59136.218622699846
2790,2459136.7046412,347.5464793,51.2530986,2,18.85449981689453,0.09294500201940536,59136.20464120014
2791,2459136.701331,347.5465337,51.2530837,2,19.759000778198242,0.19153599441051483,59136.201330999844
2792,2459136.6817477,347.5465626,51.2531339,2,19.724899291992188,0.1578429937362671,59136.18174770009
2793,2459134.7436806,347.5464272,51.2530419,1,19.888500213623047,0.1927269995212555,59134.24368060008
2794,2459134.7413079,347.5467372,51.2530808,1,20.045700073242188,0.20173799991607666,59134.24130789982
2795,2459134.7175116,347.5464762,51.2531015,1,18.99180030822754,0.07367700338363647,59134.21751159988
2796,2459134.7016667,347.5465297,51.2530551,2,20.143800735473633,0.2218029946088791,59134.20166670019
2797,2459134.6993056,347.5465266,51.2530647,2,19.038299560546875,0.11016400158405304,59134.19930560002
2798,2459134.6785648,347.5464714,51.2531153,2,20.08370018005371,0.234608992934227,59134.17856479995
2799,2459131.7706713,347.5464826,51.2530748,1,18.978200912475586,0.08126399666070938,59131.270671300124
2800,2459131.7692361,347.5467803,51.2530181,1,19.79949951171875,0.16605299711227417,59131.269236099906
2801,2459131.7411921,347.546555,51.2530418,2,19.99049949645996,0.1661970019340515,59131.241192100104
2802,2459131.7402315,347.5464747,51.2530702,2,18.973499298095703,0.07973799854516983,59131.24023150001
2803,2459129.8194676,347.5464728,51.2530966,1,19.54450035095215,0.17209400236606598,59129.31946759997
2804,2459129.799456,347.5464684,51.2530915,1,18.89189910888672,0.09029799699783325,59129.29945599986
2805,2459129.7989815,347.5465342,51.2530468,1,19.777099609375,0.25457799434661865,59129.29898149986
2806,2459129.7166667,347.5465124,51.253087,2,18.92889976501465,0.08890300244092941,59129.21666669985
2807,2459129.7157176,347.5465069,51.2530501,2,19.732900619506836,0.15360000729560852,59129.21571760019
2808,2459129.7147685,347.5466532,51.2531433,2,19.831300735473633,0.17156800627708435,59129.21476850007
2819,2459125.811794,347.5464813,51.2531157,2,18.878999710083008,0.12275700271129608,59125.31179400021
2821,2459125.7918056,347.5464374,51.25312,2,18.839500427246094,0.09680700302124023,59125.291805599816
2822,2459125.7908565,347.5464884,51.2530677,2,18.74679946899414,0.10383199900388718,59125.290856500156
2824,2459125.7389468,347.5464893,51.2530644,1,19.450199127197266,0.17303599417209625,59125.23894680012
2825,2459125.7370486,347.54652,51.2530363,1,18.897300720214844,0.14432300627231598,59125.23704859987
2827,2459124.7708218,347.5464117,51.2530543,2,19.230899810791016,0.20317800343036652,59124.27082179999
2829,2459123.8238657,347.5464387,51.2530648,2,19.07029914855957,0.1817529946565628,59123.32386570005
2830,2459123.80875,347.5466813,51.253069,2,19.720500946044922,0.24063000082969666,59123.30874999985
2832,2459123.7036574,347.5467662,51.2529645,1,19.49920082092285,0.26053598523139954,59123.20365739986
2834,2459123.7001968,347.5464783,51.2530855,1,19.37179946899414,0.21804699301719666,59123.20019679982
2835,2459122.7493519,347.5462922,51.253113,1,19.543399810791016,0.3045569956302643,59122.24935190007
2836,2459122.7484028,347.5465315,51.2530525,1,18.931100845336914,0.1462869942188263,59122.248402799945
2839,2459122.7260648,347.5466438,51.2529859,2,19.709800720214844,0.300680011510849,59122.22606479982
2840,2459122.7256019,347.5465526,51.2530679,2,20.046199798583984,0.2661289870738983,59122.2256018999
2841,2459121.7860301,347.5465176,51.2531028,1,18.856599807739258,0.09050100296735764,59121.28603010019
2842,2459121.783669,347.5466015,51.2531554,1,19.48150062561035,0.20941799879074097,59121.283669000026
2843,2459121.7821991,347.5467615,51.2530339,1,19.874500274658203,0.38373300433158875,59121.282199100126
2844,2459120.7380787,347.5464821,51.2530964,1,19.813199996948242,0.3247080147266388,59120.23807869991
2846,2459120.7366551,347.5465321,51.2530879,1,19.03660011291504,0.11084699630737305,59120.23665509978
2849,2459118.8676157,347.5463873,51.2530765,1,18.791200637817383,0.0992560014128685,59118.36761569977
2850,2459118.8666667,347.5464921,51.253059,1,19.535400390625,0.09290800243616104,59118.366666700225
2851,2459118.8628819,347.5465274,51.2530683,1,18.891300201416016,0.11457999795675278,59118.36288189981
2852,2459118.8165972,347.5464626,51.2530298,2,18.91390037536621,0.08355999737977982,59118.3165972
2853,2459118.8156366,347.5465471,51.2530906,2,19.665599822998047,0.16387200355529785,59118.3156365999
2854,2459118.8151736,347.5464617,51.2530726,2,18.87779998779297,0.10478299856185913,59118.31517359987
2855,2459118.7384259,347.5466118,51.2530908,2,19.721900939941406,0.1637279987335205,59118.23842590023
2856,2459118.7374653,347.5464404,51.253021,2,18.90130043029785,0.0851219967007637,59118.23746530013
2857,2459118.7369907,347.546418,51.2530743,2,18.866899490356445,0.09922999888658524,59118.23699070001
2858,2459117.8682523,347.5464834,51.2530702,2,18.94849967956543,0.0751039981842041,59117.36825230019
2859,2459117.7435995,347.5464654,51.2530863,1,19.579200744628906,0.18532800674438477,59117.24359950004
2860,2459117.7426389,347.546657,51.2529978,1,19.75779914855957,0.17565999925136566,59117.242638899945
2861,2459117.7421644,347.5464604,51.2530915,1,18.87649917602539,0.07734400033950806,59117.24216439994
2862,2459116.8432639,347.5464896,51.2530982,2,18.94499969482422,0.08762200176715851,59116.34326389991
2863,2459116.7396296,347.5464526,51.2530894,1,19.64579963684082,0.18320199847221375,59116.2396296002
2864,2459116.738669,347.5466866,51.2530026,1,19.906600952148438,0.2296849936246872,59116.2386690001
2865,2459116.738206,347.5464985,51.2530949,1,18.934600830078125,0.10649000108242035,59116.23820600007
2866,2459115.8677778,347.5465459,51.2530381,2,19.889699935913086,0.1823599934577942,59115.36777780019
2867,2459115.8673148,347.5465537,51.2531424,2,19.748300552368164,0.13590599596500397,59115.367314800154
2868,2459115.8640394,347.5464946,51.2530823,2,18.936500549316406,0.1021139994263649,59115.36403940013
2869,2459115.795706,347.5465686,51.2531085,2,19.777599334716797,0.1241850033402443,59115.29570600018
2870,2459115.7947685,347.5465625,51.253085,2,19.921899795532227,0.17770099639892578,59115.29476850014
2871,2459115.7736574,347.5464764,51.2530823,2,18.97130012512207,0.09117700159549713,59115.27365740016
2872,2459115.7631366,347.546504,51.2531072,1,19.54960060119629,0.180867001414299,59115.263136600144
2873,2459115.7602894,347.546491,51.2530957,1,18.828399658203125,0.07159599661827087,59115.260289399885
2874,2459115.7598148,347.5466451,51.2530711,1,19.704099655151367,0.15945300459861755,59115.25981480023
2876,2459115.7209491,347.5464963,51.2531122,1,18.950000762939453,0.07873799651861191,59115.220949099865
2877,2459115.7190509,347.5465576,51.2531286,1,19.84980010986328,0.21007399260997772,59115.21905090008
2878,2459114.8335417,347.5464618,51.2530995,1,18.8843994140625,0.08282899856567383,59114.33354170015
2879,2459114.8330787,347.5464856,51.2530964,1,19.569799423217773,0.15012800693511963,59114.33307870012
2882,2459113.785787,347.5464924,51.2530625,2,19.33489990234375,0.11642099916934967,59113.285786999855
2883,2459112.8738079,347.5467032,51.2530858,2,20.380699157714844,0.2743540108203888,59112.37380790012
2884,2459112.8493403,347.5466884,51.2530366,2,20.24049949645996,0.306317001581192,59112.349340300076
2885,2459112.8488657,347.5464678,51.253097,2,19.09980010986328,0.12315099686384201,59112.348865699954
2886,2459112.8478935,347.546407,51.2530367,2,19.2268009185791,0.10931699723005295,59112.34789349977
2887,2459112.7963079,347.5465105,51.2530752,1,19.048599243164062,0.09029799699783325,59112.29630789999
2888,2459112.7782523,347.5463896,51.2530632,1,19.037500381469727,0.10827700048685074,59112.278252299875
2889,2459112.7777894,347.5464003,51.2531097,1,20.024999618530273,0.16078899800777435,59112.27778939996
2890,2459111.8465046,347.546467,51.253087,1,19.006000518798828,0.06429699808359146,59111.34650459979
2891,2459111.8460301,347.5464412,51.2530908,1,19.917999267578125,0.17174600064754486,59111.34603009978
2893,2459110.853588,347.5464835,51.2530902,1,18.893299102783203,0.08027700334787369,59110.35358799994
2894,2459110.853125,347.5465061,51.2530197,1,19.536300659179688,0.17983700335025787,59110.35312499991
2895,2459109.8858218,347.5464191,51.2530641,2,18.885799407958984,0.1440649926662445,59109.38582180021
2896,2459109.8315394,347.5467414,51.2529865,1,19.680999755859375,0.20666499435901642,59109.33153939992
2897,2459109.8305903,347.546523,51.2530992,1,19.635299682617188,0.2260800004005432,59109.330590299796
2898,2459109.8146644,347.5464668,51.2531168,1,19.53619956970215,0.1898989975452423,59109.31466440018
2899,2459109.8034375,347.5464462,51.2531085,1,18.926700592041016,0.08171900361776352,59109.303437499795
2900,2459109.8024884,347.546593,51.2530473,1,19.785900115966797,0.17494800686836243,59109.302488400135
2901,2459109.7458565,347.5465836,51.2530588,2,19.837799072265625,0.22174400091171265,59109.24585650023
2902,2459109.7453819,347.5465936,51.2530998,2,19.780500411987305,0.15566100180149078,59109.24538190011
2903,2459107.8614931,347.5464942,51.2530999,1,19.021299362182617,0.08760099858045578,59107.36149309995
2904,2459107.8610301,347.5464654,51.2531167,1,19.853200912475586,0.24858500063419342,59107.36103009991
2906,2459106.8463079,347.5463467,51.2529563,2,19.935199737548828,0.2656579911708832,59106.3463078998
2907,2459106.8046759,347.5466871,51.2530765,1,19.584999084472656,0.2895849943161011,59106.30467589991
2908,2459106.8032176,347.5462729,51.2531308,1,19.559900283813477,0.2413409948348999,59106.3032176001
2910,2459104.9075347,347.5465648,51.2529715,2,18.961200714111328,0.2273080050945282,59104.40753469989
2911,2459098.8720255,347.5465312,51.2531045,2,18.73590087890625,0.13896000385284424,59098.37202550005
2912,2459098.8458912,347.5464538,51.2530567,2,18.43000030517578,0.07165899872779846,59098.345891200006
2913,2459098.8449421,347.5464939,51.253093,2,18.373300552368164,0.0770919993519783,59098.34494209988
2914,2459097.9121875,347.5465005,51.2530546,1,18.039600372314453,0.07746399939060211,59097.412187499925
2915,2459097.910787,347.5465312,51.2530792,1,18.41069984436035,0.07634899765253067,59097.410786999855
2916,2459097.9103241,347.5465014,51.2530545,1,18.119699478149414,0.08653900027275085,59097.41032409994
2917,2459097.8411806,347.5464737,51.2530804,1,18.045700073242188,0.07846300303936005,59097.341180600226
2918,2459097.8402315,347.5464993,51.2530518,1,18.398000717163086,0.07174699753522873,59097.3402315001
2919,2459097.8359375,347.5465364,51.2530507,1,18.137100219726562,0.08415000140666962,59097.3359375
2920,2459097.8036458,347.5464812,51.2530593,2,18.177600860595703,0.07735499739646912,59097.30364579987
2921,2459097.8031829,347.5465758,51.2530998,2,18.16119956970215,0.09381700307130814,59097.30318289995
2922,2459097.7979745,347.5465365,51.2530657,2,18.490800857543945,0.0929040014743805,59097.297974499874
2923,2459096.8038079,347.5464935,51.2530857,2,18.47909927368164,0.09878800064325333,59096.30380789982
2924,2459096.8023611,347.5464714,51.2530719,2,18.087099075317383,0.0625699982047081,59096.30236109998
2925,2459096.8018981,347.5465033,51.253093,2,18.103500366210938,0.06933200359344482,59096.30189809995
2926,2459095.8944907,347.5465497,51.2531002,2,18.223600387573242,0.10315299779176712,59095.394490700215
2927,2459095.8940162,347.5464696,51.2530843,2,18.09440040588379,0.0657769963145256,59095.39401620021
2928,2459095.8921296,347.5465191,51.2530989,2,17.913999557495117,0.06377799808979034,59095.39212960005
2929,2459095.7905093,347.546519,51.2530556,1,17.990999221801758,0.07317499816417694,59095.29050929984
2930,2459095.7895486,347.5464788,51.2530788,1,17.946300506591797,0.07725699990987778,59095.28954860009
2931,2459095.7890856,347.5464854,51.2530634,1,18.23189926147461,0.07695099711418152,59095.28908560006
2932,2459094.8500926,347.5464899,51.2530686,2,18.14259910583496,0.08835999667644501,59094.3500926001
2933,2459094.8399769,347.5464645,51.2530772,2,18.269100189208984,0.09293299913406372,59094.33997689979
2934,2459093.9230671,347.5464538,51.2530495,1,17.796199798583984,0.07681100070476532,59093.42306709988
2935,2459093.9065509,347.5465724,51.2530621,1,18.111000061035156,0.0635790005326271,59093.40655090008
2936,2459093.906088,347.5464889,51.2530921,1,17.906400680541992,0.07407300174236298,59093.40608800016
2937,2459093.8620718,347.5464831,51.2531104,2,17.866100311279297,0.0619099996984005,59093.362071800046
2938,2459093.8601736,347.5464783,51.2530833,2,17.90369987487793,0.06012500077486038,59093.360173599795
2939,2459093.8389468,347.5466173,51.2530743,2,18.06170082092285,0.09709999710321426,59093.33894680021
2940,2459092.8091898,347.5464992,51.2530591,1,17.874900817871094,0.04784400016069412,59092.30918980017
2941,2459092.8082407,347.5464866,51.2530644,1,17.707399368286133,0.06246599927544594,59092.30824070005
2942,2459092.7708333,347.5464925,51.2530879,1,17.63450050354004,0.06881699711084366,59092.27083329996
2943,2459091.7828704,347.5465014,51.2530725,1,17.630199432373047,0.056605998426675797,59091.28287040023
2944,2459091.7814699,347.5465043,51.2530775,1,17.803699493408203,0.051215000450611115,59091.28146990016
2945,2459091.768588,347.5464709,51.2530871,1,17.614599227905273,0.058538999408483505,59091.26858799998
2947,2459090.9986458,347.5465,51.253077,2,17.620100021362305,0.06169699877500534,59090.498645800166
2948,2459090.9491667,347.5464624,51.2530815,2,17.563800811767578,0.049623001366853714,59090.44916669978
2949,2459090.9073611,347.5464473,51.2530649,1,17.460100173950195,0.0396759994328022,59090.40736109996
2950,2459090.7896991,347.5464678,51.2530699,1,17.325300216674805,0.04393500089645386,59090.28969909996
2951,2459090.7892245,347.5465157,51.2530764,1,17.35260009765625,0.04738299921154976,59090.28922449984
2952,2459089.9545255,347.54652,51.2530728,2,17.678600311279297,0.057036999613046646,59089.45452550007
2953,2459089.9233218,347.5465435,51.2530847,2,17.617300033569336,0.06217300146818161,59089.42332179984
2954,2459089.8840856,347.546515,51.2530675,1,17.376100540161133,0.04900699853897095,59089.3840855998
2955,2459089.790544,347.5465093,51.2530662,1,17.32029914855957,0.04698500037193298,59089.29054399999
2956,2459089.7700694,347.5464734,51.2530758,1,17.25670051574707,0.04740799963474274,59089.27006939985
2957,2459088.8864699,347.5464861,51.2530715,2,17.211299896240234,0.04634200036525726,59088.38646990014
2958,2459088.8850463,347.5465122,51.2530854,2,17.306900024414062,0.06327100098133087,59088.38504630001
2959,2459088.8057292,347.5465007,51.2530795,1,17.131999969482422,0.0573979988694191,59088.30572920013
2960,2459088.8038657,347.5464694,51.2530694,1,17.177200317382812,0.04501499980688095,59088.30386570003
2961,2459087.935706,347.5465184,51.2530676,2,17.814300537109375,0.058316998183727264,59087.435705999844
2962,2459087.8660764,347.5464626,51.2530682,2,17.792699813842773,0.061712998896837234,59087.36607640004
2963,2459087.8457407,347.5464158,51.2530867,1,17.770099639892578,0.054607000201940536,59087.34574070014
2964,2459086.8440741,347.5464326,51.2530653,2,17.965999603271484,0.05254000052809715,59086.34407409979
2965,2459086.8435995,347.5464872,51.2530921,2,17.91699981689453,0.057475000619888306,59086.343599500135
2966,2459086.8421759,347.5465211,51.2530637,2,18.178699493408203,0.06695599853992462,59086.342175900005
2967,2459086.8348264,347.5465116,51.2530577,2,18.222299575805664,0.06373000144958496,59086.33482640004
2968,2459086.8343634,347.546463,51.2530968,2,17.909900665283203,0.058017998933792114,59086.334363400005
2969,2459086.7988657,347.5464644,51.2530731,1,18.15760040283203,0.04670700058341026,59086.29886570014
2970,2459086.7984028,347.5465331,51.2530696,1,17.930200576782227,0.05362299829721451,59086.298402800225
2971,2459085.864838,347.5464263,51.2530853,1,19.663000106811523,0.14819499850273132,59085.36483799992
2972,2459085.8570139,347.5465341,51.253097,1,19.645299911499023,0.1433349996805191,59085.35701389983
2973,2459085.8421412,347.5464711,51.2530931,1,18.87420082092285,0.07397899776697159,59085.34214119986
2974,2459085.8416667,347.5466338,51.2530281,1,19.70549964904785,0.15574400126934052,59085.34166669985
2975,2459085.8412037,347.5465033,51.2530829,1,18.882099151611328,0.058566998690366745,59085.34120369982
2976,2459085.8273032,347.5465018,51.2530847,2,18.985599517822266,0.09675899893045425,59085.32730320003
2977,2459085.8258565,347.5466143,51.2530478,2,19.979999542236328,0.18068300187587738,59085.32585649984
2978,2459084.8545486,347.546581,51.2530465,1,19.725500106811523,0.20590199530124664,59084.35454860004
2979,2459084.8540856,347.546481,51.2531011,1,18.871999740600586,0.06443499773740768,59084.3540856
2980,2459084.852662,347.546488,51.2530986,1,19.64310073852539,0.17617100477218628,59084.352661999874
2981,2459084.8440394,347.5465731,51.25306,1,19.639799118041992,0.18273499608039856,59084.34403940011
2982,2459084.8435764,347.5464881,51.2530884,1,18.892499923706055,0.07109399884939194,59084.343576400075
2983,2459084.8015046,347.5465405,51.2531428,2,19.736600875854492,0.16645599901676178,59084.30150459986
2984,2459084.7986458,347.5465324,51.2530225,2,19.715900421142578,0.1935179978609085,59084.29864579998
2985,2459084.7972454,347.546474,51.2530955,2,18.854700088500977,0.09182699769735336,59084.29724540003
2986,2459082.9727431,347.5466009,51.2531304,2,19.684799194335938,0.15388000011444092,59082.47274310002
2987,2459082.9722801,347.5465036,51.2531028,2,18.86400032043457,0.086387999355793,59082.47228009999
2988,2459082.8361111,347.546484,51.2530844,1,18.908199310302734,0.10129000246524811,59082.336111099925
2989,2459082.8201157,347.5465063,51.2531061,1,18.787200927734375,0.09997999668121338,59082.3201156999
2990,2459082.8196528,347.5465353,51.2530563,1,19.89900016784668,0.23723900318145752,59082.31965279998
2991,2459082.8191782,347.5464949,51.2531108,1,19.585899353027344,0.17982099950313568,59082.31917819986
2992,2459082.8187153,347.5464668,51.2530505,1,19.419099807739258,0.1613360047340393,59082.318715299945
2993,2459081.8908681,347.5465497,51.2531681,2,19.604700088500977,0.12567199766635895,59081.39086809987
2994,2459081.8903935,347.5465331,51.2530315,2,19.66670036315918,0.16492600739002228,59081.390393500216
2995,2459081.889456,347.5464582,51.2530878,2,18.893800735473633,0.07711300253868103,59081.38945600018
2996,2459081.8833565,347.5464802,51.2530741,2,18.782699584960938,0.08593899756669998,59081.38335649995
2997,2459081.8824074,347.5465135,51.2530204,2,19.625699996948242,0.148485004901886,59081.382407399826
2998,2459081.8426042,347.5464952,51.2530939,1,18.88089942932129,0.07282599806785583,59081.34260419989
2999,2459081.8412037,347.5464761,51.2530929,1,19.483299255371094,0.1486169993877411,59081.34120369982
3000,2459081.8055671,347.5464881,51.2531052,1,19.499399185180664,0.1486549973487854,59081.30556710018
3001,2459081.8051042,347.5464915,51.2530944,1,18.87070083618164,0.08038900047540665,59081.3051041998
3002,2459081.8046412,347.5466424,51.2530227,1,19.560199737548828,0.1653120070695877,59081.30464120023
3003,2459080.9064583,347.5464556,51.2530518,1,19.609899520874023,0.17090199887752533,59080.40645830007
3004,2459080.9059954,347.5465001,51.2530975,1,18.929500579833984,0.07399299740791321,59080.40599540016
3005,2459080.9050579,347.5466819,51.2530446,1,19.677499771118164,0.22189000248908997,59080.40505790012
3006,2459080.8993403,347.5464944,51.2531042,1,19.541200637817383,0.16231699287891388,59080.39934029989
3007,2459080.8872454,347.5465872,51.2530741,1,19.709800720214844,0.2348800003528595,59080.38724539988
3008,2459080.8857755,347.5464935,51.2530949,1,18.846099853515625,0.07522299885749817,59080.38577549998
3009,2459080.8644907,347.5466281,51.2531396,2,19.719100952148438,0.20747900009155273,59080.364490699954
3010,2459080.8640278,347.5465348,51.2531016,2,19.854000091552734,0.1715649962425232,59080.36402780004
3011,2459080.8630787,347.5464603,51.253102,2,18.94099998474121,0.10095600038766861,59080.36307869991
3012,2459080.8241898,347.5464905,51.2530638,2,18.837799072265625,0.08696600049734116,59080.32418979984
3013,2459080.8237153,347.5465358,51.2530612,2,19.721399307250977,0.17196600139141083,59080.32371529983
3014,2459080.8218171,347.5464658,51.2530691,2,19.894800186157227,0.19452999532222748,59080.32181710005
3015,2459079.9358796,347.5464834,51.253063,2,18.882999420166016,0.08542700111865997,59079.43587959977
3016,2459079.8876389,347.5464642,51.2530812,2,18.865100860595703,0.07592300325632095,59079.38763889996
3018,2459079.8618056,347.546479,51.2530947,2,19.725799560546875,0.19050799310207367,59079.361805600114
3019,2459079.8613426,347.5464953,51.2531165,2,19.51129913330078,0.14997099339962006,59079.36134260008
3020,2459079.843125,347.5464897,51.2530953,1,19.613000869750977,0.1542229950428009,59079.34312500013
3021,2459079.8421759,347.546486,51.2530962,1,18.884599685668945,0.09329699724912643,59079.342175900005
3022,2459078.8679977,347.5464765,51.2530908,1,18.873899459838867,0.059505000710487366,59078.36799769988
3023,2459078.8527199,347.5465271,51.2531223,2,19.686899185180664,0.15765799582004547,59078.3527199002
3024,2459078.8522569,347.5465281,51.2530446,2,19.752700805664062,0.18522199988365173,59078.352256900165
3025,2459078.8513079,347.5464908,51.2530853,2,18.87030029296875,0.07459200173616409,59078.35130790016
3026,2459078.8413194,347.5465693,51.2530731,2,19.592899322509766,0.13856300711631775,59078.341319399886
3027,2459078.8408449,347.5464748,51.2530951,2,18.891000747680664,0.08314500004053116,59078.34084489988
3028,2459077.9770602,347.5465619,51.25312,2,19.854900360107422,0.14469300210475922,59077.47706020018
3029,2459077.9756597,347.5464776,51.2530822,2,18.93160057067871,0.09737999737262726,59077.47565970011
3030,2459077.9511111,347.5464882,51.2530796,2,19.008800506591797,0.07682599872350693,59077.45111110015
3031,2459077.9506481,347.5466497,51.2530308,2,19.996200561523438,0.20622499287128448,59077.450648100115
3032,2459077.8872222,347.5465468,51.2531196,1,19.67530059814453,0.14540599286556244,59077.38722220017
3033,2459077.8862847,347.5466499,51.2530522,1,19.746000289916992,0.18268699944019318,59077.38628470013
3034,2459077.8778704,347.5465202,51.2531083,1,19.702800750732422,0.1561090052127838,59077.37787039997
3035,2459077.8567014,347.5466376,51.2530388,1,19.647899627685547,0.1683640033006668,59077.35670140013
3036,2459077.8562384,347.5465013,51.2531095,1,18.902999877929688,0.08142299950122833,59077.3562384001
3037,2459076.9565856,347.5464649,51.2530629,1,19.714000701904297,0.1541309952735901,59076.45658560004
3038,2459076.8895602,347.5464946,51.2530882,2,18.910900115966797,0.08974800258874893,59076.38956019981
3039,2459076.861875,347.5465766,51.2530601,2,19.751100540161133,0.17487700283527374,59076.361874999944
3040,2459076.845544,347.5465185,51.2531028,2,19.70560073852539,0.1986750066280365,59076.345544000156
3041,2459076.8445949,347.5464692,51.2529831,2,19.66790008544922,0.17244400084018707,59076.34459490003
3042,2459076.8441204,347.5464929,51.2530932,2,18.880199432373047,0.09619300067424774,59076.34412040003
3044,2459075.8945718,347.5465598,51.2531103,1,19.70709991455078,0.19128300249576569,59075.394571799785
3045,2459075.8750116,347.5465121,51.2530904,1,18.833200454711914,0.06097700074315071,59075.37501160009
3046,2459075.8735764,347.5465136,51.2530919,1,19.552799224853516,0.11177399754524231,59075.37357639987
3047,2459075.8636111,347.5464876,51.2531009,1,18.86479949951172,0.07220099866390228,59075.363611099776
3048,2459075.8473727,347.5465045,51.2530968,1,19.587900161743164,0.15660299360752106,59075.347372699995
3049,2459075.824838,347.5465289,51.2530955,2,19.736000061035156,0.17280900478363037,59075.324837999884
3050,2459075.8200694,347.5464916,51.2530889,2,18.84429931640625,0.09425900131464005,59075.32006940013
3053,2459073.8640162,347.5464033,51.2530871,1,18.80299949645996,0.11897300183773041,59073.36401619995
3054,2459073.863044,347.5465293,51.2530657,1,18.771099090576172,0.08906199783086777,59073.36304400023
3055,2459073.0050347,347.5464988,51.2530674,2,18.05970001220703,0.05940699949860573,59072.505034700036
3056,2459073.0045718,347.5464716,51.25308,2,18.026599884033203,0.060784999281167984,59072.50457180012
3057,2459072.9959144,347.5465314,51.2530694,2,18.391399383544922,0.08356399834156036,59072.49591440009
3058,2459072.9664583,347.5465401,51.2530857,2,18.36949920654297,0.07414200156927109,59072.46645830013
3059,2459072.8846065,347.5464413,51.2530571,1,17.9512996673584,0.06715799868106842,59072.384606500156
3060,2459072.8841435,347.5465158,51.2530538,1,18.26099967956543,0.05534699931740761,59072.38414350012
3061,2459072.8827083,347.546498,51.2530697,1,18.03380012512207,0.06206100061535835,59072.382708299905
3062,2459072.8627546,347.5465199,51.2530696,1,18.02090072631836,0.06271900236606598,59072.36275460012
3063,2459071.9359491,347.5464795,51.2531095,1,19.703800201416016,0.14617499709129333,59071.43594910018
3064,2459071.9354861,347.5464942,51.2530933,1,18.979999542236328,0.06832200288772583,59071.43548610015
3065,2459071.934537,347.5466153,51.2530983,1,19.93670082092285,0.22665999829769135,59071.43453700002
3066,2459071.9263773,347.5464907,51.2530859,1,18.924999237060547,0.09400299936532974,59071.42637730017
3067,2459071.9061921,347.5466278,51.2530559,1,19.83930015563965,0.193231999874115,59071.40619210014
3068,2459071.8644097,347.5465508,51.2530026,2,20.025699615478516,0.2129420042037964,59071.364409700036
3069,2459071.8639468,347.5464729,51.2530929,2,19.888500213623047,0.19114799797534943,59071.36394680012
3070,2459071.8629745,347.5464389,51.253103,2,18.968299865722656,0.10654500126838684,59071.36297449982
3071,2459071.8438889,347.5465098,51.2530518,2,19.91990089416504,0.20374499261379242,59071.34388889978
3072,2459071.8419907,347.5465578,51.2531432,2,19.596799850463867,0.1611420065164566,59071.34199069999
3073,2459069.9344097,347.5464884,51.2531041,2,19.62350082397461,0.153779998421669,59069.43440969987
3074,2459069.9334491,347.5464921,51.2530831,2,18.76580047607422,0.09276500344276428,59069.43344909977
3075,2459069.9329861,347.5465033,51.2530813,2,19.649799346923828,0.1507139950990677,59069.432986100204
3076,2459069.9166667,347.5465072,51.2530886,2,18.867700576782227,0.08248800039291382,59069.41666670004
3077,2459069.8402199,347.5464617,51.2530774,1,19.606300354003906,0.1877959966659546,59069.34021990001
3078,2459069.0035301,347.5465595,51.2531367,1,19.49810028076172,0.2955799996852875,59068.50353009999
3079,2459069.0030671,347.5465063,51.2530786,1,18.854999542236328,0.09761399775743484,59068.503067099955
3081,2459068.9465394,347.5464922,51.2530952,1,18.783899307250977,0.0910239964723587,59068.446539400145
3082,2459068.9455903,347.5464829,51.2530986,1,19.626300811767578,0.27346500754356384,59068.44559030002
3083,2459068.8782639,347.5465432,51.2530684,2,19.670299530029297,0.1949629932641983,59068.37826390006
3084,2459068.8777894,347.5464506,51.2531057,2,19.514999389648438,0.16031399369239807,59068.37778940005
3085,2459068.87375,347.5464884,51.2530784,2,18.787700653076172,0.09794200211763382,59068.373749999795
3086,2459068.8723032,347.546568,51.2531152,2,19.581300735473633,0.214136004447937,59068.372303199954
3087,2459068.8718403,347.5465154,51.2530612,2,19.60110092163086,0.18507499992847443,59068.37184030004
3088,2459067.910706,347.5465067,51.2531103,1,19.510000228881836,0.16678200662136078,59067.41070599994
3089,2459067.8506713,347.5465219,51.2530877,1,18.887399673461914,0.08905600011348724,59067.3506713002
3090,2459067.8502083,347.5466361,51.2531012,1,19.48900032043457,0.1908780038356781,59067.350208300166
3091,2459066.9966435,347.5465802,51.2530403,2,19.611600875854492,0.21215100586414337,59066.49664349994
3092,2459066.9961806,347.546572,51.2530637,2,19.523500442504883,0.23042799532413483,59066.49618060002
3093,2459066.9943056,347.5465097,51.2530962,2,18.669200897216797,0.11434800177812576,59066.49430559995
3095,2459066.9065741,347.5463619,51.2530892,1,19.585500717163086,0.22814300656318665,59066.40657409979
3096,2459066.8637384,347.546436,51.253053,1,19.555299758911133,0.18234999477863312,59066.36373839993
3097,2459066.8324074,347.5465525,51.2531161,1,18.779499053955078,0.10136400163173676,59066.33240740001
3098,2459066.8319329,347.5466445,51.253077,1,19.512800216674805,0.2590259909629822,59066.33193290001
3099,2459065.9392245,347.5466465,51.2530439,2,19.73200035095215,0.24047699570655823,59065.43922450021
3101,2459065.8610532,347.5464161,51.2530729,2,18.758100509643555,0.10187599807977676,59065.36105319997
3102,2459065.8605787,347.5466052,51.2531295,2,19.667299270629883,0.23853500187397003,59065.36057869997
3103,2459065.8601157,347.5465876,51.2530392,2,19.442699432373047,0.2059909999370575,59065.360115699936
3104,2459065.7602778,347.5464822,51.2531237,1,18.802799224853516,0.13650000095367432,59065.260277799796
3106,2459064.8418056,347.5464784,51.2530518,2,18.76580047607422,0.1180569976568222,59064.341805600096
3107,2459064.8275579,347.5465466,51.2530385,2,19.820600509643555,0.27240198850631714,59064.32755789999
3108,2459064.8270949,347.5464029,51.2531576,2,19.643400192260742,0.25613299012184143,59064.327094899956
3110,2459063.8863079,347.5464683,51.2530601,2,18.9197998046875,0.11826799809932709,59063.38630789984
3111,2459063.8318403,347.5464758,51.2530691,2,18.872699737548828,0.11811999976634979,59063.3318403
3112,2459063.8046759,347.5467271,51.2531273,2,19.65410041809082,0.2381110042333603,59063.30467589991
3113,2459063.804213,347.5466471,51.2531013,2,20.044599533081055,0.2617209851741791,59063.304212999996
3120,2459061.9757523,347.5465201,51.2530682,1,18.689899444580078,0.06803599745035172,59061.47575230012
3121,2459061.9752894,347.5465181,51.2530348,1,19.378599166870117,0.08963300287723541,59061.4752894002
3122,2459061.8282407,347.5465987,51.2530932,2,19.19930076599121,0.12151499837636948,59061.328240700066
3123,2459061.8082755,347.5464826,51.2531132,2,18.656600952148438,0.0925149992108345,59061.30827549985
3124,2459061.8078125,347.546464,51.2530812,2,18.614500045776367,0.09166800230741501,59061.307812499814
3125,2459060.9575231,347.5464362,51.2530678,2,18.371700286865234,0.07751200348138809,59060.45752310008
3126,2459060.9570486,347.5464792,51.2530853,2,18.23579978942871,0.06038299947977066,59060.457048600074
3127,2459060.9565856,347.5465339,51.2530792,2,18.69420051574707,0.07232200354337692,59060.45658560004
3128,2459060.919537,347.5465062,51.2530764,2,18.63960075378418,0.07940900325775146,59060.41953699989
3129,2459060.869456,347.546519,51.2530683,1,18.21419906616211,0.07597800344228745,59060.36945600016
3130,2459060.8670486,347.5464762,51.2530698,1,18.652700424194336,0.06366399675607681,59060.36704860022
3131,2459060.852963,347.5464342,51.2530556,1,18.213199615478516,0.07189399749040604,59060.35296300007
3132,2459059.9560648,347.5464631,51.253079,2,19.05190086364746,0.11018600314855576,59059.4560647998
3133,2459059.9556019,347.5465959,51.2530742,2,20.173200607299805,0.17806999385356903,59059.455601899885
3134,2459059.9546528,347.5464688,51.2531331,2,20.065900802612305,0.191894993185997,59059.454652800225
3135,2459059.9484028,347.5465723,51.2531,2,19.861299514770508,0.1472250074148178,59059.44840280013
3136,2459059.9465162,347.5465698,51.2530016,2,20.111299514770508,0.21941199898719788,59059.44651619997
3137,2459059.9364815,347.5466402,51.2530185,1,20.038799285888672,0.21032899618148804,59059.436481500044
3138,2459059.9008102,347.5464432,51.2530935,1,18.915000915527344,0.0749489963054657,59059.40081019979
3139,2459057.9481713,347.5464781,51.2530845,2,18.853599548339844,0.07372099906206131,59057.44817129988
3140,2459057.9476968,347.5465312,51.2530596,2,19.68280029296875,0.1484760046005249,59057.44769679988
3141,2459057.9138079,347.5466909,51.2530864,1,19.68630027770996,0.17441299557685852,59057.41380790016
3142,2459057.9133449,347.5464806,51.2530982,1,18.886999130249023,0.07465100288391113,59057.413344900124
3143,2459057.9123958,347.5464957,51.2530997,1,19.549299240112305,0.15275000035762787,59057.4123958
3144,2459057.9100579,347.5464633,51.2530745,1,19.537200927734375,0.11914700269699097,59057.41005790001
3145,2459057.9086574,347.5464784,51.2530899,1,18.889799118041992,0.06562499701976776,59057.40865739994
3146,2459056.9905671,347.5464767,51.2530774,2,18.905500411987305,0.08408799767494202,59056.49056709977
3147,2459056.9247106,347.5464812,51.2531007,1,18.82900047302246,0.06179000064730644,59056.42471060017
3148,2459056.8957639,347.5465435,51.2530666,2,19.60930061340332,0.12604500353336334,59056.39576390013
3149,2459056.8953009,347.5465678,51.2530607,2,19.716699600219727,0.13452400267124176,59056.3953009001
3150,2459056.8849769,347.546526,51.253076,2,19.70789909362793,0.17686599493026733,59056.38497690018
3151,2459055.9462384,347.5465739,51.2530561,2,19.889799118041992,0.186148002743721,59055.44623839995
3152,2459055.8995718,347.5465073,51.2530958,1,18.903099060058594,0.0695590004324913,59055.39957180014
3153,2459055.8990972,347.5466113,51.2530259,1,19.796100616455078,0.1533219963312149,59055.39909720002
3154,2459055.8661343,347.5464618,51.253085,2,19.828100204467773,0.16808199882507324,59055.3661342999
3155,2459054.990162,347.5464398,51.2530784,1,19.520200729370117,0.21355800330638885,59054.49016200006
3156,2459054.9533333,347.5464752,51.2530992,1,19.637800216674805,0.1506360024213791,59054.45333330007
3157,2459054.9499769,347.5464963,51.253086,1,18.90329933166504,0.07012700289487839,59054.44997690013
3158,2459054.9133565,347.5465681,51.2530764,2,19.90410041809082,0.17204900085926056,59054.41335650021
3159,2459054.9128935,347.5464571,51.2530741,2,18.95479965209961,0.0779070034623146,59054.41289350018
3160,2459054.8914699,347.5465706,51.2530572,2,19.87540054321289,0.17463800311088562,59054.39146990003
3161,2459054.8909954,347.5464873,51.2530697,2,18.884300231933594,0.08375799655914307,59054.39099540003
3162,2459054.8727778,347.5465673,51.2531245,2,20.02560043334961,0.1686359941959381,59054.372777800076
3163,2459053.9532407,347.5465345,51.2530773,2,19.77280044555664,0.15581700205802917,59053.453240700066
3164,2459053.9273727,347.5465031,51.2531002,1,18.876300811767578,0.050859998911619186,59053.42737270007
3165,2459053.9103704,347.5464743,51.2530893,1,19.518699645996094,0.12343499809503555,59053.410370400175
3166,2459053.8848032,347.5464674,51.2530908,1,18.887500762939453,0.05798500031232834,59053.38480320014
3167,2459053.8843403,347.5466924,51.2530676,1,19.70319938659668,0.15366600453853607,59053.384340300225
3168,2459052.9477894,347.5464734,51.2531056,1,18.879499435424805,0.059824999421834946,59052.447789399885
3169,2459052.9473148,347.5465703,51.253028,1,19.66710090637207,0.138047993183136,59052.44731480023
3170,2459052.9164352,347.5464778,51.2530774,2,18.912599563598633,0.07418300211429596,59052.41643519979
3171,2459052.9159722,347.5465767,51.253046,2,19.798999786376953,0.16180600225925446,59052.41597220022
3172,2459052.9155093,347.5465859,51.2531141,2,19.66189956665039,0.11377499997615814,59052.41550929984
3173,2459052.9112037,347.5465879,51.253047,2,19.850099563598633,0.15946300327777863,59052.41120370012
3174,2459052.9107292,347.5465899,51.2531089,2,19.767799377441406,0.18024800717830658,59052.41072920011
3175,2459051.9473611,347.546468,51.2530848,1,19.072799682617188,0.06682100147008896,59051.4473611
3176,2459051.946412,347.5464148,51.2531134,1,20.168500900268555,0.20976300537586212,59051.446411999874
3177,2459051.9075926,347.5466484,51.2530536,2,20.481399536132812,0.2904079854488373,59051.40759260021
3178,2459051.9018287,347.5464445,51.253064,2,19.123699188232422,0.11338300257921219,59051.40182870021
3179,2459050.9887616,347.5464089,51.2530626,2,19.51849937438965,0.13561800122261047,59050.48876160011
3180,2459050.9882986,347.546484,51.2530999,2,19.41860008239746,0.14916999638080597,59050.488298600074
3182,2459050.9671759,347.5464026,51.2530963,2,19.35650062561035,0.12492299824953079,59050.467175900005
3183,2459050.9296759,347.5465028,51.2530826,1,20.193199157714844,0.14388500154018402,59050.42967589991
3184,2459049.9478588,347.5464938,51.2530773,1,18.548500061035156,0.0744900032877922,59049.44785880018
3185,2459049.9473843,347.5464102,51.2530875,1,18.1653995513916,0.06983000040054321,59049.447384300176
3186,2459049.9100579,347.5464698,51.253095,2,18.170700073242188,0.060100000351667404,59049.41005790001
3187,2459049.9091088,347.5464468,51.25306,2,18.227800369262695,0.06289699673652649,59049.40910879988
3188,2459048.9525231,347.5465122,51.2530769,1,19.725099563598633,0.16234199702739716,59048.45252310019
3189,2459048.9477546,347.5464755,51.2531087,1,18.951200485229492,0.062442000955343246,59048.447754600085
3190,2459048.9159144,347.5465926,51.2530968,2,20.00480079650879,0.2001360058784485,59048.415914400015
3191,2459048.909213,347.5464786,51.2530858,2,18.96310043334961,0.07551900297403336,59048.40921299998
3192,2459047.9485648,347.5465202,51.2531196,1,19.576099395751953,0.12160699814558029,59047.44856479997
3193,2459047.9471644,347.5464842,51.2530969,1,18.904600143432617,0.06541100144386292,59047.447164400015
3194,2459046.9902199,347.5465527,51.2530482,1,19.783899307250977,0.23091700673103333,59046.49021989992
3195,2459046.9892824,347.5465017,51.2530995,1,18.80970001220703,0.09075599908828735,59046.48928239988
3196,2459046.9888079,347.5464151,51.2531229,1,19.573400497436523,0.20119799673557281,59046.48880789988
3197,2459046.9698264,347.5464814,51.2530951,1,19.590200424194336,0.12690599262714386,59046.469826399814
3198,2459046.9552199,347.5465838,51.2531106,2,19.717300415039062,0.13813799619674683,59046.45521989977
3199,2459046.954294,347.5464677,51.25308,2,18.861600875854492,0.08885300159454346,59046.45429399982
3200,2459046.9169213,347.5465549,51.253071,2,19.832700729370117,0.1487639993429184,59046.41692129988
3201,2459046.9055208,347.5465439,51.2530702,2,19.77630043029785,0.1713539958000183,59046.405520800035
3202,2459046.9040625,347.5464997,51.2530955,2,18.85420036315918,0.07763200253248215,59046.40406250022
3203,2459046.8952894,347.5465552,51.2530976,2,19.745899200439453,0.17044700682163239,59046.39528940013
3204,2459046.8699074,347.5465525,51.2530471,1,19.66990089416504,0.1686599999666214,59046.369907400105
3205,2459046.8689468,347.5464802,51.2530922,1,18.85740089416504,0.07158699631690979,59046.36894680001
3206,2459045.9906713,347.5464834,51.2530798,2,19.722299575805664,0.18985499441623688,59045.49067129986
3207,2459045.9901968,347.5464998,51.2530932,2,18.893299102783203,0.09477300196886063,59045.49019679986
3208,2459045.9510301,347.5464779,51.2530953,1,18.83180046081543,0.07239300012588501,59045.45103010023
3209,2459045.950081,347.5465036,51.2531089,1,19.54159927368164,0.1439419984817505,59045.450081000105
3210,2459045.8739352,347.5465198,51.2530755,2,19.737300872802734,0.15673699975013733,59045.37393519981
3211,2459045.8729861,347.5464947,51.253078,2,18.86009979248047,0.08236099779605865,59045.37298610015
3212,2459044.9840856,347.5464816,51.2530638,2,18.906999588012695,0.07690700143575668,59044.48408559989
3213,2459044.9836111,347.5466,51.2530495,2,19.710100173950195,0.15869900584220886,59044.48361109989
3214,2459044.9821875,347.5466299,51.2531125,2,19.6481990814209,0.14272600412368774,59044.48218750022
3215,2459044.8672569,347.5464991,51.253101,1,18.895299911499023,0.08660700172185898,59044.36725689983
3216,2459044.8658565,347.5464857,51.2530791,1,19.563100814819336,0.15801100432872772,59044.36585649988
3217,2459043.9895139,347.5465462,51.2530659,2,19.593700408935547,0.18337400257587433,59043.48951390013
3218,2459043.9890394,347.5464905,51.2530636,2,18.900299072265625,0.08910900354385376,59043.48903940013
3219,2459043.8916898,347.5465845,51.2530884,2,19.616500854492188,0.14361299574375153,59043.39168980019
3220,2459043.8869676,347.5464793,51.2530727,2,19.770999908447266,0.21223700046539307,59043.38696759986
3221,2459043.8860185,347.5464754,51.2530613,2,18.89590072631836,0.08835700154304504,59043.3860185002
3222,2459043.8734491,347.5465082,51.2530932,1,18.876699447631836,0.07670299708843231,59043.37344910018
3223,2459043.872037,347.5464757,51.2530722,1,19.472299575805664,0.14806999266147614,59043.37203700002
3224,2459043.8430903,347.5465876,51.2530068,1,19.887500762939453,0.18481799960136414,59043.34309029998
3225,2459042.9884722,347.5465897,51.2530954,2,19.742700576782227,0.21476200222969055,59042.4884722
3226,2459042.9884722,347.5465897,51.2530954,2,19.742700576782227,0.21476200222969055,59042.4884722
3227,2459042.9875231,347.5466266,51.2530741,2,19.76689910888672,0.2766599953174591,59042.48752309987
3228,2459042.9793519,347.5464768,51.253085,2,18.930999755859375,0.09827399998903275,59042.47935190005
3229,2459042.9694213,347.54656,51.2530679,2,19.692899703979492,0.1832360029220581,59042.469421300106
3230,2459042.9694213,347.54656,51.2530679,2,19.692899703979492,0.1832360029220581,59042.469421300106
3232,2459042.8737153,347.5464574,51.2530867,1,18.861900329589844,0.0904339998960495,59042.37371530011
3234,2459042.8367014,347.5464594,51.2530572,1,19.60140037536621,0.2191769927740097,59042.33670140011
3235,2459041.987963,347.5465886,51.2531131,2,19.622299194335938,0.1996680051088333,59041.48796299985
3236,2459041.9874884,347.5464723,51.2531712,2,19.829700469970703,0.23006099462509155,59041.48748840019
3237,2459041.9870255,347.5464685,51.2530991,2,18.834800720214844,0.09574999660253525,59041.48702549981
3238,2459041.8762963,347.5466807,51.2530561,1,19.962299346923828,0.2396489977836609,59041.376296299975
3239,2459040.9683681,347.54644,51.2530862,1,19.685800552368164,0.22857999801635742,59040.4683681
3240,2459040.967419,347.5464828,51.2530979,1,18.85260009765625,0.078964002430439,59040.46741899988
3241,2459040.966956,347.5466623,51.2530198,1,19.840999603271484,0.21918000280857086,59040.466955999844
3242,2459040.8952315,347.5465789,51.2530635,2,19.8218994140625,0.21668000519275665,59040.3952314998
3243,2459040.8947685,347.5464685,51.2531255,2,19.950000762939453,0.18219499289989471,59040.39476849977
3244,2459040.8919444,347.5465067,51.2531043,2,18.856800079345703,0.10310299694538116,59040.391944400035
3245,2459039.9458796,347.546467,51.2530886,2,19.603900909423828,0.13552899658679962,59039.44587960001
3248,2459039.8706944,347.5464141,51.2530671,1,19.905899047851562,0.23135800659656525,59039.37069439981
3251,2459038.9704398,347.5464751,51.2530942,1,18.557600021362305,0.10125400125980377,59038.47043980006
3252,2459038.9699769,347.5465476,51.2530713,1,19.285600662231445,0.1167759969830513,59038.469976900145
3253,2459038.9695139,347.5465439,51.2530651,1,18.703899383544922,0.10750900208950043,59038.46951390011
3254,2459038.8829745,347.546501,51.2529773,2,19.357900619506836,0.17890499532222748,59038.38297449984
3255,2459038.8825,347.5464814,51.2530883,2,18.637399673461914,0.08699200302362442,59038.38249999983
3256,2459038.882037,347.5464937,51.2530605,2,18.649099349975586,0.13238899409770966,59038.3820369998
3258,2459037.9850694,347.5464714,51.253061,2,19.28019905090332,0.12881900370121002,59037.485069400165
3259,2459037.9508681,347.5465557,51.2529761,2,19.236600875854492,0.1746699959039688,59037.45086809993
3262,2459037.8476273,347.5463878,51.2531173,1,19.805099487304688,0.23713000118732452,59037.34762729984
3263,2459037.8471644,347.5464917,51.2530906,1,19.04129981994629,0.10787999629974365,59037.34716439992
3265,2459036.9742245,347.5464012,51.2530935,1,19.398099899291992,0.20282399654388428,59036.47422449989
3266,2459036.8867824,347.5465247,51.2530985,2,19.732900619506836,0.23692500591278076,59036.386782399844
3267,2459036.8863194,347.5464568,51.2530875,2,18.966400146484375,0.12976199388504028,59036.38631939981
3268,2459036.8674421,347.5463897,51.2531384,2,19.77429962158203,0.20983000099658966,59036.36744209984
3269,2459035.9566782,347.5463468,51.2529769,1,19.636899948120117,0.29354700446128845,59035.45667820005
3271,2459035.9557292,347.5464852,51.2530768,1,18.845600128173828,0.09177300333976746,59035.45572920004
3273,2459035.8605208,347.5466205,51.2530764,2,19.853200912475586,0.2193250060081482,59035.36052080011
3274,2459035.8600463,347.54645,51.2530594,2,18.758399963378906,0.1093209981918335,59035.360046300106
3275,2459034.9690394,347.5466493,51.25297,1,20.05929946899414,0.3486819863319397,59034.46903940011
3277,2459034.9676273,347.5465049,51.253081,1,19.703800201416016,0.20548400282859802,59034.46762729995
3278,2459034.886956,347.5464896,51.2530624,2,18.921600341796875,0.11467500030994415,59034.38695599977
3279,2459034.8864815,347.5465823,51.253076,2,19.690099716186523,0.25206300616264343,59034.38648150023
3280,2459034.8860069,347.5466304,51.2530323,2,19.712499618530273,0.1713400036096573,59034.38600690011
3281,2459031.9438657,347.5462646,51.2530507,2,20.157699584960938,0.19551800191402435,59031.44386570016
3282,2459031.9429167,347.546186,51.2530557,2,19.979700088500977,0.16144900023937225,59031.44291670015
3284,2459031.8451273,347.5463784,51.253144,1,19.488500595092773,0.23741500079631805,59031.345127299894
3285,2459031.8441898,347.5464716,51.2530791,1,19.642099380493164,0.20128299295902252,59031.34418979986
3286,2459028.9736343,347.5464745,51.253049,2,18.853700637817383,0.09499300271272659,59028.47363429982
3287,2459028.972662,347.5465784,51.2531196,2,19.642200469970703,0.14446499943733215,59028.472661999986
3288,2459028.9721991,347.5464991,51.2530224,2,19.73419952392578,0.13917699456214905,59028.47219910007
3289,2459028.9558102,347.5464876,51.2530746,1,19.550399780273438,0.19636499881744385,59028.45581019996
3290,2459028.8938426,347.5464594,51.2530927,1,18.833799362182617,0.09947100281715393,59028.39384259982
3291,2459028.8886574,347.5466334,51.2529831,1,19.608200073242188,0.1822260022163391,59028.38865739992
3292,2459025.8449537,347.5465134,51.2530637,1,19.75979995727539,0.21520699560642242,59025.34495369997
3293,2459025.842581,347.5464802,51.2531085,1,18.914600372314453,0.06831099838018417,59025.34258100018
3294,2459025.8421181,347.5465182,51.2531126,1,19.61829948425293,0.16882899403572083,59025.3421180998
3295,2459022.9713194,347.546484,51.2530723,2,18.927799224853516,0.08417700231075287,59022.471319399774
3296,2459022.9708449,347.5465825,51.253127,2,19.83049964904785,0.15297900140285492,59022.47084489977
3297,2459022.9698958,347.5465642,51.2530591,2,20.015899658203125,0.2125999927520752,59022.46989580011
3298,2459022.8915394,347.5464969,51.2530718,1,19.00659942626953,0.09187000244855881,59022.39153939998
3299,2459022.8595023,347.5464441,51.2530956,1,19.69070053100586,0.1676820069551468,59022.359502300154
3300,2459022.8590278,347.5468022,51.2529397,1,19.89459991455078,0.17149899899959564,59022.35902780015
3301,2459019.9802894,347.5464609,51.2531011,2,18.933700561523438,0.09385699778795242,59019.48028940009
3302,2459019.8468403,347.546494,51.2530949,1,18.869400024414062,0.06562100350856781,59019.34684030013
3303,2459019.8463657,347.5465293,51.2531118,1,19.547000885009766,0.18128900229930878,59019.34636570001
3304,2459019.8459028,347.5465684,51.2530013,1,19.747800827026367,0.14911800622940063,59019.345902800094
3306,2459016.9713426,347.546456,51.2531061,2,19.435300827026367,0.14329899847507477,59016.47134259995
3309,2459016.8922106,347.5464005,51.2531315,1,19.552000045776367,0.17546799778938293,59016.392210599966
3311,2459013.8629051,347.5465217,51.2530595,2,19.116100311279297,0.11924999952316284,59013.36290509999
3312,2459013.8624306,347.5466303,51.2531061,2,20.292600631713867,0.24192599952220917,59013.362430599984
3313,2459013.8619676,347.5465071,51.253112,2,20.099300384521484,0.205144003033638,59013.36196759995
3315,2459010.9727894,347.5463699,51.2530399,1,19.45170021057129,0.17476899921894073,59010.47278939979
3316,2459010.8535069,347.5464661,51.253089,2,19.331300735473633,0.1645669937133789,59010.353506899904
3317,2459002.9717824,347.5464964,51.2530833,2,17.791000366210938,0.06669300049543381,59002.47178239981
3318,2459002.9713194,347.5464586,51.2530805,2,17.83009910583496,0.06870999932289124,59002.471319399774
3319,2459002.9708449,347.5464577,51.2530379,2,18.185800552368164,0.07946500182151794,59002.47084489977
3320,2459002.9487963,347.5463993,51.2530898,1,17.78820037841797,0.10607899725437164,59002.44879630022
3321,2459002.9483218,347.5464359,51.2530562,1,18.120399475097656,0.0735040009021759,59002.44832180021
3324,2458999.950787,347.5464443,51.2530535,2,17.56730079650879,0.11093299835920334,58999.45078699989
3325,2458999.9503125,347.5465508,51.2530481,2,17.701099395751953,0.09725800156593323,58999.45031249989
3327,2458999.9123958,347.5465047,51.2530486,1,17.33300018310547,0.052974000573158264,58999.4123958
3328,2458999.9119329,347.5464674,51.2530764,1,17.431400299072266,0.046507999300956726,58999.41193290008
3329,2458996.9786111,347.5464726,51.2530683,2,17.857500076293945,0.05999600142240524,58996.4786111
3330,2458996.9781481,347.5464861,51.2530839,2,17.79599952697754,0.06127500161528587,58996.478148099966
3331,2458996.9717477,347.5465174,51.2530679,2,18.07539939880371,0.07061299681663513,58996.471747700125
3332,2458996.9562963,347.5464002,51.2530702,1,17.82390022277832,0.060047999024391174,58996.45629630005
3333,2458996.9558218,347.5464661,51.2530758,1,18.090499877929688,0.05390400066971779,58996.455821800046
3334,2458996.9553472,347.5465115,51.2530765,1,17.82040023803711,0.06938000023365021,58996.455347199924
3335,2458993.9833102,347.5465132,51.2530444,2,18.78499984741211,0.10128799825906754,58993.48331019981
3336,2458987.9830556,347.5465024,51.2530784,2,18.830900192260742,0.09335300326347351,58987.483055599965
3337,2458987.9825926,347.5465609,51.2530624,2,19.81559944152832,0.21663899719715118,58987.48259259993
3338,2458987.9754745,347.5464383,51.2530929,2,19.731300354003906,0.16118399798870087,58987.4754745001
3339,2458987.9497685,347.5464733,51.2530953,1,19.497900009155273,0.12154900282621384,58987.44976849994
3340,2458987.949294,347.5466397,51.2530483,1,19.77519989013672,0.17358000576496124,58987.44929399993
3341,2458987.9478819,347.546475,51.2531033,1,18.85569953918457,0.08036100119352341,58987.447881899774
3342,2458981.9671296,347.5464237,51.2530543,1,18.847999572753906,0.11268600076436996,58981.46712959977
3343,2458981.9568056,347.5466143,51.2530487,2,19.695600509643555,0.19025099277496338,58981.45680559985
3344,2458980.9745255,347.5464594,51.2530064,2,19.764699935913086,0.23337100446224213,58980.47452550009
3345,2458979.9885301,347.5464521,51.253102,2,18.874399185180664,0.13439999520778656,58979.48853009986
3346,2458979.9617014,347.5465161,51.2529871,2,19.745100021362305,0.23710200190544128,58979.46170140011
3347,2458979.9431481,347.5465129,51.2530961,1,18.875900268554688,0.12341299653053284,58979.44314809982
3353,2458968.9719676,347.5464939,51.2530864,1,18.805999755859375,0.10063900053501129,58968.47196759982
3354,2458895.6351389,347.5465898,51.253094,1,19.60919952392578,0.2160709947347641,58895.13513890002
3355,2458895.6228125,347.5464884,51.2531135,2,18.847900390625,0.13396799564361572,58895.12281250022
3356,2458892.6359954,347.546469,51.253082,2,19.17569923400879,0.15174500644207,58892.13599540014
3357,2458885.6371644,347.546625,51.2529004,2,18.73940086364746,0.30797600746154785,58885.13716439996
3358,2458885.6129514,347.5464863,51.2531164,1,18.906700134277344,0.13987599313259125,58885.112951400224
3359,2458885.6125,347.5465385,51.2531304,1,19.3302001953125,0.32534700632095337,58885.112499999814
3360,2458881.6351505,347.5463035,51.2530429,1,19.92460060119629,0.34315699338912964,58881.13515050011
3361,2458878.633206,347.5467019,51.2528002,2,19.19580078125,0.39569899439811707,58878.133206000086
3362,2458878.6227778,347.5467266,51.2530901,1,18.864900588989258,0.2567949891090393,58878.122777800076
3363,2458875.651794,347.5464405,51.253008,1,19.51219940185547,0.18138299882411957,58875.15179400006
3364,2458875.6394329,347.546455,51.253079,1,18.854000091552734,0.07762199640274048,58875.13943290012
3365,2458875.6389815,347.5465297,51.2529808,1,19.787700653076172,0.1982160061597824,58875.138981500175
3366,2458875.6127083,347.5466036,51.2530571,2,19.780399322509766,0.21943700313568115,58875.11270829989
3367,2458875.6122569,347.5464467,51.2531048,2,19.73579978942871,0.2098039984703064,58875.11225689994
3368,2458875.5957407,347.5464937,51.2530739,2,18.935300827026367,0.1397700011730194,58875.09574070014
3369,2458872.6613889,347.5464544,51.253122,1,19.601200103759766,0.2380560040473938,58872.16138890013
3370,2458872.6599884,347.5464845,51.2530845,1,18.8882999420166,0.10493099689483643,58872.15998840006
3371,2458872.659537,347.5466896,51.2530086,1,19.85540008544922,0.2547929883003235,58872.159537000116
3372,2458872.6225463,347.5466117,51.2531477,2,19.905399322509766,0.19317199289798737,58872.122546299826
3373,2458872.6216435,347.546421,51.2530929,2,18.881200790405273,0.10807199776172638,58872.12164349994
3374,2458872.6212037,347.5465396,51.2531386,2,19.638200759887695,0.17087100446224213,58872.12120370008
3377,2458862.62125,347.5464078,51.2530664,1,18.699899673461914,0.11165600270032883,58862.12124999985
3378,2458862.6198843,347.5465799,51.2530774,1,18.763200759887695,0.10164199769496918,58862.119884300046
3379,2458862.6194329,347.5465298,51.2530331,1,19.386699676513672,0.1231440007686615,58862.1194329001
3382,2458859.6584954,347.5465307,51.2530896,2,18.824600219726562,0.15072399377822876,58859.1584954001
3383,2458859.6024884,347.5466336,51.2530945,1,19.575899124145508,0.2694750130176544,58859.10248839995
3384,2458859.602037,347.5464768,51.2531114,1,18.990800857543945,0.11979400366544724,58859.102037000004
3385,2458856.6410301,347.5463663,51.2530328,2,19.729000091552734,0.24713900685310364,58856.141030100174
3393,2458854.6375926,347.5464977,51.2529651,2,19.226200103759766,0.25058600306510925,58854.13759260019
3396,2458853.63125,347.5464458,51.2530761,2,18.85420036315918,0.19085900485515594,58853.13125000009
3397,2458853.5962153,347.5465076,51.2531134,1,18.814800262451172,0.11996900290250778,58853.096215299796
3398,2458853.5957755,347.5463344,51.2530756,1,19.418899536132812,0.2169339954853058,58853.09577549994
3404,2458850.6563773,347.5464524,51.2531522,1,19.23390007019043,0.13766400516033173,58850.156377300154
3407,2458850.6040394,347.5465144,51.2529771,2,19.284400939941406,0.32081401348114014,58850.104039399885
3409,2458849.6235417,347.5466016,51.2530743,1,19.077899932861328,0.11466000229120255,58849.12354170019
3410,2458849.6230671,347.5464095,51.2530995,1,19.013700485229492,0.10961399972438812,58849.12306710007
3411,2458849.6192824,347.5465201,51.2529994,1,19.87470054626465,0.1766979992389679,58849.11928239977
3412,2458849.5831481,347.5464013,51.2530861,2,19.16550064086914,0.1365949958562851,58849.08314809995
3414,2458846.6232407,347.5466198,51.2531037,2,19.795700073242188,0.17390699684619904,58846.12324069999
3415,2458846.6227662,347.5465038,51.2530549,2,18.908300399780273,0.09282299876213074,58846.12276619999
3416,2458846.6223148,347.5465129,51.2530439,2,19.71470069885254,0.15167100727558136,58846.12231480004
3417,2458846.6044097,347.5464636,51.2530897,1,19.49370002746582,0.16756699979305267,58846.104409699794
3420,2458838.6179398,347.546421,51.2530654,1,19.159000396728516,0.1353210061788559,58838.117939800024
3421,2458838.6007176,347.5464649,51.2530649,2,19.148799896240234,0.13884299993515015,58838.10071759997
3422,2458837.5768981,347.546541,51.2531093,2,19.1072998046875,0.15580099821090698,58837.076898099855
3423,2458837.5764468,347.5464536,51.2530631,2,18.559900283813477,0.0778380036354065,58837.07644680003
3424,2458837.5755093,347.5464707,51.2530479,2,18.587099075317383,0.09286300092935562,58837.07550929999
3425,2458836.6098032,347.5464853,51.2530737,1,18.62969970703125,0.07186000049114227,58836.10980319977
3426,2458836.6093519,347.5465679,51.253047,1,18.319299697875977,0.07851900160312653,58836.10935189994
3427,2458835.618912,347.5464815,51.2531198,1,18.28219985961914,0.30068498849868774,58835.11891200021
3429,2458833.6299537,347.5465774,51.2530441,1,17.971200942993164,0.06914100050926208,58833.12995370012
3430,2458833.614294,347.5464858,51.2530618,1,18.21660041809082,0.05602699890732765,58833.11429399997
3431,2458833.5913889,347.5464881,51.2530856,2,17.986600875854492,0.04964800179004669,58833.09138889983
3432,2458831.6140741,347.5464574,51.2530601,1,17.89940071105957,0.0752590000629425,58831.11407409981
3433,2458831.5921644,347.5464614,51.2530595,2,17.957300186157227,0.06058799847960472,58831.092164400034
3434,2458829.6044213,347.5465439,51.2530795,1,17.903499603271484,0.09523700177669525,58829.10442129988
3435,2458829.6039699,347.5465499,51.2530608,1,17.58930015563965,0.09142100065946579,58829.10396989994
3436,2458828.7856366,347.546515,51.2530999,2,17.56100082397461,0.057534001767635345,58828.28563660011
3437,2458828.7846991,347.5465342,51.2530842,2,17.783100128173828,0.07860799878835678,58828.28469910007
3439,2458820.7061921,347.5465018,51.2530174,1,19.054000854492188,0.2521989941596985,58820.206192099955
3440,2458820.6562731,347.5464497,51.2530952,1,18.502500534057617,0.14489099383354187,58820.15627310006
3441,2458820.6557986,347.5464111,51.253061,1,18.66939926147461,0.20751500129699707,58820.155798600055
3442,2458819.6964236,347.5464979,51.2531028,1,18.9143009185791,0.09709600359201431,58819.19642359996
3446,2458819.663588,347.5464852,51.2530868,2,19.028600692749023,0.19335000216960907,58819.163587999996
3447,2458819.6631366,347.5465276,51.2530442,2,19.913400650024414,0.2692199945449829,58819.16313660005
3448,2458819.6114352,347.5464775,51.2530355,2,18.92329978942871,0.1950179934501648,58819.11143520009
3449,2458819.6109838,347.5465129,51.2530579,2,19.888700485229492,0.33772900700569153,58819.11098380014
3451,2458814.6859491,347.5465511,51.2530694,2,19.0664005279541,0.19030000269412994,58814.18594910018
3452,2458814.6647917,347.546398,51.2530946,2,18.608299255371094,0.23468899726867676,58814.164791699965
3453,2458814.6643171,347.5465011,51.2530101,2,18.84510040283203,0.17055299878120422,58814.16431709984
3454,2458814.6638657,347.5462094,51.2531534,2,18.122699737548828,0.15283699333667755,58814.1638656999
3455,2458814.6218634,347.5464203,51.2531327,1,18.429500579833984,0.2261980026960373,58814.1218634001
3456,2458814.621412,347.5463959,51.2531024,1,18.723400115966797,0.15324899554252625,58814.12141200015
3457,2458814.6186111,347.5465922,51.2530567,1,18.318599700927734,0.12004599720239639,58814.11861110013
3458,2458812.7455903,347.5465195,51.2530614,2,19.161399841308594,0.11860399693250656,58812.24559029983
3459,2458811.6819792,347.5464764,51.2530815,1,18.82110023498535,0.08244100213050842,58811.18197919987
3460,2458811.6815278,347.5466204,51.253049,1,19.645099639892578,0.23054100573062897,58811.18152779993
3461,2458811.6810532,347.5466446,51.2530003,1,19.587400436401367,0.21007999777793884,58811.181053199805
3462,2458811.6361227,347.5465812,51.2531873,2,19.87470054626465,0.2677929997444153,58811.13612269983
3463,2458811.6356597,347.5465545,51.2530739,2,19.862499237060547,0.21594199538230896,58811.135659699794
3464,2458806.7329167,347.5466267,51.2531033,2,19.810100555419922,0.21761499345302582,58806.23291670019
3465,2458806.7189005,347.5465393,51.25309,2,19.651500701904297,0.18436099588871002,58806.218900499865
3466,2458806.7184491,347.5465213,51.2530848,2,18.92889976501465,0.12343700230121613,58806.21844909992
3467,2458806.6864583,347.5464954,51.2530974,1,18.877899169921875,0.08934299647808075,58806.18645829987
3468,2458806.6859954,347.5464771,51.2530956,1,19.735000610351562,0.19663900136947632,58806.18599539995
3469,2458806.6855208,347.5466278,51.2530309,1,19.973499298095703,0.21663899719715118,58806.18552079983
3471,2458803.7417245,347.5464506,51.2531077,2,18.987199783325195,0.14957499504089355,58803.24172449997
3472,2458803.7395718,347.5464943,51.2530825,2,19.0625,0.17550499737262726,58803.23957179999
3473,2458803.6829398,347.5466337,51.2530605,1,19.76180076599121,0.2947610020637512,58803.18293979997
3474,2458803.6824884,347.5465006,51.2531081,1,19.103599548339844,0.22371700406074524,58803.18248840002
3475,2458803.6815509,347.5464073,51.253068,1,18.87019920349121,0.14789600670337677,58803.181550899986
3476,2458802.7149306,347.5465275,51.2530819,1,18.08139991760254,0.09359899908304214,58802.21493060002
3480,2458800.6796181,347.54667,51.2531014,1,19.611299514770508,0.32056400179862976,58800.17961810017
3482,2458799.7247917,347.5465074,51.2530807,2,18.957300186157227,0.2188359946012497,58799.22479170002
3484,2458798.7552662,347.5464435,51.2531479,2,19.221500396728516,0.18119600415229797,58798.25526619982
3485,2458798.7501736,347.5465364,51.2530909,2,18.86709976196289,0.13768699765205383,58798.250173599925
3486,2458798.7497222,347.5465386,51.2530715,2,19.64889907836914,0.2403700053691864,58798.24972219998
3487,2458798.6551736,347.546594,51.2531284,1,18.869699478149414,0.12943099439144135,58798.155173600186
3490,2458797.6664699,347.5466075,51.2531034,1,19.708599090576172,0.326555997133255,58797.16646989994
3491,2458796.7024537,347.5467905,51.2531406,1,19.785400390625,0.2830359935760498,58796.202453699894
3492,2458796.7010995,347.5464595,51.2531157,1,18.917299270629883,0.12505799531936646,58796.20109950006
3493,2458796.6997338,347.5465119,51.2530789,1,19.638700485229492,0.2470020055770874,58796.19973379979
3494,2458796.6937731,347.5464502,51.2531007,1,18.777299880981445,0.10565999895334244,58796.19377310015
3495,2458796.6771644,347.546558,51.2531095,1,19.394899368286133,0.2179120033979416,58796.1771644
3497,2458796.6128009,347.5465182,51.2530605,2,19.782400131225586,0.19570399820804596,58796.11280089989
3498,2458796.6123495,347.5467535,51.2530695,2,19.891000747680664,0.25287801027297974,58796.11234949995
3499,2458796.611875,347.5464696,51.2530708,2,18.939699172973633,0.12418700009584427,58796.111874999944
3500,2458795.6833102,347.5465152,51.2531098,1,19.417999267578125,0.21590200066566467,58795.183310199995
3501,2458795.6796759,347.5464481,51.2530835,1,18.991899490356445,0.11811000108718872,58795.17967589991
3502,2458795.6759954,347.5468139,51.2529749,1,19.73539924621582,0.24895000457763672,58795.175995400175
3503,2458794.6658218,347.5465174,51.2531214,1,18.90880012512207,0.09380500018596649,58794.16582180001
3504,2458794.6644676,347.5465962,51.2530855,1,19.79829978942871,0.23987500369548798,58794.164467600174
3505,2458793.7010301,347.5464568,51.2530735,1,19.922000885009766,0.22835899889469147,58793.20103010023
3506,2458793.6776736,347.5463685,51.2530621,1,19.700000762939453,0.18402199447155,58793.17767360015
3507,2458793.6660532,347.5464387,51.2530877,1,18.947999954223633,0.0870710015296936,58793.16605320014
3508,2458793.6483333,347.5464849,51.2530965,1,18.933300018310547,0.12755900621414185,58793.148333299905
3509,2458793.6478819,347.5465854,51.2529735,1,19.93869972229004,0.3662570118904114,58793.14788189996
3510,2458793.6096528,347.5464939,51.2531249,2,19.752300262451172,0.22388799488544464,58793.10965280002
3511,2458793.6092014,347.5464546,51.2532256,2,20.006099700927734,0.3137339949607849,58793.109201400075
3512,2458793.6087269,347.5464719,51.2530578,2,19.012300491333008,0.14027099311351776,58793.10872690007
3515,2458791.6806481,347.5465553,51.2530803,1,18.41160011291504,0.09059000015258789,58791.1806481001
3516,2458791.6665972,347.5464685,51.2530239,1,19.00309944152832,0.1098020002245903,58791.16659720009
3517,2458791.6652431,347.5464092,51.2530696,1,18.32830047607422,0.08835099637508392,58791.16524309991
3519,2458790.7609954,347.546516,51.2531543,1,19.546899795532227,0.12383099645376205,58790.26099540014
3523,2458790.672662,347.5464842,51.2530557,2,19.399099349975586,0.1575160026550293,58790.17266200017
3524,2458790.6405903,347.5465209,51.253053,2,19.322200775146484,0.1759449988603592,58790.14059029985
3527,2458789.7626389,347.5467505,51.2530695,2,19.788000106811523,0.18172800540924072,58789.26263889996
3528,2458789.7621875,347.5465096,51.2530389,2,18.954700469970703,0.12800699472427368,58789.26218750002
3529,2458789.6772338,347.5465086,51.2530997,1,18.853300094604492,0.0979669988155365,58789.177233799826
3530,2458789.6767824,347.5464597,51.253046,1,19.708099365234375,0.19183899462223053,58789.17678239988
3531,2458789.6519097,347.5464597,51.2530513,2,18.81060028076172,0.11784099787473679,58789.15190970013
3532,2458789.6504398,347.5466172,51.2530587,2,19.76259994506836,0.2153570055961609,58789.15043980023
3533,2458789.6499884,347.5465485,51.2531179,2,19.541400909423828,0.19174699485301971,58789.14998839982
3534,2458788.678287,347.5466729,51.2530089,1,19.57550048828125,0.20779399573802948,58788.17828699993
3535,2458788.6768171,347.5464736,51.2530698,1,18.840200424194336,0.09992100298404694,58788.17681710003
3536,2458788.6763657,347.5466332,51.2530553,1,19.7012996673584,0.21667900681495667,58788.176365700085
3537,2458788.6515394,347.5464975,51.2529895,2,18.88050079345703,0.13703499734401703,58788.15153940022
3538,2458788.6500579,347.546399,51.2530239,2,19.923099517822266,0.2884100079536438,58788.15005790023
3539,2458788.6496181,347.5463112,51.2530906,2,19.84910011291504,0.2168010026216507,58788.14961809991
3540,2458787.6773611,347.5464024,51.2530556,1,19.674699783325195,0.24975800514221191,58787.17736109998
3541,2458787.6758912,347.5465064,51.2530877,1,18.82979965209961,0.07764899730682373,58787.17589120008
3542,2458787.6754398,347.5466987,51.2529006,1,19.87070083618164,0.25446900725364685,58787.175439800136
3543,2458787.6506366,347.5464794,51.2530756,2,18.920000076293945,0.11148100346326828,58787.150636599865
3544,2458787.6491667,347.5465183,51.253036,2,19.845199584960938,0.20152699947357178,58787.149166699965
3545,2458787.6487153,347.5465666,51.2530808,2,19.721799850463867,0.19447100162506104,58787.14871530002
3546,2458786.6873958,347.546504,51.2530929,1,19.465099334716797,0.20889100432395935,58786.187395799905
3547,2458786.6859259,347.5464912,51.2530972,1,18.831899642944336,0.06325200200080872,58786.185925900005
3548,2458786.658287,347.546503,51.2530709,2,18.825700759887695,0.106175996363163,58786.15828699991
3549,2458786.6568056,347.5465368,51.2530751,2,19.703899383544922,0.20398500561714172,58786.15680560004
3551,2458785.6785995,347.5464646,51.2531031,1,19.54210090637207,0.16888099908828735,58785.1785995001
3552,2458785.6771296,347.5464901,51.2530925,1,18.896699905395508,0.08332400023937225,58785.1771296002
3553,2458785.6766782,347.5465455,51.2530574,1,19.74850082397461,0.26931801438331604,58785.17667819979
3554,2458785.6513773,347.5464951,51.2530763,2,18.87179946899414,0.10692699998617172,58785.1513772998
3555,2458785.6499074,347.5465454,51.253062,2,19.790300369262695,0.23052799701690674,58785.1499073999
3556,2458785.649456,347.5465291,51.2531367,2,19.771799087524414,0.19853800535202026,58785.149455999956
3557,2458783.6788889,347.5465618,51.2531781,1,20.414400100708008,0.3008959889411926,58783.178888900205
3558,2458783.677419,347.5465097,51.2530813,1,19.180200576782227,0.10580600053071976,58783.17741899984
3559,2458783.6769676,347.5467859,51.2530371,1,20.358200073242188,0.31875699758529663,58783.176967599895
3560,2458783.6517245,347.5464711,51.2530686,2,19.117700576782227,0.10597199946641922,58783.151724500116
3563,2458782.6778356,347.5465298,51.2530717,1,19.143699645996094,0.1544640064239502,58782.177835599985
3564,2458782.6763657,347.546522,51.2530371,1,20.123899459838867,0.16709500551223755,58782.176365700085
3565,2458782.6759144,347.5463046,51.2530628,1,19.006900787353516,0.11099699884653091,58782.17591439979
3567,2458782.6490509,347.5464573,51.2531068,2,19.122299194335938,0.14499899744987488,58782.14905089978
3568,2458782.6485995,347.5464212,51.2530784,2,19.172800064086914,0.1555750072002411,58782.14859949984
3569,2458781.6790046,347.5465616,51.2530484,1,18.481800079345703,0.11182399839162827,58781.179004599806
3570,2458781.6775347,347.5464722,51.2530805,1,18.820100784301758,0.10613600164651871,58781.177534699906
3571,2458781.6770833,347.546404,51.2530201,1,18.41830062866211,0.13554500043392181,58781.17708329996
3572,2458781.6514236,347.5466019,51.2530391,2,18.729999542236328,0.14211200177669525,58781.15142360004
3573,2458781.6499537,347.5464767,51.2530655,2,18.453899383544922,0.07053600251674652,58781.14995370014
3574,2458781.6495023,347.5464276,51.2530519,2,18.528900146484375,0.13201400637626648,58781.14950230019
3575,2458779.6795139,347.5464592,51.2530832,1,19.63330078125,0.18890899419784546,58779.179513900075
3576,2458779.678044,347.5464889,51.2530954,1,18.912599563598633,0.07741700112819672,58779.178044000175
3577,2458779.6775926,347.5466045,51.2530439,1,19.76449966430664,0.1831039935350418,58779.17759260023
3578,2458779.6515162,347.546475,51.2530669,2,18.890399932861328,0.09019000083208084,58779.15151620004
3579,2458779.6500463,347.5465818,51.2530796,2,19.743900299072266,0.22037699818611145,58779.15004630014
3580,2458779.6495949,347.5465516,51.2531103,2,19.824399948120117,0.2182459980249405,58779.1495949002
3581,2458778.6796991,347.5465192,51.2530987,1,19.573699951171875,0.16591699421405792,58778.17969910009
3582,2458778.6782292,347.5464858,51.2530907,1,18.87649917602539,0.08197099715471268,58778.17822920019
3583,2458778.6777778,347.5466827,51.2530297,1,19.672000885009766,0.15827199816703796,58778.17777779978
3584,2458778.651713,347.5464979,51.2530666,2,18.922800064086914,0.10416900366544724,58778.151713000145
3585,2458778.6502431,347.5465241,51.253049,2,19.614599227905273,0.20469899475574493,58778.15024309978
3586,2458778.6497801,347.546586,51.2531441,2,19.536699295043945,0.15289199352264404,58778.14978010021
3587,2458777.6795023,347.5464853,51.2530517,1,19.53529930114746,0.17497000098228455,58777.17950229999
3588,2458777.6780324,347.5464853,51.2530912,1,18.824100494384766,0.07961100339889526,58777.17803240009
3589,2458777.677581,347.5465208,51.2529922,1,19.60770034790039,0.17963199317455292,58777.17758100014
3590,2458777.6515162,347.5464641,51.2530514,2,18.841899871826172,0.10872499644756317,58777.15151620004
3591,2458777.6500463,347.5465082,51.2530666,2,19.694400787353516,0.16374799609184265,58777.15004630014
3592,2458777.6495949,347.5462949,51.2530562,2,19.723100662231445,0.17769500613212585,58777.1495949002
3593,2458776.6790394,347.5464425,51.2531006,1,19.574499130249023,0.17278499901294708,58776.17903940007
3594,2458776.6775694,347.5464903,51.2530876,1,18.896900177001953,0.07388799637556076,58776.17756940005
3595,2458776.6771181,347.5466801,51.2530355,1,19.640600204467773,0.14128200709819794,58776.177118100226
3596,2458776.6510995,347.5465198,51.2530726,2,18.9143009185791,0.10711199790239334,58776.15109949978
3597,2458776.6496296,347.5465353,51.2530522,2,19.743200302124023,0.16902300715446472,58776.14962959988
3598,2458776.6491782,347.5465182,51.2531355,2,19.745100021362305,0.21980400383472443,58776.149178199936
3599,2458775.6798148,347.546452,51.2530725,1,19.668500900268555,0.21043899655342102,58775.179814800154
3600,2458775.6783333,347.5464952,51.253091,1,18.910600662231445,0.08066300302743912,58775.178333300166
3601,2458775.6778819,347.5466535,51.2530468,1,19.87470054626465,0.20630399882793427,58775.17788190022
3602,2458775.651875,347.5464989,51.2530656,2,18.944799423217773,0.10551699995994568,58775.15187499998
3603,2458775.6504051,347.5465447,51.2530541,2,19.845399856567383,0.2079939991235733,58775.15040510008
3604,2458775.6499537,347.5465609,51.2531324,2,19.82390022277832,0.24647000432014465,58775.14995370014
3605,2458774.6797106,347.5465365,51.2531376,1,19.84630012512207,0.2520129978656769,58774.17971060006
3606,2458774.6782407,347.5464802,51.2530755,1,18.928499221801758,0.08683399856090546,58774.17824070016
3607,2458774.6777894,347.5466795,51.2529337,1,19.750600814819336,0.1939769983291626,58774.177789399866
3608,2458774.6517593,347.546498,51.2530145,2,19.216299057006836,0.15045000612735748,58774.151759299915
3609,2458774.6506713,347.5464317,51.2530596,2,20.25790023803711,0.24250799417495728,58774.15067130001
3615,2458773.6503819,347.5464227,51.2531014,2,19.65999984741211,0.23405799269676208,58773.150381899904
3616,2458773.6499306,347.5463894,51.2530895,2,19.55970001220703,0.23734399676322937,58773.14993060008
3617,2458772.6811806,347.5465156,51.2531188,1,18.819499969482422,0.1375110000371933,58772.18118060008
3618,2458772.6797106,347.5464727,51.2530251,1,19.36479949951172,0.14231500029563904,58772.17971060006
3619,2458772.6792593,347.5464619,51.2530805,1,18.785999298095703,0.14335599541664124,58772.17925930023
3620,2458772.6532292,347.5465753,51.2530924,2,19.482900619506836,0.18307900428771973,58772.153229199816
3621,2458772.6517477,347.5464672,51.2531005,2,18.79669952392578,0.10643500089645386,58772.15174769983
3622,2458772.6512963,347.5465334,51.2530539,2,18.736099243164062,0.09077499806880951,58772.15129629988
3624,2458771.6793171,347.5465254,51.2531086,1,18.75950050354004,0.1116119995713234,58771.17931709997
3626,2458771.6529167,347.5465608,51.2530364,2,19.0531005859375,0.16883300244808197,58771.15291670011
3627,2458771.6514352,347.5465484,51.2530478,2,19.93790054321289,0.31407099962234497,58771.151435200125
3630,2458770.6790972,347.5464948,51.253062,1,18.819000244140625,0.12514899671077728,58770.17909719981
3632,2458770.6526968,347.5464069,51.2530394,2,18.754100799560547,0.1581909954547882,58770.15269679995
3635,2458769.6805208,347.5463928,51.2530918,1,19.578500747680664,0.34818801283836365,58769.18052079994
3636,2458769.6790509,347.5465532,51.2531174,1,18.97920036315918,0.11805400252342224,58769.17905090004
3639,2458769.6511458,347.5465839,51.2529875,2,19.81909942626953,0.3332059979438782,58769.15114580002
3641,2458768.6805903,347.5464689,51.2529687,1,19.673200607299805,0.32567399740219116,58768.18059029989
3642,2458768.6791204,347.5463509,51.2530962,1,18.83060073852539,0.11782699823379517,58768.17912039999
3644,2458768.6527199,347.5465352,51.2530636,2,18.900400161743164,0.14458200335502625,58768.15271990001
3645,2458768.6512384,347.5464942,51.2530696,2,19.771499633789062,0.3044869899749756,58768.15123840002
3648,2458767.6785301,347.5465364,51.2529516,1,18.996000289916992,0.2586899995803833,58767.1785300998
3650,2458767.6521412,347.5464694,51.2530707,2,19.103599548339844,0.2029920071363449,58767.15214119991
3653,2458766.6824884,347.5465677,51.2531202,1,19.609399795532227,0.27460500597953796,58766.18248840002
3655,2458766.6805671,347.5464394,51.2531058,1,19.605499267578125,0.2949329912662506,58766.18056710018
3657,2458766.6494329,347.5465242,51.2531448,2,19.613100051879883,0.18922799825668335,58766.149432899896
3658,2458766.6489931,347.5464717,51.2530186,2,19.45479965209961,0.19640199840068817,58766.14899310004
3659,2458765.6839236,347.5465335,51.2530683,1,18.736799240112305,0.09167800098657608,58765.183923599776
3661,2458765.6820023,347.5464617,51.2530922,1,18.696199417114258,0.10303200036287308,58765.18200229993
3663,2458765.6508102,347.5464865,51.25309,2,18.75749969482422,0.09884300082921982,58765.15081019979
3664,2458765.6503472,347.5465017,51.2530456,2,18.799800872802734,0.09505099803209305,58765.15034720022
3666,2458764.6817708,347.5465166,51.2530924,1,18.977800369262695,0.09008000046014786,58764.18177080015
3667,2458764.6813194,347.5466923,51.2530488,1,19.760099411010742,0.1946209967136383,58764.1813194002
3668,2458764.6516667,347.5464848,51.253075,2,18.92140007019043,0.13487300276756287,58764.15166669991
3669,2458764.6493634,347.5465642,51.2530332,2,19.912700653076172,0.2483389973640442,58764.14936339995
3670,2458764.648912,347.5465361,51.2530964,2,19.766700744628906,0.20983800292015076,58764.148912000004
3671,2458763.7009259,347.5465059,51.2531008,1,19.527099609375,0.1729069948196411,58763.200925900135
3672,2458763.6972917,347.546443,51.253087,1,18.839399337768555,0.09000600129365921,58763.19729170017
3673,2458763.6960995,347.546642,51.2530635,1,19.73069953918457,0.21680200099945068,58763.19609950017
3674,2458763.6724884,347.5464857,51.2530888,2,18.923099517822266,0.0877159982919693,58763.17248839978
3675,2458763.6691319,347.5465484,51.2530464,2,19.938800811767578,0.23775799572467804,58763.169131900184
3676,2458763.6680208,347.546542,51.2531422,2,19.754199981689453,0.17315499484539032,58763.16802080022
3677,2458762.699456,347.5465831,51.2530306,1,19.641300201416016,0.18532900512218475,58762.19945599977
3678,2458762.6958796,347.5464914,51.2530937,1,18.8927001953125,0.0885239988565445,58762.19587960001
3679,2458762.6946875,347.5465138,51.2530889,1,19.817100524902344,0.2387080043554306,58762.19468750013
3680,2458762.6711574,347.5464867,51.2530891,2,18.850400924682617,0.10253400355577469,58762.171157400124
3681,2458762.6678241,347.5465619,51.2530419,2,19.814199447631836,0.19396600127220154,58762.16782409977
3682,2458762.6667245,347.5465433,51.2531218,2,19.62779998779297,0.1865209937095642,58762.16672449978
3683,2458761.7002199,347.546548,51.2530692,1,19.70800018310547,0.1852409988641739,58761.20021989988
3684,2458761.6966667,347.5464572,51.253086,1,18.88640022277832,0.06871700286865234,58761.196666699834
3685,2458761.6954861,347.5465039,51.2530203,1,19.738800048828125,0.22668099403381348,58761.195486099925
3686,2458761.671412,347.5465484,51.2530509,2,18.947599411010742,0.1335729956626892,58761.17141199997
3687,2458761.6681019,347.5464328,51.2530429,2,19.905500411987305,0.18838199973106384,58761.16810189979
3688,2458761.6670023,347.5464688,51.2530889,2,19.78619956970215,0.20751599967479706,58761.1670022998
3690,2458760.6976157,347.546491,51.253124,1,19.345500946044922,0.08383499830961227,58760.19761569984
3692,2458760.6723843,347.5464972,51.2530724,2,19.446800231933594,0.15793399512767792,58760.1723842998
3695,2458759.712338,347.5464392,51.2530903,2,19.002899169921875,0.10107699781656265,58759.21233800007
3696,2458759.7111343,347.5464675,51.2530567,2,19.08060073852539,0.09349899739027023,58759.2111343001
3697,2458758.7121991,347.5466932,51.2530371,1,20.222000122070312,0.26317399740219116,58758.21219909983
3698,2458758.6799653,347.5464839,51.2530705,2,19.175199508666992,0.11816199868917465,58758.17996530002
3701,2458754.6996528,347.5464579,51.2531078,1,19.920400619506836,0.19658499956130981,58754.19965279987
3702,2458754.6962847,347.5464889,51.2530892,1,19.0093994140625,0.0810760036110878,58754.196284700185
3703,2458754.695162,347.5465672,51.2530921,1,20.27910041809082,0.2746500074863434,58754.195162000135
3704,2458754.6707523,347.5464029,51.2530628,2,19.171300888061523,0.1192450001835823,58754.17075229995
3706,2458754.6664815,347.5465831,51.2531048,2,20.114200592041016,0.208405002951622,58754.166481500026
3707,2458751.6998495,347.5464519,51.2530878,1,19.707500457763672,0.19832099974155426,58751.199849499855
3708,2458751.6965278,347.5465063,51.2531043,1,18.943500518798828,0.08002600073814392,58751.19652780006
3709,2458751.6954282,347.5465822,51.2530388,1,19.96150016784668,0.17632000148296356,58751.195428200066
3710,2458751.6710764,347.5464921,51.2530741,2,18.91010093688965,0.11228600144386292,58751.171076400205
3711,2458751.6678935,347.5465963,51.2530299,2,19.75860023498535,0.19083799421787262,58751.16789350007
3713,2458750.7022106,347.5463119,51.2531099,1,19.715299606323242,0.24634400010108948,58750.20221060002
3714,2458750.6989005,347.5464772,51.2530968,1,18.959400177001953,0.10716599971055984,58750.19890049985
3715,2458750.6977894,347.5465413,51.2531016,1,19.905099868774414,0.20898699760437012,58750.197789399885
3716,2458750.6734375,347.5464787,51.2530843,2,18.964399337768555,0.15802399814128876,58750.17343749991
3717,2458750.6702546,347.5465519,51.2530776,2,19.792499542236328,0.2078939974308014,58750.17025459977
3718,2458750.6692014,347.5468023,51.2530002,2,20.028900146484375,0.26910600066185,58750.16920140013
3720,2458749.6985764,347.5464791,51.2531097,1,18.996000289916992,0.08155400305986404,58749.19857640006
3721,2458749.6974769,347.546696,51.2530539,1,20.365299224853516,0.27396899461746216,58749.19747690018
3722,2458749.673125,347.5464865,51.2530583,2,19.283199310302734,0.13877399265766144,58749.173125000205
3723,2458749.6699653,347.5466557,51.252992,2,20.572399139404297,0.27138999104499817,58749.16996529978
3724,2458749.668912,347.5465333,51.2532075,2,20.52239990234375,0.3517470061779022,58749.16891200002
3725,2458748.7000347,347.5465282,51.2531228,1,19.84269905090332,0.24330100417137146,58748.20003469987
3727,2458748.6956713,347.5463504,51.2531364,1,19.61840057373047,0.21698300540447235,58748.19567129994
3729,2458748.6684491,347.5463582,51.2530821,2,19.597200393676758,0.17551299929618835,58748.16844910011
3730,2458748.6674074,347.5463965,51.2530783,2,19.45989990234375,0.15135200321674347,58748.167407399975
3731,2458747.7011458,347.5465278,51.2530574,1,18.723100662231445,0.08766400068998337,58747.20114579983
3732,2458747.6978819,347.546483,51.2530767,1,19.175500869750977,0.1103219985961914,58747.197881899774
3733,2458747.696794,347.5464606,51.253083,1,18.52739906311035,0.0806879997253418,58747.19679399999
3734,2458747.6724769,347.5465704,51.2530286,2,19.352399826049805,0.14815999567508698,58747.17247689981
3735,2458747.6693287,347.5464749,51.2530902,2,18.658000946044922,0.09330400079488754,58747.16932869982
3736,2458747.668287,347.5464395,51.2530635,2,18.725099563598633,0.10209599882364273,58747.16828700015
3737,2458746.6971296,347.5465615,51.2530443,2,19.106300354003906,0.12706799805164337,58746.197129600216
3738,2458746.6938889,347.5464906,51.2530904,2,18.502300262451172,0.08053000271320343,58746.19388889987
3739,2458746.6928125,347.5464695,51.2530736,2,18.519800186157227,0.10546299815177917,58746.192812500056
3740,2458745.7011921,347.5465127,51.2530724,1,18.205299377441406,0.07184699922800064,58745.20119210007
3741,2458745.6979514,347.5464632,51.2530787,1,18.550899505615234,0.07639600336551666,58745.19795140019
3742,2458745.696875,347.5464591,51.2530719,1,18.141799926757812,0.06406699866056442,58745.19687499991
3743,2458745.6725579,347.546535,51.2530966,2,18.685400009155273,0.10744599997997284,58745.172557900194
3744,2458745.6694329,347.5464831,51.2530992,2,18.28510093688965,0.07231800258159637,58745.169432899915
3745,2458745.6683912,347.5464601,51.2530726,2,18.281099319458008,0.06982199847698212,58745.16839119978
3746,2458744.7010417,347.5465343,51.2530737,1,18.056800842285156,0.0792429968714714,58744.20104169985
3747,2458744.6978125,347.5464794,51.2530524,1,18.38290023803711,0.08676700294017792,58744.197812499944
3748,2458744.6967361,347.5464818,51.2530641,1,18.052600860595703,0.06297499686479568,58744.19673610013
3749,2458744.6724421,347.5464927,51.2530815,2,18.466899871826172,0.08366400003433228,58744.17244210001
3750,2458744.6693287,347.546487,51.2530794,2,18.212200164794922,0.09208499640226364,58744.16932869982
3751,2458744.6682986,347.5464542,51.2530656,2,18.22920036315918,0.06484399735927582,58744.168298599776
3752,2458743.7020139,347.5465183,51.2530842,1,18.07069969177246,0.08044900000095367,58743.20201390004
3753,2458743.6987963,347.5464872,51.2530964,1,18.279600143432617,0.07640399783849716,58743.19879630022
3754,2458743.6977315,347.5464447,51.2530544,1,17.950000762939453,0.07481200248003006,58743.197731500026
3755,2458743.6734259,347.5465275,51.2531073,2,18.31089973449707,0.09074900299310684,58743.17342589982
3756,2458743.6703125,347.5464772,51.253069,2,18.00429916381836,0.0742340013384819,58743.17031250009
3757,2458743.668669,347.5464502,51.2530527,2,18.09320068359375,0.06809599697589874,58743.1686689998
3758,2458742.7016667,347.5465578,51.253047,1,18.069400787353516,0.12357600033283234,58742.20166670019
3759,2458742.6984722,347.5464849,51.2530714,1,18.282400131225586,0.10532599687576294,58742.19847219996
3760,2458742.6974074,347.5464496,51.2531254,1,18.066299438476562,0.15973599255084991,58742.19740739977
3761,2458741.7013889,347.5464864,51.2530826,1,17.800199508666992,0.08146599680185318,58741.20138890017
3762,2458741.6981944,347.5464984,51.2530838,1,18.064899444580078,0.06423600018024445,58741.19819439994
3763,2458741.6971412,347.54645,51.2530762,1,17.886499404907227,0.09532400220632553,58741.19714119984
3764,2458741.6723495,347.546488,51.253119,2,18.357099533081055,0.10094799846410751,58741.172349500004
3765,2458741.6692477,347.5464551,51.2530924,2,18.062999725341797,0.09788700193166733,58741.1692476999
3766,2458741.6682292,347.546507,51.2530577,2,18.002399444580078,0.08381500095129013,58741.168229199946
3767,2458740.7045139,347.5465123,51.2530574,1,17.91790008544922,0.09142400324344635,58740.20451389998
3768,2458740.701331,347.5464876,51.2530763,1,18.08970069885254,0.0678739994764328,58740.201330999844
3769,2458740.7002662,347.546434,51.2530778,1,17.871200561523438,0.09709800034761429,58740.20026620012
3770,2458740.6721875,347.5465351,51.2530743,2,18.1294002532959,0.0908219963312149,58740.17218750017
3771,2458740.6690972,347.5464956,51.2530997,2,18.01219940185547,0.09709399938583374,58740.169097200036
3772,2458740.6680671,347.5464997,51.253087,2,17.93790054321289,0.08649799972772598,58740.16806709999
3773,2458739.7047338,347.546497,51.2530582,1,17.774099349975586,0.07791800051927567,58739.20473380014
3774,2458739.7015509,347.5464725,51.2530443,1,17.996400833129883,0.0745910033583641,58739.201550900005
3775,2458739.7004977,347.546478,51.2530703,1,17.776399612426758,0.07688400149345398,58739.2004976999
3776,2458739.6717593,347.5464836,51.2530723,2,17.97640037536621,0.10510899871587753,58739.171759299934
3777,2458739.668669,347.5464901,51.2530986,2,17.736799240112305,0.08674000203609467,58739.1686689998
3778,2458739.667662,347.5465112,51.2530587,2,17.875900268554688,0.07204700261354446,58739.16766199982
3779,2458738.7056713,347.5465028,51.253068,1,17.584800720214844,0.06514699757099152,58738.20567130018
3780,2458738.7025,347.5464841,51.253058,1,17.704099655151367,0.06381700187921524,58738.20250000013
3781,2458738.7014468,347.5464862,51.2530654,1,17.50320053100586,0.08494000136852264,58738.20144680003
3782,2458738.6728472,347.5465281,51.2530825,2,17.913799285888672,0.06910700350999832,58738.172847200185
3783,2458738.6697569,347.5464919,51.2530742,2,17.703500747680664,0.06555899977684021,58738.16975690005
3784,2458738.66875,347.5465034,51.2530675,2,17.685699462890625,0.058111999183893204,58738.168750000186
3785,2458736.9686111,347.5465212,51.2530712,1,17.430400848388672,0.04229699820280075,58736.46861110022
3786,2458736.9530671,347.546541,51.2530543,1,17.209400177001953,0.05864100158214569,58736.45306710014
3787,2458736.9488773,347.546496,51.2530567,1,17.324600219726562,0.05494000017642975,58736.448877300136
3788,2458736.9244444,347.5464898,51.2530858,2,17.54400062561035,0.04836700111627579,58736.424444399774
3789,2458736.9239931,347.5464879,51.2530807,2,17.497600555419922,0.05384499952197075,58736.42399309995
3790,2458736.9128125,347.5465337,51.2530768,2,17.69070053100586,0.06366600096225739,58736.412812499795
3791,2458733.9152315,347.5465217,51.2530734,2,19.103099822998047,0.11486300081014633,58733.41523149982
3792,2458733.8874537,347.5464986,51.2530791,2,18.4143009185791,0.07207600027322769,58733.38745369995
3793,2458733.8846759,347.5464577,51.2530806,2,18.42729949951172,0.08369900286197662,58733.384675899986
3794,2458730.9071991,347.5464807,51.2530772,2,18.8617000579834,0.0858049988746643,58730.407199100126
3795,2458730.895463,347.5465848,51.2530609,2,19.767200469970703,0.2011750042438507,58730.39546300005
3796,2458730.8950116,347.5465343,51.2530739,2,19.646900177001953,0.17666999995708466,58730.39501160011
3797,2458730.8171644,347.5464663,51.2530811,1,19.628599166870117,0.17143699526786804,58730.31716440013
3798,2458730.8153241,347.5464877,51.2530902,1,18.836700439453125,0.07327800244092941,58730.3153241002
3799,2458730.8075463,347.5466595,51.2530065,1,19.760700225830078,0.16454599797725677,58730.30754629988
3800,2458726.9029398,347.5465014,51.2531127,1,18.859800338745117,0.06602700054645538,58726.40293980017
3801,2458726.9024884,347.5465479,51.2531246,1,19.66710090637207,0.1516830027103424,58726.40248840023
3802,2458726.9020139,347.546599,51.2530467,1,19.770099639892578,0.1631699949502945,58726.402013900224
3803,2458726.8161111,347.54664,51.2530584,2,19.786300659179688,0.16148699820041656,58726.316111099906
3804,2458726.8069676,347.5465014,51.253105,2,19.783899307250977,0.14820699393749237,58726.30696759978
3805,2458726.8064931,347.5464897,51.2531038,2,18.848800659179688,0.11671999841928482,58726.30649309978
3806,2458723.9118634,347.5465936,51.2530397,1,19.78179931640625,0.15584400296211243,58723.411863400135
3807,2458723.906794,347.546478,51.2530991,1,18.916900634765625,0.07012200355529785,58723.40679399995
3808,2458723.9063426,347.5464569,51.2530987,1,19.4606990814209,0.16883699595928192,58723.40634260001
3809,2458723.8832639,347.5465597,51.2530272,2,19.785499572753906,0.17479200661182404,58723.383263899945
3810,2458723.8812963,347.5465265,51.2530776,2,19.709699630737305,0.1832910031080246,58723.38129629986
3813,2458720.9045139,347.5463557,51.2531146,1,19.715900421142578,0.22408699989318848,58720.40451390017
3814,2458717.8917014,347.5464949,51.2530984,1,18.890399932861328,0.08241300284862518,58717.391701399814
3815,2458717.8865046,347.5465768,51.2530159,1,19.797300338745117,0.19601300358772278,58717.386504599825
3816,2458717.821794,347.5465301,51.2531717,2,20.06839942932129,0.2642880082130432,58717.32179399999
3817,2458717.8213426,347.5465046,51.2530601,2,19.941999435424805,0.2318519949913025,58717.321342600044
3818,2458715.8711458,347.5464902,51.2530755,2,18.85460090637207,0.11705300211906433,58715.37114580022
3819,2458714.9695139,347.5465189,51.2531337,1,18.96739959716797,0.0842989981174469,58714.46951390011
3820,2458714.8676389,347.5465005,51.2531463,2,19.747299194335938,0.18127499520778656,58714.367638899945
3821,2458714.8671875,347.5465611,51.2530071,2,19.90130043029785,0.19363799691200256,58714.3671875
3822,2458714.7395602,347.5466763,51.2530294,1,19.96139907836914,0.2937749922275543,58714.2395601999
3823,2458712.9683796,347.5466334,51.253038,1,18.61319923400879,0.10634200274944305,58712.46837959997
3824,2458712.8782639,347.5465002,51.2530276,2,19.040700912475586,0.16767899692058563,58712.37826390006
3827,2458709.9767708,347.5465272,51.2531077,1,19.56999969482422,0.2055719941854477,58709.47677080007
3828,2458708.9921065,347.54659,51.2530455,2,19.89189910888672,0.18820300698280334,58708.49210650008
3829,2458708.9901736,347.5465306,51.2530948,2,19.865800857543945,0.15727099776268005,58708.49017360015
3830,2458708.9650579,347.5465989,51.2530536,1,19.8031005859375,0.19543999433517456,58708.465057900175
3831,2458708.9492477,347.5464638,51.2530772,1,18.89459991455078,0.08634400367736816,58708.44924770016
3832,2458706.9138889,347.5464693,51.2530624,2,19.558000564575195,0.12388099730014801,58706.413888900075
3833,2458705.9559144,347.5464293,51.2530787,2,18.82379913330078,0.09854599833488464,58705.45591440005
3834,2458705.954456,347.5464709,51.2530576,2,18.938199996948242,0.10842099785804749,58705.45445600012
3835,2458705.9060995,347.5464807,51.2530626,1,19.210399627685547,0.08111199736595154,58705.406099500135
3836,2458705.9056481,347.5464391,51.2530883,1,18.61090087890625,0.08607800304889679,58705.40564810019
3838,2458702.8940856,347.5465594,51.2530418,2,19.781299591064453,0.20319700241088867,58702.39408560004
3839,2458702.8936343,347.5466879,51.2531336,2,19.728300094604492,0.23254400491714478,58702.39363430021
3840,2458699.9375463,347.5464771,51.2530937,1,18.88159942626953,0.07543300092220306,58699.43754629977
3842,2458699.8855556,347.5465694,51.2530669,2,19.948299407958984,0.18616700172424316,58699.385555599816
3843,2458699.8851042,347.5465248,51.2531212,2,19.852699279785156,0.2009190022945404,58699.38510419987
3845,2458696.910706,347.5464781,51.253096,1,19.701900482177734,0.1555269956588745,58696.41070599994
3846,2458696.9098032,347.5466238,51.2530261,1,19.881000518798828,0.19080999493598938,58696.40980320005
3847,2458696.9093519,347.5464809,51.2530881,1,18.96769905090332,0.06599099934101105,58696.40935190022
3848,2458696.8848727,347.5464805,51.2530621,2,18.941499710083008,0.08554600179195404,58696.38487270009
3849,2458696.8820023,347.5465261,51.2531263,2,20.190900802612305,0.22034600377082825,58696.38200230012
3850,2458696.8815509,347.5465744,51.2531325,2,20.034000396728516,0.1859699934720993,58696.38155090017
3851,2458693.9081597,347.5465006,51.2530983,1,19.957700729370117,0.1875610053539276,58693.40815970022
3852,2458693.9076852,347.5467323,51.2530001,1,20.17169952392578,0.21334899961948395,58693.40768520022
3853,2458693.9062731,347.5464819,51.2531021,1,19.04599952697754,0.06287799775600433,58693.40627310006
3854,2458693.8878356,347.5464617,51.25307,2,19.151899337768555,0.09184300154447556,58693.38783559995
3855,2458693.8845255,347.5465742,51.2530203,2,20.442399978637695,0.24785900115966797,58693.38452549977
3856,2458693.8830787,347.546491,51.2531391,2,20.53510093688965,0.27732300758361816,58693.38307869993
3858,2458690.9460069,347.5464878,51.2530952,1,19.61440086364746,0.10855299979448318,58690.446006900165
3861,2458690.9051273,347.5464854,51.2530952,2,19.54789924621582,0.1428229957818985,58690.40512729995
3863,2458686.9823843,347.5464859,51.2530543,1,19.627399444580078,0.18844899535179138,58686.48238429986
3864,2458686.9691898,347.5465091,51.2531093,1,18.897300720214844,0.1273059993982315,58686.46918979986
3865,2458686.9673611,347.5465403,51.2531344,1,19.854900360107422,0.2600660026073456,58686.46736110002
3869,2458683.9694329,347.5465251,51.2530675,1,18.486299514770508,0.0976639986038208,58683.469432900194
3870,2458683.9680787,347.5465143,51.2530815,1,18.854799270629883,0.0999549999833107,58683.468078699894
3871,2458683.9662384,347.5464746,51.2530835,1,18.47170066833496,0.10968700051307678,58683.46623839997
3872,2458683.925706,347.5465078,51.2530934,2,19.073699951171875,0.17843100428581238,58683.42570600007
3873,2458683.9228472,347.5464986,51.2530767,2,18.493200302124023,0.06904999911785126,58683.422847200185
3874,2458683.9223958,347.5464772,51.2530774,2,18.479900360107422,0.09758900105953217,58683.422395799775
3875,2458680.9731481,347.5465162,51.2531258,1,18.815399169921875,0.10152299702167511,58680.47314810008
3876,2458680.9717245,347.5464337,51.2530772,1,19.55120086669922,0.24696800112724304,58680.47172449995
3877,2458680.9708218,347.5467112,51.253041,1,19.88290023803711,0.3744780123233795,58680.470821800176
3878,2458677.9783796,347.5464123,51.2530468,1,19.599000930786133,0.17425799369812012,58677.478379600216
3879,2458677.9524653,347.5465934,51.2530541,1,19.78619956970215,0.21454399824142456,58677.45246529998
3880,2458677.8056481,347.5464447,51.2530439,2,19.809600830078125,0.22972500324249268,58677.3056481001
3881,2458677.80375,347.5465016,51.2530969,2,19.023399353027344,0.13329699635505676,58677.30374999996
3882,2458677.8028356,347.546543,51.2530646,2,19.783199310302734,0.20246699452400208,58677.302835599985
3883,2458676.9748611,347.5465671,51.2530842,2,19.90959930419922,0.2082110047340393,58676.47486109985
3884,2458676.9261921,347.5464828,51.2531048,1,18.936500549316406,0.06960900127887726,58676.42619210016
3885,2458674.9730093,347.5466385,51.2530968,2,20.16360092163086,0.22235600650310516,58674.47300929995
3886,2458674.9716319,347.5464503,51.2530366,2,19.023500442504883,0.09258099645376205,58674.47163189994
3887,2458674.971169,347.5464585,51.2531007,2,19.033000946044922,0.12015599757432938,58674.471169000026
3888,2458674.9578704,347.5465693,51.2530785,1,19.017099380493164,0.11015000194311142,58674.457870400045
3889,2458673.9621759,347.5465117,51.2530914,1,19.055400848388672,0.07065899670124054,58673.46217590012
3890,2458673.9536921,347.546659,51.2529643,2,20.338699340820312,0.2519339919090271,58673.45369210001
3891,2458672.9742361,347.5465488,51.253075,2,19.89069938659668,0.17824800312519073,58672.47423609998
3893,2458671.9283796,347.5464858,51.2530497,2,18.923200607299805,0.10752200335264206,58671.428379599936
3894,2458671.9279051,347.5464217,51.2531867,2,19.95789909362793,0.17917299270629883,58671.42790509993
3896,2458670.9664468,347.5465034,51.2530452,2,19.837099075317383,0.1471019983291626,58670.46644680016
3897,2458669.9554861,347.5465251,51.2531206,1,19.256999969482422,0.08677799999713898,58669.45548610017
3899,2458668.9570949,347.5465804,51.2530311,1,19.085100173950195,0.13917799293994904,58668.457094899844
3900,2458668.9557407,347.5463857,51.253038,1,20.05500030517578,0.12949100136756897,58668.45574070001
3901,2458668.9524537,347.5464104,51.2530632,1,18.922100067138672,0.11219699680805206,58668.452453699894
3902,2458668.8655903,347.5466835,51.2531138,2,20.17650032043457,0.2848590016365051,58668.365590299945
3903,2458668.8651273,347.5464057,51.2530747,2,19.03730010986328,0.09961400181055069,58668.36512729991
3904,2458668.8627083,347.5464537,51.2530468,2,19.140600204467773,0.1068900004029274,58668.36270829989
3906,2458667.9556019,347.546488,51.253099,1,19.127599716186523,0.07788900285959244,58667.455601899885
3907,2458666.9736921,347.5464839,51.2531085,1,18.884000778198242,0.07551500201225281,58666.47369210003
3908,2458666.9337731,347.546552,51.2530612,2,19.840999603271484,0.1705629974603653,58666.43377309991
3909,2458665.9729167,347.5465004,51.2530587,1,19.644100189208984,0.14891700446605682,58665.472916699946
3910,2458665.9719676,347.5466467,51.2530752,1,19.9064998626709,0.251460999250412,58665.47196759982
3911,2458665.9715162,347.5464879,51.2530944,1,18.932300567626953,0.0838090032339096,58665.471516199876
3912,2458665.9454745,347.5465455,51.2530633,2,19.98550033569336,0.18797600269317627,58665.44547449984
3913,2458665.9450231,347.5464867,51.2531148,2,19.896099090576172,0.1863979995250702,58665.44502309989
3914,2458665.9445486,347.546467,51.2530832,2,19.00079917907715,0.08288200199604034,58665.44454859989
3915,2458663.9665509,347.546456,51.2530711,1,19.05900001525879,0.1263599991798401,58663.466550900135
3916,2458663.9347569,347.5465173,51.2530437,2,19.926700592041016,0.2673240005970001,58663.434756900184
3917,2458661.9679861,347.5465426,51.2530583,1,18.707799911499023,0.08480700105428696,58661.46798609989
3918,2458661.9666204,347.5464459,51.2530494,1,18.56529998779297,0.08275099843740463,58661.46662040008
3919,2458661.9342014,347.5465659,51.2530664,2,19.118600845336914,0.11486700177192688,58661.434201399796
3920,2458661.9337269,347.5464636,51.2530366,2,18.62649917602539,0.06777899712324142,58661.43372689979
3921,2458660.954919,347.5464762,51.2530714,1,18.785200119018555,0.11169300228357315,58660.454919000156
3922,2458658.9742824,347.5464219,51.2530811,1,18.08919906616211,0.06704899668693542,58658.47428240022
3923,2458658.9729167,347.5465063,51.2530736,1,18.1476993560791,0.07520599663257599,58658.472916699946
3924,2458658.9061227,347.546472,51.2530509,2,18.212499618530273,0.06271599978208542,58658.406122699846
3925,2458658.9056481,347.5465365,51.2530556,2,18.568300247192383,0.09368299692869186,58658.40564810019
3926,2458657.9746065,347.5464653,51.2530702,1,18.187299728393555,0.06195700168609619,58657.47460650001
3927,2458657.9275231,347.5464854,51.2530629,2,17.9778995513916,0.05637599900364876,58657.42752309982
3928,2458655.9691551,347.5465174,51.2530845,1,17.86870002746582,0.0680060014128685,58655.469155100174
3929,2458655.9686806,347.546475,51.2530514,1,17.886899948120117,0.06672599911689758,58655.46868060017
3930,2458655.9531366,347.5464932,51.2530467,2,17.93239974975586,0.08498000353574753,58655.45313660009
3931,2458655.952662,347.5465255,51.2530829,2,18.2450008392334,0.08149900287389755,58655.45266199997
3932,2458654.9513194,347.5465032,51.2530747,2,17.889799118041992,0.05618000030517578,58654.45131940022
3933,2458653.95125,347.5464842,51.2530992,2,17.75029945373535,0.07127200067043304,58653.451249999925
3934,2458653.8890972,347.5464849,51.2530812,1,17.823200225830078,0.06006399914622307,58653.389097199775
3935,2458652.967963,347.5464429,51.2530706,1,17.520999908447266,0.06965699791908264,58652.46796299983
3936,2458652.9675116,347.5464864,51.2530679,1,17.775800704956055,0.05495600029826164,58652.46751159988
3937,2458652.9656366,347.5464923,51.2530814,1,17.589099884033203,0.07274100184440613,58652.46563659981
3938,2458652.9459491,347.5465147,51.2530915,2,17.585800170898438,0.06332699954509735,58652.44594909996
3939,2458652.9454977,347.5464938,51.2530837,2,17.813899993896484,0.055810000747442245,58652.44549770001
3940,2458652.9256944,347.5464521,51.253069,2,17.736799240112305,0.06337100267410278,58652.42569439998
3941,2458651.9349306,347.5464735,51.2530855,2,17.477399826049805,0.05175499990582466,58651.434930600226
3942,2458650.9745949,347.5464881,51.253076,1,17.3572998046875,0.04158100113272667,58650.47459489992
3943,2458650.9296296,347.5464896,51.2530927,2,17.422700881958008,0.050255000591278076,58650.42962960014
3944,2458649.9791551,347.5465088,51.2530928,1,17.407100677490234,0.04820600152015686,58649.47915509995
3945,2458649.9787037,347.5464729,51.2530758,1,17.300500869750977,0.052003998309373856,58649.478703700006
3946,2458649.977338,347.5465065,51.2530794,1,17.31839942932129,0.0554409995675087,58649.4773380002
3947,2458648.9492245,347.5464469,51.2530718,1,17.732999801635742,0.051617998629808426,58648.449224499986
3948,2458646.9718403,347.5464719,51.2530525,2,18.67650032043457,0.10090400278568268,58646.47184030013
3949,2458646.9713773,347.5464679,51.253101,2,18.67930030822754,0.09107399731874466,58646.4713773001
3950,2458646.9700116,347.546501,51.2530746,2,19.2893009185791,0.1261810064315796,58646.47001159983
3951,2458646.9551852,347.5464719,51.2530822,1,19.518600463867188,0.1361909955739975,58646.45518520009
3953,2458646.9251968,347.5464161,51.2530379,1,18.985599517822266,0.11931700259447098,58646.425196799915
3954,2458645.9541667,347.5464942,51.253077,1,18.881099700927734,0.08121000230312347,58645.45416670013
3955,2458644.9744907,347.5464459,51.2530551,2,19.710399627685547,0.1716340035200119,58644.474490699824
3956,2458644.9541088,347.5464984,51.2530882,1,18.86090087890625,0.07549499720335007,58644.45410879981
3957,2458643.9702546,347.546482,51.2530692,2,19.015600204467773,0.10448700189590454,58643.47025460005
3958,2458643.9688889,347.5465292,51.2530258,2,19.77199935913086,0.19122999906539917,58643.46888889978
3959,2458643.9684375,347.5465163,51.2531331,2,19.720600128173828,0.19620099663734436,58643.46843749983
3960,2458643.9530787,347.546477,51.2530913,1,19.60650062561035,0.15988999605178833,58643.45307870023
3961,2458643.9526273,347.5464978,51.253104,1,18.897199630737305,0.08020000159740448,58643.45262729982
3962,2458643.9485648,347.5465912,51.253033,1,19.710500717163086,0.18066999316215515,58643.44856479997
3963,2458642.924456,347.546483,51.2531064,1,18.904699325561523,0.060405999422073364,58642.42445599986
3964,2458641.9744097,347.5465211,51.2530391,2,20.01569938659668,0.2264080047607422,58641.474409699906
3965,2458641.952662,347.5464957,51.2530841,1,18.87459945678711,0.07314500212669373,58641.45266199997
3968,2458640.9710532,347.5464557,51.2530588,2,19.73349952697754,0.17166900634765625,58640.47105319984
3970,2458640.9560185,347.5465078,51.2530608,1,19.70709991455078,0.11462700366973877,58640.45601850003
3972,2458639.9459375,347.5464505,51.2530707,1,19.136600494384766,0.09401299804449081,58639.44593749987
3973,2458639.9132407,347.546482,51.2531039,2,18.590700149536133,0.07813899964094162,58639.41324070003
3974,2458638.9744329,347.546453,51.2530755,2,18.468000411987305,0.0794529989361763,58638.47443290008
3975,2458638.9498958,347.5464058,51.2530659,1,18.918899536132812,0.07369700074195862,58638.44989580009
3976,2458637.9708681,347.5466707,51.2530339,1,20.181699752807617,0.2807449996471405,58637.47086809995
3977,2458637.9704167,347.5464662,51.2531031,1,19.061500549316406,0.09098300337791443,58637.4704167
3978,2458637.9699653,347.5465063,51.2531288,1,19.896299362182617,0.2333260029554367,58637.46996530006
3979,2458637.9308912,347.5464791,51.2530837,2,19.172199249267578,0.08849599957466125,58637.43089119997
3980,2458637.9304398,347.5467094,51.2529613,2,20.491300582885742,0.24956700205802917,58637.430439800024
3981,2458637.9299884,347.5464261,51.2531023,2,20.482500076293945,0.28655898571014404,58637.42998840008
3982,2458636.9264005,347.5465923,51.2530193,2,19.972299575805664,0.18641500174999237,58636.426400499884
3983,2458634.9701736,347.5464321,51.253053,1,19.63789939880371,0.1619739979505539,58634.47017360013
3984,2458634.9697222,347.5464733,51.2530888,1,18.940099716186523,0.06859900057315826,58634.469722200185
3985,2458634.9677431,347.5466683,51.253085,1,19.705400466918945,0.1606609970331192,58634.46774310013
3986,2458634.9301852,347.5464848,51.2531123,2,19.721200942993164,0.18391799926757812,58634.43018520018
3987,2458634.9297338,347.5465873,51.2530286,2,19.79800033569336,0.15277199447155,58634.42973379977
3988,2458634.929294,347.5464853,51.2530747,2,18.907100677490234,0.0996050015091896,58634.429293999914
3989,2458628.9694213,347.5465184,51.2530656,1,18.823200225830078,0.09716299921274185,58628.469421300106
3993,2458617.9719444,347.5465028,51.2531023,1,18.961299896240234,0.06989800184965134,58617.47194440011
3994,2458617.9714931,347.5466187,51.2530631,1,19.68630027770996,0.2087170034646988,58617.471493099816
3995,2458608.9876852,347.5465658,51.2530265,2,19.74049949645996,0.19983600080013275,58608.48768519983
3996,2458608.956331,347.5464435,51.2530874,1,18.88050079345703,0.10772299766540527,58608.4563310002
3997,2458607.9949653,347.546546,51.2530829,2,19.616300582885742,0.19581200182437897,58607.494965299964
3998,2458607.9940625,347.5465074,51.2530623,2,18.8351993560791,0.10174299776554108,58607.494062500075
3999,2458607.9936111,347.546523,51.253096,2,19.825300216674805,0.19492299854755402,58607.49361110013
4000,2458607.9787269,347.5464792,51.2530824,1,18.893600463867188,0.07989999651908875,58607.47872690018
4001,2458607.9782755,347.5465343,51.2530886,1,19.655500411987305,0.17351600527763367,58607.47827549977
4002,2458607.9773727,347.5465617,51.2529891,1,19.992599487304688,0.1999479979276657,58607.47737269988
4004,2458601.9970486,347.5465528,51.2530411,2,19.934200286865234,0.24825799465179443,58601.49704860011
4006,2458511.6373264,347.5464955,51.2530824,1,18.970600128173828,0.13826000690460205,58511.137326399796
4007,2458510.6366319,347.5464564,51.2531114,1,18.90880012512207,0.1335889995098114,58510.13663189998
4008,2458507.6579167,347.5464269,51.2531251,1,19.523300170898438,0.13728800415992737,58507.1579167
4009,2458503.6804398,347.546578,51.2530675,1,18.863399505615234,0.13867799937725067,58503.180439800024
4010,2458494.6413773,347.5464442,51.2531032,1,18.86050033569336,0.09068600088357925,58494.141377300024
4011,2458494.6367477,347.5464691,51.2530949,1,19.830799102783203,0.21349599957466125,58494.13674770016
4012,2458494.592037,347.5464575,51.2530948,2,19.84630012512207,0.1831659972667694,58494.09203700023
4013,2458494.5906713,347.5465047,51.2531102,2,19.747299194335938,0.1574539989233017,58494.09067129996
4014,2458493.6599074,347.5464965,51.2530392,1,19.549999237060547,0.16934199631214142,58493.15990740014
4015,2458493.6594444,347.546478,51.2531025,1,18.844499588012695,0.06875299662351608,58493.15944440011
4016,2458493.6210764,347.546454,51.2529995,2,18.919099807739258,0.13387900590896606,58493.121076399926
4018,2458491.6416435,347.5466084,51.2530451,1,19.659000396728516,0.1708430051803589,58491.141643499956
4019,2458491.6383796,347.5464918,51.2530942,1,18.89859962463379,0.07850100100040436,58491.1383795999
4020,2458488.6396412,347.546489,51.2530912,1,18.896099090576172,0.07274899631738663,58488.13964120019
4021,2458487.6625694,347.5464317,51.2531065,1,19.49690055847168,0.12236999720335007,58487.16256939992
4022,2458486.6040741,347.5464291,51.2531166,2,18.869300842285156,0.09697099775075912,58486.10407410003
4023,2458483.6118171,347.5464993,51.2530928,1,18.877599716186523,0.068292997777462,58483.111817100085
4024,2458482.638125,347.5464999,51.253087,1,18.855199813842773,0.11767300218343735,58482.138125000056
4025,2458482.622662,347.5465374,51.2530281,1,19.611900329589844,0.180525004863739,58482.12266199989
4029,2458474.6376042,347.5464423,51.253079,2,18.796199798583984,0.0854170024394989,58474.137604199816
4030,2458472.6775579,347.546493,51.2530982,1,18.200899124145508,0.09131299704313278,58472.17755790008
4031,2458472.6574421,347.5466231,51.2531315,1,18.79210090637207,0.1193929985165596,58472.15744209988
4032,2458472.6554514,347.5465059,51.2530844,1,18.309799194335938,0.10705699771642685,58472.155451400205
4033,2458472.613044,347.5465262,51.2530755,2,18.714599609375,0.10399799793958664,58472.11304400023
4034,2458472.6035532,347.5464849,51.2530877,2,18.32080078125,0.06663499772548676,58472.10355320014
4035,2458471.6387384,347.5465305,51.2530888,2,18.349300384521484,0.08949500322341919,58471.13873839984
4036,2458469.6565394,347.546525,51.2530714,1,18.28219985961914,0.06976400315761566,58469.15653940011
4037,2458469.6552662,347.5464816,51.253077,1,17.995399475097656,0.06943300366401672,58469.15526620019
4038,2458469.639919,347.5465141,51.2530807,1,17.953399658203125,0.0672290027141571,58469.13991900021
4039,2458469.5990509,347.5464846,51.2530839,2,18.096399307250977,0.06191499903798103,58469.09905089997
4040,2458469.598588,347.5465231,51.2530971,2,18.299999237060547,0.08941999822854996,58469.09858800005
4041,2458469.5981134,347.5464766,51.2530695,2,18.08209991455078,0.06023000180721283,58469.09811339993
4044,2458457.6150463,347.546564,51.2530967,1,18.860700607299805,0.1062680035829544,58457.115046299994
4045,2458456.6540972,347.546486,51.2530064,2,18.811399459838867,0.13692599534988403,58456.154097199906
4046,2458456.6517824,347.5466498,51.2530878,2,19.62529945373535,0.19865299761295319,58456.151782399975
4047,2458456.6339699,347.5465904,51.2530703,2,19.695600509643555,0.17119200527668,58456.1339699002
4053,2458441.7490972,347.5464831,51.2530782,1,18.838499069213867,0.10837099701166153,58441.24909720011
4057,2458437.7757639,347.5466188,51.253072,2,18.81329917907715,0.16789500415325165,58437.27576390002
4058,2458437.7743056,347.5464819,51.253071,2,18.472000122070312,0.08630199730396271,58437.27430560021
4059,2458437.7585069,347.5464615,51.2530777,2,18.489200592041016,0.06565999984741211,58437.258506900165
4060,2458437.7244444,347.5465309,51.2530673,1,18.328500747680664,0.09469299763441086,58437.22444440005
4061,2458437.7219792,347.5465234,51.2530618,1,18.741500854492188,0.06987299770116806,58437.22197919991
4062,2458437.717338,347.5464757,51.2530591,1,18.305099487304688,0.10077700018882751,58437.21733799996
4063,2458436.7328125,347.5464589,51.2530747,1,18.92169952392578,0.11012600362300873,58436.23281250009
4064,2458434.7056597,347.5466338,51.2530805,2,19.585500717163086,0.15786999464035034,58434.20565970009
4065,2458434.6827315,347.5465229,51.2530722,2,18.780000686645508,0.11665099859237671,58434.182731499895
4066,2458434.681331,347.5465973,51.253109,2,19.525699615478516,0.1590449959039688,58434.181330999825
4067,2458434.6572569,347.5464438,51.2530598,1,19.650699615478516,0.1495870053768158,58434.15725689987
4068,2458434.6553935,347.5465048,51.2530837,1,18.818199157714844,0.08827999979257584,58434.15539349988
4069,2458434.6535417,347.5467235,51.2530602,1,19.414400100708008,0.17521700263023376,58434.15354169998
4070,2458431.7239236,347.5464418,51.2531033,1,18.818300247192383,0.12181100249290466,58431.22392359981
4071,2458431.7234722,347.5465485,51.2529616,1,19.5226993560791,0.19790400564670563,58431.22347219987
4072,2458431.6768634,347.54637,51.2531815,2,19.596900939941406,0.21068300306797028,58431.1768633998
4073,2458431.6510301,347.5464757,51.2530331,2,19.643800735473633,0.1897359937429428,58431.15103009995
4074,2458431.6501157,347.5464568,51.2530639,2,18.836000442504883,0.11452300101518631,58431.15011569997
4075,2458430.6872917,347.5465627,51.2530404,2,19.605499267578125,0.14760300517082214,58430.18729169993
4076,2458430.6611458,347.5465073,51.2530837,1,18.85420036315918,0.0691860020160675,58430.16114579979
4077,2458429.7213542,347.546502,51.2530871,1,18.847000122070312,0.06635700166225433,58429.22135420004
4078,2458429.6405208,347.5465181,51.2530777,2,19.755800247192383,0.1549610048532486,58429.140520799905
4079,2458428.6816667,347.5464116,51.2530759,1,20.010499954223633,0.18369199335575104,58428.18166670017
4080,2458428.6812037,347.5464768,51.253096,1,19.06220054626465,0.08002600073814392,58428.18120370014
4081,2458428.621956,347.5464629,51.2530834,2,19.125600814819336,0.1419209986925125,58428.121956000105
4084,2458426.7160417,347.5464376,51.2530437,1,18.944299697875977,0.1005759984254837,58426.21604169998
4085,2458426.6344676,347.5466241,51.2531018,2,18.257200241088867,0.20841600000858307,58426.13446759991
4089,2458425.678206,347.5464608,51.2531013,1,19.707599639892578,0.17414000630378723,58425.17820600001
4090,2458425.6490046,347.5464861,51.2530876,1,19.094900131225586,0.10245499759912491,58425.14900460001
4093,2458400.7754398,347.5464951,51.2531003,1,19.54400062561035,0.14273400604724884,58400.27543980023
4094,2458400.7744907,347.5466441,51.2530414,1,19.785600662231445,0.18611200153827667,58400.2744907001
4095,2458400.763125,347.5464936,51.2530858,1,18.87310028076172,0.061076000332832336,58400.263125000056
4096,2458400.7155208,347.5465223,51.2530897,2,18.924699783325195,0.08727200329303741,58400.21552080009
4097,2458400.7146065,347.5464953,51.2531381,2,19.70989990234375,0.13223199546337128,58400.21460650023
4098,2458400.7141551,347.5465741,51.2530809,2,19.723499298095703,0.16906900703907013,58400.21415509982
4099,2458390.6916898,347.5464419,51.2530495,2,19.8528995513916,0.19488799571990967,58390.191689800005
4100,2458389.7023843,347.5464573,51.2531019,1,18.90690040588379,0.10395500063896179,58389.202384300064
4101,2458388.8169329,347.5464602,51.2530751,1,18.8346004486084,0.10188800096511841,58388.31693289988
4102,2458388.7532176,347.5465877,51.2530921,2,18.980199813842773,0.12418399751186371,58388.25321759982
4103,2458387.7833565,347.5464872,51.2530868,1,19.53529930114746,0.14680300652980804,58387.28335649986
4104,2458386.7733218,347.5464628,51.2530942,2,18.861900329589844,0.10289499908685684,58386.273321799934
4105,2458385.8649306,347.5465443,51.2530541,1,18.452999114990234,0.11232099682092667,58385.36493059993
4106,2458385.8491551,347.5464334,51.2530729,1,18.481199264526367,0.10630299896001816,58385.34915510006
4107,2458385.847662,347.546557,51.2530752,1,18.90399932861328,0.14058299362659454,58385.347661999986
4108,2458385.7662616,347.5464922,51.2531077,2,18.5221004486084,0.07514999806880951,58385.26626159996
4109,2458385.7658102,347.5464748,51.2530808,2,18.45709991455078,0.0856499969959259,58385.26581020001
4110,2458385.7648843,347.5463433,51.2529858,2,18.98819923400879,0.177823007106781,58385.264884300064
4111,2458384.8353009,347.5464926,51.2530257,1,18.740699768066406,0.11149100214242935,58384.33530090004
4112,2458384.6996181,347.5464723,51.2531011,2,18.377899169921875,0.07730100303888321,58384.19961810019
4113,2458383.926956,347.546541,51.2530797,1,18.527299880981445,0.07147099822759628,58383.42695599981
4114,2458383.8039352,347.5464789,51.2530874,2,18.153600692749023,0.05610400065779686,58383.303935199976
4115,2458382.9042593,347.5465189,51.2530867,1,18.194700241088867,0.06253200024366379,58382.40425929986
4116,2458382.8889468,347.546532,51.2530537,1,18.056499481201172,0.08702000230550766,58382.38894680003
4117,2458382.8468287,347.5464802,51.2530527,2,18.09280014038086,0.06733900308609009,58382.34682870004
4118,2458382.8463657,347.5464975,51.2530843,2,18.104999542236328,0.06121499836444855,58382.34636570001
4119,2458382.7447222,347.5464588,51.2530621,1,17.98069953918457,0.07127100229263306,58382.24472220009
4120,2458380.8461921,347.5465132,51.2530734,1,18.298500061035156,0.05810600146651268,58380.346192100085
4121,2458380.8249769,347.546482,51.2530871,2,17.996999740600586,0.06035599857568741,58380.32497690013
4122,2458379.8813889,347.5465427,51.2530863,2,18.190099716186523,0.08015500009059906,58379.38138889987
4123,2458379.8426273,347.5464991,51.2530593,1,17.993000030517578,0.0477369986474514,58379.34262729995
4124,2458379.8421759,347.5465088,51.2530623,1,17.872299194335938,0.06659399718046188,58379.342175900005
4125,2458379.8403009,347.5464675,51.2530622,1,17.770000457763672,0.0672290027141571,58379.34030089993
4126,2458379.8019329,347.5464963,51.2530555,2,17.968000411987305,0.06372399628162384,58379.30193290021
4127,2458379.8014815,347.5464787,51.2530858,2,17.937400817871094,0.059119999408721924,58379.3014814998
4128,2458378.8253935,347.5465037,51.2530834,1,17.848600387573242,0.03854300081729889,58378.32539349981
4129,2458378.7841088,347.5464778,51.2530847,2,17.82430076599121,0.047742001712322235,58378.28410879988
4130,2458377.8456481,347.5464964,51.2530619,1,17.92690086364746,0.05998099967837334,58377.345648100134
4131,2458377.7899537,347.5464751,51.2530788,2,17.636499404907227,0.044155001640319824,58377.2899536998
4132,2458376.8678009,347.5464845,51.2530929,2,17.607099533081055,0.04980799928307533,58376.36780089978
4133,2458376.8668634,347.5465499,51.2530944,2,17.8257999420166,0.0798029974102974,58376.36686340021
4134,2458376.8467245,347.5464833,51.2530747,2,17.492700576782227,0.05421600118279457,58376.34672449995
4135,2458376.8033912,347.5464943,51.253074,1,17.718000411987305,0.04602399840950966,58376.303391200025
4136,2458376.8024421,347.546498,51.2530701,1,17.559900283813477,0.06729000061750412,58376.3024420999
4137,2458376.8015278,347.5464732,51.2530741,1,17.46820068359375,0.04974300041794777,58376.30152780004
4138,2458375.8627199,347.5464809,51.2530834,2,17.506500244140625,0.047536998987197876,58375.362719899975
4139,2458375.8019329,347.5465141,51.2530809,1,17.507600784301758,0.03875900059938431,58375.30193290021
4140,2458374.8264583,347.54649,51.2530791,2,17.39859962463379,0.04684700071811676,58374.3264583
4141,2458374.7831481,347.5465039,51.2530721,1,17.49329948425293,0.051663998514413834,58374.283148100134
4142,2458373.870625,347.5465188,51.2530672,1,17.30579948425293,0.036972999572753906,58373.37062499998
4143,2458373.870162,347.5465196,51.2530708,1,17.188499450683594,0.044064000248909,58373.37016199995
4144,2458373.8696875,347.5464978,51.2530642,1,17.198200225830078,0.041064999997615814,58373.369687499944
4145,2458373.8042477,347.5465002,51.2530774,2,17.537200927734375,0.060910001397132874,58373.30424770014
4146,2458373.8033102,347.5464979,51.2530826,2,17.32379913330078,0.041808001697063446,58373.303310200106
4147,2458373.7880903,347.5464897,51.2530718,2,17.199199676513672,0.04039900004863739,58373.288090299815
4148,2458372.8641551,347.5464703,51.2530769,2,18.23870086669922,0.054228998720645905,58372.36415510019
4149,2458372.7823611,347.5465081,51.2530841,1,19.274499893188477,0.09426099807024002,58372.28236109996
4150,2458371.8712963,347.5465561,51.2529711,1,19.556699752807617,0.13615399599075317,58371.37129630009
4151,2458371.8435532,347.5464886,51.2530885,1,18.876399993896484,0.07091499865055084,58371.3435531999
4152,2458371.8082176,347.5466046,51.2530389,2,19.7450008392334,0.17054100334644318,58371.30821759999
4153,2458370.8435648,347.5466326,51.253023,1,19.768400192260742,0.1673009991645813,58370.34356479999
4154,2458370.8411574,347.5464877,51.2530796,1,18.870399475097656,0.07125099748373032,58370.34115740005
4155,2458370.840706,347.5464735,51.2530384,1,19.468299865722656,0.15208099782466888,58370.340706000105
4156,2458370.7995718,347.5465156,51.2530755,2,18.894800186157227,0.08671700209379196,58370.299571800046
4157,2458370.7986227,347.5465203,51.2530662,2,19.743000030517578,0.16828200221061707,58370.29862269992
4158,2458369.8838079,347.5464918,51.2530575,2,19.743799209594727,0.1546739935874939,58369.383807899896
4159,2458369.8029051,347.5464811,51.2530901,1,18.83919906616211,0.06710200011730194,58369.30290509993
4160,2458368.8687153,347.5464976,51.2530887,1,18.846200942993164,0.057498998939991,58368.368715300225
4161,2458368.8013542,347.5466091,51.2530431,2,19.789899826049805,0.15310700237751007,58368.30135420011
4162,2458367.843125,347.5465125,51.253073,2,19.677099227905273,0.13668599724769592,58367.34312500013
4163,2458367.8426389,347.5465113,51.2530722,2,18.876800537109375,0.09091199934482574,58367.34263890004
4164,2458367.833669,347.5465438,51.2530648,2,19.748600006103516,0.1713400036096573,58367.33366899984
4165,2458367.8127662,347.5464647,51.2530982,1,18.84469985961914,0.06584600359201431,58367.31276619993
4166,2458367.809919,347.5464297,51.2530501,1,19.518299102783203,0.19933399558067322,58367.30991900014
4167,2458366.9076042,347.546488,51.253111,1,19.154800415039062,0.08801999688148499,58366.407604199834
4168,2458365.8434954,347.546469,51.2530968,2,19.020200729370117,0.09072999656200409,58365.34349540016
4169,2458365.8001968,347.5464549,51.2530598,1,19.35070037841797,0.11804699897766113,58365.300196799915
4170,2458364.8196412,347.5465093,51.2530705,2,18.215999603271484,0.08615899831056595,58364.319641199894
4171,2458364.80625,347.5464677,51.2530938,2,17.954099655151367,0.0752979964017868,58364.30624999991
4172,2458364.8057986,347.5464879,51.2530993,2,17.861799240112305,0.05962299928069115,58364.30579859996
4173,2458364.7823727,347.5464901,51.2530914,1,17.933700561523438,0.05620000138878822,58364.28237270005
4174,2458364.7818981,347.5465262,51.2530634,1,17.900999069213867,0.06508299708366394,58364.28189809993
4175,2458363.8079977,347.5464555,51.2531039,1,19.297500610351562,0.11084099858999252,58363.30799769983
4176,2458361.8882755,347.5465025,51.2530737,1,19.635900497436523,0.18517599999904633,58361.38827549992
4177,2458361.887338,347.5464529,51.2530878,1,18.831199645996094,0.09056700021028519,58361.387337999884
4178,2458361.8020833,347.5464971,51.253056,2,18.793100357055664,0.08673399686813354,58361.30208329996
4179,2458361.8011227,347.5465271,51.2530954,2,19.61720085144043,0.15516799688339233,58361.301122699864
4180,2458361.8006713,347.5465646,51.2530334,2,19.592199325561523,0.1940390020608902,58361.30067129992
4181,2458360.9084144,347.5465136,51.2530724,1,18.803499221801758,0.10463300347328186,58360.40841440018
4182,2458360.8358796,347.5465274,51.2531029,2,19.857099533081055,0.20584799349308014,58360.33587960014
4183,2458358.9075231,347.5465639,51.2530648,2,18.92140007019043,0.15070399641990662,58358.4075230998
4184,2458357.9123958,347.546589,51.2530124,2,19.628599166870117,0.18018800020217896,58357.4123958
4185,2458357.7197685,347.5467166,51.2530362,2,19.743499755859375,0.21471700072288513,58357.219768499956
4186,2458356.9633912,347.5466443,51.2529404,2,19.594100952148438,0.1889439970254898,58356.463391200174
4187,2458355.9323611,347.5465949,51.2530549,2,19.518600463867188,0.1977909952402115,58355.43236109987
4188,2458355.8386806,347.5465407,51.2531407,2,19.54199981689453,0.16182400286197662,58355.338680599816
4189,2458355.8382176,347.5465237,51.2530429,2,19.69659996032715,0.17504499852657318,58355.33821759978
4190,2458354.925544,347.5466016,51.2531088,2,19.620399475097656,0.15901799499988556,58354.42554400023
4191,2458354.816875,347.5465781,51.2530372,2,19.736400604248047,0.21546700596809387,58354.31687500002
4192,2458353.9699421,347.5465932,51.2530503,2,19.731599807739258,0.1550530046224594,58353.46994209988
4193,2458353.9343634,347.5465873,51.2530308,2,19.783700942993164,0.17321600019931793,58353.4343634001
4194,2458352.8886227,347.5465123,51.2531048,1,19.945600509643555,0.15522800385951996,58352.38862269977
4195,2458351.9164583,347.5465239,51.2530941,1,19.00469970703125,0.06629899889230728,58351.41645829985
4196,2458351.8809259,347.5464745,51.253089,2,18.569000244140625,0.06982599943876266,58351.38092589984
4197,2458350.9325347,347.5465044,51.2530923,1,18.430500030517578,0.06006599962711334,58350.432534699794
4198,2458350.8885417,347.5464803,51.2530763,2,18.2908992767334,0.05958399921655655,58350.38854169985
4199,2458349.8875579,347.5465052,51.2530589,1,19.72130012512207,0.18581999838352203,58349.387557900045
4200,2458349.8752083,347.5464837,51.2530719,1,18.872900009155273,0.07146900147199631,58349.37520830007
4201,2458349.8245023,347.546553,51.2530403,2,20.04159927368164,0.19779199361801147,58349.324502300005
4202,2458349.8240509,347.5465611,51.2531634,2,20.01810073852539,0.193790003657341,58349.32405090006
4203,2458348.8620486,347.5464785,51.2530822,1,18.858999252319336,0.07260700315237045,58348.36204859987
4204,2458347.9073032,347.5465763,51.2530518,2,19.73430061340332,0.16659800708293915,58347.4073032001
4205,2458347.8449537,347.5464912,51.2530761,1,18.81290054321289,0.07352100312709808,58347.34495369997
4206,2458346.8901273,347.5465576,51.253079,2,19.682199478149414,0.1518079936504364,58346.39012729982
4207,2458346.8891782,347.5466492,51.253075,2,19.822999954223633,0.1769610047340393,58346.38917820016
4208,2458346.8450926,347.5464392,51.2530929,1,19.572200775146484,0.17067000269889832,58346.34509260021
4209,2458346.8432523,347.5464756,51.2530678,1,18.866199493408203,0.0709099993109703,58346.34325229982
4210,2458345.9064468,347.5465052,51.253083,1,18.87660026550293,0.07233099639415741,58345.4064468001
4211,2458345.8590972,347.5466109,51.2530277,2,19.8927001953125,0.18588800728321075,58345.35909719998
4212,2458343.8832407,347.5465025,51.2530776,1,18.828899383544922,0.08048299700021744,58343.38324069977
4213,2458343.8625926,347.5465121,51.253118,2,19.730300903320312,0.1472250074148178,58343.36259259982
4214,2458343.8621296,347.5465328,51.2530492,2,19.691999435424805,0.14916899800300598,58343.36212959979
4215,2458342.9106019,347.5464812,51.2530803,1,18.843000411987305,0.06671799719333649,58342.41060189996
4216,2458342.8415394,347.5465368,51.2530203,2,19.706199645996094,0.19889800250530243,58342.341539400164
4217,2458340.8605324,347.5462599,51.2531814,1,18.709699630737305,0.1947910040616989,58340.3605324002
4218,2458340.8591667,347.5466048,51.25303,1,19.57360076904297,0.18600299954414368,58340.35916669993
4219,2458338.8764236,347.5464627,51.2530938,1,18.844499588012695,0.07013099640607834,58338.37642360013
4220,2458338.8423611,347.5465754,51.2530672,2,19.89080047607422,0.15588299930095673,58338.34236110002
4221,2458337.8906134,347.5466689,51.2529567,1,19.648000717163086,0.18530699610710144,58337.39061339991
4222,2458337.890162,347.5464629,51.2530979,1,18.846900939941406,0.08511699736118317,58337.39016199997
4223,2458337.8440625,347.5465438,51.2530443,2,19.718700408935547,0.1645680069923401,58337.34406250017
4224,2458336.845,347.5465704,51.25307,2,19.7106990814209,0.14999599754810333,58336.345000000205
4225,2458336.8200347,347.5464676,51.2530807,1,18.837299346923828,0.07966800034046173,58336.32003469998
4226,2458335.8564005,347.546497,51.253103,2,19.79990005493164,0.18321900069713593,58335.35640050005
4227,2458334.8609722,347.5465728,51.2530581,2,19.678600311279297,0.19633400440216064,58334.360972200055
4228,2458334.8193056,347.5464854,51.2530993,1,18.82110023498535,0.0871879979968071,58334.31930560013
4229,2458333.9448148,347.5465034,51.2530678,1,18.91119956970215,0.09470000118017197,58333.44481479982
4230,2458333.8373727,347.5465797,51.2530605,2,19.768299102783203,0.17791900038719177,58333.33737270022
4231,2458332.9486574,347.5464233,51.2530381,1,19.566200256347656,0.13906100392341614,58332.448657399975
4232,2458327.9734259,347.54644,51.2530298,1,18.872100830078125,0.1251319944858551,58327.4734259001
4233,2458325.90125,347.5464008,51.2530204,1,18.96820068359375,0.17623500525951385,58325.40125000011
4234,2458324.9731829,347.5464955,51.2530945,2,19.18400001525879,0.10709399729967117,58324.47318289988
4235,2458323.9766667,347.5464868,51.2531194,2,19.201499938964844,0.11748400330543518,58323.476666700095
4236,2458322.9484028,347.5464869,51.2530955,1,18.88599967956543,0.07551000267267227,58322.44840280013
4237,2458322.9043171,347.5465892,51.2530335,2,19.70870018005371,0.15153199434280396,58322.40431710007
4238,2458321.9669097,347.5465428,51.2530349,2,19.62459945678711,0.13138799369335175,58321.46690970007
4239,2458321.9334144,347.5464555,51.253077,1,18.848600387573242,0.08409000188112259,58321.43341440009
4240,2458320.9574421,347.5464815,51.2530888,1,18.845699310302734,0.08138900250196457,58320.45744210016
4241,2458320.8869792,347.5465859,51.2530329,2,19.691499710083008,0.1768610030412674,58320.386979199946
4242,2458319.9571412,347.5465613,51.2530389,2,19.824100494384766,0.18620699644088745,58319.45714120008
4243,2458319.9069329,347.5464737,51.2530822,1,18.841800689697266,0.06586699932813644,58319.406932900194
4244,2458318.9252662,347.5464683,51.253078,1,18.943700790405273,0.08243799954652786,58318.42526620021
4245,2458316.948044,347.5464521,51.2530775,2,19.31559944152832,0.13750700652599335,58316.44804400019
4246,2458315.9272454,347.5464929,51.2530797,1,18.908300399780273,0.08266700059175491,58315.427245399915
4247,2458314.9654051,347.5465099,51.253082,1,18.84910011291504,0.06649699807167053,58314.465405100025
4248,2458314.9514352,347.5465797,51.253032,2,19.723800659179688,0.18975700438022614,58314.45143519994
4249,2458313.9485069,347.5464765,51.2530902,1,18.87689971923828,0.06687100231647491,58313.44850690011
4250,2458313.9122917,347.5465722,51.2530206,2,19.79960060119629,0.18768000602722168,58313.41229170002
4251,2458310.9256134,347.5465615,51.2530937,2,18.89579963684082,0.1342190057039261,58310.42561340006
4252,2458307.9499769,347.5464666,51.2530874,1,18.856300354003906,0.07834000140428543,58307.44997690013
4253,2458302.9516782,347.5464507,51.2530757,1,18.814899444580078,0.08272500336170197,58302.45167820016
4254,2458301.9705556,347.5464691,51.2531077,1,18.83139991760254,0.0911170020699501,58301.47055559978
4255,2458301.950081,347.5466667,51.2530366,2,19.73819923400879,0.1786089986562729,58301.450081000105
4256,2458298.9467245,347.5464051,51.253086,2,18.866300582885742,0.17412400245666504,58298.44672450004
4257,2458297.970463,347.546462,51.2530706,1,18.80820083618164,0.14733999967575073,58297.47046299977
4258,2458296.9676968,347.5465383,51.2530945,1,18.550800323486328,0.1025329977273941,58296.4676967999
4259,2458296.8656366,347.5465036,51.2530765,2,18.318099975585938,0.08180800080299377,58296.36563660018
4260,2458294.9729398,347.5464873,51.2530892,2,18.048200607299805,0.07830099761486053,58294.472939800005
4261,2458294.9576042,347.5464802,51.2530854,1,18.294099807739258,0.06837999820709229,58294.45760420011
4262,2458293.9733796,347.546482,51.2530867,2,17.993900299072266,0.05996299907565117,58293.47337959986
4263,2458293.9539236,347.5464795,51.2530688,1,18.08970069885254,0.05065299943089485,58293.453923599795
4264,2458292.9713542,347.5464733,51.2531007,2,17.95009994506836,0.0650079995393753,58292.47135420004
4265,2458291.9723958,347.5464942,51.2530945,2,17.94379997253418,0.0693420022726059,58291.472395800054
4266,2458291.9551042,347.5464896,51.2530814,1,18.041200637817383,0.043063998222351074,58291.45510420017
4267,2458290.9768981,347.5464658,51.2530896,2,17.8174991607666,0.050230998545885086,58290.47689810023
4268,2458290.9539005,347.5465102,51.2530768,1,17.927400588989258,0.05228300020098686,58290.4539005002
4269,2458289.9780093,347.5465121,51.253059,2,17.704999923706055,0.062164999544620514,58289.47800929984
4270,2458289.9229398,347.5464613,51.2530728,1,17.897199630737305,0.04713499918580055,58289.42293980019
4271,2458288.9739352,347.546513,51.2530779,2,17.665300369262695,0.05996900051832199,58288.4739351999
4272,2458288.9315162,347.5464678,51.2530799,1,17.626399993896484,0.05899500101804733,58288.43151619984
4273,2458287.9664352,347.5465028,51.2530874,2,17.358699798583984,0.013980000279843807,58287.46643520007
4274,2458287.933044,347.5464724,51.2530765,1,17.565000534057617,0.015809999778866768,58287.43304400006
4275,2458286.9319444,347.5464795,51.2530771,1,17.521799087524414,0.014821999706327915,58286.43194440007
4276,2458285.9505903,347.5464819,51.2530941,1,17.55340003967285,0.014178999699652195,58285.45059029991
4277,2458283.953588,347.5464953,51.2530889,1,18.798500061035156,0.04375400021672249,58283.45358800003
4278,2458282.9275926,347.5464722,51.2530794,1,18.965299606323242,0.04572499915957451,58282.42759260023
4279,2458281.9316088,347.5464847,51.2530901,1,18.771400451660156,0.03652999922633171,58281.431608799845
4280,2458280.9549074,347.5464732,51.2530947,1,18.737499237060547,0.03675299882888794,58280.45490740007
4281,2458279.9562847,347.5464627,51.2531013,1,18.76689910888672,0.03847400099039078,58279.45628469996
