,jd,ra,dec,fid,magpsf,sigmapsf,mjd
0,2461030.6386458,312.7099541,44.8364983,2,16.06786346435547,0.04550375044345856,61030.13864579983
1,2461030.5994792,312.7099283,44.8365258,1,18.340499877929688,0.06012500077486038,61030.09947919985
2,2461028.6573495,312.7098734,44.8364572,1,18.806400299072266,0.14870400726795197,61028.157349499874
3,2461028.5898032,312.7099829,44.836513,2,16.479400634765625,0.05195799842476845,61028.089803200215
4,2461026.6643634,312.709757,44.8364324,1,19.468000411987305,0.15115000307559967,61026.16436340008
5,2461026.5991435,312.7099592,44.8364969,2,16.931499481201172,0.07209599763154984,61026.099143499974
6,2461023.6570833,312.7099205,44.836487,2,17.53459930419922,0.07111100107431412,61023.15708329994
8,2461021.6134606,312.7098868,44.8364401,1,19.743999481201172,0.1526940017938614,61021.11346059991
9,2461021.5923264,312.7099671,44.8365224,2,16.808799743652344,0.08606000244617462,61021.09232639987
10,2461017.7057639,312.7099293,44.8364952,2,17.157100677490234,0.08135399967432022,61017.20576390019
12,2461015.6627662,312.7099471,44.8364957,2,16.58209991455078,0.034584999084472656,61015.162766200025
13,2461015.6201736,312.7096981,44.836475,1,19.199499130249023,0.1935119926929474,61015.12017360004
14,2461013.6510301,312.7099552,44.8364844,2,17.04829978942871,0.04518499970436096,61013.15103009995
16,2461011.5833218,312.7098541,44.836488,2,17.092199325561523,0.05908200144767761,61011.08332179999
17,2461009.6730324,312.7098843,44.8364935,1,19.053699493408203,0.1225150004029274,61009.1730324002
18,2461009.6158681,312.7099747,44.8365095,2,16.53350067138672,0.04370800033211708,61009.115868099965
19,2461007.716713,312.7099341,44.8364873,2,16.940900802612305,0.04567499831318855,61007.21671300009
21,2461005.7205093,312.7095414,44.8364306,1,19.69230079650879,0.22924500703811646,61005.22050930001
22,2461005.6353241,312.7099859,44.8364992,2,16.890399932861328,0.03746499866247177,61005.13532410003
23,2461003.662662,312.7099517,44.8365104,2,16.50550079345703,0.03525499999523163,61003.16266199993
25,2460990.6127083,312.709997,44.8365052,2,17.1471004486084,0.053720999509096146,60990.11270829989
29,2460986.6007176,312.7100612,44.8365511,1,19.418899536132812,0.14427199959754944,60986.10071759997
30,2460984.6790856,312.7099764,44.836674,1,19.549699783325195,0.2943490147590637,60984.17908560019
32,2460980.6540046,312.7100208,44.8365606,1,19.395999908447266,0.11385300010442734,60980.1540045999
34,2460978.7446412,312.7099691,44.8365445,1,19.342500686645508,0.12772199511528015,60978.244641200174
36,2460976.6830556,312.7101238,44.836541,1,18.878299713134766,0.10486400127410889,60976.18305560015
37,2460976.633831,312.7099426,44.8365499,2,18.56399917602539,0.10463199764490128,60976.133830999956
38,2460974.6828009,312.7099811,44.8365772,1,19.4950008392334,0.1419290006160736,60974.18280090019
39,2460974.6365509,312.7099816,44.8365178,2,18.398799896240234,0.14147800207138062,60974.13655090006
40,2460972.7707523,312.7100081,44.8365656,1,19.10409927368164,0.10402599722146988,60972.27075230004
42,2460969.7610069,312.7098991,44.8365145,2,17.90410041809082,0.1265069991350174,60969.26100690011
43,2460969.7451042,312.7100668,44.8365432,1,19.764299392700195,0.13506700098514557,60969.24510420021
44,2460967.7634144,312.7100253,44.8364051,2,18.611299514770508,0.14272400736808777,60967.263414400164
46,2460967.6816551,312.7100535,44.8365855,1,19.505199432373047,0.15774500370025635,60967.18165510008
47,2460965.7638542,312.7100961,44.8364944,2,17.868200302124023,0.0987429991364479,60965.26385420002
49,2460960.7154167,312.7100206,44.8366053,1,19.742399215698242,0.16290900111198425,60960.21541670011
50,2460960.6768056,312.7100324,44.8365023,2,18.079700469970703,0.12999799847602844,60960.17680560006
52,2460956.6612847,312.7099386,44.8365287,2,17.26099967956543,0.06691999733448029,60956.161284700036
54,2460954.6714236,312.7099979,44.8365656,1,18.89310073852539,0.1269489973783493,60954.171423600055
55,2460952.785706,312.7100551,44.8365475,1,18.695199966430664,0.15068300068378448,60952.28570599994
56,2460952.694375,312.7099945,44.8365242,2,17.898799896240234,0.07416699826717377,60952.19437499996
57,2460950.7180556,312.7100194,44.8365499,1,18.825599670410156,0.09712400287389755,60950.218055599835
59,2460948.7817245,312.7100001,44.8365532,1,18.912399291992188,0.07372000068426132,60948.281724500004
61,2460943.8049421,312.7099889,44.8365578,1,18.908300399780273,0.08888000249862671,60943.30494209984
64,2460938.7583912,312.7099875,44.8365505,1,18.922100067138672,0.07654300332069397,60938.2583912001
65,2460938.7583912,312.7099875,44.8365505,1,18.922100067138672,0.07654300332069397,60938.2583912001
67,2460934.8237153,312.7100407,44.8365747,1,19.216400146484375,0.10708999633789062,60934.32371529983
70,2460932.7859375,312.7099989,44.8365596,1,19.062400817871094,0.07937200367450714,60932.285937500186
72,2460928.7836343,312.7099943,44.836523,1,19.07229995727539,0.10998299717903137,60928.28363429988
74,2460926.8025231,312.7100058,44.8365579,1,19.174928665161133,0.1435212641954422,60926.30252309982
75,2460926.8025231,312.7100058,44.8365579,1,19.17490005493164,0.1435209959745407,60926.30252309982
79,2460922.9129514,312.7099741,44.8365534,1,18.745500564575195,0.08132900297641754,60922.41295140004
80,2460922.7374074,312.7099311,44.8365848,2,18.174299240112305,0.13244999945163727,60922.23740739981
81,2460920.8653819,312.7099314,44.8365853,2,17.723600387573242,0.10034599900245667,60920.36538190022
82,2460920.8274537,312.7099701,44.836548,1,18.64150047302246,0.07368600368499756,60920.327453699894
83,2460918.8009491,312.7099826,44.8365468,1,18.86079978942871,0.06834699958562851,60918.30094909994
84,2460918.7040741,312.7099547,44.8365663,2,18.4862003326416,0.1804089993238449,60918.204074100126
85,2460916.7427083,312.7098833,44.8365962,2,18.406099319458008,0.1340630054473877,60916.242708299775
86,2460916.6964352,312.7099531,44.8365527,1,18.975299835205078,0.08327200263738632,60916.19643520005
87,2460913.8680324,312.7100004,44.8364967,2,16.949899673461914,0.04696499928832054,60913.36803240003
89,2460911.8112731,312.7100011,44.8365199,2,17.32159996032715,0.04414200037717819,60911.311273099855
91,2460909.8042245,312.7099477,44.8365754,1,19.54199981689453,0.10753899812698364,60909.30422449997
92,2460909.8042245,312.7099477,44.8365754,1,19.54199981689453,0.10753899812698364,60909.30422449997
93,2460903.790081,312.7099897,44.8365357,2,17.642087936401367,0.100910484790802,60903.290080999956
94,2460903.790081,312.7099897,44.8365357,2,17.642099380493164,0.1009100005030632,60903.290080999956
95,2460901.7623727,312.710014,44.8365591,1,19.060100555419922,0.11516900360584259,60901.26237270003
96,2460901.7623727,312.710014,44.8365591,1,19.060100555419922,0.11516900360584259,60901.26237270003
98,2460899.7571065,312.7100215,44.8364964,2,17.363422393798828,0.10239853709936142,60899.25710650021
99,2460899.7571065,312.7100215,44.8364964,2,17.363399505615234,0.10239899903535843,60899.25710650021
102,2460897.6963079,312.7099465,44.8365587,1,19.745500564575195,0.2596850097179413,60897.196307899896
104,2460895.697338,312.7099133,44.8366183,1,19.452966690063477,0.1686723232269287,60895.19733799994
105,2460895.697338,312.7099133,44.8366183,1,19.452999114990234,0.16867199540138245,60895.19733799994
107,2460892.8650463,312.7099856,44.8365651,1,19.06730079650879,0.0913430005311966,60892.365046299994
108,2460889.8804977,312.7100048,44.8365469,1,19.159099578857422,0.08332400023937225,60889.38049770007
110,2460887.8504051,312.7098322,44.8364908,2,18.623199462890625,0.1754940003156662,60887.3504050998
111,2460887.8102778,312.709989,44.8365528,1,18.926300048828125,0.07936699688434601,60887.310277800076
113,2460885.783912,312.7099807,44.8365638,1,19.310699462890625,0.10002200305461884,60885.28391199978
115,2460883.7858102,312.7100177,44.8365006,2,17.791400909423828,0.12247899919748306,60883.28581020003
116,2460883.7858102,312.7100177,44.8365006,2,17.791400909423828,0.12247899919748306,60883.28581020003
117,2460883.7858102,312.7100177,44.8365006,2,17.791400909423828,0.12247899919748306,60883.28581020003
119,2460881.7368519,312.7099441,44.8365693,1,19.342899322509766,0.09700299799442291,60881.236851899885
120,2460879.893912,312.7100459,44.8364943,2,17.3471622467041,0.05230912193655968,60879.393912000116
121,2460879.893912,312.7100459,44.8364943,2,17.347200393676758,0.05230899900197983,60879.393912000116
123,2460877.8057986,312.7100097,44.8364911,2,18.43901252746582,0.12627708911895752,60877.30579859996
125,2460877.7883681,312.709962,44.8365441,1,19.463699340820312,0.11295100301504135,60877.288368099835
128,2460875.8101505,312.7099541,44.8365576,1,19.52680015563965,0.11606399714946747,60875.31015049992
130,2460872.7351389,312.7099844,44.8365665,1,18.904600143432617,0.09311500191688538,60872.23513890011
132,2460870.7421296,312.7099493,44.8365898,1,19.25096321105957,0.12773822247982025,60870.24212960014
133,2460870.7421296,312.7099493,44.8365898,1,19.250999450683594,0.12773799896240234,60870.24212960014
134,2460868.8824653,312.7100294,44.8365189,2,17.687999725341797,0.0960640013217926,60868.38246530015
135,2460868.8824653,312.7100294,44.8365189,2,17.687999725341797,0.0960640013217926,60868.38246530015
137,2460866.925706,312.7099368,44.8365725,1,18.813100814819336,0.10091400146484375,60866.42570600007
139,2460864.9285532,312.7099841,44.8365477,1,18.75550079345703,0.06913799792528152,60864.42855319986
140,2460864.8694792,312.7099579,44.8365615,2,18.196300506591797,0.1686449944972992,60864.36947919987
141,2460862.909919,312.7099818,44.8365435,1,18.722827911376953,0.06655184179544449,60862.40991900023
142,2460862.909919,312.7099818,44.8365435,1,18.72279930114746,0.06655199825763702,60862.40991900023
143,2460862.8955093,312.7099346,44.8365571,2,17.99920082092285,0.0805400013923645,60862.39550929982
144,2460860.9315162,312.7099846,44.8365641,1,19.15060043334961,0.08093500137329102,60860.43151619984
147,2460858.8623727,312.709955,44.8365613,1,19.068700790405273,0.09699700027704239,60858.362372700125
148,2460855.9304745,312.7099224,44.836516,2,17.933900833129883,0.08389700204133987,60855.43047450017
149,2460855.8876852,312.7100257,44.8365665,1,20.05030059814453,0.17328299582004547,60855.3876852002
151,2460853.8300694,312.7099681,44.8365346,1,19.091514587402344,0.11104398220777512,60853.330069399904
152,2460853.8300694,312.7099681,44.8365346,1,19.09149932861328,0.11104399710893631,60853.330069399904
156,2460849.7854745,312.7100289,44.8365034,2,17.809200286865234,0.1043509989976883,60849.28547450015
157,2460847.8634028,312.7099347,44.8365623,1,19.119552612304688,0.08554501086473465,60847.36340280017
160,2460845.8731481,312.7099874,44.8365249,1,19.222999572753906,0.09611599892377853,60845.373148099985
163,2460843.7828588,312.7099421,44.8365762,1,19.01180076599121,0.07959999889135361,60843.28285880014
164,2460840.8469097,312.7100203,44.8365377,2,16.858699798583984,0.07190000265836716,60840.34690969996
167,2460835.9560995,312.7099698,44.8365537,1,18.817800521850586,0.061159998178482056,60835.45609949995
168,2460835.8790278,312.7097664,44.8364,2,18.707599639892578,0.24137000739574432,60835.37902780017
169,2460831.8867245,312.7099299,44.8365563,1,19.033000946044922,0.07462599873542786,60831.386724499986
172,2460826.9273032,312.7100091,44.8365466,1,18.977500915527344,0.1309099942445755,60826.42730320012
174,2460823.8722569,312.7099969,44.8365008,2,18.0177001953125,0.09932699799537659,60823.372256900184
176,2460821.8637153,312.7099927,44.8365273,2,17.846799850463867,0.08709800243377686,60821.36371529987
179,2460817.9483218,312.7099862,44.8365606,1,18.90850067138672,0.07028000056743622,60817.44832180021
180,2460817.9224653,312.7098213,44.8365847,2,18.276399612426758,0.12517200410366058,60817.42246530019
181,2460815.9440509,312.7099788,44.8365567,1,19.011999130249023,0.10050000250339508,60815.44405090017
182,2460811.9497801,312.7100057,44.8365939,1,19.063499450683594,0.10349100083112717,60811.449780100025
189,2460797.9255556,312.7099964,44.8365055,2,17.157800674438477,0.06422899663448334,60797.42555559985
190,2460795.0003356,312.7100108,44.83655,1,19.417699813842773,0.14532199501991272,60794.50033560023
193,2460786.924838,312.7100333,44.8364948,2,17.313560485839844,0.06680119782686234,60786.42483799998
194,2460786.924838,312.7100333,44.8364948,2,17.313600540161133,0.06680099666118622,60786.42483799998
195,2460781.9758218,312.7099181,44.8365973,1,19.040700912475586,0.17937299609184265,60781.475821800064
196,2460775.9894676,312.7100008,44.8365841,1,19.469999313354492,0.15929299592971802,60775.489467599895
200,2460771.9712037,312.7100165,44.8365169,2,17.43429946899414,0.08016999810934067,60771.471203700174
202,2460761.9676042,312.709993,44.8364428,2,17.076499938964844,0.10514800250530243,60761.46760419989
203,2460759.010463,312.7099739,44.8364961,2,16.67340087890625,0.03826100006699562,60758.51046299981
204,2460758.9673032,312.7100155,44.8363356,1,19.283300399780273,0.1348630040884018,60758.46730320016
205,2460757.0101852,312.7099994,44.8365186,2,16.80270004272461,0.06737499684095383,60756.51018519979
206,2460754.0106944,312.7098517,44.8365123,1,18.893199920654297,0.2306320071220398,60753.51069439994
209,2460679.6337616,312.7101537,44.8365656,2,18.26321029663086,0.08844732493162155,60679.133761600126
210,2460679.6016204,312.7100453,44.8365549,1,18.767499923706055,0.07881099730730057,60679.10162039986
211,2460677.6160301,312.7097759,44.8364576,2,19.011699676513672,0.3106459975242615,60677.1160300998
212,2460677.603287,312.7099949,44.8365492,1,18.987943649291992,0.13550817966461182,60677.10328700021
213,2460677.603287,312.7099949,44.8365492,1,18.987899780273438,0.1355080008506775,60677.10328700021
214,2460674.6024306,312.7100661,44.8365711,1,19.027000427246094,0.1450359970331192,60674.10243060021
215,2460672.6337847,312.7100598,44.8365235,1,19.006999969482422,0.2228280007839203,60672.133784700185
217,2460668.6231366,312.710012,44.8365533,1,18.81599998474121,0.17297300696372986,60668.123136600014
218,2460668.5953472,312.7100148,44.8365587,2,17.78230094909668,0.07745999842882156,60668.095347200055
219,2460665.6160764,312.7099653,44.836549,2,17.44029998779297,0.07845299690961838,60665.11607640004
220,2460665.601956,312.7099862,44.8365395,1,18.55900001525879,0.0692249983549118,60665.101956000086
221,2460663.6146644,312.7100703,44.8365388,2,17.97330093383789,0.0682549998164177,60663.1146644
222,2460663.6042824,312.7100471,44.8365296,1,18.77829933166504,0.08776699751615524,60663.104282400105
223,2460660.6351042,312.7100285,44.8365635,2,17.71310043334961,0.06659200042486191,60660.13510419987
224,2460660.6144676,312.7099875,44.8365552,1,18.636499404907227,0.11176799982786179,60660.114467599895
226,2460658.604919,312.7100102,44.836527,2,17.865100860595703,0.07211700081825256,60658.10491900006
227,2460655.6183218,312.7101478,44.8364782,1,18.75149917602539,0.13728100061416626,60655.11832180014
228,2460653.6579977,312.7100501,44.8365625,1,18.995899200439453,0.11683200299739838,60653.15799769992
229,2460651.6153819,312.7100194,44.8365528,2,17.895299911499023,0.06796000152826309,60651.11538190022
230,2460651.595544,312.7099863,44.836551,1,18.779800415039062,0.06834600120782852,60651.095544000156
233,2460647.6220023,312.70999,44.8365547,1,18.564800262451172,0.07203900068998337,60647.122002299875
236,2460645.6165741,312.7099703,44.8365426,2,17.006999969482422,0.05384400114417076,60645.11657410022
237,2460643.7035301,312.7100138,44.8365434,2,17.48189926147461,0.05842600017786026,60643.203530100174
239,2460639.6361574,312.7102307,44.8365555,1,18.255399703979492,0.17760899662971497,60639.136157399975
240,2460636.7049769,312.7099985,44.836551,2,17.365299224853516,0.05938899889588356,60636.204976900015
241,2460636.5967593,312.7099573,44.8365216,1,18.5625,0.06682699918746948,60636.09675930021
242,2460634.6393171,312.7100032,44.8365509,1,18.462499618530273,0.06070199981331825,60634.139317099936
243,2460634.6015972,312.7100033,44.8365325,2,17.24180030822754,0.04413500055670738,60634.10159720015
245,2460632.6034375,312.7099723,44.8365157,1,18.316099166870117,0.06128999963402748,60632.103437500075
246,2460629.7036343,312.7100255,44.8365356,1,18.267000198364258,0.09862399846315384,60629.2036342998
247,2460629.6188426,312.7099788,44.8365364,2,17.02440071105957,0.0372840017080307,60629.11884259991
248,2460627.7072106,312.7100216,44.836486,1,18.407699584960938,0.09904500097036362,60627.20721059991
249,2460627.6142824,312.7099945,44.8365381,2,17.25429916381836,0.04313499853014946,60627.11428239988
250,2460625.6795718,312.7099694,44.8365465,1,18.449899673461914,0.08210399746894836,60625.179571799934
251,2460625.6440278,312.7099533,44.83653,2,17.204299926757812,0.05227300152182579,60625.14402779983
252,2460622.6441204,312.7099996,44.8365172,2,17.039600372314453,0.03256100043654442,60622.14412039984
253,2460622.603287,312.7099807,44.8365158,1,18.364700317382812,0.05071000009775162,60622.10328700021
254,2460620.6751968,312.7099689,44.8365609,1,18.324100494384766,0.059776000678539276,60620.175196799915
255,2460618.6025926,312.7099752,44.8365339,2,17.089799880981445,0.037282999604940414,60618.102592600044
256,2460615.7488426,312.7099808,44.8365352,2,16.800100326538086,0.05341599881649017,60615.2488425998
257,2460615.7247454,312.7099877,44.8365349,1,18.197999954223633,0.051364000886678696,60615.224745399784
259,2460609.6774537,312.7099755,44.8365433,1,18.28219985961914,0.05147400125861168,60609.17745369999
260,2460609.6571875,312.7099622,44.836542,2,16.736299514770508,0.04461099952459335,60609.15718750004
261,2460607.6547917,312.7099618,44.836543,2,16.702600479125977,0.035225000232458115,60607.15479170019
262,2460607.6390625,312.7099747,44.836545,1,18.193599700927734,0.054506998509168625,60607.13906250009
263,2460603.6234259,312.709976,44.8365369,1,18.337799072265625,0.05989599972963333,60603.123425900005
264,2460600.785544,312.7100097,44.8365071,1,18.180299758911133,0.11939799785614014,60600.2855440001
265,2460600.7071875,312.7099702,44.8365481,2,16.80069923400879,0.03743299841880798,60600.20718749985
266,2460598.6966551,312.7099786,44.8365297,1,18.278499603271484,0.07079599797725677,60598.19665510021
267,2460598.6151157,312.7099476,44.8365505,2,16.883100509643555,0.04885900020599365,60598.115115699824
268,2460596.6937153,312.7099967,44.8365392,1,18.36389923095703,0.0712909996509552,60596.193715299945
269,2460596.6586574,312.7099527,44.8365489,2,17.045499801635742,0.06112400069832802,60596.15865739994
270,2460593.7409606,312.7099968,44.8365203,1,18.37350082397461,0.057760998606681824,60593.240960599855
271,2460593.6933565,312.7099541,44.83652,2,17.044200897216797,0.04601699858903885,60593.19335650001
272,2460591.7395486,312.7099598,44.8365389,2,16.855100631713867,0.03918800130486488,60591.23954859981
273,2460591.7026968,312.7099692,44.8365419,1,18.239099502563477,0.05127200111746788,60591.20269680023
274,2460580.6613773,312.7099518,44.8365375,2,16.517099380493164,0.052358001470565796,60580.16137730004
275,2460580.6427662,312.7099766,44.8365418,1,18.07710075378418,0.06702999770641327,60580.142766200006
276,2460578.7403241,312.7099682,44.8365426,1,18.097999572753906,0.06814700365066528,60578.240324100014
277,2460578.7189583,312.7099649,44.836549,2,16.519800186157227,0.03771999850869179,60578.21895830007
278,2460571.770787,312.7099786,44.8365125,1,18.020299911499023,0.07022500038146973,60571.27078700019
279,2460571.7292245,312.7099607,44.8365339,2,16.41390037536621,0.03418799862265587,60571.22922449978
280,2460566.8304977,312.7099635,44.8365204,1,18.06450080871582,0.06645099818706512,60566.33049769979
281,2460566.738588,312.7099604,44.8365453,2,16.45439910888672,0.03947500139474869,60566.23858800018
282,2460563.8033912,312.7099837,44.8364699,1,18.295900344848633,0.18005900084972382,60563.303391200025
283,2460563.7478588,312.7099416,44.8365661,2,16.955400466918945,0.05957600101828575,60563.247858799994
284,2460561.8293634,312.7099447,44.8365473,1,18.576200485229492,0.08569499850273132,60561.32936340012
285,2460561.8069213,312.7099753,44.8365445,2,17.42799949645996,0.07435499876737595,60561.30692130001
286,2460559.7993866,312.7099631,44.8365454,1,18.60580062866211,0.06567800045013428,60559.29938660003
287,2460559.7251968,312.7099423,44.8365498,2,17.546199798583984,0.06718199700117111,60559.225196800195
288,2460559.7251968,312.7099423,44.8365498,2,17.546199798583984,0.06718199700117111,60559.225196800195
289,2460557.7675926,312.7099728,44.8365451,1,18.72599983215332,0.06442900002002716,60557.26759260008
291,2460555.7553125,312.7099963,44.8365603,1,18.667400360107422,0.07575800269842148,60555.255312500056
292,2460555.7034028,312.7099253,44.8365804,2,17.704500198364258,0.09651699662208557,60555.20340280002
293,2460553.8207292,312.7099976,44.8365483,1,18.611900329589844,0.05734800174832344,60553.3207291998
295,2460551.8323148,312.7099999,44.8365388,1,18.5,0.06341999769210815,60551.332314800005
296,2460551.7439583,312.7099634,44.836538,2,17.1924991607666,0.058410000056028366,60551.24395829998
297,2460549.8499306,312.7099573,44.8365383,2,16.83970069885254,0.03841400146484375,60549.3499305998
298,2460549.7827662,312.7099813,44.8365443,1,18.29360008239746,0.051437001675367355,60549.28276620014
299,2460547.7809259,312.7099866,44.8365357,1,18.27440071105957,0.06151700019836426,60547.28092590021
300,2460547.7577199,312.7099484,44.8365326,2,16.778600692749023,0.051017001271247864,60547.25771989999
301,2460545.8235185,312.7099961,44.8365318,1,18.209470748901367,0.0659145787358284,60545.3235185002
302,2460545.8235185,312.7099961,44.8365318,1,18.20949935913086,0.06591500341892242,60545.3235185002
303,2460545.7668634,312.7099773,44.8365272,2,16.732799530029297,0.03803199902176857,60545.26686340012
304,2460545.7668634,312.7099773,44.8365272,2,16.732799530029297,0.03803199902176857,60545.26686340012
305,2460545.7668634,312.7099773,44.8365272,2,16.732799530029297,0.03803199902176857,60545.26686340012
306,2460543.8006829,312.7099787,44.83656,1,18.286300659179688,0.06756599992513657,60543.30068290001
307,2460543.766956,312.7099439,44.836555,2,16.903499603271484,0.04755900055170059,60543.26695600012
308,2460543.766956,312.7099439,44.836555,2,16.903499603271484,0.04755900055170059,60543.26695600012
309,2460539.8391088,312.7099684,44.8365374,2,16.62459945678711,0.03295699879527092,60539.33910880005
310,2460537.8488773,312.7099835,44.8365339,1,18.22294807434082,0.06214281916618347,60537.34887730004
311,2460537.8488773,312.7099835,44.8365339,1,18.222900390625,0.062143001705408096,60537.34887730004
312,2460537.8044444,312.7099536,44.8365395,2,16.631200790405273,0.05773400142788887,60537.30444440013
313,2460537.8044444,312.7099536,44.8365395,2,16.631200790405273,0.05773400142788887,60537.30444440013
314,2460535.8247222,312.7099784,44.836533,1,18.177288055419922,0.049688730388879776,60535.32472220017
315,2460535.8247222,312.7099784,44.836533,1,18.17729949951172,0.049688998609781265,60535.32472220017
316,2460535.7845023,312.7099552,44.8365386,2,16.508899688720703,0.041359998285770416,60535.28450229997
317,2460530.8712384,312.709967,44.8365329,1,18.115169525146484,0.05287672579288483,60530.37123840023
318,2460530.8712384,312.7099669,44.8365329,1,18.115999221801758,0.05276399850845337,60530.37123840023
319,2460530.8228819,312.7099571,44.8365414,2,16.519100189208984,0.039716001600027084,60530.322881899774
320,2460530.8228819,312.7099569,44.8365417,2,16.5177001953125,0.04008600115776062,60530.322881899774
321,2460528.9028472,312.7099613,44.8365441,2,16.64080047607422,0.060759998857975006,60528.40284720017
322,2460528.9028472,312.7099613,44.8365441,2,16.64080047607422,0.060759998857975006,60528.40284720017
323,2460528.8271528,312.7099784,44.8365463,1,18.21739959716797,0.05489199981093407,60528.327152799815
324,2460528.8271528,312.7099784,44.8365463,1,18.21739959716797,0.05489199981093407,60528.327152799815
325,2460526.8883681,312.7099473,44.8365318,2,17.343299865722656,0.04748399928212166,60526.38836809993
326,2460526.8883681,312.7099473,44.8365318,2,17.343299865722656,0.04748399928212166,60526.38836809993
327,2460526.8883681,312.7099473,44.8365318,2,17.343299865722656,0.04748399928212166,60526.38836809993
328,2460526.8440046,312.7099294,44.8365252,1,18.666200637817383,0.06968700140714645,60526.34400459984
329,2460526.8440046,312.7099294,44.8365252,1,18.666200637817383,0.06968700140714645,60526.34400459984
330,2460524.9025231,312.709954,44.8365566,2,17.28700065612793,0.07666099816560745,60524.40252309991
331,2460524.8468866,312.7099695,44.8365432,1,18.559900283813477,0.062403999269008636,60524.3468865999
332,2460521.8461458,312.7099982,44.8365578,1,18.74799919128418,0.07062199711799622,60521.34614579985
333,2460521.8058681,312.7099764,44.8366005,2,17.825199127197266,0.09509100019931793,60521.30586809991
334,2460521.8058681,312.7099081,44.8365916,2,17.658599853515625,0.03112100064754486,60521.30586809991
335,2460519.9372338,312.7099841,44.8365278,1,18.61829948425293,0.07249300181865692,60519.43723380007
336,2460519.8300347,312.709946,44.8365389,2,17.549800872802734,0.0764549970626831,60519.33003470022
337,2460519.8300347,312.709946,44.8365389,2,17.549800872802734,0.0764549970626831,60519.33003470022
338,2460516.8840856,312.7099513,44.8365372,2,16.99209976196289,0.05485599860548973,60516.3840855998
339,2460516.8111806,312.7099686,44.8365441,1,18.305400848388672,0.07113400101661682,60516.311180599965
340,2460514.9103588,312.7099928,44.8365307,1,18.351900100708008,0.08795099705457687,60514.41035880009
341,2460514.8332755,312.7099408,44.8365417,2,16.908000946044922,0.04315600171685219,60514.33327550022
342,2460511.9078241,312.7099578,44.8365487,1,18.735200881958008,0.10241899639368057,60511.407824099995
343,2460511.8193866,312.7099569,44.8365397,2,17.755599975585938,0.08817499876022339,60511.31938660005
344,2460509.8818056,312.7099726,44.8365711,1,19.17140007019043,0.12380100041627884,60509.38180560013
348,2460504.8455903,312.7099703,44.8366094,1,19.62619972229004,0.11863800138235092,60504.34559029993
350,2460502.8840509,312.7099986,44.8365266,2,17.56730079650879,0.08842899650335312,60502.38405090012
352,2460500.8488889,312.7099381,44.8365353,1,19.619600296020508,0.14014999568462372,60500.34888890013
353,2460494.9215625,312.7099539,44.8365607,1,19.233600616455078,0.08526399731636047,60494.42156249983
355,2460490.8863773,312.7100429,44.8364387,2,18.54789924621582,0.14697900414466858,60490.386377300136
356,2460490.8524653,312.7100028,44.8365926,1,19.871700286865234,0.13632400333881378,60490.35246529989
358,2460487.9043981,312.7099897,44.8365392,2,16.991500854492188,0.06214800104498863,60487.404398099985
360,2460483.8695949,312.7099919,44.83654,2,17.323999404907227,0.07097499817609787,60483.36959489994
361,2460481.9107407,312.7099974,44.8365863,1,19.822999954223633,0.18963100016117096,60481.410740700085
364,2460479.8719213,312.7100498,44.8365222,2,17.667600631713867,0.08862700313329697,60479.37192129996
366,2460476.9084838,312.7099928,44.8365717,1,19.499000549316406,0.11403299868106842,60476.40848380001
367,2460473.9578935,312.7098901,44.8364928,1,19.379499435424805,0.11211100220680237,60473.457893500105
368,2460473.9075231,312.7099584,44.8365253,2,16.845800399780273,0.039326999336481094,60473.4075230998
369,2460470.9436574,312.7099893,44.8365668,1,18.407100677490234,0.06252499669790268,60470.44365740009
370,2460470.8660764,312.7099856,44.8365033,2,16.39929962158203,0.05386799946427345,60470.36607640004
371,2460463.9500694,312.709996,44.8365096,1,18.074499130249023,0.06104600057005882,60463.450069400016
372,2460463.9138773,312.7099799,44.8365297,2,15.932100296020508,0.04287000000476837,60463.41387729999
374,2460460.8852778,312.7100078,44.836508,2,16.88010025024414,0.07198899984359741,60460.385277799796
375,2460458.9062037,312.7099694,44.8365154,2,16.287900924682617,0.05704699829220772,60458.40620370023
376,2460458.9062037,312.7099694,44.8365154,2,16.287870407104492,0.057047367095947266,60458.40620370023
377,2460456.9375926,312.7099694,44.8364886,1,18.0137996673584,0.06616400182247162,60456.43759260001
378,2460456.8915162,312.7099874,44.8365112,2,15.938699722290039,0.05111699923872948,60456.3915161998
379,2460451.9331597,312.7100029,44.8365558,1,18.494400024414062,0.08924700319766998,60451.43315970013
381,2460451.8738657,312.7099847,44.8365118,2,16.099899291992188,0.04030599817633629,60451.37386569986
382,2460448.9676157,312.7099665,44.8365209,1,18.288999557495117,0.041085999459028244,60448.46761569986
383,2460448.9074769,312.7099636,44.8365404,2,15.233200073242188,0.06409099698066711,60448.407476900145
384,2460445.966875,312.7099828,44.8365164,2,16.208499908447266,0.03732199966907501,60445.466874999925
385,2460434.9685069,312.7099778,44.836503,2,15.8302001953125,0.038412999361753464,60434.46850690013
386,2460434.9467593,312.7099916,44.8365106,1,18.074800491333008,0.05683299899101257,60434.44675929984
387,2460432.9735301,312.7099834,44.836504,2,16.528900146484375,0.05728999897837639,60432.47353010019
388,2460432.9438542,312.7100882,44.8365001,1,18.978099822998047,0.10412999987602234,60432.44385420019
389,2460429.9762847,312.7100059,44.8365128,1,17.952999114990234,0.050071001052856445,60429.47628469998
390,2460429.886088,312.7100016,44.8365071,2,15.831999778747559,0.04330899938941002,60429.386088000145
391,2460423.950544,312.7099853,44.8365183,2,16.087400436401367,0.05584299936890602,60423.45054400014
392,2460423.8813194,312.7101431,44.8364579,1,18.322999954223633,0.09841299802064896,60423.38131939992
393,2460407.9911806,312.7099548,44.8365225,2,15.65779972076416,0.04606600105762482,60407.49118060013
394,2460407.9715162,312.709989,44.8365069,1,17.65730094909668,0.060509998351335526,60407.471516199876
395,2460404.0,312.7099747,44.836519,2,15.553199768066406,0.043779999017715454,60403.5
396,2460403.9674074,312.7100174,44.8364888,1,17.632200241088867,0.05678299814462662,60403.46740739979
397,2460403.9674074,312.7100174,44.8364888,1,17.632200241088867,0.05678299814462662,60403.46740739979
398,2460390.0389699,312.709993,44.8364909,2,15.715700149536133,0.029510000720620155,60389.53896989999
399,2460389.9712731,312.7099766,44.8365162,1,17.72319984436035,0.05187699943780899,60389.4712731
400,2460388.0092245,312.7100783,44.8364561,2,16.465089797973633,0.03876110538840294,60387.50922450004
402,2460290.6594329,312.7099597,44.8365134,2,16.024595260620117,0.04052054136991501,60290.15943290014
403,2460288.6562037,312.7099379,44.8364871,2,15.911800384521484,0.030520999804139137,60288.15620370023
404,2460288.6135648,312.7098662,44.8364568,1,18.222000122070312,0.09113500267267227,60288.113564800005
405,2460285.6411806,312.7099896,44.8364921,2,15.648200035095215,0.029214000329375267,60285.14118060004
406,2460285.620544,312.7099261,44.8365069,1,17.94379997253418,0.0498570017516613,60285.12054400006
407,2460268.645162,312.7099391,44.8365245,2,15.473199844360352,0.03170400112867355,60268.145161999855
408,2460268.6189236,312.7099303,44.8365284,1,17.66710090637207,0.05396600067615509,60268.11892359983
409,2460262.6551042,312.7098866,44.8365134,1,18.62649917602539,0.0839499980211258,60262.15510419989
410,2460260.6368866,312.7097455,44.8364799,1,19.31599998474121,0.11763200163841248,60260.13688659994
411,2460260.6180903,312.7099825,44.8365072,2,16.571800231933594,0.03521500155329704,60260.11809029989
412,2460258.7382176,312.7099435,44.8365188,2,16.00040054321289,0.03206299990415573,60258.238217600156
413,2460258.6355903,312.7099582,44.8365075,1,18.58679962158203,0.062449000775814056,60258.135590299964
414,2460255.6795949,312.7099399,44.8365178,1,18.067399978637695,0.04609199985861778,60255.17959489999
415,2460255.6397222,312.7099842,44.8365163,2,15.848199844360352,0.05270500108599663,60255.13972220011
416,2460253.6989699,312.7099197,44.8364993,1,18.440399169921875,0.06430500000715256,60253.19896990014
417,2460253.6614699,312.7100116,44.8365431,2,16.102500915527344,0.05747000128030777,60253.16146990005
418,2460251.6556134,312.7099746,44.8365229,2,16.069992065429688,0.04746398329734802,60251.15561340004
420,2460251.616956,312.7099277,44.8365331,1,18.566499710083008,0.06943999975919724,60251.116956000216
421,2460249.6614352,312.7099581,44.8365079,2,16.17959976196289,0.05093500018119812,60249.1614351999
422,2460249.6438657,312.7099145,44.8364506,1,18.493900299072266,0.08036500215530396,60249.14386569988
423,2460245.6778472,312.7099722,44.8365114,2,16.410999298095703,0.050064001232385635,60245.17784720007
424,2460245.6395602,312.7099743,44.836525,1,18.957000732421875,0.10830199718475342,60245.13956019981
425,2460242.7189931,312.7099496,44.8365154,2,16.276199340820312,0.050202999264001846,60242.21899309987
426,2460242.6626157,312.709944,44.8365147,1,18.521299362182617,0.08772700279951096,60242.16261570016
427,2460238.7429051,312.7098967,44.8364975,1,18.910200119018555,0.0780780017375946,60238.242905099876
428,2460238.6284722,312.7099806,44.8365288,2,16.47410011291504,0.056717999279499054,60238.12847220013
429,2460238.6284722,312.7099806,44.8365288,2,16.47410011291504,0.056717999279499054,60238.12847220013
430,2460236.6988194,312.7099198,44.8365552,1,19.66939926147461,0.16143199801445007,60236.19881939981
431,2460236.6396296,312.7099792,44.8365209,2,16.530399322509766,0.05859300121665001,60236.139629600104
432,2460234.6814352,312.7099649,44.8365308,1,18.680200576782227,0.06719399988651276,60234.18143519992
433,2460234.6558681,312.7099835,44.836511,2,16.279300689697266,0.05359400063753128,60234.1558681
434,2460232.6608333,312.7099752,44.8365403,2,16.102699279785156,0.0412370003759861,60232.16083330009
435,2460232.6407755,312.7099702,44.8365151,1,18.516599655151367,0.06496600061655045,60232.140775499865
436,2460230.8243519,312.7097592,44.8364925,1,18.420299530029297,0.09344899654388428,60230.32435189979
437,2460230.7076968,312.7099736,44.8365297,2,15.839900016784668,0.020023999735713005,60230.20769680012
438,2460227.7232407,312.7099537,44.8365272,1,17.23240089416504,0.04148000106215477,60227.223240700085
439,2460227.6840046,312.7099676,44.8365326,2,15.260299682617188,0.034320998936891556,60227.18400460016
440,2460224.7221875,312.7099784,44.8365079,2,15.778200149536133,0.05215999856591225,60224.22218749998
441,2460224.6957755,312.7099526,44.8365418,1,17.914499282836914,0.051635999232530594,60224.19577550003
442,2460222.7264931,312.7099501,44.8365267,1,17.386699676513672,0.04636799916625023,60222.22649310017
443,2460222.6602083,312.7099876,44.8365254,2,15.482000350952148,0.037790000438690186,60222.16020830022
444,2460220.7036921,312.7099328,44.8365205,1,17.46649932861328,0.039730001240968704,60220.20369210001
445,2460216.7165162,312.7099472,44.8365047,1,17.595500946044922,0.050992999225854874,60216.21651619999
446,2460216.6653241,312.7099708,44.8365311,2,15.455499649047852,0.04264599829912186,60216.16532409983
447,2460214.8666551,312.7099292,44.836515,1,17.57040023803711,0.06645400077104568,60214.36665510014
448,2460214.7580556,312.709983,44.8365174,2,15.653200149536133,0.045591000467538834,60214.25805559987
449,2460212.7221528,312.7099557,44.8365146,1,18.79949951171875,0.08516599982976913,60212.22215279983
450,2460212.6855787,312.7099753,44.8365145,2,16.314699172973633,0.05592299997806549,60212.185578700155
451,2460209.8248032,312.7099537,44.8364959,1,18.619800567626953,0.07352100312709808,60209.324803200085
452,2460209.7622917,312.7099824,44.8365246,2,16.20159912109375,0.03609300032258034,60209.26229170011
453,2460209.7622917,312.7099824,44.8365246,2,16.20159912109375,0.03609300032258034,60209.26229170011
454,2460206.7450694,312.7099538,44.8365185,1,17.911500930786133,0.06502600014209747,60206.24506939994
455,2460206.6980324,312.7099846,44.83652,2,15.661299705505371,0.04241900146007538,60206.198032400105
456,2460204.7278125,312.7099535,44.8365108,1,18.420900344848633,0.07169900089502335,60204.227812500205
457,2460204.6574769,312.7099921,44.8365399,2,16.12179946899414,0.05813400074839592,60204.157476900145
458,2460202.7468171,312.7099791,44.8365214,2,16.153791427612305,0.05377180874347687,60202.24681709986
459,2460202.7468171,312.7099791,44.8365214,2,16.153799057006836,0.05377199873328209,60202.24681709986
460,2460200.7618981,312.7099404,44.83651,1,18.58690071105957,0.07566100358963013,60200.26189809991
461,2460200.7003935,312.7099615,44.8365164,2,16.29599952697754,0.05060499906539917,60200.20039349981
462,2460196.886794,312.7099274,44.8365072,1,18.538000106811523,0.07989700138568878,60196.38679399993
463,2460196.7165625,312.7099967,44.8365242,2,16.118900299072266,0.05633600056171417,60196.21656250022
464,2460194.7812847,312.7099052,44.8365237,1,19.49810028076172,0.12883099913597107,60194.28128470015
465,2460194.714456,312.7099803,44.836512,2,16.635099411010742,0.05974400043487549,60194.2144559999
466,2460194.714456,312.7099803,44.836512,2,16.635099411010742,0.05974400043487549,60194.2144559999
467,2460191.9089352,312.7098609,44.8364457,1,18.456100463867188,0.09870599955320358,60191.40893519996
468,2460191.679919,312.7099795,44.8365113,2,16.301300048828125,0.034800998866558075,60191.179918999784
469,2460186.7415162,312.7099798,44.8365283,2,16.620399475097656,0.07254800200462341,60186.241516199894
470,2460186.6977778,312.7100092,44.8364696,1,19.11389923095703,0.13731899857521057,60186.197777799796
471,2460184.9102894,312.7099065,44.8365293,1,18.382400512695312,0.0670280009508133,60184.41028939979
472,2460184.836088,312.7099544,44.8365163,2,16.04840087890625,0.035068999975919724,60184.336087999865
473,2460182.8925347,312.7099518,44.8365124,1,17.90019989013672,0.053070999681949615,60182.39253470022
474,2460182.8507292,312.709967,44.8365275,2,15.754799842834473,0.047616999596357346,60182.35072920006
475,2460180.7876273,312.7100169,44.836476,1,18.137100219726562,0.10649500042200089,60180.28762729978
476,2460178.7603241,312.7099776,44.8365272,2,15.946999549865723,0.05938899889588356,60178.26032410003
477,2460172.7902315,312.7099498,44.8365295,2,16.41864013671875,0.052716098725795746,60172.29023149982
478,2460172.7902315,312.7099498,44.8365295,2,16.41860008239746,0.05271599814295769,60172.29023149982
479,2460172.7600694,312.7099674,44.836526,1,18.514299392700195,0.08361700177192688,60172.26006940007
480,2460170.8413079,312.7099653,44.8365218,1,18.30120086669922,0.07154600322246552,60170.341307899915
481,2460170.8055208,312.7099741,44.8365158,2,16.016799926757812,0.04094399884343147,60170.30552079994
482,2460166.7834028,312.7099863,44.8365256,2,16.332500457763672,0.05659500136971474,60166.283402800094
483,2460162.8599537,312.7099448,44.8365215,1,18.543399810791016,0.06294699758291245,60162.3599537001
484,2460162.8448611,312.709974,44.8365189,2,16.16629981994629,0.040591999888420105,60162.34486109996
485,2460160.8232292,312.7099528,44.8365211,1,18.272899627685547,0.05971100181341171,60160.32322920021
486,2460160.7778472,312.709995,44.8365097,2,16.002099990844727,0.05020600184798241,60160.27784720017
487,2460156.8829861,312.709976,44.8365193,2,16.322599411010742,0.06260199844837189,60156.382986099925
488,2460156.8323958,312.7099231,44.8365162,1,18.74169921875,0.11095400154590607,60156.332395799924
489,2460154.9378588,312.7099366,44.8365278,2,15.959199905395508,0.0715079978108406,60154.43785879994
490,2460154.8666898,312.7100231,44.8365007,1,18.802499771118164,0.1341709941625595,60154.36668979982
492,2460150.8956481,312.7099805,44.836529,2,16.318300247192383,0.04843800142407417,60150.39564809995
493,2460150.8029977,312.7100151,44.8365223,1,19.082399368286133,0.10441800206899643,60150.30299769994
494,2460148.854213,312.7099976,44.8365134,2,16.864299774169922,0.06761699914932251,60148.35421299981
495,2460148.8025,312.7099627,44.8365265,1,19.567699432373047,0.1282069981098175,60148.30250000022
496,2460146.8488194,312.7099945,44.8364974,2,16.92970085144043,0.07325100153684616,60146.348819400184
497,2460146.8235301,312.7099786,44.836486,2,16.860000610351562,0.06721899658441544,60146.32353009982
499,2460144.8040162,312.7100004,44.8365412,2,17.18320083618164,0.07346499711275101,60144.304016199894
501,2460141.7858102,312.7100345,44.8364986,2,17.44770050048828,0.11091099679470062,60141.28581020003
503,2460139.8690394,312.7100268,44.8365243,2,17.14189910888672,0.06590799987316132,60139.369039400015
504,2460137.9099769,312.7100132,44.8365099,2,16.83060073852539,0.08505699783563614,60137.40997690009
505,2460137.8655324,312.7099118,44.8365192,1,19.58530044555664,0.12797799706459045,60137.36553240009
506,2460135.9466551,312.7099759,44.8365219,2,16.290700912475586,0.05789899826049805,60135.44665510021
507,2460135.8291551,312.7099851,44.8365091,1,18.692399978637695,0.06767400354146957,60135.329155100044
508,2460133.8748727,312.7099809,44.8365138,2,16.609899520874023,0.05958599969744682,60133.374872699846
510,2460127.8274074,312.7099641,44.8365339,2,16.716400146484375,0.0650010034441948,60127.327407400124
511,2460125.9319676,312.7099766,44.8365382,2,17.034900665283203,0.0658000037074089,60125.43196759978
513,2460122.9514699,312.7099684,44.8365107,2,16.643800735473633,0.05391699820756912,60122.45146990009
514,2460122.9243056,312.7099427,44.8365081,1,19.14620018005371,0.07955099642276764,60122.424305600114
515,2460120.9282986,312.7099297,44.8364737,1,20.122400283813477,0.1403840035200119,60120.42829860002
516,2460120.8893519,312.7099968,44.8365199,2,16.964099884033203,0.060217998921871185,60120.3893519002
517,2460118.9427315,312.7099692,44.8365482,2,17.107200622558594,0.05869000032544136,60118.44273150014
519,2460115.9231019,312.7099824,44.8365503,1,19.464399337768555,0.10584499686956406,60115.423101900145
521,2460112.9258565,312.7099876,44.83658,1,19.52519989013672,0.13549800217151642,60112.42585649993
523,2460110.8946875,312.7099497,44.836576,1,19.409400939941406,0.118306003510952,60110.39468749985
525,2460108.9280787,312.7099841,44.8365354,2,17.35650062561035,0.07266700267791748,60108.42807869986
528,2460103.9165856,312.7100207,44.8364955,2,17.24169921875,0.10228300094604492,60103.4165856
529,2460100.9481366,312.709936,44.8364181,1,19.728900909423828,0.19116699695587158,60100.4481366002
530,2460100.9266667,312.7099975,44.8365164,2,16.913299560546875,0.06026399880647659,60100.426666699816
531,2460098.9519213,312.7099667,44.8365221,1,18.843599319458008,0.10351700335741043,60098.45192130003
532,2460098.8879977,312.7099874,44.8364981,2,16.42799949645996,0.0443900004029274,60098.3879976999
533,2460092.8892708,312.7100009,44.836511,2,16.08650016784668,0.029068000614643097,60092.389270800166
534,2460092.8468981,312.7099763,44.836498,1,18.347400665283203,0.059526000171899796,60092.34689809987
535,2460089.9534144,312.7099773,44.8365173,2,16.592100143432617,0.0469059981405735,60089.45341440011
536,2460089.9327431,312.7100092,44.8364822,1,19.363500595092773,0.15378999710083008,60089.432743099984
537,2460086.9317593,312.7099866,44.8364785,1,18.917400360107422,0.06899899989366531,60086.431759300176
538,2460086.9091551,312.7099845,44.8364945,2,16.398700714111328,0.07064899802207947,60086.40915510012
540,2460084.9091319,312.7100808,44.8366036,2,17.60059928894043,0.06924600154161453,60084.40913189994
541,2460082.9484144,312.7100009,44.8364902,2,17.788299560546875,0.10106699913740158,60082.44841440022
542,2460082.9349769,312.7099741,44.8366077,1,20.09670066833496,0.2530890107154846,60082.4349769
543,2460079.9445486,312.7100226,44.8365702,1,19.79050064086914,0.1670989990234375,60079.44454859989
544,2460079.9250116,312.7101178,44.8364224,2,18.452999114990234,0.13555200397968292,60079.4250115999
545,2460077.9663194,312.7099131,44.8365077,2,18.582399368286133,0.11706999689340591,60077.466319399886
546,2460077.9101042,312.7099253,44.8365596,1,18.95479965209961,0.09187299758195877,60077.41010419978
548,2460073.9049306,312.7100702,44.8364884,2,17.757600784301758,0.0758500024676323,60073.404930599965
550,2460065.898912,312.7100706,44.8364999,2,17.500099182128906,0.06672000139951706,60065.398912000004
551,2460055.9648495,312.7100453,44.8364929,2,17.43869972229004,0.07619199901819229,60055.464849499986
553,2460053.9483102,312.7100172,44.8365016,2,17.577800750732422,0.09933499991893768,60053.448310200125
554,2460049.9879282,312.7100647,44.836479,2,17.918500900268555,0.06489499658346176,60049.48792820005
555,2460049.9632523,312.7099728,44.8365643,1,19.715200424194336,0.18018600344657898,60049.46325229993
556,2460044.9870255,312.7100089,44.8365092,1,18.587400436401367,0.07622600346803665,60044.48702549981
557,2460044.9359722,312.70997,44.836517,2,16.262800216674805,0.05364200100302696,60044.435972199775
558,2460042.9864583,312.7100435,44.8364905,1,18.97170066833496,0.1008709967136383,60042.48645830015
559,2460042.9758796,312.7099896,44.8365173,2,16.53190040588379,0.04284600168466568,60042.475879599806
560,2460032.9522917,312.7100063,44.8364982,2,16.713199615478516,0.046243999153375626,60032.45229170006
561,2459936.6195949,312.7097334,44.8365024,1,19.538307189941406,0.13087576627731323,59936.11959489994
562,2459934.6317014,312.7098749,44.8365025,1,18.802799224853516,0.08944299817085266,59934.13170140004
563,2459934.6240741,312.7099624,44.8365174,2,16.409099578857422,0.03683299943804741,59934.12407410005
564,2459932.6812269,312.7099436,44.8365045,2,16.376699447631836,0.0484980009496212,59932.18122689985
565,2459932.6174306,312.7098623,44.8365249,1,18.85379981994629,0.09279999881982803,59932.11743059987
566,2459930.6806944,312.7099178,44.8364852,2,16.19770050048828,0.028356999158859253,59930.18069439987
567,2459924.6795139,312.7099558,44.8365133,2,16.144800186157227,0.04890599846839905,59924.179513900075
568,2459922.6950926,312.7099392,44.8365108,2,16.76110076904297,0.0566600002348423,59922.19509259984
569,2459913.6585185,312.709954,44.8364786,2,17.548099517822266,0.06516499817371368,59913.15851850016
573,2459906.6366551,312.7100161,44.8365481,2,17.785600662231445,0.09891899675130844,59906.136655100156
575,2459904.6042708,312.7099952,44.8365343,2,16.951000213623047,0.05136600136756897,59904.10427080002
577,2459902.6142824,312.7099297,44.8365119,2,17.195499420166016,0.07659000158309937,59902.11428239988
578,2459900.6174421,312.7099655,44.8365192,2,16.676000595092773,0.04362000152468681,59900.11744209984
579,2459898.7622338,312.7099869,44.8364983,2,16.78580093383789,0.059870000928640366,59898.26223379979
580,2459898.6156134,312.7099054,44.836516,1,19.452199935913086,0.1185310035943985,59898.115613400005
581,2459896.6564352,312.7098228,44.8365146,1,19.105300903320312,0.10502000153064728,59896.15643520001
582,2459896.6170023,312.7099663,44.8365199,2,16.440000534057617,0.04006199911236763,59896.11700229999
583,2459894.6850579,312.7098803,44.8364828,1,19.12380027770996,0.15823300182819366,59894.185057899915
584,2459894.6207755,312.7099863,44.8365067,2,16.67060089111328,0.061239998787641525,59894.12077549985
585,2459889.7165972,312.7099111,44.8364767,1,17.948299407958984,0.07401499897241592,59889.216597199906
586,2459889.6988194,312.7099726,44.8365202,2,15.815199851989746,0.026684999465942383,59889.19881939981
587,2459887.7087616,312.7098197,44.8365535,1,18.328100204467773,0.09891799837350845,59887.208761599846
588,2459887.6440162,312.7099554,44.8365173,2,16.010099411010742,0.036361999809741974,59887.14401620021
589,2459883.6604167,312.709926,44.8364888,1,18.420700073242188,0.07232499867677689,59883.160416699946
590,2459883.6378819,312.7099696,44.8365231,2,16.03059959411621,0.04974900186061859,59883.137881900184
591,2459881.7655093,312.7099811,44.836526,2,15.665300369262695,0.04764699935913086,59881.265509299934
592,2459881.6341319,312.7099249,44.8365232,1,17.791900634765625,0.044766999781131744,59881.134131900035
593,2459879.8049074,312.7098466,44.8365108,1,17.695899963378906,0.05492499843239784,59879.30490740016
594,2459879.6368866,312.7099713,44.8365216,2,15.50730037689209,0.03827200084924698,59879.13688659994
595,2459877.7174884,312.7099073,44.8364751,1,18.677900314331055,0.07065699994564056,59877.21748840017
596,2459877.6611227,312.7099901,44.8365123,2,16.375200271606445,0.05100400000810623,59877.1611227002
597,2459874.6827778,312.7098653,44.8365479,1,19.547100067138672,0.12436799705028534,59874.18277780013
598,2459874.6561921,312.7099603,44.8365239,2,16.56760025024414,0.0475660003721714,59874.15619210014
599,2459872.6776736,312.7099519,44.83652,1,18.266300201416016,0.06462399661540985,59872.17767360015
600,2459870.8272685,312.709893,44.8365147,1,18.058300018310547,0.07015000283718109,59870.32726849988
601,2459870.7034028,312.7099687,44.8365185,2,15.84939956665039,0.05019500106573105,59870.20340280002
602,2459867.6812269,312.7099746,44.8365361,2,15.996899604797363,0.0462459996342659,59867.18122689985
603,2459867.6366782,312.7099717,44.8365251,1,18.282499313354492,0.0561549998819828,59867.136678200215
604,2459865.7220833,312.7099354,44.8365224,1,18.09670066833496,0.06673099845647812,59865.22208329989
605,2459865.6340394,312.7099901,44.8365296,2,15.689499855041504,0.03634300082921982,59865.134039400145
606,2459863.8203356,312.7098988,44.8364773,1,18.184499740600586,0.0713300034403801,59863.32033560006
607,2459863.7248958,312.7099798,44.8365199,2,16.04210090637207,0.06126600131392479,59863.2248958
608,2459861.769919,312.7099647,44.8365231,2,15.377699851989746,0.04310699924826622,59861.2699190001
609,2459861.7005208,312.7099337,44.8365185,1,17.50349998474121,0.044585999101400375,59861.20052079996
610,2459859.7210648,312.7099831,44.8365397,2,16.164100646972656,0.048951998353004456,59859.22106479993
611,2459859.6868287,312.7099212,44.836532,1,18.6072998046875,0.09500099718570709,59859.186828699894
612,2459857.7429745,312.7099258,44.8365103,1,18.64900016784668,0.09985899925231934,59857.24297450017
613,2459857.7179051,312.7099679,44.8365021,2,16.118600845336914,0.039765000343322754,59857.21790509997
614,2459855.7408681,312.7099214,44.836508,1,18.403200149536133,0.06841400265693665,59855.240868099965
615,2459853.7835185,312.7099198,44.8365097,1,18.90369987487793,0.08880099654197693,59853.28351850016
616,2459853.7469329,312.7099774,44.8365108,2,16.274799346923828,0.041503001004457474,59853.246932900045
617,2459851.703206,312.7099219,44.8364947,1,19.157800674438477,0.09307000041007996,59851.20320599992
618,2459851.6815046,312.7099932,44.8365161,2,16.52440071105957,0.07000400125980377,59851.181504600216
619,2459849.7025579,312.7098779,44.8364645,1,19.62820053100586,0.11720199882984161,59849.20255789999
620,2459849.6798264,312.709973,44.836528,2,16.61910057067871,0.053245000541210175,59849.17982639978
621,2459847.7817708,312.7099561,44.8365282,1,18.16309928894043,0.05584299936890602,59847.281770799775
622,2459847.7229861,312.7099935,44.8365204,2,15.836000442504883,0.053911998867988586,59847.222986099776
623,2459844.7976157,312.7099695,44.8365345,2,15.7298002243042,0.03551999852061272,59844.297615699936
624,2459844.7397801,312.7099541,44.8365251,1,17.870800018310547,0.05181699991226196,59844.23978010006
625,2459842.7842477,312.7099119,44.836527,1,18.800899505615234,0.09066399931907654,59842.284247700125
626,2459842.7231829,312.7099749,44.8365224,2,16.26959991455078,0.05647499859333038,59842.22318289988
627,2459840.7822338,312.7098854,44.836487,1,19.680299758911133,0.15091300010681152,59840.28223379981
628,2459840.7384606,312.7099125,44.8365335,1,19.529800415039062,0.12796199321746826,59840.23846059991
629,2459837.6605671,312.7099536,44.8365165,1,18.582700729370117,0.0781790018081665,59837.16056710016
630,2459827.8255903,312.7099801,44.8365355,2,16.211200714111328,0.051681000739336014,59827.32559029991
631,2459827.776713,312.7099311,44.8365223,1,18.930200576782227,0.10730499774217606,59827.276713000145
632,2459825.8294213,312.709986,44.8365047,2,16.30900001525879,0.04236600175499916,59825.329421299975
633,2459825.8029167,312.7099332,44.8365447,1,18.837499618530273,0.08918700367212296,59825.30291670002
635,2459823.7814931,312.7099919,44.8365329,2,16.974599838256836,0.07273700088262558,59823.28149309987
636,2459821.7271528,312.7099951,44.8364867,1,19.232500076293945,0.10504599660634995,59821.22715280019
637,2459819.7816551,312.7099804,44.8365176,1,19.181699752807617,0.11343300342559814,59819.281655100174
638,2459817.7895255,312.7099693,44.8365053,1,19.04439926147461,0.10778199881315231,59817.28952550003
639,2459817.7160764,312.7099997,44.8365172,2,16.466800689697266,0.06698200106620789,59817.21607640013
640,2459815.7948495,312.7099873,44.8364835,2,17.652700424194336,0.08057300001382828,59815.29484950006
643,2459813.7612616,312.7100065,44.8365336,2,17.274999618530273,0.10417799651622772,59813.26126160007
644,2459811.8473958,312.7099723,44.8365299,2,17.04949951171875,0.08402000367641449,59811.347395800054
645,2459809.8408565,312.709929,44.8364963,1,19.126100540161133,0.13126300275325775,59809.34085649997
646,2459809.7673611,312.7099654,44.8365046,2,16.44659996032715,0.059519000351428986,59809.26736109983
648,2459807.7859028,312.709989,44.8365242,2,17.046100616455078,0.10103999823331833,59807.28590280004
650,2459805.8067245,312.7099572,44.8364863,2,16.832000732421875,0.06027799844741821,59805.30672449991
652,2459802.7498611,312.7099848,44.8365723,2,17.611600875854492,0.10990200191736221,59802.24986110022
653,2459800.930544,312.7100082,44.8365209,2,18.03459930419922,0.14731399714946747,59800.43054400012
655,2459798.8459954,312.7100129,44.836494,2,17.19499969482422,0.06534700095653534,59798.3459954001
657,2459795.8205556,312.7099381,44.8365484,1,19.596399307250977,0.11843399703502655,59795.32055559987
658,2459793.8198843,312.7101266,44.8364232,2,18.346599578857422,0.1545190066099167,59793.31988430023
659,2459793.7788079,312.709949,44.8365432,1,19.486900329589844,0.11748600006103516,59793.278807899915
660,2459790.8243981,312.7099544,44.836559,1,19.20639991760254,0.10170400142669678,59790.32439809991
663,2459786.8946991,312.7099679,44.8365693,2,17.649499893188477,0.08209499716758728,59786.39469909994
665,2459784.8690162,312.709992,44.8365543,1,19.331899642944336,0.12256599962711334,59784.36901619984
667,2459782.8854745,312.7099845,44.8365556,2,17.38559913635254,0.08348999917507172,59782.38547449978
669,2459778.8931597,312.7099825,44.836556,2,17.371599197387695,0.0658319965004921,59778.39315970009
670,2459778.802419,312.709969,44.8365295,2,17.263599395751953,0.06390199810266495,59778.30241899984
671,2459775.9264815,312.7099583,44.8365484,2,16.779399871826172,0.07160499691963196,59775.4264814998
672,2459775.861875,312.7099941,44.8365464,2,16.874799728393555,0.07734300196170807,59775.361874999944
673,2459774.9046296,312.7099714,44.836561,2,16.95789909362793,0.06641999632120132,59774.40462959977
674,2459774.8282407,312.7099958,44.8365205,2,17.062999725341797,0.08814799785614014,59774.328240700066
675,2459772.9265162,312.7100082,44.8365211,2,17.339500427246094,0.08264700323343277,59772.42651619995
676,2459772.8448843,312.7099961,44.8365144,2,17.152999877929688,0.09173200279474258,59772.34488430014
681,2459765.8734028,312.7099853,44.8365605,2,17.314300537109375,0.08224400132894516,59765.373402799945
682,2459763.904294,312.7099704,44.8366063,1,20.079200744628906,0.21365800499916077,59763.40429400001
683,2459763.8481829,312.7100612,44.8365021,2,17.862899780273438,0.06987500190734863,59763.34818289988
684,2459761.8847106,312.7100086,44.836487,2,17.30299949645996,0.06748100370168686,59761.384710600134
687,2459759.8471528,312.7100128,44.8365057,2,17.58300018310547,0.09005200117826462,59759.34715279983
689,2459757.8659838,312.7099612,44.8365599,1,20.24690055847168,0.19891199469566345,59757.36598380003
691,2459755.8660069,312.710149,44.8365302,2,18.67329978942871,0.10940100252628326,59755.36600690009
693,2459750.8714931,312.7099416,44.8365614,2,18.1830997467041,0.08854799717664719,59750.37149310019
696,2459747.8649537,312.7100429,44.8363995,2,18.028499603271484,0.10766900330781937,59747.36495369999
697,2459742.9562616,312.7099786,44.836562,1,19.57029914855957,0.13905799388885498,59742.4562615999
698,2459742.9138194,312.7100846,44.8364474,2,18.513599395751953,0.14334000647068024,59742.41381940013
699,2459740.9473264,312.7099946,44.8364935,2,17.835399627685547,0.11311300098896027,59740.44732639985
701,2459738.9300579,312.7099901,44.83651,2,17.061899185180664,0.08110100030899048,59738.43005790003
705,2459733.9492477,312.7099561,44.8365851,1,20.028499603271484,0.1645449995994568,59733.44924770016
706,2459733.9342245,312.7100718,44.836511,2,18.06060028076172,0.10206999629735947,59733.434224499855
708,2459731.8908449,312.7099558,44.8365578,1,19.405899047851562,0.13232600688934326,59731.39084490016
709,2459727.9573495,312.7099657,44.8365317,1,19.178699493408203,0.1217309981584549,59727.45734950015
711,2459725.9501389,312.7099474,44.8365481,1,19.244600296020508,0.10959000140428543,59725.45013889996
714,2459723.9315394,312.7099395,44.8365514,1,19.209999084472656,0.12209200114011765,59723.431539400015
715,2459719.9306366,312.709933,44.8366522,2,18.645000457763672,0.1133510023355484,59719.430636600126
716,2459717.8438194,312.7099605,44.8365176,1,18.7810001373291,0.12989400327205658,59717.34381939983
718,2459713.9122801,312.7100408,44.8364992,2,17.808700561523438,0.13370899856090546,59713.41228009993
719,2459710.9678704,312.7100375,44.8365037,1,19.768699645996094,0.13437099754810333,59710.46787039982
720,2459710.9084491,312.7100385,44.8365418,2,17.78820037841797,0.0616069994866848,59710.408449099865
721,2459708.9669097,312.7100194,44.836521,2,17.38610076904297,0.059418000280857086,59708.46690970007
722,2459708.85,312.7101376,44.8365477,2,17.325599670410156,0.07380499690771103,59708.35000000009
724,2459702.933125,312.7100395,44.8365029,2,17.50040054321289,0.05821000039577484,59702.43312499998
726,2459700.929919,312.7100352,44.8365152,2,17.454500198364258,0.07482299953699112,59700.429918999784
727,2459697.971875,312.7098898,44.836524,1,19.74530029296875,0.14606599509716034,59697.471874999814
728,2459697.910787,312.710076,44.8364991,2,17.282899856567383,0.11384700238704681,59697.410786999855
729,2459695.9514468,312.7100367,44.8365164,2,17.451400756835938,0.058591000735759735,59695.45144680003
730,2459690.9828588,312.7100131,44.8365058,2,17.53510093688965,0.07311200350522995,59690.48285879986
734,2459684.9846412,312.7099006,44.8366094,1,19.361499786376953,0.16655999422073364,59684.48464119993
735,2459684.9303588,312.7100981,44.8364163,2,18.43400001525879,0.1242780014872551,59684.430358800106
736,2459682.9113773,312.7099625,44.8365813,1,19.30500030517578,0.24963200092315674,59682.41137730004
737,2459678.9888194,312.7098725,44.8365898,1,19.67609977722168,0.19076299667358398,59678.48881939985
740,2459675.9530787,312.710009,44.8365326,2,17.049999237060547,0.0685880035161972,59675.45307870023
742,2459673.9298727,312.7099334,44.8364692,1,19.168500900268555,0.2504200041294098,59673.42987270001
743,2459673.9298727,312.7099398,44.8364864,1,19.09749984741211,0.26629000902175903,59673.42987270001
744,2459670.9933333,312.710016,44.8364676,1,19.705299377441406,0.17236900329589844,59670.49333330011
745,2459670.9933333,312.710024,44.8364729,1,19.929800033569336,0.2154729962348938,59670.49333330011
746,2459670.9732292,312.7100164,44.8365121,2,16.71660041809082,0.05879899859428406,59670.47322920011
747,2459670.9732292,312.7100197,44.8365131,2,16.809900283813477,0.062456000596284866,59670.47322920011
748,2459543.6585185,312.7101496,44.8365479,1,19.35618019104004,0.18985800445079803,59543.15851850016
750,2459540.6347222,312.7099731,44.8365214,2,16.873199462890625,0.05780699849128723,59540.13472220022
753,2459531.6804167,312.7102293,44.8365129,1,19.78529930114746,0.1701660007238388,59531.180416699965
754,2459531.6174653,312.7100021,44.8364926,2,17.686500549316406,0.11590199917554855,59531.11746530002
755,2459529.7236921,312.7100053,44.8365443,1,19.01609992980957,0.08418499678373337,59529.22369210003
757,2459526.6818634,312.7099985,44.8365705,1,19.332399368286133,0.13001500070095062,59526.181863400154
759,2459524.6339699,312.7099826,44.8365512,1,19.243499755859375,0.09311900287866592,59524.1339699002
761,2459522.7200926,312.7100283,44.8365549,1,19.06529998779297,0.09434600174427032,59522.22009260021
763,2459520.6997917,312.7099808,44.8365402,2,17.801700592041016,0.06779699772596359,59520.19979170011
764,2459512.6796991,312.7099945,44.8365289,1,18.603200912475586,0.06693699955940247,59512.17969910009
765,2459512.6301389,312.7098968,44.8365387,2,17.88319969177246,0.10390499979257584,59512.13013890013
766,2459509.7454282,312.7099522,44.8365506,2,17.506900787353516,0.0680140033364296,59509.24542819988
767,2459504.7024306,312.7100049,44.836549,1,18.609100341796875,0.08403600007295609,59504.202430599835
768,2459504.6550694,312.7099355,44.8365504,2,17.607999801635742,0.07871799916028976,59504.15506940009
769,2459502.7193519,312.7099659,44.8365554,1,18.64620018005371,0.07588600367307663,59502.21935189981
770,2459502.6953819,312.7099893,44.8365613,2,17.621700286865234,0.06278800219297409,59502.19538189983
771,2459491.7790046,312.7100473,44.8365489,1,18.707199096679688,0.08783300220966339,59491.2790045999
772,2459491.6945718,312.7099446,44.8365624,2,17.858200073242188,0.11993999779224396,59491.194571800064
773,2459489.7674306,312.709948,44.836533,2,17.142900466918945,0.05641400068998337,59489.26743059978
774,2459489.7674306,312.709948,44.836533,2,17.142900466918945,0.05641400068998337,59489.26743059978
775,2459489.7433912,312.7099564,44.8365328,1,18.42009925842285,0.0721760019659996,59489.24339119997
776,2459489.7433912,312.7099564,44.8365328,1,18.42009925842285,0.0721760019659996,59489.24339119997
777,2459487.7447917,312.7099607,44.8365314,2,17.35300064086914,0.061445001512765884,59487.24479170004
778,2459487.7239815,312.709985,44.836552,1,18.53380012512207,0.07992800325155258,59487.22398150014
779,2459485.7616782,312.7099827,44.8365401,1,18.315399169921875,0.0827609971165657,59485.261678200215
780,2459485.7181019,312.7099731,44.8365424,2,17.074399948120117,0.05025700107216835,59485.21810190007
781,2459480.809294,312.7099628,44.8365547,1,18.297300338745117,0.06879299879074097,59480.3092939998
782,2459480.7264236,312.709967,44.8365462,2,16.953800201416016,0.06433899700641632,59480.22642360022
783,2459478.8224769,312.710031,44.8365492,1,18.277599334716797,0.10941199958324432,59478.32247690018
784,2459478.7475926,312.7099529,44.8365447,2,17.093299865722656,0.05121200159192085,59478.24759260006
785,2459476.825544,312.7099798,44.8365272,2,17.043100357055664,0.05542900040745735,59476.32554400014
786,2459476.7500579,312.7099827,44.8365377,1,18.334999084472656,0.07152699679136276,59476.25005789986
787,2459473.8698958,312.7099882,44.836523,1,18.552499771118164,0.07232800126075745,59473.36989580002
788,2459473.7408796,312.7099546,44.8365403,2,17.29450035095215,0.11064500361680984,59473.240879599936
789,2459471.782963,312.7099797,44.8365433,1,18.525299072265625,0.09591799974441528,59471.28296299977
790,2459471.7141898,312.7099471,44.8365441,2,17.219100952148438,0.048503000289201736,59471.21418979997
791,2459469.7429051,312.7099684,44.8365449,1,18.498600006103516,0.06464800238609314,59469.242905099876
792,2459469.7023032,312.7099173,44.8365358,2,17.220600128173828,0.06939099729061127,59469.20230320003
793,2459467.7380556,312.7098808,44.8365467,2,18.28849983215332,0.1293639987707138,59467.23805559985
794,2459467.7037616,312.7099585,44.8365452,1,18.96139907836914,0.07575900107622147,59467.20376159996
795,2459465.8089699,312.709976,44.8365294,1,18.659799575805664,0.07029400020837784,59465.30896990001
796,2459465.7040278,312.7099413,44.8365246,2,17.663799285888672,0.10621500015258789,59465.20402779989
797,2459463.7647454,312.709904,44.836536,2,17.65559959411621,0.08821699768304825,59463.26474539982
798,2459463.7252199,312.7099673,44.8365423,1,18.715999603271484,0.0842209979891777,59463.22521989979
799,2459461.7181597,312.7099844,44.8365443,1,18.584400177001953,0.0773169994354248,59461.21815969981
800,2459461.6727662,312.7099245,44.8365728,2,17.45039939880371,0.05521500110626221,59461.1727661998
801,2459459.7856366,312.7099666,44.8365436,1,18.552600860595703,0.06962499767541885,59459.28563660011
802,2459459.7503472,312.7099539,44.8365116,2,17.452899932861328,0.06140200048685074,59459.25034719985
803,2459455.7678356,312.7099253,44.8365608,2,17.340700149536133,0.04916499927639961,59455.267835599836
804,2459455.7492014,312.7099462,44.8365638,1,18.593299865722656,0.06650300323963165,59455.249201400205
805,2459453.7709259,312.7099372,44.8365981,2,17.840499877929688,0.03868599981069565,59453.27092589997
806,2459453.7709259,312.7099507,44.8365653,2,18.088699340820312,0.12078899890184402,59453.27092589997
807,2459453.7084954,312.7099693,44.8365525,1,18.85759925842285,0.07442399859428406,59453.208495399915
808,2459450.8450231,312.7099555,44.8365774,2,17.873899459838867,0.13393299281597137,59450.3450230998
809,2459450.7709838,312.7099666,44.8365054,1,18.834299087524414,0.15268400311470032,59450.270983799826
810,2459447.7384954,312.709965,44.8365665,2,17.706600189208984,0.0932679995894432,59447.238495400175
811,2459441.7829514,312.7099477,44.8365592,1,19.04290008544922,0.07577399909496307,59441.28295140015
812,2459439.8720949,312.7099661,44.8365311,2,17.431400299072266,0.07810399681329727,59439.37209489988
813,2459439.8529745,312.7099874,44.8365297,1,18.608699798583984,0.08092500269412994,59439.35297450004
814,2459436.8648032,312.7099493,44.8365466,2,17.358699798583984,0.07923299819231033,59436.36480320012
815,2459436.8478241,312.7099605,44.8365434,1,18.52280044555664,0.08188600093126297,59436.34782409994
816,2459434.7668634,312.7099762,44.8365457,1,18.702999114990234,0.07399100065231323,59434.26686340012
817,2459429.8678819,312.7097653,44.8364528,2,18.723100662231445,0.16720899939537048,59429.367881900165
818,2459429.8259838,312.7099746,44.836563,1,19.040300369262695,0.08094599843025208,59429.325983799994
820,2459427.8107986,312.7099547,44.8365731,1,19.24970054626465,0.09950599819421768,59427.31079859985
822,2459424.7657986,312.7100077,44.8365678,1,19.159299850463867,0.10776100307703018,59424.265798599925
824,2459418.933588,312.7099706,44.836556,1,19.25200080871582,0.1996760070323944,59418.433588000014
826,2459415.9288079,312.7099725,44.8365495,1,18.921100616455078,0.0657309964299202,59415.42880789982
827,2459415.9288079,312.7099725,44.8365495,1,18.921100616455078,0.0657309964299202,59415.42880789982
828,2459415.9288079,312.7099725,44.8365495,1,18.921100616455078,0.0657309964299202,59415.42880789982
829,2459415.8878009,312.7098946,44.8365781,2,18.288999557495117,0.11404599994421005,59415.3878008998
830,2459415.8878009,312.7098946,44.8365781,2,18.288999557495117,0.11404599994421005,59415.3878008998
831,2459415.8878009,312.7098946,44.8365781,2,18.288999557495117,0.11404599994421005,59415.3878008998
832,2459412.9004398,312.7100065,44.8366227,2,17.99340057373047,0.044169001281261444,59412.40043980023
833,2459412.9004398,312.709901,44.8365984,2,18.069799423217773,0.10983200371265411,59412.40043980023
834,2459412.8436458,312.7099755,44.8365566,1,18.917999267578125,0.06916499882936478,59412.343645799905
835,2459410.8891551,312.7098432,44.8364882,2,18.61280059814453,0.16484999656677246,59410.3891551001
836,2459410.8669792,312.7099665,44.8365497,1,19.061399459838867,0.11883799731731415,59410.36697919993
837,2459408.9244676,312.7099204,44.8366415,2,18.155000686645508,0.09881000220775604,59408.42446759995
838,2459408.8653588,312.7099813,44.8365496,1,18.766599655151367,0.07428199797868729,59408.36535880016
839,2459405.9535995,312.7099747,44.8365288,1,19.051300048828125,0.10335899889469147,59405.453599500004
840,2459403.8854745,312.7099749,44.8365399,1,18.590900421142578,0.07502800226211548,59403.38547449978
841,2459403.8460301,312.7099348,44.836584,2,17.576900482177734,0.08666899800300598,59403.34603009978
842,2459401.924838,312.7098915,44.8365611,2,18.177000045776367,0.09047699719667435,59401.42483799998
843,2459401.8793981,312.709988,44.8365406,1,18.879600524902344,0.08572600036859512,59401.37939810008
846,2459396.9264005,312.7100066,44.8365426,1,18.902999877929688,0.09584099799394608,59396.426400499884
847,2459396.8848727,312.7097527,44.8365784,2,18.576200485229492,0.18196099996566772,59396.38487270009
848,2459394.930706,312.7099026,44.8365539,2,18.149099349975586,0.09840899705886841,59394.430705999956
849,2459394.8717014,312.7099649,44.8365482,1,18.796899795532227,0.09121599793434143,59394.371701399796
850,2459392.8596296,312.7098782,44.8365675,2,18.030000686645508,0.11001800000667572,59392.35962959984
851,2459392.8009722,312.7099433,44.8365264,1,18.79050064086914,0.10126899927854538,59392.3009722
852,2459387.9546759,312.709863,44.8365333,2,18.17460060119629,0.1262030005455017,59387.45467589982
853,2459387.8714699,312.7100207,44.8365387,1,18.94529914855957,0.09629400074481964,59387.37146990001
854,2459385.905544,312.7099736,44.8365278,1,19.120899200439453,0.08213499933481216,59385.40554400021
856,2459382.9491667,312.7099145,44.8365678,2,18.158700942993164,0.10328000038862228,59382.44916669978
857,2459382.9254167,312.7099697,44.8365587,1,18.885900497436523,0.08406099677085876,59382.425416700076
859,2459380.8846296,312.7099315,44.8365362,2,17.6919002532959,0.1075659990310669,59380.384629600216
860,2459378.9339468,312.7099837,44.8365522,1,18.760400772094727,0.08154699951410294,59378.43394679995
861,2459378.9067593,312.7099324,44.8365432,2,17.923200607299805,0.08619999885559082,59378.4067592998
862,2459376.9279398,312.709854,44.8365352,2,18.24850082397461,0.06982500106096268,59376.42793980008
863,2459376.8855903,312.7099661,44.8365358,1,18.815200805664062,0.07988899946212769,59376.385590299964
864,2459373.9481829,312.7099777,44.8365276,1,19.282699584960938,0.11103399842977524,59373.44818289997
866,2459370.9581481,312.7099459,44.8365377,2,17.6643009185791,0.061395999044179916,59370.45814809995
867,2459370.9245833,312.7099468,44.8365369,1,18.666799545288086,0.06376700103282928,59370.42458330002
868,2459367.9554745,312.7099894,44.8365399,1,18.304399490356445,0.06038599833846092,59367.45547450008
869,2459367.8907407,312.7099518,44.8365419,2,17.007099151611328,0.044555000960826874,59367.390740700066
870,2459364.9569907,312.7099456,44.8365497,2,17.184600830078125,0.06629399955272675,59364.456990700215
871,2459364.8865741,312.7099662,44.8365288,1,18.511499404907227,0.07458999752998352,59364.38657409977
872,2459362.9476736,312.7099622,44.8365498,2,17.833099365234375,0.12424000352621078,59362.44767360017
873,2459362.9336343,312.7099545,44.8365396,1,18.75349998474121,0.08103299885988235,59362.433634299785
874,2459359.9087153,312.7098883,44.83655,2,17.47760009765625,0.07350599765777588,59359.408715299796
875,2459359.8261458,312.7099004,44.8365335,1,18.536699295043945,0.11099500209093094,59359.32614579983
876,2459356.9511458,312.7099717,44.8365251,1,18.417400360107422,0.06895499676465988,59356.45114579983
877,2459356.9093171,312.7099562,44.8365306,2,17.08989906311035,0.05378599837422371,59356.409317099955
878,2459353.9670602,312.7099522,44.8365192,2,17.380199432373047,0.052903998643159866,59353.46706019994
879,2459353.9161806,312.7099686,44.8365346,1,18.507999420166016,0.09146200120449066,59353.41618059995
880,2459349.9657523,312.7099429,44.8365331,2,17.138999938964844,0.04088300094008446,59349.465752299875
881,2459349.9260764,312.7099602,44.8365329,1,18.43440055847168,0.0691400021314621,59349.426076400094
882,2459346.9632986,312.7099637,44.8365287,1,18.277799606323242,0.062049999833106995,59346.46329860017
883,2459346.9323495,312.7099429,44.836544,2,16.85689926147461,0.03926299884915352,59346.43234949978
884,2459344.9669329,312.7099658,44.8365275,1,18.260299682617188,0.050703998655080795,59344.466932899784
885,2459344.9273843,312.7099445,44.8365377,2,16.774900436401367,0.03774299845099449,59344.42738430016
886,2459341.9699653,312.7099451,44.8365065,1,18.380399703979492,0.06729099899530411,59341.46996530006
887,2459341.9543866,312.709898,44.8364976,2,17.07309913635254,0.04611799865961075,59341.45438659983
888,2459339.9691667,312.7099339,44.8365446,2,17.13920021057129,0.0608149990439415,59339.4691666998
889,2459339.9322454,312.7099688,44.8365305,1,18.404199600219727,0.06417100131511688,59339.4322453998
890,2459337.9736111,312.7099449,44.8365315,2,16.893600463867188,0.042204998433589935,59337.47361110011
891,2459337.9273843,312.710003,44.8365338,1,18.369400024414062,0.08970800042152405,59337.42738430016
892,2459334.9672685,312.709951,44.8365436,1,18.443199157714844,0.086046002805233,59334.46726850001
893,2459334.9084722,312.7099656,44.8365521,2,17.15130043029785,0.04493200033903122,59334.408472199924
894,2459328.9110185,312.7099498,44.836541,2,16.91819953918457,0.043154001235961914,59328.411018500105
895,2459328.8671181,312.7099663,44.8365292,1,18.298599243164062,0.14259600639343262,59328.36711810017
896,2459323.9874769,312.7099438,44.8365354,2,17.01289939880371,0.05233599990606308,59323.48747690022
898,2459323.9706944,312.7099679,44.8365246,1,18.383100509643555,0.09050200134515762,59323.470694399904
900,2459321.9874537,312.7099665,44.8365315,2,17.168800354003906,0.05105099827051163,59321.48745370004
901,2459321.893287,312.7099461,44.8365385,1,18.49180030822754,0.07811599969863892,59321.39328699978
902,2459317.9916435,312.709959,44.8365269,1,18.328899383544922,0.06475599855184555,59317.49164350005
903,2459317.9540509,312.7099479,44.836533,2,16.800100326538086,0.03562299907207489,59317.45405089995
904,2459314.9952199,312.7099683,44.8365354,1,18.34602928161621,0.06447599828243256,59314.49521989981
905,2459314.9952199,312.7099683,44.8365354,1,18.34600067138672,0.06447599828243256,59314.49521989981
906,2459314.9727431,312.7099394,44.8365388,2,16.840299606323242,0.04542100057005882,59314.47274310002
907,2459314.9727431,312.7099394,44.8365388,2,16.840299606323242,0.04542100057005882,59314.47274310002
908,2459311.9909259,312.709941,44.8365485,2,16.95800018310547,0.061388999223709106,59311.49092590017
909,2459311.9542708,312.7099601,44.8365442,1,18.367700576782227,0.06476899981498718,59311.45427080011
910,2459309.9963194,312.7099235,44.8365457,2,17.684099197387695,0.06289000064134598,59309.49631940015
911,2459309.9530903,312.7099053,44.8365325,1,18.68079948425293,0.10313499718904495,59309.45309029985
912,2459307.995,312.7099776,44.8365377,1,18.529699325561523,0.07489199936389923,59307.49500000011
913,2459307.9750463,312.7099158,44.8365564,2,17.25320053100586,0.05597300082445145,59307.47504629986
914,2459305.9930324,312.7099803,44.8365346,1,18.559200286865234,0.07981599867343903,59305.49303240003
915,2459305.9728009,312.7098883,44.8365545,2,17.361600875854492,0.044495999813079834,59305.47280090023
917,2459300.972037,312.7099473,44.836447,2,18.42289924621582,0.15785600244998932,59300.472037000116
919,2459291.9693634,312.7101058,44.8364607,2,17.934999465942383,0.11977100372314453,59291.46936339978
920,2459219.6402894,312.710008,44.8365317,2,16.693899154663086,0.040010999888181686,59219.14028939977
921,2459215.635463,312.7099863,44.8365139,1,18.12779998779297,0.13293099403381348,59215.13546299981
922,2459210.6384491,312.7099991,44.8365579,1,18.078399658203125,0.16230599582195282,59210.138449099846
923,2459210.6128009,312.7099749,44.8365083,2,16.468799591064453,0.02927500009536743,59210.11280089989
925,2459206.6034028,312.7099716,44.8365353,2,16.39109992980957,0.08031000196933746,59206.10340279993
926,2459204.6395255,312.7099785,44.8365237,2,16.41830062866211,0.029340999200940132,59204.139525500126
927,2459202.6604977,312.7099632,44.8365117,1,18.055099487304688,0.07735399901866913,59202.160497699864
928,2459199.6785417,312.7100418,44.8365312,1,18.056699752807617,0.07335399836301804,59199.17854169989
929,2459199.6207639,312.7099737,44.8365269,2,16.44580078125,0.02625899948179722,59199.120763900224
930,2459197.6964699,312.7099932,44.8365232,2,16.371700286865234,0.03867899999022484,59197.1964699002
931,2459197.6119676,312.7099217,44.836531,1,17.92840003967285,0.1952109932899475,59197.11196759995
932,2459195.6613426,312.7099736,44.8365201,1,18.090200424194336,0.05319499969482422,59195.161342599895
933,2459195.6023148,312.7099698,44.8365202,2,16.41659927368164,0.02843400090932846,59195.102314800024
934,2459193.6709722,312.7099638,44.8365398,1,18.122699737548828,0.08512599766254425,59193.17097220011
935,2459190.6424074,312.7099641,44.8365378,2,16.475200653076172,0.030634000897407532,59190.14240740007
936,2459188.6592824,312.7099794,44.836537,1,18.09079933166504,0.06689199805259705,59188.15928239981
937,2459188.621088,312.7099748,44.8365327,2,16.487699508666992,0.029046999290585518,59188.121088000014
938,2459186.6333333,312.7100391,44.8365078,1,18.108299255371094,0.06599300354719162,59186.133333299775
939,2459186.6200231,312.7099844,44.8365183,2,16.437999725341797,0.027675999328494072,59186.12002310017
940,2459184.6574769,312.7099896,44.8365378,1,18.05699920654297,0.06732799857854843,59184.157476900145
941,2459184.6100231,312.7099625,44.8365429,2,16.50200080871582,0.052039001137018204,59184.11002309993
942,2459181.6346991,312.7099783,44.836551,1,18.076200485229492,0.0763619989156723,59181.13469910016
943,2459181.5721412,312.709976,44.8365215,2,16.428800582885742,0.026065999642014503,59181.07214119984
944,2459179.6401389,312.7099549,44.8365379,1,18.089399337768555,0.05544300004839897,59179.14013889991
945,2459179.5964352,312.7099702,44.8365382,2,16.455900192260742,0.031091000884771347,59179.09643519996
946,2459177.5962153,312.7099697,44.8365322,2,16.429500579833984,0.02728099934756756,59177.096215299796
947,2459175.5964699,312.7099823,44.8365348,1,18.03230094909668,0.046271998435258865,59175.096469900105
948,2459173.6573148,312.7099817,44.8365337,1,17.938800811767578,0.06149199977517128,59173.15731480019
949,2459173.5953935,312.709967,44.8365401,2,16.442100524902344,0.030385000631213188,59173.095393499825
951,2459171.6151852,312.7099617,44.8365414,2,16.45479965209961,0.03391300141811371,59171.11518519977
952,2459169.6528125,312.7099675,44.8365352,2,16.396299362182617,0.033399999141693115,59169.15281250002
953,2459169.6124306,312.7099818,44.8365416,1,18.095600128173828,0.04937500134110451,59169.112430599984
954,2459167.6550347,312.7099714,44.8365338,1,18.07830047607422,0.05527399852871895,59167.15503469994
955,2459167.5959375,312.7099685,44.8365205,2,16.36199951171875,0.026322999969124794,59167.09593749978
956,2459164.7446412,312.7100085,44.8364986,1,18.086999893188477,0.10161899775266647,59164.244641200174
957,2459164.6351273,312.7099683,44.8365332,2,16.420900344848633,0.028164999559521675,59164.13512729993
958,2459158.674375,312.7099732,44.8365377,1,18.004100799560547,0.07164700329303741,59158.174374999944
959,2459158.6152546,312.7099691,44.8365307,2,16.386699676513672,0.026112999767065048,59158.11525460007
960,2459156.6225347,312.7099702,44.8365453,1,18.084400177001953,0.06975399702787399,59156.122534700204
961,2459154.7829514,312.7099456,44.8365164,1,18.17650032043457,0.09192600101232529,59154.28295140015
962,2459154.6547454,312.7099663,44.8365396,2,16.468599319458008,0.03891599923372269,59154.15474539995
963,2459152.7478125,312.7099634,44.8365337,1,18.1289005279541,0.06772299855947495,59152.24781250022
964,2459152.6938194,312.709966,44.8365419,2,16.447500228881836,0.0446930006146431,59152.19381939992
965,2459150.7149537,312.7099869,44.8365155,2,16.40410041809082,0.024632999673485756,59150.21495370008
966,2459150.6603935,312.7099743,44.8365397,1,18.070999145507812,0.06675899773836136,59150.16039349977
968,2459145.7154977,312.7099711,44.836529,1,18.103500366210938,0.05248299986124039,59145.21549770003
969,2459145.6777083,312.7099626,44.8365469,2,16.48819923400879,0.03821500018239021,59145.17770829983
970,2459143.678912,312.7099706,44.8365437,1,18.104000091552734,0.05899599939584732,59143.1789119998
971,2459143.638669,312.7099587,44.8365446,2,16.473499298095703,0.05082099884748459,59143.13866900001
972,2459141.7023495,312.7099827,44.8365345,1,18.1018009185791,0.05645100027322769,59141.2023494998
973,2459141.6573148,312.7099703,44.8365444,2,16.43939971923828,0.02196200005710125,59141.15731480019
974,2459139.7371065,312.7099614,44.8365445,2,16.438100814819336,0.037167999893426895,59139.23710650019
975,2459139.7012616,312.7099711,44.8365426,1,18.11720085144043,0.06452099978923798,59139.201261600014
976,2459137.7235995,312.7099666,44.8365471,1,18.091299057006836,0.06092099845409393,59137.22359950002
977,2459137.6856366,312.7099649,44.8365507,2,16.43720054626465,0.04357200115919113,59137.185636600014
978,2459135.7638194,312.7099656,44.8365458,2,16.45680046081543,0.0321739986538887,59135.26381940022
979,2459135.7433681,312.7099796,44.836546,1,18.107799530029297,0.05308400094509125,59135.24336809991
980,2459131.6965972,312.7099727,44.8365426,1,18.068500518798828,0.038350000977516174,59131.19659719989
981,2459129.8062847,312.7099833,44.8365432,1,18.023700714111328,0.056189000606536865,59129.306284700055
982,2459129.7062616,312.7099529,44.836543,2,16.399499893188477,0.026600999757647514,59129.2062615999
983,2459127.7813773,312.7099765,44.8365447,2,16.382600784301758,0.026686999946832657,59127.281377300154
984,2459127.6784954,312.7099942,44.8365382,1,17.91900062561035,0.1236639991402626,59127.17849540012
985,2459126.7580903,312.7099726,44.8365388,1,18.039499282836914,0.06069299951195717,59126.25809030002
986,2459125.785463,312.7099602,44.8365459,2,16.381799697875977,0.03445199877023697,59125.28546300018
987,2459125.6804977,312.7099757,44.8365391,1,17.96780014038086,0.06497900187969208,59125.18049769988
988,2459124.7641898,312.7099649,44.8365483,2,16.40329933166504,0.03397800028324127,59124.26418979978
989,2459123.785787,312.7099634,44.8365374,2,16.384599685668945,0.028867999091744423,59123.285786999855
990,2459123.6767708,312.7099738,44.8365383,1,17.98889923095703,0.060437001287937164,59123.17677079979
991,2459122.7629167,312.7099789,44.8365573,1,18.043899536132812,0.07718999683856964,59122.26291669998
992,2459122.7189583,312.7099678,44.8365427,2,16.37179946899414,0.03759700059890747,59122.21895830007
993,2459121.7893287,312.7099732,44.8365439,1,17.978700637817383,0.05182800069451332,59121.28932869993
994,2459120.7338194,312.7099574,44.836537,1,17.99250030517578,0.07059600204229355,59120.23381939996
995,2459119.7370023,312.7099708,44.8365384,1,18.020299911499023,0.05928599834442139,59119.2370023001
996,2459119.7351389,312.7099759,44.8365452,1,18.053300857543945,0.04809200018644333,59119.23513890011
997,2459119.6877546,312.7099686,44.8365389,2,16.442100524902344,0.0317550003528595,59119.18775459984
998,2459119.6515625,312.7099602,44.8365472,2,16.44230079650879,0.03818000108003616,59119.151562499814
999,2459118.6066435,312.7099566,44.8365385,2,16.443500518798828,0.03517499938607216,59118.10664349981
1000,2459117.7393287,312.7099724,44.8365408,1,18.08169937133789,0.047522999346256256,59117.23932870012
1001,2459116.7358449,312.7099632,44.8365464,1,18.070899963378906,0.05963199958205223,59116.2358448999
1002,2459115.7761227,312.7099593,44.8365388,2,16.405899047851562,0.039163000881671906,59115.27612269996
1003,2459115.7364815,312.709976,44.8365378,1,18.101299285888672,0.05883299931883812,59115.23648149986
1004,2459115.7285185,312.7099613,44.8365414,1,18.07309913635254,0.06228800117969513,59115.22851849999
1005,2459113.8206019,312.709962,44.8365409,2,16.452299118041992,0.04119899868965149,59113.32060190011
1006,2459112.683669,312.709964,44.8365455,2,16.458999633789062,0.048941999673843384,59112.18366899993
1007,2459112.6624884,312.709978,44.8365504,1,18.05389976501465,0.0533830001950264,59112.162488400005
1008,2459109.7202546,312.709971,44.8365436,1,18.085899353027344,0.05565200001001358,59109.22025460005
1009,2459109.6756481,312.7099639,44.8365403,2,16.424299240112305,0.0319879986345768,59109.17564810021
1010,2459106.7838079,312.7099666,44.8365202,1,18.055200576782227,0.07198400050401688,59106.2838078998
1011,2459106.7201273,312.7099696,44.8365412,2,16.42140007019043,0.045499999076128006,59106.220127299894
1012,2459099.8664468,312.7099681,44.8365358,1,18.068899154663086,0.05095300078392029,59099.366446800064
1013,2459099.8142824,312.7099669,44.8365549,2,16.424800872802734,0.04638399928808212,59099.31428240007
1014,2459099.7055787,312.7099578,44.8365477,2,16.442699432373047,0.04546799883246422,59099.205578700174
1015,2459098.8543519,312.7099616,44.836549,2,16.42840003967285,0.03449299931526184,59098.35435190005
1016,2459096.7990856,312.7099652,44.8365477,2,16.438499450683594,0.03453800082206726,59096.299085599836
1017,2459096.6758681,312.7099723,44.8365422,1,18.074199676513672,0.04799700155854225,59096.17586810002
1018,2459095.7852894,312.7099722,44.8365335,1,18.070100784301758,0.0635019987821579,59095.28528939979
1019,2459094.828044,312.7099657,44.8365476,2,16.46139907836914,0.030602000653743744,59094.32804400008
1020,2459093.9152546,312.7100049,44.836532,1,18.08049964904785,0.07773499935865402,59093.41525459988
1021,2459092.7256134,312.7099641,44.8365469,2,16.58049964904785,0.049479998648166656,59092.225613399874
1023,2459090.7634838,312.709971,44.8365391,1,18.173599243164062,0.05561399832367897,59090.263483799994
1024,2459089.765706,312.7099694,44.8365355,1,18.2544002532959,0.06508000195026398,59089.26570599992
1025,2459088.798206,312.7099754,44.8365318,1,18.194400787353516,0.05800100043416023,59088.29820600012
1026,2459087.8254861,312.7099721,44.8365462,1,18.267499923706055,0.06213900074362755,59087.32548609981
1027,2459087.8001273,312.7099675,44.8365481,2,16.881500244140625,0.06360500305891037,59087.30012729997
1028,2459087.790081,312.7099548,44.8365524,2,16.864999771118164,0.04927099868655205,59087.290080999956
1029,2459086.8478472,312.7099604,44.8365491,2,16.858200073242188,0.03914700075984001,59086.3478472
1030,2459086.8096065,312.7099589,44.8365319,1,18.27739906311035,0.0620260015130043,59086.30960649997
1031,2459085.8700694,312.7099675,44.8365473,1,18.201099395751953,0.05954200029373169,59085.37006939994
1032,2459084.8176157,312.709974,44.8365383,1,18.201200485229492,0.05288099870085716,59084.317615699954
1033,2459084.7898148,312.7099596,44.8365387,2,16.666900634765625,0.04312499985098839,59084.289814800024
1034,2459082.8071875,312.7099914,44.8365635,1,18.246200561523438,0.0878010019659996,59082.307187499944
1035,2459081.8331366,312.7099618,44.8365435,1,18.253400802612305,0.07024800032377243,59081.33313659998
1036,2459080.8905324,312.7099701,44.8365467,1,18.29199981689453,0.06392700225114822,59080.39053239999
1037,2459080.847338,312.7099565,44.8365427,2,16.969600677490234,0.06594499945640564,59080.34733799985
1038,2459080.8166204,312.7099691,44.8365474,2,16.917999267578125,0.041891999542713165,59080.316620400175
1039,2459079.8905093,312.7099604,44.8365461,2,16.720800399780273,0.04094899818301201,59079.390509299934
1040,2459078.7990162,312.7099604,44.8365424,2,16.859699249267578,0.048434000462293625,59078.299016200006
1041,2459077.8423264,312.7099767,44.8365487,1,18.252599716186523,0.06185000017285347,59077.34232639987
1042,2459077.7743519,312.709954,44.8365533,2,16.765300750732422,0.06045899912714958,59077.27435189998
1043,2459076.8483796,312.7099524,44.8365672,2,16.87310028076172,0.063509002327919,59076.34837959986
1044,2459074.8255324,312.7099734,44.836555,1,18.177900314331055,0.05868000164628029,59074.32553240005
1045,2459073.8673032,312.7099831,44.8365365,1,18.163999557495117,0.05531100183725357,59073.367303200066
1046,2459072.8897685,312.7099758,44.8365432,1,18.168399810791016,0.06083500012755394,59072.38976849988
1047,2459071.915081,312.7099778,44.83654,1,18.175500869750977,0.0610090009868145,59071.415080999956
1048,2459071.8545486,312.7099637,44.8365478,2,16.691099166870117,0.04729999974370003,59071.35454860004
1049,2459071.8269792,312.7099617,44.8365483,2,16.691999435424805,0.04032000154256821,59071.32697919989
1051,2459070.8455671,312.7099738,44.8365474,1,18.1648006439209,0.062029000371694565,59070.345567100216
1052,2459069.9496296,312.7099634,44.8365454,2,16.644800186157227,0.042351000010967255,59069.44962960016
1053,2459069.8223611,312.7099767,44.8365532,1,18.114099502563477,0.06001200154423714,59069.3223611
1054,2459068.9532523,312.7099667,44.8365395,1,18.146799087524414,0.06297899782657623,59068.453252300154
1055,2459068.8690278,312.7099645,44.8365337,2,16.65410041809082,0.045024000108242035,59068.36902779993
1056,2459068.8399537,312.7099614,44.8365346,2,16.65850067138672,0.034040000289678574,59068.33995370008
1057,2459067.8408218,312.7099667,44.8365458,1,18.163000106811523,0.05576400086283684,59067.34082179982
1058,2459066.8263194,312.7099881,44.8365346,1,18.1427001953125,0.06913399696350098,59066.32631940022
1059,2459065.9008102,312.7099715,44.8365478,2,16.77899932861328,0.03756200149655342,59065.40081019979
1060,2459065.81,312.7099407,44.8365404,2,16.77669906616211,0.03939000144600868,59065.310000000056
1061,2459065.7343634,312.7099775,44.8365396,1,18.25659942626953,0.09237699955701828,59065.23436339991
1062,2459064.8322917,312.7099724,44.8365369,2,16.9507999420166,0.03961699828505516,59064.332291699946
1063,2459063.7952778,312.7099608,44.8365342,2,16.873899459838867,0.0413689985871315,59063.295277799945
1064,2459062.9065162,312.7099898,44.8365647,1,18.273099899291992,0.06021200120449066,59062.40651619993
1065,2459062.8695602,312.7099786,44.8365613,1,18.35930061340332,0.07890000194311142,59062.36956019979
1066,2459062.8265856,312.7099618,44.8365467,2,16.84630012512207,0.03759400174021721,59062.32658560015
1067,2459062.7979745,312.7099403,44.8365453,2,16.849199295043945,0.038155000656843185,59062.297974499874
1068,2459061.7796644,312.7099594,44.8365426,2,16.719200134277344,0.048103999346494675,59061.279664400034
1069,2459060.8097222,312.7099727,44.8365451,1,18.161100387573242,0.05810900032520294,59060.309722200036
1070,2459059.8889815,312.7099794,44.8365393,1,18.172700881958008,0.07216999679803848,59059.388981500175
1071,2459059.8646065,312.7099591,44.8365434,2,16.69540023803711,0.03131600096821785,59059.36460650014
1072,2459059.8334491,312.709958,44.836551,2,16.68199920654297,0.03837500140070915,59059.333449100144
1073,2459059.8080556,312.7099657,44.8365429,1,18.16029930114746,0.058132000267505646,59059.30805560015
1074,2459056.8919792,312.7099641,44.8365452,2,16.70199966430664,0.04862599819898605,59056.391979199834
1075,2459055.8909722,312.7099658,44.836539,1,18.16320037841797,0.07461699843406677,59055.39097219985
1076,2459055.8397801,312.7099554,44.836542,2,16.668899536132812,0.04608200117945671,59055.339780100156
1077,2459054.8337847,312.709956,44.8365425,2,16.689599990844727,0.04158899933099747,59054.333784699906
1078,2459053.8885764,312.7099639,44.8365364,1,18.231800079345703,0.052313998341560364,59053.3885764
1079,2459052.8883796,312.7099612,44.8365405,2,16.579500198364258,0.03359299898147583,59052.3883795999
1080,2459052.8807523,312.7099605,44.8365388,2,16.565900802612305,0.048980001360177994,59052.38075229991
1081,2459052.8283912,312.7099751,44.8365382,1,18.14150047302246,0.051058001816272736,59052.32839119993
1082,2459051.8842477,312.70996,44.8365371,2,16.520299911499023,0.04583999887108803,59051.38424770022
1083,2459049.8268981,312.7099707,44.8365444,1,18.112199783325195,0.052317000925540924,59049.326898099855
1084,2459046.9120602,312.7099702,44.8365362,2,16.58799934387207,0.034828998148441315,59046.41206019977
1085,2459046.8890856,312.7099608,44.8365377,2,16.630800247192383,0.03499700129032135,59046.38908560015
1086,2459046.8623958,312.7099676,44.8365402,1,18.162200927734375,0.05412700027227402,59046.362395800184
1087,2459043.8463773,312.7099727,44.8365455,1,18.202499389648438,0.05114699900150299,59043.3463773001
1088,2459043.7842824,312.7099564,44.8365488,2,16.698400497436523,0.05991600081324577,59043.28428239981
1089,2459042.8525,312.7099655,44.8365437,1,18.230499267578125,0.06974799931049347,59042.35250000004
1090,2459041.8937384,312.709972,44.8365552,1,18.222999572753906,0.06152600049972534,59041.39373840019
1091,2459040.8718056,312.7099628,44.8365464,2,16.654699325561523,0.039218999445438385,59040.37180559989
1092,2459040.8623032,312.7099535,44.8365401,2,16.64349937438965,0.03589300066232681,59040.36230320018
1093,2459040.7571181,312.7099641,44.8365508,1,18.232999801635742,0.058605000376701355,59040.257118099835
1094,2459038.842963,312.7099513,44.8365322,2,16.79129981994629,0.0404760017991066,59038.34296299983
1095,2459037.9432176,312.7099534,44.8365351,2,16.815500259399414,0.03756599873304367,59037.44321760023
1096,2459037.7615625,312.7099641,44.8365255,1,18.21980094909668,0.07062900066375732,59037.26156250015
1097,2459034.9737616,312.7099473,44.8365747,1,18.300800323486328,0.07320299744606018,59034.47376159998
1098,2459034.8712384,312.7099429,44.8365424,2,16.831300735473633,0.04917699843645096,59034.37123840023
1099,2459031.9827662,312.7099627,44.8365517,2,17.025400161743164,0.050282999873161316,59031.48276619986
1100,2459031.9491551,312.7099333,44.8365339,2,17.01460075378418,0.05491099879145622,59031.449155100156
1101,2459031.8512616,312.709973,44.8365403,1,18.318199157714844,0.05896599963307381,59031.35126159992
1102,2459028.9834144,312.7099624,44.8365473,2,16.8656005859375,0.0478070005774498,59028.4834143999
1103,2459028.9669792,312.7099588,44.8365324,2,16.874900817871094,0.04102899879217148,59028.46697920002
1104,2459026.982037,312.7099452,44.8365399,2,17.075199127197266,0.03967700153589249,59026.48203699989
1105,2459025.8890046,312.7099344,44.8365429,2,17.176599502563477,0.05311200022697449,59025.38900459977
1106,2459025.8492593,312.7099519,44.8365342,1,18.419099807739258,0.052848998457193375,59025.34925930016
1107,2459022.9651389,312.7099506,44.8365487,2,17.380699157714844,0.06406199932098389,59022.465138900094
1108,2459022.8643056,312.7099549,44.8365257,1,18.579500198364258,0.05773700028657913,59022.36430560006
1109,2459019.8925694,312.7099428,44.836532,2,16.810800552368164,0.04971500113606453,59019.392569399904
1110,2459019.850162,312.7099642,44.8365443,1,18.25659942626953,0.05933300033211708,59019.35016199993
1111,2459016.9775,312.7099498,44.8365426,2,16.98699951171875,0.04951599985361099,59016.47750000004
1112,2459016.8902778,312.7099751,44.8365418,1,18.252399444580078,0.050645001232624054,59016.39027780015
1113,2459013.9546991,312.709957,44.836527,2,16.89259910583496,0.05319200083613396,59013.454699099995
1114,2459013.8419676,312.7099383,44.8365329,2,17.009199142456055,0.04774999991059303,59013.34196759993
1115,2459013.7421644,312.7099647,44.8365279,1,18.33609962463379,0.10398200154304504,59013.24216439994
1116,2459009.9813194,312.7099576,44.836542,2,16.722900390625,0.031651001423597336,59009.481319400016
1117,2459009.7804977,312.7100164,44.8365247,1,18.186599731445312,0.06882300227880478,59009.280497699976
1118,2459004.9697222,312.7099929,44.8365276,1,18.195199966430664,0.0680290013551712,59004.469722200185
1120,2459001.9431134,312.7099577,44.8365498,2,16.57819938659668,0.04052399843931198,59001.443113400135
1121,2459001.9099074,312.7099722,44.8365364,1,18.142499923706055,0.0653889998793602,59001.40990740014
1122,2458998.982581,312.7099534,44.8365501,2,16.446399688720703,0.04599300026893616,58998.482580999844
1123,2458998.9726389,312.7099633,44.836539,2,16.50659942626953,0.032249998301267624,58998.472638899926
1124,2458998.9293403,312.7099756,44.8365386,1,18.13949966430664,0.06437499821186066,58998.42934030015
1125,2458995.9840741,312.7099539,44.8365531,2,16.434799194335938,0.04306900128722191,58995.48407409992
1126,2458995.9466204,312.7099574,44.8365441,2,16.46929931640625,0.055741000920534134,58995.446620400064
1127,2458995.8434838,312.7099706,44.8365427,1,18.1294002532959,0.06896200031042099,58995.34348380007
1128,2458992.9827662,312.7099721,44.8365402,1,18.120500564575195,0.06085599958896637,58992.48276619986
1129,2458992.9766667,312.7099657,44.8365422,1,18.11240005493164,0.05864600092172623,58992.476666700095
1130,2458992.9568171,312.7099567,44.8365375,2,16.515100479125977,0.03192799910902977,58992.456817099825
1131,2458986.9685069,312.7099541,44.8365426,2,16.628799438476562,0.039326999336481094,58986.46850690013
1132,2458986.937338,312.7099721,44.8365432,1,18.184200286865234,0.061163000762462616,58986.43733800016
1133,2458985.9784954,312.7099597,44.8365441,2,16.563499450683594,0.04636700078845024,58985.47849539993
1134,2458978.9854051,312.7099347,44.8365359,2,16.861099243164062,0.06958600133657455,58978.485405100044
1135,2458978.9579745,312.7099699,44.8365692,1,18.283899307250977,0.10298900306224823,58978.45797450002
1136,2458977.9535417,312.7099585,44.8365518,2,16.694799423217773,0.04999599978327751,58977.4535416998
1137,2458975.9957639,312.7099598,44.8365423,1,18.264299392700195,0.08055999875068665,58975.495763900224
1138,2458975.9439352,312.7099401,44.8365411,2,16.753700256347656,0.04023100063204765,58975.443935200106
1139,2458972.9763194,312.7099685,44.8365428,1,18.403099060058594,0.0647369995713234,58972.47631940013
1140,2458972.9297569,312.7099507,44.8365468,2,16.82710075378418,0.05575599893927574,58972.42975689983
1142,2458966.9711343,312.709948,44.836545,2,16.715099334716797,0.041788000613451004,58966.47113429988
1143,2458966.9516204,312.7099621,44.8365503,1,18.240100860595703,0.05428300052881241,58966.45162039995
1144,2458963.9484028,312.7099573,44.8365504,1,18.40399932861328,0.06253699958324432,58963.44840280013
1145,2458963.9080208,312.7099463,44.8365337,1,18.376100540161133,0.07133899629116058,58963.40802079998
1146,2458955.9749653,312.7099579,44.8365358,1,18.37459945678711,0.07868599891662598,58955.474965299945
1147,2458955.9462847,312.7099263,44.8365255,2,16.861799240112305,0.03517699986696243,58955.446284700185
1148,2458945.0153125,312.709937,44.836524,2,17.017200469970703,0.03880000114440918,58944.51531249983
1149,2458944.9642708,312.7099221,44.8365185,1,18.326499938964844,0.10537000000476837,58944.46427079989
1150,2458941.0100231,312.7099466,44.8365365,2,16.92959976196289,0.1132500022649765,58940.510023099836
1151,2458940.9914931,312.7099761,44.8365493,1,18.444900512695312,0.06002600118517876,58940.491493099835
1152,2458854.6147454,312.7099474,44.8364961,2,16.09309959411621,0.034995000809431076,58854.114745399915
1153,2458851.5925926,312.7099439,44.8365013,2,16.9606990814209,0.08046799898147583,58851.0925925998
1155,2458838.6021412,312.7099382,44.8365193,2,16.9468994140625,0.0619719997048378,58838.1021412001
1157,2458835.5779282,312.7100137,44.8366817,2,17.312599182128906,0.12743699550628662,58835.0779281999
1158,2458831.6117593,312.7098218,44.8364246,1,19.45680046081543,0.1860560029745102,58831.11175929988
1159,2458820.6429745,312.7100098,44.83655,1,18.606000900268555,0.09713400155305862,58820.14297450008
1160,2458814.6335301,312.7100796,44.8365711,2,18.17329978942871,0.12043900042772293,58814.133530099876
1162,2458811.5969329,312.7099789,44.836516,1,19.32819938659668,0.12059000134468079,58811.09693290014
1163,2458804.7318403,312.7100232,44.8365234,2,17.072900772094727,0.04901500046253204,58804.23184029991
1164,2458804.6017593,312.7099794,44.8365477,1,18.456199645996094,0.07918400317430496,58804.1017593001
1165,2458801.7351042,312.7099764,44.836584,2,17.94879913330078,0.10423800349235535,58801.235104199965
1166,2458799.7294097,312.7099736,44.8365341,2,16.70829963684082,0.02969999983906746,58799.229409699794
1167,2458797.6430324,312.7099798,44.8365507,1,18.11389923095703,0.06401500105857849,58797.14303239994
1168,2458797.5983912,312.7099737,44.8365392,2,16.505800247192383,0.04615499824285507,58797.09839119995
1169,2458795.6603241,312.709979,44.8365414,1,18.021900177001953,0.06493599712848663,58795.16032409994
1170,2458794.6425,312.7099869,44.8365415,1,18.000200271606445,0.07250099629163742,58794.142500000075
1171,2458794.6099769,312.7099593,44.8365493,2,16.47369956970215,0.040908001363277435,58794.10997689981
1172,2458792.6440625,312.7099588,44.8365474,2,16.580699920654297,0.04514399915933609,58792.14406249998
1173,2458791.6419444,312.7099937,44.8365346,1,18.367000579833984,0.07028000056743622,58791.141944400035
1174,2458791.5869097,312.7099592,44.8365398,2,16.997400283813477,0.04713200032711029,58791.086909700185
1175,2458790.6346065,312.7099548,44.836553,2,17.049999237060547,0.0674929991364479,58790.134606500156
1176,2458788.6863194,312.7100033,44.8365347,1,18.597200393676758,0.08555400371551514,58788.18631940009
1177,2458785.7264005,312.709983,44.8365299,1,18.618099212646484,0.08044800162315369,58785.22640050016
1178,2458785.5991204,312.7099233,44.8365571,2,17.83690071105957,0.15268200635910034,58785.099120399915
1179,2458782.7235995,312.7100126,44.8365244,1,18.8125,0.079694002866745,58782.22359950002
1180,2458779.6183796,312.7099376,44.8364976,1,19.050600051879883,0.13485600054264069,58779.11837959988
1181,2458779.5934144,312.7099695,44.8365153,2,16.579999923706055,0.06698799878358841,58779.09341439977
1183,2458773.6214583,312.7099572,44.8365931,1,18.543500900268555,0.20234599709510803,58773.121458299924
1184,2458770.6956134,312.70997,44.8365713,2,17.9419002532959,0.10262499749660492,58770.19561340008
1185,2458770.6229282,312.7099465,44.8365111,1,18.684799194335938,0.10388500243425369,58770.122928199824
1187,2458764.7552083,312.7099886,44.8365478,1,18.755199432373047,0.09660699963569641,58764.25520829996
1188,2458763.6871991,312.7099692,44.8365777,1,18.722200393676758,0.0854400023818016,58763.18719909992
1190,2458762.6858565,312.7099789,44.8365477,1,18.736099243164062,0.0656059980392456,58762.185856500175
1191,2458762.658125,312.7099698,44.8366084,2,18.00589942932129,0.08883500099182129,58762.158125000075
1192,2458761.6866898,312.7099642,44.836548,1,18.4424991607666,0.0662510022521019,58761.18668980012
1193,2458761.6583912,312.7099579,44.8365333,2,17.30660057067871,0.05412499979138374,58761.158391200006
1194,2458760.687662,312.7099863,44.8365507,1,18.437400817871094,0.06773599982261658,58760.18766199984
1195,2458760.6594097,312.7099647,44.8365259,2,17.406700134277344,0.07613600045442581,58760.15940969996
1196,2458759.7021875,312.710006,44.8365623,2,17.881399154663086,0.09352599829435349,58759.20218749996
1197,2458758.7032755,312.7100014,44.8365096,1,19.313499450683594,0.14477400481700897,58758.203275499865
1199,2458754.6865162,312.7099562,44.8365545,1,19.421100616455078,0.11142099648714066,58754.18651620019
1200,2458754.6580093,312.7100587,44.8364746,2,18.6466007232666,0.17819499969482422,58754.15800930001
1202,2458751.6583912,312.7100415,44.8365308,2,18.139400482177734,0.13908399641513824,58751.158391200006
1204,2458750.6607639,312.7099423,44.836453,2,17.438199996948242,0.08501800149679184,58750.160763899796
1205,2458749.688912,312.7100209,44.83656,1,19.87809944152832,0.16521300375461578,58749.18891200004
1206,2458749.6604861,312.7100156,44.8364378,2,17.963600158691406,0.10309500247240067,58749.160486099776
1207,2458748.6873843,312.7099636,44.8365598,1,19.09869956970215,0.11796899884939194,58748.187384299934
1209,2458747.6882755,312.7099814,44.8365598,1,18.731300354003906,0.07978499680757523,58747.1882755002
1211,2458746.7128588,312.7099811,44.8365242,1,19.014400482177734,0.09460700303316116,58746.212858799845
1212,2458746.6843287,312.7099818,44.8365201,2,18.659700393676758,0.12713900208473206,58746.18432869995
1213,2458745.6883912,312.7099449,44.8365588,1,19.13599967956543,0.07706200331449509,58745.1883911998
1214,2458745.6592477,312.7096726,44.8364384,2,19.061399459838867,0.25805699825286865,58745.159247700125
1215,2458744.6882755,312.7100065,44.836567,1,19.413000106811523,0.12965600192546844,58744.1882755002
1217,2458743.6892708,312.7100224,44.8365323,1,19.091999053955078,0.11118900030851364,58743.18927079998
1222,2458741.6598727,312.7100036,44.8364613,2,18.47800064086914,0.19020700454711914,58741.159872699995
1224,2458740.6597338,312.7099757,44.8364337,2,18.348800659179688,0.1200610026717186,58740.15973380022
1225,2458739.6920602,312.7100483,44.8365671,1,19.1200008392334,0.14185400307178497,58739.19206020003
1227,2458738.6930208,312.7100165,44.8365099,1,18.93320083618164,0.1221269965171814,58738.19302080013
1229,2458737.8070023,312.7100699,44.8365363,1,19.09980010986328,0.1504330039024353,58737.30700229993
1231,2458736.7941088,312.7100241,44.8365595,1,19.341299057006836,0.12981000542640686,58736.294108800124
1233,2458735.7845139,312.7099707,44.8365294,1,18.61400032043457,0.068851999938488,58735.28451390006
1234,2458735.7611111,312.7099793,44.8365607,2,17.77669906616211,0.08754800260066986,58735.261111100204
1235,2458734.7859375,312.7099936,44.8365213,1,18.92799949645996,0.11826000362634659,58734.285937500186
1236,2458734.762419,312.7098013,44.8363744,2,19.22949981689453,0.18509699404239655,58734.2624189998
1237,2458733.7846875,312.7100489,44.836526,1,19.471099853515625,0.12997399270534515,58733.28468749998
1239,2458732.7853704,312.7100402,44.8365895,1,19.97570037841797,0.17233000695705414,58732.285370400175
1240,2458732.7611111,312.709939,44.8365556,2,18.106700897216797,0.13089799880981445,58732.261111100204
1241,2458730.7870833,312.7099435,44.8365615,1,19.090700149536133,0.21251900494098663,58730.28708329983
1244,2458727.7869792,312.7099811,44.8365104,2,17.867399215698242,0.09609100222587585,58727.28697919985
1245,2458726.7883796,312.7100192,44.8365735,1,19.508399963378906,0.12455499917268753,58726.288379599806
1246,2458726.7622106,312.7100963,44.8364014,2,18.611499786376953,0.14905700087547302,58726.26221060008
1248,2458725.7607639,312.7099954,44.8365155,2,17.609100341796875,0.13496799767017365,58725.26076389989
1249,2458724.810787,312.7099505,44.8365146,1,18.749099731445312,0.07553300261497498,58724.31078700023
1250,2458724.7868287,312.7099986,44.836519,2,16.38050079345703,0.03982599824666977,58724.28682869999
1252,2458723.7867708,312.7100044,44.8364925,2,17.106700897216797,0.06930200010538101,58723.28677080013
1253,2458722.7882407,312.7100447,44.8365068,1,19.226999282836914,0.09630399942398071,58722.28824070003
1254,2458722.7622685,312.7099671,44.8365183,2,16.63640022277832,0.05706699937582016,58722.26226849994
1255,2458721.7890625,312.7098398,44.836557,1,18.999799728393555,0.18022699654102325,58721.2890625
1258,2458720.7832292,312.7100242,44.8365222,2,17.548099517822266,0.09274499863386154,58720.28322920017
1259,2458719.7893403,312.7097072,44.8364877,1,20.02090072631836,0.1744379997253418,58719.28934030002
1260,2458719.7624421,312.7099803,44.8365063,2,16.92799949645996,0.03245000168681145,58719.26244209986
1262,2458718.7834838,312.7100191,44.8365107,2,17.434099197387695,0.07730799913406372,58718.28348380001
1264,2458717.7617824,312.7099916,44.8365391,2,17.340299606323242,0.07894700020551682,58717.261782399844
1266,2458716.7829745,312.7099857,44.8365097,2,17.184999465942383,0.09125600010156631,58716.28297450021
1268,2458715.7618634,312.7099936,44.8365187,2,17.426000595092773,0.12485899776220322,58715.26186340023
1270,2458714.6776736,312.7100174,44.8365136,2,17.369300842285156,0.056981999427080154,58714.17767360015
1273,2458711.6775116,312.7099921,44.8365328,2,17.298799514770508,0.0655670017004013,58711.177511599846
1275,2458710.6777199,312.7099855,44.8365064,2,17.18829917907715,0.06334900110960007,58710.17771989992
1276,2458709.9446412,312.7098739,44.8365075,1,19.742399215698242,0.21309199929237366,58709.444641199894
1278,2458703.9093519,312.7099355,44.8365274,2,17.476200103759766,0.08176299929618835,58703.40935190022
1279,2458700.8920486,312.71,44.8364966,2,17.34950065612793,0.0912109985947609,58700.39204860013
1280,2458697.8925116,312.7100358,44.8365011,2,18.231700897216797,0.1394450068473816,58697.39251160016
1282,2458694.8239699,312.7099614,44.8365173,1,19.172000885009766,0.07503999769687653,58694.32396990014
1284,2458691.8212037,312.710026,44.8365982,1,19.518400192260742,0.10605999827384949,58691.3212036998
1286,2458684.9541204,312.7100205,44.8365181,2,19.013399124145508,0.22009000182151794,58684.454120399896
1288,2458680.8221412,312.7099915,44.8364372,2,18.172000885009766,0.14843599498271942,58680.32214119984
1289,2458677.8081019,312.7099998,44.8364591,2,17.846599578857422,0.07663699984550476,58677.30810189992
1290,2458676.9790278,312.7099718,44.8365307,2,16.863399505615234,0.06406799703836441,58676.479027799796
1293,2458672.8432755,312.7099643,44.8365307,1,19.23270034790039,0.10999699681997299,58672.343275499996
1296,2458670.9250926,312.7099907,44.8365364,1,19.252899169921875,0.09366899728775024,58670.42509259982
1298,2458669.9492824,312.7100317,44.8365495,1,19.667499542236328,0.1292569935321808,58669.449282399844
1299,2458669.9157755,312.709986,44.8366194,2,18.233999252319336,0.14975599944591522,58669.41577549977
1300,2458668.8528819,312.7099948,44.8365367,2,17.958200454711914,0.08204100281000137,58668.352881900035
1303,2458667.811331,312.7100074,44.8365033,2,16.97559928894043,0.06763400137424469,58667.31133100018
1304,2458654.9322685,312.7099258,44.8364526,2,18.5403995513916,0.12166699767112732,58654.43226849986
1305,2458653.8640741,312.70999,44.8365557,1,19.307899475097656,0.14769700169563293,58653.36407409981
1306,2458652.9745602,312.7099852,44.8365455,1,19.000200271606445,0.14177000522613525,58652.47456019977
1307,2458652.9306713,312.7099657,44.836598,2,18.491300582885742,0.17231500148773193,58652.43067129981
1308,2458651.9287963,312.7100447,44.8365346,2,18.27359962463379,0.1427139937877655,58651.4287963002
1309,2458650.9709259,312.7099854,44.8365591,1,18.8518009185791,0.09982199966907501,58650.470925900154
1311,2458649.7996528,312.7099354,44.8366108,2,18.397300720214844,0.19022800028324127,58649.299652799964
1314,2458646.9282755,312.7099759,44.836566,1,19.189199447631836,0.132423996925354,58646.42827549996
1315,2458645.9270023,312.7099458,44.8365569,1,19.2814998626709,0.10162899643182755,58645.42700230004
1316,2458644.9698495,312.7096127,44.8364137,2,19.494300842285156,0.3230629861354828,58644.469849499874
1317,2458644.926331,312.7099722,44.8365161,1,19.153799057006836,0.08664499968290329,58644.42633099994
1320,2458642.9333102,312.7099679,44.8365271,1,19.09709930419922,0.09367600083351135,58642.433310199995
1322,2458641.9239583,312.7099752,44.8365547,1,19.086700439453125,0.08977899700403214,58641.42395830015
1323,2458640.9756366,312.7099076,44.8366429,2,18.336000442504883,0.1577560007572174,58640.47563660005
1324,2458640.9518866,312.7099717,44.8365436,1,18.843399047851562,0.08633299916982651,58640.45188659988
1325,2458639.9493056,312.7099922,44.8365425,1,18.86750030517578,0.08162900060415268,58639.44930560002
1326,2458639.911794,312.7099344,44.8365506,2,18.2185001373291,0.09528099745512009,58639.41179399984
1327,2458638.9693171,312.7099451,44.8365482,2,18.55299949645996,0.14843399822711945,58638.46931710001
1328,2458638.9578356,312.7099763,44.8365506,1,18.989299774169922,0.09537100046873093,58638.45783559978
1329,2458637.9523264,312.7099693,44.8365535,1,18.984699249267578,0.06336800009012222,58637.452326400205
1332,2458635.9511458,312.7099916,44.8365535,1,18.871000289916992,0.07923100143671036,58635.45114579983
1333,2458635.9113194,312.7099239,44.8366061,2,18.343599319458008,0.11099900305271149,58635.411319400184
1334,2458634.9554861,312.710007,44.8365528,1,19.235000610351562,0.08707199990749359,58634.45548610017
1336,2458633.9481481,312.7099717,44.836537,1,18.784500122070312,0.07277899980545044,58633.44814810017
1337,2458633.9299421,312.7099661,44.8366019,2,18.145299911499023,0.07667399942874908,58633.42994209984
1338,2458632.9696759,312.7100073,44.836581,2,17.781600952148438,0.07520200312137604,58632.46967589995
1339,2458632.9434028,312.7099868,44.8365313,1,18.696199417114258,0.07494699954986572,58632.44340279978
1340,2458628.9679861,312.7099901,44.8365377,1,18.403099060058594,0.0671980008482933,58628.46798609989
1341,2458628.9088773,312.7099615,44.8365592,2,17.047300338745117,0.05730700120329857,58628.4088773001
1342,2458627.9040972,312.7099639,44.8365468,2,16.87299919128418,0.06261900067329407,58627.404097199906
1343,2458619.9269676,312.7099422,44.8365256,2,17.114599227905273,0.0777989998459816,58619.426967599895
1345,2458617.9899884,312.7101419,44.836558,2,18.688899993896484,0.14611400663852692,58617.489988400135
1346,2458617.973831,312.7099602,44.8365464,1,18.903499603271484,0.08291199803352356,58617.47383099981
1347,2458616.9271528,312.7099664,44.8365486,2,17.37220001220703,0.07415399700403214,58616.42715279991
1348,2458608.9925463,312.7099482,44.8365626,2,17.56719970703125,0.07413399964570999,58608.49254629994
1349,2458608.9531481,312.7099659,44.836557,1,18.63520050048828,0.0659480020403862,58608.45314810006
1350,2458607.930706,312.709966,44.8365374,1,18.696399688720703,0.07300599664449692,58607.430705999956
1351,2458607.8884838,312.7099319,44.8365524,2,17.669700622558594,0.06576000154018402,58607.388483799994
1352,2458605.9285764,312.7099602,44.8365264,2,17.746999740600586,0.08531299978494644,58605.42857640004
1353,2458597.9490278,312.7099158,44.8365728,2,17.743999481201172,0.09302700310945511,58597.4490278
1354,2458593.9875926,312.7099744,44.8365631,1,18.579599380493164,0.11226200312376022,58593.48759259982
1355,2458593.9278241,312.7099095,44.8365344,2,17.737699508666992,0.08679100126028061,58593.427824100014
1356,2458593.8904977,312.7100048,44.8364944,2,17.725400924682617,0.07843100279569626,58593.390497699846
1357,2458592.9044213,312.7099412,44.8365857,2,17.370399475097656,0.08515399694442749,58592.40442130016
1358,2458591.9743866,312.7099422,44.8365707,2,17.408100128173828,0.08094999939203262,58591.474386599846
1359,2458589.926169,312.7101151,44.8365336,1,18.72909927368164,0.1905670017004013,58589.4261690001
1360,2458588.9092593,312.7099278,44.8365521,2,17.454999923706055,0.09157200157642365,58588.40925930021
1361,2458588.0151389,312.7098946,44.8365713,2,17.791799545288086,0.09407500177621841,58587.51513889991
1362,2458587.9935069,312.7099374,44.8365356,1,18.59630012512207,0.10173700004816055,58587.493506900035
1363,2458582.9937037,312.7099161,44.8365505,1,19.10219955444336,0.11760099977254868,58582.49370370014
1365,2458581.9895486,312.7100242,44.8365313,1,19.287900924682617,0.10920900106430054,58581.48954859981
1366,2458577.9871991,312.7099895,44.836515,1,19.814199447631836,0.21662600338459015,58577.4871991002
1367,2458575.9650579,312.7098704,44.8366106,2,18.249099731445312,0.15054799616336823,58575.465057900175
1369,2458569.0302778,312.7099335,44.8365789,2,17.553800582885742,0.10473400354385376,58568.530277799815
1370,2458568.9534144,312.7099545,44.8365578,1,18.47010040283203,0.1020279973745346,58568.45341440011
1371,2458567.9990162,312.7099417,44.8365423,1,19.420499801635742,0.3671180009841919,58567.49901620019
1372,2458558.9904167,312.7100188,44.8364806,1,18.387500762939453,0.09087800234556198,58558.49041670002
1373,2458488.6363889,312.7100362,44.8365296,1,18.077699661254883,0.05967500060796738,58488.136388900224
1374,2458483.6081134,312.7099811,44.836537,1,18.136899948120117,0.05452299863100052,58483.10811340017
1375,2458482.6193981,312.7099705,44.8365151,1,18.115699768066406,0.10282699763774872,58482.119398099836
1376,2458482.6022917,312.7100016,44.8365142,2,16.503599166870117,0.031697001308202744,58482.102291699965
1377,2458475.6558102,312.7099854,44.836536,2,16.662799835205078,0.04221700131893158,58475.15581020014
1378,2458474.6417708,312.7099798,44.8365349,2,16.593299865722656,0.037029001861810684,58474.14177080011
1379,2458472.6409028,312.7100244,44.8365361,1,18.256999969482422,0.09103599935770035,58472.14090280002
1380,2458472.5979282,312.7099765,44.8365343,2,16.730899810791016,0.029249999672174454,58472.09792819992
1381,2458471.6329514,312.7100049,44.8365242,2,16.634000778198242,0.028727000579237938,58471.13295139978
1382,2458469.6152662,312.7099765,44.8365433,1,18.252399444580078,0.06510400027036667,58469.115266200155
1383,2458457.6614931,312.7100804,44.8364885,2,17.43720054626465,0.05295800045132637,58457.161493100226
1384,2458457.61125,312.7100032,44.8365218,1,18.47640037536621,0.08755200356245041,58457.111250000075
1385,2458456.6383102,312.7100329,44.8365278,2,17.264699935913086,0.043956998735666275,58456.13831020007
1386,2458442.7671759,312.7100916,44.8365005,2,16.92919921875,0.07841700315475464,58442.26717589982
1389,2458437.7608333,312.7100226,44.8365273,2,17.066099166870117,0.04002400115132332,58437.260833300184
1390,2458437.719213,312.7099752,44.8365432,1,18.385099411010742,0.0776280015707016,58437.21921300003
1391,2458436.649456,312.7100382,44.8365299,1,18.506000518798828,0.08448000252246857,58436.149455999956
1392,2458436.6013079,312.7100615,44.8365012,2,17.384599685668945,0.07127399742603302,58436.10130790016
1395,2458434.6290162,312.7099992,44.8365114,1,18.4512996673584,0.0701180025935173,58434.12901620008
1396,2458433.6409028,312.7099836,44.8365339,1,18.491899490356445,0.08962299674749374,58433.14090280002
1397,2458433.6168866,312.7099936,44.8365319,2,17.660499572753906,0.07458999752998352,58433.11688659992
1398,2458432.6806829,312.7100226,44.836521,1,18.794599533081055,0.07560399919748306,58432.180682899896
1399,2458431.6448958,312.7099988,44.8365366,2,17.583499908447266,0.058782998472452164,58431.144895799924
1400,2458431.6125926,312.7099905,44.8365318,1,18.617399215698242,0.08497700095176697,58431.11259259982
1401,2458430.6769907,312.7100373,44.8365296,2,17.364500045776367,0.03956799954175949,58430.176990699954
1402,2458430.6289468,312.7099901,44.8365405,1,18.526100158691406,0.07238899916410446,58430.128946799785
1403,2458429.6828241,312.7100045,44.8365421,1,18.60409927368164,0.06329499930143356,58429.1828240999
1404,2458428.6698843,312.7100072,44.8365438,1,18.411399841308594,0.0641150027513504,58428.16988429986
1405,2458427.6488079,312.7099335,44.8365336,1,18.475900650024414,0.1022619977593422,58427.14880790003
1406,2458427.6214468,312.7099595,44.8365362,2,17.202999114990234,0.049782998859882355,58427.12144679995
1407,2458426.652037,312.7099947,44.8365239,1,18.412900924682617,0.06846199929714203,58426.15203699982
1408,2458426.6377546,312.7099665,44.8365505,2,17.107200622558594,0.04594400152564049,58426.13775460003
1409,2458425.6518056,312.7100061,44.8365266,1,18.432100296020508,0.04892300069332123,58425.15180560015
1410,2458425.620463,312.7099948,44.8365395,2,17.195100784301758,0.05096999928355217,58425.120463000145
1411,2458400.6945602,312.7099695,44.8365381,2,16.59830093383789,0.031980000436306,58400.194560199976
1412,2458400.6415162,312.7099859,44.8365374,1,18.14150047302246,0.0503930002450943,58400.1415161998
1413,2458379.8262037,312.7099757,44.8365233,1,18.128400802612305,0.04791799932718277,58379.326203700155
1414,2458379.7751157,312.7099685,44.8365258,2,16.538999557495117,0.029064999893307686,58379.27511569997
1415,2458378.8097106,312.7099799,44.8365263,1,18.129199981689453,0.051332999020814896,58378.30971059995
1416,2458378.7799306,312.7099691,44.8365332,2,16.516300201416016,0.028605999425053596,58378.279930599965
1417,2458377.7866088,312.7099721,44.8365339,2,16.52869987487793,0.030858000740408897,58377.286608799826
1418,2458377.7680787,312.7099821,44.8365326,1,18.159500122070312,0.05523400008678436,58377.268078700174
1419,2458376.7045139,312.7099658,44.8365312,2,16.49850082397461,0.029450999572873116,58376.20451389998
1420,2458375.6915972,312.7099683,44.8365321,2,16.51219940185547,0.033647000789642334,58375.1915972
1421,2458374.8245255,312.7099717,44.8365186,2,16.5231990814209,0.02527100034058094,58374.32452550018
1422,2458374.7610069,312.7099671,44.8365293,1,18.10110092163086,0.04777200147509575,58374.26100690011
1423,2458373.7834491,312.7099708,44.8365269,2,16.48430061340332,0.03067700006067753,58373.283449099865
1424,2458373.7658912,312.709988,44.8365272,1,18.14699935913086,0.0601079985499382,58373.26589119993
1425,2458372.809294,312.7099673,44.836532,2,16.475400924682617,0.035771001130342484,58372.3092939998
1426,2458372.7694097,312.7099793,44.8365339,1,18.110599517822266,0.05126100033521652,58372.26940969983
1427,2458371.8049537,312.7099683,44.8365309,2,16.5226993560791,0.034664999693632126,58371.30495369993
1428,2458371.7665972,312.7099804,44.836534,1,18.14940071105957,0.04664099961519241,58371.266597200185
1429,2458370.7827315,312.7099617,44.8365348,2,16.520099639892578,0.04365300014615059,58370.28273149999
1430,2458370.7381366,312.70998,44.8365291,1,18.109399795532227,0.06477300077676773,58370.23813659977
1431,2458369.7889352,312.7099706,44.8365318,1,18.15850067138672,0.054582998156547546,58369.288935199846
1432,2458369.6924537,312.7099637,44.8365351,2,16.54520034790039,0.029075000435113907,58369.19245370012
1433,2458368.7873148,312.70997,44.8365334,2,16.540300369262695,0.037494998425245285,58368.28731480008
1434,2458368.7662731,312.7099845,44.8365357,1,18.163000106811523,0.04813399910926819,58368.26627309993
1435,2458367.8248727,312.7099638,44.8365284,2,16.574800491333008,0.028857000172138214,58367.32487270003
1436,2458367.7833333,312.7099771,44.8365334,1,18.192399978637695,0.05168300122022629,58367.28333330015
1437,2458366.8288542,312.7099784,44.8365278,2,16.556400299072266,0.025136999785900116,58366.328854199965
1438,2458366.7611921,312.7099795,44.8365314,1,18.168100357055664,0.04606200009584427,58366.26119210012
1439,2458365.7890278,312.709977,44.8365262,1,18.267000198364258,0.06313800066709518,58365.28902779985
1440,2458365.7015972,312.7099753,44.8365328,2,16.757400512695312,0.03567900136113167,58365.201597199775
1441,2458364.8015856,312.7099817,44.8365333,2,16.70680046081543,0.03298100084066391,58364.30158559978
1442,2458364.7564699,312.7099764,44.8365323,1,18.224700927734375,0.058580998331308365,58364.25646989979
1443,2458363.8022454,312.7099753,44.8365276,1,18.239099502563477,0.061549000442028046,58363.302245399915
1444,2458363.7651968,312.7099688,44.8365274,2,16.73419952392578,0.03288400173187256,58363.26519680023
1445,2458361.7398032,312.7099771,44.8365329,2,16.617300033569336,0.035652000457048416,58361.23980320012
1446,2458361.7225926,312.7099776,44.8365345,1,18.1112003326416,0.07607199996709824,58361.222592600156
1447,2458360.8024884,312.709971,44.836536,2,16.675600051879883,0.03220999985933304,58360.302488400135
1448,2458360.6695139,312.7099686,44.8365328,1,18.221399307250977,0.0608999989926815,58360.16951389983
1449,2458358.7320139,312.7099618,44.836528,2,16.75160026550293,0.038148000836372375,58358.23201389983
1450,2458357.8148727,312.7099668,44.8365318,2,16.61590003967285,0.031045999377965927,58357.31487269979
1451,2458356.7794792,312.7099641,44.8365356,2,16.677600860595703,0.03758399933576584,58356.27947920002
1452,2458355.9265278,312.7099658,44.8365299,2,16.797000885009766,0.04361800104379654,58355.42652780004
1453,2458355.7808565,312.7099654,44.8365372,2,16.82200050354004,0.04081600159406662,58355.280856499914
1454,2458354.8898958,312.7099775,44.8365356,2,16.79450035095215,0.04371099919080734,58354.389895800035
1455,2458354.7690856,312.7099572,44.8365345,2,16.804399490356445,0.06734500080347061,58354.26908560004
1456,2458353.8797222,312.7099886,44.8365295,2,16.7716007232666,0.039980001747608185,58353.37972219987
1457,2458353.7161921,312.7099715,44.8365299,2,16.704700469970703,0.043841999024152756,58353.2161921002
1458,2458352.8626505,312.709973,44.8365342,1,18.261999130249023,0.05785199999809265,58352.362650500145
1459,2458352.7896644,312.7099731,44.8365313,2,16.737199783325195,0.03840800002217293,58352.28966439981
1460,2458351.9113079,312.7099844,44.8365313,1,18.257699966430664,0.06950999796390533,58351.41130790021
1461,2458351.8631019,312.7099815,44.8365344,2,16.722400665283203,0.04396200180053711,58351.36310190009
1462,2458350.87375,312.7099806,44.8365305,2,16.6560001373291,0.044401999562978745,58350.373749999795
1463,2458350.8506713,312.7099878,44.8365332,1,18.207700729370117,0.05900999903678894,58350.3506713002
1464,2458349.870463,312.70997,44.8365339,1,18.239200592041016,0.05848199874162674,58349.370463000145
1465,2458349.8212384,312.709969,44.83653,2,16.70949935913086,0.03420000150799751,58349.32123839995
1466,2458348.8465278,312.7099824,44.8365247,1,18.22130012512207,0.05377399921417236,58348.346527799964
1467,2458347.9121065,312.7099727,44.836533,2,16.670499801635742,0.04128300026059151,58347.41210650001
1468,2458347.8486574,312.7099891,44.8365325,1,18.2096004486084,0.06740199774503708,58347.34865739988
1469,2458346.8218866,312.709977,44.8365353,1,18.20680046081543,0.06990700215101242,58346.321886599995
1470,2458345.8354167,312.7099662,44.8365295,2,16.71619987487793,0.04979100078344345,58345.335416700225
1471,2458344.8462153,312.7099803,44.8365283,1,18.183900833129883,0.05038300156593323,58344.346215299796
1472,2458343.8891782,312.7099765,44.836535,1,18.164899826049805,0.05488499999046326,58343.38917820016
1473,2458340.8476157,312.709987,44.8365451,1,18.053600311279297,0.07737500220537186,58340.347615700215
1474,2458338.8657523,312.709983,44.8365365,1,18.19930076599121,0.05268700048327446,58338.36575229978
1475,2458337.8688657,312.7099741,44.8365318,1,18.202299118041992,0.05855799838900566,58337.36886569997
1476,2458336.7939236,312.7099782,44.8365298,1,18.183900833129883,0.04911600053310394,58336.29392360011
1477,2458334.8090856,312.7099716,44.8365254,1,18.24449920654297,0.060270000249147415,58334.30908560008
1478,2458332.9535995,312.7099849,44.8365547,1,18.18400001525879,0.06985899806022644,58332.453599500004
1479,2458330.9451505,312.7099875,44.8365325,1,18.082500457763672,0.06427499651908875,58330.44515050016
1480,2458329.9038542,312.7099897,44.8365323,1,18.162799835205078,0.06539499759674072,58329.40385420015
1481,2458328.9527315,312.7101259,44.836535,1,18.068199157714844,0.14969700574874878,58328.452731499914
1482,2458327.9476968,312.709991,44.8365062,1,18.107200622558594,0.1152300015091896,58327.44769679988
1483,2458325.9242477,312.7099707,44.8365264,1,18.231300354003906,0.06592199951410294,58325.42424769979
1484,2458324.9269676,312.709987,44.8365284,1,18.243499755859375,0.050540000200271606,58324.426967599895
1485,2458323.9326042,312.7099772,44.8365312,1,18.214799880981445,0.051913999021053314,58323.43260420021
1486,2458322.9350347,312.7099735,44.8365282,1,18.165000915527344,0.05478300154209137,58322.435034700204
1487,2458321.9154514,312.7099964,44.8365164,1,18.249900817871094,0.047995999455451965,58321.41545139998
1488,2458320.9527431,312.7099866,44.8365409,1,18.334400177001953,0.04550899937748909,58320.4527431
1489,2458319.8925116,312.7099847,44.8365141,1,18.2278995513916,0.0569319985806942,58319.39251160016
1490,2458318.9135417,312.7099776,44.8365365,1,18.240800857543945,0.07349199801683426,58318.413541700225
1491,2458317.8854977,312.7099777,44.8365146,1,18.236299514770508,0.0581820011138916,58317.38549769996
1492,2458316.8914352,312.7099834,44.836515,1,18.284799575805664,0.060444001108407974,58316.39143519988
1493,2458315.9066435,312.7099789,44.8365303,1,18.328500747680664,0.03338199853897095,58315.406643500086
1494,2458314.8875116,312.7099889,44.836528,1,18.47010040283203,0.04907200112938881,58314.38751159981
1495,2458313.8654398,312.7099858,44.8365213,1,18.403600692749023,0.04224099963903427,58313.36543980008
1496,2458311.8646875,312.7099805,44.8365385,1,18.324100494384766,0.07075800001621246,58311.364687500056
1497,2458310.8416435,312.7100065,44.8365335,1,18.450899124145508,0.08421599864959717,58310.34164350014
1498,2458307.8414583,312.7099938,44.8365359,1,18.247499465942383,0.056664999574422836,58307.34145830013
1499,2458302.9247917,312.7099507,44.8365211,1,18.180299758911133,0.06297799944877625,58302.42479170021
1500,2458301.8275579,312.7099785,44.836539,1,18.37579917907715,0.06784699857234955,58301.32755789999
1501,2458300.9754745,312.7099889,44.8365229,1,18.482200622558594,0.07608000189065933,58300.4754745001
1502,2458299.9539815,312.7100107,44.8365038,1,18.60140037536621,0.08611200004816055,58299.45398150012
1503,2458298.975625,312.7101289,44.8365118,1,18.73550033569336,0.12614600360393524,58298.47562499996
1504,2458297.9480324,312.7100401,44.8364958,1,19.192899703979492,0.15712900459766388,58297.448032400105
1505,2458295.8846644,312.7099546,44.8364785,1,19.28190040588379,0.18321700394153595,58295.384664400015
1506,2458294.9538889,312.7099853,44.836525,1,18.85449981689453,0.0709180012345314,58294.45388890011
1507,2458293.9572222,312.7099946,44.8365293,1,18.763599395751953,0.06744799762964249,58293.4572222
1508,2458292.9267245,312.710002,44.8365255,1,18.93779945373535,0.07543099671602249,58292.42672450002
1509,2458291.9249653,312.7100099,44.8365447,1,19.475400924682617,0.10829000174999237,58291.42496530013
1510,2458289.9098727,312.7100288,44.8365645,1,19.313400268554688,0.09841199964284897,58289.409872699995
1511,2458288.9087963,312.7100123,44.8365118,1,18.982200622558594,0.08619900047779083,58288.40879630018
1512,2458287.9041667,312.7099568,44.8365017,1,18.803600311279297,0.04994700103998184,58287.40416669985
1513,2458286.9277199,312.7099896,44.8365229,1,18.710100173950195,0.03675200045108795,58286.42771989992
1514,2458285.9292245,312.7100005,44.8365368,1,19.019100189208984,0.04059400036931038,58285.42922449997
1515,2458283.9302083,312.710004,44.8365096,1,19.446699142456055,0.06732700020074844,58283.430208299775
1516,2458282.9034606,312.7099734,44.8365201,1,18.867799758911133,0.046271998435258865,58282.40346059995
1517,2458281.9036806,312.7099979,44.8365393,1,18.875999450683594,0.04304400086402893,58281.403680600226
