,jd,ra,dec,fid,magpsf,sigmapsf,mjd
0,2461052.6032176,325.9526374,33.6678135,2,19.02959442138672,0.1610940843820572,61052.10321759991
3,2461049.5904745,325.9526271,33.6677056,2,19.229299545288086,0.16632400453090668,61049.090474499855
4,2461049.589537,325.9526626,33.6676861,2,19.28219985961914,0.16872400045394897,61049.08953699982
8,2461030.6348148,325.9526767,33.6677603,2,19.332199096679688,0.09190399944782257,61030.13481480023
9,2461030.6343403,325.9526431,33.6677843,2,19.19930076599121,0.11060100048780441,61030.134340300225
10,2461030.6129051,325.9526493,33.667779,1,19.760000228881836,0.17656999826431274,61030.11290509999
11,2461030.5937153,325.9526062,33.6678392,1,19.854999542236328,0.2132129967212677,61030.09371529985
12,2461028.6462269,325.952665,33.6678704,1,20.00550079345703,0.23617400228977203,61028.146226900164
13,2461028.6452778,325.9525979,33.6677289,1,19.790700912475586,0.18867799639701843,61028.14527780004
14,2461028.6151736,325.9526474,33.6677964,2,19.363300323486328,0.1336120069026947,61028.11517360015
15,2461028.5974653,325.9526842,33.6678496,2,19.409900665283203,0.11860600113868713,61028.0974653
16,2461026.6629167,325.9526497,33.6677897,1,19.527799606323242,0.18184100091457367,61026.16291669989
17,2461026.6624421,325.9526919,33.6677532,1,19.5531005859375,0.1462630033493042,61026.16244209977
18,2461026.6014931,325.9526464,33.6677941,2,19.086200714111328,0.0973770022392273,61026.10149310017
19,2461026.6010185,325.9526471,33.6678065,2,19.103900909423828,0.111005999147892,61026.10101850005
22,2461023.5949306,325.9524647,33.6679005,1,20.13599967956543,0.215037003159523,61023.09493059991
23,2461023.5944676,325.9526601,33.6677839,1,19.802600860595703,0.22185400128364563,61023.094467599876
24,2461021.6329745,325.9526552,33.6677749,1,19.319400787353516,0.11806900054216385,61021.13297449984
25,2461021.6115741,325.9526355,33.6677912,1,19.428600311279297,0.14780500531196594,61021.111574099865
26,2461021.594919,325.9526556,33.6677973,2,18.910400390625,0.10313499718904495,61021.09491899982
27,2461021.5904514,325.9526126,33.6677907,2,18.877300262451172,0.09646400064229965,61021.090451399796
28,2461017.7071759,325.9526993,33.6677587,2,18.923799514770508,0.12699300050735474,61017.20717590023
29,2461017.7067014,325.9526659,33.6678143,2,18.825300216674805,0.11057599633932114,61017.206701400224
30,2461017.6212731,325.9524848,33.6679129,1,19.731199264526367,0.25809600949287415,61017.12127309991
31,2461017.590081,325.9527596,33.6680469,1,19.2726993560791,0.19582900404930115,61017.09008099977
32,2461015.6589815,325.9526416,33.6677748,2,18.96299934387207,0.10129299759864807,61015.15898150019
33,2461015.6580324,325.9526871,33.6678131,2,18.794099807739258,0.0862329974770546,61015.15803240007
35,2461015.5936458,325.9526121,33.6677624,1,19.20949935913086,0.16832800209522247,61015.093645799905
36,2461013.6495833,325.9526159,33.667753,2,18.83930015563965,0.17962999641895294,61013.14958330011
39,2461013.5963194,325.9526414,33.6678108,1,19.253999710083008,0.2747989892959595,61013.096319399774
41,2461008.6321528,325.9526423,33.6677578,1,19.497299194335938,0.15063300728797913,61008.13215279998
42,2461008.6017824,325.9526451,33.6678098,2,19.077800750732422,0.115727998316288,61008.10178240016
43,2461006.6342477,325.9526078,33.6678611,2,18.891799926757812,0.14697200059890747,61006.13424770022
44,2461006.6157639,325.9526431,33.6677823,1,19.36949920654297,0.18069599568843842,61006.11576389987
45,2461004.7332407,325.9527242,33.6678551,2,18.96540069580078,0.11055999994277954,61004.23324069986
46,2460992.7825,325.9526524,33.667774,2,18.908700942993164,0.10193400084972382,60992.282500000205
47,2460992.771088,325.9526299,33.6678058,2,18.98979949951172,0.10837399959564209,60992.27108799992
48,2460992.771088,325.9526299,33.6678058,2,18.98979949951172,0.10837399959564209,60992.27108799992
50,2460990.6765509,325.9526439,33.667793,1,19.406200408935547,0.15644200146198273,60990.1765509001
51,2460990.6603125,325.9526314,33.667786,1,19.615400314331055,0.14136500656604767,60990.16031249985
52,2460990.6603125,325.9526314,33.667786,1,19.615400314331055,0.14136500656604767,60990.16031249985
53,2460990.6098148,325.9526107,33.6677758,2,19.26889991760254,0.16523699462413788,60990.10981479986
54,2460990.6093403,325.9527232,33.6678001,2,19.029300689697266,0.09337300062179565,60990.10934029985
56,2460988.6566088,325.9525048,33.6678219,1,19.978900909423828,0.1679060012102127,60988.15660879994
59,2460988.5900231,325.9526682,33.6677545,2,19.52549934387207,0.15096600353717804,60988.09002309991
61,2460986.6609491,325.952688,33.6678239,2,19.29759979248047,0.12695999443531036,60986.16094909981
63,2460986.5893056,325.9525439,33.6676731,1,19.512100219726562,0.16443000733852386,60986.08930560015
64,2460984.6800231,325.9526463,33.667715,1,19.82390022277832,0.34209901094436646,60984.18002310023
68,2460980.7044792,325.952593,33.6678468,1,20.168699264526367,0.2324720025062561,60980.204479199834
70,2460980.6371759,325.9526913,33.6677875,2,19.358299255371094,0.09613599628210068,60980.13717589993
72,2460978.7556481,325.9526756,33.6677859,1,19.84910011291504,0.2112630009651184,60978.25564809982
73,2460978.7537153,325.9526379,33.6678031,1,19.691200256347656,0.16146600246429443,60978.2537153
74,2460978.6637037,325.9526798,33.6677858,2,19.43440055847168,0.13471800088882446,60978.16370370006
75,2460978.6632292,325.9526662,33.6677574,2,19.434200286865234,0.12249500304460526,60978.16322920006
76,2460976.826412,325.9525466,33.6675675,2,19.58340072631836,0.2760390043258667,60976.32641200023
77,2460976.7635301,325.9526553,33.6678094,2,19.162900924682617,0.17799900472164154,60976.26353010023
78,2460976.6964699,325.9525079,33.6678326,1,19.722700119018555,0.2108840048313141,60976.1964699002
80,2460976.6960069,325.9525454,33.6677372,1,19.880800247192383,0.21006399393081665,60976.196006900165
81,2460974.7674653,325.9525477,33.6677717,2,19.555200576782227,0.18818399310112,60974.26746529993
82,2460974.7446991,325.9526529,33.6677783,2,19.440399169921875,0.15454700589179993,60974.24469910003
83,2460974.7227315,325.9526611,33.6677697,1,19.767799377441406,0.1537330001592636,60974.22273149993
84,2460974.6995486,325.952465,33.6678031,1,19.92690086364746,0.19674299657344818,60974.199548599776
86,2460972.7693056,325.9525418,33.6676678,1,19.687599182128906,0.21541200578212738,60972.26930559985
87,2460972.768831,325.9525737,33.66784,1,19.95669937133789,0.1989150047302246,60972.2688310002
88,2460972.7009838,325.9526316,33.6677748,2,19.221200942993164,0.09119900315999985,60972.200983799994
89,2460972.7005208,325.9526622,33.6678263,2,19.200000762939453,0.09609299898147583,60972.20052079996
90,2460969.7846412,325.9526626,33.6678278,2,19.212099075317383,0.12245000153779984,60969.28464120021
91,2460969.7571528,325.952632,33.6678007,2,19.28820037841797,0.12478400021791458,60969.25715279998
92,2460969.7456134,325.9526584,33.6678027,1,19.50160026550293,0.12281599640846252,60969.24561339989
93,2460969.7205093,325.9526314,33.6677912,1,19.681499481201172,0.16516299545764923,60969.22050930001
94,2460967.781331,325.9526295,33.6678457,2,19.587299346923828,0.1749970018863678,60967.28133099992
95,2460967.7615278,325.952676,33.6678524,2,19.484899520874023,0.1003120020031929,60967.2615278
96,2460967.7391204,325.9526124,33.6677637,1,19.785999298095703,0.1470160037279129,60967.239120400045
97,2460967.7159375,325.9525219,33.6677515,1,20.17180061340332,0.20279400050640106,60967.21593749989
98,2460965.766794,325.9528177,33.6677759,2,19.528099060058594,0.17483800649642944,60965.26679399982
99,2460965.7603935,325.9525639,33.6677851,2,19.658899307250977,0.15595699846744537,60965.26039349986
101,2460965.7367014,325.9526651,33.6677831,1,19.903099060058594,0.15311600267887115,60965.23670140002
103,2460960.8481481,325.9526875,33.6677794,2,19.231800079345703,0.13112999498844147,60960.34814810008
104,2460960.7857523,325.9527118,33.6678273,2,19.577600479125977,0.1377909928560257,60960.28575230017
105,2460960.728831,325.9526233,33.6677336,1,20.11199951171875,0.22543799877166748,60960.22883100016
106,2460960.7047454,325.9525642,33.6677851,1,20.213199615478516,0.17197400331497192,60960.20474540023
107,2460957.7666319,325.9526592,33.6677622,1,19.946699142456055,0.23660899698734283,60957.26663189987
110,2460957.7466551,325.9527055,33.6677962,2,19.435699462890625,0.17374800145626068,60957.246655100025
112,2460955.7918634,325.952697,33.6677924,2,19.434799194335938,0.17345400154590607,60955.29186340002
116,2460953.7406134,325.9526665,33.6678007,1,19.6294002532959,0.19027799367904663,60953.240613400005
117,2460953.7073264,325.9526381,33.6677723,2,19.19420051574707,0.18076899647712708,60953.207326400094
118,2460953.6904167,325.952676,33.6677519,2,19.22559928894043,0.13137899339199066,60953.19041670021
119,2460951.6877662,325.9526345,33.667786,2,19.01930046081543,0.10272599756717682,60951.18776619993
120,2460951.6872917,325.9526595,33.6677955,2,18.901899337768555,0.09517800062894821,60951.18729169993
123,2460949.8482523,325.9525928,33.6677844,1,19.33289909362793,0.14950799942016602,60949.34825230017
124,2460949.8477778,325.9526128,33.6677984,1,19.536699295043945,0.1327040046453476,60949.34777780017
125,2460949.7784722,325.952624,33.6677863,2,18.991899490356445,0.07339400053024292,60949.278472200036
126,2460944.6751968,325.9526887,33.6678415,1,19.699399948120117,0.17637899518013,60944.175196799915
128,2460943.8227778,325.9525531,33.6678094,1,19.841100692749023,0.16457800567150116,60943.322777799796
130,2460942.7581019,325.9526019,33.6678207,1,19.541900634765625,0.10989399999380112,60942.25810190011
131,2460942.7016551,325.9526029,33.6677737,2,19.151100158691406,0.10391099750995636,60942.2016551001
132,2460941.7793056,325.9525202,33.6678174,1,19.789400100708008,0.14833199977874756,60941.279305600096
134,2460939.8242477,325.9526674,33.6677859,1,19.4783992767334,0.115665003657341,60939.32424770016
135,2460939.7132176,325.9526773,33.6677992,2,19.003700256347656,0.0873119980096817,60939.21321759978
136,2460938.7768981,325.952612,33.6677751,1,19.497299194335938,0.12453299760818481,60938.27689810004
137,2460938.7039815,325.9526078,33.6677852,2,18.996400833129883,0.0827770009636879,60938.20398150012
138,2460935.7361921,325.9526836,33.667787,2,19.066499710083008,0.13806599378585815,60935.236192100216
139,2460934.8256713,325.9524974,33.6677751,1,19.552900314331055,0.16107000410556793,60934.325671299826
141,2460934.7589931,325.9526735,33.6677384,2,18.984800338745117,0.08957099914550781,60934.25899309991
143,2460933.7654167,325.9526286,33.6677982,1,19.52440071105957,0.13708999752998352,60933.26541669993
144,2460933.7202431,325.9526964,33.6677866,2,19.07270050048828,0.11873699724674225,60933.22024310008
145,2460932.788287,325.9525115,33.6677522,1,19.677000045776367,0.1659889966249466,60932.2882869998
146,2460932.7171181,325.9526652,33.667773,2,19.017900466918945,0.1103150025010109,60932.2171180998
148,2460928.7826736,325.9525403,33.6678071,1,19.59119987487793,0.1782190054655075,60928.28267360013
150,2460928.7429282,325.9526711,33.6677889,2,19.31100082397461,0.15081200003623962,60928.242928199936
152,2460926.8451273,325.9527017,33.66779,1,19.259899139404297,0.18404699862003326,60926.345127299894
153,2460926.8394676,325.9525935,33.6677654,1,19.186800003051758,0.1682800054550171,60926.33946759999
154,2460926.744294,325.9526311,33.6677719,2,18.838499069213867,0.10717900097370148,60926.24429399986
155,2460926.743831,325.9526937,33.6677775,2,18.819299697875977,0.08817800134420395,60926.243830999825
156,2460924.8845718,325.9526402,33.6677557,2,18.767900466918945,0.09977299720048904,60924.38457180001
157,2460924.7595718,325.9526184,33.6677928,1,19.123199462890625,0.14025500416755676,60924.25957180001
158,2460924.7312963,325.9526057,33.6678744,1,19.375200271606445,0.2468850016593933,60924.23129629996
159,2460924.6797106,325.9526706,33.667791,2,18.79759979248047,0.11837899684906006,60924.17971060006
160,2460922.9096528,325.9526517,33.6678039,1,18.962900161743164,0.1057640016078949,60922.40965279983
161,2460922.9091898,325.9526179,33.6677748,1,18.865699768066406,0.09488199651241302,60922.4091897998
162,2460922.7983102,325.9526219,33.6678138,2,18.4468994140625,0.08418700098991394,60922.29831020022
163,2460922.7610185,325.9526894,33.6677729,2,18.50149917602539,0.0736749991774559,60922.2610185002
164,2460920.9271875,325.9530286,33.6676654,2,19.548500061035156,0.8875920176506042,60920.427187500056
166,2460920.8643981,325.952644,33.6677996,2,18.603200912475586,0.1048159971833229,60920.36439809995
167,2460920.8229861,325.9526217,33.667771,1,18.927200317382812,0.08851899951696396,60920.32298609987
168,2460920.8225116,325.9526539,33.6678005,1,19.077199935913086,0.10724599659442902,60920.322511599865
169,2460920.8225116,325.9526539,33.6678005,1,19.077199935913086,0.10724599659442902,60920.322511599865
170,2460918.8514352,325.9526513,33.667788,2,18.840499877929688,0.07963000237941742,60918.351435199846
171,2460918.8514352,325.9526513,33.667788,2,18.840499877929688,0.07963000237941742,60918.351435199846
172,2460918.8509606,325.9526149,33.6678447,2,18.74169921875,0.0915519967675209,60918.35096060019
173,2460918.7994097,325.9526072,33.6677874,1,19.229000091552734,0.10036899894475937,60918.29940970009
174,2460918.7862731,325.9526392,33.667773,1,19.11910057067871,0.11059299856424332,60918.28627309995
175,2460916.8212269,325.9525752,33.6677771,1,19.445199966430664,0.10354500263929367,60916.32122689998
176,2460916.8207523,325.9526449,33.6677646,1,19.249799728393555,0.08210500329732895,60916.32075229986
177,2460916.8050116,325.9526058,33.6678245,2,18.93939971923828,0.09181500226259232,60916.30501159979
178,2460916.7897106,325.9526469,33.6678064,2,18.882200241088867,0.09433399885892868,60916.28971059993
179,2460913.8144792,325.9526577,33.6677632,1,19.273399353027344,0.10942400246858597,60913.31447920017
180,2460913.8046644,325.9525749,33.6677784,1,19.361600875854492,0.13375599682331085,60913.30466439994
181,2460913.7598843,325.9526539,33.6677896,2,18.821800231933594,0.08061700314283371,60913.259884300176
182,2460913.7594097,325.9526162,33.6678011,2,18.752899169921875,0.06773000210523605,60913.259409700055
183,2460911.7136921,325.9525076,33.6677423,1,19.675399780273438,0.14440999925136566,60911.21369209979
184,2460910.8378241,325.9526643,33.6677878,1,19.4960994720459,0.14292900264263153,60910.33782410016
185,2460910.781169,325.9526468,33.6677862,2,18.927799224853516,0.09447800368070602,60910.28116900008
186,2460909.8194792,325.9525887,33.6677829,1,19.395700454711914,0.12032900005578995,60909.31947920006
187,2460908.8069329,325.9526487,33.6677813,1,19.422000885009766,0.11303099989891052,60908.3069329001
188,2460908.7416088,325.9526445,33.6677954,2,18.95479965209961,0.09818699955940247,60908.2416087999
189,2460905.8313889,325.9525495,33.6677723,1,19.671300888061523,0.16122999787330627,60905.33138890006
190,2460904.8197106,325.9526606,33.6677903,2,19.12849998474121,0.11450999975204468,60904.31971060019
191,2460904.7809144,325.9526656,33.6677893,1,19.524200439453125,0.1119839996099472,60904.28091439977
192,2460904.7809144,325.9526656,33.6677893,1,19.524200439453125,0.1119839996099472,60904.28091439977
193,2460903.8028935,325.9526475,33.667751,2,19.22960090637207,0.1141899973154068,60903.302893499844
194,2460903.8028935,325.9526475,33.667751,2,19.22960090637207,0.1141899973154068,60903.302893499844
195,2460903.7436921,325.9526046,33.667768,1,19.920799255371094,0.14013999700546265,60903.24369210005
196,2460903.7436921,325.9526046,33.667768,1,19.920799255371094,0.14013999700546265,60903.24369210005
197,2460902.764919,325.9526244,33.6678037,1,19.34000015258789,0.10676699876785278,60902.26491900021
198,2460902.7034722,325.9526856,33.6678099,2,18.893800735473633,0.08588699996471405,60902.20347219985
199,2460901.7604282,325.9526692,33.6677266,1,19.44230079650879,0.17410099506378174,60901.26042820001
200,2460901.7604282,325.9526692,33.6677266,1,19.44230079650879,0.17410099506378174,60901.26042820001
201,2460901.6968866,325.9527319,33.6678039,2,19.19610023498535,0.11399699747562408,60901.196886599995
202,2460901.6968866,325.9527319,33.6678039,2,19.19610023498535,0.11399699747562408,60901.196886599995
203,2460899.9216435,325.9526654,33.6677891,1,19.6781005859375,0.25475698709487915,60899.421643500216
204,2460899.7617824,325.9526137,33.6677553,2,19.20359992980957,0.12504099309444427,60899.261782399844
205,2460898.9167245,325.9526718,33.6677637,2,19.106800079345703,0.13808000087738037,60898.41672449978
211,2460896.8399421,325.9526795,33.6677661,2,19.0856990814209,0.15024499595165253,60896.33994209999
214,2460894.9286111,325.9525542,33.6677251,1,19.577299118041992,0.1726599931716919,60894.428611100186
215,2460894.8001042,325.9527131,33.6677433,2,19.230300903320312,0.14015400409698486,60894.30010419991
216,2460892.9141782,325.9526641,33.6678215,2,19.110000610351562,0.08707799762487411,60892.414178200066
217,2460892.8906134,325.9526248,33.6677605,1,19.434799194335938,0.10592599958181381,60892.39061339991
218,2460891.8235995,325.9526412,33.6677955,2,19.111499786376953,0.10548199713230133,60891.323599500116
219,2460891.7758102,325.9525043,33.6677584,1,19.586000442504883,0.16502800583839417,60891.27581019979
220,2460889.8795602,325.9526191,33.6677934,1,19.80430030822754,0.13175800442695618,60889.37956020003
221,2460889.8024884,325.9526832,33.6677716,2,19.31290054321289,0.10129400342702866,60889.302488400135
222,2460888.8576157,325.9525916,33.6677974,1,20.184900283813477,0.20549699664115906,60888.35761569999
223,2460888.8576157,325.9525916,33.6677974,1,20.184900283813477,0.20549699664115906,60888.35761569999
224,2460888.7995139,325.9526355,33.6678026,2,19.390100479125977,0.10575199872255325,60888.29951390019
225,2460887.8527778,325.952639,33.6678566,2,19.4955997467041,0.12422499805688858,60887.35277780006
226,2460887.8072685,325.9526694,33.6677946,1,19.88249969482422,0.14592699706554413,60887.30726849986
227,2460886.8176852,325.9526259,33.6677715,2,19.598400115966797,0.11110799759626389,60886.3176851999
228,2460886.7748148,325.9524378,33.6677237,1,20.041200637817383,0.20253600180149078,60886.274814799894
229,2460885.8269444,325.9526946,33.6678271,2,19.478099822998047,0.11558300256729126,60885.32694440009
230,2460885.8060764,325.9526188,33.6677513,1,19.878599166870117,0.12165100127458572,60885.30607639998
231,2460884.869456,325.9526464,33.6678014,2,19.561500549316406,0.14703699946403503,60884.36945600016
232,2460884.8319444,325.9525505,33.667775,1,20.068300247192383,0.19953499734401703,60884.33194439998
233,2460883.8855324,325.9526035,33.6678243,2,19.348600387573242,0.1451369971036911,60883.385532400105
234,2460883.8247917,325.952624,33.6677909,1,19.792600631713867,0.15177099406719208,60883.32479170011
235,2460882.8944907,325.9522874,33.6677828,1,20.329200744628906,0.27608099579811096,60882.394490700215
236,2460882.805081,325.952705,33.6677985,2,19.76420021057129,0.16064999997615814,60882.305081000086
237,2460881.9229167,325.9526783,33.6677631,1,19.865400314331055,0.1479550004005432,60881.42291670013
239,2460880.8772569,325.952589,33.6677792,2,19.63421630859375,0.1440892070531845,60880.37725690007
240,2460880.8772569,325.952589,33.6677792,2,19.634199142456055,0.1440889984369278,60880.37725690007
241,2460880.8021065,325.9525395,33.6677952,1,20.037799835205078,0.24334000051021576,60880.30210650014
242,2460879.8720833,325.9526926,33.6678633,2,19.393999099731445,0.14475899934768677,60879.37208329979
243,2460879.8143866,325.9527024,33.6677688,1,19.883800506591797,0.13090400397777557,60879.31438660016
244,2460878.8990972,325.9526152,33.6677921,2,19.1843204498291,0.07532117515802383,60878.39909720002
247,2460877.8444444,325.9526818,33.6678255,2,19.129100799560547,0.1014930009841919,60877.344444400165
248,2460877.7844444,325.9525863,33.6677633,1,19.638399124145508,0.13071300089359283,60877.28444440011
249,2460876.8831134,325.9525648,33.6677891,2,19.045400619506836,0.0728520005941391,60876.38311340008
250,2460876.8054398,325.9525262,33.667797,1,19.644800186157227,0.14858999848365784,60876.305439800024
251,2460875.846794,325.9526787,33.6678008,2,18.975000381469727,0.10535400360822678,60875.346793999895
252,2460875.8063079,325.952648,33.6677543,1,19.479400634765625,0.11002799868583679,60875.30630790023
253,2460873.8145602,325.9526842,33.6677894,2,19.19569969177246,0.15485000610351562,60873.31456020009
254,2460873.7453819,325.9526253,33.6678256,1,19.613500595092773,0.22515100240707397,60873.24538190011
255,2460872.9240741,325.9526924,33.66785,2,19.252700805664062,0.15009400248527527,60872.424074099865
256,2460872.7366088,325.9526987,33.6677592,1,19.752899169921875,0.18418699502944946,60872.23660880001
260,2460869.8578009,325.9526301,33.6678651,1,19.77829933166504,0.17387700080871582,60869.357800900005
261,2460868.899919,325.9527134,33.6677877,2,19.2544002532959,0.12882000207901,60868.39991899999
263,2460866.94,325.9526337,33.6678212,1,19.81450080871582,0.2784929871559143,60866.439999999944
264,2460866.9251157,325.9525824,33.6678163,1,19.756900787353516,0.24374400079250336,60866.42511569988
265,2460866.894537,325.9526628,33.6677953,2,19.548599243164062,0.1591079980134964,60866.394536999986
267,2460864.9384491,325.9525045,33.6677729,1,19.63789939880371,0.1741189956665039,60864.438449100126
268,2460864.867581,325.9526181,33.6678023,2,19.289499282836914,0.15251000225543976,60864.367581000086
269,2460860.9591898,325.9526654,33.6677814,1,20.08650016784668,0.14582599699497223,60860.45918980008
271,2460858.9453935,325.9527383,33.6677904,2,19.673500061035156,0.13345199823379517,60858.44539349992
272,2460858.9287269,325.9526981,33.6677465,2,19.833999633789062,0.1304209977388382,60858.4287268999
273,2460858.8808912,325.9525438,33.6677658,1,19.817699432373047,0.1332930028438568,60858.380891200155
274,2460856.9400579,325.9526388,33.6677438,1,19.863800048828125,0.12745200097560883,60856.4400578998
280,2460853.8595949,325.9525872,33.6677616,2,19.622400283813477,0.14075200259685516,60853.35959490016
281,2460851.9660764,325.9526818,33.6677841,2,19.50160026550293,0.16178099811077118,60851.46607640013
283,2460851.8595139,325.9526828,33.6678482,2,19.361400604248047,0.10781300067901611,60851.35951389978
284,2460851.8423611,325.9526123,33.6678082,2,19.66069984436035,0.13653700053691864,60851.34236110002
285,2460851.8423611,325.9526234,33.6677917,2,19.659299850463867,0.14668600261211395,60851.34236110002
286,2460849.8299074,325.9526415,33.6677938,1,19.403900146484375,0.12832799553871155,60849.32990740007
287,2460849.8068056,325.9526587,33.6678245,2,19.01689910888672,0.10012900084257126,60849.30680559995
288,2460848.9475347,325.95259,33.6677628,2,19.28350067138672,0.12108699977397919,60848.447534699924
289,2460848.9033796,325.9525227,33.6676869,1,19.710599899291992,0.14781199395656586,60848.40337960003
290,2460847.8805208,325.9526472,33.667773,1,19.551124572753906,0.1268606185913086,60847.38052080013
292,2460847.8409954,325.9526556,33.66777,2,19.162900924682617,0.08839400112628937,60847.34099540021
294,2460846.9496759,325.9525446,33.6677598,1,19.733200073242188,0.11645600199699402,60846.44967589993
295,2460846.8766435,325.9526675,33.6677863,2,19.32539939880371,0.14217700064182281,60846.376643499825
298,2460843.9487847,325.9526418,33.6677668,1,19.61750030517578,0.1606220006942749,60843.44878470013
299,2460843.9284375,325.9526706,33.6677853,2,19.178800582885742,0.11021500080823898,60843.428437499795
300,2460843.9279745,325.9527065,33.6677392,2,19.15239906311035,0.11500599980354309,60843.42797450023
301,2460843.8161227,325.9526206,33.6677518,1,19.368600845336914,0.13902699947357178,60843.316122699995
303,2460841.7983449,325.9526462,33.6677284,1,19.757600784301758,0.26616498827934265,60841.2983448999
305,2460840.8644097,325.9527094,33.667809,2,19.257099151611328,0.12691199779510498,60840.364409700036
306,2460839.9326042,325.9526552,33.6678184,2,19.056337356567383,0.14038102328777313,60839.43260420021
308,2460839.9307292,325.9525998,33.6675894,1,19.759199142456055,0.25695300102233887,60839.43072920013
310,2460838.9492824,325.9527378,33.6677717,1,19.28700065612793,0.1510320007801056,60838.449282399844
311,2460838.9055556,325.952694,33.6677646,2,19.09239959716797,0.12471000105142593,60838.405555599835
312,2460836.9637616,325.9525602,33.6676912,1,19.667200088500977,0.18244299292564392,60836.4637616002
313,2460835.9527199,325.9526331,33.6677371,1,19.445499420166016,0.12948699295520782,60835.452719899826
314,2460835.8833565,325.9526784,33.6678074,2,19.024999618530273,0.1010650023818016,60835.38335649995
315,2460833.9411343,325.9526356,33.6677636,1,19.49209976196289,0.11046899855136871,60833.44113430008
316,2460833.8905324,325.9527038,33.6677669,2,19.102699279785156,0.08612900227308273,60833.39053239999
317,2460832.9639931,325.9526471,33.6677996,2,19.27050018310547,0.09598000347614288,60832.463993099984
318,2460832.901331,325.9526546,33.667783,1,19.45400047302246,0.13526299595832825,60832.40133100003
319,2460831.8800463,325.9524056,33.6678381,1,20.11720085144043,0.2064650058746338,60831.380046300124
321,2460831.8532407,325.9526524,33.6677805,2,19.53179931640625,0.13648399710655212,60831.35324069997
322,2460831.8532407,325.9526524,33.6677805,2,19.53179931640625,0.13648399710655212,60831.35324069997
323,2460829.8871875,325.9526407,33.6678119,1,19.886199951171875,0.13487200438976288,60829.38718750002
325,2460825.9629051,325.9526224,33.6678179,1,19.820999145507812,0.16973400115966797,60825.46290510008
326,2460823.8931134,325.9524461,33.6677809,1,19.68790054321289,0.14361700415611267,60823.393113399856
327,2460823.8907639,325.9526125,33.6677671,1,19.555299758911133,0.10635899752378464,60823.39076389978
328,2460823.8680208,325.9526431,33.6677449,2,19.150800704956055,0.1001340001821518,60823.36802079994
329,2460823.8521412,325.9527193,33.6678149,2,19.13610076904297,0.1330679953098297,60823.3521412001
330,2460821.8902778,325.9525524,33.6677977,1,19.75510025024414,0.1480250060558319,60821.39027780015
331,2460821.8902778,325.9525524,33.6677977,1,19.75510025024414,0.1480250060558319,60821.39027780015
332,2460820.9414468,325.9526649,33.6677954,2,19.28350067138672,0.131974995136261,60820.441446799785
333,2460820.8860532,325.9526773,33.6677655,1,19.555200576782227,0.14261199533939362,60820.38605319988
334,2460819.9307523,325.9525425,33.6677635,1,19.512800216674805,0.10182499885559082,60819.43075230019
336,2460818.9244213,325.9526345,33.6677745,2,19.41819953918457,0.10131999850273132,60818.42442130018
337,2460817.9464352,325.9526136,33.6677308,1,19.84510040283203,0.1499820053577423,60817.44643520005
338,2460816.9462847,325.952655,33.6677852,1,19.902799606323242,0.2114740014076233,60816.446284700185
340,2460815.9661921,325.9526556,33.6678654,1,19.9955997467041,0.2166610062122345,60815.4661921002
341,2460815.9661921,325.9526556,33.6678654,1,19.9955997467041,0.2166610062122345,60815.4661921002
342,2460811.9679282,325.9525987,33.6678136,1,19.3439998626709,0.13791200518608093,60811.46792820003
343,2460811.9458796,325.9526686,33.6677897,1,19.463499069213867,0.168380007147789,60811.44587960001
345,2460811.9128356,325.9526631,33.6678256,2,19.171199798583984,0.13188399374485016,60811.412835599855
350,2460804.9940741,325.9526879,33.6677831,2,19.318599700927734,0.15701499581336975,60804.49407410016
351,2460804.9935995,325.9527036,33.6677966,2,19.187000274658203,0.1484919935464859,60804.49359950004
352,2460804.9792361,325.9525651,33.6678383,1,19.644100189208984,0.17580699920654297,60804.47923609987
354,2460802.9766667,325.952506,33.6678294,2,19.32379913330078,0.15645800530910492,60802.476666700095
355,2460798.9470255,325.9527086,33.6678442,2,19.613500595092773,0.1369359940290451,60798.44702549977
356,2460797.9683333,325.9524517,33.6677419,1,20.018800735473633,0.22883599996566772,60797.4683333002
357,2460797.9298611,325.9527105,33.6677887,2,19.49920082092285,0.18527700006961823,60797.429861099925
358,2460795.9768981,325.9526842,33.667752,1,19.937999725341797,0.15292200446128845,60795.47689810023
360,2460795.9293634,325.9528047,33.6678801,2,19.59040069580078,0.148484006524086,60795.42936340021
361,2460788.9852662,325.9524926,33.6677537,1,19.960599899291992,0.16316799819469452,60788.4852661998
363,2460785.9523611,325.952654,33.6678203,2,19.331300735473633,0.14651699364185333,60785.45236109989
366,2460776.9503009,325.9527459,33.6676893,2,19.45549964904785,0.18424800038337708,60776.4503008998
369,2460773.0161227,325.9526978,33.6677239,2,19.361600875854492,0.11972399801015854,60772.51612270018
374,2460755.0296875,325.9527681,33.6677861,2,19.341999053955078,0.20550300180912018,60754.52968750009
375,2460755.0256366,325.9526837,33.6678357,2,19.423099517822266,0.19856899976730347,60754.525636599865
376,2460755.0216782,325.9526711,33.6678216,2,19.47369956970215,0.1871419996023178,60754.52167819999
381,2460751.0283218,325.9525881,33.6676962,2,19.53730010986328,0.2526780068874359,60750.52832179982
392,2460679.661088,325.952629,33.6677604,2,19.401214599609375,0.2144865244626999,60679.16108800005
394,2460679.6030324,325.9526315,33.667762,1,19.841999053955078,0.2715590000152588,60679.1030323999
395,2460677.6122569,325.9527147,33.667797,2,19.63759994506836,0.12622299790382385,60677.11225689994
398,2460674.6000694,325.9525013,33.6677207,1,20.277099609375,0.270889014005661,60674.10006939992
399,2460674.5995949,325.9526811,33.6677731,1,20.28019905090332,0.24458900094032288,60674.09959489992
435,2460608.7604977,325.9526276,33.6676815,1,20.09988021850586,0.19211412966251373,60608.26049769996
438,2460606.697581,325.9526483,33.6678202,1,20.154800415039062,0.18410000205039978,60606.19758100016
440,2460604.7413657,325.9526085,33.6677671,1,20.250200271606445,0.22772200405597687,60604.24136570003
452,2460597.7165856,325.9526825,33.6677056,1,20.2814998626709,0.27205801010131836,60597.21658559982
456,2460595.7000579,325.9525456,33.667816,2,19.599300384521484,0.19675399363040924,60595.200057900045
459,2460594.6968403,325.9526267,33.667856,2,19.641199111938477,0.15418100357055664,60594.196840300225
460,2460592.7029167,325.9524167,33.6677578,1,20.59480094909668,0.2892340123653412,60592.20291669993
474,2460576.8109375,325.9526674,33.6677853,2,19.856700897216797,0.16133099794387817,60576.31093750009
475,2460576.7691319,325.9525948,33.6677795,1,20.04400062561035,0.1990559995174408,60576.26913189981
479,2460575.673125,325.9526934,33.6677651,2,19.783300399780273,0.2727450132369995,60575.173125000205
481,2460575.6575694,325.9524852,33.6677321,1,20.45560073852539,0.24457399547100067,60575.157569400035
488,2460566.8848148,325.952682,33.6678527,2,19.41320037841797,0.14942699670791626,60566.38481480023
489,2460566.8469792,325.9525618,33.6677226,1,19.968399047851562,0.24186399579048157,60566.34697919991
490,2460566.8225694,325.9525724,33.6678336,1,19.969600677490234,0.2998889982700348,60566.32256940007
492,2460564.8272338,325.9526462,33.6677473,2,19.467899322509766,0.13569599390029907,60564.3272338002
494,2460564.7802894,325.9526305,33.6677574,1,19.75510025024414,0.1597689986228943,60564.2802893999
495,2460564.7653241,325.9525048,33.6677733,1,19.952299118041992,0.14654900133609772,60564.26532409992
496,2460562.7624884,325.9527109,33.6677784,2,19.368799209594727,0.11961399763822556,60562.2624884001
497,2460562.7424537,325.95267,33.6678282,1,19.78660011291504,0.16759200394153595,60562.24245369993
498,2460561.8303009,325.9525187,33.6677551,1,20.09320068359375,0.25947698950767517,60561.330300900154
499,2460561.8054514,325.952654,33.6677435,2,19.31999969482422,0.09952300041913986,60561.30545140011
503,2460559.7353935,325.9526938,33.6677908,2,19.729299545288086,0.1501840054988861,60559.235393499956
504,2460558.8005556,325.9526427,33.6679131,2,19.533100128173828,0.18119299411773682,60558.30055559985
505,2460558.7694213,325.9526336,33.6677869,1,20.24850082397461,0.18177899718284607,60558.26942129992
506,2460557.7761921,325.9526359,33.6677925,1,20.064300537109375,0.22811999917030334,60557.27619209979
507,2460557.7461343,325.9526401,33.6678029,2,19.45680046081543,0.10238099843263626,60557.246134299785
508,2460556.7776273,325.9526707,33.6677784,2,19.478099822998047,0.15935200452804565,60556.277627300005
509,2460556.7597454,325.952617,33.6677968,1,19.82159996032715,0.13808299601078033,60556.25974539993
510,2460555.7764236,325.9525035,33.6677693,1,20.301300048828125,0.2896449863910675,60555.27642360004
511,2460555.6992245,325.952685,33.6676886,2,19.833599090576172,0.14620299637317657,60555.199224499986
513,2460554.7995949,325.9525703,33.6677989,1,20.076099395751953,0.2015320062637329,60554.299594900105
514,2460553.8216782,325.9525165,33.6677886,1,20.22559928894043,0.23349200189113617,60553.321678199805
515,2460553.7666667,325.9526352,33.6677676,2,19.738000869750977,0.13957400619983673,60553.26666670013
516,2460552.8234722,325.9526194,33.6678602,1,19.84630012512207,0.16266000270843506,60552.32347219996
517,2460552.7595949,325.9526534,33.6677641,2,19.597000122070312,0.17214399576187134,60552.25959490007
518,2460551.7993866,325.9525793,33.6677733,1,20.018800735473633,0.17968200147151947,60551.29938660003
519,2460551.7590972,325.9526136,33.6677747,2,19.494300842285156,0.099542997777462,60551.25909719989
520,2460550.7795255,325.952641,33.667795,1,20.059900283813477,0.19674000144004822,60550.27952549979
521,2460550.7387847,325.9526347,33.667787,2,19.71339988708496,0.1452150046825409,60550.23878470017
523,2460549.7987731,325.9525447,33.6677664,1,20.220699310302734,0.2004069983959198,60549.298773100134
524,2460548.8090162,325.9526486,33.6678098,1,19.76689910888672,0.12864699959754944,60548.30901619978
525,2460548.7375231,325.9526697,33.6677413,2,19.49449920654297,0.14351500570774078,60548.23752309987
526,2460547.7960069,325.9525391,33.6677412,1,20.201799392700195,0.21166999638080597,60547.29600689979
527,2460547.7489468,325.9526687,33.6677838,2,19.798999786376953,0.1801770031452179,60547.2489467999
528,2460546.831088,325.9525999,33.6677522,1,19.88159942626953,0.22501599788665771,60546.33108799998
530,2460544.8663889,325.9526705,33.6677446,1,20.009199142456055,0.34260401129722595,60544.366388900205
532,2460544.7738657,325.9525601,33.6677498,2,19.690500259399414,0.22353500127792358,60544.27386569977
536,2460540.7860417,325.9526655,33.667804,2,19.755599975585938,0.16227400302886963,60540.286041699816
537,2460538.8916088,325.9527016,33.6678495,2,19.88409996032715,0.14115400612354279,60538.39160879981
538,2460538.8911343,325.9526654,33.6678595,2,20.19099998474121,0.19591599702835083,60538.3911342998
539,2460538.8695139,325.9526746,33.6677088,1,20.132200241088867,0.24178700149059296,60538.36951390002
540,2460538.8695139,325.9526746,33.6677088,1,20.132200241088867,0.24178700149059296,60538.36951390002
541,2460538.8690394,325.9526691,33.6678306,1,20.19260025024414,0.1948069930076599,60538.369039400015
542,2460536.8704745,325.9526397,33.6679229,2,19.57678985595703,0.16033010184764862,60536.370474500116
543,2460536.8704745,325.9526397,33.6679229,2,19.576799392700195,0.16032999753952026,60536.370474500116
544,2460536.8267708,325.952603,33.6677902,1,20.094900131225586,0.19409100711345673,60536.326770800166
545,2460536.8267708,325.952603,33.6677902,1,20.094900131225586,0.19409100711345673,60536.326770800166
546,2460536.8059259,325.9524857,33.6677246,1,20.237899780273438,0.2743380069732666,60536.30592590012
547,2460536.8059259,325.9524857,33.6677246,1,20.237899780273438,0.2743380069732666,60536.30592590012
548,2460536.8059259,325.9524857,33.6677246,1,20.237899780273438,0.2743380069732666,60536.30592590012
550,2460534.8253819,325.9526595,33.6678181,2,19.83060073852539,0.14814099669456482,60534.325381900184
551,2460534.8057986,325.9526708,33.6677855,2,19.693500518798828,0.1027119979262352,60534.30579859996
552,2460534.7563657,325.952596,33.6677668,1,20.110700607299805,0.1649940013885498,60534.25636570016
553,2460533.8293866,325.9526669,33.6677632,2,19.8169002532959,0.11073599755764008,60533.32938659983
554,2460533.8277083,325.9526925,33.6678082,2,19.813600540161133,0.1168539971113205,60533.3277083002
555,2460533.7572685,325.9526079,33.6677592,1,20.165599822998047,0.1718820035457611,60533.25726850005
556,2460533.7564468,325.9526765,33.6677025,1,20.211999893188477,0.20632900297641754,60533.256446800195
557,2460532.8300231,325.9526971,33.6677898,2,20.021799087524414,0.1427299976348877,60532.330023100134
559,2460532.782338,325.9526244,33.667711,1,20.55190086364746,0.2495039999485016,60532.2823379999
560,2460532.7815278,325.952646,33.6677612,1,20.302499771118164,0.11545400321483612,60532.28152780002
561,2460531.8463773,325.9526673,33.6677303,1,20.653600692749023,0.2952669858932495,60531.3463773001
569,2460527.8691204,325.9526369,33.6677525,2,19.70870018005371,0.17854300141334534,60527.36912039993
571,2460527.8069792,325.9526624,33.6677704,1,19.9335994720459,0.16437199711799622,60527.30697919987
572,2460527.8069792,325.9526624,33.6677704,1,19.9335994720459,0.16437199711799622,60527.30697919987
574,2460525.8242708,325.952593,33.6677646,1,20.113800048828125,0.1804630011320114,60525.32427080022
575,2460525.8063657,325.9527292,33.6678184,2,19.978700637817383,0.18116800487041473,60525.30636569997
576,2460525.8063657,325.9527292,33.6678184,2,19.978700637817383,0.18116800487041473,60525.30636569997
582,2460519.954375,325.9525305,33.6678031,1,20.318700790405273,0.2340089976787567,60519.454375000205
583,2460519.9020718,325.9525535,33.6677229,1,20.23349952697754,0.22925099730491638,60519.40207180008
598,2460509.9073032,325.9526033,33.6677552,1,20.334199905395508,0.19078700244426727,60509.4073032001
599,2460509.8986806,325.95256,33.6676408,1,20.510700225830078,0.343735009431839,60509.39868059987
600,2460509.8986806,325.95256,33.6676408,1,20.510700225830078,0.343735009431839,60509.39868059987
604,2460505.840081,325.9525625,33.6677448,1,20.41230010986328,0.20468799769878387,60505.34008099977
611,2460501.8654514,325.9525709,33.6676916,2,20.02050018310547,0.19336499273777008,60501.36545140017
614,2460499.9136111,325.9526246,33.6677569,2,19.92799949645996,0.17504499852657318,60499.413611100055
617,2460490.9134838,325.9525145,33.667832,2,19.77280044555664,0.14767999947071075,60490.4134837999
619,2460490.8682523,325.9526613,33.6677931,1,20.476900100708008,0.31970998644828796,60490.36825230019
622,2460488.9262963,325.9526677,33.6677417,1,20.23590087890625,0.23586900532245636,60488.42629629979
624,2460488.8651273,325.9526776,33.6677315,2,19.675500869750977,0.1953209936618805,60488.36512729991
625,2460485.9332986,325.9526208,33.6678025,1,19.76259994506836,0.1843540072441101,60485.433298599906
626,2460485.9139583,325.9528085,33.667814,1,19.78730010986328,0.2847200036048889,60485.413958299905
627,2460485.8828472,325.9527259,33.6677931,2,19.442100524902344,0.13281899690628052,60485.38284720015
637,2460479.9427199,325.952517,33.6677482,1,20.537500381469727,0.3036400079727173,60479.44271990005
638,2460479.8656366,325.9526062,33.6677033,2,19.598400115966797,0.2254669964313507,60479.36563660018
641,2460476.9434838,325.9525974,33.6677418,2,20.03260040283203,0.15163399279117584,60476.44348380016
643,2460476.9269097,325.9526382,33.6677313,1,20.538400650024414,0.20509099960327148,60476.426909700036
644,2460473.944537,325.9526777,33.6677565,1,20.09749984741211,0.19344699382781982,60473.4445369998
645,2460473.9440741,325.9523478,33.6677373,1,20.074499130249023,0.19348500669002533,60473.44407409988
646,2460473.9126273,325.9525877,33.6677774,2,19.50149917602539,0.11256600171327591,60473.41262729978
649,2460471.869456,325.9527279,33.6677644,2,19.80500030517578,0.18172800540924072,60471.36945600016
650,2460464.9471528,325.9525873,33.6677092,1,20.14940071105957,0.16749300062656403,60464.44715279993
653,2460464.891169,325.9525545,33.6677362,1,20.62779998779297,0.3045479953289032,60464.39116899995
655,2460462.935162,325.9526069,33.6678166,1,20.508899688720703,0.2032810002565384,60462.43516199989
659,2460459.904456,325.9526294,33.6676568,2,19.987499237060547,0.22077299654483795,60459.404455999844
666,2460450.9489699,325.9526139,33.66788,1,20.138900756835938,0.2656939923763275,60450.44896990014
668,2460449.9376505,325.9526054,33.6677498,1,20.57830047607422,0.37690600752830505,60449.437650499865
670,2460448.8935995,325.9526576,33.6677554,2,19.436899185180664,0.21061399579048157,60448.39359949995
671,2460446.9516667,325.9525009,33.6678725,2,19.56570053100586,0.13984499871730804,60446.45166670019
674,2460434.9529282,325.9527013,33.6677464,1,20.51420021057129,0.2188979983329773,60434.4529281999
683,2460204.8276389,325.9526969,33.6677604,1,20.338899612426758,0.18011699616909027,60204.32763889991
692,2460200.8674421,325.952586,33.6677545,1,20.50950050354004,0.21814799308776855,60200.36744209984
693,2460200.7692477,325.9523188,33.667737,1,20.2455997467041,0.22809499502182007,60200.269247699995
700,2460194.7778009,325.9526723,33.6677711,1,20.462299346923828,0.22479799389839172,60194.27780089993
704,2460192.8446296,325.9525397,33.6677312,1,20.170900344848633,0.20196600258350372,60192.34462960018
717,2460181.8625926,325.952598,33.6676998,1,20.465499877929688,0.1973389983177185,60181.36259259982
719,2460181.7661574,325.9526359,33.6678036,2,19.899200439453125,0.21615399420261383,60181.26615739986
722,2460179.847662,325.9527359,33.6677754,1,20.07159996032715,0.192331001162529,60179.347661999986
727,2460174.8289005,325.9527129,33.6677803,1,20.45599937438965,0.27898699045181274,60174.3289005002
731,2460171.8827199,325.9526674,33.6677218,1,20.404499053955078,0.2541869878768921,60171.38271989999
732,2460171.8602199,325.9524533,33.6678735,1,20.417299270629883,0.2553510069847107,60171.36021990003
733,2460169.8685185,325.9526097,33.6677692,1,20.327699661254883,0.22563999891281128,60169.36851850012
753,2460123.9554167,325.9526994,33.6677724,2,19.781919479370117,0.1349894106388092,60123.45541669987
754,2460123.9326273,325.9525572,33.6677978,2,19.92259979248047,0.13437099754810333,60123.4326272998
755,2460123.8799884,325.9526637,33.6678271,1,20.25830078125,0.2384919971227646,60123.3799883998
757,2460121.9470833,325.9526712,33.6678722,2,19.747100830078125,0.1776829957962036,60121.44708329998
759,2460121.9248958,325.9527202,33.6677569,1,20.49810028076172,0.23558500409126282,60121.424895800184
773,2460110.9555671,325.952648,33.667822,2,19.828100204467773,0.1440339982509613,60110.455567100085
776,2460110.9053704,325.9523502,33.6677461,1,20.458999633789062,0.225150004029274,60110.40537039982
777,2460108.9318171,325.9526694,33.6677736,2,19.739900588989258,0.14138099551200867,60108.43181709992
778,2460108.9313426,325.9526654,33.6677934,2,19.701799392700195,0.148034006357193,60108.43134259991
779,2460108.901331,325.9524779,33.6677406,1,20.35610008239746,0.285737007856369,60108.40133100003
780,2460108.9008565,325.9527675,33.6678006,1,20.330799102783203,0.23824599385261536,60108.400856500026
781,2460101.9477546,325.9526836,33.667798,1,19.808300018310547,0.19874699413776398,60101.447754600085
783,2460101.9067014,325.9526614,33.6677268,2,19.312299728393555,0.19791199266910553,60101.406701399945
784,2460101.9062269,325.9526858,33.6677677,2,19.368099212646484,0.15831799805164337,60101.40622689994
785,2460098.9543056,325.9525813,33.6676846,1,19.928699493408203,0.26673099398612976,60098.45430559991
786,2460098.9538426,325.9526015,33.6677542,1,19.905799865722656,0.22431300580501556,60098.453842599876
787,2460098.9098032,325.9526124,33.6677902,2,19.61440086364746,0.23041300475597382,60098.40980320005
788,2460098.9093287,325.9526388,33.6677674,2,19.4960994720459,0.15726900100708008,60098.40932870004
791,2460091.9368519,325.9521461,33.6677519,1,20.815200805664062,0.365774005651474,60091.43685190007
793,2460091.8936227,325.9525525,33.6677516,2,20.001300811767578,0.1811079978942871,60091.393622700125
794,2460085.9606019,325.9526066,33.6677269,2,20.15169906616211,0.18019400537014008,60085.46060189977
795,2460085.8869213,325.9523673,33.667669,1,20.215999603271484,0.2854830026626587,60085.38692130009
799,2460081.8640741,325.9527684,33.6677174,1,20.053199768066406,0.19146299362182617,60081.36407409981
800,2460079.9459954,325.9524774,33.66777,1,20.07509994506836,0.20124399662017822,60079.445995400194
801,2460079.9268981,325.9526548,33.6677454,2,19.563199996948242,0.15997399389743805,60079.42689809995
802,2460077.9672569,325.952551,33.6677738,2,19.5585994720459,0.15642499923706055,60077.46725689992
812,2460050.9862616,325.9524375,33.6678054,1,20.50629997253418,0.2854830026626587,60050.48626160016
814,2460045.9956134,325.9526779,33.6677791,2,19.85896110534668,0.20603476464748383,60045.49561339989
817,2460045.001875,325.9525924,33.6677042,2,20.136600494384766,0.17343899607658386,60044.501875000075
821,2460044.004294,325.952656,33.6677189,2,19.635499954223633,0.19891400635242462,60043.5042940001
828,2460043.0062153,325.9527257,33.6676506,2,19.818199157714844,0.20075300335884094,60042.506215299945
835,2460037.0119792,325.9526381,33.6677613,2,20.12470054626465,0.2119240015745163,60036.511979199946
837,2460037.0069676,325.9526841,33.6677693,2,19.922399520874023,0.2319290041923523,60036.50696759997
840,2460031.0263657,325.9527393,33.6677241,2,19.8341007232666,0.24791699647903442,60030.52636570018
841,2460031.0238889,325.9525181,33.6678594,2,19.62689971923828,0.22150099277496338,60030.523888899945
842,2460031.021412,325.9525967,33.6677507,2,19.156099319458008,0.14857600629329681,60030.52141200006
845,2460030.0216551,325.9526399,33.6677082,2,19.45800018310547,0.16808800399303436,60029.52165509993
846,2460030.0191782,325.9526436,33.6677502,2,19.099199295043945,0.12548400461673737,60029.51917820005
847,2460030.0142361,325.9527411,33.6678112,2,19.491300582885742,0.18331100046634674,60029.51423610002
848,2460030.0117708,325.9526542,33.6677609,2,19.381799697875977,0.1653439998626709,60029.51177080022
853,2460017.0341898,325.9526197,33.6678091,2,19.54050064086914,0.2145089954137802,60016.5341897998
857,2460017.025162,325.9527976,33.6677037,2,19.267099380493164,0.2660579979419708,60016.52516200021
858,2460017.022662,325.9527277,33.6678786,2,19.422100067138672,0.21293500065803528,60016.5226619998
859,2459937.6667593,325.9525737,33.6676673,2,19.71480941772461,0.21131569147109985,59937.166759300046
860,2459937.6404051,325.9525578,33.6677394,1,20.4325008392334,0.3361710011959076,59937.14040509984
862,2459935.6785069,325.9525014,33.6676703,1,20.239999771118164,0.3009530007839203,59935.17850690009
864,2459935.638125,325.9526205,33.6678565,2,19.623300552368164,0.16361699998378754,59935.138125000056
867,2459930.7015625,325.9527343,33.6677804,1,19.84000015258789,0.317671000957489,59930.20156250009
871,2459924.6561921,325.952633,33.6678026,1,20.10219955444336,0.38862699270248413,59924.15619210014
875,2459922.6184144,325.9525577,33.6678088,2,19.86989974975586,0.23514799773693085,59922.118414400145
876,2459913.6439931,325.952723,33.6677831,2,19.9158992767334,0.20266500115394592,59913.14399310015
877,2459913.6435301,325.9526741,33.6676447,2,19.98110008239746,0.222244992852211,59913.14353010012
878,2459913.6134606,325.9524746,33.6678081,1,20.328699111938477,0.28619900345802307,59913.11346059991
879,2459913.6129861,325.9525663,33.6677532,1,20.26110076904297,0.18916399776935577,59913.112986099906
880,2459910.6630324,325.952623,33.6677162,2,19.602699279785156,0.18748100101947784,59910.163032399956
881,2459910.6369907,325.9526565,33.6678007,1,19.791200637817383,0.13713200390338898,59910.13699069992
883,2459909.6215394,325.9526654,33.6678009,2,19.586599349975586,0.15488800406455994,59909.12153939996
886,2459907.6429514,325.9525115,33.6676548,1,20.21660041809082,0.3255929946899414,59907.14295140002
887,2459906.6859028,325.9525855,33.6677356,1,20.13599967956543,0.23891299962997437,59906.185902799945
895,2459902.6844097,325.9525443,33.6677375,1,20.538700103759766,0.31979799270629883,59902.18440969987
902,2459898.7442477,325.9526967,33.6677271,2,19.920000076293945,0.1950480043888092,59898.24424770009
903,2459898.6561806,325.9526257,33.6677731,1,20.319000244140625,0.18894200026988983,59898.15618060017
904,2459897.6778704,325.952538,33.6678519,2,19.83449935913086,0.21493400633335114,59897.177870399784
918,2459883.6398032,325.9526514,33.6677848,2,19.82939910888672,0.1909009963274002,59883.13980320003
923,2459881.7433796,325.9525277,33.6678605,2,19.966999053955078,0.2016260027885437,59881.24337959988
942,2459870.7176157,325.9526758,33.6678031,2,20.208599090576172,0.18182599544525146,59870.21761569986
943,2459867.7178125,325.9527092,33.6677812,1,20.03820037841797,0.15370500087738037,59867.21781249996
944,2459867.7173495,325.9526117,33.66773,1,20.465900421142578,0.2191230058670044,59867.21734949993
945,2459867.6743403,325.9526177,33.6677465,2,19.724000930786133,0.10888899862766266,59867.174340299796
946,2459867.6733681,325.9526221,33.667809,2,19.5221004486084,0.11363200098276138,59867.17336810008
947,2459865.7178356,325.9527078,33.6677603,1,20.123899459838867,0.2531589865684509,59865.21783560002
948,2459865.6955324,325.9526843,33.6677563,1,20.216699600219727,0.2867070138454437,59865.19553240016
961,2459857.7779167,325.9525687,33.6676999,1,20.123899459838867,0.22079400718212128,59857.27791670011
966,2459855.7768634,325.9527154,33.6677252,2,19.87700080871582,0.13687899708747864,59855.27686339989
977,2459849.7252083,325.9526019,33.6677333,1,20.471900939941406,0.22107699513435364,59849.225208300166
979,2459849.6774537,325.9526172,33.6677776,2,20.09269905090332,0.23516400158405304,59849.17745369999
985,2459845.7490972,325.9526578,33.6676775,1,20.544200897216797,0.2262990027666092,59845.24909720011
990,2459843.7476273,325.9526786,33.6677286,1,20.388700485229492,0.21626900136470795,59843.24762730021
994,2459841.7066667,325.9526705,33.6676542,1,20.6033992767334,0.2557010054588318,59841.206666700076
997,2459839.7804861,325.9526713,33.6677393,1,20.385799407958984,0.21284399926662445,59839.28048609989
998,2459839.696956,325.952628,33.6677781,1,20.806900024414062,0.25947800278663635,59839.196955999825
1011,2459822.8255787,325.9525717,33.6677761,1,20.225099563598633,0.2005240023136139,59822.32557869982
1013,2459822.776794,325.9527012,33.6678874,2,19.906400680541992,0.20300200581550598,59822.27679400006
1015,2459819.7863194,325.9526548,33.6677346,1,20.220699310302734,0.1688549965620041,59819.286319400184
1024,2459815.7775579,325.9526302,33.6676455,2,20.074100494384766,0.17831599712371826,59815.277557900175
1025,2459815.7651505,325.9526472,33.6677598,1,20.40679931640625,0.20146800577640533,59815.265150499996
1027,2459813.8145486,325.9525824,33.667694,1,20.57939910888672,0.20705899596214294,59813.3145486
1032,2459811.7811111,325.9526471,33.667746,1,20.236400604248047,0.18662899732589722,59811.28111110022
1034,2459809.8661806,325.9525971,33.6678004,1,20.131200790405273,0.17728100717067719,59809.36618060013
1035,2459809.865706,325.9525494,33.6677477,1,20.303800582885742,0.2962520122528076,59809.36570600001
1036,2459809.7838889,325.952562,33.6677798,2,19.652799606323242,0.15171000361442566,59809.28388890019
1039,2459807.8834259,325.9526006,33.667778,1,19.93000030517578,0.24714699387550354,59807.38342589978
1050,2459800.9314931,325.95253,33.6677852,2,19.691499710083008,0.13674500584602356,59800.43149309978
1054,2459798.8833796,325.9524958,33.667769,1,20.326099395751953,0.20087499916553497,59798.38337960001
1055,2459798.8450579,325.9526236,33.6677501,2,19.66010093688965,0.12073100358247757,59798.345057900064
1056,2459797.9072222,325.9526349,33.6677253,1,20.042299270629883,0.14157900214195251,59797.407222200185
1057,2459797.8749537,325.952687,33.6677979,2,19.699100494384766,0.12825100123882294,59797.37495370023
1058,2459795.8727431,325.9526245,33.6677602,2,19.859399795532227,0.13086800277233124,59795.37274309993
1059,2459795.8260764,325.9523486,33.6677224,1,20.439300537109375,0.22374600172042847,59795.3260764
1060,2459794.8816898,325.9526786,33.6677858,1,19.93560028076172,0.27139899134635925,59794.38168979995
1064,2459790.8498148,325.9526362,33.6678385,1,20.114599227905273,0.1822279989719391,59790.34981480008
1073,2459784.8647801,325.9525807,33.6676914,1,20.3439998626709,0.20740200579166412,59784.36478010006
1074,2459784.8255787,325.952719,33.6678277,2,20.35580062866211,0.27449798583984375,59784.32557869982
1078,2459782.8257986,325.952673,33.6677846,1,20.323299407958984,0.2296060025691986,59782.32579859998
1094,2459771.9434838,325.9526939,33.6677565,1,20.230199813842773,0.18333800137043,59771.44348380016
1095,2459771.9055093,325.9526275,33.6677771,1,20.47909927368164,0.23507800698280334,59771.405509300064
1098,2459769.9085417,325.9525869,33.667713,1,20.6476993560791,0.24688899517059326,59769.40854169987
1101,2459766.9092245,325.9525533,33.6677537,1,20.436899185180664,0.23203599452972412,59766.40922449995
1105,2459764.9039468,325.9526667,33.6677011,1,20.25819969177246,0.16437099874019623,59764.40394680016
1106,2459764.9034722,325.95221,33.6677475,1,20.55459976196289,0.2816370129585266,59764.403472200036
1111,2459761.9289352,325.952678,33.6677472,1,20.469900131225586,0.17591799795627594,59761.428935199976
1114,2459759.9309259,325.9525619,33.6678199,1,20.380699157714844,0.19593699276447296,59759.43092590012
1117,2459757.9150579,325.9526837,33.6678221,1,19.944700241088867,0.1775200068950653,59757.415057899896
1118,2459757.9068981,325.9523886,33.6678241,1,20.16309928894043,0.20696300268173218,59757.40689809993
1119,2459757.8801968,325.9526971,33.6677824,1,19.862699508666992,0.14810100197792053,59757.38019679999
1121,2459755.9073495,325.9526615,33.6677551,1,20.226900100708008,0.1865530014038086,59755.407349499874
1123,2459755.8730324,325.952666,33.6677186,2,19.8346004486084,0.1910959929227829,59755.37303239992
1124,2459755.8636458,325.9526708,33.6677786,2,19.795499801635742,0.15393200516700745,59755.363645799924
1125,2459752.9272106,325.9524521,33.6677636,1,20.366899490356445,0.31260401010513306,59752.427210600115
1126,2459752.9267361,325.9526686,33.667781,1,19.958999633789062,0.19926799833774567,59752.42673610011
1127,2459752.9037963,325.9526833,33.6677561,2,19.733299255371094,0.14386999607086182,59752.403796299826
1129,2459750.9110764,325.9526693,33.6677354,1,20.00589942932129,0.17338000237941742,59750.41107639996
1130,2459750.9070023,325.9526314,33.6677591,1,19.838600158691406,0.18819400668144226,59750.407002300024
1131,2459750.8849421,325.9526613,33.6677648,2,19.56290054321289,0.14521299302577972,59750.38494209992
1132,2459750.8844676,325.9526272,33.6678114,2,19.495399475097656,0.14883199334144592,59750.38446759991
1133,2459748.9288079,325.9526128,33.6677967,2,19.30120086669922,0.13210399448871613,59748.42880789982
1134,2459748.9283449,325.9526469,33.6677922,2,19.2814998626709,0.11328700184822083,59748.42834489979
1135,2459748.9078125,325.9526171,33.6678756,1,19.75160026550293,0.18820400536060333,59748.40781249991
1136,2459748.9073495,325.9527424,33.6678161,1,19.87179946899414,0.28718000650405884,59748.407349499874
1137,2459744.946169,325.9526323,33.667876,1,19.1343994140625,0.18396000564098358,59744.44616900012
1138,2459744.9097569,325.9526902,33.6677626,2,18.917499542236328,0.11667399853467941,59744.40975689981
1139,2459743.9469097,325.9526879,33.6678018,2,19.097299575805664,0.11341799795627594,59743.446909700055
1140,2459743.930544,325.9526286,33.6678158,1,19.466400146484375,0.16432499885559082,59743.43054400012
1141,2459742.94625,325.9525494,33.6676508,1,19.63719940185547,0.17094099521636963,59742.44625000004
1142,2459742.9071181,325.9527203,33.6677207,2,19.070499420166016,0.11217200011014938,59742.40711810021
1145,2459740.9449421,325.9526589,33.6677758,2,19.346799850463867,0.09294900298118591,59740.44494209997
1146,2459740.9309375,325.9524738,33.6677381,1,19.96500015258789,0.15598200261592865,59740.430937500205
1147,2459739.9540278,325.9526306,33.6677721,2,19.199600219726562,0.1025099977850914,59739.45402779989
1148,2459739.9154051,325.9526858,33.6677648,1,19.684099197387695,0.1339469999074936,59739.41540510021
1149,2459738.9334259,325.9525527,33.6677792,2,19.431800842285156,0.10156899690628052,59738.43342590006
1150,2459738.9151852,325.9523536,33.6678288,1,20.41990089416504,0.2621159851551056,59738.41518520005
1151,2459737.9510532,325.9527114,33.6677851,2,19.489299774169922,0.12285999953746796,59737.451053199824
1152,2459737.9252199,325.9527125,33.6677359,1,20.04640007019043,0.15553100407123566,59737.425219899975
1153,2459735.9498611,325.9524353,33.667719,1,20.233699798583984,0.22275200486183167,59735.44986109994
1154,2459735.9493866,325.9526877,33.6677771,1,20.07159996032715,0.1770630031824112,59735.44938659994
1156,2459735.9086111,325.9525046,33.6677572,2,19.833900451660156,0.19860400259494781,59735.40861110017
1157,2459733.9468981,325.9526935,33.6677959,1,19.837200164794922,0.13095299899578094,59733.446898099966
1158,2459733.9464236,325.9522749,33.6677021,1,20.11440086364746,0.21774299442768097,59733.44642359996
1159,2459733.9365856,325.9526382,33.6677725,2,19.51609992980957,0.14253400266170502,59733.43658560002
1160,2459733.9361111,325.9527024,33.6677432,2,19.303699493408203,0.10160599648952484,59733.43611110002
1161,2459731.944456,325.9526709,33.6678124,2,18.92919921875,0.09781999886035919,59731.44445599988
1162,2459731.9439815,325.9526283,33.6677823,2,18.954599380493164,0.09002099931240082,59731.44398149988
1163,2459731.9159144,325.9525503,33.6678307,1,19.693199157714844,0.19166299700737,59731.415914400015
1164,2459731.9154398,325.9526499,33.6677456,1,19.449800491333008,0.13006199896335602,59731.415439799894
1165,2459727.9540394,325.9526487,33.6677848,1,20.00510025024414,0.17529399693012238,59727.45403939998
1167,2459727.9082986,325.9527397,33.6678185,2,19.466899871826172,0.12467899918556213,59727.4082986
1169,2459725.9535532,325.9526514,33.6677768,1,19.537500381469727,0.14214099943637848,59725.45355319977
1170,2459725.9357176,325.9526668,33.6678168,2,19.043899536132812,0.09517399966716766,59725.43571759993
1171,2459724.9529977,325.9525353,33.6678044,1,19.23310089111328,0.1340479999780655,59724.452997699846
1172,2459724.9294097,325.9526009,33.6677689,2,18.826400756835938,0.07740099728107452,59724.42940969998
1173,2459723.9478819,325.9526435,33.6677617,2,19.15060043334961,0.10174199938774109,59723.447881899774
1174,2459723.9280324,325.9526428,33.6677922,1,19.479999542236328,0.1277720034122467,59723.42803240009
1175,2459721.9627315,325.9526171,33.6678227,2,19.311899185180664,0.12642699480056763,59721.462731500156
1176,2459721.9238426,325.952629,33.6677107,2,19.440000534057617,0.12983599305152893,59721.42384260008
1177,2459718.9641435,325.9526621,33.6677658,2,19.0762996673584,0.141525998711586,59718.4641435002
1178,2459718.9512616,325.9526718,33.6677329,2,19.233200073242188,0.14061599969863892,59718.451261600014
1179,2459718.9327546,325.9526904,33.6678017,2,19.163400650024414,0.11072900146245956,59718.432754599955
1180,2459718.9266204,325.9526615,33.6677968,2,19.03860092163086,0.09280599653720856,59718.426620400045
1181,2459713.9471644,325.9526546,33.6677668,1,19.734500885009766,0.21973200142383575,59713.447164400015
1182,2459713.9075463,325.952676,33.6678551,2,19.349899291992188,0.1857369989156723,59713.407546299975
1183,2459713.9070718,325.9526358,33.6676932,2,19.219900131225586,0.1928820013999939,59713.40707179997
1184,2459710.9654861,325.9526445,33.6677411,1,19.215299606323242,0.11327700316905975,59710.46548609994
1185,2459710.9650116,325.9524619,33.6677768,1,19.187700271606445,0.14332300424575806,59710.46501159994
1186,2459710.9059606,325.9527366,33.6677224,2,18.720399856567383,0.09941499680280685,59710.40596059989
1187,2459710.8866898,325.9528141,33.6676295,2,18.644699096679688,0.14817099273204803,59710.38668979984
1188,2459707.9694444,325.952505,33.6678923,2,19.854299545288086,0.22387300431728363,59707.469444400165
1190,2459707.9306366,325.9524989,33.6677106,2,19.653400421142578,0.20760099589824677,59707.430636600126
1191,2459707.9292245,325.9527416,33.6678885,2,19.750099182128906,0.21987399458885193,59707.42922449997
1192,2459701.9515046,325.9523799,33.6677509,1,19.907499313354492,0.21816200017929077,59701.45150459977
1194,2459698.9724306,325.9525706,33.6677616,2,19.404499053955078,0.1569799929857254,59698.47243059985
1195,2459698.9488079,325.9521138,33.6678712,1,20.183300018310547,0.3254219889640808,59698.44880789984
1197,2459696.9728356,325.9526344,33.6677826,2,19.19230079650879,0.10176800191402435,59696.47283559991
1198,2459695.9533218,325.952584,33.6677533,2,19.543500900268555,0.15588000416755676,59695.4533218001
1201,2459690.9760532,325.9525946,33.6677366,2,19.474199295043945,0.17968900501728058,59690.4760532002
1208,2459683.0033333,325.95265,33.6677302,2,19.56909942626953,0.16732999682426453,59682.50333329989
1212,2459682.9936227,325.9527239,33.6678262,2,19.512399673461914,0.15056300163269043,59682.49362270022
1215,2459680.0013426,325.9529255,33.6678411,2,19.78849983215332,0.21374499797821045,59679.50134260021
1216,2459679.9988426,325.9528733,33.6679408,2,19.53219985961914,0.17045000195503235,59679.4988425998
1218,2459679.0074537,325.9526579,33.6678172,2,19.736099243164062,0.18309399485588074,59678.50745370006
1220,2459679.0024421,325.9526502,33.6677728,2,19.51849937438965,0.1451369971036911,59678.502442100085
1221,2459678.9999421,325.952602,33.6677862,2,19.747600555419922,0.18852199614048004,59678.49994210014
1223,2459678.976412,325.9526786,33.667868,2,19.89299964904785,0.18907299637794495,59678.476412000135
1224,2459678.0084375,325.952888,33.6677938,2,19.22719955444336,0.17081600427627563,59677.50843749987
1225,2459678.0059375,325.9526266,33.6677651,2,19.490800857543945,0.1912810057401657,59677.505937499925
1226,2459678.0034375,325.9526935,33.6677588,2,19.594600677490234,0.20368699729442596,59677.50343749998
1227,2459678.0009375,325.9527045,33.6679522,2,19.404399871826172,0.1665560007095337,59677.50093750004
1234,2459676.0079167,325.9526203,33.6678293,2,19.705400466918945,0.23540200293064117,59675.507916700095
1238,2459675.0109722,325.9526006,33.6677866,2,19.66189956665039,0.20727699995040894,59674.51097219996
1239,2459675.0084259,325.9527608,33.6677829,2,19.464000701904297,0.18048499524593353,59674.50842589978
1240,2459675.0058796,325.952673,33.6677722,2,19.751699447631836,0.21444100141525269,59674.50587960007
1241,2459675.0033333,325.9526727,33.6677816,2,19.520000457763672,0.18319299817085266,59674.50333329989
1243,2459674.0107755,325.9527773,33.6678139,2,19.063100814819336,0.21902400255203247,59673.51077549998
1244,2459674.0107755,325.9527714,33.6678201,2,19.220699310302734,0.2535319924354553,59673.51077549998
1250,2459672.0131713,325.9526916,33.6678901,2,19.738399505615234,0.21848399937152863,59671.513171299826
1251,2459672.0131713,325.9527272,33.6679376,2,19.982099533081055,0.24792499840259552,59671.513171299826
1252,2459672.0106597,325.9526096,33.6678688,2,19.579299926757812,0.15014100074768066,59671.510659699794
1253,2459672.0106597,325.9526057,33.6678855,2,19.804500579833984,0.17169199883937836,59671.510659699794
1254,2459672.0081366,325.9525868,33.6677453,2,19.59320068359375,0.1978060007095337,59671.50813659979
1255,2459672.0081366,325.9525763,33.6677494,2,19.790800094604492,0.23607900738716125,59671.50813659979
1256,2459672.0056134,325.9525945,33.6677218,2,19.795700073242188,0.16827300190925598,59671.505613400135
1258,2459672.0031019,325.9526314,33.6678261,2,19.795700073242188,0.21686600148677826,59671.50310190022
1259,2459672.0031019,325.9526356,33.6678413,2,20.090499877929688,0.2774679958820343,59671.50310190022
1260,2459671.0152894,325.9525533,33.6677765,2,19.769699096679688,0.24501000344753265,59670.51528939977
1262,2459671.0127662,325.9527619,33.6677705,2,19.59309959411621,0.19398899376392365,59670.51276620012
1263,2459671.0127662,325.9527784,33.6678006,2,19.922500610351562,0.2779090106487274,59670.51276620012
1264,2459671.0102431,325.9527986,33.6678625,2,19.521299362182617,0.20029699802398682,59670.510243100114
1266,2459671.0077199,325.9526916,33.6677954,2,19.955699920654297,0.22232800722122192,59670.50771989999
1269,2459529.7179977,325.9525587,33.6677008,1,20.068500518798828,0.20560699701309204,59529.217997699976
1270,2459529.6777431,325.9525225,33.6677617,2,19.755199432373047,0.1356319934129715,59529.177743100096
1271,2459529.6531713,325.9525991,33.6676963,2,19.824499130249023,0.20468999445438385,59529.15317129996
1272,2459526.7063079,325.9526289,33.6677427,1,20.406299591064453,0.1998330056667328,59526.20630790014
1273,2459526.6785648,325.9523004,33.6676512,1,20.597999572753906,0.2684580087661743,59526.17856479995
1275,2459526.6422917,325.9525812,33.6677076,2,19.8882999420166,0.16019199788570404,59526.1422917
1276,2459524.6810301,325.9525966,33.6677394,2,19.747600555419922,0.1667339950799942,59524.18103010021
1278,2459524.6602778,325.9526417,33.667746,1,20.018600463867188,0.15932799875736237,59524.16027780017
1279,2459524.6311458,325.9524224,33.6677166,1,20.37579917907715,0.24032500386238098,59524.1311458
1280,2459522.7433565,325.9525817,33.6677367,1,20.563199996948242,0.23968000710010529,59522.24335649982
1281,2459522.718206,325.9522536,33.6678463,1,20.668100357055664,0.2816770076751709,59522.21820600005
1282,2459522.6796412,325.9524511,33.6677823,2,20.17449951171875,0.20009000599384308,59522.17964120023
1284,2459520.7194213,325.9526251,33.6676866,2,19.901100158691406,0.1382790058851242,59520.219421300106
1285,2459520.6978819,325.9526588,33.6677743,2,19.70199966430664,0.16241499781608582,59520.197881899774
1287,2459520.6830093,325.9526513,33.6677825,1,20.208999633789062,0.2043440043926239,59520.183009299915
1288,2459517.6726389,325.9526319,33.6678384,1,20.247499465942383,0.19765199720859528,59517.17263890011
1295,2459504.7877546,325.952793,33.6677928,2,19.7362003326416,0.17532500624656677,59504.287754599936
1299,2459502.7623843,325.9527009,33.6677375,2,19.91360092163086,0.1999019980430603,59502.26238430012
1302,2459502.6977431,325.9525611,33.6677608,2,19.501399993896484,0.18399299681186676,59502.197743100114
1303,2459497.8624306,325.9525634,33.6675227,1,20.077999114990234,0.26556700468063354,59497.362430599984
1305,2459491.7828241,325.9526129,33.6677406,1,19.90920066833496,0.17978399991989136,59491.282824099995
1306,2459491.7640856,325.9525315,33.6678705,1,20.199199676513672,0.20905600488185883,59491.26408560015
1307,2459491.7062153,325.9526981,33.6677567,2,19.592899322509766,0.09962999820709229,59491.20621530013
1308,2459491.6824074,325.9525417,33.6677781,2,19.372600555419922,0.14428000152111053,59491.182407400105
1309,2459489.7660185,325.9524715,33.6677097,2,19.725400924682617,0.1503240019083023,59489.266018500086
1310,2459489.7660185,325.9524715,33.6677097,2,19.725400924682617,0.1503240019083023,59489.266018500086
1311,2459489.7419676,325.9523912,33.6677457,1,20.346099853515625,0.24735799431800842,59489.24196759984
1312,2459489.7419676,325.9523912,33.6677457,1,20.346099853515625,0.24735799431800842,59489.24196759984
1313,2459489.7415046,325.9526147,33.667796,1,20.149700164794922,0.18532800674438477,59489.241504599806
1314,2459489.7415046,325.9526147,33.667796,1,20.149700164794922,0.18532800674438477,59489.241504599806
1315,2459487.7433449,325.9526931,33.6678052,2,19.251800537109375,0.09908399730920792,59487.2433449002
1316,2459487.7428704,325.9525653,33.6677464,2,19.51889991760254,0.12484099715948105,59487.242870400194
1317,2459487.7211574,325.9521344,33.6677096,1,20.091299057006836,0.29275500774383545,59487.22115739994
1319,2459487.7206829,325.9526401,33.6677757,1,19.939199447631836,0.2133830040693283,59487.22068289993
1320,2459485.7589583,325.9521859,33.6676716,1,20.109699249267578,0.3556950092315674,59485.25895830011
1322,2459485.7584954,325.9526264,33.667784,1,19.935800552368164,0.1929900050163269,59485.258495400194
1323,2459485.7248032,325.9527146,33.6677535,2,19.410600662231445,0.10471100360155106,59485.22480319999
1324,2459485.7153241,325.9525776,33.6677539,2,19.53660011291504,0.11173699796199799,59485.21532410011
1332,2459476.8083912,325.9526019,33.6677446,2,20.144500732421875,0.2666909992694855,59476.30839119991
1335,2459473.9321181,325.9524007,33.6677785,2,19.50040054321289,0.16265100240707397,59473.432118100114
1336,2459473.9311806,325.9526816,33.6677573,2,19.532100677490234,0.12941999733448029,59473.43118060008
1337,2459473.8665278,325.9524528,33.6677672,1,20.53890037536621,0.26532799005508423,59473.36652779998
1339,2459471.7815046,325.9526866,33.6677825,1,19.741500854492188,0.19122199714183807,59471.28150459984
1340,2459471.7810301,325.9525037,33.6677758,1,19.982900619506836,0.219310000538826,59471.28103009984
1341,2459471.7436227,325.952638,33.6677505,2,19.527999877929688,0.1399330049753189,59471.24362270022
1342,2459471.719213,325.952583,33.6677178,2,19.690099716186523,0.1497109979391098,59471.21921300003
1343,2459469.7597106,325.9526161,33.667758,1,20.07309913635254,0.1901790052652359,59469.259710600134
1344,2459469.747662,325.9524106,33.6677875,1,20.308300018310547,0.19391299784183502,59469.24766199989
1345,2459469.6999306,325.9526692,33.667746,2,19.847999572753906,0.13256199657917023,59469.19993059989
1346,2459469.699456,325.9524018,33.6678002,2,19.804100036621094,0.1997479945421219,59469.19945599977
1347,2459467.7432755,325.9526872,33.6677562,2,20.086999893188477,0.20816299319267273,59467.2432754999
1349,2459467.7248032,325.9526104,33.6676769,1,20.33530044555664,0.22966299951076508,59467.22480319999
1351,2459465.8263889,325.9526562,33.6677795,1,20.073699951171875,0.17587199807167053,59465.32638890017
1353,2459465.7016551,325.9526902,33.6678215,2,19.813800811767578,0.17128300666809082,59465.2016551001
1354,2459465.7011806,325.9526114,33.6676682,2,19.729299545288086,0.18042199313640594,59465.201180600096
1355,2459463.7622917,325.9526342,33.6677575,2,19.887699127197266,0.1685580015182495,59463.26229170011
1357,2459463.7197222,325.9526185,33.6677573,1,20.244199752807617,0.1553030014038086,59463.219722200185
1359,2459461.7426389,325.9527483,33.6677104,1,20.216899871826172,0.21330900490283966,59461.242638899945
1362,2459459.8074769,325.9524971,33.6677417,1,20.170299530029297,0.1473120003938675,59459.30747690005
1363,2459459.7804745,325.9523227,33.6677105,1,20.58060073852539,0.2539519965648651,59459.2804744998
1364,2459459.7434375,325.9525533,33.667628,2,19.969999313354492,0.1828629970550537,59459.243437500205
1389,2459438.8827431,325.952739,33.6677847,1,20.375,0.2464579939842224,59438.38274310017
1390,2459438.8636806,325.9524064,33.6677021,1,20.47319984436035,0.24075500667095184,59438.36368060019
1391,2459438.8325926,325.9526428,33.6677602,2,19.085399627685547,0.18560299277305603,59438.332592600025
1392,2459438.8274306,325.9525191,33.6677859,2,19.457199096679688,0.13122400641441345,59438.327430599835
1397,2459430.8327894,325.9525959,33.66768,1,20.516599655151367,0.2825239896774292,59430.33278940013
1399,2459430.7631481,325.9525891,33.6676552,2,20.210599899291992,0.22770200669765472,59430.263148100115
1420,2459412.9507523,325.9525522,33.667644,1,20.423799514770508,0.18934400379657745,59412.45075230021
1422,2459412.8916088,325.952708,33.6676715,2,20.413400650024414,0.26283299922943115,59412.39160879981
1424,2459410.9488426,325.9526454,33.667753,1,20.016799926757812,0.18690800666809082,59410.44884259999
1425,2459410.9086574,325.9527072,33.667796,2,19.718599319458008,0.16764000058174133,59410.40865739994
1427,2459410.8622106,325.9523225,33.6678005,1,20.083099365234375,0.23293299973011017,59410.36221060017
1430,2459408.8937037,325.9526684,33.667797,1,20.254100799560547,0.19331799447536469,59408.39370370004
1432,2459406.8838657,325.9526363,33.6677487,1,20.245100021362305,0.19308899343013763,59406.3838657001
1441,2459401.9031829,325.9527526,33.667686,1,20.596500396728516,0.24589399993419647,59401.403182900045
1443,2459400.8896991,325.9520893,33.6677526,1,20.564199447631836,0.35726499557495117,59400.38969910005
1468,2459381.9046412,325.9525003,33.6678437,2,19.591800689697266,0.24571099877357483,59381.40464119986
1470,2459379.9337847,325.9525925,33.6676897,1,20.34160041809082,0.2029689997434616,59379.4337847
1471,2459379.9123843,325.9524187,33.6676528,2,20.05419921875,0.21875600516796112,59379.41238430003
1472,2459379.9119213,325.9526229,33.6676991,2,19.988800048828125,0.17483000457286835,59379.411921299994
1473,2459376.9546644,325.9525468,33.6677807,2,19.572900772094727,0.1319590061903,59376.45466439985
1474,2459376.9541898,325.9526878,33.6677722,2,19.38920021057129,0.12383600324392319,59376.45418980019
1475,2459376.9063889,325.9527107,33.6677902,1,19.82349967956543,0.14698399603366852,59376.40638889978
1476,2459376.9059144,325.9523928,33.667684,1,20.218399047851562,0.36370301246643066,59376.40591439977
1477,2459374.9536343,325.9525846,33.6677687,2,19.149099349975586,0.12648700177669525,59374.4536342998
1478,2459374.9531597,325.9527063,33.6677656,2,19.30970001220703,0.1300860047340393,59374.45315970015
1479,2459374.9088194,325.9526472,33.6677918,1,19.828399658203125,0.17585599422454834,59374.408819399774
1480,2459374.9083449,325.9525661,33.6677119,1,19.865299224853516,0.17174400389194489,59374.40834489977
1482,2459371.9456944,325.9526195,33.667734,2,19.76930046081543,0.19513900578022003,59371.4456944
1483,2459371.9120718,325.9526959,33.6678208,1,20.142900466918945,0.16123299300670624,59371.41207179986
1484,2459371.9115972,325.952165,33.6676782,1,20.655500411987305,0.29714301228523254,59371.411597200204
1486,2459369.9459606,325.9526136,33.6678282,2,19.540000915527344,0.1362999975681305,59369.44596059993
1487,2459369.9454977,325.9525674,33.6677458,2,19.649700164794922,0.16507700085639954,59369.44549770001
1491,2459367.9296759,325.9526536,33.6677679,1,19.94879913330078,0.1815669983625412,59367.42967589991
1492,2459367.9092245,325.9526473,33.6677683,2,19.687000274658203,0.13826200366020203,59367.40922449995
1495,2459365.9264815,325.9526892,33.6678347,2,19.637300491333008,0.1763319969177246,59365.4264814998
1496,2459364.9507755,325.952654,33.6676735,2,19.918399810791016,0.20200799405574799,59364.45077549992
1497,2459364.9101852,325.9526108,33.6677218,1,19.93950080871582,0.3264000117778778,59364.41018520016
1498,2459362.9595023,325.952668,33.6677705,2,19.399099349975586,0.16167999804019928,59362.45950229978
1499,2459362.9495602,325.952662,33.6677491,2,19.140100479125977,0.11907199770212173,59362.449560199864
1500,2459362.9322338,325.9526878,33.6677524,1,19.8169002532959,0.21244899928569794,59362.43223380018
1501,2459362.9113889,325.9526443,33.6677682,1,19.55579948425293,0.20476500689983368,59362.41138890013
1505,2459359.930463,325.9526104,33.6677867,2,19.523099899291992,0.17501500248908997,59359.4304630002
1506,2459356.9631481,325.9523173,33.6677776,1,19.959199905395508,0.23109500110149384,59356.463148099836
1507,2459356.9521181,325.9526312,33.6677564,1,19.854999542236328,0.1779790073633194,59356.45211810013
1508,2459356.9102546,325.9526675,33.6677668,2,19.25469970703125,0.1361909955739975,59356.41025459999
1509,2459356.8840509,325.9526565,33.6677239,2,19.261199951171875,0.14154499769210815,59356.38405090012
1510,2459353.9680324,325.9526384,33.6677572,2,19.019399642944336,0.10796499997377396,59353.468032400124
1511,2459353.9641898,325.9526646,33.6677814,2,19.04319953918457,0.09863899648189545,59353.46418979997
1512,2459353.9142477,325.9523411,33.6677357,1,19.638399124145508,0.18224599957466125,59353.41424770001
1513,2459353.9137731,325.9527307,33.6677611,1,19.408100128173828,0.17197200655937195,59353.41377309989
1514,2459349.971331,325.9526491,33.6678075,2,19.332700729370117,0.1426369994878769,59349.47133099986
1515,2459349.9643403,325.9525738,33.6677791,2,19.390199661254883,0.10914099961519241,59349.46434029983
1516,2459349.9310417,325.9526695,33.6677857,1,19.71380043029785,0.13924099504947662,59349.431041699834
1517,2459349.9305787,325.9523145,33.6676585,1,19.99169921875,0.18529799580574036,59349.4305786998
1518,2459346.961412,325.9526586,33.6677826,1,19.608200073242188,0.11524900048971176,59346.461412000004
1519,2459346.9609491,325.9525203,33.6677453,1,19.965599060058594,0.1585090011358261,59346.46094910009
1520,2459346.9370486,325.9526283,33.6677561,2,19.1968994140625,0.12318400293588638,59346.437048600055
1521,2459346.9365856,325.9526889,33.6677658,2,19.374099731445312,0.12016700208187103,59346.43658560002
1522,2459344.96125,325.9526908,33.6677635,1,19.613100051879883,0.12332399934530258,59344.46125000017
1523,2459344.9607755,325.9523933,33.6677471,1,19.762100219726562,0.2172279953956604,59344.46077550016
1524,2459344.9259722,325.9526456,33.667718,2,19.029399871826172,0.09101399779319763,59344.4259722
1525,2459341.9675926,325.9525589,33.6676851,1,20.128599166870117,0.2552730143070221,59341.4675925998
1526,2459341.9586227,325.9525515,33.6676908,2,19.56290054321289,0.18032099306583405,59341.45862270007
1527,2459339.9294329,325.9524702,33.667838,1,19.98110008239746,0.1968110054731369,59339.42943290016
1529,2459336.9713079,325.9527021,33.6677828,2,19.109010696411133,0.11427000164985657,59336.4713078998
1530,2459336.9713079,325.9527021,33.6677828,2,19.108999252319336,0.11427000164985657,59336.4713078998
1531,2459336.9713079,325.9527021,33.6677828,2,19.108999252319336,0.11427000164985657,59336.4713078998
1532,2459336.9564005,325.9527166,33.6677404,1,19.396699905395508,0.15481999516487122,59336.456400500145
1533,2459336.9564005,325.9527166,33.6677404,1,19.396699905395508,0.15481999516487122,59336.456400500145
1534,2459336.9564005,325.9527166,33.6677404,1,19.396699905395508,0.15481999516487122,59336.456400500145
1535,2459334.9817593,325.9527481,33.6676869,1,19.671499252319336,0.22117100656032562,59334.48175929999
1536,2459334.9089583,325.9527298,33.6676821,2,19.388700485229492,0.221002995967865,59334.40895830002
1537,2459328.911956,325.9526144,33.6677723,2,19.249500274658203,0.1879120022058487,59328.41195600014
1538,2459325.9845255,325.9527529,33.6677722,2,19.14780044555664,0.14336299896240234,59325.484525499865
1539,2459325.9454977,325.9527113,33.667714,1,19.62969970703125,0.2185939997434616,59325.44549770001
1540,2459323.9884144,325.9526548,33.6677767,2,19.236299514770508,0.10189899802207947,59323.48841439979
1542,2459323.9716319,325.9524518,33.6677614,1,19.85420036315918,0.22487099468708038,59323.47163189994
1544,2459322.9906829,325.9527555,33.6677834,2,18.653499603271484,0.1344670057296753,59322.49068289995
1545,2459322.9542361,325.9526754,33.6677155,1,19.418800354003906,0.18487900495529175,59322.45423609996
1546,2459320.9892593,325.9525783,33.667762,2,18.940000534057617,0.12126799672842026,59320.48925929982
1547,2459320.9544792,325.9525865,33.6676718,1,19.77400016784668,0.17926299571990967,59320.454479199834
1548,2459317.9444792,325.9526591,33.6676443,2,19.52239990234375,0.21900099515914917,59317.44447920006
1550,2459315.9540278,325.9526351,33.6678116,2,19.074600219726562,0.16198599338531494,59315.45402779989
1551,2459313.9920255,325.9525546,33.667781,1,19.58970069885254,0.2338619977235794,59313.49202550016
1552,2459313.9526157,325.952607,33.6677526,2,19.185199737548828,0.2301570028066635,59313.4526157002
1553,2459310.0120833,325.9526827,33.6677944,2,18.92959976196289,0.14558400213718414,59309.512083299924
1554,2459310.0101157,325.9527465,33.6678335,2,18.81800079345703,0.11665000021457672,59309.51011569984
1555,2459310.0081597,325.9527126,33.6677553,2,18.85420036315918,0.1057479977607727,59309.50815969985
1556,2459310.0061921,325.9527693,33.6677762,2,18.921499252319336,0.17226900160312653,59309.50619209977
1557,2459310.0042245,325.9527683,33.6677993,2,18.897300720214844,0.13211800158023834,59309.50422450015
1558,2459309.0129167,325.9526607,33.6677567,2,18.924800872802734,0.11857900023460388,59308.51291669998
1559,2459309.0109375,325.9525808,33.6677486,2,18.927200317382812,0.10814099758863449,59308.510937499814
1560,2459309.0089699,325.9527838,33.6677685,2,19.0935001373291,0.13683299720287323,59308.5089699002
1561,2459309.0069907,325.952612,33.6677652,2,18.81209945678711,0.08073099702596664,59308.50699070003
1562,2459309.0050231,325.9526906,33.6677583,2,18.85580062866211,0.1070529967546463,59308.50502309995
1563,2459308.0174884,325.952617,33.6677698,2,18.833200454711914,0.10597100108861923,59307.517488399986
1564,2459308.0149653,325.9526411,33.6677624,2,18.802900314331055,0.08032900094985962,59307.51496529998
1565,2459308.0124537,325.9527041,33.6678011,2,18.76460075378418,0.09185399860143661,59307.51245369995
1566,2459308.0099421,325.9526656,33.6678003,2,18.819000244140625,0.09363000094890594,59307.50994209992
1567,2459308.0074306,325.9526651,33.6677963,2,18.80769920349121,0.09704399853944778,59307.5074306
1568,2459307.9945139,325.9525762,33.6677902,1,19.478700637817383,0.1679069995880127,59307.49451390002
1569,2459307.9778935,325.9526406,33.6677531,2,18.87579917907715,0.10611999779939651,59307.47789350012
1570,2459307.0165278,325.9527246,33.6678003,2,18.783700942993164,0.09432899951934814,59306.51652779989
1571,2459307.0140162,325.9526221,33.6678177,2,18.635400772094727,0.11983399838209152,59306.51401619986
1573,2459307.0089699,325.9526858,33.6677677,2,18.75659942626953,0.0990459993481636,59306.5089699002
1574,2459307.0064468,325.9527053,33.6677473,2,18.817800521850586,0.1027349978685379,59306.506446800195
1575,2459306.019213,325.9526657,33.6677185,2,18.756999969482422,0.1299159973859787,59305.51921299985
1576,2459306.0166898,325.9526282,33.6677553,2,18.7406005859375,0.12157800048589706,59305.51668980019
1577,2459306.0141782,325.9526339,33.667776,2,18.802600860595703,0.11723899841308594,59305.51417820016
1578,2459306.0116551,325.952738,33.6678285,2,18.729999542236328,0.12724100053310394,59305.511655100156
1579,2459306.0091319,325.9527661,33.6677785,2,18.66189956665039,0.11441600322723389,59305.509131900035
1580,2459305.9887963,325.9523635,33.6677697,1,19.17569923400879,0.2720940113067627,59305.48879629979
1581,2459305.9685532,325.9526613,33.6678056,2,18.565900802612305,0.17450900375843048,59305.4685531999
1584,2459304.0209028,325.9526668,33.6677353,2,18.489200592041016,0.1060120016336441,59303.52090279991
1585,2459304.0183912,325.9527058,33.6677544,2,18.580299377441406,0.10869500041007996,59303.518391199876
1586,2459304.0159028,325.9526486,33.6677796,2,18.49139976501465,0.10613399744033813,59303.51590280002
1587,2459304.0134028,325.9526371,33.6678119,2,18.484100341796875,0.12292899936437607,59303.513402800076
1588,2459304.0109028,325.9525644,33.6677865,2,18.3971004486084,0.09111600369215012,59303.51090280013
1589,2459298.0333681,325.9526491,33.6678092,2,18.69300079345703,0.12695899605751038,59297.53336809995
1590,2459298.0308912,325.9527148,33.6677579,2,18.785499572753906,0.11114399880170822,59297.53089120006
1591,2459298.0284259,325.9526726,33.6677794,2,18.712200164794922,0.1249219998717308,59297.5284258998
1592,2459298.0259606,325.9527057,33.6676966,2,18.8356990814209,0.1295659989118576,59297.5259606
1593,2459298.0234838,325.9525163,33.66786,2,19.001800537109375,0.13143999874591827,59297.52348379977
1594,2459296.03625,325.9526802,33.6678179,2,18.905899047851562,0.15392500162124634,59295.53624999989
1595,2459296.0338426,325.9526504,33.6677662,2,18.84589958190918,0.13434000313282013,59295.53384259995
1596,2459296.0314352,325.9525944,33.6677345,2,19.425899505615234,0.22559300065040588,59295.53143520001
1597,2459296.0290278,325.9528218,33.6680189,2,19.097200393676758,0.1879429966211319,59295.529027800076
1598,2459296.0257407,325.9526633,33.6677819,2,19.255800247192383,0.21782800555229187,59295.52574069984
1599,2459296.0233102,325.9525579,33.6677788,2,18.92770004272461,0.13132600486278534,59295.523310199846
1600,2459296.0208796,325.9527081,33.6678265,2,19.165300369262695,0.15939000248908997,59295.5208796002
1601,2459296.0184491,325.9527234,33.6677753,2,19.12339973449707,0.1452459990978241,59295.5184491002
1602,2459296.0160185,325.952648,33.6677378,2,19.233400344848633,0.13803300261497498,59295.516018500086
1603,2459293.0330208,325.9525814,33.6677625,2,19.23550033569336,0.15615099668502808,59292.53302079998
1604,2459293.0305324,325.9526942,33.6677642,2,19.233400344848633,0.17128999531269073,59292.530532400124
1605,2459293.028044,325.9526616,33.667785,2,19.24449920654297,0.13624300062656403,59292.5280439998
1606,2459293.0255671,325.9526686,33.667674,2,19.094999313354492,0.12050800025463104,59292.52556709992
1607,2459293.0230787,325.9527077,33.667804,2,19.350900650024414,0.1507910043001175,59292.52307870006
1608,2459283.0498727,325.9526368,33.6678128,2,18.895299911499023,0.15143899619579315,59282.549872700125
1609,2459283.0474421,325.9526219,33.6677252,2,19.055500030517578,0.15283100306987762,59282.54744210001
1610,2459283.0450116,325.9527142,33.6677614,2,18.791799545288086,0.09262800216674805,59282.545011600014
1611,2459283.042581,325.9525901,33.6677547,2,18.993799209594727,0.15196000039577484,59282.5425809999
1613,2459281.0471296,325.9526716,33.6678018,2,18.809999465942383,0.14336100220680237,59280.54712959984
1614,2459281.0446991,325.9526447,33.6678006,2,18.699899673461914,0.13999700546264648,59280.544699099846
1615,2459281.0422685,325.9526797,33.6677819,2,18.947799682617188,0.14948900043964386,59280.5422685002
1616,2459171.6204861,325.9526948,33.6677559,2,19.869300842285156,0.1544169932603836,59171.120486100204
1617,2459171.6137731,325.9525282,33.6677004,2,20.164499282836914,0.28533199429512024,59171.11377310008
1618,2459169.7171759,325.9527535,33.6676831,1,20.24340057373047,0.22857800126075745,59169.217175900005
1619,2459169.6753125,325.9527892,33.6677861,2,19.87929916381836,0.24465300142765045,59169.17531249998
1651,2459144.6947222,325.9525389,33.6677481,2,19.77050018310547,0.1608320027589798,59144.19472219981
1657,2459140.6423958,325.9527408,33.6677855,2,20.115800857543945,0.18230299651622772,59140.14239579998
1658,2459136.7240046,325.9526639,33.6677154,1,20.751399993896484,0.26677799224853516,59136.2240046002
1659,2459134.7155324,325.9526244,33.667709,1,20.646900177001953,0.2525259852409363,59134.21553240018
1660,2459134.6536343,325.9524993,33.6677857,2,20.081100463867188,0.22430799901485443,59134.15363429999
1661,2459131.7646528,325.9525239,33.667633,1,20.506999969482422,0.25037699937820435,59131.264652799815
1662,2459131.7280324,325.9524276,33.6677295,2,19.73200035095215,0.184689000248909,59131.2280323999
1663,2459131.7275694,325.9526891,33.6677125,2,19.895200729370117,0.2102160006761551,59131.22756939987
1664,2459129.7846065,325.9526722,33.6677389,1,19.920299530029297,0.18085399270057678,59129.28460650006
1665,2459129.7105671,325.9526937,33.6677738,2,19.750999450683594,0.20779499411582947,59129.21056709997
1666,2459126.8701852,325.9526104,33.6677508,2,19.598100662231445,0.19524000585079193,59126.370185200125
1668,2459126.7314699,325.9526899,33.6677533,1,19.941099166870117,0.2568109929561615,59126.23146989988
1669,2459125.8093866,325.9526126,33.6676629,2,19.40880012512207,0.2409379929304123,59125.30938659981
1671,2459125.7812037,325.9526806,33.6677255,2,19.3705997467041,0.15108299255371094,59125.28120370023
1672,2459125.758912,325.9526159,33.6677604,2,19.44890022277832,0.1665869951248169,59125.258911999874
1673,2459125.7265394,325.952577,33.6677229,1,20.055299758911133,0.34003400802612305,59125.22653939994
1675,2459125.7031944,325.9526006,33.6677986,1,20.125,0.3546319901943207,59125.20319439983
1678,2459123.8010185,325.9525826,33.6677935,2,19.45680046081543,0.19244499504566193,59123.30101849977
1681,2459123.6968403,325.9524442,33.6678011,1,19.96419906616211,0.3349139988422394,59123.196840300225
1684,2459122.7180093,325.9527187,33.6677698,2,19.526599884033203,0.20005300641059875,59122.218009300064
1686,2459121.7798611,325.9525689,33.6677426,1,19.96660041809082,0.28392499685287476,59121.27986110002
1689,2459119.755706,325.9526174,33.667765,1,19.927799224853516,0.22853100299835205,59119.25570600014
1690,2459119.7552431,325.9525755,33.6676776,1,20.13279914855957,0.2878589928150177,59119.255243100226
1694,2459117.7360417,325.9525499,33.6677552,1,20.37689971923828,0.23169800639152527,59117.2360417
1695,2459116.7339005,325.9526068,33.6677217,1,20.128400802612305,0.18644100427627563,59116.233900499996
1696,2459116.7270139,325.9524761,33.6677202,1,20.08919906616211,0.2674599885940552,59116.227013899945
1699,2459115.7393287,325.9522751,33.6676622,1,20.424400329589844,0.31050699949264526,59115.23932870012
1700,2459115.7388657,325.952632,33.6677017,1,20.15690040588379,0.2137569934129715,59115.238865700085
1702,2459113.7909954,325.9525287,33.6677342,2,19.755599975585938,0.09964899718761444,59113.29099539993
1703,2459113.7905324,325.9527161,33.6677287,2,19.783700942993164,0.1450359970331192,59113.2905323999
1706,2459112.7839583,325.9521846,33.6677365,1,20.502399444580078,0.24746200442314148,59112.28395830002
1707,2459112.7829861,325.9526599,33.6677495,1,20.1825008392334,0.19370999932289124,59112.28298609983
1708,2459112.7018287,325.9526758,33.6677496,2,19.660900115966797,0.1782429963350296,59112.201828700025
1709,2459112.7013542,325.9525722,33.6676971,2,19.935300827026367,0.22714200615882874,59112.20135420002
1710,2459109.8070023,325.9526052,33.6677577,1,19.920499801635742,0.17394599318504333,59109.30700229993
1712,2459109.8065278,325.9521399,33.667575,1,20.340299606323242,0.3294160068035126,59109.30652779993
1713,2459109.7416435,325.9526548,33.667768,2,19.377199172973633,0.12586499750614166,59109.24164350005
1714,2459109.6789468,325.952656,33.6676889,2,19.469200134277344,0.12133300304412842,59109.178946800064
1715,2459107.8600116,325.9526348,33.6677962,1,19.605499267578125,0.169063001871109,59107.36001159996
1716,2459106.8439699,325.9525836,33.6677992,2,19.340299606323242,0.15338599681854248,59106.34396990016
1717,2459106.8333102,325.9525929,33.6678012,1,20.09440040588379,0.24510100483894348,59106.3333101999
1718,2459106.8002894,325.9526178,33.6678001,1,19.898099899291992,0.2618649899959564,59106.30028939992
1719,2459106.7896991,325.952179,33.6678196,1,19.908899307250977,0.27145901322364807,59106.28969909996
1720,2459106.7220139,325.9525764,33.667747,2,19.368200302124023,0.13963699340820312,59106.22201390006
1721,2459099.8161458,325.9525864,33.6677763,2,19.177900314331055,0.16104799509048462,59099.316145800054
1722,2459099.8156829,325.9526392,33.6677911,2,19.159400939941406,0.10758200287818909,59099.31568290014
1723,2459098.8491782,325.9526977,33.6677556,2,19.243900299072266,0.14226099848747253,59098.34917820012
1724,2459098.8487037,325.9526007,33.6678168,2,19.148500442504883,0.12898799777030945,59098.34870370012
1725,2459097.8187153,325.9527011,33.6677043,1,19.527700424194336,0.20334500074386597,59097.318715299945
1726,2459097.8182407,325.9527109,33.6677987,1,19.563100814819336,0.20889799296855927,59097.318240699824
1727,2459097.7862037,325.9526414,33.6677428,2,19.20789909362793,0.16206499934196472,59097.28620370012
1728,2459097.765706,325.9525884,33.6676854,2,19.28350067138672,0.13894900679588318,59097.26570599992
1731,2459095.8220949,325.9525493,33.6676507,1,19.582799911499023,0.25421398878097534,59095.32209490007
1732,2459095.8216319,325.952703,33.6678356,1,19.428699493408203,0.22122099995613098,59095.321631900035
1734,2459094.853912,325.9525767,33.667744,2,19.439800262451172,0.2174690067768097,59094.35391200008
1735,2459094.8524306,325.9526375,33.6678165,2,19.148000717163086,0.191879004240036,59094.35243060021
1738,2459092.798287,325.9526552,33.6678266,1,19.409299850463867,0.21155400574207306,59092.29828700004
1740,2459092.7227778,325.9526425,33.6677276,2,19.548900604248047,0.1562259942293167,59092.22277780017
1741,2459091.8145949,325.9525638,33.6678092,1,19.492000579833984,0.2400210052728653,59091.31459489977
1742,2459091.7940162,325.9526919,33.6677652,1,19.70479965209961,0.19787800312042236,59091.29401620012
1743,2459090.9519792,325.9526157,33.6677959,2,19.233999252319336,0.09981299936771393,59090.45197919989
1744,2459090.9116204,325.9526474,33.6677808,1,19.611299514770508,0.14139500260353088,59090.411620399915
1745,2459090.808912,325.9526072,33.6677775,1,19.679399490356445,0.1941249966621399,59090.30891200015
1746,2459089.7891088,325.9525531,33.6677762,1,19.702800750732422,0.1838739961385727,59089.28910879977
1747,2459088.818831,325.9525313,33.6677839,1,19.80769920349121,0.1930759996175766,59088.31883100001
1748,2459088.8072106,325.9526578,33.6677602,1,19.587400436401367,0.17776300013065338,59088.3072106
1749,2459087.8240394,325.9526155,33.667756,1,19.687400817871094,0.1590529978275299,59087.32403940009
1750,2459087.8235764,325.9525022,33.6677811,1,19.915199279785156,0.1742289960384369,59087.32357640006
1751,2459087.8044213,325.952601,33.66778,2,19.31450080871582,0.16380800306797028,59087.30442130007
1752,2459087.7945023,325.9526139,33.667734,2,19.292499542236328,0.12142200022935867,59087.29450230021
1753,2459087.7857523,325.9526052,33.6677293,2,19.286800384521484,0.09859400242567062,59087.28575230017
1754,2459087.7852894,325.9526781,33.6677745,2,19.195899963378906,0.11601000279188156,59087.28528939979
1755,2459086.8493287,325.9525469,33.6677195,2,19.339399337768555,0.1185929998755455,59086.34932869999
1756,2459086.8488657,325.9526641,33.6677679,2,19.247299194335938,0.10750400274991989,59086.348865699954
1757,2459086.8058333,325.9524134,33.6677566,1,19.801000595092773,0.15703099966049194,59086.30583330011
1758,2459085.8492014,325.9526951,33.6677851,1,19.641799926757812,0.13492099940776825,59085.34920139983
1759,2459085.8487384,325.9523944,33.6677137,1,19.705699920654297,0.1257299929857254,59085.3487383998
1760,2459084.8585648,325.9526207,33.6677959,1,19.44300079345703,0.11548999696969986,59084.35856480012
1761,2459084.8412153,325.9524645,33.6677264,1,19.517200469970703,0.14304499328136444,59084.34121529991
1762,2459084.8029398,325.9526635,33.6677756,2,18.98040008544922,0.11103899776935577,59084.30293980008
1763,2459082.9301968,325.9526061,33.6677531,1,19.647499084472656,0.1453009992837906,59082.4301967998
1764,2459082.8128472,325.9524297,33.6677493,1,19.576099395751953,0.18200400471687317,59082.31284719985
1765,2459081.895625,325.9526452,33.6678179,2,18.895700454711914,0.09143699705600739,59081.39562499989
1766,2459081.895162,325.9526006,33.6677651,2,18.86840057373047,0.0761599987745285,59081.395161999855
1767,2459081.8040972,325.9524148,33.6677661,1,19.372900009155273,0.1289539933204651,59081.30409719981
1768,2459081.8036343,325.9526608,33.667758,1,19.28700065612793,0.1087459996342659,59081.3036342999
1769,2459080.8805787,325.9524298,33.6677246,1,19.58169937133789,0.15359699726104736,59080.38057869999
1770,2459080.8801157,325.9526316,33.6677522,1,19.4375,0.1357160061597824,59080.380115699954
1771,2459080.8496875,325.9526203,33.6677459,2,19.05340003967285,0.08204299956560135,59080.349687499925
1772,2459080.8190162,325.9526366,33.6678221,2,18.958099365234375,0.10105500370264053,59080.319016200025
1773,2459080.8185532,325.9526334,33.6677614,2,18.99850082397461,0.09445799887180328,59080.31855319999
1774,2459080.7935417,325.9525668,33.6677246,2,19.11479949951172,0.13309699296951294,59080.29354170011
1775,2459079.8661227,325.9525837,33.6677949,2,18.888999938964844,0.10927300155162811,59079.36612269981
1776,2459079.8651505,325.9526587,33.6677673,2,18.796100616455078,0.09334199875593185,59079.36515050009
1777,2459078.8888079,325.9523403,33.6677185,1,19.521299362182617,0.15033599734306335,59078.388807899784
1778,2459078.8888079,325.9523403,33.6677185,1,19.521299362182617,0.15033599734306335,59078.388807899784
1779,2459078.8864468,325.9526565,33.6678056,1,19.500600814819336,0.1407659947872162,59078.38644680008
1780,2459078.8864468,325.9526565,33.6678056,1,19.500600814819336,0.1407659947872162,59078.38644680008
1781,2459078.8037847,325.9526442,33.6678452,2,18.98110008239746,0.08987300097942352,59078.30378470011
1782,2459078.8033218,325.9526667,33.6678186,2,19.020099639892578,0.11450900137424469,59078.303321800195
1783,2459077.882037,325.9524646,33.6677423,1,19.723400115966797,0.15079499781131744,59077.3820369998
1784,2459077.8815625,325.952613,33.6677942,1,19.50860023498535,0.10214599967002869,59077.381562499795
1785,2459077.8390394,325.9525145,33.667749,1,19.379899978637695,0.15929900109767914,59077.33903940022
1786,2459077.8385764,325.9526738,33.6677712,1,19.537500381469727,0.1698320060968399,59077.33857640019
1789,2459076.8726852,325.9525992,33.6677719,2,19.155500411987305,0.09142699837684631,59076.37268520007
1790,2459076.8722106,325.9525985,33.6677728,2,19.191699981689453,0.13244399428367615,59076.37221059995
1791,2459075.8907986,325.9525891,33.6677817,1,19.623600006103516,0.12187899649143219,59075.390798599925
1792,2459075.8903241,325.9524304,33.66776,1,19.95870018005371,0.1857679933309555,59075.39032409992
1794,2459074.914375,325.9526372,33.6677717,2,18.51110076904297,0.16651900112628937,59074.41437500017
1797,2459073.8705787,325.9526634,33.6677766,1,19.454200744628906,0.1279119998216629,59073.37057870021
1798,2459073.8701042,325.9525094,33.6677776,1,19.59939956665039,0.15154600143432617,59073.37010420021
1799,2459072.8694792,325.9526998,33.6677532,1,19.665599822998047,0.13313999772071838,59072.36947919987
1800,2459072.8690162,325.9525871,33.6677786,1,19.712900161743164,0.2139589935541153,59072.36901619984
1801,2459071.9485764,325.9525439,33.6677942,1,19.775299072265625,0.18442699313163757,59071.44857640006
1802,2459071.9312384,325.952644,33.6677792,1,19.635299682617188,0.12489999830722809,59071.43123839982
1803,2459071.9029051,325.952631,33.667737,1,19.799100875854492,0.2088019996881485,59071.402905100025
1804,2459071.9024421,325.9526533,33.6677938,1,19.68239974975586,0.1335889995098114,59071.40244209999
1805,2459071.8715856,325.9526537,33.6677407,2,19.292299270629883,0.114935003221035,59071.37158560008
1807,2459071.8328588,325.9526075,33.6677435,2,19.355600357055664,0.13884299993515015,59071.33285879996
1808,2459071.8323958,325.9526424,33.6677563,2,19.34510040283203,0.14474299550056458,59071.332395799924
1809,2459070.839919,325.9526635,33.6677574,1,19.70599937438965,0.18921999633312225,59070.33991899993
1810,2459070.839919,325.9526635,33.6677574,1,19.70599937438965,0.18921999633312225,59070.33991899993
1811,2459069.9482292,325.952665,33.6677754,2,19.052499771118164,0.10451199859380722,59069.44822920021
1812,2459069.9372222,325.9526516,33.6677329,2,19.400699615478516,0.11724299937486649,59069.43722219998
1813,2459069.8613542,325.9526853,33.6677657,1,19.430700302124023,0.12737199664115906,59069.36135420017
1814,2459069.8608912,325.9526664,33.6677557,1,19.65719985961914,0.1749580055475235,59069.36089120014
1816,2459068.9546644,325.9525329,33.6678013,1,19.548999786376953,0.18679200112819672,59068.45466439985
1817,2459068.8898727,325.9526708,33.6677437,2,19.240800857543945,0.11888299882411957,59068.389872699976
1820,2459067.8890046,325.9526917,33.6678267,1,19.619600296020508,0.1990630030632019,59067.38900459977
1821,2459067.8885417,325.9526151,33.6677717,1,19.63010025024414,0.2370239943265915,59067.38854169985
1822,2459066.8660764,325.9526113,33.6677628,1,19.44179916381836,0.16405099630355835,59066.36607640004
1823,2459066.8500926,325.9525023,33.6677809,1,19.614099502563477,0.27299201488494873,59066.3500926001
1824,2459065.9031366,325.9526747,33.6678148,2,18.99679946899414,0.17777399718761444,59065.40313659981
1825,2459065.9026736,325.9527009,33.6677716,2,19.148099899291992,0.13783399760723114,59065.402673599776
1827,2459065.8775579,325.9526015,33.6677501,2,19.42650032043457,0.16696199774742126,59065.3775578998
1828,2459065.7572685,325.9528318,33.6678438,1,19.486799240112305,0.2416519969701767,59065.25726850005
1829,2459065.7568056,325.9528102,33.6677453,1,19.19379997253418,0.3034279942512512,59065.25680560013
1830,2459064.8474653,325.9525927,33.6677026,2,19.262300491333008,0.13744999468326569,59064.3474653
1831,2459064.8470023,325.9526639,33.6677215,2,19.262500762939453,0.13674500584602356,59064.34700229997
1832,2459063.8065509,325.9526456,33.6677394,2,19.204700469970703,0.12240699678659439,59063.306550899986
1833,2459063.806088,325.952677,33.667786,2,19.405399322509766,0.15452100336551666,59063.30608800007
1834,2459062.969838,325.9525992,33.6677895,2,19.432100296020508,0.12009499967098236,59062.4698379999
1835,2459062.9340162,325.9525903,33.6679294,1,19.7362003326416,0.18262000381946564,59062.43401619978
1836,2459062.9079167,325.9525615,33.6678773,1,19.766799926757812,0.2583720088005066,59062.4079167
1837,2459062.8792708,325.9526472,33.6677678,1,19.65169906616211,0.24020099639892578,59062.379270799924
1839,2459062.7965625,325.9527303,33.6677249,2,19.339000701904297,0.13507799804210663,59062.29656249983
1840,2459061.8031366,325.9526745,33.6678017,2,19.08919906616211,0.11538500338792801,59061.30313660018
1841,2459061.7810648,325.9526603,33.6677923,2,19.202600479125977,0.14093999564647675,59061.28106479999
1842,2459060.8495602,325.9525368,33.6677107,1,19.692800521850586,0.18367399275302887,59060.34956019977
1843,2459060.8490972,325.9526001,33.667761,1,19.664100646972656,0.13702699542045593,59060.349097200204
1844,2459059.8978935,325.9526305,33.6677612,1,19.52680015563965,0.12529100477695465,59059.39789350005
1846,2459059.8592014,325.9525874,33.6677426,2,19.337799072265625,0.07858899980783463,59059.359201400075
1847,2459059.8582292,325.9526382,33.6677544,2,19.260499954223633,0.09984199702739716,59059.35822919989
1848,2459059.830544,325.9526321,33.6677616,2,19.32830047607422,0.12379500269889832,59059.330544000026
1849,2459059.830081,325.9526424,33.6677468,2,19.41230010986328,0.12955699861049652,59059.33008099999
1850,2459057.8742708,325.9527102,33.6677839,2,19.210899353027344,0.10841400176286697,59057.374270800035
1851,2459056.8743287,325.9526502,33.667766,2,19.229400634765625,0.08788400143384933,59056.374328699894
1852,2459055.957662,325.9525177,33.6677527,2,19.29789924621582,0.1102600023150444,59055.457661999855
1853,2459055.9571991,325.9526644,33.6677671,2,19.41990089416504,0.07848499715328217,59055.45719909994
1854,2459055.8966551,325.9526448,33.6677467,1,19.652599334716797,0.13342000544071198,59055.39665509993
1855,2459055.8951852,325.9524336,33.6677217,1,19.775100708007812,0.1385670006275177,59055.39518520003
1856,2459055.8947222,325.952336,33.6677231,1,19.861499786376953,0.23170000314712524,59055.3947222
1857,2459055.8679977,325.9526494,33.6677704,2,19.272199630737305,0.11328200250864029,59055.36799769988
1858,2459055.8599653,325.9525901,33.6677528,2,19.28339958190918,0.09153100103139877,59055.35996530019
1859,2459054.8314468,325.9526808,33.6677363,2,19.116100311279297,0.09263300150632858,59054.331446799915
1860,2459054.8309722,325.9525722,33.6677864,2,19.292800903320312,0.09206999838352203,59054.330972199794
1862,2459053.8819676,325.9526187,33.6677973,1,19.550399780273438,0.11139799654483795,59053.38196759997
1863,2459052.9431019,325.9526297,33.6677663,1,19.4325008392334,0.10749799758195877,59052.443101900164
1864,2459052.8831829,325.9526396,33.6677766,2,18.913000106811523,0.10298299789428711,59052.38318290003
1865,2459052.8746412,325.9526249,33.6677668,2,18.88360023498535,0.08960100263357162,59052.37464120006
1866,2459052.8741782,325.9525974,33.6677421,2,18.989999771118164,0.10909900069236755,59052.37417820003
1867,2459052.8737037,325.9526143,33.6677952,2,18.94409942626953,0.07063800096511841,59052.373703700025
1868,2459052.8321412,325.9524351,33.6677114,1,19.51689910888672,0.13711300492286682,59052.33214120008
1869,2459051.8898958,325.9526582,33.6678016,2,19.06290054321289,0.08059599995613098,59051.389895800035
1870,2459050.9166435,325.9526061,33.6677618,1,19.369800567626953,0.10446400195360184,59050.41664349986
1871,2459050.916169,325.9524945,33.667757,1,19.622900009155273,0.12271299958229065,59050.41616899986
1872,2459049.9063079,325.9526417,33.6677835,2,19.07710075378418,0.10777600109577179,59049.40630789986
1873,2459049.8297106,325.952508,33.6677503,1,19.68160057067871,0.15203699469566345,59049.329710599966
1874,2459049.8292361,325.9526473,33.6677872,1,19.413799285888672,0.10278400033712387,59049.32923609996
1875,2459048.8542593,325.9526399,33.6677545,2,19.245100021362305,0.11621800065040588,59048.354259300046
1876,2459048.8532986,325.9525866,33.6677637,2,19.280799865722656,0.12394800037145615,59048.35329859983
1877,2459046.9309491,325.9526692,33.6678022,2,19.441600799560547,0.10922600328922272,59046.43094909983
1878,2459046.9304861,325.9526401,33.6677151,2,19.56100082397461,0.1160610020160675,59046.430486099795
1879,2459046.8741204,325.9524845,33.6677315,1,20.064899444580078,0.17294299602508545,59046.37412039982
1880,2459046.8736574,325.9526975,33.6677555,1,19.732500076293945,0.1120930016040802,59046.37365739979
1881,2459044.9793403,325.9526741,33.6677376,2,19.435300827026367,0.11781899631023407,59044.479340299964
1882,2459043.8945949,325.9526147,33.6677624,2,19.470600128173828,0.1430100053548813,59043.394594899844
1883,2459043.8941319,325.9526389,33.6677231,2,19.574499130249023,0.11579100042581558,59043.39413189981
1884,2459043.8397569,325.9524353,33.6677447,1,20.113300323486328,0.1775120049715042,59043.33975689998
1885,2459043.839294,325.952654,33.6677521,1,19.771900177001953,0.1444070041179657,59043.33929400006
1886,2459042.9842245,325.9526606,33.6677421,2,19.462600708007812,0.10473299771547318,59042.484224500135
1887,2459042.9842245,325.9526606,33.6677421,2,19.462600708007812,0.10473299771547318,59042.484224500135
1888,2459042.9837616,325.952681,33.6677631,2,19.60379981994629,0.1396380066871643,59042.48376160022
1889,2459042.9837616,325.952681,33.6677631,2,19.60379981994629,0.1396380066871643,59042.48376160022
1892,2459040.8830671,325.9525643,33.667756,2,19.78510093688965,0.1575150042772293,59040.38306709984
1893,2459040.7594676,325.9525578,33.6677359,1,20.409700393676758,0.23340199887752533,59040.25946759991
1895,2459037.9403009,325.9526546,33.6677364,2,19.34469985961914,0.10942699760198593,59037.44030090002
1897,2459036.8737269,325.9527309,33.6677926,2,19.2185001373291,0.12640999257564545,59036.3737269002
1898,2459036.8732639,325.9526721,33.6676924,2,19.305099487304688,0.17105300724506378,59036.37326390017
1901,2459034.9766088,325.9525647,33.6677718,1,19.819900512695312,0.23198500275611877,59034.47660879977
1902,2459034.9761343,325.9526794,33.6677992,1,19.571199417114258,0.1499820053577423,59034.47613430023
1903,2459034.8792014,325.9526652,33.6677746,2,19.322200775146484,0.13842099905014038,59034.379201400094
1904,2459034.8750926,325.9526268,33.6677653,2,19.21339988708496,0.13821400701999664,59034.37509260001
1905,2459031.9552894,325.9524893,33.6677817,2,19.51849937438965,0.1088929995894432,59031.45528940018
1906,2459031.9405903,325.9525883,33.6678059,2,19.349700927734375,0.14695000648498535,59031.44059030013
1907,2459031.8395139,325.9527158,33.667703,1,19.856399536132812,0.19743600487709045,59031.339513900224
1909,2459028.975081,325.9526113,33.6677401,2,19.22570037841797,0.11206299811601639,59028.47508100001
1910,2459028.9641667,325.9525244,33.6677153,2,19.21739959716797,0.09760899841785431,59028.46416669991
1911,2459028.8862384,325.9526251,33.6678127,1,19.81450080871582,0.160629004240036,59028.38623839989
1912,2459028.8857755,325.9521923,33.6677152,1,19.9552001953125,0.23629899322986603,59028.38577549998
1913,2459025.8838542,325.9526985,33.6677591,2,19.436399459838867,0.0974859967827797,59025.38385420013
1914,2459025.8833796,325.9526021,33.6677578,2,19.50200080871582,0.15016500651836395,59025.38337960001
1915,2459025.8525463,325.9524116,33.6677525,1,20.11750030517578,0.1853010058403015,59025.35254629981
1916,2459025.8520718,325.9526794,33.6677702,1,19.716400146484375,0.14162999391555786,59025.3520717998
1917,2459022.9746181,325.9526424,33.6677843,2,19.490299224853516,0.15541400015354156,59022.474618100096
1918,2459022.894375,325.9522644,33.6677429,1,20.125999450683594,0.23153799772262573,59022.39437500015
1919,2459022.8576157,325.9527016,33.6677115,1,19.778600692749023,0.1581130027770996,59022.35761569999
1920,2459020.9791667,325.9526368,33.6677534,2,19.58099937438965,0.14540299773216248,59020.47916670004
1922,2459019.852037,325.9526771,33.667755,1,20.015399932861328,0.15611900389194489,59019.352037000004
1923,2459016.9680324,325.9526658,33.6677719,2,19.70549964904785,0.142658993601799,59016.468032400124
1924,2459016.9675694,325.9526355,33.6676909,2,19.81839942932129,0.15085799992084503,59016.46756940009
1925,2459016.8950231,325.9527018,33.6677434,1,20.168500900268555,0.22176499664783478,59016.39502310008
1927,2459014.8963657,325.95238,33.6676862,1,20.34630012512207,0.27734899520874023,59014.396365699824
1928,2459013.8706019,325.9525857,33.6676957,2,19.671300888061523,0.12060300260782242,59013.37060189992
1929,2459013.8701273,325.9527812,33.6677732,2,19.59510040283203,0.17181700468063354,59013.3701272998
1930,2459010.9695023,325.9526981,33.6677807,1,19.962600708007812,0.22219699621200562,59010.469502300024
1931,2459010.9690278,325.9526659,33.6676096,1,20.19659996032715,0.23000100255012512,59010.46902780002
1934,2459001.9478241,325.9525665,33.6677735,2,19.51650047302246,0.13510000705718994,59001.44782410003
1937,2458998.9693287,325.9526033,33.6676957,2,19.450199127197266,0.10046999901533127,58998.4693287001
1938,2458998.9563773,325.9525389,33.6677487,1,20.23979949951172,0.20478500425815582,58998.45637729997
1939,2458996.9578009,325.952611,33.6677572,1,20.276199340820312,0.18931999802589417,58996.4578009001
1940,2458995.9778472,325.952607,33.6677599,2,19.72599983215332,0.1453000009059906,58995.47784719989
1943,2458993.9858681,325.9526297,33.6677,2,19.719900131225586,0.18192200362682343,58993.48586810008
1944,2458993.9853935,325.9526109,33.6677685,2,19.545499801635742,0.14983999729156494,58993.485393499956
1945,2458992.969537,325.9527604,33.6678144,1,20.103599548339844,0.2003280073404312,58992.46953700017
1946,2458992.9351736,325.9526141,33.667797,2,19.672800064086914,0.13335299491882324,58992.43517359998
1947,2458986.9790509,325.952577,33.667721,2,19.87019920349121,0.19821999967098236,58986.479050899856
1948,2458986.978588,325.9527094,33.6677672,2,19.805700302124023,0.1783290058374405,58986.47858799994
1949,2458986.9307639,325.9527251,33.6677864,1,20.285999298095703,0.22715799510478973,58986.430763899814
1951,2458985.9770949,325.9525419,33.6677424,2,19.53809928894043,0.10419300198554993,58985.47709489986
1952,2458981.9882523,325.9525998,33.6677764,1,20.01650047302246,0.2517099976539612,58981.48825229984
1953,2458981.9510648,325.9526478,33.6676254,2,19.426000595092773,0.14542800188064575,58981.45106479991
1954,2458980.9889468,325.9527172,33.6676667,2,19.726200103759766,0.22641000151634216,58980.48894680012
1955,2458977.9922685,325.9526529,33.667725,2,19.16320037841797,0.1426279991865158,58977.49226849992
1957,2458975.9653356,325.95262,33.6677822,1,19.55970001220703,0.26470398902893066,58975.46533560008
1958,2458975.9430093,325.9525814,33.6677729,2,18.871999740600586,0.12040899693965912,58975.44300930016
1959,2458970.9746528,325.9524981,33.6677284,1,19.660400390625,0.19896300137043,58970.47465279978
1960,2458970.9741782,325.9526472,33.6677522,1,19.4507999420166,0.09623000025749207,58970.47417820012
1961,2458970.9262384,325.9526923,33.6677386,2,19.050399780273438,0.10106299817562103,58970.42623839993
1962,2458970.9253009,325.9525642,33.667774,2,18.923900604248047,0.08409900218248367,58970.42530089989
1963,2458967.9445718,325.9525474,33.6677506,1,19.814699172973633,0.17561699450016022,58967.444571800064
1964,2458967.9038426,325.9527946,33.6676913,2,19.132699966430664,0.1391420066356659,58967.40384260006
1965,2458964.9732176,325.9526614,33.6677398,1,19.541099548339844,0.15102200210094452,58964.473217600025
1966,2458964.9723148,325.9526663,33.6677785,1,19.4778995513916,0.1347080022096634,58964.472314800136
1967,2458964.9517477,325.9526693,33.6677693,2,19.26059913635254,0.13491100072860718,58964.451747700106
1968,2458964.9508449,325.9526766,33.6677912,2,19.191499710083008,0.11604300141334534,58964.45084490022
1969,2458942.0062963,325.9526248,33.6677435,2,18.849599838256836,0.13612599670886993,58941.50629629986
1970,2458941.9879167,325.9525287,33.6677464,1,19.423099517822266,0.272473007440567,58941.487916700076
1971,2458873.6134259,325.9525466,33.66777,1,19.229400634765625,0.15077100694179535,58873.11342590023
1972,2458873.5962384,325.9525888,33.6677292,2,18.78580093383789,0.1182750016450882,58873.096238399856
1973,2458863.6123032,325.9525947,33.6677285,1,19.61210060119629,0.18285499513149261,58863.11230320018
1974,2458863.5978935,325.9527016,33.6677557,2,19.212400436401367,0.19011999666690826,58863.09789349977
1975,2458863.5969792,325.952629,33.6678257,2,19.11680030822754,0.1514279991388321,58863.09697919991
1976,2458854.6193171,325.9526574,33.6677285,2,19.032400131225586,0.20565100014209747,58854.11931709992
1977,2458854.6184144,325.9525659,33.6676441,2,19.01099967956543,0.17102199792861938,58854.118414400145
1983,2458838.5988889,325.9526662,33.667708,2,18.663400650024414,0.08809299767017365,58838.09888890013
1984,2458837.5736806,325.9526553,33.6677878,2,18.865299224853516,0.10742100328207016,58837.07368060015
1985,2458836.6220833,325.9525527,33.6676541,1,19.496299743652344,0.15257300436496735,58836.12208329979
1987,2458835.577419,325.952792,33.6678977,2,18.662399291992188,0.30918699502944946,58835.07741900021
1988,2458833.6123843,325.952561,33.6678121,1,19.153400421142578,0.11664599925279617,58833.11238430021
1989,2458833.5758333,325.9525726,33.6677005,2,18.61910057067871,0.07167000323534012,58833.07583330013
1990,2458831.6275694,325.9526171,33.6677745,1,19.008699417114258,0.15372300148010254,58831.127569399774
1992,2458829.5743866,325.9527077,33.6677947,2,18.757099151611328,0.09812600165605545,58829.07438659994
1994,2458819.6028241,325.9525825,33.6677113,2,18.792299270629883,0.1227089986205101,58819.10282409983
1995,2458814.6419676,325.9527888,33.6679594,2,19.157800674438477,0.20123399794101715,58814.14196760021
1996,2458814.6415162,325.952521,33.6678423,2,19.27720069885254,0.201664999127388,58814.1415161998
1997,2458814.5956944,325.9526615,33.6677527,1,19.748699188232422,0.2896389961242676,58814.095694399904
2000,2458811.5918519,325.9523042,33.6677291,1,19.88789939880371,0.1863200068473816,58811.091851899866
2001,2458811.5914005,325.9526327,33.6677238,1,19.905399322509766,0.22244100272655487,58811.09140049992
2002,2458811.5742708,325.9526326,33.6677043,1,19.883899688720703,0.1923770010471344,58811.07427080022
2003,2458811.5738079,325.952348,33.6677106,1,19.90089988708496,0.2753320038318634,58811.07380789984
2004,2458804.7145486,325.9526489,33.6677616,2,18.986600875854492,0.19973500072956085,58804.214548599906
2005,2458804.6750231,325.9520509,33.6679549,1,19.827199935913086,0.24954700469970703,58804.17502309987
2010,2458799.716956,325.9525326,33.6676954,2,19.615999221801758,0.23984700441360474,58799.216955999844
2012,2458798.7073264,325.9527108,33.6677617,2,19.911300659179688,0.22789500653743744,58798.207326400094
2017,2458797.6239468,325.9526407,33.6677226,2,19.385099411010742,0.1760990023612976,58797.1239467999
2022,2458795.6292708,325.9525347,33.6678368,1,20.134000778198242,0.2979489862918854,58795.129270799924
2026,2458794.6558333,325.952553,33.6676827,1,19.83489990234375,0.2337529957294464,58794.1558333002
2027,2458794.6092245,325.9525864,33.6677501,2,19.435100555419922,0.1972379982471466,58794.109224500135
2028,2458792.7018519,325.9524869,33.6677175,1,20.050600051879883,0.2769469916820526,58792.2018519002
2029,2458792.6408681,325.9526588,33.6677398,2,19.465900421142578,0.16227799654006958,58792.14086809987
2031,2458792.6334375,325.9525907,33.6677493,2,19.46150016784668,0.19631099700927734,58792.13343749987
2032,2458791.656088,325.9526314,33.6677236,1,19.74810028076172,0.18433600664138794,58791.15608800016
2033,2458791.655625,325.9525022,33.6678054,1,20.27440071105957,0.3390670120716095,58791.15562500013
2034,2458791.6443171,325.9525658,33.6678167,1,19.943899154663086,0.26038599014282227,58791.144317099825
2035,2458791.6128472,325.952686,33.6677831,2,19.441600799560547,0.11834300309419632,58791.11284720013
2036,2458790.6253241,325.952603,33.6677769,2,19.576200485229492,0.19883400201797485,58790.12532409979
2037,2458790.6248611,325.9525644,33.6678092,2,19.532699584960938,0.16269199550151825,58790.12486110022
2038,2458789.7231366,325.9525107,33.6678167,2,19.97909927368164,0.21015499532222748,58789.22313660011
2039,2458788.7248727,325.9525849,33.6678228,2,19.662700653076172,0.16611500084400177,58788.22487269994
2042,2458785.7269097,325.9524789,33.6678356,1,20.118799209594727,0.21148799359798431,58785.22690969985
2050,2458776.6877546,325.9526876,33.6676852,1,20.435100555419922,0.29215100407600403,58776.18775459984
2056,2458769.6156019,325.9525877,33.6677374,2,19.34819984436035,0.20010200142860413,58769.115601900034
2061,2458763.7537269,325.952651,33.6676421,2,19.738800048828125,0.16862399876117706,58763.25372690009
2062,2458763.6909838,325.9526721,33.6678062,1,20.08679962158203,0.23174899816513062,58763.19098380022
2063,2458763.6632755,325.9525465,33.6677713,2,19.63249969482422,0.15629500150680542,58763.16327549983
2068,2458760.7667477,325.9526368,33.6677988,2,20.053699493408203,0.17216899991035461,58760.26674770005
2069,2458760.6914699,325.9525904,33.6677268,1,20.57550048828125,0.26338300108909607,58760.191469899844
2074,2458754.7779282,325.9526401,33.6676783,1,20.6156005859375,0.23260299861431122,58754.277928200085
2075,2458754.6903935,325.9529097,33.6677713,1,20.3656005859375,0.31039199233055115,58754.19039350003
2076,2458751.6907176,325.9526992,33.667746,1,20.40060043334961,0.28214800357818604,58751.19071759982
2077,2458750.7822338,325.9526601,33.6677677,2,19.957399368286133,0.20008499920368195,58750.28223379981
2103,2458739.6632176,325.9527177,33.6677823,2,19.590700149536133,0.25915101170539856,58739.16321759997
2108,2458737.7809144,325.9526978,33.6677785,2,19.77790069580078,0.24095000326633453,58737.28091439977
2110,2458736.7895949,325.9525942,33.6678392,1,19.736400604248047,0.2136159986257553,58736.28959489986
2112,2458736.7659375,325.9526301,33.6677502,2,19.611900329589844,0.18154899775981903,58736.26593750017
2113,2458736.7653819,325.9526434,33.6677191,2,19.613500595092773,0.1569489985704422,58736.26538190013
2114,2458735.78,325.9526495,33.6678171,1,20.106700897216797,0.34216898679733276,58735.279999999795
2116,2458735.7561227,325.9526948,33.6677572,2,19.607099533081055,0.19132499396800995,58735.25612269994
2117,2458735.7551968,325.9526422,33.6677649,2,19.576000213623047,0.14098599553108215,58735.25519679999
2118,2458734.7814236,325.9526312,33.6678301,1,20.168899536132812,0.26015499234199524,58734.281423599925
2123,2458733.7797222,325.9525989,33.6677134,1,20.413799285888672,0.2561819851398468,58733.279722199775
2124,2458733.7556944,325.9527073,33.6677353,2,19.813499450683594,0.16974200308322906,58733.25569440005
2130,2458730.7822106,325.9526651,33.6676894,1,19.84309959411621,0.2492240071296692,58730.2822106001
2134,2458727.8058333,325.9525168,33.6676005,1,20.361400604248047,0.2537190020084381,58727.30583330011
2135,2458727.8053704,325.9527114,33.6677676,1,20.313100814819336,0.27667099237442017,58727.305370400194
2137,2458727.7811111,325.9526702,33.6677756,2,19.591299057006836,0.19900700449943542,58727.28111110022
2138,2458726.7834144,325.9526498,33.6677717,1,20.33340072631836,0.18815000355243683,58726.28341440018
2142,2458725.7820023,325.9527035,33.6677581,1,20.344600677490234,0.21420599520206451,58725.282002300024
2144,2458725.7557407,325.952638,33.6677608,2,19.97319984436035,0.15915000438690186,58725.255740699824
2147,2458724.8058218,325.9526267,33.6676631,1,20.688600540161133,0.2466689944267273,58724.30582180014
2161,2458721.7569097,325.9525939,33.6677088,2,19.238399505615234,0.18339399993419647,58721.25690970011
2164,2458719.7843056,325.952797,33.6676317,1,20.251699447631836,0.24372200667858124,58719.284305599984
2165,2458719.7838542,325.9525878,33.6677469,1,20.595699310302734,0.27093300223350525,58719.28385420004
2166,2458719.7574653,325.9527409,33.6677176,2,19.627500534057617,0.19042399525642395,58719.25746530015
2167,2458719.7570139,325.9527154,33.6677819,2,19.80590057373047,0.21621699631214142,58719.257013900205
2168,2458717.7568403,325.9525902,33.6676896,2,20.002899169921875,0.21243900060653687,58717.256840299815
2169,2458716.777963,325.9526247,33.6678483,2,19.710800170898438,0.18575799465179443,58716.277962999884
2193,2458706.9288426,325.952448,33.6677802,1,20.43320083618164,0.24220100045204163,58706.42884259997
2194,2458705.9521296,325.9525673,33.6677992,2,20.182199478149414,0.21747300028800964,58705.452129600104
2201,2458697.8934259,325.9526372,33.6676735,2,20.466699600219727,0.19676299393177032,58697.39342590002
2202,2458696.9046644,325.9527002,33.6677994,1,20.73189926147461,0.2662999927997589,58696.404664400034
2207,2458693.8230093,325.9526634,33.6677618,1,20.74340057373047,0.29562100768089294,58693.323009300046
2211,2458690.8045718,325.9525275,33.6677058,1,20.648399353027344,0.2463269978761673,58690.304571799934
2215,2458672.9784491,325.9526866,33.6677247,2,20.069299697875977,0.19906100630760193,58672.47844910016
2217,2458669.9468403,325.9526266,33.6677443,1,20.60409927368164,0.23701000213623047,58669.446840300225
