,jd,ra,dec,fid,magpsf,sigmapsf,mjd
0,2461076.9288773,152.4931851,69.6899109,2,18.34218406677246,0.0708758756518364,61076.42887730012
1,2461076.9250116,152.4931985,69.6899489,2,18.39229965209961,0.084415003657341,61076.4250115999
2,2461076.6957176,152.4931235,69.6899517,1,18.69070053100586,0.11611799895763397,61076.195717600174
3,2461076.6830787,152.4931928,69.6899147,1,18.95009994506836,0.11907699704170227,61076.18307870021
5,2461074.9154977,152.492936,69.6898639,1,18.959800720214844,0.1368580013513565,61074.41549770022
6,2461072.9287847,152.4934135,69.6899012,1,18.936500549316406,0.158050999045372,61072.42878470011
10,2461070.9201968,152.4930699,69.6899012,2,18.645000457763672,0.11409199982881546,61070.42019680003
11,2461070.8642824,152.4935457,69.6898065,1,18.984699249267578,0.17397500574588776,61070.36428239988
13,2461070.7836111,152.493778,69.6900258,2,18.47369956970215,0.1277170032262802,61070.28361110017
14,2461068.8693287,152.4932594,69.6898763,2,18.667400360107422,0.08405499905347824,61068.369328700006
15,2461068.8693287,152.4932594,69.6898763,2,18.667400360107422,0.08405499905347824,61068.369328700006
17,2461068.8038657,152.4932591,69.6898901,1,18.777099609375,0.11676999926567078,61068.30386570003
18,2461065.8426852,152.493325,69.690012,2,18.510000228881836,0.09166000038385391,61065.34268519981
19,2461065.8417014,152.4932448,69.689931,2,18.54010009765625,0.08220800012350082,61065.3417014
20,2461065.8047685,152.4933955,69.6898834,1,19.372800827026367,0.13794399797916412,61065.30476849992
21,2461065.8028819,152.4931741,69.6899497,1,18.84510040283203,0.09053400158882141,61065.30288190022
22,2461060.8917361,152.4931173,69.6898926,1,18.880399703979492,0.09705500304698944,61060.39173609996
23,2461060.8457176,152.4932726,69.6899205,1,19.20560073852539,0.09462399780750275,61060.34571760008
24,2461060.8259375,152.4931633,69.6899286,2,18.518999099731445,0.07675299793481827,61060.32593750022
26,2461058.8722685,152.4931577,69.6899158,1,18.837600708007812,0.08729299902915955,61058.37226849981
27,2461058.8717593,152.4933036,69.6899274,1,19.351999282836914,0.14346900582313538,61058.37175930012
28,2461058.847419,152.493187,69.6899079,2,18.661500930786133,0.08276599645614624,61058.34741900023
31,2461056.8209722,152.4932174,69.6899039,1,18.88800048828125,0.10113599896430969,61056.32097220002
32,2461056.777419,152.4931649,69.6899127,2,18.77790069580078,0.1298930048942566,61056.27741899993
33,2461056.7769097,152.4932652,69.6898813,2,18.747400283813477,0.09532400220632553,61056.27690970013
34,2461054.9308796,152.4932157,69.6898959,1,19.039400100708008,0.08538199961185455,61054.43087959988
35,2461054.9130787,152.4933789,69.6898881,2,18.774799346923828,0.0928020030260086,61054.41307870019
36,2461054.8709028,152.4934522,69.6899493,2,18.610200881958008,0.10535100102424622,61054.3709028
38,2461053.009838,152.4931541,69.6900537,2,18.79050064086914,0.10705699771642685,61052.50983799994
40,2461052.9129977,152.493315,69.6898976,1,18.961599349975586,0.0980520024895668,61052.41299769981
42,2461051.0178009,152.4933317,69.6900898,2,18.93720054626465,0.17246399819850922,61050.517800900154
43,2461050.8849421,152.4933682,69.6901366,1,19.270599365234375,0.2396399974822998,61050.38494209992
44,2461050.8450579,152.4934032,69.6899957,1,19.061599731445312,0.1863050013780594,61050.345057900064
45,2461038.9099884,152.4931309,69.690005,1,18.98780059814453,0.10019200295209885,61038.40998840006
48,2461038.8378356,152.4935765,69.6899609,2,18.671499252319336,0.12191399931907654,61038.337835600134
49,2461031.9540162,152.493221,69.6898954,1,19.040800094604492,0.09321200102567673,61031.4540161998
54,2461029.9714815,152.4932002,69.6898962,1,19.002500534057617,0.09756399691104889,61029.47148150019
56,2461027.9234954,152.493375,69.6898797,1,19.039600372314453,0.11718600243330002,61027.42349540023
57,2461027.9059028,152.4933004,69.6900456,2,18.741600036621094,0.09242299944162369,61027.40590280015
58,2461026.9784028,152.493199,69.6899257,2,18.63920021057129,0.11236900091171265,61026.47840279993
59,2461026.9499306,152.4934936,69.6898486,1,19.19809913635254,0.19354799389839172,61026.44993059989
60,2461025.9555556,152.4933046,69.6899307,2,18.777799606323242,0.11898399889469147,61025.455555600114
61,2461025.9136921,152.4934666,69.6898598,1,19.058500289916992,0.11079400032758713,61025.41369209997
63,2461022.9846759,152.49325,69.6898407,2,18.877399444580078,0.09380199760198593,61022.48467590008
65,2461022.8879398,152.4931391,69.6899235,1,19.042999267578125,0.09490200132131577,61022.38793980004
66,2461022.8635648,152.4932543,69.6899269,2,18.55900001525879,0.08668600022792816,61022.363564800005
68,2461020.9628704,152.4931885,69.6899508,2,18.700199127197266,0.09858100116252899,61020.46287039993
69,2461020.9277199,152.4932164,69.6899177,1,19.037900924682617,0.1104850023984909,61020.42771989992
75,2461014.9508102,152.4933134,69.6900629,1,18.910999298095703,0.15853600203990936,61014.45081020007
77,2461011.9853356,152.4932424,69.6898943,1,19.265899658203125,0.1576630026102066,61011.4853356001
78,2461011.9278356,152.4931511,69.6900376,2,19.07939910888672,0.12244000285863876,61011.427835599985
79,2461009.9717361,152.4930296,69.6898671,1,19.364099502563477,0.11873199790716171,61009.47173610004
82,2461007.9048264,152.4932884,69.6899141,1,19.361900329589844,0.16906000673770905,61007.40482639987
83,2461005.9233218,152.4934271,69.6899074,2,19.04759979248047,0.13308100402355194,61005.42332179984
90,2460990.0353704,152.4932887,69.6898912,1,19.342199325561523,0.18389999866485596,60989.535370400175
91,2460989.9771412,152.4933878,69.6900581,2,18.806800842285156,0.1240679994225502,60989.4771412001
108,2460980.9092361,152.4934491,69.6899748,2,18.85810089111328,0.11327700316905975,60980.40923610004
109,2460980.0195602,152.4932779,69.6898865,1,19.24209976196289,0.12732400000095367,60979.51956020016
113,2460978.0167824,152.4933434,69.6899172,1,19.521900177001953,0.1291079968214035,60977.5167824002
114,2460977.9681481,152.4930803,69.690003,2,18.827299118041992,0.10914599895477295,60977.46814810019
115,2460976.0078588,152.4933745,69.6899093,2,18.900100708007812,0.11972600221633911,60975.50785879977
117,2460975.0157407,152.493195,69.6899432,1,19.17169952392578,0.10798399895429611,60974.515740700066
122,2460972.9898495,152.4932091,69.6899298,1,19.058300018310547,0.12003900110721588,60972.48984949989
126,2460969.994838,152.4931989,69.6899298,1,19.156999588012695,0.1185849979519844,60969.49483799981
128,2460968.9373958,152.4933473,69.6898461,1,19.838699340820312,0.22644099593162537,60968.437395799905
129,2460968.0236806,152.4931796,69.6899371,2,18.643600463867188,0.11796600371599197,60967.52368059987
131,2460966.0051389,152.4932966,69.6900425,2,18.898700714111328,0.12177400290966034,60965.50513890013
132,2460965.984537,152.4932223,69.689928,1,19.211200714111328,0.14605100452899933,60965.48453699984
133,2460962.0208102,152.4931253,69.6898698,1,19.30929946899414,0.13406600058078766,60961.5208101999
134,2460961.9722454,152.4932033,69.6899244,2,18.58009910583496,0.09244900196790695,60961.47224539984
135,2460957.0116551,152.4933418,69.6899012,2,18.4375,0.08253099769353867,60956.511655100156
136,2460956.9508218,152.4933151,69.6899698,1,19.060100555419922,0.19894200563430786,60956.45082180016
138,2460954.9676273,152.493296,69.689918,2,18.670299530029297,0.11632099747657776,60954.46762729995
139,2460952.9937269,152.4931027,69.6899159,1,19.195100784301758,0.14889700710773468,60952.49372689985
140,2460950.9995833,152.4931262,69.6898996,1,19.2012996673584,0.12504400312900543,60950.4995833002
142,2460948.9924537,152.4933499,69.6899155,2,18.570999145507812,0.08784700185060501,60948.49245369993
143,2460948.9774421,152.4932175,69.6899166,1,19.35070037841797,0.17197799682617188,60948.47744210018
144,2460810.7206944,152.4932605,69.6899266,1,19.401174545288086,0.154756560921669,60810.220694399904
152,2460798.8265509,152.4932395,69.6899118,1,19.570199966430664,0.1756179928779602,60798.326550900005
155,2460796.8454977,152.4934875,69.6899196,1,19.493000030517578,0.14390699565410614,60796.34549769992
161,2460788.8399537,152.4930956,69.6899568,2,18.849000930786133,0.09250400215387344,60788.33995370008
162,2460788.8270139,152.4930439,69.6899972,2,18.988000869750977,0.12124700099229813,60788.32701390004
163,2460788.8033333,152.4932491,69.6899149,1,19.166900634765625,0.11092100292444229,60788.303333300166
171,2460781.7585532,152.4931125,69.6898838,2,18.690799713134766,0.11301500350236893,60781.258553199936
172,2460781.7036343,152.4932057,69.6898817,1,19.184999465942383,0.10278700292110443,60781.2036342998
173,2460776.8264931,152.4931226,69.6899439,2,18.78860092163086,0.10790300369262695,60776.3264930998
177,2460774.9412847,152.4934212,69.689962,1,19.069599151611328,0.16608600318431854,60774.44128469983
183,2460772.8235301,152.4933186,69.6899063,2,19.031700134277344,0.13867400586605072,60772.32353009982
185,2460770.9196875,152.4932933,69.6900145,2,18.885799407958984,0.12521600723266602,60770.41968750022
186,2460770.9191782,152.4931032,69.6899527,2,19.077699661254883,0.15155300498008728,60770.419178199954
196,2460758.7601273,152.4931996,69.6899281,1,19.292699813842773,0.13195300102233887,60758.26012729993
199,2460756.7652315,152.4933788,69.690004,2,19.06399917602539,0.10554499924182892,60756.265231499914
200,2460756.7456366,152.4932143,69.689919,1,19.516199111938477,0.13681699335575104,60756.24563660007
201,2460755.7800116,152.4933864,69.6899115,2,19.16950035095215,0.14895400404930115,60755.28001159988
203,2460754.7791551,152.4931726,69.6899247,1,19.672500610351562,0.1459999978542328,60754.27915510023
206,2460753.6613657,152.4933874,69.6899371,2,19.315099716186523,0.13883499801158905,60753.161365699954
219,2460734.8093866,152.4925136,69.6898895,1,19.664400100708008,0.2548229992389679,60734.30938659981
232,2460726.866412,152.492626,69.6897708,1,20.06410026550293,0.23299700021743774,60726.3664119998
239,2460696.8253241,152.493521,69.6899442,1,19.512264251708984,0.21330219507217407,60696.32532409998
241,2460694.8862963,152.4933559,69.6899057,1,19.640600204467773,0.17967399954795837,60694.38629630022
250,2460688.8882639,152.4932091,69.6900568,2,18.85140037536621,0.14368100464344025,60688.38826389983
263,2460679.8542824,152.4932564,69.6898307,2,19.219600677490234,0.08521399646997452,60679.354282400105
264,2460679.7633681,152.4931765,69.6899307,1,19.870500564575195,0.16780099272727966,60679.26336809993
266,2460676.8613773,152.4930661,69.6899411,1,19.68570327758789,0.20982693135738373,60676.36137730023
267,2460676.8613773,152.4930661,69.6899411,1,19.685699462890625,0.2098270058631897,60676.36137730023
271,2460675.0364583,152.4932103,69.6899664,1,19.933500289916992,0.22548800706863403,60674.53645829996
277,2460668.8859838,152.4931933,69.6899436,1,19.734800338745117,0.15333400666713715,60668.38598380005
295,2460654.0355903,152.4932106,69.6899274,2,18.890399932861328,0.10933999717235565,60653.53559029987
297,2460653.8202894,152.4932422,69.6898944,1,19.257600784301758,0.17981299757957458,60653.32028939994
298,2460652.0152778,152.4933192,69.6898504,1,19.20170021057129,0.11843200027942657,60651.51527780015
300,2460651.9751389,152.4932989,69.6899342,2,18.699499130249023,0.09006799757480621,60651.47513889987
301,2460651.9741551,152.4930944,69.6899478,2,18.655799865722656,0.09556999802589417,60651.47415510006
302,2460650.0078009,152.4931585,69.6899241,2,18.63789939880371,0.07638200372457504,60649.50780089991
303,2460649.9939815,152.4932341,69.6899078,2,18.62929916381836,0.06866300106048584,60649.493981500156
305,2460649.9293519,152.4932156,69.6898965,1,18.96929931640625,0.08120699971914291,60649.42935189977
306,2460647.9510532,152.4930595,69.6898952,1,18.410200119018555,0.052615001797676086,60647.451053199824
308,2460647.8976968,152.4931038,69.6899499,2,18.348600387573242,0.10134100168943405,60647.397696800064
309,2460644.9811458,152.4931862,69.6899361,2,18.36750030517578,0.0755549967288971,60644.48114580009
310,2460644.9751389,152.4931595,69.6899224,2,18.38319969177246,0.07319799810647964,60644.47513889987
311,2460644.8846991,152.4932138,69.6898903,1,18.748300552368164,0.07689300179481506,60644.38469910016
312,2460644.8632292,152.4931587,69.689919,1,19.243799209594727,0.12033600360155106,60644.36322919978
313,2460640.9266551,152.4932519,69.6899144,2,18.39195442199707,0.076944500207901,60640.42665510019
314,2460640.9266551,152.4932519,69.6899144,2,18.392000198364258,0.07694400101900101,60640.42665510019
315,2460640.8887731,152.4931596,69.6899004,1,18.631799697875977,0.0728750005364418,60640.388773099985
317,2460640.8281134,152.4932645,69.6898915,1,19.076900482177734,0.13117599487304688,60640.32811339991
318,2460637.9338426,152.4931426,69.6899314,1,19.04520034790039,0.11428199708461761,60637.43384259986
319,2460637.924294,152.4931227,69.6899009,1,18.7632999420166,0.10059700161218643,60637.424294000026
320,2460637.9069676,152.4931963,69.6899162,2,18.362899780273438,0.08678899705410004,60637.406967599876
321,2460637.9055324,152.4931447,69.6898934,2,18.329599380493164,0.06491799652576447,60637.405532400124
322,2460635.9927431,152.4932625,69.6899629,2,18.315500259399414,0.09636600315570831,60635.49274310004
323,2460635.9485532,152.4931586,69.6899029,1,18.59939956665039,0.06679999828338623,60635.44855319988
324,2460635.9035764,152.4932814,69.6899091,2,18.20599937438965,0.06392800062894821,60635.40357640013
326,2460633.0004167,152.4931433,69.6898967,1,18.532899856567383,0.09436900168657303,60632.5004166998
327,2460632.9706829,152.4931783,69.6899415,1,18.720199584960938,0.1419990062713623,60632.47068289993
328,2460632.9040625,152.4934597,69.6899846,2,18.20009994506836,0.1238659992814064,60632.40406250022
330,2460629.0335301,152.4931499,69.6899129,1,18.71470069885254,0.11680400371551514,60628.53353009978
331,2460629.0330208,152.4931276,69.6898658,1,18.46179962158203,0.06537400186061859,60628.53302079998
333,2460628.8787269,152.4931304,69.6899234,2,18.156999588012695,0.07415000349283218,60628.37872690009
334,2460628.0545486,152.4932128,69.6898975,2,18.28809928894043,0.08122199773788452,60627.55454860022
335,2460628.0540394,152.4931427,69.6899334,2,18.183700561523438,0.08536600321531296,60627.55403940007
336,2460626.0314005,152.4931494,69.6898467,2,18.203100204467773,0.06257899850606918,60625.531400499865
337,2460625.9070486,152.4931035,69.6899165,1,18.41160011291504,0.06455399841070175,60625.407048599795
338,2460625.8936227,152.493178,69.6899171,1,18.695999145507812,0.10131599754095078,60625.393622700125
339,2460625.8595718,152.4932445,69.6899221,2,18.057199478149414,0.0848499983549118,60625.3595718001
340,2460623.9759144,152.4932289,69.6899167,1,18.602800369262695,0.09072300046682358,60623.47591440007
341,2460623.9744444,152.4931766,69.6899053,1,18.379199981689453,0.09194599837064743,60623.47444440005
342,2460622.0277546,152.4933212,69.6899136,2,18.069299697875977,0.080594003200531,60621.52775460016
344,2460619.9868634,152.4932335,69.689908,1,18.16510009765625,0.07519400119781494,60619.486863399856
345,2460619.9295833,152.4931566,69.6899434,2,18.06329917907715,0.0730459988117218,60619.429583299905
346,2460618.9306019,152.4936546,69.689935,2,17.97570037841797,0.07620999962091446,60618.43060189998
347,2460618.8886227,152.493603,69.6898646,1,18.414199829101562,0.09058699756860733,60618.38862269977
348,2460616.0125694,152.4930999,69.6898884,1,18.148500442504883,0.07026199996471405,60615.512569400016
349,2460615.9899421,152.4931779,69.6898701,2,18.00480079650879,0.07219400256872177,60615.4899420999
350,2460615.0085764,152.4931155,69.6898916,1,18.492599487304688,0.06206899881362915,60614.50857640011
351,2460610.9687269,152.493395,69.6899265,2,17.83449935913086,0.07614299654960632,60610.46872689994
352,2460610.9672569,152.4932672,69.6898678,2,17.937999725341797,0.07653100043535233,60610.46725689992
353,2460610.9517014,152.4931744,69.6898822,1,18.09819984436035,0.06514199823141098,60610.45170139987
355,2460609.0157292,152.4931813,69.689868,2,17.91320037841797,0.05630100145936012,60608.515729200095
356,2460609.0138426,152.4931131,69.6898668,2,17.95210075378418,0.05406399816274643,60608.51384259993
357,2460608.9752431,152.4930605,69.6899183,1,18.355600357055664,0.06982900202274323,60608.475243099965
358,2460608.9733565,152.4930944,69.6899332,1,18.129199981689453,0.06091900169849396,60608.4733564998
359,2460608.9733565,152.4930944,69.6899332,1,18.129199981689453,0.06091900169849396,60608.4733564998
360,2460608.9733565,152.4930944,69.6899332,1,18.129199981689453,0.06091900169849396,60608.4733564998
361,2460606.9709838,152.4931784,69.6899301,2,17.861000061035156,0.06353600323200226,60606.47098380001
362,2460606.933912,152.4930632,69.6899213,1,18.310699462890625,0.0661960020661354,60606.43391200015
363,2460604.9866898,152.4931102,69.6899084,1,18.354999542236328,0.08299300074577332,60604.48668979993
365,2460604.0122917,152.4932114,69.6898525,2,17.898700714111328,0.06433200091123581,60603.51229170011
366,2460603.9687384,152.4930676,69.6899212,1,18.093599319458008,0.07144299894571304,60603.46873839991
367,2460602.9255093,152.4931916,69.6899464,1,18.151100158691406,0.11399299651384354,60602.42550930008
368,2460601.0146759,152.4932523,69.6898927,1,17.953500747680664,0.08918599784374237,60600.514675899874
369,2460600.9949537,152.4933218,69.6899312,2,17.782699584960938,0.09296400099992752,60600.494953699876
370,2460600.0132986,152.4930384,69.6898912,1,18.139400482177734,0.06495899707078934,60599.51329859998
371,2460599.9333912,152.4932539,69.6898819,2,17.774700164794922,0.05461699888110161,60599.43339119991
372,2460597.9882986,152.4930128,69.6898991,2,17.8351993560791,0.04944600164890289,60597.488298600074
373,2460597.972581,152.493041,69.6898867,1,18.180099487304688,0.0756789967417717,60597.47258100007
374,2460596.012581,152.4931998,69.6899203,2,17.811199188232422,0.0522099994122982,60595.512581000105
375,2460595.9490162,152.4930794,69.6898804,1,18.16200065612793,0.07304099947214127,60595.44901619991
376,2460464.7963889,152.493035,69.6898144,2,18.191999435424805,0.09480403363704681,60464.29638889991
377,2460464.758125,152.493557,69.6899258,1,18.144800186157227,0.240324005484581,60464.25812500017
378,2460462.7633912,152.4931855,69.6898847,1,18.552600860595703,0.09453599900007248,60462.26339119999
379,2460458.7204282,152.4931958,69.6898898,1,18.59910011291504,0.08451499789953232,60458.22042819997
380,2460458.6850926,152.4932047,69.6899316,2,18.414499282836914,0.06817000359296799,60458.18509260006
381,2460456.8067014,152.4932694,69.6899376,2,18.62980079650879,0.11183299869298935,60456.30670139985
382,2460452.847662,152.4932338,69.6899049,2,18.533899307250977,0.11523199826478958,60452.347661999986
383,2460452.7898495,152.4931446,69.6899197,1,18.59119987487793,0.16178299486637115,60452.28984950017
384,2460450.8448264,152.4929758,69.6897841,1,19.166200637817383,0.20534899830818176,60450.344826399814
386,2460450.7495023,152.4933306,69.6899719,2,18.482799530029297,0.09555500000715256,60450.24950229982
387,2460450.7489931,152.4931808,69.689941,2,18.537599563598633,0.09657300263643265,60450.24899310013
389,2460448.7411111,152.493231,69.6898887,2,18.650999069213867,0.08458799868822098,60448.241111100186
390,2460448.7406019,152.4931429,69.6899395,2,18.68670082092285,0.08449699729681015,60448.240601900034
391,2460448.6766319,152.4934187,69.689869,1,19.206899642944336,0.16268299520015717,60448.176631900016
392,2460446.7654977,152.493498,69.6899907,2,18.639400482177734,0.10523799806833267,60446.265497699846
393,2460446.7649884,152.4933644,69.689967,2,18.545400619506836,0.1103219985961914,60446.26498840004
395,2460446.6861111,152.4932307,69.6898625,1,18.918899536132812,0.1082950010895729,60446.18611110002
396,2460444.8193056,152.4933322,69.6898951,1,19.090900421142578,0.12710200250148773,60444.31930560013
398,2460442.7552431,152.4931245,69.6898831,2,18.584699630737305,0.07837799936532974,60442.255243100226
399,2460442.6803241,152.493232,69.6898889,1,18.87420082092285,0.10055600106716156,60442.18032409996
400,2460440.8045602,152.4930804,69.6899812,1,18.812000274658203,0.08233900368213654,60440.304560199846
401,2460440.7671065,152.4931581,69.6898858,2,18.578800201416016,0.07415299862623215,60440.26710649999
402,2460438.7395486,152.4931781,69.6899149,2,18.548500061035156,0.12288299947977066,60438.23954859981
403,2460438.726713,152.4930759,69.6899452,2,18.511699676513672,0.08070600032806396,60438.226712999865
404,2460438.7031134,152.4931232,69.6898916,1,18.80470085144043,0.10456400364637375,60438.20311339991
405,2460438.7016898,152.493193,69.6898986,1,19.276199340820312,0.10866100341081619,60438.20168979978
407,2460437.7823148,152.493099,69.6899419,1,18.980899810791016,0.12217999994754791,60437.28231480019
408,2460437.7370023,152.4930977,69.6898817,2,18.58810043334961,0.12629899382591248,60437.2370023001
409,2460437.7263426,152.4931094,69.6899051,2,18.468900680541992,0.08330400288105011,60437.22634259984
411,2460437.6839005,152.4932518,69.6899405,1,19.2731990814209,0.11786500364542007,60437.18390050018
412,2460433.7854977,152.4931201,69.6899117,2,18.226499557495117,0.06045699864625931,60433.285497699864
413,2460433.7835185,152.4932534,69.689836,2,18.33370018005371,0.0737679973244667,60433.28351850016
414,2460433.7612384,152.4931942,69.6899015,1,18.57040023803711,0.10704000294208527,60433.26123839989
415,2460433.7394329,152.4931626,69.6898892,1,19.004100799560547,0.10766799747943878,60433.23943290021
416,2460431.7965856,152.4931324,69.6898968,1,18.550800323486328,0.07932700216770172,60431.29658559989
417,2460431.783287,152.4932374,69.6898717,1,18.913000106811523,0.09386499971151352,60431.28328699991
418,2460431.7484606,152.4931028,69.6898923,2,18.137699127197266,0.053061001002788544,60431.24846060015
419,2460429.7651968,152.4931259,69.6899398,1,18.617799758911133,0.08651600033044815,60429.26519680023
420,2460429.7213889,152.493066,69.689933,2,18.04949951171875,0.06497299671173096,60429.22138890019
421,2460424.8030787,152.4931038,69.6898824,1,18.262500762939453,0.09485799819231033,60424.30307869986
422,2460423.8071412,152.4931654,69.6898901,1,18.65850067138672,0.1236329972743988,60423.307141200174
423,2460422.780544,152.4931609,69.6899112,2,18.271400451660156,0.08245299756526947,60422.28054400021
424,2460422.7392708,152.4932061,69.6898935,1,18.3976993560791,0.10953299701213837,60422.23927079979
425,2460421.8007176,152.4931077,69.6899067,1,18.76259994506836,0.11814799904823303,60421.300717600156
426,2460421.7391088,152.4931152,69.6899216,2,18.25659942626953,0.09429500252008438,60421.23910879996
427,2460420.7882176,152.4931415,69.6898801,1,18.41860008239746,0.09894199669361115,60420.28821759997
428,2460420.7639583,152.4931366,69.6898936,2,18.26580047607422,0.0800039991736412,60420.2639583
429,2460419.7173958,152.4932075,69.689901,2,18.261699676513672,0.07117699831724167,60419.217395800166
430,2460419.6991204,152.4931045,69.6898854,1,18.790000915527344,0.10151199996471405,60419.19912040001
431,2460418.7625116,152.493077,69.6899028,2,18.379499435424805,0.10824999958276749,60418.26251159981
432,2460418.6867708,152.4929954,69.6897937,1,18.404199600219727,0.1561730057001114,60418.186770800035
433,2460417.7781366,152.4931414,69.6899547,2,18.09760093688965,0.06864000111818314,60417.27813659981
434,2460416.8046644,152.4932821,69.6898521,1,18.720600128173828,0.10810700058937073,60416.30466439994
435,2460416.7177778,152.4933142,69.6898273,2,18.107900619506836,0.07011500000953674,60416.217777799815
436,2460413.8071065,152.4931781,69.6898871,1,18.871299743652344,0.09245199710130692,60413.307106500026
437,2460408.7835532,152.4932266,69.6898838,1,18.917999267578125,0.1062059998512268,60408.28355319984
438,2460408.7826042,152.4931609,69.6899059,1,18.706499099731445,0.09217199683189392,60408.282604199834
439,2460408.7564005,152.4932266,69.6899125,2,18.296899795532227,0.06922099739313126,60408.25640049996
440,2460408.7497685,152.4930343,69.6899325,2,18.117900848388672,0.06879100203514099,60408.249768500216
441,2460404.7415394,152.4931748,69.6898941,1,18.4768009185791,0.07713799923658371,60404.24153940007
442,2460404.6819097,152.4932777,69.6899062,1,18.832300186157227,0.09408099949359894,60404.181909699924
443,2460404.6638773,152.4931905,69.6898978,2,18.283000946044922,0.06557299941778183,60404.16387729999
444,2460404.6619907,152.4930678,69.6899044,2,18.205299377441406,0.06741499900817871,60404.161990699824
445,2460398.8887153,152.4931837,69.6899526,2,18.307600021362305,0.09263800084590912,60398.38871529978
446,2460398.8876968,152.4933064,69.6899488,2,18.423799514770508,0.08355399966239929,60398.38769679982
447,2460398.7196181,152.493074,69.6898975,1,18.497499465942383,0.0791030004620552,60398.21961810021
448,2460395.7808565,152.4931825,69.6899957,1,18.991899490356445,0.16139400005340576,60395.280856499914
450,2460390.9912037,152.4930801,69.6899355,1,18.88610076904297,0.15470099449157715,60390.49120370019
451,2460390.9421296,152.4929227,69.6899336,1,19.14459991455078,0.16545799374580383,60390.44212959986
452,2460390.8252083,152.493169,69.6898639,2,18.545799255371094,0.09379100054502487,60390.32520829979
453,2460388.7807292,152.4931006,69.6898826,1,18.99880027770996,0.13404400646686554,60388.280729200225
454,2460388.7215162,152.4931057,69.6899433,2,18.431900024414062,0.11166000366210938,60388.221516199876
455,2460380.8046296,152.4930592,69.6898716,1,18.927000045776367,0.14860799908638,60380.30462960014
456,2460380.7602431,152.4930675,69.68994,1,19.527099609375,0.16013599932193756,60380.260243100114
457,2460374.9081597,152.4932516,69.6898976,1,19.154199600219727,0.12661699950695038,60374.40815970022
459,2460374.8737037,152.4931919,69.689942,2,18.51300048828125,0.09751199930906296,60374.373703700025
460,2460374.8307755,152.4931606,69.6899335,1,18.845300674438477,0.10773500055074692,60374.33077549981
463,2460363.785,152.4931466,69.6898227,2,18.49570083618164,0.1501380056142807,60363.28500000015
464,2460363.722037,152.4930914,69.6899451,1,18.725299835205078,0.21021799743175507,60363.222037000116
466,2460357.8052315,152.4931391,69.6898768,2,18.35219955444336,0.06408199667930603,60357.30523149995
467,2460356.8748611,152.4931838,69.6898582,2,18.43560028076172,0.08805199712514877,60356.37486110022
468,2460354.8635417,152.4931095,69.6898858,2,18.28580093383789,0.0725959986448288,60354.363541699946
469,2460354.8616088,152.4930795,69.6899328,2,18.232099533081055,0.07648500055074692,60354.36160880001
470,2460354.8203588,152.4931799,69.6899023,1,18.577999114990234,0.06707599759101868,60354.32035879977
471,2460354.7987269,152.4931158,69.6899035,1,18.984800338745117,0.1523749977350235,60354.298726900015
472,2460353.0096875,152.4930469,69.6899168,1,18.555999755859375,0.07726000249385834,60352.509687500075
473,2460352.9755093,152.4931518,69.6899133,1,18.89080047607422,0.09896499663591385,60352.4755092999
474,2460352.8679861,152.4931342,69.6899167,2,18.344999313354492,0.055865999311208725,60352.367986099795
475,2460352.828044,152.4930993,69.6898542,2,18.218399047851562,0.07637500017881393,60352.32804400008
476,2460340.8235764,152.4931523,69.6899075,2,17.931900024414062,0.05347700044512749,60340.32357640006
477,2460340.8230671,152.4931092,69.6898651,2,17.964099884033203,0.05773000046610832,60340.32306709979
478,2460338.7968287,152.493359,69.6899322,2,17.945499420166016,0.08836500346660614,60338.29682870023
482,2460328.8848264,152.493063,69.6899251,2,18.024999618530273,0.08747699856758118,60328.38482639985
483,2460327.9118403,152.4933208,69.6900311,2,17.833200454711914,0.08546499907970428,60327.411840300076
484,2460326.9475116,152.4932442,69.6899257,1,18.299400329589844,0.1391959935426712,60326.447511599865
485,2460326.9062384,152.4931671,69.6899148,2,18.003599166870117,0.08430799841880798,60326.40623839991
486,2460326.0162384,152.4931334,69.6898982,1,18.253999710083008,0.06602100282907486,60325.51623839978
487,2460325.9471759,152.4932391,69.6899242,2,18.103099822998047,0.07107099890708923,60325.447175899986
488,2460324.8852778,152.4931119,69.6898625,1,18.44339942932129,0.07952699810266495,60324.385277799796
489,2460324.7832407,152.4931046,69.6899349,2,18.092599868774414,0.06567899882793427,60324.28324070014
490,2460323.9305324,152.4931808,69.6898859,1,18.37030029296875,0.07215099781751633,60323.43053240003
491,2460323.8844792,152.4932493,69.6900239,2,18.02910041809082,0.06657200306653976,60323.3844792
492,2460322.9315509,152.4931337,69.6899353,2,17.95159912109375,0.060412999242544174,60322.431550899986
493,2460322.7961921,152.4932065,69.6898836,1,18.4778995513916,0.1159989982843399,60322.296192099806
494,2460315.9305324,152.4931393,69.6898877,1,18.172000885009766,0.07705900073051453,60315.43053240003
495,2460315.9017245,152.4930423,69.6899087,2,17.861499786376953,0.06251200288534164,60315.401724500116
496,2460315.8143634,152.4931131,69.6899008,2,17.816699981689453,0.06655599921941757,60315.314363399986
497,2460315.8119907,152.4932562,69.6899441,2,17.92530059814453,0.05786599963903427,60315.3119907002
498,2460311.9359838,152.4930626,69.6899065,1,18.144399642944336,0.07471799850463867,60311.43598379986
499,2460311.7782755,152.4930993,69.6898943,2,17.883800506591797,0.059029001742601395,60311.27827550005
501,2460308.8474074,152.4932964,69.6899052,1,18.353500366210938,0.12871800363063812,60308.34740740014
502,2460306.8528356,152.4932763,69.6897555,2,17.959699630737305,0.10527600347995758,60306.3528355998
503,2460306.8513773,152.4930609,69.6898482,2,17.991199493408203,0.06638500094413757,60306.35137729999
504,2460296.9809028,152.4931174,69.6898687,1,18.054800033569336,0.05878100171685219,60296.48090279987
505,2460296.9761806,152.4932497,69.6898353,1,18.238000869750977,0.07752399891614914,60296.4761806
506,2460296.9519097,152.4932602,69.6899136,2,17.75469970703125,0.048976000398397446,60296.45190969994
507,2460296.9509606,152.4931203,69.6899105,2,17.806900024414062,0.062088001519441605,60296.45096059982
508,2460295.0604282,152.4930356,69.6899171,2,17.73430061340332,0.043480001389980316,60294.560428199824
509,2460294.9488426,152.4930816,69.6899074,1,18.25629997253418,0.04741499945521355,60294.44884259999
510,2460294.8651505,152.493035,69.6898899,1,18.273799896240234,0.06020300090312958,60294.36515050009
511,2460294.058287,152.4930512,69.6898438,1,18.16510009765625,0.04666300117969513,60293.55828699982
512,2460294.0345486,152.4930435,69.689888,1,18.214799880981445,0.046477001160383224,60293.534548600204
513,2460294.0083333,152.4930252,69.6899133,1,18.15519905090332,0.044968001544475555,60293.508333299775
514,2460293.9577894,152.4931273,69.6899069,2,17.791500091552734,0.040435999631881714,60293.45778940013
515,2460293.0324306,152.4930365,69.6898746,1,18.184999465942383,0.040762998163700104,60292.53243059991
516,2460293.0146991,152.4929947,69.6898927,1,18.178699493408203,0.04752400144934654,60292.51469910005
517,2460292.9714815,152.4930284,69.6898833,1,18.194599151611328,0.0388530008494854,60292.47148150019
518,2460292.8924306,152.4930725,69.6898953,2,17.791900634765625,0.030539000406861305,60292.39243059978
519,2460291.9105671,152.4931913,69.6898705,1,18.084299087524414,0.07782600075006485,60291.41056710016
520,2460291.9096181,152.4932932,69.6899074,1,18.24690055847168,0.07583100348711014,60291.40961810015
521,2460291.8694213,152.493093,69.6898793,2,17.7893009185791,0.06301700323820114,60291.36942130001
522,2460291.8684722,152.4931167,69.6899104,2,17.802600860595703,0.057135000824928284,60291.36847219989
523,2460289.8906597,152.4930478,69.6899119,1,18.037500381469727,0.0555340014398098,60289.39065970015
524,2460289.8868866,152.4931686,69.6899089,1,18.153400421142578,0.09175299853086472,60289.38688659994
525,2460289.8476736,152.4931763,69.6898859,2,17.756799697875977,0.12385500222444534,60289.347673600074
526,2460289.8467245,152.4931458,69.6898914,2,17.754100799560547,0.0962430015206337,60289.34672449995
527,2460287.8902083,152.4930517,69.6898925,1,17.934200286865234,0.0634469985961914,60287.3902083002
528,2460287.8656713,152.4931663,69.6899524,2,17.762399673461914,0.06390400230884552,60287.36567129986
529,2460287.8225463,152.493164,69.6898994,2,17.68239974975586,0.05096700042486191,60287.32254630001
530,2460287.8048843,152.493085,69.689886,1,18.16469955444336,0.08235599845647812,60287.3048843001
531,2460262.9953704,152.49312,69.6898714,2,17.867900848388672,0.06003500148653984,60262.49537040014
532,2460262.9944329,152.4931241,69.6899072,2,17.880599975585938,0.05053599923849106,60262.4944329001
533,2460262.9463542,152.4931025,69.6898584,1,18.403900146484375,0.0738850012421608,60262.44635420013
534,2460262.9454051,152.4930473,69.6898774,1,18.14389991760254,0.0595490001142025,60262.44540510001
535,2460260.9704977,152.4931153,69.6898632,1,18.307100296020508,0.10039900243282318,60260.47049769992
536,2460260.9695486,152.4931312,69.6898821,1,18.093599319458008,0.062258001416921616,60260.469548599795
537,2460260.9355671,152.4931428,69.6899127,2,17.88089942932129,0.04845400154590607,60260.43556710007
538,2460260.8654514,152.4930746,69.689879,2,17.813100814819336,0.049644000828266144,60260.36545140017
539,2460258.9685764,152.49311,69.689892,2,17.785499572753906,0.05488700047135353,60258.468576400075
540,2460258.9541088,152.4931467,69.6898873,2,17.792299270629883,0.06116500124335289,60258.45410879981
541,2460258.9140625,152.4929783,69.6899058,1,18.166799545288086,0.0877939984202385,60258.4140625
542,2460258.9131134,152.4931039,69.6898988,1,17.964399337768555,0.06131799891591072,60258.413113399874
543,2460254.9937963,152.4931234,69.6898934,2,17.79960060119629,0.04814999923110008,60254.49379630014
544,2460254.992338,152.493181,69.6898795,2,17.808300018310547,0.04488399997353554,60254.492337999865
545,2460254.9693287,152.493152,69.6898884,1,18.001100540161133,0.06513500213623047,60254.4693287001
546,2460254.8820602,152.4930714,69.6899066,1,18.2096004486084,0.06480400264263153,60254.382060199976
547,2460253.0269097,152.4932646,69.689853,1,18.006399154663086,0.07557199895381927,60252.52690970013
548,2460252.9970139,152.4930361,69.6899279,1,18.128400802612305,0.07952000200748444,60252.49701389996
549,2460252.934919,152.4931286,69.6899132,2,17.859600067138672,0.06549099832773209,60252.43491900014
550,2460252.9292593,152.4932024,69.6898162,2,17.883800506591797,0.06169399991631508,60252.42925930023
551,2460250.9462269,152.4931423,69.6899385,1,17.898300170898438,0.0717030018568039,60250.44622689998
552,2460250.9443403,152.4930399,69.6899098,1,18.087200164794922,0.06266400218009949,60250.444340299815
553,2460250.931956,152.4931903,69.6898805,2,17.723100662231445,0.07252199947834015,60250.43195600016
554,2460250.9300694,152.4930965,69.6899119,2,17.735599517822266,0.05038800090551376,60250.4300694
555,2460247.0129514,152.4930219,69.6898848,2,17.720699310302734,0.05800599977374077,60246.51295140013
556,2460246.9727546,152.4931712,69.6898743,1,18.104900360107422,0.10706499963998795,60246.47275459999
557,2460245.0140856,152.4930698,69.6898931,1,17.936800003051758,0.06161599978804588,60244.51408560015
558,2460244.9857523,152.4931683,69.6899041,2,17.64080047607422,0.0556039996445179,60244.485752299894
559,2460242.989213,152.4930909,69.6898707,1,18.066099166870117,0.05253800004720688,60242.48921300005
560,2460242.9549421,152.4931615,69.68988,2,17.696300506591797,0.04769200086593628,60242.454942100216
561,2460239.0118866,152.4930657,69.689875,2,17.60810089111328,0.03673499822616577,60238.51188659994
562,2460238.9271528,152.4931245,69.6898696,1,17.94930076599121,0.05997899919748306,60238.42715279991
563,2460236.965625,152.4930743,69.6898596,2,17.54680061340332,0.050023000687360764,60236.465625000186
564,2460236.9270718,152.4930786,69.6898761,1,17.891799926757812,0.06947699934244156,60236.42707179999
565,2460234.9647917,152.492976,69.6898793,1,17.898000717163086,0.055939000099897385,60234.46479169978
566,2460234.9272222,152.4931785,69.6898956,2,17.548599243164062,0.04638199880719185,60234.427222200204
567,2460232.9908449,152.4931034,69.689886,2,17.53809928894043,0.056561000645160675,60232.49084489979
568,2460232.970162,152.4931113,69.689861,1,17.86009979248047,0.06804099678993225,60232.47016200004
569,2460230.9488426,152.4931296,69.6899018,1,17.841299057006836,0.05144499987363815,60230.44884259999
570,2460225.0068287,152.4932633,69.6898605,2,17.62019920349121,0.06065100058913231,60224.50682870019
571,2460224.9634838,152.4930064,69.6898044,1,17.89590072631836,0.06964799761772156,60224.46348380018
572,2460222.9762731,152.4931767,69.689881,1,17.89259910583496,0.0921109989285469,60222.47627309989
575,2460101.782581,152.4932879,69.6899386,1,18.119047164916992,0.07982576638460159,60101.28258100012
576,2460099.7005787,152.493272,69.6899713,1,18.021299362182617,0.09194999933242798,60099.20057869982
577,2460097.7472454,152.4931719,69.689901,2,17.96299934387207,0.0724330022931099,60097.24724540021
578,2460097.7462269,152.4931204,69.6898922,2,17.850200653076172,0.05651099979877472,60097.24622689979
579,2460087.8079282,152.4932555,69.6898753,1,18.084699630737305,0.06431400030851364,60087.30792819988
580,2460087.6989236,152.4931316,69.6899194,2,17.940500259399414,0.06182900071144104,60087.198923599906
581,2460086.7327431,152.4930797,69.6899746,1,18.735599517822266,0.07527399808168411,60086.2327430998
584,2460085.7213773,152.4930943,69.6898964,1,18.083999633789062,0.09187400341033936,60085.2213773001
585,2460083.8214815,152.4932609,69.6899341,1,18.293100357055664,0.07298000156879425,60083.32148149982
586,2460082.7466551,152.4931345,69.6898772,1,18.35689926147461,0.09033799916505814,60082.246655100025
587,2460082.6984028,152.4930434,69.6899341,2,17.991199493408203,0.06628599762916565,60082.19840280013
588,2460081.8091667,152.4933117,69.6898946,1,18.214099884033203,0.07309500128030777,60081.30916670011
589,2460081.7692245,152.4930667,69.6899089,2,18.15760040283203,0.0841199979186058,60081.26922449982
590,2460080.7433218,152.4932121,69.6898542,1,18.475400924682617,0.06755699962377548,60080.24332180014
591,2460079.828125,152.4932202,69.6898813,2,18.116600036621094,0.0671050027012825,60079.328125
592,2460078.8229167,152.4931485,69.6899063,1,18.46769905090332,0.083965003490448,60078.32291670004
593,2460078.7613079,152.493052,69.6898855,2,18.180299758911133,0.07154099643230438,60078.26130789984
594,2460077.8052315,152.4931706,69.6899648,2,18.34510040283203,0.08908600360155106,60077.30523149995
595,2460077.7620255,152.4931247,69.6899064,1,18.381000518798828,0.06393299996852875,60077.26202550018
596,2460076.7919097,152.4933108,69.6898982,1,18.658100128173828,0.0912489965558052,60076.291909699794
597,2460073.8493287,152.4931736,69.6899048,1,18.499799728393555,0.11136800050735474,60073.34932869999
598,2460073.802662,152.4931987,69.6899151,2,18.3356990814209,0.07849500328302383,60073.30266200006
599,2460067.787338,152.4935032,69.6898902,1,18.70170021057129,0.19724400341510773,60067.28733799979
600,2460065.8022338,152.4932342,69.6899382,1,18.452800750732422,0.12643399834632874,60065.302233799826
601,2460065.6998495,152.4931999,69.6899282,2,18.250600814819336,0.09053599834442139,60065.199849499855
602,2460064.7814352,152.493154,69.6899029,2,18.153400421142578,0.07714299857616425,60064.28143520001
603,2460064.6690162,152.4931526,69.6898547,1,18.713899612426758,0.11912400275468826,60064.16901620012
604,2460063.7380093,152.493136,69.6898831,2,18.221599578857422,0.06267999857664108,60063.23800930008
605,2460063.7158218,152.4932134,69.689888,1,18.344100952148438,0.07134100049734116,60063.21582179982
606,2460062.7557755,152.4931431,69.6898889,1,18.658199310302734,0.09684199839830399,60062.25577550009
607,2460062.6755208,152.4931451,69.6898944,2,18.109600067138672,0.088298000395298,60062.175520800054
608,2460061.6949884,152.4931174,69.6899274,2,18.30769920349121,0.09860099852085114,60061.19498840021
609,2460061.6754745,152.4931245,69.6898754,1,18.36280059814453,0.06488800048828125,60061.17547449982
610,2460060.6963079,152.493147,69.6898514,1,18.585500717163086,0.10781600326299667,60060.196307899896
611,2460060.6662384,152.4932134,69.6899136,2,18.332399368286133,0.12096100300550461,60060.166238400154
612,2460059.7145255,152.4932003,69.6899133,2,18.207700729370117,0.07942400127649307,60059.21452549985
613,2460059.6758912,152.4931769,69.689882,1,18.348400115966797,0.07776899635791779,60059.17589120008
614,2460058.695463,152.4930989,69.6899136,2,18.14550018310547,0.08060800284147263,60058.195462999865
615,2460058.6874074,152.4930708,69.689892,1,18.468799591064453,0.08702900260686874,60058.18740739999
616,2460057.7167593,152.4931249,69.6898737,1,18.315000534057617,0.06644199788570404,60057.21675929986
617,2460057.6742245,152.4931346,69.6898738,2,18.16510009765625,0.0893850028514862,60057.17422450008
618,2460056.6963889,152.4931571,69.6898546,1,18.541900634765625,0.07900399714708328,60056.196388899814
619,2460056.6771296,152.4932131,69.6899245,2,18.05940055847168,0.06212899833917618,60056.1771296002
620,2460055.793912,152.4931368,69.6898981,1,18.265300750732422,0.07565400004386902,60055.29391200002
621,2460055.7199537,152.4931074,69.6899138,2,18.079700469970703,0.08496200293302536,60055.21995369997
622,2460054.7677778,152.4931084,69.6897791,1,18.51099967956543,0.08970200270414352,60054.267777800094
623,2460053.7402894,152.4932948,69.6899018,2,18.02720069885254,0.06770800054073334,60053.240289399866
624,2460052.7806597,152.4930848,69.6898856,2,17.98550033569336,0.06712599843740463,60052.28065969981
625,2460052.7207523,152.4931653,69.6898561,1,18.490800857543945,0.10040900111198425,60052.22075230023
626,2460051.7574884,152.4931327,69.6898789,2,18.140899658203125,0.07721100002527237,60051.25748840021
627,2460051.7189352,152.4930928,69.6898799,1,18.232099533081055,0.06465300172567368,60051.21893520001
628,2460050.716169,152.4931433,69.6898954,2,17.907400131225586,0.05717800185084343,60050.21616900014
629,2460050.6756829,152.4931617,69.689905,1,18.357200622558594,0.07261499762535095,60050.17568290001
630,2460049.8496065,152.4930926,69.6898784,1,18.181800842285156,0.07172100245952606,60049.34960650001
631,2460046.6997801,152.4931562,69.6898937,1,18.24720001220703,0.07961200177669525,60046.199780100025
632,2460046.6642361,152.4932062,69.6898972,2,17.837400436401367,0.049991000443696976,60046.164236099925
633,2460045.8477315,152.4931346,69.6898946,1,18.090200424194336,0.06255099922418594,60045.34773149993
634,2460045.7789468,152.4931375,69.6898777,2,17.903200149536133,0.060444001108407974,60045.27894680016
635,2460044.6844213,152.4930814,69.6899017,2,17.840299606323242,0.05529699847102165,60044.18442129996
636,2460044.6582639,152.4931064,69.6898648,1,18.207599639892578,0.07683199644088745,60044.15826389985
637,2460043.8612616,152.4930791,69.6898719,2,17.981599807739258,0.06962499767541885,60043.36126160016
638,2460043.8230556,152.4929979,69.6898531,1,18.016000747680664,0.07334599643945694,60043.323055599816
639,2460042.8222106,152.4930827,69.6899213,2,17.922100067138672,0.07297199964523315,60042.322210600134
640,2460042.7644097,152.4930496,69.6898947,1,18.36199951171875,0.17871899902820587,60042.26440969994
641,2460036.8022106,152.4931204,69.689863,1,18.331199645996094,0.07439900189638138,60036.302210600115
642,2460036.7417824,152.4931202,69.6898976,2,18.04210090637207,0.06697099655866623,60036.241782399826
643,2460032.7320602,152.4930968,69.6899136,2,17.998300552368164,0.08499900251626968,60032.23206020007
644,2460032.6661343,152.4930832,69.6899149,1,18.400400161743164,0.08289899677038193,60032.166134300176
645,2460030.9511574,152.4930991,69.6899058,1,18.278099060058594,0.10055399686098099,60030.45115739992
646,2460029.8927894,152.4931407,69.6899107,1,18.54159927368164,0.09073299914598465,60029.39278940018
647,2460021.7791319,152.4931016,69.6898957,1,18.127199172973633,0.06228899955749512,60021.27913190005
648,2460021.735463,152.4931291,69.6898853,2,17.91510009765625,0.06733500212430954,60021.2354629999
649,2460017.8779282,152.4931169,69.6899265,2,17.842599868774414,0.137813001871109,60017.37792820018
650,2460017.8689699,152.4931923,69.6898892,2,18.064800262451172,0.122189000248909,60017.36896990007
651,2460017.7283102,152.4931349,69.6899134,1,18.358999252319336,0.07959800213575363,60017.22831019992
652,2460017.7278009,152.4931006,69.6898754,1,18.149799346923828,0.0725959986448288,60017.22780090012
653,2460013.8099884,152.4928994,69.6897946,1,18.41360092163086,0.1558160036802292,60013.30998839997
654,2460013.8085185,152.4932664,69.6898633,1,18.439199447631836,0.22368000447750092,60013.30851850007
655,2459994.8988426,152.4930542,69.6899034,1,18.211700439453125,0.0648529976606369,59994.398842600174
656,2459994.8123264,152.4931419,69.6899268,2,18.038999557495117,0.09437499940395355,59994.312326400075
657,2459992.7640162,152.4931754,69.6899013,1,18.22920036315918,0.11860799789428711,59992.26401619986
658,2459985.7665972,152.4930856,69.689877,1,18.354000091552734,0.07995499670505524,59985.266597200185
659,2459985.7402778,152.4932489,69.6898884,2,18.058399200439453,0.06832800060510635,59985.24027779978
660,2459983.8936343,152.4933953,69.6900158,2,18.019399642944336,0.08566699922084808,59983.39363430021
661,2459983.6974074,152.4929866,69.6898813,1,18.186800003051758,0.07319200038909912,59983.19740739977
662,2459979.9261806,152.4931674,69.6899475,2,17.948699951171875,0.09851399809122086,59979.42618060019
663,2459979.8013542,152.4931114,69.6898612,1,18.138099670410156,0.07471799850463867,59979.30135420011
664,2459972.933206,152.4931235,69.6898658,1,18.237199783325195,0.08453699946403503,59972.4332059999
667,2459972.8029861,152.4931776,69.689885,2,18.06089973449707,0.055959999561309814,59972.30298609985
668,2459970.7385417,152.4931894,69.6901033,2,18.108999252319336,0.0928020030260086,59970.238541699946
669,2459968.848588,152.4931526,69.6899218,1,18.189300537109375,0.06257099658250809,59968.34858800005
670,2459968.8048958,152.4931394,69.6899088,2,18.035999298095703,0.0696759968996048,59968.30489580007
671,2459965.9077662,152.4930277,69.689899,1,18.317699432373047,0.08025400340557098,59965.40776620014
672,2459965.8703704,152.494176,69.6900121,1,18.252599716186523,0.12246300280094147,59965.37037040014
674,2459957.9482986,152.4931086,69.6898618,1,18.30459976196289,0.0690390020608902,59957.44829860004
675,2459957.9359954,152.493197,69.6898878,2,18.169599533081055,0.08115600049495697,59957.43599539995
676,2459957.9104745,152.4930784,69.6898536,1,18.507600784301758,0.11365599930286407,59957.41047450015
677,2459957.7583912,152.4933414,69.6899127,2,18.235599517822266,0.07503300160169601,59957.2583912001
678,2459953.8448032,152.4933604,69.6899168,2,18.320600509643555,0.16381800174713135,59953.3448032001
679,2459937.9149537,152.4930643,69.6899484,1,18.253799438476562,0.07920999825000763,59937.4149536998
680,2459937.9140046,152.4932417,69.6899086,1,18.38800048828125,0.0778769999742508,59937.41400460014
681,2459937.8466898,152.4929097,69.6899765,2,18.10110092163086,0.09557600319385529,59937.3466897998
683,2459937.7962731,152.4929882,69.6899937,2,18.022899627685547,0.06479799747467041,59937.29627310019
684,2459935.8238426,152.4931064,69.6898628,1,18.343900680541992,0.10527899861335754,59935.32384259999
685,2459935.8223843,152.4930684,69.6898958,1,18.273000717163086,0.07703600078821182,59935.322384300176
687,2459935.7954167,152.4931608,69.689882,2,17.964399337768555,0.059331998229026794,59935.29541670019
688,2459933.9105903,152.49312,69.6899029,2,17.982099533081055,0.08025199919939041,59933.41059029987
689,2459933.9077083,152.4931855,69.6898924,2,18.06279945373535,0.08657000213861465,59933.40770829981
690,2459933.8403472,152.4933982,69.6899941,1,17.828800201416016,0.262937992811203,59933.34034720017
691,2459933.8196528,152.4931481,69.6899182,1,18.312299728393555,0.09524399787187576,59933.31965279998
692,2459932.0177662,152.4932186,69.6898674,2,18.151199340820312,0.08620499819517136,59931.517766200006
693,2459930.9450231,152.4929383,69.6898801,1,18.42650032043457,0.07973600178956985,59930.44502309989
694,2459930.8776389,152.4930778,69.6899518,2,18.062299728393555,0.07371900230646133,59930.37763890019
695,2459929.0296528,152.4930769,69.6898731,1,18.298099517822266,0.06296499818563461,59928.529652799945
696,2459928.9912731,152.4930599,69.68989,2,18.172399520874023,0.09724999964237213,59928.49127310002
697,2459923.9036227,152.493135,69.6899408,1,18.5802001953125,0.08808699995279312,59923.4036226999
698,2459923.8880556,152.4930979,69.6898658,1,18.21940040588379,0.06396999955177307,59923.388055600226
699,2459923.866956,152.4931759,69.6899154,2,18.16710090637207,0.09730599820613861,59923.366956000216
700,2459923.845625,152.4931239,69.689908,2,18.139999389648438,0.09081000089645386,59923.345625000075
701,2459914.929213,152.4931772,69.689895,2,18.291500091552734,0.06421899795532227,59914.429212999996
702,2459910.9872222,152.4930321,69.6898915,1,18.66990089416504,0.0887020006775856,59910.487222199794
703,2459910.9862847,152.4930888,69.6898484,1,18.430500030517578,0.06756400316953659,59910.48628470022
704,2459910.9769444,152.4931443,69.6898963,2,18.205900192260742,0.061427000910043716,59910.4769444
705,2459910.8198032,152.492935,69.6899627,2,18.258399963378906,0.09399600327014923,59910.3198032002
707,2459908.9548843,152.4933009,69.6898802,1,18.64299964904785,0.13091899454593658,59908.45488430001
708,2459908.929456,152.4932108,69.6899056,2,18.170799255371094,0.06734900176525116,59908.429456000216
709,2459908.9269907,152.4932453,69.6898887,2,18.1564998626709,0.07350099831819534,59908.426990699954
711,2459905.8927083,152.4932504,69.6898435,1,18.90060043334961,0.17513099312782288,59905.39270830015
712,2459905.8921991,152.4930362,69.6898984,1,18.514299392700195,0.07706300169229507,59905.392199099995
713,2459905.8722338,152.4931232,69.6899357,2,18.189599990844727,0.10835400223731995,59905.372233800124
714,2459903.997581,152.4931494,69.6900135,2,18.315799713134766,0.09854400157928467,59903.497580999974
715,2459903.9476852,152.4931808,69.6899071,2,18.278499603271484,0.06701000034809113,59903.44768519979
716,2459903.8812269,152.4933195,69.6899174,1,18.494699478149414,0.09574799984693527,59903.381226900034
717,2459903.8690046,152.4930954,69.6899093,1,18.73430061340332,0.09079299867153168,59903.369004600216
718,2459902.0157176,152.4930905,69.6898893,1,18.812999725341797,0.07649800181388855,59901.51571760001
719,2459901.9893403,152.4931352,69.6898789,2,18.242700576782227,0.06346400082111359,59901.489340300206
720,2459901.9699306,152.4931346,69.6898851,1,18.452699661254883,0.0812470018863678,59901.46993059991
721,2459901.9448727,152.4930452,69.6899028,2,18.273799896240234,0.06335099786520004,59901.44487270014
722,2459899.9534606,152.4932302,69.6899533,2,18.457300186157227,0.16708700358867645,59899.45346060023
724,2459899.9271181,152.4931826,69.6899113,1,18.36989974975586,0.14174899458885193,59899.427118100226
726,2459897.972419,152.4929262,69.6899134,1,18.416900634765625,0.12085600197315216,59897.47241900023
727,2459897.9714699,152.4930346,69.6898615,1,18.63719940185547,0.13691000640392303,59897.471469900105
728,2459897.9059491,152.4933411,69.6899068,2,18.239500045776367,0.08323600143194199,59897.40594909992
729,2459897.8494444,152.4935274,69.6898761,2,18.152999877929688,0.0951400026679039,59897.34944440005
730,2459895.9042824,152.4931929,69.6898964,2,18.287700653076172,0.07644300162792206,59895.40428239992
731,2459895.8834722,152.4932277,69.6899058,2,18.329099655151367,0.07862900197505951,59895.38347220002
733,2459889.9957407,152.4931331,69.6898801,1,18.518999099731445,0.08372700214385986,59889.49574070005
734,2459889.9723495,152.4930682,69.6898902,2,18.467100143432617,0.07867699861526489,59889.47234949982
735,2459889.9537616,152.4932964,69.6898884,2,18.382200241088867,0.07991699874401093,59889.45376159996
736,2459889.9126042,152.4932757,69.6898628,1,18.702199935913086,0.1709350049495697,59889.41260420019
737,2459887.9724884,152.4930305,69.6899248,2,18.39229965209961,0.08422700315713882,59887.47248840006
738,2459887.9062847,152.4933416,69.6899164,2,18.587299346923828,0.11583100259304047,59887.40628470015
739,2459887.8928819,152.4932746,69.6898757,1,18.810400009155273,0.18209299445152283,59887.39288190007
740,2459883.0169792,152.4932809,69.6898741,1,18.836200714111328,0.134226992726326,59882.516979199834
741,2459882.9944097,152.493229,69.689929,2,18.356000900268555,0.10910499840974808,59882.494409699924
742,2459880.9752546,152.4933606,69.6899308,2,18.21030044555664,0.08013399690389633,59880.475254599936
743,2459880.9743171,152.4933889,69.6899486,2,18.27359962463379,0.08816300332546234,59880.4743170999
744,2459878.9942477,152.4931492,69.689905,2,18.28529930114746,0.07356099784374237,59878.49424770009
745,2459878.9784259,152.493101,69.6898889,2,18.157800674438477,0.0749099999666214,59878.478425899986
746,2459878.9511806,152.4931577,69.6898986,1,18.49250030517578,0.08127900213003159,59878.451180600096
747,2459878.9118519,152.4931329,69.6898958,1,18.771400451660156,0.1010579988360405,59878.411851900164
748,2459875.0095139,152.4930796,69.6898637,2,18.149799346923828,0.063230000436306,59874.50951390015
749,2459874.9484259,152.4931806,69.6899097,1,18.758699417114258,0.0752900019288063,59874.44842590019
751,2459872.9740394,152.4931349,69.6898679,1,18.364599227905273,0.08343999832868576,59872.4740394
752,2459871.9919907,152.4929,69.689873,1,18.71619987487793,0.14303800463676453,59871.4919906999
753,2459871.9283681,152.4936888,69.689869,2,18.180500030517578,0.09743300080299377,59871.428368099965
754,2459869.9973148,152.4931751,69.6898705,2,18.193500518798828,0.07825399935245514,59869.49731480004
755,2459869.9784722,152.4931434,69.6898858,1,18.440099716186523,0.1159060001373291,59869.47847220022
757,2459867.9658333,152.4931209,69.6898746,1,18.614500045776367,0.12569700181484222,59867.46583329979
758,2459865.9915046,152.4931636,69.6899053,2,18.163999557495117,0.07608199864625931,59865.491504599806
759,2459865.9701968,152.4931027,69.6898645,1,18.860200881958008,0.12633700668811798,59865.47019679984
760,2459862.995625,152.4931719,69.6898716,2,18.261899948120117,0.09829600155353546,59862.49562499998
761,2459860.9666782,152.4931082,69.689852,1,18.788000106811523,0.12535400688648224,59860.466678199824
762,2459860.9500926,152.4933212,69.6899303,2,18.267499923706055,0.06694599986076355,59860.45009260019
763,2459858.99,152.493189,69.6898686,2,18.31369972229004,0.07755400240421295,59858.49000000022
764,2459858.9757639,152.4932092,69.6898846,1,18.7455997467041,0.11196599900722504,59858.475763900205
765,2459856.9658796,152.4931734,69.6899246,2,18.24720001220703,0.056676000356674194,59856.46587960003
766,2459738.741088,152.493225,69.6899358,2,18.929590225219727,0.0927639976143837,59738.241088000126
768,2459733.7352315,152.4929062,69.6899971,2,18.976999282836914,0.1712770015001297,59733.23523150012
769,2459731.7877778,152.49342,69.689839,2,19.162500381469727,0.19684599339962006,59731.28777780011
770,2459731.7198495,152.4931197,69.6898987,1,19.178600311279297,0.10186400264501572,59731.219849499874
771,2459726.8053125,152.4929717,69.6899503,1,19.115800857543945,0.11117500066757202,59726.30531249987
772,2459726.700544,152.4934226,69.6898947,2,19.01689910888672,0.10881300270557404,59726.20054400014
773,2459724.8269444,152.4932583,69.6899344,1,19.327800750732422,0.15231800079345703,59724.32694440009
775,2459722.7870023,152.4931673,69.6899195,1,19.179500579833984,0.1458369940519333,59722.28700229991
776,2459722.7870023,152.4931673,69.6899195,1,19.179500579833984,0.1458369940519333,59722.28700229991
777,2459719.7431944,152.4930117,69.6900323,2,19.038700103759766,0.120169997215271,59719.24319439987
778,2459719.6866782,152.4933221,69.6898391,2,19.014999389648438,0.1218390017747879,59719.18667820003
779,2459718.7962963,152.4931349,69.6899117,2,18.777700424194336,0.11673600226640701,59718.2962962999
780,2459718.7028472,152.4931453,69.689937,2,18.99220085144043,0.1735759973526001,59718.20284719998
781,2459715.7650694,152.4930063,69.6898136,1,19.148500442504883,0.1639920026063919,59715.26506939996
783,2459715.7056713,152.4931689,69.6898772,2,18.88249969482422,0.0999469980597496,59715.20567130018
786,2459713.6853819,152.4931372,69.6898834,1,19.167999267578125,0.13942700624465942,59713.18538190005
788,2459711.7676389,152.4931396,69.6899228,2,18.84160041809082,0.13821400701999664,59711.26763889985
789,2459711.7666782,152.4931019,69.6899918,2,18.973899841308594,0.17196999490261078,59711.2666782001
790,2459711.6835417,152.4931375,69.6898726,1,19.341299057006836,0.18028999865055084,59711.18354169978
792,2459709.7682176,152.4931001,69.6899495,2,19.136699676513672,0.14807699620723724,59709.26821759995
793,2459709.7663079,152.4930688,69.6898686,2,18.909400939941406,0.1389160007238388,59709.266307900194
794,2459709.6840162,152.492993,69.6899647,2,18.992300033569336,0.14965100586414337,59709.18401619978
795,2459709.67875,152.4931827,69.6899401,2,19.095699310302734,0.12340100109577179,59709.17874999996
796,2459707.7158565,152.4932605,69.6899459,2,18.935699462890625,0.11116400361061096,59707.21585649997
797,2459707.6929514,152.4931163,69.689912,2,19.031099319458008,0.13917799293994904,59707.19295139983
798,2459707.6794907,152.493344,69.6898534,2,19.130199432373047,0.13889500498771667,59707.1794906999
799,2459707.6775926,152.4933437,69.6900118,2,18.956199645996094,0.10631400346755981,59707.17759260023
800,2459701.8669676,152.4930571,69.689902,1,19.055599212646484,0.16745099425315857,59701.36696759984
802,2459701.8025926,152.4933257,69.6899275,1,19.247100830078125,0.14428099989891052,59701.30259260023
803,2459699.8857639,152.4930572,69.689875,1,19.406400680541992,0.15889500081539154,59699.38576389989
804,2459699.7791898,152.4932035,69.6899818,2,19.206899642944336,0.1416880041360855,59699.27918979991
806,2459699.671875,152.4932354,69.6900107,2,19.22089958190918,0.20648400485515594,59699.171875
812,2459695.7410764,152.4932215,69.6898391,2,19.206199645996094,0.14184600114822388,59695.24107640004
814,2459694.6825347,152.4932629,69.6899641,2,19.027099609375,0.12637700140476227,59694.182534699794
815,2459693.7847685,152.4932931,69.6898815,2,19.05419921875,0.13261300325393677,59693.2847684999
816,2459693.7368634,152.4933374,69.6899037,1,19.379199981689453,0.14007799327373505,59693.236863399856
817,2459690.830625,152.4931629,69.6899009,2,19.042600631713867,0.14014999568462372,59690.330624999944
819,2459689.8044907,152.4924794,69.6899108,1,19.45949935913086,0.30724799633026123,59689.3044906999
820,2459688.8424537,152.4931372,69.6898857,2,18.78700065612793,0.11378300189971924,59688.342453700025
822,2459687.861412,152.4932292,69.6899643,2,18.6968994140625,0.10313300043344498,59687.36141199991
824,2459685.7254051,152.4932091,69.6899313,2,18.819299697875977,0.10171400010585785,59685.2254050998
825,2459684.8462384,152.4931719,69.689947,2,18.949100494384766,0.11125700175762177,59684.346238399856
826,2459684.76125,152.493116,69.689993,1,19.32699966430664,0.23129700124263763,59684.26124999998
827,2459683.8628125,152.4931862,69.6898635,2,18.785200119018555,0.11961700022220612,59683.36281249998
829,2459680.8419792,152.4933149,69.6898717,2,18.825599670410156,0.13491499423980713,59680.34197920002
830,2459680.7240509,152.4935076,69.6899796,2,18.50469970703125,0.10293100029230118,59680.22405089997
831,2459678.8283333,152.4932055,69.6899184,1,18.980899810791016,0.10034000128507614,59678.32833330007
832,2459678.8053356,152.4930666,69.6898222,1,19.50659942626953,0.14989900588989258,59678.30533559993
833,2459678.7442824,152.4933174,69.6898855,2,18.82710075378418,0.1109749972820282,59678.24428239977
834,2459678.7433218,152.4930158,69.689889,2,18.792999267578125,0.12288700044155121,59678.24332180014
835,2459676.8723843,152.4935546,69.6899364,2,18.762800216674805,0.15833400189876556,59676.37238429999
836,2459676.871875,152.4935529,69.6898717,2,18.507699966430664,0.1404239982366562,59676.371875000186
837,2459676.8247801,152.4933285,69.6898809,1,19.87649917602539,0.26558399200439453,59676.324780100025
838,2459676.8025926,152.4932238,69.6899759,1,19.258899688720703,0.14440999925136566,59676.30259260023
839,2459674.9553356,152.492986,69.6900211,2,18.772899627685547,0.12970300018787384,59674.455335599836
840,2459674.9130787,152.4932255,69.6899266,1,18.97439956665039,0.10681000351905823,59674.41307870019
841,2459674.9116204,152.4931705,69.6898707,1,19.453899383544922,0.15021400153636932,59674.411620399915
842,2459674.8274074,152.4931997,69.6899206,2,18.659900665283203,0.07878399640321732,59674.327407400124
843,2459671.9384375,152.4932855,69.6899193,1,19.220199584960938,0.13132700324058533,59671.43843750004
844,2459671.9384375,152.493257,69.6899132,1,19.03580093383789,0.11552499979734421,59671.43843750004
845,2459671.9262731,152.4932438,69.689813,1,19.5802001953125,0.1442680060863495,59671.42627310008
847,2459671.8625116,152.4931712,69.6900199,2,19.175600051879883,0.17149199545383453,59671.3625115999
848,2459671.8625116,152.4931708,69.6899849,2,18.872800827026367,0.1352590024471283,59671.3625115999
849,2459671.8462616,152.4932934,69.6898997,2,18.65559959411621,0.10444600135087967,59671.34626160003
850,2459671.8462616,152.4932975,69.6898958,2,18.66200065612793,0.10245099663734436,59671.34626160003
851,2459641.7738889,152.4931676,69.6898672,2,18.37302017211914,0.06456899642944336,59641.273888899945
852,2459641.7434838,152.4930982,69.6899295,2,18.42959976196289,0.08105699717998505,59641.243483799975
853,2459638.9735995,152.4931451,69.6899372,2,18.64310073852539,0.08964599668979645,59638.47359950002
854,2459638.9111806,152.4933434,69.689864,1,19.1742000579834,0.13309599459171295,59638.41118060006
855,2459638.9082523,152.4931326,69.6898519,1,18.771299362182617,0.10888300091028214,59638.40825230023
856,2459638.8907176,152.4930826,69.6899527,2,18.42889976501465,0.10230600088834763,59638.39071760001
857,2459636.904919,152.49316,69.6898464,2,18.560199737548828,0.07947299629449844,59636.40491899988
858,2459636.8455556,152.4931556,69.6899007,2,18.443500518798828,0.0955910012125969,59636.34555559978
859,2459636.7404514,152.493294,69.6898886,1,19.303199768066406,0.12496200203895569,59636.24045140017
860,2459636.7186458,152.4931279,69.6898883,1,18.78689956665039,0.10516999661922455,59636.218645799905
862,2459629.8504514,152.4931289,69.6899499,2,18.555999755859375,0.128260999917984,59629.35045140004
863,2459629.8494097,152.493288,69.6899509,2,18.614200592041016,0.07847599685192108,59629.349409699906
866,2459627.8724306,152.4933902,69.6898734,2,18.56170082092285,0.11609099805355072,59627.372430600226
867,2459627.8704282,152.4931557,69.6898754,2,18.584800720214844,0.10890600085258484,59627.37042819988
868,2459624.8914931,152.4930161,69.6898826,2,18.454700469970703,0.08433499932289124,59624.39149310021
869,2459624.8643403,152.4932075,69.6898508,2,18.475400924682617,0.09629599750041962,59624.364340300206
870,2459624.7677315,152.4930982,69.689867,1,18.797399520874023,0.0975160002708435,59624.26773149986
871,2459624.7379977,152.4929658,69.6898518,1,19.173799514770508,0.1560720056295395,59624.237997699995
872,2459622.8843287,152.4933063,69.6899264,1,18.70599937438965,0.126119002699852,59622.38432870014
873,2459622.883287,152.4921907,69.6899824,1,19.312000274658203,0.1917099952697754,59622.383287000004
875,2459622.8710764,152.4932824,69.6898311,2,18.50349998474121,0.08000300079584122,59622.371076399926
876,2459622.8294444,152.4929594,69.6899093,2,18.433799743652344,0.12717199325561523,59622.329444400035
877,2459550.9504167,152.4931787,69.6899066,1,18.9227294921875,0.0997449979186058,59550.45041669998
878,2459550.8442477,152.4932499,69.6898662,2,18.395999908447266,0.08762799948453903,59550.34424770018
879,2459550.8437384,152.4933385,69.6899089,2,18.353099822998047,0.07843700051307678,59550.34373839991
880,2459550.8018634,152.4933879,69.6898855,1,19.524200439453125,0.22923700511455536,59550.3018633998
881,2459538.8871875,152.4930224,69.6898875,1,18.604400634765625,0.10908500105142593,59538.38718750002
882,2459538.8650926,152.4930552,69.6899294,1,18.842100143432617,0.18513399362564087,59538.36509260023
883,2459537.0130324,152.4930373,69.6899053,2,18.231800079345703,0.07985600084066391,59536.51303240005
884,2459536.9148958,152.4930465,69.6899436,1,18.659099578857422,0.15166300535202026,59536.41489579994
885,2459533.0135995,152.4931987,69.6899041,1,18.47599983215332,0.052646998316049576,59532.51359950006
886,2459532.9315856,152.4932058,69.6898954,2,18.18709945678711,0.08185800164937973,59532.431585600134
887,2459531.9077778,152.4931037,69.6898784,2,18.268299102783203,0.07839000225067139,59531.407777800225
888,2459531.888831,152.4931118,69.6899068,1,18.771099090576172,0.08756399899721146,59531.388830999844
889,2459530.9511111,152.4934146,69.6899376,2,18.218000411987305,0.08192399889230728,59530.45111110015
890,2459530.9128704,152.4930179,69.6897829,1,18.507099151611328,0.15609200298786163,59530.41287040012
891,2459529.8872106,152.4933215,69.6898608,1,18.742000579833984,0.12951399385929108,59529.38721060008
892,2459529.8670139,152.4934067,69.6899122,2,18.30929946899414,0.09234900027513504,59529.367013900075
893,2459529.0206481,152.4931987,69.6898678,1,18.446800231933594,0.06937000155448914,59528.52064809995
894,2459527.0141088,152.4931908,69.689918,2,18.153200149536133,0.07841300219297409,59526.51410879986
895,2459527.0131713,152.493152,69.6899095,2,18.228500366210938,0.06523100286722183,59526.513171299826
896,2459526.9718171,152.493123,69.6898612,1,18.90679931640625,0.07872100174427032,59526.471817099955
897,2459525.035081,152.4932212,69.6899075,1,18.536300659179688,0.09226600080728531,59524.53508100007
898,2459525.0144792,152.4931611,69.6898271,1,18.940000534057617,0.0827459990978241,59524.51447919989
899,2459524.9560417,152.4931822,69.6898744,2,18.257099151611328,0.08091100305318832,59524.45604170021
900,2459524.9536343,152.4930988,69.6898623,2,18.2189998626709,0.06614799797534943,59524.4536342998
901,2459522.9920833,152.4930674,69.689876,2,18.274700164794922,0.060802001506090164,59522.492083299905
902,2459522.9671412,152.4931983,69.6898632,2,18.290700912475586,0.05702200159430504,59522.46714119986
903,2459522.9512384,152.493095,69.6898605,1,18.873600006103516,0.0879179984331131,59522.45123839984
904,2459522.9497685,152.4931602,69.6898853,1,18.52280044555664,0.08496099710464478,59522.44976849994
905,2459520.9790278,152.4934319,69.6898825,2,18.108400344848633,0.19113199412822723,59520.479027799796
907,2459518.9945486,152.4931194,69.6898863,2,18.23780059814453,0.06097299978137016,59518.49454860017
908,2459518.954375,152.4931159,69.6898737,1,18.86199951171875,0.08996099978685379,59518.454375000205
909,2459513.0159606,152.493257,69.689896,2,18.314899444580078,0.09309600293636322,59512.51596060023
910,2459511.9101157,152.4931211,69.6898907,2,18.241500854492188,0.0849900022149086,59511.410115700215
911,2459509.970625,152.4931607,69.6898893,2,18.155500411987305,0.07857099920511246,59509.470625000075
912,2459509.9074769,152.4933361,69.6898763,1,18.722900390625,0.15496200323104858,59509.407476900145
913,2459505.0131134,152.4930684,69.6898687,1,18.457799911499023,0.07214800268411636,59504.51311339997
914,2459504.9742477,152.4931477,69.6898446,2,18.265300750732422,0.05603000149130821,59504.47424770007
915,2459503.9876389,152.4936638,69.6899294,1,18.708200454711914,0.11852200329303741,59503.48763890006
916,2459503.9319792,152.4934696,69.6898619,2,18.26930046081543,0.08554700016975403,59503.43197919987
917,2459500.9942361,152.4931316,69.6899165,2,18.223600387573242,0.06779100000858307,59500.4942361
918,2459500.9520718,152.493393,69.6898077,1,18.684799194335938,0.11470799893140793,59500.4520717999
919,2459496.9937384,152.4935422,69.6898116,1,18.907699584960938,0.22623300552368164,59496.49373839982
920,2459496.9519213,152.4932813,69.689835,2,18.324499130249023,0.06734199821949005,59496.45192130003
921,2459487.9972685,152.4932069,69.6898875,2,18.158199310302734,0.07417099922895432,59487.49726849981
922,2459487.9718981,152.4935755,69.6898531,1,18.590299606323242,0.18833200633525848,59487.47189809987
923,2459375.7667593,152.4930777,69.689886,1,19.010719299316406,0.11862500011920929,59375.26675930014
924,2459375.7227431,152.4930242,69.6899499,2,18.850500106811523,0.09355899691581726,59375.22274310002
925,2459373.7680324,152.4929244,69.6898446,1,19.227500915527344,0.13766400516033173,59373.26803239994
926,2459369.7442361,152.4932082,69.6898499,1,18.970699310302734,0.09949500113725662,59369.2442361
927,2459369.6995833,152.4930239,69.6898906,2,18.812700271606445,0.11129800230264664,59369.199583299924
928,2459367.7830671,152.4932129,69.6898216,1,18.994600296020508,0.142767995595932,59367.283067100216
929,2459367.7015856,152.4932087,69.6898949,2,18.76849937438965,0.11574199795722961,59367.20158560015
930,2459365.79125,152.4929495,69.6900097,1,19.234399795532227,0.15053300559520721,59365.29124999978
932,2459363.7205787,152.4930583,69.6898817,1,19.287200927734375,0.0968099981546402,59363.22057869984
935,2459361.7216782,152.4931434,69.6899712,2,18.80389976501465,0.13049699366092682,59361.22167820018
936,2459361.7197917,152.492933,69.689916,2,18.932199478149414,0.13908900320529938,59361.21979170013
937,2459358.7843981,152.4927071,69.6898802,2,19.206499099731445,0.16525599360466003,59358.28439809987
940,2459358.7646528,152.4926402,69.6899034,1,19.232099533081055,0.2623960077762604,59358.264652799815
941,2459355.7812963,152.4931354,69.6898113,1,19.403600692749023,0.19461500644683838,59355.28129629977
978,2459334.6835417,152.4926533,69.6898717,1,20.538000106811523,0.3049040138721466,59334.18354169978
979,2459314.7801042,152.4932729,69.6898058,2,19.548870086669922,0.18032300472259521,59314.28010419989
980,2459314.763831,152.4932901,69.6898892,2,19.303600311279297,0.09712299704551697,59314.263830999844
981,2459314.7429514,152.4931868,69.6898857,1,19.99650001525879,0.21095700562000275,59314.24295140011
983,2459312.7831597,152.4931968,69.6898888,2,19.07040023803711,0.11647800356149673,59312.28315970022
984,2459312.7808102,152.4932864,69.6899248,2,19.15369987487793,0.13665400445461273,59312.28081020014
985,2459312.7414468,152.4930463,69.6899199,1,19.561899185180664,0.19568300247192383,59312.241446800064
990,2459310.7382292,152.4931659,69.6898293,1,19.592599868774414,0.1392430067062378,59310.23822919978
991,2459308.8457292,152.4929867,69.6899199,1,19.672500610351562,0.12731300294399261,59308.34572920017
993,2459308.7843056,152.4932579,69.6898787,2,19.097200393676758,0.12477199733257294,59308.284305599984
994,2459308.7231366,152.4931253,69.6900191,2,18.973600387573242,0.09616000205278397,59308.22313660011
996,2459306.7985069,152.4931155,69.6898999,1,19.58289909362793,0.13337400555610657,59306.2985069002
997,2459306.7571065,152.4932944,69.6897991,2,19.29599952697754,0.09800899773836136,59306.25710650021
998,2459306.756169,152.4930051,69.6898683,2,18.932100296020508,0.06427200138568878,59306.256169000175
999,2459304.7250694,152.4927911,69.6899967,1,19.741199493408203,0.23077699542045593,59304.22506939992
1001,2459304.6554977,152.4935026,69.6900104,2,18.853599548339844,0.12335500121116638,59304.155497699976
1002,2459304.6549769,152.4936666,69.6899505,2,18.921499252319336,0.1689160019159317,59304.1549769002
1004,2459302.7252315,152.4931206,69.6899011,2,19.124799728393555,0.14058999717235565,59302.22523149988
1010,2459297.7653588,152.4931251,69.6899864,2,19.246000289916992,0.1925790011882782,59297.26535880007
1012,2459296.8438079,152.4932482,69.6899181,2,19.092899322509766,0.15848800539970398,59296.34380789986
1014,2459295.7538194,152.4928732,69.6898333,1,19.52750015258789,0.14510799944400787,59295.25381939998
1015,2459293.7848958,152.4932821,69.689861,1,20.072200775146484,0.20704099535942078,59293.284895800054
1016,2459293.7249421,152.4933707,69.689915,2,18.83639907836914,0.10824199765920639,59293.22494209977
1017,2459292.8449306,152.4931566,69.6899277,2,19.04800033569336,0.11231400072574615,59292.34493059991
1018,2459292.7840625,152.4934118,69.6898402,1,19.451099395751953,0.1540209949016571,59292.28406250011
1019,2459291.7483681,152.4932357,69.6899176,2,19.009000778198242,0.10550300031900406,59291.2483680998
1020,2459290.8454051,152.4931812,69.6899241,2,19.065000534057617,0.09544499963521957,59290.34540509991
1021,2459290.8195023,152.4931049,69.6898954,1,19.312599182128906,0.13386699557304382,59290.31950230012
1023,2459281.7158333,152.4933699,69.689974,2,19.432100296020508,0.1632460057735443,59281.21583329979
1024,2459280.777419,152.4932497,69.6899301,2,19.5216007232666,0.20137999951839447,59280.27741899993
1025,2459280.777419,152.4932497,69.6899301,2,19.5216007232666,0.20137999951839447,59280.27741899993
1028,2459276.8483102,152.4931591,69.6900036,2,19.25670051574707,0.15756100416183472,59276.34831020003
1029,2459276.7383681,152.493091,69.6899111,1,19.64590072631836,0.16512300074100494,59276.23836810002
1030,2459275.7896644,152.4933011,69.6899349,2,19.080299377441406,0.1264750063419342,59275.28966439981
1033,2459273.7773843,152.4933543,69.6899069,2,18.78030014038086,0.18203699588775635,59273.277384299785
1038,2459271.7747338,152.4933217,69.6899805,2,18.98189926147461,0.14248600602149963,59271.274733799975
1039,2459270.8800231,152.4932214,69.6899142,1,19.530000686645508,0.2506459951400757,59270.38002309995
1040,2459270.8186458,152.4933947,69.6899398,2,18.723100662231445,0.11100199818611145,59270.3186458
1043,2459268.8449653,152.4932342,69.6899043,2,19.061800003051758,0.09256900101900101,59268.34496530006
1044,2459268.7170023,152.4929847,69.6898942,1,19.32029914855957,0.15068000555038452,59268.21700230008
1048,2459266.8109028,152.4930978,69.6898487,1,19.709299087524414,0.22862300276756287,59266.310902799945
1052,2459264.8026968,152.4931243,69.6899245,2,19.41010093688965,0.17936600744724274,59264.30269679986
1067,2459254.7812269,152.4926499,69.689878,1,20.263099670410156,0.2073429971933365,59254.28122689994
1072,2459252.89375,152.4929017,69.6899055,1,19.762699127197266,0.1321060061454773,59252.393749999814
1081,2459250.8089815,152.4926624,69.6898485,1,19.570999145507812,0.1553950011730194,59250.3089815001
1088,2459248.7627778,152.4927753,69.6898737,1,19.398000717163086,0.13145600259304047,59248.262777800206
1089,2459231.8658565,152.4929028,69.6897481,2,19.922100067138672,0.1876399964094162,59231.36585649988
1090,2459228.8973032,152.4929297,69.6899053,1,19.675600051879883,0.15229900181293488,59228.39730319986
1091,2459226.9546875,152.4932577,69.6898766,1,20.056699752807617,0.16516700387001038,59226.45468749991
1092,2459225.9494676,152.4927573,69.6897229,1,19.315099716186523,0.20023299753665924,59225.44946759986
1097,2459223.8906829,152.4927689,69.6898072,1,19.34149932861328,0.13145600259304047,59223.39068289986
1101,2459221.8955093,152.4928765,69.689899,1,19.832700729370117,0.1763090044260025,59221.39550929982
1117,2459204.949213,152.4928273,69.6898497,1,19.56369972229004,0.12178300321102142,59204.449213000014
1123,2459202.9931134,152.4927752,69.6898132,1,19.586000442504883,0.17498299479484558,59202.49311339995
1125,2459200.0358912,152.4928913,69.6897871,1,19.731199264526367,0.15351000428199768,59199.53589119995
1130,2459196.9459838,152.4925934,69.6897505,1,19.497100830078125,0.18891100585460663,59196.445983800106
1131,2459194.9548958,152.4928077,69.6898143,1,19.494600296020508,0.13148799538612366,59194.45489579998
1153,2459179.9899884,152.4924168,69.689755,1,19.986600875854492,0.19614000618457794,59179.489988400135
1157,2459177.0096991,152.4926026,69.6897998,1,19.508699417114258,0.1495950073003769,59176.50969910016
1163,2459170.9581019,152.492957,69.6897708,1,20.262399673461914,0.27178800106048584,59170.45810189983
1166,2459168.0255671,152.4927674,69.6898233,1,19.34589958190918,0.13841299712657928,59167.52556709992
1168,2459166.0117361,152.493057,69.6898543,1,20.132099151611328,0.20869000256061554,59165.511736100074
1170,2459165.8904745,152.4930209,69.6898773,1,19.175100326538086,0.1345919966697693,59165.390474500135
1171,2459160.016169,152.4928696,69.6898589,1,19.235599517822266,0.13346000015735626,59159.51616899995
1196,2459143.9304514,152.4927363,69.6898651,1,19.611400604248047,0.1615159958600998,59143.43045140011
1210,2459128.9938542,152.4933146,69.6898357,2,19.301300048828125,0.15148699283599854,59128.4938542
1211,2459127.0148958,152.4930065,69.6898978,2,19.052200317382812,0.10237400233745575,59126.514895800035
1215,2459037.716331,152.4929968,69.689799,1,18.327899932861328,0.13707900047302246,59037.216330999974
1216,2459032.7209722,152.4931471,69.689904,2,18.09280014038086,0.06996099650859833,59032.220972199924
1217,2459032.7031829,152.4929931,69.6898634,1,18.330799102783203,0.09424299746751785,59032.20318289986
1218,2459029.7448495,152.493202,69.6899508,1,18.32349967956543,0.10119099915027618,59029.24484949978
1219,2459029.7268403,152.4930754,69.6899312,2,18.12980079650879,0.12393499910831451,59029.22684030002
1220,2459027.702419,152.4931539,69.6898447,1,18.499099731445312,0.10677500069141388,59027.20241900021
1221,2459027.6787616,152.4930161,69.6898772,2,18.05120086669922,0.062950000166893,59027.17876160005
1222,2459026.7228704,152.493108,69.6898514,1,18.826000213623047,0.11254499852657318,59026.222870400175
1223,2459026.7010069,152.4930681,69.6898835,2,18.237300872802734,0.09009999781847,59026.20100690005
1224,2459023.7214468,152.4932033,69.6898564,1,18.366500854492188,0.08761399984359741,59023.221446800046
1225,2459023.6864236,152.4930919,69.6898646,2,18.125600814819336,0.08393300324678421,59023.186423600186
1226,2459020.7415509,152.4930745,69.6899055,2,18.12619972229004,0.0911870002746582,59020.24155090004
1227,2459020.7062269,152.4928324,69.6898445,1,18.503400802612305,0.08133099973201752,59020.20622690022
1228,2459017.7436921,152.493153,69.6898681,2,18.172100067138672,0.07109300047159195,59017.24369210005
1229,2459017.7230324,152.4931515,69.6898677,1,18.34160041809082,0.07104600220918655,59017.22303240001
1230,2459014.7254398,152.4931064,69.6899364,2,18.098400115966797,0.07000800222158432,59014.22543979995
1231,2459014.7078472,152.4931748,69.689885,1,18.308700561523438,0.07030200213193893,59014.20784719987
1232,2459011.7448958,152.4931298,69.6898797,2,18.299699783325195,0.08343800157308578,59011.24489580002
1233,2459011.7443866,152.4931654,69.6899081,2,18.126399993896484,0.06571400165557861,59011.244386599865
1234,2459005.7568171,152.4930743,69.689882,2,18.13450050354004,0.08465500175952911,59005.256817100104
1235,2459005.6796296,152.4929699,69.6898795,1,18.571399688720703,0.1463879942893982,59005.17962960014
1236,2459005.6782176,152.4929906,69.6899109,1,18.67690086364746,0.15194199979305267,59005.1782176001
1237,2459001.6812037,152.4930451,69.689843,1,18.541000366210938,0.07198599725961685,59001.18120370014
1238,2458999.7193519,152.4929685,69.6898346,1,19.00119972229004,0.2285650074481964,58999.21935189981
1239,2458999.6852431,152.4930725,69.689829,2,18.357200622558594,0.09294699877500534,58999.18524309993
1241,2458998.7035995,152.4931087,69.6898279,1,18.5757999420166,0.08476299792528152,58998.203599500004
1242,2458996.7384028,152.4930981,69.689914,2,18.271900177001953,0.064069002866745,58996.23840280017
1243,2458996.6830208,152.4931842,69.6898168,1,18.931900024414062,0.09146799892187119,58996.18302079989
1244,2458995.7166898,152.4932077,69.6898941,2,18.516799926757812,0.10703399777412415,58995.21668979991
1245,2458995.7085764,152.4931451,69.6898784,1,18.6205997467041,0.09078600257635117,58995.20857639983
1246,2458993.781956,152.4931414,69.6898258,2,18.462600708007812,0.0806099995970726,58993.28195599979
1247,2458993.7417477,152.493326,69.6898555,1,18.922800064086914,0.13486799597740173,58993.24174770014
1248,2458992.7396181,152.4931258,69.6899113,2,18.354999542236328,0.0568850003182888,58992.239618100226
1249,2458992.704213,152.4931019,69.6898734,1,18.61210060119629,0.10990600287914276,58992.2042129999
1250,2458986.7675347,152.4932046,69.6898939,2,18.438199996948242,0.08194400370121002,58986.26753470022
1251,2458986.7665856,152.4930416,69.6898718,2,18.51580047607422,0.07877799868583679,58986.2665856001
1252,2458986.7028935,152.4931962,69.689859,1,19.136600494384766,0.13090099394321442,58986.202893500216
1253,2458986.6793403,152.4930641,69.689835,1,18.757299423217773,0.07246299833059311,58986.17934030015
1254,2458981.761412,152.4931538,69.6899868,2,18.331899642944336,0.10737500339746475,58981.26141199982
1255,2458981.7369444,152.493119,69.6898564,2,18.231599807739258,0.06968899816274643,58981.236944399774
1256,2458981.6838889,152.4931256,69.6898332,1,18.908700942993164,0.10063000023365021,58981.183888900094
1257,2458981.6820023,152.4931475,69.6898552,1,18.547399520874023,0.08754699677228928,58981.18200229993
1258,2458978.7624537,152.4930577,69.6898544,2,18.04599952697754,0.05906999856233597,58978.26245369995
1259,2458978.7600579,152.4931251,69.6898793,2,18.148099899291992,0.07463999837636948,58978.2600579001
1260,2458978.7050347,152.4931266,69.6898654,1,18.63360023498535,0.09995699673891068,58978.20503470022
1261,2458978.673287,152.4931216,69.6898582,1,18.422800064086914,0.06720100343227386,58978.17328700004
1262,2458975.737338,152.4930886,69.6898566,1,18.4281005859375,0.0865510031580925,58975.23733799998
1263,2458975.7354514,152.4930799,69.6898248,1,18.697900772094727,0.12376800179481506,58975.235451399814
1264,2458975.6788426,152.492994,69.6898368,2,18.127099990844727,0.10022000223398209,58975.17884259997
1265,2458975.6588542,152.4930955,69.6899333,2,18.107900619506836,0.0674310028553009,58975.15885420004
1266,2458972.7242708,152.4932103,69.6898507,1,18.52389907836914,0.08891700208187103,58972.22427080013
1267,2458972.7233218,152.4931063,69.6898633,1,18.276500701904297,0.07519800215959549,58972.22332180012
1268,2458972.7002315,152.493194,69.6898608,2,18.021799087524414,0.07583499699831009,58972.20023149997
1269,2458972.6825347,152.4930496,69.6898638,2,17.957500457763672,0.06479199975728989,58972.182534699794
1270,2458969.7222338,152.4930102,69.6899142,1,18.386499404907227,0.20166300237178802,58969.22223380022
1272,2458969.6847222,152.4931228,69.689817,2,18.012100219726562,0.06583800166845322,58969.184722200036
1273,2458969.6809606,152.493109,69.6898859,2,17.921199798583984,0.0956910029053688,58969.1809605998
1274,2458966.7590856,152.4931478,69.6898189,1,18.48710060119629,0.09443599730730057,58966.2590855998
1275,2458966.7441782,152.4931027,69.6898521,1,18.24139976501465,0.06961700320243835,58966.24417820014
1276,2458966.7023958,152.4930923,69.6898872,2,17.96430015563965,0.09433899819850922,58966.202395800035
1277,2458966.6795255,152.493018,69.689903,2,17.92140007019043,0.06881099939346313,58966.17952550016
1278,2458963.7598495,152.4930977,69.6898748,1,18.299999237060547,0.07073099911212921,58963.25984949991
1279,2458963.7413773,152.4930279,69.6898736,1,18.12030029296875,0.05871500074863434,58963.24137730012
1280,2458963.716169,152.4931083,69.6898671,1,18.137300491333008,0.06625299900770187,58963.21616900014
1281,2458963.700463,152.4930833,69.6898529,1,18.36709976196289,0.06703700125217438,58963.20046300022
1282,2458955.7415162,152.4931065,69.6898874,2,17.952199935913086,0.0623680017888546,58955.241516199894
1283,2458955.7240972,152.4930664,69.6898876,2,17.87809944152832,0.07490800321102142,58955.224097200204
1284,2458944.6751736,152.4930269,69.6898748,2,17.78730010986328,0.06004299968481064,58944.175173600204
1285,2458944.6733218,152.4930858,69.6898804,2,17.83970069885254,0.05294699966907501,58944.17332179984
1286,2458940.8441898,152.4929601,69.6898191,1,17.7455997467041,0.1642410010099411,58940.34418979986
1288,2458940.7245139,152.4930616,69.6898788,2,17.73080062866211,0.07173000276088715,58940.2245139
1289,2458940.6812153,152.4931503,69.6898559,1,18.24839973449707,0.06450799852609634,58940.181215300225
1290,2458915.8654398,152.493109,69.689858,2,18.08880043029785,0.08573699742555618,58915.36543980008
1291,2458915.7234491,152.4930316,69.6898813,1,18.338499069213867,0.10374999791383743,58915.22344909981
1292,2458915.720625,152.4930629,69.6898934,1,18.616600036621094,0.11767400056123734,58915.220625000075
1293,2458915.6603588,152.493034,69.6898724,2,18.06839942932129,0.07703399658203125,58915.16035880009
1294,2458912.907338,152.4931198,69.6899291,2,18.040700912475586,0.07102999836206436,58912.4073379999
1295,2458912.7817245,152.4929913,69.6898678,1,18.310800552368164,0.07818000018596649,58912.281724500004
1296,2458912.7382755,152.4930423,69.6898577,1,18.512500762939453,0.09790100157260895,58912.238275500014
1297,2458912.7217824,152.4931761,69.6898739,2,18.058900833129883,0.051805999130010605,58912.22178239981
1298,2458909.8256713,152.4931428,69.6898777,2,18.1648006439209,0.05745000019669533,58909.325671299826
1299,2458909.8232755,152.4931787,69.6899071,2,18.09239959716797,0.054179999977350235,58909.32327549998
1300,2458909.7214931,152.4931064,69.6899395,1,18.33060073852539,0.1000170037150383,58909.221493099816
1301,2458904.8017361,152.4930353,69.6898957,1,18.406099319458008,0.07305999845266342,58904.30173610011
1302,2458904.7639352,152.4931354,69.6898633,1,18.623199462890625,0.07537300139665604,58904.26393519994
1303,2458904.7380787,152.4931921,69.6898531,2,18.11720085144043,0.08364299684762955,58904.23807869991
1304,2458904.7168171,152.4930499,69.6898837,2,18.135900497436523,0.07864599674940109,58904.21681710007
1305,2458901.896169,152.4932052,69.689902,2,18.373199462890625,0.07763700187206268,58901.39616899984
1306,2458898.8299306,152.4930632,69.6898925,2,18.274200439453125,0.08238500356674194,58898.32993059978
1307,2458898.8082639,152.4932024,69.6898745,2,18.361499786376953,0.10125800222158432,58898.308263900224
1308,2458898.7828472,152.4933943,69.6897864,1,19.02869987487793,0.11540400236845016,58898.282847200055
1309,2458898.7819213,152.4930121,69.6898629,1,18.642900466918945,0.07082399725914001,58898.281921300106
1310,2458896.7753356,152.4932099,69.689886,2,18.355100631713867,0.05434200167655945,58896.275335600134
1311,2458896.7614931,152.4930883,69.6898715,2,18.274599075317383,0.07802999764680862,58896.26149309985
1312,2458896.7452315,152.4929506,69.6898422,1,18.63010025024414,0.08326800167560577,58896.245231499895
1313,2458896.7419907,152.4932081,69.6898221,1,18.989999771118164,0.10776899755001068,58896.2419906999
1314,2458895.785162,152.4929361,69.689869,2,18.210500717163086,0.06641700118780136,58895.285161999986
1315,2458895.7822685,152.4932177,69.6898677,2,18.25909996032715,0.0727119967341423,58895.282268499956
1316,2458895.737963,152.4929779,69.689855,1,18.536300659179688,0.0818530023097992,58895.23796299985
1317,2458895.691794,152.4928452,69.6898555,1,19.028900146484375,0.1178549975156784,58895.1917940001
1318,2458894.8268056,152.4930895,69.6898705,1,18.593399047851562,0.0898130014538765,58894.326805599965
1319,2458894.7829514,152.4931623,69.6899032,2,18.292400360107422,0.08411400020122528,58894.28295140015
1320,2458894.7633565,152.4931611,69.6899136,2,18.295000076293945,0.08733200281858444,58894.26335649984
1321,2458894.7006019,152.4931995,69.6898496,1,18.9424991607666,0.109265998005867,58894.2006019
1322,2458893.7899074,152.4929947,69.6898979,2,18.236900329589844,0.08360700309276581,58893.28990740003
1323,2458893.7880324,152.4931289,69.6898715,2,18.289100646972656,0.06915300339460373,58893.288032399956
1324,2458893.7256829,152.4931096,69.6898769,1,18.570600509643555,0.08039700239896774,58893.22568289982
1325,2458893.6996181,152.4932091,69.6898495,1,18.89459991455078,0.12389799952507019,58893.19961810019
1326,2458892.6775116,152.4930592,69.6898622,1,19.05139923095703,0.14928099513053894,58892.177511599846
1327,2458892.6733912,152.4929749,69.6898948,1,18.587499618530273,0.07320000231266022,58892.17339120014
1328,2458891.8299306,152.493081,69.6899479,2,18.383800506591797,0.08238299936056137,58891.32993059978
1329,2458891.7865278,152.493092,69.6899425,2,18.31049919128418,0.08928299695253372,58891.28652779991
1330,2458891.725,152.493104,69.6898439,1,18.627599716186523,0.07773099839687347,58891.22500000009
1331,2458891.6767708,152.4933261,69.689821,1,19.028799057006836,0.11603599786758423,58891.17677079979
1332,2458890.9059722,152.4932,69.6898444,2,18.316200256347656,0.08832599967718124,58890.40597219998
1333,2458890.787338,152.4930915,69.6898011,1,18.9552001953125,0.1367969959974289,58890.28733799979
1334,2458890.785463,152.492924,69.6898307,1,18.714000701904297,0.10299400240182877,58890.28546300018
1335,2458890.6832986,152.4932283,69.6899676,2,18.227500915527344,0.0969569981098175,58890.183298599906
1336,2458888.8066782,152.4929305,69.689829,1,19.09440040588379,0.17428599298000336,58888.30667820014
1337,2458888.7820602,152.4932932,69.6898604,1,18.837900161743164,0.23207099735736847,58888.28206019988
1338,2458887.7394444,152.4931019,69.689821,1,18.857999801635742,0.16986800730228424,58887.239444400184
1339,2458887.718287,152.4930283,69.689875,1,18.603700637817383,0.12901799380779266,58887.21828699997
1340,2458887.6556366,152.4929378,69.6898237,2,18.304899215698242,0.08813799917697906,58887.15563660022
1341,2458886.7809838,152.4930127,69.6899404,2,18.46380043029785,0.09307199716567993,58886.28098380007
1342,2458886.7614583,152.4930939,69.6898829,2,18.355100631713867,0.0983939990401268,58886.261458300054
1343,2458886.7268866,152.4930311,69.6899018,1,18.94890022277832,0.16791899502277374,58886.22688659979
1344,2458886.7259606,152.4931273,69.6898608,1,18.61400032043457,0.10605999827384949,58886.22596060019
1345,2458885.8063889,152.4933436,69.6898091,1,19.079099655151367,0.16975900530815125,58885.30638890015
1346,2458885.8049769,152.493046,69.6899092,1,18.773000717163086,0.15149199962615967,58885.30497690011
1347,2458885.698669,152.4933022,69.6898496,2,18.397600173950195,0.12165399640798569,58885.19866900006
1348,2458885.6977431,152.4933983,69.6899301,2,18.301300048828125,0.11239799857139587,58885.197743100114
1349,2458884.8023958,152.4933725,69.6899314,1,18.979400634765625,0.20195700228214264,58884.30239580013
1350,2458884.6949537,152.493273,69.6898495,2,18.242000579833984,0.1283539980649948,58884.19495370006
1351,2458883.9498727,152.4929788,69.689777,1,18.80459976196289,0.10293900221586227,58883.44987270003
1352,2458883.9099421,152.4931446,69.6898828,1,18.945499420166016,0.11053799837827682,58883.409942099825
1353,2458883.7416782,152.4935034,69.6900442,2,18.325599670410156,0.09736000001430511,58883.2416782002
1354,2458883.7383333,152.4929298,69.6898016,2,18.304100036621094,0.12541599571704865,58883.23833330022
1355,2458881.9559375,152.4930406,69.6898819,1,18.693599700927734,0.0967399999499321,58881.45593750011
1356,2458881.7998148,152.4931336,69.689844,2,18.481700897216797,0.08285000175237656,58881.2998147998
1357,2458881.7838657,152.4930367,69.6898732,2,18.337299346923828,0.07692500203847885,58881.28386570001
1358,2458881.7393056,152.4934142,69.6897877,1,19.041200637817383,0.14104999601840973,58881.23930560006
1359,2458880.9496181,152.4930945,69.68988,1,18.826900482177734,0.07807300239801407,58880.44961810019
1360,2458880.7806366,152.4931053,69.6899013,2,18.384300231933594,0.0906509980559349,58880.28063660022
1361,2458880.7616204,152.4933527,69.6898211,1,19.037099838256836,0.11713200062513351,58880.26162040001
1362,2458880.7219792,152.4932311,69.6899065,2,18.345600128173828,0.07210499793291092,58880.22197919991
1363,2458879.868588,152.4935133,69.6899946,2,18.15959930419922,0.09457200020551682,58879.36858800007
1364,2458879.8209144,152.4936998,69.6898561,2,18.413799285888672,0.11950100213289261,58879.32091439981
1365,2458879.7418519,152.4934123,69.6898872,1,19.003999710083008,0.12519200146198273,58879.24185189977
1366,2458879.711794,152.4930758,69.6898949,1,18.634599685668945,0.11006499826908112,58879.21179400012
1367,2458878.8936227,152.4930709,69.6898471,1,18.575000762939453,0.08711899816989899,58878.393622700125
1368,2458878.8302083,152.4932787,69.6898861,2,18.25349998474121,0.08062399923801422,58878.33020830015
1369,2458878.8025,152.49304,69.6899141,2,18.204200744628906,0.08633500337600708,58878.30250000022
1370,2458878.7420139,152.4937939,69.6896781,1,18.826000213623047,0.19054199755191803,58878.242013900075
1371,2458877.8636111,152.4930922,69.6898157,1,18.503000259399414,0.1003360003232956,58877.363611099776
1372,2458877.8172338,152.4931228,69.6898574,2,18.34869956970215,0.08341000229120255,58877.31723379996
1373,2458877.8058449,152.4932319,69.6899245,2,18.28059959411621,0.08490899950265884,58877.3058449002
1374,2458877.7228588,152.4934206,69.689889,1,19.05340003967285,0.12864500284194946,58877.22285880009
1375,2458876.766169,152.4932883,69.6898899,2,18.235599517822266,0.07648999989032745,58876.26616899995
1376,2458876.7638657,152.4931642,69.6899212,2,18.308500289916992,0.09275700151920319,58876.26386569999
1377,2458876.7376852,152.4930484,69.6898753,1,18.595500946044922,0.08940400183200836,58876.23768519983
1378,2458876.7376852,152.4930514,69.6898764,1,18.58880043029785,0.08852100372314453,58876.23768519983
1379,2458876.7150231,152.493238,69.6898263,1,19.10460090637207,0.1176690012216568,58876.21502309991
1380,2458876.7150231,152.4932383,69.689827,1,19.101499557495117,0.11826100200414658,58876.21502309991
1381,2458875.9288657,152.4930402,69.6898031,1,18.686800003051758,0.08322499692440033,58875.42886570003
1382,2458875.76125,152.4930293,69.6898509,2,18.279699325561523,0.058157000690698624,58875.26124999998
1383,2458875.7580556,152.493221,69.6899412,2,18.246599197387695,0.09048599749803543,58875.25805559987
1384,2458875.6837963,152.4934942,69.6898222,1,18.97209930419922,0.16905799508094788,58875.18379630009
1385,2458874.8852431,152.4931192,69.6898551,1,18.699399948120117,0.14874400198459625,58874.385243100114
1386,2458874.8637963,152.4933184,69.689846,1,19.20400047302246,0.12693999707698822,58874.36379629979
1387,2458874.7625347,152.4931133,69.689883,2,18.3085994720459,0.0744900032877922,58874.26253469987
1388,2458874.7602315,152.4930481,69.689854,2,18.250200271606445,0.06828399747610092,58874.260231500026
1389,2458873.890081,152.4931323,69.6898568,1,18.552499771118164,0.07099799811840057,58873.39008100005
1390,2458873.8478125,152.493285,69.6898496,1,18.949399948120117,0.12615500390529633,58873.34781249985
1391,2458873.7651736,152.4931041,69.6898687,2,18.2450008392334,0.0621660016477108,58873.265173600055
1392,2458873.7609491,152.4931413,69.6898735,2,18.084999084472656,0.06953100115060806,58873.2609490999
1394,2458872.7166435,152.4930241,69.6898881,1,18.499000549316406,0.0934939980506897,58872.21664350014
1395,2458872.7147106,152.4931052,69.6898875,1,18.834699630737305,0.10512100160121918,58872.21471060021
1396,2458871.9083449,152.4930297,69.6899109,1,18.47920036315918,0.08218300342559814,58871.40834489977
1397,2458871.8254977,152.4930693,69.6898982,2,18.232999801635742,0.07808999717235565,58871.3254976999
1398,2458871.8078704,152.4932065,69.689886,2,18.190900802612305,0.07070600241422653,58871.30787040014
1399,2458871.7225694,152.4931803,69.6898368,1,18.899599075317383,0.11513400077819824,58871.22256939998
1400,2458867.9035185,152.4931484,69.6898689,1,18.52790069580078,0.10013999789953232,58867.40351849981
1401,2458867.8630671,152.4931261,69.6898696,2,18.13319969177246,0.08316700160503387,58867.363067099825
1402,2458867.8514352,152.4931947,69.6898965,2,18.18899917602539,0.08389899879693985,58867.351435199846
1403,2458866.9096991,152.493047,69.6898685,1,18.48780059814453,0.07436999678611755,58866.40969910007
1404,2458866.8882986,152.4931025,69.6899061,1,18.73710060119629,0.07897700369358063,58866.38829859998
1405,2458866.8526968,152.4930972,69.6898842,2,18.148500442504883,0.06690900027751923,58866.35269680014
1406,2458866.8517593,152.4930483,69.6898777,2,18.190099716186523,0.0789870023727417,58866.3517593001
1407,2458864.9219329,152.4930273,69.6898541,1,18.48819923400879,0.08081900328397751,58864.42193289986
1408,2458864.7422685,152.4931071,69.689928,2,18.148300170898438,0.06278900057077408,58864.24226849992
1409,2458864.7417593,152.4931498,69.6899053,2,18.220300674438477,0.06913299858570099,58864.24175930023
1410,2458864.6768287,152.4931417,69.6898691,1,18.85379981994629,0.1229029968380928,58864.17682870012
1411,2458863.8640509,152.493197,69.6899007,2,18.18560028076172,0.0692489966750145,58863.3640509001
1412,2458863.8479051,152.4931827,69.6899208,2,18.208599090576172,0.09672000259160995,58863.34790509986
1414,2458862.9547917,152.4930894,69.6898643,1,18.76059913635254,0.13655999302864075,58862.4547917
1415,2458862.9529051,152.4931236,69.6898892,1,18.478599548339844,0.11204499751329422,58862.45290509984
1416,2458862.9126852,152.4931683,69.6899273,2,18.280099868774414,0.10909900069236755,58862.412685200106
1417,2458862.8750463,152.4932012,69.6899054,2,18.177000045776367,0.0802529975771904,58862.37504629977
1418,2458862.8595833,152.4931262,69.6899082,2,18.13629913330078,0.08693599700927734,58862.35958330007
1419,2458862.826412,152.4931679,69.6899041,2,18.20680046081543,0.0670119971036911,58862.32641200023
1420,2458861.809537,152.4931095,69.6898991,2,18.343900680541992,0.10704799741506577,58861.30953700002
1421,2458861.8076852,152.4931163,69.6899229,2,18.135299682617188,0.0962579995393753,58861.307685200125
1422,2458860.8628819,152.4931868,69.6898695,2,18.350299835205078,0.06881999969482422,58860.36288189981
1423,2458860.8442477,152.4932133,69.6898948,2,18.20949935913086,0.11149200052022934,58860.34424770018
1424,2458860.7889352,152.4931359,69.6899165,2,18.238399505615234,0.10881800204515457,58860.288935199846
1425,2458860.7470833,152.4931839,69.689867,2,18.17729949951172,0.1331380009651184,58860.24708329979
1426,2458860.0185185,152.4931076,69.6898261,1,18.458499908447266,0.09069199860095978,58859.51851850003
1427,2458860.0166667,152.4931113,69.6898649,1,18.756000518798828,0.15635399520397186,58859.51666670013
1428,2458859.9337384,152.4931475,69.6898809,2,18.33180046081543,0.098191998898983,58859.43373840023
1429,2458859.8569792,152.493168,69.6898449,2,18.292999267578125,0.0938280001282692,58859.35697920015
1430,2458859.7622106,152.493258,69.689919,2,18.327600479125977,0.1184689998626709,58859.26221060008
1431,2458859.7562731,152.4929252,69.6898749,2,18.25779914855957,0.08063700050115585,58859.25627310015
1432,2458856.8009259,152.4931937,69.6898967,2,18.5132999420166,0.09305299818515778,58856.30092590023
1433,2458855.9697338,152.4931955,69.6898772,1,18.78190040588379,0.09728299826383591,58855.46973379981
1434,2458855.9682639,152.493015,69.6897598,1,19.14539909362793,0.1404619961977005,58855.46826389991
1435,2458855.866088,152.4932721,69.6899186,2,18.74920082092285,0.0862950012087822,58855.366088000126
1436,2458855.8450116,152.493488,69.6899507,2,18.514999389648438,0.12596699595451355,58855.34501159983
1437,2458854.995544,152.4935584,69.6899345,1,19.33880043029785,0.12740999460220337,58854.49554400006
1438,2458854.9775694,152.4934391,69.6898569,2,18.77549934387207,0.12432999908924103,58854.47756939987
1439,2458854.9698958,152.4936589,69.6900168,2,18.829700469970703,0.15810799598693848,58854.46989580011
1440,2458853.9694907,152.4930738,69.6898337,1,19.058900833129883,0.08189599961042404,58853.469490699936
1441,2458853.9685648,152.4931365,69.6898422,1,19.698999404907227,0.19563399255275726,58853.46856479999
1442,2458853.9685648,152.4940333,69.689755,1,19.43630027770996,0.14213800430297852,58853.46856479999
1443,2458853.9364468,152.4931209,69.6898624,2,18.735000610351562,0.09352199733257294,58853.4364467999
1444,2458853.9355208,152.4931373,69.6898745,2,18.68280029296875,0.10536500066518784,58853.43552079983
1445,2458852.9916088,152.4935727,69.6899236,1,19.834800720214844,0.22430799901485443,58852.4916087999
1446,2458852.9902083,152.4930617,69.6898674,1,19.17620086669922,0.08476699888706207,58852.49020829983
1447,2458852.9240046,152.4933188,69.6899177,2,18.827999114990234,0.10074599832296371,58852.42400459992
1448,2458852.9193056,152.4932356,69.6898236,2,18.946300506591797,0.10095000267028809,58852.419305600226
1450,2458852.0118171,152.4931287,69.6898735,1,19.20800018310547,0.12698499858379364,58851.51181709999
1451,2458851.9908681,152.492975,69.6899007,2,18.83769989013672,0.09933099895715714,58851.490868099965
1452,2458851.9890394,152.4931954,69.6899412,2,18.82819938659668,0.13131700456142426,58851.48903940013
1453,2458851.0296528,152.4931362,69.6899467,1,19.144699096679688,0.10855700075626373,58850.529652799945
1454,2458850.9967824,152.4935399,69.6898964,2,18.821399688720703,0.10323899984359741,58850.49678240018
1455,2458850.9779514,152.4930157,69.6898692,2,18.935800552368164,0.09432599693536758,58850.47795139998
1457,2458850.0156019,152.4930471,69.6898781,1,19.243099212646484,0.1299789994955063,58849.51560189994
1458,2458849.9895486,152.4938224,69.6897954,1,19.703100204467773,0.2013310045003891,58849.48954859981
1459,2458849.9484144,152.4930888,69.6898625,2,18.807600021362305,0.10949999839067459,58849.44841440022
1460,2458847.0116782,152.4930132,69.6898682,1,19.219499588012695,0.09491200000047684,58846.511678200215
1461,2458846.9890625,152.4934401,69.689871,1,19.859399795532227,0.2175700068473816,58846.489062500186
1462,2458846.9708796,152.4931575,69.6898888,2,18.711599349975586,0.10258500277996063,58846.47087959992
1463,2458846.9483796,152.4929545,69.6898622,2,18.717300415039062,0.0843299999833107,58846.448379599955
1464,2458837.0539352,152.4931672,69.6899106,1,19.43829917907715,0.1517000049352646,58836.553935199976
1465,2458836.9852546,152.4932648,69.6899025,2,18.886899948120117,0.1159679964184761,58836.48525460018
1466,2458836.9852546,152.4932648,69.6899025,2,18.886899948120117,0.1159679964184761,58836.48525460018
1467,2458836.9690741,152.4931314,69.6899239,2,19.01609992980957,0.13079999387264252,58836.46907409979
1470,2458833.9865856,152.4933725,69.6899701,2,19.160200119018555,0.2040410041809082,58833.486585599836
1471,2458833.9856597,152.4935772,69.6900481,2,18.953100204467773,0.1746000051498413,58833.48565969989
1472,2458833.9305324,152.4929707,69.6900391,2,19.113100051879883,0.23570099472999573,58833.43053240003
1473,2458833.9291551,152.4936015,69.6900005,2,19.152799606323242,0.1817370057106018,58833.42915510014
1479,2458827.92,152.492836,69.6899197,2,19.27239990234375,0.2245129942893982,58827.419999999925
1483,2458813.0599306,152.493231,69.6898219,2,19.424800872802734,0.16805200278759003,58812.559930600226
1485,2458812.9299421,152.4929834,69.6898957,1,19.93630027770996,0.23929700255393982,58812.42994209984
1487,2458807.0572801,152.49318,69.6897947,2,19.165000915527344,0.16644899547100067,58806.55728009995
1488,2458807.0417477,152.4935885,69.6897673,2,19.21579933166504,0.17656899988651276,58806.54174769996
1491,2458799.9757523,152.4933497,69.6898773,2,19.277000427246094,0.21525299549102783,58799.47575230012
1492,2458799.9743056,152.493186,69.6898451,2,19.074899673461914,0.20781399309635162,58799.47430559993
1517,2458767.9918287,152.4930904,69.6898562,1,19.57110023498535,0.17989599704742432,58767.49182870006
1518,2458765.0146875,152.4932101,69.6898467,1,19.50480079650879,0.18244600296020508,58764.51468749996
1525,2458759.0068634,152.493053,69.6898292,1,20.028400421142578,0.23791299760341644,58758.506863399874
1531,2458673.6850116,152.4933632,69.6899061,1,19.475099563598633,0.18630599975585938,58673.185011600144
1532,2458670.6985185,152.4928252,69.6897353,1,19.587799072265625,0.19622400403022766,58670.1985185002
1533,2458670.6828819,152.4929535,69.6898569,2,18.646400451660156,0.18634900450706482,58670.18288190011
1534,2458667.7204167,152.4930576,69.6899549,2,19.324899673461914,0.16484099626541138,58667.2204167
1535,2458662.7359838,152.4929883,69.6899121,2,19.002500534057617,0.15104199945926666,58662.23598380014
1536,2458662.7087847,152.4931743,69.6898053,1,20.030099868774414,0.2264450043439865,58662.208784699906
1537,2458662.6860185,152.4931663,69.689955,2,18.997900009155273,0.16905200481414795,58662.18601850001
1538,2458658.6969444,152.4932198,69.6898318,1,19.028600692749023,0.11842899769544601,58658.1969444002
1539,2458658.6864005,152.4930194,69.6898883,2,18.78030014038086,0.11295899748802185,58658.186400500126
1540,2458653.7581713,152.4931237,69.6899514,1,19.135499954223633,0.20614199340343475,58653.25817129994
1541,2458653.6895023,152.4930077,69.6898974,2,18.884599685668945,0.10780400037765503,58653.18950230023
1542,2458649.7244792,152.4930307,69.6898677,2,18.880399703979492,0.16075299680233002,58649.22447919985
1546,2458646.7176389,152.4930063,69.6897994,2,18.995800018310547,0.12720699608325958,58646.21763890004
1547,2458646.71625,152.4929814,69.6898747,2,18.90839958190918,0.11392900347709656,58646.216250000056
1550,2458643.7430093,152.4929066,69.6898713,2,18.933700561523438,0.11321300268173218,58643.24300929997
1551,2458643.7420718,152.4929749,69.6899345,2,18.867599487304688,0.11966300010681152,58643.242071799934
1552,2458643.6970833,152.4928964,69.6898283,1,19.372800827026367,0.17749199271202087,58643.19708329998
1553,2458640.7366435,152.4926866,69.6898551,2,19.083200454711914,0.16018100082874298,58640.23664350016
1554,2458640.735706,152.4932007,69.689873,2,18.864200592041016,0.09202300012111664,58640.23570600012
1555,2458640.703125,152.4932938,69.6898576,1,19.52359962463379,0.15655399858951569,58640.203125
1558,2458637.7431481,152.4929076,69.6898667,1,19.492300033569336,0.1382099986076355,58637.2431481001
1559,2458637.6996644,152.4930889,69.6898807,2,19.233299255371094,0.1380939930677414,58637.19966439996
1560,2458637.6712847,152.4930903,69.6898614,2,19.10849952697754,0.10805100202560425,58637.17128469981
1561,2458634.7643171,152.4930909,69.6898595,2,19.36520004272461,0.12967899441719055,58634.264317099936
1562,2458634.7610532,152.4930598,69.6898074,2,19.102100372314453,0.11049699783325195,58634.26105319988
1564,2458634.7237731,152.493104,69.6898801,1,19.43899917602539,0.18880100548267365,58634.22377309995
1566,2458617.7403704,152.4932035,69.6898371,2,19.205900192260742,0.1739010065793991,58617.240370399784
1570,2458609.7024306,152.4930942,69.6899337,1,19.233299255371094,0.13685399293899536,58609.202430599835
1572,2458606.8892708,152.492858,69.6898742,1,19.194799423217773,0.13414500653743744,58606.389270800166
1573,2458606.695463,152.4931457,69.6899196,2,18.96030044555664,0.10307300090789795,58606.195462999865
1574,2458606.6824884,152.4930952,69.6898684,2,18.708799362182617,0.09078799933195114,58606.18248840002
1575,2458606.6569907,152.4928476,69.6898104,1,19.769800186157227,0.14050400257110596,58606.156990699936
1576,2458601.7650463,152.4930645,69.6899016,2,18.612300872802734,0.08097799867391586,58601.2650462999
1577,2458600.6989005,152.4931723,69.6898322,1,18.928800582885742,0.10456500202417374,58600.19890049985
1578,2458598.7353356,152.4930381,69.6898368,1,19.422300338745117,0.12531299889087677,58598.2353356001
1579,2458597.8649306,152.4931467,69.6898592,2,18.642900466918945,0.0980750024318695,58597.36493059993
1580,2458597.7630208,152.4930317,69.6898711,1,19.1564998626709,0.13181999325752258,58597.26302079996
1581,2458594.8249653,152.4930302,69.6899351,2,18.76919937133789,0.16176900267601013,58594.32496530004
1582,2458594.8235648,152.4933085,69.689865,2,18.60849952697754,0.15666499733924866,58594.32356479997
1583,2458594.7153356,152.4930334,69.6898961,1,18.89550018310547,0.11974699795246124,58594.21533560008
1584,2458594.7043519,152.4929899,69.6899031,1,19.28860092163086,0.22735099494457245,58594.204351900145
1585,2458591.8859375,152.4930421,69.6898675,2,18.597700119018555,0.0961180031299591,58591.385937499814
1586,2458591.6761458,152.492954,69.689815,1,18.834699630737305,0.1241770014166832,58591.176145799924
1587,2458591.6728588,152.4931372,69.6898274,1,19.285499572753906,0.2076209932565689,58591.17285879981
1588,2458587.7615741,152.4931064,69.6898392,2,18.718000411987305,0.1520719975233078,58587.26157409977
1589,2458587.7179051,152.493217,69.6898908,1,19.103700637817383,0.1204570010304451,58587.21790509997
1590,2458587.7169792,152.4930338,69.6897915,1,19.497100830078125,0.1907390058040619,58587.21697920002
1591,2458584.7384259,152.4930666,69.6899288,1,19.35409927368164,0.13271799683570862,58584.23842590023
1592,2458584.7185532,152.4930554,69.689868,1,18.92930030822754,0.11252699792385101,58584.2185531999
1593,2458584.6806829,152.4931439,69.689909,2,18.509599685668945,0.09089600294828415,58584.180682899896
1594,2458584.6769792,152.4932394,69.6898926,2,18.6028995513916,0.09840799868106842,58584.17697919998
1595,2458581.7449884,152.4930577,69.6898889,2,18.809999465942383,0.08763899654150009,58581.24498840002
1596,2458581.7422454,152.4930291,69.6898784,2,18.645700454711914,0.08136100322008133,58581.24224539986
1597,2458581.7215972,152.4930443,69.6898812,1,19.097299575805664,0.11806999891996384,58581.221597199794
1598,2458581.7197569,152.4927761,69.6898886,1,19.49250030517578,0.13923899829387665,58581.21975689987
1599,2458575.7691204,152.492971,69.6898624,1,19.429500579833984,0.10424099862575531,58575.26912039984
1600,2458575.7681944,152.4931095,69.6898795,1,18.975500106811523,0.10647200047969818,58575.268194399774
1602,2458575.7394097,152.4933394,69.6898222,2,18.48390007019043,0.20959599316120148,58575.239409700036
1603,2458572.7795139,152.4931507,69.6898509,2,18.461999893188477,0.08242899924516678,58572.27951390017
1604,2458572.7007639,152.4931226,69.6899094,1,18.789899826049805,0.09160199761390686,58572.20076389983
1605,2458572.6989236,152.4930234,69.6898612,1,19.22450065612793,0.14071199297904968,58572.198923599906
1606,2458567.7435532,152.4931264,69.689875,2,18.455699920654297,0.08108499646186829,58567.243553199805
1607,2458567.7413773,152.493138,69.6898452,2,18.42959976196289,0.05925700068473816,58567.24137730012
1608,2458567.6831829,152.4931351,69.689882,1,19.102500915527344,0.11822299659252167,58567.18318289984
1609,2458562.8443171,152.4928915,69.6899164,2,18.57990074157715,0.19654400646686554,58562.34431710001
1611,2458559.8048495,152.4929992,69.6898132,1,18.900400161743164,0.1167140007019043,58559.30484949984
1612,2458559.8030093,152.4929984,69.6897811,1,19.003999710083008,0.1347140073776245,58559.30300930003
1613,2458559.7403241,152.4931131,69.6898965,2,18.562999725341797,0.08967600017786026,58559.240324100014
1614,2458559.7193056,152.4931485,69.6899103,2,18.41010093688965,0.0888189971446991,58559.21930560004
1615,2458556.8463079,152.4923718,69.6900641,1,18.856599807739258,0.14714699983596802,58556.3463078998
1616,2458556.7228241,152.4930996,69.6899257,2,18.40679931640625,0.08698099851608276,58556.22282409994
1617,2458556.6967593,152.493804,69.6899973,2,18.34510040283203,0.10274200141429901,58556.19675929984
1619,2458546.7433333,152.4933356,69.6899904,1,19.348899841308594,0.1721780002117157,58546.24333330011
1621,2458541.7642361,152.4931457,69.68995,1,19.2189998626709,0.18550899624824524,58541.26423610002
1622,2458541.7418403,152.4931269,69.6900077,1,19.638399124145508,0.19646400213241577,58541.24184030015
1623,2458538.8092361,152.4929941,69.6898463,1,19.092899322509766,0.1714179962873459,58538.30923609994
1627,2458534.7954745,152.4930023,69.6903025,1,19.00119972229004,0.29793500900268555,58534.29547449993
1629,2458526.9310069,152.4928944,69.689805,1,19.504100799560547,0.20162099599838257,58526.431006900035
1630,2458526.7208565,152.4931764,69.689862,2,18.86520004272461,0.10640600323677063,58526.22085649986
1631,2458524.9478472,152.4931059,69.6898921,2,19.040000915527344,0.0913819968700409,58524.44784720009
1632,2458523.7208796,152.4931022,69.689946,2,18.961299896240234,0.09067100286483765,58523.22087959992
1634,2458514.9090394,152.4930358,69.6899456,2,19.778400421142578,0.20092199742794037,58514.40903940005
1639,2458508.7356366,152.4933963,69.6899309,2,19.32710075378418,0.14713700115680695,58508.23563659983
1646,2458503.0097569,152.4931875,69.6898584,2,19.343399047851562,0.22258800268173218,58502.509756899904
1647,2458494.9897685,152.4929496,69.6897828,1,19.757699966430664,0.14374299347400665,58494.489768499974
1650,2458491.7590625,152.4934685,69.6899491,2,19.373199462890625,0.1436379998922348,58491.259062500205
1651,2458491.7581366,152.4927931,69.6898675,2,19.529499053955078,0.1720770001411438,58491.25813659979
1654,2458486.9631019,152.4931083,69.6899111,2,19.466100692749023,0.13001300394535065,58486.46310190018
1656,2458482.9987963,152.4928976,69.6900114,1,20.171600341796875,0.21324700117111206,58482.49879630003
1657,2458481.0037963,152.4930195,69.6899062,1,19.544300079345703,0.17653200030326843,58480.50379629992
1659,2458480.9457292,152.4932314,69.6897964,2,18.955299377441406,0.09536699950695038,58480.4457291998
1660,2458480.9448032,152.4929877,69.6899901,2,18.755599975585938,0.1404470056295395,58480.4448032002
1662,2458474.8411111,152.4929982,69.6898543,2,19.027099609375,0.13291199505329132,58474.34111109981
1666,2458464.9897454,152.4930287,69.6898132,1,19.268999099731445,0.0870169997215271,58464.489745399915
1669,2458451.0353241,152.4930841,69.6898437,2,18.827299118041992,0.08124399930238724,58450.53532409994
1670,2458450.9993866,152.492856,69.6897859,1,19.69770050048828,0.1841070055961609,58450.49938660022
1671,2458450.969838,152.4929386,69.6898536,1,19.12649917602539,0.13475599884986877,58450.4698379999
1672,2458448.0132755,152.4932283,69.6899483,2,18.61280059814453,0.0969650000333786,58447.51327549992
1673,2458447.9321528,152.492934,69.6897591,2,18.920499801635742,0.15473900735378265,58447.432152799796
1674,2458447.8885301,152.4935483,69.6898682,2,18.840299606323242,0.1563750058412552,58447.38853010023
1675,2458444.0145023,152.4928736,69.6898913,1,19.512800216674805,0.14259399473667145,58443.51450229995
1676,2458443.9252546,152.4931165,69.6898357,2,18.613100051879883,0.08052899688482285,58443.42525460012
1677,2458443.9064005,152.4930491,69.6898742,2,18.688199996948242,0.1376360058784485,58443.406400499865
1678,2458441.0306481,152.4931198,69.6898697,2,18.50629997253418,0.0829629972577095,58440.53064810019
1681,2458437.9987847,152.4933088,69.6898453,1,19.21470069885254,0.14049500226974487,58437.49878469994
1682,2458437.8884491,152.4932789,69.6899084,2,18.55699920654297,0.10298199951648712,58437.388449099846
1683,2458435.0335995,152.4934433,69.6898075,1,19.668500900268555,0.19040800631046295,58434.53359950008
1684,2458434.9651042,152.4930025,69.689941,2,18.60540008544922,0.08957900106906891,58434.465104199946
1685,2458433.0119097,152.4933476,69.6899,2,18.763700485229492,0.09948199987411499,58432.5119097
1686,2458432.9569213,152.4928923,69.6898483,1,19.05069923400879,0.11036500334739685,58432.45692129992
1687,2458432.0310995,152.4931415,69.6898836,2,18.555200576782227,0.09428100287914276,58431.531099500135
1688,2458431.9669792,152.4933188,69.6898702,1,19.413299560546875,0.1699340045452118,58431.46697920002
1689,2458430.0319097,152.4932962,69.6898946,2,19.022499084472656,0.11163199692964554,58429.53190970002
1690,2458429.9510185,152.4933295,69.6897857,1,19.458799362182617,0.10041400045156479,58429.45101850014
1691,2458429.0126968,152.4930817,69.6899496,2,18.73390007019043,0.14145399630069733,58428.51269679982
1695,2458424.0266435,152.4931503,69.689993,2,19.13279914855957,0.14265300333499908,58423.5266435002
1696,2458423.0170023,152.4926797,69.6899199,2,19.24839973449707,0.1317639946937561,58422.517002299894
1697,2458389.0145833,152.4932146,69.6898691,2,18.420900344848633,0.07248999923467636,58388.51458329987
1698,2458386.0296412,152.4932552,69.689901,2,18.3789005279541,0.11869899928569794,58385.52964119986
1699,2458383.0272569,152.4934383,69.6898058,2,18.548999786376953,0.10346599668264389,58382.52725689998
