,jd,ra,dec,fid,magpsf,sigmapsf,mjd
0,2461095.0619329,303.0841029,19.2863938,2,16.878084182739258,0.046910252422094345,61094.56193289999
1,2461095.0573958,303.084069,19.2863221,2,16.844999313354492,0.0399090014398098,61094.55739580002
2,2461095.0528472,303.0840999,19.2863425,2,16.795499801635742,0.04386499896645546,61094.55284720007
3,2461086.0702894,303.0841049,19.2863499,2,16.931900024414062,0.060531001538038254,61085.57028939994
4,2461086.0643634,303.0840856,19.2863107,2,16.89349937438965,0.04403899982571602,61085.564363399986
5,2461086.0603241,303.084073,19.2863359,2,16.8976993560791,0.05796299874782562,61085.560324099846
7,2461084.0626968,303.0841341,19.2863097,2,16.96660041809082,0.05754899978637695,61083.5626968001
11,2461081.0699421,303.0840982,19.286349,2,16.970300674438477,0.05183799937367439,61080.56994209997
12,2461081.0655903,303.084098,19.286283,2,16.88960075378418,0.08259200304746628,61080.56559030013
14,2461080.0747685,303.0840836,19.286271,2,16.932100296020508,0.0634080022573471,61079.57476849994
15,2461080.0692477,303.0839459,19.2864785,2,16.890499114990234,0.07328800112009048,61079.56924769981
16,2461080.0646528,303.0839741,19.2864778,2,16.91819953918457,0.06366600096225739,61079.564652800094
17,2461079.0730671,303.0842029,19.2864289,2,16.757999420166016,0.06794600188732147,61078.57306709979
18,2461079.0685532,303.0841311,19.2863622,2,16.981000900268555,0.07009000331163406,61078.56855319999
19,2461079.0676157,303.084113,19.28629,2,16.89900016784668,0.08914399892091751,61078.567615699954
20,2461078.0742824,303.0840717,19.2863626,2,16.96820068359375,0.06852500140666962,61077.574282399844
21,2461078.071331,303.084139,19.2863558,2,17.076099395751953,0.05683499947190285,61077.571330999956
22,2461078.0703935,303.0841483,19.2863437,2,17.13050079345703,0.07353399693965912,61077.57039349992
25,2461076.0724306,303.0838452,19.2863979,2,17.11989974975586,0.08978799730539322,61075.57243059995
26,2461076.0675,303.0840857,19.2862821,2,16.792699813842773,0.07414399832487106,61075.56749999989
27,2461076.0660648,303.0840235,19.2866913,2,16.852399826049805,0.0714000016450882,61075.566064800136
29,2461075.0748495,303.0840939,19.2861905,2,16.891300201416016,0.10545100271701813,61074.574849499855
31,2461075.0697801,303.0840989,19.2864457,2,16.847200393676758,0.11539900302886963,61074.56978010014
32,2461075.0688194,303.0842044,19.2863107,2,16.432199478149414,0.09431999921798706,61074.56881939992
33,2461024.6407523,303.0840593,19.2864266,2,16.828388214111328,0.03654364496469498,61024.140752300154
34,2461024.5931597,303.084084,19.2863111,1,17.867900848388672,0.07143600285053253,61024.09315969981
35,2461022.6336921,303.0840202,19.2864036,1,17.842199325561523,0.17969000339508057,61022.13369210018
36,2461022.600463,303.0840725,19.2863697,2,16.843599319458008,0.029611000791192055,61022.100463000126
37,2461020.6347801,303.0840777,19.2863309,1,17.776599884033203,0.08643999695777893,61020.13478010008
38,2461020.5875,303.0840879,19.2863554,2,16.85070037841797,0.03364599868655205,61020.08749999991
39,2461017.6489815,303.0840726,19.286345,2,16.843900680541992,0.058830998837947845,61017.14898149995
40,2461017.5995949,303.0840851,19.2864441,1,17.54759979248047,0.09105300158262253,61017.09959489992
41,2461015.6660764,303.0840988,19.2863572,2,16.773000717163086,0.0453919991850853,61015.16607639985
42,2461015.6022454,303.0840352,19.2863137,1,17.716800689697266,0.07354699820280075,61015.102245400194
44,2461011.6294907,303.0839914,19.2863807,1,17.793100357055664,0.09826400130987167,61011.129490700085
45,2461011.5931366,303.0840786,19.2863424,2,16.795400619506836,0.053098998963832855,61011.09313660022
46,2461009.641794,303.0840849,19.2863146,1,17.732799530029297,0.07502300292253494,61009.14179399982
47,2461009.5821181,303.0840925,19.2863295,2,16.84980010986328,0.0438929982483387,61009.08211810002
49,2461007.5950694,303.0840533,19.2863699,2,17.137300491333008,0.06158600002527237,61007.095069400035
50,2461005.6109144,303.0841129,19.2863517,2,16.743000030517578,0.05249699950218201,61005.11091439985
51,2461005.590162,303.083954,19.2863577,1,17.762800216674805,0.07569099962711334,61005.09016200015
52,2460990.6295602,303.0840721,19.2863268,1,17.690326690673828,0.07554055005311966,60990.12956020003
53,2460990.6295602,303.0840721,19.2863268,1,17.69029998779297,0.07554099708795547,60990.12956020003
54,2460990.5911111,303.0840948,19.2863628,2,16.783700942993164,0.04565399885177612,60990.09111109981
55,2460988.6924884,303.0840619,19.2863302,1,17.804399490356445,0.0709720030426979,60988.1924883998
57,2460986.6450694,303.0840863,19.2863219,2,16.887100219726562,0.044826000928878784,60986.14506939985
58,2460986.5763773,303.0840784,19.2863432,1,17.659400939941406,0.09027600288391113,60986.07637730008
59,2460984.7016782,303.0840903,19.28633,1,17.71940040588379,0.0812549963593483,60984.20167820016
62,2460980.6718056,303.084035,19.2863351,1,17.66860008239746,0.07564900070428848,60980.17180560017
63,2460980.6242708,303.0840875,19.2863502,2,16.803699493408203,0.039487000554800034,60980.124270800035
64,2460978.6485995,303.0840642,19.2863491,2,16.768199920654297,0.04566900059580803,60978.14859949984
65,2460976.6715046,303.0840748,19.2863002,1,17.699499130249023,0.0839110016822815,60976.17150459997
66,2460976.6398264,303.0840993,19.2863384,2,16.742799758911133,0.058350998908281326,60976.139826400205
67,2460974.6710995,303.0840761,19.2863174,1,17.655399322509766,0.06904000043869019,60974.1710994998
68,2460974.6407986,303.0841024,19.2863591,2,16.759300231933594,0.05739700049161911,60974.140798599925
69,2460972.6841898,303.0840912,19.2863504,2,16.735300064086914,0.05606300011277199,60972.18418980017
70,2460972.6421875,303.0840977,19.28633,1,17.67490005493164,0.076603002846241,60972.14218749991
71,2460969.6369907,303.084113,19.286313,2,16.876800537109375,0.033569999039173126,60969.13699069992
72,2460967.6650231,303.0840718,19.2863383,1,17.75659942626953,0.05772300064563751,60967.1650231001
73,2460967.6407292,303.0840778,19.2863491,2,16.8031005859375,0.04911100119352341,60967.140729200095
74,2460965.7038542,303.0841108,19.2862671,1,17.74139976501465,0.0773560032248497,60965.203854199965
75,2460965.6397454,303.0841006,19.28634,2,16.79050064086914,0.06257499754428864,60965.13974539982
76,2460960.7009838,303.0840757,19.2863097,1,17.74650001525879,0.04573800042271614,60960.200983799994
77,2460956.6665046,303.0840688,19.2863385,2,16.745500564575195,0.05138000100851059,60956.166504600085
78,2460956.6190278,303.0840954,19.2863588,1,17.72480010986328,0.06889300048351288,60956.11902779993
79,2460954.6528704,303.0840882,19.2863198,1,17.76409912109375,0.07490800321102142,60954.15287039988
80,2460954.6302546,303.0840961,19.2863243,2,16.764999389648438,0.07084999978542328,60954.1302546002
81,2460952.6793866,303.0840948,19.2863234,2,16.773500442504883,0.059025999158620834,60952.17938659992
82,2460950.7232523,303.0840634,19.2863239,1,17.815200805664062,0.07666900008916855,60950.22325230017
84,2460943.7271875,303.0840949,19.2863546,2,16.815900802612305,0.05318799987435341,60943.22718749987
85,2460943.6747454,303.0840633,19.2863302,1,17.749900817871094,0.06719200313091278,60943.17474539997
86,2460941.7026968,303.0840992,19.2863569,2,16.72610092163086,0.044162001460790634,60941.20269680023
87,2460941.7026968,303.0840992,19.2863569,2,16.72610092163086,0.044162001460790634,60941.20269680023
88,2460938.7494329,303.0840892,19.2863232,1,17.694700241088867,0.0578170008957386,60938.24943289999
89,2460938.6983796,303.084101,19.2863329,2,16.839399337768555,0.042497001588344574,60938.198379599955
90,2460934.7997685,303.0840892,19.2863177,1,17.788799285888672,0.07262499630451202,60934.29976850003
92,2460932.711331,303.0841089,19.2863406,2,16.886999130249023,0.054593998938798904,60932.211331000086
93,2460932.6742477,303.0840803,19.2863349,1,17.819900512695312,0.06285800039768219,60932.17424769979
94,2460928.7802778,303.0840689,19.2863166,1,17.830699920654297,0.08358100056648254,60928.280277799815
95,2460928.7085069,303.0840691,19.2863502,2,16.889299392700195,0.049904000014066696,60928.208506899886
96,2460926.7580787,303.0840801,19.2863534,2,16.86210060119629,0.05797500163316727,60926.25807869993
97,2460926.6528588,303.0840895,19.2863312,1,17.85099983215332,0.07547900080680847,60926.15285879979
98,2460924.7481713,303.0840818,19.2863264,1,17.74959945678711,0.077674001455307,60924.24817130016
99,2460924.7025694,303.0841061,19.2863521,2,16.82509994506836,0.04815499857068062,60924.20256939996
100,2460922.717037,303.08406,19.2863453,2,16.852800369262695,0.06413000077009201,60922.21703700023
101,2460922.6837616,303.0840754,19.2863355,1,17.74139976501465,0.0636340007185936,60922.18376159994
102,2460920.8056366,303.0840693,19.286345,1,17.76449966430664,0.056345999240875244,60920.305636600126
103,2460920.7039236,303.0840904,19.2863274,2,16.86370086669922,0.03719300031661987,60920.203923599795
104,2460918.7779861,303.0840967,19.2862993,1,17.809499740600586,0.05931900069117546,60918.27798609994
105,2460916.6992824,303.0840734,19.2862935,1,17.86079978942871,0.07192300260066986,60916.199282399844
106,2460913.8123611,303.0840715,19.2863451,1,17.766300201416016,0.07288700342178345,60913.31236110022
107,2460910.8205671,303.0840523,19.28634,1,17.853599548339844,0.07047700136899948,60910.32056709984
108,2460908.7964931,303.0840716,19.2863272,1,17.786300659179688,0.07464300096035004,60908.2964931
109,2460908.7337269,303.0840961,19.2863262,2,16.81100082397461,0.045416999608278275,60908.23372690007
110,2460901.7284722,303.0840834,19.2863303,1,17.801149368286133,0.05731270834803581,60901.22847220022
111,2460901.7284722,303.0840834,19.2863303,1,17.80109977722168,0.05731299892067909,60901.22847220022
112,2460901.7026157,303.0840996,19.2863458,2,16.845800399780273,0.04117399826645851,60901.2026157002
113,2460901.7026157,303.0840996,19.2863458,2,16.845800399780273,0.04117399826645851,60901.2026157002
114,2460899.7527199,303.0840692,19.2863322,2,16.858200073242188,0.06125799939036369,60899.252719900105
115,2460899.6751157,303.0841161,19.2863249,1,17.744699478149414,0.06466499716043472,60899.17511569988
116,2460897.7446181,303.0840889,19.2863309,2,16.959699630737305,0.05163000151515007,60897.244618100114
117,2460897.694375,303.0840939,19.2863253,1,17.88479995727539,0.13522200286388397,60897.19437499996
118,2460895.7398843,303.0840804,19.2863533,2,16.88920021057129,0.05199899896979332,60895.23988430016
119,2460895.7046181,303.0841013,19.2863225,1,17.80590057373047,0.08684200048446655,60895.20461810008
120,2460892.9045023,303.0840845,19.2863509,2,16.81599998474121,0.04520599916577339,60892.40450230008
121,2460890.8741088,303.084088,19.2863362,2,16.82699966430664,0.042844001203775406,60890.3741088002
122,2460888.8513194,303.0840875,19.2863258,1,17.81719970703125,0.062460001558065414,60888.35131940013
123,2460888.8513194,303.0840875,19.2863258,1,17.81719970703125,0.062460001558065414,60888.35131940013
124,2460886.8024769,303.0841015,19.2863208,2,16.800399780273438,0.04085899889469147,60886.302476900164
125,2460886.7737847,303.0840779,19.2863195,1,17.66710090637207,0.0665379986166954,60886.27378469985
126,2460884.8170949,303.0840712,19.2863168,1,17.798500061035156,0.061195001006126404,60884.31709490018
127,2460884.784456,303.084095,19.2863361,2,16.800100326538086,0.03839400038123131,60884.2844560002
128,2460882.8412384,303.0840979,19.2862906,1,17.852006912231445,0.061381179839372635,60882.34123839997
130,2460882.8083796,303.0840787,19.286325,2,16.805099487304688,0.04476900026202202,60882.308379599825
132,2460876.784838,303.0841351,19.28634,2,16.922700881958008,0.03642699867486954,60876.28483799985
133,2460873.8795255,303.0840834,19.2863468,1,17.777700424194336,0.07103099673986435,60873.379525499884
135,2460871.8003472,303.0841081,19.286342,2,16.863800048828125,0.053252000361680984,60871.30034720013
136,2460871.7446296,303.0840941,19.2863207,1,17.738800048828125,0.09325700253248215,60871.244629600085
137,2460869.7973843,303.0840651,19.2863576,2,16.86400032043457,0.05553000047802925,60869.2973842998
138,2460869.7371875,303.0840833,19.2863187,1,17.7549991607666,0.07392700016498566,60869.23718750011
139,2460867.8395718,303.0840729,19.2863354,1,17.770200729370117,0.076214998960495,60867.33957180008
140,2460867.8193519,303.0840833,19.2863323,2,16.836299896240234,0.047593001276254654,60867.3193518999
141,2460865.8509028,303.0841025,19.2863209,1,17.72719955444336,0.08045099675655365,60865.35090279998
142,2460865.8286574,303.084071,19.2863722,2,16.82200050354004,0.040063001215457916,60865.32865739986
143,2460863.8253125,303.0840718,19.2863552,2,16.77899932861328,0.05147700011730194,60863.32531249989
144,2460863.7754861,303.084082,19.2863316,1,17.81130027770996,0.0612419992685318,60863.2754861
145,2460859.8566435,303.0840989,19.2863013,1,17.83679962158203,0.06253699958324432,60859.35664349981
146,2460859.8177431,303.0840871,19.2863115,2,16.88279914855957,0.031362999230623245,60859.317743100226
148,2460857.8273958,303.0840612,19.2863358,1,17.807037353515625,0.05159321799874306,60857.327395800035
150,2460855.8963542,303.0840446,19.2863471,1,17.847700119018555,0.05098700150847435,60855.39635419985
151,2460855.8424306,303.084095,19.2863877,2,16.800500869750977,0.057610999792814255,60855.342430599965
153,2460853.8190509,303.0841006,19.2863208,1,17.743600845336914,0.05843823030591011,60853.31905090017
154,2460853.8190509,303.0841006,19.2863208,1,17.743600845336914,0.058437999337911606,60853.31905090017
156,2460851.8409259,303.0841228,19.2863108,2,16.845460891723633,0.03595685586333275,60851.3409258998
157,2460851.8409259,303.0841224,19.286311,2,16.83930015563965,0.03349899873137474,60851.3409258998
158,2460849.8361574,303.0840874,19.2863297,1,17.776599884033203,0.06897000223398209,60849.33615740016
159,2460849.7864468,303.08409,19.2863311,2,16.7992000579834,0.04163600131869316,60849.28644679999
160,2460847.8700694,303.0841214,19.2863261,1,17.776269912719727,0.06724262237548828,60847.37006939994
162,2460847.8249884,303.0841138,19.2863355,2,16.811100006103516,0.03353700041770935,60847.3249884001
163,2460845.8754282,303.0840838,19.2863261,1,17.768600463867188,0.05050399899482727,60845.37542819977
164,2460843.9222685,303.0840926,19.2863312,2,16.86370086669922,0.03892099857330322,60843.422268500086
165,2460843.7866898,303.0841022,19.2863536,1,17.80459976196289,0.055497001856565475,60843.28668980021
166,2460841.8662963,303.0840919,19.2863449,2,16.95439910888672,0.04432699829339981,60841.3662963002
167,2460841.7872569,303.0840864,19.286318,1,17.79990005493164,0.07491199672222137,60841.28725690022
168,2460836.935463,303.084056,19.2863239,1,17.91010093688965,0.07734700292348862,60836.43546300009
169,2460834.9373611,303.084109,19.2863371,1,17.659099578857422,0.09456899762153625,60834.43736110022
170,2460832.9567824,303.0840713,19.286345,2,16.858800888061523,0.05078800022602081,60832.45678240014
171,2460832.9105324,303.0840986,19.2863204,1,17.752399444580078,0.05723100155591965,60832.41053240001
172,2460826.9440509,303.0840698,19.2863084,2,16.887100219726562,0.051180001348257065,60826.44405090017
173,2460826.9188194,303.0841133,19.2863047,1,18.070499420166016,0.0892919972538948,60826.418819400016
174,2460823.8619097,303.0841274,19.2863549,2,16.917800903320312,0.06443300098180771,60823.36190970009
175,2460823.8214583,303.0841224,19.2863257,1,17.90130043029785,0.07764899730682373,60823.32145830011
176,2460821.8737384,303.0841018,19.2863373,2,16.880199432373047,0.050064001232385635,60821.37373840017
177,2460819.9331829,303.0841301,19.2863143,1,18.044200897216797,0.045274000614881516,60819.43318289984
178,2460817.9445486,303.0840882,19.2863345,1,17.857500076293945,0.059881001710891724,60817.44454859989
179,2460817.9065509,303.0840866,19.2863324,2,16.91360092163086,0.0459429994225502,60817.40655090008
180,2460815.9651389,303.0840528,19.2863332,1,17.807199478149414,0.05457700043916702,60815.465138900094
181,2460811.9430208,303.0840722,19.2863289,1,17.833499908447266,0.07101999968290329,60811.44302080013
182,2460811.9027431,303.0840893,19.2863408,2,16.8302001953125,0.046925999224185944,60811.40274310019
183,2460807.9537269,303.0840986,19.2863496,1,17.97319984436035,0.08654099702835083,60807.45372689981
184,2460807.9071412,303.0841181,19.2863335,2,16.886199951171875,0.034853000193834305,60807.4071411998
185,2460805.944838,303.0841355,19.2863514,1,17.892000198364258,0.06857799738645554,60805.444837999996
186,2460805.9258796,303.0840851,19.2863389,2,16.965299606323242,0.032933998852968216,60805.42587959999
187,2460802.9840856,303.0840893,19.2863268,2,16.95330047607422,0.02644200064241886,60802.48408559989
188,2460797.9954051,303.084083,19.2863345,1,17.83919906616211,0.10874100029468536,60797.49540509982
189,2460797.9350463,303.0841101,19.2863557,2,16.920700073242188,0.04577000066637993,60797.435046299826
190,2460794.9984491,303.0841105,19.2863372,1,17.81089973449707,0.06568899750709534,60794.49844910018
192,2460788.9370602,303.0841029,19.2863387,2,16.890300750732422,0.03700999915599823,60788.43706020014
193,2460786.9818866,303.0840671,19.2863009,1,18.038999557495117,0.1350560039281845,60786.481886600144
195,2460775.9875579,303.0840844,19.2863264,1,17.774999618530273,0.06836599856615067,60775.48755790014
196,2460775.9558102,303.0840967,19.2863466,2,16.854299545288086,0.03809799998998642,60775.45581019996
197,2460773.9307176,303.0840968,19.286356,2,16.80620002746582,0.06228899955749512,60773.430717600044
198,2460771.9881481,303.0840745,19.2863422,1,17.79520034790039,0.053794000297784805,60771.48814810021
199,2460771.9746296,303.0840772,19.2863306,2,16.910400390625,0.0394739992916584,60771.47462960007
201,2460761.9694907,303.0841102,19.2863304,2,16.908700942993164,0.08492200076580048,60761.469490699936
202,2460759.9678588,303.0841209,19.2863327,2,16.81999969482422,0.06834200024604797,60759.4678588002
203,2460758.016169,303.0841333,19.286348,2,16.86989974975586,0.04502800107002258,60757.51616899995
204,2460757.9610995,303.084069,19.2863122,1,17.838699340820312,0.08329100161790848,60757.46109949984
205,2460754.9857523,303.0840911,19.2863137,2,16.925100326538086,0.0456399992108345,60754.485752299894
207,2460733.0490625,303.0841024,19.2863158,2,16.900800704956055,0.042764998972415924,60732.54906249978
208,2460733.0445486,303.0840969,19.2863604,2,16.853099822998047,0.042479999363422394,60732.54454859998
209,2460733.0405093,303.0840794,19.2863167,2,16.94540023803711,0.05695600062608719,60732.54050929984
210,2460732.0470486,303.0840691,19.2863455,2,16.915700912475586,0.04911300167441368,60731.547048599925
211,2460732.0430324,303.0840869,19.2863667,2,16.863500595092773,0.05133099853992462,60731.543032399844
212,2460732.0401852,303.0841106,19.2863049,2,16.95159912109375,0.042653001844882965,60731.54018520005
213,2460731.0498611,303.0840741,19.2863712,2,16.925899505615234,0.04859299957752228,60730.54986110004
214,2460731.0441319,303.0841176,19.2863435,2,16.97439956665039,0.055045999586582184,60730.544131900184
215,2460731.0412384,303.0841144,19.2863089,2,16.978500366210938,0.04677199944853783,60730.541238400154
216,2460730.0554051,303.0841607,19.2863594,2,16.88450050354004,0.06574899703264236,60729.555405099876
217,2460730.0443287,303.0840806,19.2863569,2,16.847900390625,0.06407099962234497,60729.54432869982
219,2460729.0449421,303.0841416,19.286367,2,16.90369987487793,0.05529800057411194,60728.54494210007
220,2460725.0518403,303.0841294,19.2863208,2,16.960100173950195,0.047947999089956284,60724.551840300206
221,2460725.047963,303.0840473,19.2863709,2,16.947999954223633,0.052427999675273895,60724.5479629999
222,2460725.0450694,303.0841286,19.2863719,2,16.774200439453125,0.04344300180673599,60724.54506940022
225,2460724.0463657,303.0840325,19.286268,2,16.784799575805664,0.13586300611495972,60723.5463657002
227,2460722.0535648,303.0841355,19.286286,2,16.610000610351562,0.08142799884080887,60721.55356479995
228,2460722.0502083,303.0840456,19.2863614,2,16.62660026550293,0.072393998503685,60721.55020829989
229,2460711.0667477,303.0841195,19.2863698,2,16.798200607299805,0.054441001266241074,60710.566747699864
230,2460711.0662731,303.084196,19.2864088,2,16.71739959716797,0.05104900151491165,60710.56627310021
232,2460660.6317361,303.0840787,19.2863752,2,16.980722427368164,0.04989619180560112,60660.131736100186
233,2460660.6091551,303.0840733,19.2863092,1,17.859100341796875,0.06998199969530106,60660.10915509984
235,2460655.6145139,303.084021,19.286262,1,17.838199615478516,0.11716199666261673,60655.11451390013
237,2460653.5995139,303.0840833,19.2863185,2,16.879199981689453,0.04330899938941002,60653.0995139
238,2460651.6125579,303.0841497,19.2863437,2,16.91939926147461,0.03548099845647812,60651.11255790014
239,2460651.6040741,303.0840918,19.2863195,1,17.788999557495117,0.06466200202703476,60651.10407410003
240,2460647.6139931,303.0840401,19.2863287,1,17.802400588989258,0.06986899673938751,60647.11399309989
241,2460645.6241435,303.0840778,19.2863389,2,16.773099899291992,0.04382599890232086,60645.12414349988
242,2460643.6752083,303.0840645,19.2863583,2,16.798599243164062,0.06096800044178963,60643.17520829989
243,2460643.5919329,303.0840805,19.2863386,1,17.85610008239746,0.0746150016784668,60643.091932899784
244,2460639.6136227,303.0840674,19.286294,1,17.862899780273438,0.09205000102519989,60639.113622699864
245,2460636.7038773,303.0840499,19.2863433,2,16.825300216674805,0.03686700016260147,60636.203877300024
246,2460634.6421644,303.0840794,19.286324,1,17.8612003326416,0.08284000307321548,60634.14216439985
247,2460632.6552431,303.0840773,19.2863197,2,16.867900848388672,0.04517899826169014,60632.15524310013
248,2460629.6730671,303.0840391,19.2863475,1,17.75779914855957,0.0928030014038086,60629.17306709988
249,2460629.6235995,303.0840722,19.2863325,2,16.801000595092773,0.034779999405145645,60629.12359949993
250,2460627.6405671,303.0840379,19.2862864,1,17.844200134277344,0.0770220011472702,60627.14056710014
251,2460625.6252199,303.0840833,19.2863362,2,16.916900634765625,0.04637400060892105,60625.12521990016
252,2460625.5937731,303.0840733,19.2863121,1,17.857799530029297,0.06625500321388245,60625.09377310006
253,2460622.6292477,303.0840785,19.2863259,2,16.92970085144043,0.043845001608133316,60622.129247699864
254,2460622.6292477,303.0840785,19.2863259,2,16.92970085144043,0.043845001608133316,60622.129247699864
255,2460620.7026389,303.0840323,19.2863457,1,17.900699615478516,0.1137470006942749,60620.20263889991
256,2460620.6024074,303.0840987,19.2863558,2,16.885099411010742,0.06512299925088882,60620.10240740003
257,2460618.6220718,303.0840823,19.2863138,1,17.859600067138672,0.05456700176000595,60618.12207179982
258,2460618.5978356,303.0840867,19.2863375,2,16.893400192260742,0.04280100017786026,60618.09783559991
259,2460615.7271181,303.0840503,19.2863035,1,17.798500061035156,0.07469400018453598,60615.22711810004
262,2460609.6746875,303.0840774,19.2863322,1,17.819400787353516,0.06314799934625626,60609.17468750011
263,2460609.6446296,303.0840957,19.2863539,2,16.914600372314453,0.04981999844312668,60609.14462959999
264,2460607.6523264,303.0840975,19.2863263,2,16.943899154663086,0.05144999921321869,60607.152326399926
265,2460607.6234491,303.0840674,19.2863152,1,17.827600479125977,0.05189400166273117,60607.12344910018
266,2460603.7071528,303.0841451,19.2863383,1,17.980300903320312,0.06974399834871292,60603.20715280017
267,2460603.6640046,303.0840968,19.2863544,2,16.884300231933594,0.044050998985767365,60603.16400460014
268,2460600.7603935,303.0840202,19.2862779,1,17.773300170898438,0.09309499710798264,60600.26039349986
269,2460600.7261111,303.0840756,19.286334,2,16.899200439453125,0.040119998157024384,60600.226111100055
270,2460598.6671181,303.0840838,19.2863018,1,17.83169937133789,0.0716869980096817,60598.167118099984
271,2460598.6313657,303.0840873,19.2863167,2,16.8927001953125,0.0411669984459877,60598.13136570016
272,2460596.6716782,303.0840654,19.2863276,1,17.818599700927734,0.058386001735925674,60596.1716781999
274,2460593.7119907,303.0840711,19.2862951,1,17.81329917907715,0.07672499865293503,60593.2119907001
275,2460593.6827431,303.0840563,19.28633,2,16.787599563598633,0.04358899965882301,60593.182743099984
276,2460591.6718171,303.0841378,19.286293,1,17.774700164794922,0.05876699835062027,60591.17181710014
277,2460580.6511806,303.0840868,19.2863316,2,16.91189956665039,0.06205099821090698,60580.151180599816
278,2460580.6291667,303.0840815,19.2863274,1,17.800100326538086,0.057266999036073685,60580.129166699946
279,2460578.6945602,303.0840867,19.2863447,2,16.839500427246094,0.036945000290870667,60578.194560199976
280,2460571.7569676,303.0840833,19.2863276,1,17.859600067138672,0.09446500241756439,60571.25696759997
281,2460571.7152894,303.0840818,19.2863617,2,16.826000213623047,0.052747998386621475,60571.21528939996
282,2460568.7848032,303.0840563,19.2863105,1,17.785600662231445,0.062091998755931854,60568.28480320005
283,2460568.7848032,303.0840568,19.2863103,1,17.79050064086914,0.06257300078868866,60568.28480320005
284,2460568.7062616,303.0840875,19.2863342,2,16.87660026550293,0.03808499872684479,60568.2062615999
285,2460568.7062616,303.0840872,19.2863347,2,16.871400833129883,0.03884899988770485,60568.2062615999
286,2460566.7740741,303.0840583,19.286342,1,17.82379913330078,0.10134100168943405,60566.27407409996
287,2460566.7120255,303.0840754,19.2863127,2,16.926000595092773,0.03472299873828888,60566.2120254999
288,2460563.7978588,303.0840487,19.2863114,1,17.66550064086914,0.17886200547218323,60563.29785879981
289,2460563.7494329,303.0840426,19.2863471,2,16.768400192260742,0.07947800308465958,60563.24943289999
290,2460561.7821181,303.0841054,19.2863647,2,16.8174991607666,0.039055000990629196,60561.28211810021
291,2460561.7576736,303.0840796,19.2863122,1,17.808900833129883,0.07226499915122986,60561.25767360022
292,2460559.7787616,303.0840852,19.2862896,1,17.782100677490234,0.06517700105905533,60559.278761600144
293,2460559.7164468,303.0840821,19.2863245,2,16.883100509643555,0.04111099988222122,60559.21644680016
294,2460557.7632986,303.0840878,19.286298,1,17.776500701904297,0.06038599833846092,60557.26329859998
295,2460555.7389699,303.0840781,19.2863265,1,17.76289939880371,0.06398399919271469,60555.23896990018
297,2460553.7278472,303.0840922,19.2863216,1,17.805299758911133,0.06604000180959702,60553.22784719989
298,2460551.7528935,303.0840942,19.2863542,2,16.863300323486328,0.05244499817490578,60551.25289350003
299,2460549.7905787,303.0840722,19.2863115,1,17.707500457763672,0.06866200268268585,60549.29057870014
300,2460549.7087616,303.0840958,19.2863362,2,16.83930015563965,0.04431099817156792,60549.208761599846
301,2460547.7910532,303.0840592,19.2863286,1,17.74090003967285,0.07027699798345566,60547.29105320014
302,2460547.7360764,303.0840841,19.2863298,2,16.84869956970215,0.034377001225948334,60547.23607640015
303,2460545.7579745,303.0840697,19.2863399,2,16.83880043029785,0.04041900113224983,60545.25797449984
304,2460545.716169,303.0840862,19.2863259,1,17.805200576782227,0.06733299791812897,60545.21616900014
305,2460543.8218056,303.0840644,19.286329,1,17.79966163635254,0.09502789378166199,60543.32180560008
306,2460543.8218056,303.0840644,19.286329,1,17.799699783325195,0.09502799808979034,60543.32180560008
307,2460543.7916435,303.0841116,19.2863447,2,16.903799057006836,0.05831199884414673,60543.29164349986
308,2460543.7916435,303.0841116,19.2863447,2,16.903799057006836,0.05831199884414673,60543.29164349986
310,2460537.8696875,303.0840486,19.2863217,1,17.762012481689453,0.05478283762931824,60537.369687499944
311,2460537.8696875,303.0840486,19.2863217,1,17.761999130249023,0.05478300154209137,60537.369687499944
312,2460537.7986111,303.0840999,19.2863244,2,16.773399353027344,0.056992001831531525,60537.29861109983
313,2460535.851331,303.0840885,19.2863022,1,17.877599716186523,0.057753998786211014,60535.351331000216
314,2460535.7760301,303.0840974,19.2863167,2,16.871200561523438,0.03920799866318703,60535.27603009995
315,2460530.7907292,303.0840992,19.2863348,1,17.72386360168457,0.07417826354503632,60530.2907292
316,2460530.7907292,303.0840993,19.2863351,1,17.72439956665039,0.07446599751710892,60530.2907292
317,2460528.7747917,303.0840851,19.2863174,2,16.8075008392334,0.043184999376535416,60528.274791699834
318,2460528.7747917,303.0840851,19.2863174,2,16.8075008392334,0.043184999376535416,60528.274791699834
319,2460526.8384954,303.0840828,19.286329,1,17.739500045776367,0.06898599863052368,60526.3384953998
320,2460526.8384954,303.0840828,19.286329,1,17.739500045776367,0.06898599863052368,60526.3384953998
321,2460524.8853935,303.0840832,19.2863369,2,16.811599731445312,0.048264000564813614,60524.38539349986
322,2460524.8557407,303.0840727,19.2863285,1,17.839500427246094,0.07024600356817245,60524.35574069992
323,2460521.8364352,303.0840827,19.2863207,1,17.742799758911133,0.05251099914312363,60521.33643520018
324,2460521.7797685,303.0840679,19.2863424,2,16.78580093383789,0.05021499842405319,60521.27976850001
325,2460519.901088,303.0840726,19.2863096,1,17.806400299072266,0.06258299946784973,60519.40108799981
326,2460519.901088,303.0840726,19.2863096,1,17.806400299072266,0.06258299946784973,60519.40108799981
328,2460516.8930093,303.0840636,19.28633,2,16.89590072631836,0.03588800132274628,60516.39300929988
329,2460516.8176389,303.0840872,19.2863319,1,17.805400848388672,0.11135300248861313,60516.31763890013
330,2460514.9128356,303.0840357,19.2863067,1,17.78660011291504,0.09919100254774094,60514.412835599855
331,2460514.8171644,303.084083,19.2863123,2,16.97130012512207,0.0679669976234436,60514.31716440013
332,2460511.9171991,303.0840753,19.2863151,1,17.78219985961914,0.07895100116729736,60511.4171990999
333,2460511.844919,303.0840927,19.2863374,2,16.86669921875,0.05553299933671951,60511.34491899982
334,2460511.844919,303.0840927,19.2863374,2,16.86669921875,0.05553299933671951,60511.34491899982
335,2460509.7762847,303.0841144,19.2863297,2,16.835100173950195,0.043609000742435455,60509.276284699794
336,2460507.812338,303.0840738,19.2863026,2,16.83880043029785,0.0508590005338192,60507.31233800016
337,2460502.902419,303.084079,19.2863249,1,17.78190040588379,0.06987400352954865,60502.40241899993
338,2460500.8800347,303.0840784,19.2863213,2,16.816299438476562,0.03783699870109558,60500.380034700036
339,2460500.8527546,303.0840959,19.2863001,1,17.666400909423828,0.059060998260974884,60500.35275459988
573,2460496.8397569,303.0840703,19.2863499,2,16.81100082397461,0.0684410035610199,60496.33975689998
577,2460496.8378704,303.0841084,19.2863583,2,16.81439971923828,0.04304099828004837,60496.33787039993
578,2460496.8374074,303.0841412,19.2863257,2,16.838199615478516,0.0478070005774498,60496.3374073999
580,2460496.8364583,303.0841158,19.2863895,2,16.8346004486084,0.06464400142431259,60496.336458299775
581,2460496.8359954,303.0841213,19.2863178,2,16.7908992767334,0.05833100154995918,60496.33599539986
583,2460496.8350463,303.0841252,19.286324,2,16.793100357055664,0.06793499737977982,60496.3350463002
584,2460496.8345833,303.0840844,19.2863794,2,16.875900268554688,0.05368399992585182,60496.334583300166
585,2460496.8341088,303.0840934,19.2863449,2,16.78689956665039,0.05852799862623215,60496.33410880016
586,2460496.8336343,303.0840942,19.2863689,2,16.86039924621582,0.044130999594926834,60496.33363430016
587,2460496.8331597,303.0840836,19.2863925,2,16.78820037841797,0.05270899832248688,60496.333159700036
588,2460496.8326852,303.0841073,19.2863534,2,16.793399810791016,0.04761200025677681,60496.33268520003
589,2460496.8322222,303.0840911,19.2863793,2,16.8981990814209,0.054218001663684845,60496.3322222
590,2460496.8317477,303.0840944,19.2863554,2,16.80660057067871,0.06358899921178818,60496.331747699995
591,2460496.8312731,303.0840867,19.2863496,2,16.866300582885742,0.05770900100469589,60496.33127309987
592,2460496.8308102,303.0840887,19.2863587,2,16.838899612426758,0.060107000172138214,60496.33081019996
593,2460496.8303356,303.0840543,19.2863538,2,16.869400024414062,0.05886400118470192,60496.330335599836
594,2460496.8298611,303.0840962,19.2863263,2,16.864200592041016,0.05851399898529053,60496.32986109983
595,2460496.8293981,303.0840708,19.2863616,2,16.857200622558594,0.03893899917602539,60496.3293980998
596,2460496.8289236,303.0840771,19.2863229,2,16.882099151611328,0.05059399828314781,60496.328923599795
597,2460496.8284491,303.0840989,19.2863661,2,16.80970001220703,0.05319400131702423,60496.32844909979
598,2460496.8279861,303.084079,19.2863787,2,16.851499557495117,0.04174099862575531,60496.32798610022
599,2460496.8275116,303.0840576,19.2863582,2,16.84280014038086,0.0622359998524189,60496.32751160022
600,2460496.827037,303.0840737,19.2863824,2,16.860200881958008,0.05571100115776062,60496.3270370001
601,2460496.8265625,303.0840625,19.2863907,2,16.857999801635742,0.06504199653863907,60496.32656250009
602,2460496.8260995,303.0840614,19.286348,2,16.89069938659668,0.07121399790048599,60496.32609950006
603,2460496.825625,303.0840853,19.2863309,2,16.83880043029785,0.05421900004148483,60496.325625000056
604,2460496.8251505,303.0840566,19.2863967,2,16.902099609375,0.07186000049114227,60496.32515050005
605,2460496.8246875,303.0840682,19.2864052,2,16.874399185180664,0.055348001420497894,60496.32468750002
606,2460496.824213,303.0840777,19.2863699,2,16.836200714111328,0.031876999884843826,60496.324213000014
607,2460496.8237384,303.0840779,19.2863886,2,16.858400344848633,0.054356999695301056,60496.32373839989
609,2460496.8232755,303.0840745,19.2863465,2,16.899799346923828,0.05678899958729744,60496.32327549998
610,2460496.8228009,303.0840608,19.2863393,2,16.879600524902344,0.05731000006198883,60496.322800899856
611,2460496.8223264,303.0840786,19.2863906,2,16.8882999420166,0.05353999882936478,60496.32232639985
612,2460496.8218634,303.0840673,19.2863713,2,16.8882999420166,0.05946800112724304,60496.32186339982
613,2460496.8213889,303.0840567,19.2864009,2,16.971900939941406,0.053925998508930206,60496.321388899814
614,2460496.8209259,303.0840557,19.2863919,2,16.882999420166016,0.06295700371265411,60496.32092589978
615,2460496.8204514,303.0840547,19.2863945,2,16.899499893188477,0.061716001480817795,60496.32045139978
616,2460496.8199769,303.0840648,19.2864274,2,16.957199096679688,0.04158699885010719,60496.31997689977
617,2460496.8195023,303.0840523,19.2864277,2,16.937400817871094,0.043108001351356506,60496.31950230012
618,2460496.8190278,303.0840788,19.2863888,2,16.93320083618164,0.04752599820494652,60496.31902780011
621,2460496.8176157,303.0840748,19.2864036,2,16.92289924621582,0.10528600215911865,60496.317615699954
622,2460496.8171528,303.0840849,19.2863988,2,16.861600875854492,0.07991199940443039,60496.31715280004
623,2460496.8166782,303.0840565,19.2864084,2,16.939599990844727,0.08110000193119049,60496.31667819992
624,2460496.8162037,303.0840826,19.2863883,2,16.96269989013672,0.06930900365114212,60496.31620369991
626,2460496.8157292,303.0840542,19.2863781,2,16.966999053955078,0.04050099849700928,60496.31572919991
627,2460496.8152546,303.0840664,19.2863879,2,16.99139976501465,0.07067400217056274,60496.31525459979
631,2460496.8133681,303.084041,19.2864188,2,16.907899856567383,0.06912499666213989,60496.31336810021
635,2460496.8114931,303.0840722,19.2863991,2,16.879499435424805,0.08436699956655502,60496.31149310013
636,2460496.8110185,303.0840632,19.2863987,2,16.930700302124023,0.06687299907207489,60496.31101850001
637,2460496.810544,303.0840669,19.2863983,2,16.908300399780273,0.07646899670362473,60496.31054400001
638,2460496.8100694,303.0840487,19.2864065,2,16.909500122070312,0.10016100108623505,60496.310069399886
639,2460496.8095949,303.0840633,19.2864019,2,16.939800262451172,0.05731299892067909,60496.30959489988
640,2460496.8091319,303.0840496,19.2863937,2,16.88409996032715,0.05967999994754791,60496.30913189985
641,2460496.8086574,303.0840886,19.2863909,2,16.924100875854492,0.07192999869585037,60496.308657399844
642,2460496.8081829,303.0840706,19.2864401,2,16.92289924621582,0.05311800166964531,60496.30818289984
646,2460496.8063079,303.0840932,19.2864138,2,16.909700393676758,0.07913099974393845,60496.30630790023
649,2460496.8048843,303.0841088,19.2864025,2,16.88599967956543,0.07617700099945068,60496.3048843001
650,2460496.8044213,303.0840759,19.2864205,2,16.890199661254883,0.06640200316905975,60496.30442130007
651,2460496.8039468,303.084076,19.2863808,2,16.87969970703125,0.05816299840807915,60496.303946800064
652,2460496.8034838,303.0840789,19.2864089,2,16.881999969482422,0.06604500114917755,60496.30348380003
653,2460496.8030093,303.0840762,19.2863942,2,16.916099548339844,0.06224200129508972,60496.30300930003
654,2460496.8025347,303.084083,19.286367,2,16.945899963378906,0.057314999401569366,60496.302534699906
656,2460496.8011227,303.0840737,19.2863797,2,16.909400939941406,0.06880199909210205,60496.301122699864
657,2460496.8006481,303.0840988,19.2863778,2,16.86090087890625,0.06848199665546417,60496.30064810021
659,2460496.7997106,303.0840857,19.2863614,2,16.87179946899414,0.06238200142979622,60496.29971060017
660,2460496.7992361,303.0840818,19.28637,2,16.840200424194336,0.06167300045490265,60496.29923610017
661,2460496.7987731,303.084084,19.2863541,2,16.896299362182617,0.056439999490976334,60496.298773100134
662,2460496.7982986,303.0840969,19.2863893,2,16.861099243164062,0.0595100000500679,60496.29829860013
664,2460496.7978241,303.0841198,19.286374,2,16.85409927368164,0.044551998376846313,60496.297824100126
665,2460496.7973611,303.084084,19.28637,2,16.839599609375,0.07249800115823746,60496.29736110009
666,2460496.7968866,303.0840792,19.2863367,2,16.858600616455078,0.058754999190568924,60496.29688660009
667,2460496.796412,303.0840729,19.2864117,2,16.891199111938477,0.053341999650001526,60496.29641199997
668,2460496.7959491,303.0840746,19.2863863,2,16.90530014038086,0.06688900291919708,60496.29594910005
670,2460496.7954745,303.084085,19.2863756,2,16.809499740600586,0.05851700156927109,60496.29547449993
671,2460496.795,303.0840679,19.2863485,2,16.88360023498535,0.065870001912117,60496.294999999925
672,2460496.7945255,303.0840805,19.2863742,2,16.8533992767334,0.04847700148820877,60496.29452549992
673,2460496.7940625,303.0840971,19.2863348,2,16.818599700927734,0.048044998198747635,60496.29406249989
674,2460496.793588,303.084075,19.2863693,2,16.916500091552734,0.06160999834537506,60496.293587999884
675,2460496.7931134,303.0840771,19.2863432,2,16.90089988708496,0.052654001861810684,60496.29311340023
676,2460496.7926505,303.0840722,19.2863523,2,16.874500274658203,0.05227399989962578,60496.29265049985
677,2460496.7921759,303.084065,19.2863899,2,16.901500701904297,0.049991998821496964,60496.29217590019
678,2460496.7917014,303.0840855,19.2864021,2,16.854400634765625,0.04930900037288666,60496.29170140019
680,2460496.7907639,303.0840884,19.2863456,2,16.89419937133789,0.03994400054216385,60496.29076390015
681,2460496.7902894,303.0840675,19.2863845,2,16.866899490356445,0.05010699853301048,60496.290289400145
682,2460496.7898148,303.0840185,19.2864748,2,16.831499099731445,0.0805319994688034,60496.289814800024
683,2460496.7893519,303.084149,19.2863759,2,16.905099868774414,0.05235299840569496,60496.28935190011
684,2460496.7888773,303.0841043,19.2863447,2,16.8656005859375,0.05477000027894974,60496.28887729999
685,2460496.7884028,303.0840635,19.2863997,2,16.896799087524414,0.03885800018906593,60496.28840279998
686,2460496.7879398,303.0841023,19.2863417,2,16.898500442504883,0.0393109992146492,60496.28793979995
687,2460496.7874653,303.0841017,19.2863362,2,16.849000930786133,0.04858599975705147,60496.287465299945
688,2460496.7869907,303.0841106,19.286365,2,16.82309913635254,0.0638670027256012,60496.286990699824
689,2460496.7865278,303.0840699,19.2863562,2,16.923200607299805,0.03412400186061859,60496.28652779991
690,2460496.7860532,303.0840705,19.2863498,2,16.877599716186523,0.04709399864077568,60496.28605319979
691,2460496.7855787,303.08408,19.2863982,2,16.849599838256836,0.04178899899125099,60496.28557869978
693,2460496.7851042,303.0840938,19.2863464,2,16.87779998779297,0.04226699844002724,60496.28510419978
694,2460496.7846412,303.0840752,19.2863413,2,16.869400024414062,0.04712599888443947,60496.28464120021
695,2460496.7841667,303.0840889,19.286341,2,16.9335994720459,0.05298599973320961,60496.28416670021
696,2460496.7837037,303.0840896,19.286363,2,16.854999542236328,0.05545699968934059,60496.283703700174
697,2460496.7832292,303.0840953,19.2863866,2,16.888900756835938,0.06269499659538269,60496.28322920017
698,2460496.7827546,303.0841185,19.2863152,2,16.810100555419922,0.05825100094079971,60496.28275460005
699,2460496.7822917,303.0840682,19.2863553,2,16.837099075317383,0.05758000165224075,60496.28229170013
700,2460496.7818171,303.0840544,19.28638,2,16.86949920654297,0.047550998628139496,60496.28181710001
701,2460496.7813426,303.0840903,19.2863674,2,16.867799758911133,0.05789000168442726,60496.28134260001
703,2460496.7808681,303.0841022,19.2863268,2,16.845600128173828,0.06498699635267258,60496.2808681
704,2460496.7804051,303.0840785,19.2863888,2,16.882099151611328,0.05652699992060661,60496.28040509997
705,2460496.7799306,303.0841012,19.2863588,2,16.844999313354492,0.035604000091552734,60496.279930599965
706,2460496.7794676,303.084054,19.2863443,2,16.837299346923828,0.04241799935698509,60496.27946759993
707,2460496.7789931,303.0840894,19.2863617,2,16.8789005279541,0.03855400159955025,60496.27899309993
708,2460496.7785185,303.0840695,19.2863454,2,16.902999877929688,0.06438100337982178,60496.27851849981
709,2460496.7780556,303.0840629,19.2863688,2,16.897199630737305,0.058699000626802444,60496.27805559989
710,2460496.777581,303.0840962,19.286365,2,16.846599578857422,0.056992001831531525,60496.27758099977
711,2460496.7771065,303.084089,19.2863496,2,16.88949966430664,0.049842000007629395,60496.27710650023
712,2460496.7766319,303.0840942,19.286312,2,16.8262996673584,0.056297000497579575,60496.27663190011
713,2460496.776169,303.084061,19.2863745,2,16.909299850463867,0.045577000826597214,60496.27616900019
714,2460496.7756944,303.0840593,19.2863314,2,16.940099716186523,0.050801001489162445,60496.27569440007
715,2460496.7752199,303.0840886,19.2863507,2,16.901500701904297,0.04679200053215027,60496.27521990007
716,2460496.7747569,303.0841235,19.2863029,2,16.859399795532227,0.045382000505924225,60496.274756900035
717,2460496.7742824,303.0840705,19.2864056,2,16.855600357055664,0.042256999760866165,60496.27428240003
718,2460496.7738079,303.0840715,19.2864138,2,16.8705997467041,0.04714300110936165,60496.27380790003
719,2460496.7733333,303.0840775,19.2863908,2,16.867900848388672,0.03864600136876106,60496.273333299905
720,2460496.7728704,303.0840583,19.2863736,2,16.88050079345703,0.058761000633239746,60496.27287039999
721,2460496.7723958,303.0840937,19.2863567,2,16.866199493408203,0.06555800139904022,60496.27239579987
722,2460496.7719213,303.0841001,19.2863404,2,16.885499954223633,0.05100800096988678,60496.27192129986
723,2460496.7714583,303.0840881,19.2863486,2,16.902999877929688,0.035805001854896545,60496.27145829983
724,2460496.7709838,303.0840692,19.2863327,2,16.91629981994629,0.04034699872136116,60496.270983799826
725,2460496.7705093,303.0840527,19.2863468,2,16.91710090637207,0.03946400061249733,60496.27050929982
726,2460496.7700347,303.0840782,19.2863527,2,16.87380027770996,0.04750699922442436,60496.27003470017
727,2460496.7695718,303.0840818,19.2863345,2,16.89430046081543,0.044165998697280884,60496.269571799785
728,2460496.7690972,303.0840693,19.2863834,2,16.85919952392578,0.06151200085878372,60496.26909720013
729,2460496.7686343,303.0840813,19.2863564,2,16.867900848388672,0.05447300150990486,60496.26863430021
731,2460496.7681597,303.0840733,19.2864173,2,16.880699157714844,0.04671600088477135,60496.26815970009
732,2460496.7676852,303.0840616,19.2863455,2,16.87220001220703,0.05198200047016144,60496.26768520009
733,2460496.7672106,303.0841063,19.2863465,2,16.83009910583496,0.06706299632787704,60496.267210599966
734,2460496.7667477,303.0840873,19.2863789,2,16.877300262451172,0.05664300173521042,60496.26674770005
735,2460496.7662731,303.0841096,19.2863258,2,16.841999053955078,0.05511799827218056,60496.26627309993
736,2460496.7657986,303.084074,19.2863667,2,16.850900650024414,0.043163001537323,60496.265798599925
737,2460496.7653356,303.0840954,19.2863521,2,16.889999389648438,0.047853000462055206,60496.26533559989
738,2460496.7648611,303.0841103,19.2863197,2,16.862300872802734,0.05814699828624725,60496.26486109989
739,2460496.7643981,303.0840849,19.2863733,2,16.861799240112305,0.05066699907183647,60496.264398099855
740,2460496.7639236,303.084054,19.2863917,2,16.85890007019043,0.05194300040602684,60496.26392359985
741,2460496.7634491,303.0840808,19.2863439,2,16.869600296020508,0.057114001363515854,60496.263449099846
742,2460496.7629861,303.084077,19.2863892,2,16.832199096679688,0.07181999832391739,60496.26298609981
743,2460496.7625116,303.0840943,19.2863188,2,16.876399993896484,0.06598000228404999,60496.26251159981
744,2460496.762037,303.0840797,19.2863447,2,16.828100204467773,0.051913999021053314,60496.26203700015
745,2460496.7615625,303.0841025,19.2863634,2,16.89699935913086,0.054368000477552414,60496.26156250015
746,2460496.761088,303.0840977,19.2863734,2,16.86440086364746,0.050151001662015915,60496.261088000145
747,2460496.760625,303.0841079,19.2863292,2,16.83060073852539,0.04937800019979477,60496.26062500011
748,2460496.7601505,303.0840702,19.2863198,2,16.877199172973633,0.0536159984767437,60496.26015050011
749,2460496.7596759,303.0840651,19.2863834,2,16.85059928894043,0.039448000490665436,60496.259675899986
751,2460496.7592014,303.0840522,19.2863673,2,16.87420082092285,0.055486999452114105,60496.25920139998
752,2460496.7587384,303.0841095,19.2863521,2,16.875,0.07006900012493134,60496.25873839995
753,2460496.7582639,303.0840976,19.2863509,2,16.908700942993164,0.041728999465703964,60496.258263899945
755,2460496.7578009,303.0841107,19.2863484,2,16.79129981994629,0.056334998458623886,60496.25780089991
756,2460496.7573264,303.0840897,19.2863505,2,16.87150001525879,0.06390400230884552,60496.25732639991
757,2460496.7568519,303.0840865,19.2863577,2,16.854000091552734,0.037946999073028564,60496.2568518999
758,2460496.7563889,303.0840793,19.2863925,2,16.872299194335938,0.052629001438617706,60496.25638889987
759,2460496.7559144,303.0840795,19.2863489,2,16.885099411010742,0.0579800009727478,60496.255914399866
760,2460496.7554398,303.0840961,19.286369,2,16.868200302124023,0.06317800283432007,60496.25543980021
761,2460496.7549769,303.0840947,19.2863337,2,16.827600479125977,0.06119399890303612,60496.25497689983
762,2460496.7545023,303.0840628,19.2863781,2,16.90839958190918,0.04433000087738037,60496.25450230017
763,2460496.7540278,303.0840683,19.2864117,2,16.799800872802734,0.05310999974608421,60496.25402780017
764,2460496.7535648,303.0840801,19.2863859,2,16.85420036315918,0.052344001829624176,60496.253564800136
765,2460496.7530903,303.0840965,19.2863715,2,16.935699462890625,0.04701000079512596,60496.25309030013
766,2460496.7526157,303.08408,19.2863915,2,16.837499618530273,0.05532500147819519,60496.25261570001
767,2460496.7521412,303.084086,19.286346,2,16.811599731445312,0.04950600117444992,60496.252141200006
768,2460496.7516782,303.0841157,19.286328,2,16.86910057067871,0.04674899950623512,60496.25167819997
769,2460496.7512037,303.0841182,19.2863859,2,16.907699584960938,0.06276900321245193,60496.25120369997
770,2460496.7507292,303.0841441,19.2863319,2,16.837099075317383,0.05181000009179115,60496.250729199965
771,2460496.7502546,303.0840994,19.2863377,2,16.82859992980957,0.060531001538038254,60496.25025459984
772,2460496.7497801,303.084074,19.2863661,2,16.846200942993164,0.06927800178527832,60496.24978009984
773,2460496.7493171,303.0840816,19.2863277,2,16.868099212646484,0.04711199924349785,60496.249317099806
774,2460496.7488426,303.0840961,19.2863835,2,16.85449981689453,0.04830799996852875,60496.2488425998
775,2460496.7483796,303.0840763,19.2863529,2,16.814699172973633,0.07017000019550323,60496.24837959977
776,2460496.7479051,303.0840931,19.2863778,2,16.83289909362793,0.05065999925136566,60496.24790510023
777,2460496.7474306,303.0840934,19.2863615,2,16.855100631713867,0.07345400005578995,60496.247430600226
778,2460496.746956,303.0840725,19.2863728,2,16.808500289916992,0.0554720014333725,60496.246956000105
779,2460496.7464931,303.0841231,19.2863387,2,16.813100814819336,0.0641150027513504,60496.24649310019
780,2460496.7460185,303.0840664,19.286344,2,16.86090087890625,0.0621969997882843,60496.24601850007
781,2460496.745544,303.0840991,19.2863745,2,16.8794002532959,0.05243299901485443,60496.24554400006
782,2460496.745081,303.0840976,19.2863888,2,16.883499145507812,0.04606100171804428,60496.24508100003
783,2460496.7446065,303.084085,19.2863945,2,16.832300186157227,0.06187000125646591,60496.244606500026
784,2460496.7441435,303.0840877,19.2863334,2,16.918800354003906,0.03982799872756004,60496.24414349999
785,2460496.743669,303.0841318,19.2863599,2,16.853300094604492,0.05116799846291542,60496.24366899999
786,2460496.7431944,303.084137,19.2863388,2,16.829599380493164,0.06547100096940994,60496.24319439987
787,2460496.7427315,303.0840756,19.2863714,2,16.79759979248047,0.05389000102877617,60496.24273149995
788,2460496.7422569,303.0840568,19.2863939,2,16.86039924621582,0.05605499818921089,60496.24225689983
789,2460496.741794,303.084098,19.2863196,2,16.908700942993164,0.03476899862289429,60496.241793999914
790,2460496.7413079,303.0841279,19.2862715,2,16.847000122070312,0.07227200269699097,60496.24130789982
791,2460496.7408449,303.0841064,19.2863536,2,16.816999435424805,0.05856499820947647,60496.24084489979
792,2460496.7403704,303.084089,19.2863725,2,16.8257999420166,0.04736199975013733,60496.240370399784
793,2460496.7398958,303.0841128,19.2864042,2,16.847200393676758,0.07232499867677689,60496.23989580013
794,2460496.7394329,303.0840993,19.2863602,2,16.810199737548828,0.06006700173020363,60496.23943290021
795,2460496.7389583,303.0840976,19.2863361,2,16.88290023803711,0.07285399734973907,60496.23895830009
796,2460496.7384838,303.0841014,19.2863769,2,16.806400299072266,0.055994000285863876,60496.23848380009
797,2460496.7375463,303.0840659,19.2863418,2,16.896099090576172,0.04696099832653999,60496.23754630005
798,2460496.7370833,303.0840911,19.2863956,2,16.808399200439453,0.04348500072956085,60496.23708330002
799,2460496.7366088,303.0840842,19.2863588,2,16.879899978637695,0.048360999673604965,60496.23660880001
800,2460496.7361343,303.0841204,19.2863567,2,16.92840003967285,0.04921000078320503,60496.23613430001
801,2460496.7356713,303.0840944,19.2863544,2,16.898700714111328,0.04866199940443039,60496.235671299975
802,2460496.7351968,303.0840951,19.286401,2,16.861499786376953,0.07031700015068054,60496.23519679997
803,2460496.7342593,303.0840926,19.2863575,2,16.86009979248047,0.039445001631975174,60496.234259299934
804,2460496.7337847,303.0840981,19.2863713,2,16.858200073242188,0.042778000235557556,60496.23378469981
805,2460496.7333218,303.0841157,19.2863541,2,16.76460075378418,0.06695599853992462,60496.2333217999
806,2460496.7328472,303.0841027,19.2863305,2,16.806699752807617,0.06638800352811813,60496.232847199775
807,2460496.7323727,303.084044,19.2863334,2,16.916799545288086,0.04254300147294998,60496.23237269977
808,2460496.7319097,303.0841039,19.2863528,2,16.859899520874023,0.05205700173974037,60496.231909700204
809,2460496.7309606,303.0841172,19.2863735,2,16.86210060119629,0.043150998651981354,60496.23096060008
810,2460496.7304861,303.0840332,19.2863443,2,16.87700080871582,0.049201998859643936,60496.230486100074
811,2460496.7300231,303.0841692,19.2863188,2,16.830699920654297,0.06122199818491936,60496.23002310004
812,2460496.7295486,303.0841017,19.2863476,2,16.90019989013672,0.05822400003671646,60496.22954860004
813,2460496.7290741,303.0840566,19.2863823,2,16.853700637817383,0.061135001480579376,60496.22907410003
814,2460496.7285995,303.0840655,19.2863966,2,16.81529998779297,0.05666299909353256,60496.22859949991
815,2460496.7281366,303.0840825,19.2863843,2,16.852699279785156,0.05184600129723549,60496.228136599995
816,2460496.727662,303.08409,19.2863056,2,16.81049919128418,0.06377200037240982,60496.227661999874
817,2460496.7271875,303.084063,19.2863703,2,16.867799758911133,0.05774199962615967,60496.22718749987
818,2460496.726713,303.0841122,19.2863576,2,16.80929946899414,0.066102996468544,60496.226712999865
819,2460496.72625,303.0841491,19.2863329,2,16.86910057067871,0.058591000735759735,60496.22624999983
820,2460496.7257755,303.0840865,19.2863834,2,16.835800170898438,0.06948000192642212,60496.22577549983
821,2460496.7253009,303.0840934,19.2863716,2,16.843399047851562,0.07254300266504288,60496.22530090017
822,2460496.7248264,303.0840785,19.2863403,2,16.868499755859375,0.0584539994597435,60496.22482640017
823,2460496.7243634,303.0841181,19.2863728,2,16.921199798583984,0.07531099766492844,60496.224363400135
824,2460496.7238889,303.0840909,19.2863704,2,16.9153995513916,0.057996999472379684,60496.22388890013
826,2460496.7234144,303.0840716,19.2864101,2,16.904499053955078,0.039239998906850815,60496.22341440013
827,2460496.7229514,303.084126,19.2863855,2,16.79949951171875,0.05992700159549713,60496.222951400094
828,2460496.7224769,303.084133,19.2863666,2,16.810300827026367,0.0659480020403862,60496.22247690009
829,2460496.7220023,303.0840702,19.2863969,2,16.99920082092285,0.06770899891853333,60496.22200229997
830,2460496.7215394,303.0841226,19.2863267,2,16.867900848388672,0.054377999156713486,60496.22153940005
831,2460496.7210648,303.0841066,19.2863359,2,16.82699966430664,0.05260000005364418,60496.22106479993
832,2460496.7205903,303.0840171,19.2864342,2,16.926599502563477,0.064519003033638,60496.22059029993
833,2460496.7201157,303.0840589,19.2863814,2,16.867000579833984,0.06360899657011032,60496.220115699805
834,2460496.7196412,303.0840717,19.2863412,2,16.832799911499023,0.06537099927663803,60496.2196411998
835,2460496.7191667,303.0841213,19.2863528,2,16.885499954223633,0.04788200184702873,60496.2191666998
836,2460496.7187037,303.0841297,19.2863592,2,16.90839958190918,0.045531000941991806,60496.21870370023
837,2460496.7182292,303.0841031,19.2863581,2,16.933500289916992,0.03452099859714508,60496.218229200225
838,2460496.7177662,303.0840882,19.2863351,2,16.78499984741211,0.0663679987192154,60496.21776620019
839,2460496.7172917,303.0841276,19.2863041,2,16.837799072265625,0.04815400019288063,60496.21729170019
841,2460496.7168171,303.0840663,19.286369,2,16.825000762939453,0.056703001260757446,60496.21681710007
842,2460496.7163542,303.0841194,19.2863458,2,16.924400329589844,0.04960000142455101,60496.21635420015
843,2460496.7158796,303.0840927,19.2863215,2,16.874300003051758,0.058841001242399216,60496.21587960003
844,2460496.7154051,303.0841119,19.2863126,2,16.86079978942871,0.063509002327919,60496.215405100025
845,2460496.7149421,303.0840943,19.2863333,2,16.878400802612305,0.06092799827456474,60496.21494209999
847,2460496.7144676,303.0840679,19.2863792,2,16.835800170898438,0.04089599847793579,60496.21446759999
848,2460496.7139931,303.0841138,19.2863697,2,16.815900802612305,0.06002800166606903,60496.213993099984
849,2460496.7135185,303.0840929,19.2863413,2,16.83060073852539,0.061177998781204224,60496.21351849986
850,2460496.7130556,303.0840376,19.2864108,2,16.78580093383789,0.07788900285959244,60496.21305559995
851,2460496.712581,303.0840599,19.2864012,2,16.834800720214844,0.07345999777317047,60496.212580999825
852,2460496.7121065,303.0840942,19.286383,2,16.849000930786133,0.07061400264501572,60496.21210649982
853,2460496.7116435,303.0840294,19.2864225,2,16.87150001525879,0.04162599891424179,60496.21164349979
854,2460496.711169,303.0840739,19.286387,2,16.998600006103516,0.08115500211715698,60496.211168999784
855,2460496.7106944,303.0840758,19.2863634,2,16.851499557495117,0.057534001767635345,60496.21069440013
856,2460496.7102315,303.0840827,19.2863338,2,16.76759910583496,0.056540001183748245,60496.21023150021
857,2460496.7097569,303.0840701,19.2863475,2,16.871599197387695,0.05035800114274025,60496.20975690009
858,2460496.7092824,303.0840465,19.2863722,2,16.89389991760254,0.05438999831676483,60496.20928240009
859,2460496.7088194,303.0841048,19.2863178,2,16.898000717163086,0.05562400072813034,60496.20881940005
860,2460496.7083449,303.0840764,19.2862915,2,16.82349967956543,0.06202699989080429,60496.20834490005
861,2460496.7078819,303.0841009,19.2863734,2,16.817399978637695,0.04930499941110611,60496.207881900016
862,2460496.7074074,303.0841238,19.2863264,2,16.82990074157715,0.06039600074291229,60496.20740740001
863,2460496.7069329,303.0840671,19.2863515,2,16.853200912475586,0.06688900291919708,60496.20693290001
864,2460496.7064699,303.084059,19.2863441,2,16.96310043334961,0.041561998426914215,60496.206469899975
865,2460496.7059954,303.0840823,19.2863332,2,16.83099937438965,0.059654999524354935,60496.20599539997
866,2460496.7055208,303.0840969,19.2862817,2,16.83609962463379,0.05380899831652641,60496.20552079985
867,2460496.7050579,303.084066,19.2863962,2,16.885000228881836,0.04233900085091591,60496.20505789993
868,2460496.7045833,303.0840377,19.2863528,2,16.925500869750977,0.04301900044083595,60496.20458329981
869,2460496.7041088,303.084093,19.2864049,2,16.90760040283203,0.07669100165367126,60496.20410879981
870,2460496.7036343,303.0841226,19.2863728,2,16.90489959716797,0.06439399719238281,60496.2036342998
871,2460496.7031713,303.0840522,19.2864011,2,16.85219955444336,0.060993000864982605,60496.20317129977
872,2460496.7026968,303.0840927,19.2863626,2,16.91160011291504,0.03623700141906738,60496.20269680023
873,2460496.7022222,303.0840807,19.2863782,2,16.748600006103516,0.07237300276756287,60496.20222220011
874,2460496.7017593,303.0840612,19.2863695,2,17.030500411987305,0.058357998728752136,60496.201759300195
875,2460496.7012847,303.0840703,19.2863298,2,16.832399368286133,0.0473410002887249,60496.20128470007
876,2460496.7008102,303.0840539,19.2863593,2,16.825599670410156,0.04853399842977524,60496.20081020007
877,2460496.7003356,303.0841205,19.2863017,2,16.8799991607666,0.03693699836730957,60496.20033559995
878,2460496.6998611,303.0841052,19.2863262,2,16.880599975585938,0.0606670007109642,60496.19986109994
879,2460496.6993981,303.0841479,19.2863471,2,16.855899810791016,0.07868900150060654,60496.19939809991
880,2460496.6989236,303.0841366,19.2863447,2,16.787900924682617,0.07361900061368942,60496.198923599906
881,2460496.6984491,303.0840741,19.2863761,2,16.838899612426758,0.05542000010609627,60496.1984490999
882,2460496.6979745,303.0841281,19.2862897,2,16.83180046081543,0.0566210001707077,60496.19797449978
883,2460496.6975116,303.0840502,19.2863843,2,16.86090087890625,0.05153999850153923,60496.197511599865
884,2460496.697037,303.0841366,19.2863086,2,16.86370086669922,0.055890001356601715,60496.19703700021
885,2460496.6965741,303.0841329,19.2863469,2,16.865299224853516,0.06978099793195724,60496.19657409983
886,2460496.6960995,303.0841134,19.286392,2,16.815799713134766,0.07945399731397629,60496.19609950017
887,2460496.695625,303.0840901,19.2863897,2,16.815099716186523,0.04723000153899193,60496.19562500017
888,2460496.695162,303.0840737,19.2863688,2,16.781700134277344,0.058010000735521317,60496.195162000135
889,2460496.6946875,303.0841008,19.2864058,2,16.864200592041016,0.05225599929690361,60496.19468750013
890,2460496.694213,303.0840693,19.2864071,2,16.81279945373535,0.06627099961042404,60496.194213000126
891,2460496.6937384,303.0840998,19.2863748,2,16.894100189208984,0.07066900283098221,60496.193738400005
892,2460496.6932755,303.0841278,19.2863609,2,16.740800857543945,0.07894899696111679,60496.19327550009
893,2460496.6928009,303.0840598,19.286391,2,16.807300567626953,0.07330799847841263,60496.19280089997
894,2460494.9153241,303.0840884,19.2863163,1,17.744699478149414,0.062244001775979996,60494.41532409983
895,2460494.8585185,303.0841093,19.2863412,2,16.865999221801758,0.0358709990978241,60494.35851849988
896,2460490.8919329,303.0841018,19.2863289,2,16.818199157714844,0.04885299876332283,60490.391932900064
897,2460490.8544792,303.0840803,19.2863076,1,17.750900268554688,0.06723199784755707,60490.35447920021
898,2460485.9155556,303.0841067,19.2863042,1,17.744199752807617,0.0736590027809143,60485.41555560008
899,2460485.8674421,303.0840774,19.2862984,2,16.765300750732422,0.049956999719142914,60485.36744209984
900,2460483.8563194,303.084129,19.28633,2,16.779600143432617,0.04873500019311905,60483.356319400016
901,2460481.9159954,303.0840716,19.2863242,1,17.760900497436523,0.05756999924778938,60481.41599539993
902,2460481.9159954,303.0840709,19.2863242,1,17.764699935913086,0.057906001806259155,60481.41599539993
903,2460481.8732176,303.0840778,19.2863082,2,16.826099395751953,0.034418001770973206,60481.37321759993
905,2460479.8995718,303.0840889,19.2863088,1,17.75670051574707,0.06675700098276138,60479.39957180014
906,2460479.8588079,303.0840927,19.2863133,2,16.819700241088867,0.036435000598430634,60479.35880789999
907,2460476.8797685,303.0840905,19.2863285,1,17.66790008544922,0.06405899673700333,60476.379768500105
908,2460474.941088,303.0840867,19.2863143,1,17.759899139404297,0.05368399992585182,60474.44108799985
909,2460474.9062616,303.0840866,19.2863195,2,16.839599609375,0.04060899838805199,60474.40626160009
910,2460472.94125,303.0840938,19.286317,1,17.72330093383789,0.04543200135231018,60472.44125000015
911,2460469.9571065,303.0840757,19.2863136,1,17.741300582885742,0.058584000915288925,60469.45710649993
913,2460469.9037153,303.0841153,19.2863522,2,16.74679946899414,0.043880999088287354,60469.40371529991
914,2460463.9438889,303.0840732,19.2863082,1,17.75429916381836,0.05836699903011322,60463.44388889987
915,2460463.9072222,303.0840942,19.2863525,2,16.843399047851562,0.04690999910235405,60463.407222200185
916,2460460.9228472,303.08408,19.2863206,1,17.71082305908203,0.05587265267968178,60460.422847200185
917,2460460.9228472,303.08408,19.2863206,1,17.710800170898438,0.055872999131679535,60460.422847200185
918,2460460.8914236,303.0841048,19.2863235,2,16.800500869750977,0.035805001854896545,60460.391423599795
919,2460460.8914236,303.0841048,19.2863235,2,16.800500869750977,0.035805001854896545,60460.391423599795
920,2460458.9422801,303.0840822,19.2863265,1,17.674699783325195,0.08422999829053879,60458.44228010019
921,2460458.8879745,303.0841021,19.2863241,2,16.844499588012695,0.04728899896144867,60458.38797450019
922,2460456.9331829,303.0840734,19.28633,1,17.766799926757812,0.06910300254821777,60456.43318289984
923,2460456.8591782,303.0841003,19.2863327,2,16.852399826049805,0.045194000005722046,60456.3591781999
924,2460451.8840509,303.0840966,19.2863009,2,16.824199676513672,0.029935000464320183,60451.38405090012
926,2460449.9418519,303.0840935,19.2863243,1,17.71150016784668,0.0482960008084774,60449.44185189996
927,2460449.8836806,303.084085,19.2863295,2,16.757299423217773,0.0410350002348423,60449.38368060021
928,2460446.9584144,303.0840896,19.2863485,2,16.85919952392578,0.029662000015378,60446.4584144
929,2460446.9356597,303.0840683,19.2862993,1,17.815900802612305,0.04645099863409996,60446.43565970007
930,2460443.9557523,303.0841011,19.2863213,1,17.743799209594727,0.04770499840378761,60443.4557523001
931,2460443.8836343,303.0841038,19.2863501,2,16.754499435424805,0.048900000751018524,60443.38363429997
932,2460430.9578472,303.0840865,19.2863295,2,16.819000244140625,0.06368699669837952,60430.45784719987
933,2460423.9725463,303.0840912,19.2863088,1,17.889400482177734,0.0736910030245781,60423.47254629992
934,2460423.9519792,303.0840932,19.2863073,2,16.89590072631836,0.04093499854207039,60423.45197919989
935,2460421.9461458,303.0840812,19.2863066,1,17.8218994140625,0.07620099931955338,60421.44614579994
936,2460421.9249769,303.0841204,19.2863641,2,16.794099807739258,0.105833999812603,60421.42497690022
937,2460408.9972106,303.0840376,19.2863409,1,17.844900131225586,0.08352500200271606,60408.49721059995
938,2460408.9514815,303.0841166,19.2863361,2,16.82550048828125,0.05474900081753731,60408.451481500175
940,2460398.9745602,303.084147,19.2863023,2,16.821500778198242,0.04957199841737747,60398.47456019977
941,2460393.0031481,303.0840761,19.2862944,1,17.635499954223633,0.10693299770355225,60392.50314809987
943,2460390.9982176,303.0841282,19.2862893,1,17.743099212646484,0.07186099886894226,60390.49821759993
944,2460369.0403356,303.084121,19.2863406,2,16.9375,0.08411499857902527,60368.5403355998
945,2460369.0398727,303.0841174,19.2863302,2,17.00629997253418,0.06438600271940231,60368.53987269988
946,2460369.0393981,303.0841286,19.286305,2,17.05190086364746,0.054972998797893524,60368.53939810023
949,2460364.0533565,303.084014,19.2863207,2,16.746200561523438,0.2274329960346222,60363.55335649988
950,2460358.0607986,303.0840597,19.2863287,2,16.884199142456055,0.049150001257658005,60357.56079859985
951,2460358.0603241,303.084063,19.286318,2,16.765399932861328,0.05584000051021576,60357.560324099846
952,2460358.0598495,303.0841175,19.2863491,2,16.867799758911133,0.06466600298881531,60357.55984950019
953,2460357.0645255,303.0841287,19.2862974,2,16.892499923706055,0.03017999976873398,60356.56452549994
954,2460357.0640625,303.0840791,19.2863423,2,16.931499481201172,0.04975099861621857,60356.56406249991
955,2460357.063588,303.0841126,19.2863395,2,16.8523006439209,0.040383998304605484,60356.5635879999
956,2460356.0615741,303.0841249,19.2863442,2,16.806299209594727,0.05770599842071533,60355.56157410005
957,2460356.0610995,303.0841234,19.2863265,2,16.806800842285156,0.04808200150728226,60355.56109949993
958,2460356.060625,303.0841672,19.2863689,2,16.795000076293945,0.05264899879693985,60355.560624999925
959,2460355.0624537,303.0841382,19.2863365,2,16.8705997467041,0.046268999576568604,60354.56245370023
960,2460355.0619792,303.0841095,19.2863313,2,16.806400299072266,0.045914001762866974,60354.561979200225
961,2460355.0615046,303.084069,19.2863249,2,16.92340087890625,0.04600999876856804,60354.561504600104
962,2460354.0602431,303.0841627,19.2864025,2,16.969100952148438,0.05653899908065796,60353.56024309993
963,2460354.0597801,303.0841133,19.2863228,2,16.96299934387207,0.03739599883556366,60353.559780099895
964,2460354.0576736,303.0840981,19.2863428,2,16.93939971923828,0.06439799815416336,60353.55767360004
965,2460353.0605903,303.0841253,19.2863755,2,16.734800338745117,0.07817400246858597,60352.56059029978
966,2460353.0601157,303.0840824,19.2864704,2,17.031200408935547,0.08143900334835052,60352.56011570012
967,2460353.0596528,303.0840452,19.2862357,2,17.108400344848633,0.08420500159263611,60352.559652800206
968,2460352.0623264,303.0840556,19.2863566,2,16.964000701904297,0.058765001595020294,60351.562326400075
969,2460352.0618519,303.0840878,19.2863883,2,16.988800048828125,0.046911001205444336,60351.56185190007
970,2460352.0613773,303.0841186,19.2864063,2,17.1018009185791,0.1010269969701767,60351.56137729995
971,2460291.6206944,303.0840559,19.2863404,2,16.933725357055664,0.05564031004905701,60291.12069439981
972,2460289.6395139,303.0840012,19.2863371,2,16.654699325561523,0.12884099781513214,60289.13951390004
973,2460284.6434954,303.0841264,19.2863222,2,16.792699813842773,0.04114300012588501,60284.14349539997
974,2460263.6733912,303.0840161,19.2863236,1,17.805200576782227,0.08626099675893784,60263.17339120014
975,2460263.6178704,303.0840661,19.2863433,2,16.942899703979492,0.04441700130701065,60263.117870400194
976,2460260.7048495,303.0840563,19.2863293,2,16.864999771118164,0.03240099921822548,60260.20484950021
977,2460260.6349769,303.0840851,19.2863009,1,17.88920021057129,0.0610009990632534,60260.13497690018
978,2460258.6336806,303.0840628,19.2863025,1,17.894399642944336,0.06886599957942963,60258.13368060021
979,2460255.6238542,303.0840614,19.2863077,1,18.03350067138672,0.09079399704933167,60255.12385419989
980,2460253.6436458,303.0841063,19.2863284,2,16.999900817871094,0.043446000665426254,60253.143645800184
981,2460253.6253009,303.0840785,19.2863479,1,17.892200469970703,0.07543200254440308,60253.12530090008
982,2460251.6837731,303.0840463,19.2862974,2,16.90679931640625,0.042844999581575394,60251.18377309991
983,2460251.6236227,303.0840672,19.2863188,1,17.88960075378418,0.05686900019645691,60251.123622700106
984,2460249.6968171,303.0840067,19.2862813,1,17.845500946044922,0.09934400022029877,60249.19681710005
985,2460249.651412,303.0840597,19.2863389,2,16.876399993896484,0.05297499895095825,60249.15141199995
986,2460247.6515046,303.0840878,19.2864042,2,16.7731990814209,0.051224999129772186,60247.151504599955
987,2460247.6170949,303.0840511,19.2861905,1,17.770099639892578,0.12349099665880203,60247.11709489999
988,2460245.6806944,303.0840694,19.2863111,2,16.898500442504883,0.04061900079250336,60245.18069439987
989,2460245.6345833,303.084055,19.2863515,1,17.94930076599121,0.0732709988951683,60245.13458329998
990,2460242.6420139,303.0840632,19.2863318,1,17.84309959411621,0.0677030012011528,60242.14201389998
991,2460239.6642477,303.0840795,19.2863277,1,17.95330047607422,0.06122799962759018,60239.16424770001
993,2460237.7209144,303.0840709,19.2863084,1,17.91790008544922,0.06511300057172775,60237.22091440018
995,2460235.6552315,303.0840836,19.2863062,1,17.93910026550293,0.06160999834537506,60235.155231500044
996,2460235.6385532,303.0840894,19.2863517,2,16.957500457763672,0.060589998960494995,60235.138553199824
997,2460233.7014005,303.0840824,19.2863365,1,17.87459945678711,0.06242400035262108,60233.20140049979
998,2460233.6428704,303.0840758,19.2863301,2,16.922000885009766,0.045242998749017715,60233.1428704001
999,2460231.6835185,303.0840657,19.2863048,1,17.874900817871094,0.07028499990701675,60231.18351850007
1000,2460231.6576968,303.084075,19.2863156,2,16.877199172973633,0.055153001099824905,60231.15769679984
1001,2460228.7295139,303.0840704,19.2863194,1,17.83169937133789,0.06853900104761124,60228.22951389989
1002,2460228.6610764,303.0840968,19.2863032,2,16.794099807739258,0.04867500066757202,60228.16107639996
1003,2460226.7235995,303.0840827,19.286339,2,16.92329978942871,0.057978998869657516,60226.22359950002
1004,2460226.6878009,303.0840986,19.2863201,1,17.828800201416016,0.04757000133395195,60226.18780090008
1005,2460223.6845486,303.0841073,19.2863496,2,16.88129997253418,0.04559500142931938,60223.18454860011
1006,2460223.6498264,303.0840748,19.2863131,1,17.852800369262695,0.0587799996137619,60223.14982639998
1008,2460221.7890046,303.0841243,19.286322,2,16.936199188232422,0.04589100182056427,60221.28900460014
1009,2460221.7050347,303.084084,19.2863337,1,17.87619972229004,0.09869000315666199,60221.20503470022
1010,2460217.6691898,303.0840947,19.2863408,2,16.936899185180664,0.05954200029373169,60217.16918980004
1011,2460217.6292014,303.0840861,19.286326,1,17.898000717163086,0.06054899841547012,60217.129201400094
1012,2460215.7449537,303.0840748,19.2863432,2,16.911399841308594,0.04682299867272377,60215.244953699876
1013,2460215.6795949,303.0840582,19.2863527,1,17.853200912475586,0.09267400205135345,60215.17959489999
1014,2460213.6931944,303.0841012,19.2863283,2,16.903200149536133,0.04641300067305565,60213.19319440005
1015,2460213.633912,303.0840674,19.2863216,1,17.807100296020508,0.07424700260162354,60213.133911999874
1016,2460211.7217245,303.0840714,19.2863073,1,17.887300491333008,0.06884700059890747,60211.22172449995
1017,2460211.6485301,303.0840772,19.286327,2,16.893800735473633,0.04410000145435333,60211.14853010001
1019,2460203.7590162,303.0840838,19.2863097,1,17.910999298095703,0.06869199872016907,60203.25901619997
1020,2460203.714537,303.0840941,19.2863096,2,16.970500946044922,0.050721000880002975,60203.21453699982
1021,2460201.7148148,303.0840929,19.2863155,1,17.955278396606445,0.07347249239683151,60201.21481479984
1022,2460201.7148148,303.0840929,19.2863155,1,17.955299377441406,0.07347200065851212,60201.21481479984
1024,2460198.7671181,303.0840931,19.2863478,2,16.902799606323242,0.0632219985127449,60198.26711810008
1025,2460195.8289699,303.0840621,19.286311,1,17.913652420043945,0.06850969791412354,60195.32896990003
1026,2460195.8289699,303.0840621,19.286311,1,17.913700103759766,0.06851000338792801,60195.32896990003
1027,2460195.7350926,303.0841051,19.2863171,2,16.996299743652344,0.03984300047159195,60195.235092599876
1028,2460195.7350926,303.0841051,19.2863171,2,16.996299743652344,0.03984300047159195,60195.235092599876
1029,2460193.7679051,303.0840843,19.2863254,2,17.019500732421875,0.035092998296022415,60193.26790509978
1030,2460193.7485532,303.0840994,19.2863236,1,17.875499725341797,0.0672290027141571,60193.24855320016
1031,2460187.7421875,303.0841145,19.2863604,2,16.947399139404297,0.058952998369932175,60187.2421875
1032,2460187.6582523,303.0840886,19.2863298,1,17.923599243164062,0.09783899784088135,60187.15825230023
1033,2460185.7334144,303.0841131,19.2863648,2,17.059799194335938,0.04538000002503395,60185.2334143999
1034,2460185.6821528,303.084086,19.2863512,1,17.986600875854492,0.08828900009393692,60185.182152799796
1035,2460183.9038079,303.0840269,19.2863293,1,17.92970085144043,0.07729899883270264,60183.403807899915
1036,2460183.6953472,303.0840837,19.2863315,2,17.001300811767578,0.05246800184249878,60183.19534720015
1037,2460181.8490972,303.0841425,19.2863105,1,17.97610092163086,0.05511699989438057,60181.349097200204
1038,2460181.735162,303.0840644,19.2863244,2,17.02440071105957,0.05561999976634979,60181.23516200017
1041,2460174.8179282,303.0840578,19.2863314,1,17.8789005279541,0.07756099849939346,60174.31792820012
1042,2460174.7561343,303.0841066,19.2863174,2,17.012500762939453,0.03598399832844734,60174.25613430003
1044,2460172.7707755,303.084066,19.2863058,1,18.019899368286133,0.08621799945831299,60172.27077550022
1045,2460170.8380903,303.0840789,19.2862832,1,18.00860023498535,0.07390400022268295,60170.338090300094
1046,2460170.7985417,303.0841018,19.2863229,2,16.982900619506836,0.0387439988553524,60170.2985417
1047,2460168.8611806,303.0840573,19.2863112,1,17.992599487304688,0.06436099857091904,60168.36118059978
1048,2460164.791331,303.0840789,19.2863329,2,17.05459976196289,0.04735700041055679,60164.29133100016
1049,2460162.857581,303.0840977,19.2863136,1,18.00510025024414,0.09938500076532364,60162.357580999844
1050,2460162.8176505,303.0841026,19.2863726,2,17.031999588012695,0.05740699917078018,60162.31765050022
1051,2460160.7966435,303.084118,19.2862862,1,18.0487003326416,0.07579199969768524,60160.296643500216
1054,2460156.8259028,303.0840567,19.2863226,1,17.92490005493164,0.0918240025639534,60156.325902800076
1056,2460152.8522106,303.0841055,19.2862908,1,18.015899658203125,0.07079699635505676,60152.35221059993
1057,2460152.8196412,303.0841155,19.286316,2,17.12339973449707,0.03593900054693222,60152.319641199894
1059,2460148.7963773,303.0840672,19.2863186,1,18.083200454711914,0.07475599646568298,60148.29637729982
1060,2460146.8421296,303.0840955,19.2863415,2,17.07900047302246,0.056522998958826065,60146.34212959977
1061,2460143.9562963,303.0840841,19.2863247,1,18.004499435424805,0.08369699865579605,60143.45629630005
1062,2460141.7945949,303.0840744,19.2863118,1,17.991300582885742,0.07305499911308289,60141.29459490022
1063,2460141.7891551,303.0840885,19.2862869,2,17.067899703979492,0.053759001195430756,60141.28915510001
1064,2460139.9253935,303.084092,19.2863186,1,17.918399810791016,0.07168199867010117,60139.4253934999
1065,2460137.8578356,303.0840467,19.2863362,1,17.984500885009766,0.07184000313282013,60137.35783560015
1066,2460135.9359144,303.0840987,19.2863505,2,17.110599517822266,0.06063099950551987,60135.435914400034
1067,2460135.8206597,303.0841012,19.2863143,1,17.987899780273438,0.07403799891471863,60135.32065969985
1068,2460133.8795602,303.0840786,19.2863299,2,17.132999420166016,0.060423001646995544,60133.37956020003
1069,2460127.9237847,303.084071,19.2863338,1,18.058799743652344,0.0834370031952858,60127.42378470022
1070,2460127.8230903,303.0840634,19.286335,2,17.079999923706055,0.048746999353170395,60127.323090299964
1071,2460125.8564236,303.0840976,19.2863216,1,18.00480079650879,0.08149699866771698,60125.35642360011
1072,2460123.920625,303.0840973,19.2863275,2,17.067800521850586,0.05262000113725662,60123.420624999795
1073,2460123.8603819,303.0840898,19.2863234,1,17.990800857543945,0.06288500130176544,60123.36038189987
1074,2460121.8074306,303.084105,19.2863175,2,17.02669906616211,0.04787199944257736,60121.307430599816
1075,2460119.9042245,303.0840744,19.28632,1,18.047399520874023,0.08651900291442871,60119.40422450006
1077,2460117.9339468,303.0841034,19.28629,1,18.09269905090332,0.0768899992108345,60117.43394679995
1078,2460117.9019444,303.0841088,19.2863252,2,17.09589958190918,0.052313998341560364,60117.40194439981
1079,2460114.9212269,303.0840539,19.2862809,1,18.08139991760254,0.07568500190973282,60114.42122690007
1080,2460114.8833681,303.0840859,19.2863361,2,17.091299057006836,0.054402999579906464,60114.38336810004
1081,2460111.9058796,303.084062,19.2863366,1,18.128999710083008,0.11438199877738953,60111.40587959997
1082,2460109.9009954,303.0841169,19.2863174,1,18.083099365234375,0.06859999895095825,60109.4009953998
1083,2460104.8826968,303.0841019,19.2863146,2,17.095399856567383,0.05121000111103058,60104.382696799934
1085,2460100.921412,303.0840813,19.2863282,2,17.11280059814453,0.07282499969005585,60100.42141199997
1086,2460098.8990856,303.0841129,19.2863378,2,17.10689926147461,0.04785799980163574,60098.39908559993
1087,2460090.9457986,303.0840972,19.2863522,2,17.122499465942383,0.06401199847459793,60090.44579860009
1088,2460088.9464699,303.0841195,19.2863354,1,18.06170082092285,0.05941599979996681,60088.4464699002
1089,2460088.9224306,303.0841093,19.286321,2,17.158700942993164,0.04766999930143356,60088.42243060004
1090,2460084.9262731,303.0840758,19.2863648,1,18.077899932861328,0.06265799701213837,60084.42627310008
1091,2460084.9057986,303.0840305,19.2862641,2,17.077999114990234,0.05122800171375275,60084.405798600055
1092,2460082.9450926,303.0841466,19.286339,2,17.14539909362793,0.07127600163221359,60082.44509259984
1093,2460082.9245833,303.0841228,19.2862982,1,18.072500228881836,0.0741019994020462,60082.42458330002
1094,2460079.9479167,303.0840946,19.28632,1,18.064699172973633,0.061581000685691833,60079.44791670004
1095,2460079.9330324,303.0841118,19.2863285,2,17.210899353027344,0.037950001657009125,60079.433032399975
1096,2460077.9628472,303.0841159,19.2863209,2,17.167600631713867,0.04945100098848343,60077.46284720022
1097,2460077.9120255,303.0841138,19.2862882,1,18.069700241088867,0.08257299661636353,60077.41202550009
1098,2460073.9217824,303.0840977,19.2863264,1,18.04450035095215,0.10454799979925156,60073.42178239999
1099,2460073.8997454,303.084124,19.2863524,2,17.129499435424805,0.06351199746131897,60073.399745400064
1100,2460065.9623148,303.0841078,19.286298,1,18.147899627685547,0.07380300015211105,60065.462314799894
1101,2460065.9225,303.0841129,19.2863308,2,17.128400802612305,0.0596809983253479,60065.42249999987
1102,2460059.9709028,303.0841784,19.2862969,1,18.114599227905273,0.08130499720573425,60059.470902800094
1103,2460059.9501157,303.0841411,19.2863201,2,17.144500732421875,0.04917199909687042,60059.45011569979
1104,2460057.9807755,303.084106,19.2863205,1,18.12649917602539,0.09137900173664093,60057.48077550018
1105,2460054.984537,303.0841107,19.2863216,2,17.19260025024414,0.043529000133275986,60054.48453699984
1106,2460054.9522917,303.0841321,19.2863239,1,17.967599868774414,0.09183300286531448,60054.45229170006
1107,2460051.9825347,303.0841005,19.2863251,1,18.085100173950195,0.060446999967098236,60051.48253470007
1108,2460046.9677315,303.0841232,19.2863446,1,17.986600875854492,0.2612229883670807,60046.467731500044
1109,2460044.9331366,303.0840875,19.2863492,2,17.153799057006836,0.06788399815559387,60044.43313660007
1110,2460042.9921181,303.0841321,19.2863131,1,18.10059928894043,0.07034000009298325,60042.49211810017
1111,2460042.9649537,303.0841122,19.2863271,2,17.214599609375,0.06717400252819061,60042.46495370008
1112,2460032.9499306,303.0841382,19.2863525,2,16.996400833129883,0.06821399927139282,60032.44993059989
1113,2460030.003912,303.0840972,19.2862832,1,18.09079933166504,0.06551499664783478,60029.503911999986
1114,2460029.9780556,303.0840585,19.2863259,2,17.089599609375,0.038947999477386475,60029.47805560008
1115,2460017.0091898,303.084148,19.2863971,2,17.12380027770996,0.0615760013461113,60016.509189799894
1116,2460016.9982292,303.0841578,19.2862621,1,18.16029930114746,0.096950002014637,60016.49822920002
1118,2459997.0597106,303.0840822,19.2862965,2,17.071300506591797,0.04707299917936325,59996.55971059995
1120,2459997.0549884,303.084066,19.2863977,2,17.1737003326416,0.05309100076556206,59996.55498840008
1121,2459997.0526273,303.084121,19.2863172,2,17.14430046081543,0.0655599981546402,59996.55262729991
1126,2459994.0634954,303.0840631,19.286369,2,17.279499053955078,0.09973400086164474,59993.563495399896
1127,2459994.0610532,303.0841693,19.2863064,2,17.312000274658203,0.06533899903297424,59993.56105320016
1128,2459994.0586227,303.0840591,19.2863531,2,17.125499725341797,0.04969000071287155,59993.55862270016
1129,2459988.0651389,303.084053,19.2864127,2,17.191299438476562,0.06439699977636337,59987.56513890019
1130,2459988.0627431,303.0839355,19.2863707,2,17.28059959411621,0.06205400079488754,59987.56274309987
1131,2459924.631713,303.0840471,19.2863353,2,17.295276641845703,0.06628228724002838,59924.131713000126
1132,2459922.6656134,303.0840179,19.2863403,1,18.190099716186523,0.12264999747276306,59922.16561339982
1133,2459922.6079282,303.0840879,19.2863217,2,17.321500778198242,0.08784300088882446,59922.10792820016
1134,2459913.6302315,303.084069,19.2863659,2,17.2362003326416,0.0938280001282692,59913.13023150014
1135,2459909.6013657,303.0841095,19.2863682,2,17.28459930419922,0.052712999284267426,59909.1013656999
1136,2459907.6224537,303.0841548,19.2863416,1,18.16189956665039,0.12959200143814087,59907.12245369982
1137,2459907.6030903,303.0840087,19.2862893,2,17.280899047851562,0.048705000430345535,59907.103090300225
1139,2459903.6838773,303.0840029,19.2863597,1,18.189199447631836,0.09977699816226959,59903.183877300005
1140,2459903.6359722,303.0840161,19.2863517,2,17.144100189208984,0.06273200362920761,59903.13597219996
1142,2459901.6149884,303.0840956,19.2862942,1,18.267200469970703,0.09848099946975708,59901.114988400135
1143,2459899.631088,303.0840787,19.2863898,1,18.340099334716797,0.09276299923658371,59899.13108799979
1144,2459899.6121875,303.0840849,19.2863662,2,17.22279930114746,0.09023600071668625,59899.11218750011
1145,2459897.6733912,303.0840446,19.2863043,2,17.411699295043945,0.06350000202655792,59897.17339120014
1146,2459897.6369097,303.0841006,19.2863197,1,18.354000091552734,0.08897999674081802,59897.1369097
1147,2459895.6636806,303.0840828,19.2863161,1,18.19339942932129,0.09987200051546097,59895.1636806
1148,2459895.6390394,303.0840748,19.2863366,2,17.450000762939453,0.05848800018429756,59895.139039400034
1149,2459890.6315856,303.0840491,19.286316,1,18.38450050354004,0.09880399703979492,59890.131585599855
1150,2459888.6740046,303.0840847,19.2862665,1,18.414600372314453,0.10551200062036514,59888.17400459992
1151,2459888.6104051,303.0840435,19.2863202,2,17.3080997467041,0.08197899907827377,59888.110405100044
1152,2459883.6646991,303.0840242,19.2863135,1,18.33639907836914,0.13120999932289124,59883.16469909996
1153,2459883.6216319,303.0841125,19.2863376,2,17.44849967956543,0.044211000204086304,59883.12163189985
1154,2459881.7621528,303.0840831,19.2863525,2,17.45840072631836,0.07610499858856201,59881.26215279987
1155,2459881.6303472,303.0840861,19.2863228,1,18.270000457763672,0.098130002617836,59881.130347200204
1156,2459879.7000347,303.0841001,19.2863081,1,18.35260009765625,0.10239899903535843,59879.20003469987
1157,2459879.6315741,303.0841168,19.2863318,2,17.47760009765625,0.054625000804662704,59879.13157409988
1158,2459877.7266319,303.0839797,19.2863141,1,18.49959945678711,0.1153469979763031,59877.22663189983
1159,2459877.6316898,303.0840771,19.2863213,2,17.502300262451172,0.05527900159358978,59877.13168979995
1160,2459873.6609722,303.0840697,19.2863562,2,17.522600173950195,0.06889499723911285,59873.16097219987
1161,2459871.6652199,303.0840611,19.2863474,2,17.583499908447266,0.047501999884843826,59871.1652199002
1162,2459867.6661458,303.084114,19.2863481,2,17.506999969482422,0.048082999885082245,59867.16614580015
1163,2459865.6851968,303.0840725,19.2863355,1,18.434099197387695,0.09359200298786163,59865.18519680016
1164,2459863.6758565,303.084066,19.2862931,1,18.517499923706055,0.14991700649261475,59863.17585649993
1165,2459861.7432523,303.0841134,19.2862692,2,17.68709945678711,0.07691899687051773,59861.24325230019
1166,2459861.6796065,303.0840726,19.2863318,1,18.60409927368164,0.15771199762821198,59861.17960650008
1167,2459859.72625,303.0842274,19.2863219,2,17.613500595092773,0.05247500166296959,59859.22624999983
1168,2459859.72625,303.0841917,19.286311,2,17.70199966430664,0.06679099798202515,59859.22624999983
1169,2459859.6711111,303.0840925,19.2862987,1,18.5575008392334,0.13902400434017181,59859.17111109989
1171,2459857.6900926,303.0841253,19.2863142,2,17.698299407958984,0.06445500254631042,59857.19009259995
1172,2459855.7360995,303.0840425,19.2862944,1,18.541000366210938,0.1135300025343895,59855.23609950021
1173,2459855.6631829,303.0840299,19.2863589,2,17.550899505615234,0.09044899791479111,59855.16318289982
1174,2459853.6496875,303.0841105,19.286267,1,18.52899932861328,0.111115001142025,59853.149687500205
1175,2459851.7065856,303.0841287,19.2862945,1,18.493200302124023,0.0696289986371994,59851.20658560004
1176,2459851.6550463,303.0841344,19.2863243,2,17.57550048828125,0.05638200044631958,59851.15504630003
1177,2459849.7068287,303.0840943,19.2862798,1,18.415199279785156,0.08993399888277054,59849.20682869991
1178,2459849.6602199,303.0841174,19.2863809,2,17.59469985961914,0.06592600047588348,59849.160219899844
1179,2459847.6743519,303.0841953,19.2863513,2,17.542299270629883,0.05950300022959709,59847.174351899885
1180,2459847.6507986,303.0841182,19.2862701,1,18.433000564575195,0.07286199927330017,59847.15079860017
1181,2459845.7121528,303.0840498,19.2863107,1,18.530099868774414,0.08949299901723862,59845.21215280006
1182,2459841.6900579,303.0840931,19.2863142,1,18.538700103759766,0.10175299644470215,59841.1900578998
1183,2459841.6364699,303.0841122,19.2863367,1,18.5664005279541,0.09816399961709976,59841.13646990014
1184,2459839.7810301,303.084113,19.2862705,1,18.597400665283203,0.09645900130271912,59839.28103009984
1185,2459839.6913426,303.0841143,19.2863007,1,18.58329963684082,0.08471900224685669,59839.191342600156
1186,2459829.6696875,303.0841177,19.2863058,2,17.61079978942871,0.07962299883365631,59829.16968750022
1187,2459827.7738773,303.0841006,19.2863468,1,18.50779914855957,0.1024399995803833,59827.27387729986
1188,2459825.8183449,303.084014,19.2863496,2,17.633800506591797,0.08823899924755096,59825.31834489992
1189,2459823.8157639,303.0840951,19.2862967,1,18.555700302124023,0.07946500182151794,59823.31576390006
1190,2459823.7572569,303.0841196,19.2862608,2,17.650699615478516,0.07659599930047989,59823.25725689996
1191,2459821.7342477,303.0841522,19.2863119,2,17.785400390625,0.10081499814987183,59821.234247699846
1192,2459821.671875,303.08407,19.2863543,1,18.422300338745117,0.12746800482273102,59821.171875
1193,2459819.6752431,303.0841033,19.2862898,1,18.649700164794922,0.11873699724674225,59819.17524310015
1194,2459817.7857292,303.0840909,19.286303,1,18.554800033569336,0.10702700167894363,59817.28572920011
1195,2459815.7412153,303.0841095,19.2862589,1,18.504899978637695,0.08542300015687943,59815.241215299815
1196,2459813.798044,303.0841041,19.2862634,1,18.505699157714844,0.09851100295782089,59813.29804399982
1197,2459813.7435301,303.0840935,19.2863853,2,17.60070037841797,0.042204998433589935,59813.24353010021
1198,2459811.7705556,303.0840962,19.286279,1,18.518999099731445,0.09140600264072418,59811.27055560006
1199,2459809.8322454,303.084086,19.2862875,1,18.534000396728516,0.11565700173377991,59809.332245400175
1200,2459807.8124306,303.0840907,19.2863525,2,17.590999603271484,0.06399700045585632,59807.31243060017
1201,2459807.7674074,303.0841206,19.2862806,1,18.530799865722656,0.12351399660110474,59807.26740740007
1205,2459800.9124306,303.084096,19.2862624,2,17.783300399780273,0.08240299671888351,59800.4124305998
1206,2459798.8422338,303.0841102,19.2862703,2,17.791099548339844,0.06193000078201294,59798.34223379986
1207,2459798.8159606,303.0841002,19.2862476,1,18.56599998474121,0.08160600066184998,59798.31596060004
1208,2459793.7229514,303.0841439,19.2863768,2,17.686899185180664,0.047453999519348145,59793.222951400094
1209,2459789.8604051,303.0841013,19.2863117,1,18.642099380493164,0.11853799968957901,59789.360405100044
1210,2459781.8543634,303.0840638,19.2862843,1,18.60379981994629,0.11917000263929367,59781.35436340002
1211,2459781.7780208,303.0841302,19.2862751,1,18.78420066833496,0.09521599858999252,59781.27802080009
1212,2459779.7893981,303.0841609,19.2862983,2,17.693899154663086,0.06855200231075287,59779.28939810023
1213,2459776.8598032,303.0840979,19.2863604,2,17.728500366210938,0.08821099996566772,59776.35980319977
1214,2459774.8209606,303.084086,19.2863417,2,17.541900634765625,0.06119000166654587,59774.32096059993
1215,2459772.9352778,303.0841181,19.2863401,2,17.664199829101562,0.049052998423576355,59772.435277800076
1216,2459772.8505093,303.0841233,19.2862762,2,17.77359962463379,0.09608300030231476,59772.3505092999
1219,2459765.8622801,303.0841584,19.286323,2,17.92970085144043,0.0944489985704422,59765.36228010012
1220,2459763.8922917,303.0840864,19.2862834,1,18.645999908447266,0.08427800238132477,59763.3922917
1221,2459763.8443981,303.0841164,19.2863239,2,17.651199340820312,0.07111900299787521,59763.34439809993
1224,2459759.8409606,303.0841129,19.2863562,2,17.593299865722656,0.05256199836730957,59759.34096059995
1225,2459757.8597917,303.0841076,19.2862901,1,18.495899200439453,0.08836500346660614,59757.3597916998
1226,2459755.9158449,303.0840989,19.2862952,1,18.623199462890625,0.07985500246286392,59755.41584490007
1227,2459755.8598264,303.0841873,19.2863381,2,17.61210060119629,0.05130400136113167,59755.359826399945
1229,2459750.8618403,303.0841857,19.2863706,2,17.688600540161133,0.08095099776983261,59750.361840299796
1230,2459750.8291088,303.0842044,19.2862293,1,18.760400772094727,0.11091800034046173,59750.32910879981
1231,2459748.8939352,303.0841511,19.2862935,1,18.523799896240234,0.12827299535274506,59748.39393519983
1233,2459743.9564005,303.0841095,19.2863048,2,17.572599411010742,0.06698200106620789,59743.456400500145
1234,2459743.9196644,303.0840566,19.2862708,1,18.646299362182617,0.12249500304460526,59743.419664400164
1235,2459741.9215741,303.0841124,19.2862746,1,18.578699111938477,0.11222299933433533,59741.42157409992
1236,2459741.88125,303.0841317,19.2862887,2,17.613300323486328,0.06674200296401978,59741.38125000009
1237,2459739.8993171,303.0840946,19.2862636,1,18.52899932861328,0.08838500082492828,59739.39931710018
1238,2459737.912338,303.0841392,19.2862778,1,18.626100540161133,0.10174400359392166,59737.41233799979
1239,2459735.9431597,303.0841374,19.286301,1,18.6564998626709,0.09657000005245209,59735.443159699906
1240,2459733.9430903,303.084133,19.2862873,1,18.566499710083008,0.07360100001096725,59733.443090300076
1241,2459731.9275926,303.0841064,19.2863708,2,17.68429946899414,0.07075700163841248,59731.42759260023
1242,2459727.9441319,303.0840842,19.2862895,1,18.58180046081543,0.08601900190114975,59727.44413190009
1243,2459727.8909606,303.0840909,19.2863393,2,17.697999954223633,0.06802999973297119,59727.39096060023
1244,2459723.9507407,303.0841096,19.2863221,2,17.617300033569336,0.05074099823832512,59723.45074070012
1245,2459723.9228588,303.0840879,19.2863063,1,18.553699493408203,0.08600299805402756,59723.42285879981
1246,2459721.9474537,303.0841183,19.2863219,2,17.61319923400879,0.07790300250053406,59721.447453700006
1247,2459721.9313889,303.0841165,19.2863152,2,17.68899917602539,0.07213400304317474,59721.43138890015
1248,2459718.9069213,303.0841629,19.2863353,2,17.665599822998047,0.05337199941277504,59718.406921300106
1250,2459714.9210069,303.0840975,19.2863501,2,17.716400146484375,0.05936000123620033,59714.42100689979
1251,2459712.9615972,303.0840887,19.2863206,1,18.636999130249023,0.11560899764299393,59712.46159720002
1252,2459712.9051157,303.084124,19.2863909,2,17.62220001220703,0.05829000100493431,59712.40511569986
1253,2459710.9621875,303.0841276,19.2863144,1,18.747400283813477,0.10388799756765366,59710.462187500205
1254,2459710.9045255,303.0841108,19.2863163,2,17.63629913330078,0.06498699635267258,59710.40452549979
1255,2459707.9718056,303.0841533,19.286325,2,17.511600494384766,0.060697998851537704,59707.471805599984
1256,2459707.9329977,303.0841676,19.2863049,2,17.628999710083008,0.06929899752140045,59707.43299769983
1257,2459701.9543403,303.0841573,19.286314,1,18.662500381469727,0.11604800075292587,59701.45434030006
1258,2459701.9018403,303.0841137,19.2862905,1,18.5221004486084,0.12716299295425415,59701.40184029983
1259,2459698.9762037,303.0841551,19.2863152,2,17.730300903320312,0.08329000324010849,59698.47620370006
1260,2459698.951169,303.0840863,19.286294,1,18.69580078125,0.10181400179862976,59698.45116900001
1261,2459695.9566319,303.0841733,19.2863033,2,17.999000549316406,0.12187899649143219,59695.45663189981
1262,2459690.9784722,303.0841106,19.2863397,2,17.732999801635742,0.06722500175237656,59690.47847220022
1263,2459690.9558681,303.0841723,19.2862782,1,18.56879997253418,0.15258100628852844,59690.455868099816
1264,2459687.9417014,303.0840855,19.2862829,1,18.483699798583984,0.11779399961233139,59687.441701400094
1265,2459683.9295833,303.0841551,19.2863476,2,17.530899047851562,0.059029001742601395,59683.429583299905
1267,2459678.9792824,303.0841435,19.2863388,2,17.857999801635742,0.060614001005887985,59678.479282400105
1268,2459676.9920139,303.0843194,19.2863174,2,17.495899200439453,0.09624399989843369,59676.492013900075
1269,2459676.9747222,303.0841302,19.2862403,1,18.616600036621094,0.17215600609779358,59676.47472220007
1270,2459673.9975579,303.0842329,19.2863481,2,17.654399871826172,0.07031399756669998,59673.497557899915
1271,2459673.9975579,303.0842424,19.2863455,2,17.686599731445312,0.07287400215864182,59673.497557899915
1272,2459673.9727778,303.0841735,19.2863179,1,18.61520004272461,0.10665400326251984,59673.47277780017
1273,2459673.9727778,303.0841682,19.2863149,1,18.57200050354004,0.1100509986281395,59673.47277780017
1274,2459670.9703472,303.08412,19.2863348,2,17.64430046081543,0.0692949965596199,59670.470347200055
1275,2459670.9703472,303.0841191,19.2863346,2,17.628299713134766,0.0712990015745163,59670.470347200055
1276,2459631.0614468,303.0841838,19.2863785,2,17.28377914428711,0.11331000179052353,59630.5614467999
1277,2459631.0589699,303.0841327,19.2862779,2,17.39459991455078,0.09716600179672241,59630.55896990001
1278,2459631.0564931,303.0840173,19.2863411,2,17.406099319458008,0.09491600096225739,59630.55649309978
1279,2459631.0540162,303.0840457,19.2863326,2,17.434499740600586,0.055332001298666,59630.554016199894
1280,2459631.0515394,303.0842078,19.2862578,2,17.443599700927734,0.07761300355195999,59630.55153940013
1281,2459630.0634491,303.0840793,19.2863074,2,17.63330078125,0.07516899704933167,59629.563449100126
1282,2459630.0609722,303.0840464,19.2863778,2,17.34830093383789,0.09962300211191177,59629.560972199775
1283,2459630.0584954,303.0840833,19.2864107,2,17.35569953918457,0.08825699985027313,59629.55849540001
1284,2459630.0560301,303.0841088,19.2863715,2,17.540599822998047,0.08292900025844574,59629.55603010021
1285,2459630.0535532,303.0842133,19.2863438,2,17.427000045776367,0.08818700164556503,59629.55355319986
1286,2459629.0644792,303.0840549,19.2862766,2,17.593599319458008,0.09641200304031372,59628.56447920017
1287,2459629.0619907,303.0839606,19.2863679,2,17.283700942993164,0.09671500325202942,59628.5619907002
1288,2459629.0595255,303.0841182,19.2864024,2,17.819299697875977,0.08694999665021896,59628.55952550005
1289,2459629.0570602,303.0841757,19.2863173,2,17.34910011291504,0.07497499883174896,59628.55706019979
1290,2459629.0545949,303.0840442,19.2861958,2,17.626699447631836,0.09821999818086624,59628.55459489999
1291,2459628.0649653,303.0841817,19.2862166,2,17.4143009185791,0.14367100596427917,59627.564965299796
1292,2459628.0625,303.0837789,19.2863035,2,17.429899215698242,0.12602299451828003,59627.5625
1293,2459628.0600231,303.0842847,19.2862508,2,17.19580078125,0.11489100009202957,59627.560023100115
1295,2459628.0575579,303.0841805,19.2863141,2,17.25779914855957,0.09377200156450272,59627.55755789997
1297,2459626.0668287,303.0841787,19.2863914,2,17.4685001373291,0.10693299770355225,59625.56682869978
1298,2459626.0643519,303.0842127,19.2863352,2,17.44499969482422,0.10338100045919418,59625.564351900015
1299,2459626.0618866,303.0841797,19.2862821,2,17.53459930419922,0.10320600122213364,59625.56188660022
1300,2459626.0594097,303.0843214,19.2863395,2,17.232999801635742,0.09863399714231491,59625.55940969987
1302,2459626.0569444,303.0841808,19.2862593,2,17.45560073852539,0.1046300008893013,59625.55694440007
1303,2459625.0668056,303.0841473,19.2863467,2,17.711599349975586,0.09080299735069275,59624.56680560019
1304,2459625.0643866,303.0841625,19.2862569,2,17.74049949645996,0.07943499833345413,59624.56438660016
1305,2459625.0619676,303.084064,19.2863373,2,17.60449981689453,0.09043800085783005,59624.56196760014
1306,2459625.0595486,303.0841152,19.2862782,2,17.58639907836914,0.06670500338077545,59624.55954860011
1308,2459624.0682407,303.0840901,19.2863512,2,17.57539939880371,0.09765099734067917,59623.568240699824
1309,2459624.0658333,303.0841397,19.2863557,2,17.062000274658203,0.07203599810600281,59623.56583329989
1311,2459624.0610417,303.0842081,19.2862947,2,17.740299224853516,0.08532699942588806,59623.56104170019
1312,2459624.0586343,303.0842659,19.2862738,2,17.656099319458008,0.06691999733448029,59623.558634299785
1314,2459623.0676273,303.0844378,19.2861864,2,17.417299270629883,0.08724699914455414,59622.56762730004
1316,2459623.0652083,303.084092,19.2861817,2,17.19300079345703,0.1049719974398613,59622.56520830002
1318,2459623.0603819,303.0841158,19.2861,2,17.681800842285156,0.10629399865865707,59622.56038190005
1319,2459623.057963,303.0840109,19.2867833,2,17.877199172973633,0.12101200222969055,59622.557963000145
1321,2459622.0681597,303.0840389,19.2863824,2,17.770299911499023,0.1578119993209839,59621.568159699906
1322,2459622.0681597,303.0840026,19.2864869,2,17.79560089111328,0.16028299927711487,59621.568159699906
1324,2459622.0657407,303.0836958,19.2864721,2,17.867799758911133,0.10204800218343735,59621.56574069988
1325,2459622.0657407,303.0836909,19.2864715,2,17.858699798583984,0.10180100053548813,59621.56574069988
1327,2459622.0633218,303.0842628,19.2861714,2,17.50469970703125,0.09712500125169754,59621.56332179997
1328,2459622.0633218,303.0842642,19.2861697,2,17.50659942626953,0.0962970033288002,59621.56332179997
1330,2459622.0609028,303.0841307,19.28628,2,17.33209991455078,0.12175299972295761,59621.560902799945
1331,2459622.0609028,303.0841293,19.2862807,2,17.316999435424805,0.11967799812555313,59621.560902799945
1333,2459622.0584838,303.08409,19.2863685,2,17.524999618530273,0.08760000020265579,59621.55848379992
1334,2459622.0584838,303.0840893,19.2863667,2,17.525699615478516,0.0870790034532547,59621.55848379992
1335,2459543.6652199,303.0839797,19.2862617,1,18.238250732421875,0.170647993683815,59543.1652199002
1336,2459543.6039931,303.0840492,19.2863281,2,17.43000030517578,0.07287800312042236,59543.103993100114
1337,2459540.6814931,303.0841049,19.2863507,2,17.479299545288086,0.06563299894332886,59540.18149309978
1340,2459531.67125,303.0840416,19.2862901,1,18.685199737548828,0.1351349949836731,59531.17125000013
1341,2459531.6198843,303.0840793,19.286316,2,17.496400833129883,0.06535600125789642,59531.119884300046
1342,2459529.6444329,303.084114,19.28633,2,17.531999588012695,0.08341000229120255,59529.14443290001
1343,2459527.6296644,303.0840758,19.2862712,1,18.611799240112305,0.10881400108337402,59527.12966440013
1344,2459525.6324306,303.0841096,19.2863297,2,17.5531005859375,0.11625199764966965,59525.1324306
1345,2459523.6517361,303.084058,19.2863115,1,18.5580997467041,0.10577999800443649,59523.151736100204
1346,2459521.6511343,303.0840858,19.2863377,2,17.58839988708496,0.0421999990940094,59521.151134300046
1347,2459512.6849074,303.0840443,19.2863072,1,18.529300689697266,0.09216400235891342,59512.18490740005
1348,2459510.7043866,303.0840558,19.2862825,1,18.70210075378418,0.11784999817609787,59510.20438659983
1349,2459510.6332755,303.0840523,19.2862691,2,17.8981990814209,0.06588300317525864,59510.13327550003
1350,2459504.692338,303.084046,19.286295,1,18.595600128173828,0.14383700489997864,59504.19233800005
1351,2459504.6603472,303.0841214,19.2863125,2,17.559799194335938,0.053947001695632935,59504.1603472
1352,2459502.7266204,303.0840561,19.2862901,1,18.4822998046875,0.10614100098609924,59502.22662039986
1355,2459490.6518056,303.0841444,19.286286,2,17.571500778198242,0.057920001447200775,59490.15180560015
1356,2459487.6918403,303.0840928,19.286308,1,18.389999389648438,0.08085499703884125,59487.19184029987
1357,2459485.7594792,303.0840721,19.2863007,1,18.41860008239746,0.11410699784755707,59485.2594792
1358,2459485.7148148,303.0841028,19.2863064,2,17.464500427246094,0.05728299915790558,59485.21481479984
1359,2459483.675,303.0841389,19.2863177,2,17.502700805664062,0.05469899997115135,59483.174999999814
1360,2459479.7425116,303.0840254,19.2863225,2,17.64389991760254,0.07992099970579147,59479.24251159979
1361,2459477.7160532,303.0841291,19.2863217,2,17.55389976501465,0.07166799902915955,59477.216053199954
1362,2459477.6653241,303.0841275,19.2863193,1,18.61639976501465,0.12220899760723114,59477.16532409983
1363,2459475.7340046,303.0840748,19.2862389,1,18.53580093383789,0.12327200174331665,59475.23400459997
1364,2459473.7767361,303.0841154,19.2863015,1,18.49650001525879,0.1157120019197464,59473.276736100204
1365,2459473.7466319,303.0841308,19.2862688,2,17.7455997467041,0.08015500009059906,59473.24663189985
1366,2459470.7363194,303.084052,19.2862767,1,18.519899368286133,0.1122799962759018,59470.236319399904
1367,2459468.8223148,303.0841074,19.2863184,2,17.572099685668945,0.04707900062203407,59468.32231480023
1368,2459466.8405556,303.0840709,19.2863071,2,17.516000747680664,0.06681200116872787,59466.34055559989
1369,2459464.7461343,303.0840775,19.2863017,1,18.271900177001953,0.09858299791812897,59464.246134299785
1370,2459464.7461343,303.0840775,19.2863017,1,18.271900177001953,0.09858299791812897,59464.246134299785
1371,2459462.7896644,303.0840731,19.286293,1,18.427799224853516,0.10683699697256088,59462.28966439981
1372,2459462.7460417,303.0841052,19.286312,2,17.414100646972656,0.07255999743938446,59462.24604169978
1373,2459460.7878935,303.0840601,19.2863073,1,18.578899383544922,0.08317700028419495,59460.28789350018
1374,2459460.7482292,303.0841154,19.2863788,2,17.46769905090332,0.08212900161743164,59460.24822920002
1375,2459458.7765278,303.0841127,19.2862796,1,18.621200561523438,0.06774099916219711,59458.27652780013
1376,2459454.8074653,303.0841167,19.2863089,2,17.51849937438965,0.0690310001373291,59454.307465299964
1377,2459454.7290741,303.0840999,19.2862756,1,18.32040023803711,0.102292001247406,59454.22907410003
1378,2459452.8076389,303.0841025,19.2863195,1,18.244800567626953,0.09865999966859818,59452.30763889989
1379,2459452.7557407,303.0840676,19.2863453,2,17.442100524902344,0.06319399923086166,59452.255740699824
1380,2459450.8059954,303.0841072,19.2863305,2,17.54669952392578,0.08105599880218506,59450.305995400064
1381,2459450.7593403,303.0840217,19.2863209,1,18.33799934387207,0.12302999943494797,59450.259340300225
1382,2459448.7599306,303.084062,19.2863215,2,17.45199966430664,0.0731000006198883,59448.25993059995
1383,2459448.7075,303.0841119,19.2863067,1,18.351999282836914,0.14452500641345978,59448.20750000002
1384,2459444.7546065,303.084148,19.286319,2,17.513099670410156,0.07576700299978256,59444.2546064998
1385,2459442.8005208,303.0840982,19.2863212,1,18.367300033569336,0.0826449990272522,59442.300520800054
1386,2459440.7883681,303.0840681,19.2863215,1,18.562599182128906,0.11122400313615799,59440.288368099835
1387,2459440.7883681,303.0840681,19.2863215,1,18.562599182128906,0.11122400313615799,59440.288368099835
1388,2459438.8694329,303.0840459,19.2862831,1,18.425500869750977,0.07446599751710892,59438.3694329001
1389,2459438.7486343,303.0840661,19.286337,2,17.594999313354492,0.09851100295782089,59438.248634300195
1390,2459430.7962963,303.0841028,19.286308,1,18.39590072631836,0.0671750009059906,59430.2962962999
1391,2459430.759838,303.0841379,19.2862792,2,17.467300415039062,0.0651789978146553,59430.25983799994
1392,2459427.7955208,303.0841314,19.2862902,1,18.368499755859375,0.07653799653053284,59427.295520800166
1393,2459424.7700463,303.0841246,19.2862898,1,18.446199417114258,0.11970599740743637,59424.27004629979
1394,2459422.8637731,303.0841087,19.2863228,2,17.537900924682617,0.05890800058841705,59422.36377310008
1396,2459418.7573495,303.0841068,19.2863005,2,17.874300003051758,0.10039199888706207,59418.25734949997
1397,2459415.9238194,303.084112,19.2862571,1,18.421100616455078,0.088857002556324,59415.423819399904
1398,2459415.9238194,303.084112,19.2862571,1,18.421100616455078,0.088857002556324,59415.423819399904
1399,2459415.9238194,303.084112,19.2862571,1,18.421100616455078,0.088857002556324,59415.423819399904
1400,2459415.8806366,303.0841101,19.286335,2,17.514299392700195,0.0840969979763031,59415.380636599846
1401,2459415.8806366,303.0841101,19.286335,2,17.514299392700195,0.0840969979763031,59415.380636599846
1402,2459415.8806366,303.0841101,19.286335,2,17.514299392700195,0.0840969979763031,59415.380636599846
1403,2459412.8389005,303.0841186,19.2862714,1,18.393800735473633,0.12796500325202942,59412.33890049998
1404,2459410.8798843,303.0840858,19.2863251,2,17.497100830078125,0.06612999737262726,59410.37988429982
1405,2459410.8727083,303.0841325,19.2863267,1,18.447500228881836,0.08120600134134293,59410.37270830013
1406,2459408.8286574,303.0841058,19.2863502,2,17.56410026550293,0.08322600275278091,59408.32865739986
1408,2459406.8410301,303.0840868,19.286314,2,17.668899536132812,0.057363998144865036,59406.341030099895
1409,2459403.8796759,303.0840825,19.2863254,1,18.541500091552734,0.07947199791669846,59403.3796759001
1410,2459403.8513657,303.0840999,19.2863375,2,17.527999877929688,0.1027970016002655,59403.3513656999
1411,2459401.8837269,303.084119,19.2863007,1,18.63129997253418,0.07501599937677383,59401.38372689998
1412,2459399.8019213,303.0840751,19.2862956,1,18.627099990844727,0.1064239963889122,59399.301921300124
1413,2459396.923125,303.0840805,19.2863114,1,18.441099166870117,0.11307699978351593,59396.423125000205
1414,2459396.8960069,303.0841009,19.2863186,2,17.568099975585938,0.05829700082540512,59396.396006899886
1415,2459392.8858681,303.0840967,19.2863683,2,17.49449920654297,0.06568700075149536,59392.385868099984
1416,2459392.7971412,303.084108,19.286283,1,18.55459976196289,0.10629499703645706,59392.29714119993
1417,2459387.9580093,303.0841073,19.2862896,2,18.064199447631836,0.09707800298929214,59387.45800929982
1418,2459387.8607755,303.0840315,19.2862866,1,18.67919921875,0.0987280011177063,59387.36077550007
1419,2459385.9153588,303.0841225,19.2863207,1,18.68470001220703,0.12274400144815445,59385.415358799975
1420,2459382.9085764,303.0840891,19.2863091,1,18.575700759887695,0.1238820031285286,59382.40857640002
1421,2459382.8618981,303.0841198,19.2863246,2,17.724599838256836,0.11515700072050095,59382.3618981
1422,2459380.9134491,303.0840541,19.2862716,1,18.432899475097656,0.3019329905509949,59380.41344910022
1423,2459380.8818171,303.0841512,19.2862768,2,17.704099655151367,0.07666700333356857,59380.381817100104
1424,2459378.9210995,303.0840914,19.2862792,1,18.551799774169922,0.07519499957561493,59378.4210994998
1425,2459378.8911806,303.0840986,19.2863544,2,17.59309959411621,0.0744360014796257,59378.39118060004
1426,2459376.8803935,303.0841004,19.2862854,1,18.54050064086914,0.09257400035858154,59376.380393499974
1427,2459374.8916204,303.0840884,19.2862803,1,18.740999221801758,0.10044600069522858,59374.391620399896
1428,2459371.9087963,303.0841284,19.2862952,1,18.918100357055664,0.11431200057268143,59371.40879630018
1429,2459369.9038657,303.0840957,19.2862453,1,19.06170082092285,0.1132109984755516,59369.40386570012
1430,2459367.9330556,303.0840768,19.2863006,1,18.926000595092773,0.12455499917268753,59367.43305560015
1431,2459367.8987731,303.084119,19.2863191,2,18.054800033569336,0.08178400248289108,59367.39877310023
1432,2459365.9429051,303.0841103,19.2862405,1,19.023500442504883,0.16277700662612915,59365.44290510006
1433,2459365.9307755,303.0840482,19.2862911,2,18.029800415039062,0.091559998691082,59365.4307754999
1434,2459362.9584491,303.0841575,19.2862972,2,17.871999740600586,0.13008500635623932,59362.458449100144
1435,2459362.9228588,303.0840444,19.2862877,1,18.785200119018555,0.11679799854755402,59362.42285879981
1436,2459359.9594213,303.084119,19.2862855,1,18.618600845336914,0.11568699777126312,59359.45942129986
1437,2459359.9205208,303.0840745,19.2863588,2,17.63789939880371,0.07313500344753265,59359.420520800166
1438,2459356.9459259,303.0840943,19.2862598,1,18.800500869750977,0.12626199424266815,59356.44592589978
1439,2459356.9126042,303.0841139,19.2863476,2,17.716899871826172,0.06263399869203568,59356.41260420019
1440,2459353.9048843,303.0841467,19.2863548,1,18.77869987487793,0.15008799731731415,59353.404884300195
1441,2459349.9562731,303.0841374,19.2862795,2,18.12619972229004,0.1123720034956932,59349.45627309987
1445,2459345.9632292,303.0841106,19.2863139,2,17.991199493408203,0.07382199913263321,59345.46322919987
1446,2459345.9247338,303.0841891,19.286281,1,19.112300872802734,0.14109499752521515,59345.42473379988
1447,2459342.9656713,303.0841047,19.2862243,1,18.86989974975586,0.08386900275945663,59342.46567129996
1448,2459340.9421065,303.084076,19.2863101,1,18.659000396728516,0.10440099984407425,59340.4421064998
1449,2459340.9213542,303.0841571,19.2862917,2,17.865299224853516,0.07415399700403214,59340.421354200225
1450,2459338.9754398,303.0840737,19.2863435,2,17.766700744628906,0.06859199702739716,59338.47543979995
1451,2459338.9462731,303.084101,19.2862671,1,18.937999725341797,0.10774999856948853,59338.4462731001
1454,2459328.9843519,303.0841597,19.2862638,1,18.907100677490234,0.13588599860668182,59328.48435189994
1455,2459328.9133796,303.0841578,19.2863299,2,17.927900314331055,0.08500000089406967,59328.413379599806
1456,2459323.9903472,303.0840613,19.2863261,2,17.76140022277832,0.0666079968214035,59323.49034720007
1457,2459323.9735417,303.0840914,19.2863236,1,18.69379997253418,0.09252499788999557,59323.473541699816
1458,2459320.9906829,303.0841123,19.2863526,2,17.81290054321289,0.0655670017004013,59320.49068289995
1459,2459320.9563773,303.0841292,19.2863154,1,18.93869972229004,0.16554699838161469,59320.45637729997
1460,2459317.9840394,303.084139,19.2863194,1,18.89310073852539,0.12287800014019012,59317.48403939977
1461,2459317.9568634,303.084145,19.2862835,2,17.78380012512207,0.08193500339984894,59317.45686340006
1462,2459314.9975694,303.0841309,19.28627,1,18.921030044555664,0.11613799631595612,59314.497569399886
1463,2459314.9975694,303.0841309,19.28627,1,18.92099952697754,0.11613799631595612,59314.497569399886
1464,2459314.9779051,303.0841098,19.2862884,2,18.017000198364258,0.0936020016670227,59314.47790510021
1465,2459314.9779051,303.0841098,19.2862884,2,18.017000198364258,0.0936020016670227,59314.47790510021
1466,2459311.9956944,303.0841697,19.2862442,2,18.139699935913086,0.07839900255203247,59311.49569439981
1467,2459311.9561574,303.0841517,19.2862419,1,19.05500030517578,0.14977100491523743,59311.45615739981
1468,2459309.0010069,303.0841528,19.2862769,2,17.89459991455078,0.06214899942278862,59308.50100689987
1469,2459308.9762731,303.0841614,19.2862822,1,18.74650001525879,0.11185000091791153,59308.47627309989
1471,2459305.9652662,303.0840881,19.2863614,2,17.715099334716797,0.06637600064277649,59305.46526619978
1472,2459301.0058218,303.0841705,19.286408,1,18.39859962463379,0.15313099324703217,59300.50582179986
1473,2459300.9692245,303.0839671,19.2864393,2,17.665599822998047,0.09859400242567062,59300.469224500004
1474,2459283.0392708,303.0841599,19.2863147,2,17.649200439453125,0.08628600090742111,59282.53927080007
1475,2459283.036794,303.0841708,19.2863874,2,17.804100036621094,0.07198499888181686,59282.53679399984
1476,2459283.0343171,303.0841202,19.2863763,2,17.866300582885742,0.06572599709033966,59282.534317099955
1477,2459283.0318403,303.0841742,19.2863134,2,17.813899993896484,0.05796600133180618,59282.53184030019
1478,2459283.029375,303.0840928,19.2863458,2,17.826200485229492,0.07799199968576431,59282.529374999925
1480,2459281.0369676,303.0841438,19.2863068,2,18.097900390625,0.09662800282239914,59280.53696760023
1481,2459281.0345023,303.0841318,19.2862812,2,18.002199172973633,0.10643400251865387,59280.53450229997
1482,2459281.0320255,303.0841836,19.2862864,2,18.06290054321289,0.11026500165462494,59280.5320255002
1483,2459281.0295602,303.0841056,19.2862832,2,18.09910011291504,0.06542699784040451,59280.52956019994
1484,2459279.0469097,303.0841971,19.2864097,2,17.878999710083008,0.11214800179004669,59278.54690970015
1485,2459279.0439468,303.0841266,19.2863725,2,18.132699966430664,0.087397001683712,59278.54394679982
1486,2459279.0409722,303.0841241,19.2863459,2,17.987899780273438,0.0938429981470108,59278.54097220022
1487,2459279.0380093,303.0841449,19.2863571,2,17.809499740600586,0.09955199807882309,59278.5380092999
1488,2459279.0350463,303.0842728,19.2863448,2,17.873600006103516,0.09642200171947479,59278.53504629992
1490,2459277.0425347,303.0841779,19.2862908,2,18.009700775146484,0.10199499875307083,59276.54253470013
1491,2459277.0396065,303.084184,19.2862928,2,18.12190055847168,0.08698400110006332,59276.53960649995
1492,2459277.0366667,303.0841286,19.2863355,2,17.942100524902344,0.12955999374389648,59276.53666670015
1493,2459277.03375,303.0841232,19.2863316,2,17.83300018310547,0.1026260033249855,59276.533749999944
1494,2459276.046713,303.084248,19.286349,2,18.116500854492188,0.10491199791431427,59275.54671300016
1495,2459276.0418866,303.0841258,19.2863022,2,18.15730094909668,0.11328499764204025,59275.5418866002
1496,2459276.0389352,303.0841458,19.2863362,2,18.053800582885742,0.09558799862861633,59275.538935199846
1497,2459276.0359954,303.0841385,19.286307,2,18.031999588012695,0.10148099809885025,59275.535995400045
1498,2459276.0330556,303.0841535,19.2863413,2,18.04949951171875,0.10040199756622314,59275.53305559978
1500,2459267.0591319,303.0839543,19.2863484,2,17.3966007232666,0.13051599264144897,59266.55913189985
1502,2459267.0544213,303.0841943,19.2865896,2,17.656099319458008,0.14351800084114075,59266.55442130007
1504,2459266.0600231,303.084318,19.2864451,2,17.631900787353516,0.09810200333595276,59265.560023100115
1505,2459266.0576505,303.0841616,19.2862496,2,17.525800704956055,0.08764299750328064,59265.55765049998
1506,2459266.0552778,303.0842062,19.2863941,2,17.639400482177734,0.09739799797534943,59265.55527780019
1509,2459265.0573032,303.0842044,19.2863288,2,17.741199493408203,0.0753600001335144,59264.55730320001
1510,2459265.0548611,303.084131,19.28633,2,17.76650047302246,0.07103800028562546,59264.554861099925
1511,2459264.0630787,303.0841516,19.2862838,2,17.66160011291504,0.09887299686670303,59263.5630787001
1512,2459264.0606597,303.0841555,19.2863156,2,17.702499389648438,0.08567500114440918,59263.56065970007
1513,2459263.0640394,303.084164,19.2862968,2,17.808799743652344,0.07360599935054779,59262.56403939985
1514,2459263.0616088,303.0841211,19.2863266,2,17.934999465942383,0.08744899928569794,59262.5616088002
1515,2459263.0591782,303.0840878,19.2862923,2,17.93720054626465,0.06996399909257889,59262.559178200085
1519,2459259.0604398,303.0842285,19.2862849,2,17.566699981689453,0.13666300475597382,59258.56043979991
1521,2459257.0648264,303.0841164,19.2863341,2,18.116600036621094,0.08733700215816498,59256.56482640002
1523,2459198.6234838,303.0841087,19.2863444,2,18.063499450683594,0.10679099708795547,59198.12348379986
1524,2459195.5999653,303.0841095,19.2862893,2,17.910900115966797,0.07161500304937363,59195.099965299945
1525,2459190.6194444,303.0841026,19.2863111,2,18.20170021057129,0.11520099639892578,59190.11944440007
1526,2459188.6451968,303.0838804,19.2862533,1,19.051000595092773,0.21919800341129303,59188.14519680012
1527,2459188.5961458,303.0841208,19.2862785,2,17.993900299072266,0.09137699753046036,59188.09614579985
1528,2459181.5789005,303.0840814,19.2863622,2,18.154800415039062,0.09922099858522415,59181.0789005002
1529,2459179.6623264,303.083901,19.2861991,1,19.042400360107422,0.19504700601100922,59179.16232640017
1530,2459179.5983912,303.084059,19.2863518,2,18.196300506591797,0.12650999426841736,59179.09839119995
1531,2459177.6165856,303.0840698,19.2862873,1,18.903499603271484,0.1477929949760437,59177.11658560019
1532,2459177.6039236,303.0840667,19.2862748,2,17.992599487304688,0.06175500154495239,59177.10392360017
1535,2459173.5832292,303.0841177,19.2862674,2,18.130599975585938,0.12286800146102905,59173.08322919998
1536,2459171.5729282,303.0840955,19.2862369,2,18.122800827026367,0.09677399694919586,59171.07292820001
1537,2459169.6628704,303.0842035,19.2863442,2,17.963600158691406,0.09264899790287018,59169.16287040012
1538,2459169.6035648,303.0840168,19.2862771,1,18.94659996032715,0.11300099641084671,59169.10356480023
1540,2459167.5996875,303.0841664,19.2863074,2,18.010700225830078,0.06565199792385101,59167.099687499925
1541,2459164.6424537,303.0841556,19.286409,2,17.994699478149414,0.06696300208568573,59164.14245369984
1542,2459158.6587037,303.0839258,19.2861703,1,18.795900344848633,0.14281399548053741,59158.158703700174
1543,2459158.6190046,303.0839632,19.2863148,2,17.787799835205078,0.07900799810886383,59158.119004600216
1544,2459156.6192477,303.0840639,19.2862805,1,18.81450080871582,0.11061400175094604,59156.11924770009
1545,2459154.6999653,303.0840434,19.2862548,1,18.68199920654297,0.1555040031671524,59154.19996530004
1546,2459154.6523611,303.0840622,19.28628,2,17.8169002532959,0.05718199908733368,59154.152361100074
1548,2459152.6868981,303.0840816,19.2862921,2,17.926599502563477,0.07744800299406052,59152.18689810019
1549,2459150.7069676,303.0839988,19.286286,2,17.7283992767334,0.07046899944543839,59150.206967600156
1550,2459150.6451505,303.084003,19.2863047,1,18.87030029296875,0.1605290025472641,59150.145150499884
1552,2459145.6938194,303.0840466,19.2863197,1,19.023099899291992,0.16244100034236908,59145.19381939992
1553,2459145.6201273,303.0841221,19.286237,2,18.132600784301758,0.10475599765777588,59145.1201272998
1554,2459143.6499421,303.084063,19.286281,1,19.014999389648438,0.1608310043811798,59143.14994210005
1556,2459141.7056713,303.0841207,19.2862862,1,18.714799880981445,0.11017300188541412,59141.20567130018
1557,2459141.6374074,303.0840477,19.2863106,2,17.967199325561523,0.0645890012383461,59141.13740740018
1558,2459139.7085764,303.0840538,19.286244,1,18.620399475097656,0.10989899933338165,59139.20857639983
1559,2459139.6403935,303.0840163,19.2863424,2,17.822799682617188,0.08223199844360352,59139.140393500216
1560,2459137.6814352,303.0841074,19.2863171,2,17.736299514770508,0.04266799986362457,59137.18143519992
1561,2459137.6814352,303.0841591,19.2862936,2,17.75819969177246,0.061115000396966934,59137.18143519992
1562,2459137.6646528,303.084086,19.2862761,1,18.6343994140625,0.09245499968528748,59137.16465280019
1563,2459135.7257292,303.0840598,19.2863698,1,18.672500610351562,0.13841499388217926,59135.22572920006
1564,2459135.6824074,303.0840503,19.2863039,2,17.87310028076172,0.06174800172448158,59135.182407400105
1565,2459131.6865741,303.0840907,19.2862729,1,18.79949951171875,0.1249770000576973,59131.18657410005
1572,2459124.7980787,303.0840157,19.2862262,2,17.86389923095703,0.0978119969367981,59124.29807869997
1573,2459123.7782755,303.0840491,19.2862984,2,17.798900604248047,0.10116700083017349,59123.27827550005
1574,2459122.7953356,303.084038,19.2862519,1,18.619699478149414,0.1612119972705841,59122.29533560015
1576,2459120.7945139,303.0839928,19.2862105,1,18.726200103759766,0.1742909997701645,59120.29451389983
1577,2459119.7139352,303.0840864,19.2862961,1,18.614599227905273,0.11479800194501877,59119.213935200125
1578,2459117.7290741,303.0841523,19.2862853,1,18.65250015258789,0.12289799749851227,59117.22907410003
1579,2459115.705787,303.0841161,19.2863128,1,18.78689956665039,0.11978700011968613,59115.20578699978
1580,2459113.6981713,303.0841196,19.2862902,1,18.834800720214844,0.10132700204849243,59113.19817129988
1581,2459113.6643866,303.0840516,19.286359,2,17.961700439453125,0.09618999809026718,59113.16438659979
1582,2459110.7489583,303.0841016,19.2862986,2,17.958099365234375,0.0540350005030632,59110.24895829987
1583,2459110.666794,303.0840528,19.2862658,1,18.995399475097656,0.15690700709819794,59110.16679400019
1584,2459107.7797338,303.0841596,19.2862836,2,18.160200119018555,0.11257100105285645,59107.27973379986
1585,2459107.6679861,303.084104,19.2862797,1,18.79800033569336,0.17073599994182587,59107.167986100074
1586,2459097.7535185,303.0841038,19.2863391,2,17.738500595092773,0.08349800109863281,59097.2535184999
1587,2459096.8203472,303.0840847,19.2863167,2,18.008699417114258,0.071773000061512,59096.32034720015
1588,2459094.7086806,303.083997,19.2862803,1,18.93199920654297,0.18821600079536438,59094.20868059993
1589,2459092.7488657,303.0841132,19.2862929,2,18.155000686645508,0.08261799812316895,59092.24886569986
1590,2459091.7963773,303.0839999,19.2862793,1,18.9601993560791,0.20329800248146057,59091.29637729982
1593,2459088.777419,303.0841431,19.2862882,1,18.873199462890625,0.14411799609661102,59088.27741899993
1595,2459087.792581,303.0841604,19.2863194,2,18.014699935913086,0.08561799675226212,59087.2925809999
1596,2459087.7625926,303.0841755,19.2863057,2,18.03030014038086,0.0989449992775917,59087.26259260019
1597,2459085.7080903,303.0841192,19.286312,2,17.938899993896484,0.06918500363826752,59085.208090300206
1598,2459080.8958102,303.0841079,19.2862318,1,18.804100036621094,0.11218500137329102,59080.3958101999
1599,2459078.8185069,303.0841336,19.2862598,2,17.87540054321289,0.04629499837756157,59078.31850690022
1600,2459078.8185069,303.0841272,19.2861821,2,17.985599517822266,0.07668200135231018,59078.31850690022
1604,2459071.8149421,303.0840523,19.2862739,2,17.993099212646484,0.08769600093364716,59071.314942100085
1605,2459071.7427894,303.084101,19.2862091,1,18.93269920349121,0.10702800005674362,59071.24278939981
1606,2459068.852037,303.0840814,19.2863111,2,17.9237003326416,0.07936599850654602,59068.352037000004
1607,2459068.7118634,303.084134,19.286214,1,18.921100616455078,0.11375299841165543,59068.21186339995
1608,2459065.8491667,303.084058,19.2863266,2,17.871200561523438,0.07736899703741074,59065.34916670015
1609,2459065.7305556,303.0840282,19.2862501,1,18.871700286865234,0.16118599474430084,59065.23055560002
1610,2459064.8199537,303.0841149,19.2863302,2,17.855600357055664,0.11383099853992462,59064.31995370006
1611,2459063.8270602,303.0841135,19.2863148,2,17.788999557495117,0.07853800058364868,59063.32706019981
1612,2459062.9126157,303.0840969,19.2862513,1,18.787799835205078,0.14398400485515594,59062.41261570016
1614,2459060.8220718,303.0840645,19.2863038,1,18.681299209594727,0.12505599856376648,59060.32207180001
1615,2459060.7904514,303.084104,19.2862948,2,17.83180046081543,0.08076900243759155,59060.29045139998
1616,2459059.8950926,303.0840746,19.2862813,1,18.733200073242188,0.1041169986128807,59059.395092600025
1617,2459059.8730556,303.084189,19.2863051,2,17.892000198364258,0.08950799703598022,59059.373055600096
1618,2459059.8221181,303.0841213,19.2863297,2,17.780099868774414,0.11240600049495697,59059.32211809978
1619,2459057.8521644,303.0840141,19.2862778,2,17.90329933166504,0.11573400348424911,59057.35216439981
1620,2459056.8705787,303.0840486,19.2863599,2,17.94540023803711,0.057374998927116394,59056.37057870021
1621,2459055.8811574,303.0840962,19.2862241,1,18.971500396728516,0.10056400299072266,59055.38115740009
1622,2459055.8522917,303.0841331,19.2862545,2,18.09309959411621,0.0962970033288002,59055.352291699965
1623,2459055.8194792,303.084116,19.2862842,2,17.935199737548828,0.10348600149154663,59055.31947920006
1624,2459054.8643287,303.0841355,19.2862733,2,18.04560089111328,0.08055999875068665,59054.36432870012
1625,2459052.8601736,303.0841728,19.2862403,2,18.04960060119629,0.09994000196456909,59052.360173599795
1626,2459051.8685764,303.0841134,19.2863557,2,17.961700439453125,0.11583100259304047,59051.36857639998
1627,2459049.8336574,303.0840722,19.2862567,1,19.03059959411621,0.08143900334835052,59049.33365740022
1629,2459046.8579977,303.0841691,19.2863295,1,18.91990089416504,0.09396299719810486,59046.357997700106
1630,2459042.893912,303.084155,19.2862717,2,18.072999954223633,0.07094500213861465,59042.393912000116
1631,2459040.7646412,303.0841318,19.2862749,1,19.085800170898438,0.12937499582767487,59040.26464120019
1634,2459034.8762963,303.0840917,19.2862042,2,18.217899322509766,0.12618499994277954,59034.376296299975
1636,2459031.9577199,303.0841673,19.2863536,2,18.045299530029297,0.1965939998626709,59031.45771990018
1637,2459031.8352894,303.0841129,19.2862247,1,19.194799423217773,0.21385200321674347,59031.33528940007
1638,2459028.963206,303.084114,19.2862937,2,17.99410057067871,0.1371999979019165,59028.46320600016
1639,2459025.8580671,303.0840914,19.2862631,2,18.053600311279297,0.16787199676036835,59025.358067099936
1640,2459022.8713773,303.0841551,19.2862605,1,18.986299514770508,0.08991800248622894,59022.371377300005
1641,2459019.8722801,303.0840732,19.2863028,2,18.009599685668945,0.08425699919462204,59019.372280099895
1643,2459016.8625694,303.0841173,19.2862873,1,19.027099609375,0.2026350051164627,59016.36256940011
1644,2459013.8468056,303.0841272,19.2863152,2,18.084400177001953,0.0705450028181076,59013.346805599984
1645,2459013.7402894,303.0841912,19.2861412,1,18.941600799560547,0.19198699295520782,59013.240289399866
1646,2459010.9619097,303.0841373,19.2862822,1,18.88610076904297,0.1559309959411621,59010.461909700185
1647,2459010.8469097,303.0840774,19.2862434,2,18.122699737548828,0.10311900079250336,59010.34690969996
1648,2459004.9640625,303.0840459,19.2862617,1,18.843000411987305,0.15552499890327454,59004.464062499814
1651,2458997.9720255,303.0842857,19.2862843,2,18.318700790405273,0.1263909935951233,58997.472025500145
1652,2458997.9456134,303.0841012,19.2862983,2,18.010700225830078,0.12577100098133087,58997.44561340008
1653,2458997.9015625,303.0840339,19.2862222,1,19.1653995513916,0.11216700077056885,58997.401562499814
1654,2458994.9502083,303.0840796,19.2862811,1,18.887300491333008,0.09804700314998627,58994.45020829979
1655,2458985.9617824,303.0841483,19.2863451,2,17.904600143432617,0.08843299746513367,58985.46178240003
1656,2458985.9419444,303.0841312,19.2862858,1,18.913299560546875,0.08912499994039536,58985.44194439985
1657,2458984.9851273,303.0841452,19.2862403,1,19.12019920349121,0.14810200035572052,58984.485127300024
1659,2458981.9486921,303.0841084,19.2862845,2,17.98550033569336,0.08821099996566772,58981.44869210012
1660,2458978.9612847,303.0841632,19.286332,2,17.6382999420166,0.09237200021743774,58978.46128469985
1662,2458975.9938889,303.0840743,19.2863246,1,18.841699600219727,0.19417400658130646,58975.49388890015
1663,2458975.9552083,303.08412,19.2862555,2,18.029399871826172,0.07672800123691559,58975.45520830015
1664,2458972.9792477,303.0841502,19.286263,1,18.914600372314453,0.10134600102901459,58972.47924769996
1665,2458972.932662,303.0841508,19.2863493,2,18.009700775146484,0.05796800181269646,58972.43266199995
1668,2458966.9729514,303.0841188,19.2862695,2,17.972299575805664,0.08281800150871277,58966.472951400094
1669,2458966.9534259,303.0841165,19.2862528,1,18.845399856567383,0.13156799972057343,58966.45342590008
1671,2458963.9062153,303.0841096,19.2862383,1,18.719999313354492,0.11838100105524063,58963.40621529985
1672,2458955.9772338,303.0842343,19.2862778,1,19.039499282836914,0.15526099503040314,58955.477233800106
1673,2458955.9440162,303.084092,19.2862667,2,17.86989974975586,0.08576700091362,58955.444016200025
1674,2458945.0194444,303.0841925,19.2863186,2,17.710599899291992,0.10102999955415726,58944.51944439998
1678,2458812.6222801,303.08399,19.2863112,1,18.855199813842773,0.11633799970149994,58812.122280099895
1679,2458804.592963,303.0840295,19.2863331,1,18.82379913330078,0.14293499290943146,58804.09296299983
1680,2458797.6309028,303.0840595,19.286255,1,19.20870018005371,0.24279899895191193,58797.13090279978
1681,2458794.6461806,303.0840628,19.2862059,1,18.800399780273438,0.18038900196552277,58794.14618059993
1682,2458791.6016667,303.0840846,19.2862872,2,18.021499633789062,0.0924760028719902,58791.101666700095
1684,2458788.607581,303.0839883,19.2862976,1,19.152700424194336,0.17199699580669403,58788.107580999844
1685,2458788.6002431,303.0841052,19.2863567,2,17.827699661254883,0.10629100352525711,58788.100243099965
1686,2458785.5898958,303.0841581,19.2862475,2,18.201400756835938,0.08156599849462509,58785.08989580022
1687,2458781.6212616,303.0840715,19.2863556,1,18.973600387573242,0.1798730045557022,58781.12126159994
1688,2458781.5983333,303.0841106,19.2864221,2,18.04759979248047,0.12191300094127655,58781.09833330009
1689,2458778.6083912,303.0841159,19.2863018,1,18.92060089111328,0.14314299821853638,58778.10839120019
1690,2458775.6248264,303.0841265,19.2862949,1,18.944900512695312,0.16315799951553345,58775.124826400075
1691,2458771.5929514,303.084141,19.28638,2,18.048200607299805,0.1063620001077652,58771.092951400205
1692,2458768.7497106,303.0840101,19.2862978,1,18.98550033569336,0.25129199028015137,58768.24971059989
1693,2458765.7485185,303.0841137,19.2862518,1,19.173200607299805,0.1667640060186386,58765.24851850001
1694,2458760.7547106,303.0841157,19.2862644,2,18.216400146484375,0.13455800712108612,58760.25471059978
1696,2458749.7684144,303.0840272,19.2862439,2,18.21540069580078,0.10201399773359299,58749.26841440005
1698,2458745.7054861,303.0841007,19.2862979,1,18.93470001220703,0.21733500063419342,58745.20548610017
1700,2458737.8690278,303.0839035,19.2861904,1,18.89240074157715,0.19126899540424347,58737.36902779993
1701,2458733.801412,303.0841236,19.2862914,1,19.01740074157715,0.12284299731254578,58733.301411999855
1702,2458733.7322106,303.0840703,19.2862645,2,18.297700881958008,0.07331199944019318,58733.23221059982
1704,2458726.7440972,303.0840728,19.2862913,1,18.954700469970703,0.21121299266815186,58726.24409720022
1705,2458723.7614699,303.084083,19.2862028,1,19.28580093383789,0.12501400709152222,58723.26146990014
1707,2458720.7635648,303.0841256,19.2863109,1,18.909799575805664,0.19152699410915375,58720.26356479991
1708,2458717.7430787,303.0841526,19.2862708,1,18.83489990234375,0.15874899923801422,58717.2430786998
1711,2458710.7222106,303.0840505,19.2863021,1,18.737899780273438,0.21750999987125397,58710.22221060004
1712,2458709.7439699,303.0840871,19.2862147,1,19.20709991455078,0.25723499059677124,58709.24396990007
1714,2458708.7442361,303.0840069,19.2862678,1,19.327699661254883,0.21871499717235565,58708.2442361
1722,2458704.8226505,303.084082,19.2863118,1,19.109600067138672,0.15301600098609924,58704.32265050011
1723,2458704.7963773,303.0841153,19.2862951,2,18.404199600219727,0.07247400283813477,58704.29637729982
1724,2458703.8271181,303.0841409,19.2861909,1,19.19610023498535,0.13922999799251556,58703.32711810013
1730,2458700.8243171,303.0841427,19.2862011,1,19.15999984741211,0.15250900387763977,58700.32431709999
1733,2458699.8007407,303.0840534,19.286301,2,18.11389923095703,0.13087700307369232,58699.300740700215
1736,2458696.8259606,303.0841097,19.2862198,1,19.35420036315918,0.11081799864768982,58696.32596059982
1739,2458695.7969676,303.0841517,19.286246,2,18.503299713134766,0.18215200304985046,58695.29696760001
1740,2458694.838912,303.0840415,19.2863333,2,18.50659942626953,0.14076900482177734,58694.33891199995
1741,2458694.8154977,303.0840518,19.286221,1,19.183399200439453,0.15048399567604065,58694.315497700125
1742,2458693.8449074,303.0841545,19.2862545,2,18.226200103759766,0.14704599976539612,58693.3449074002
1743,2458693.8168519,303.0840777,19.2862127,1,19.172700881958008,0.11142800003290176,58693.31685189996
1744,2458692.8497801,303.0841432,19.2862683,2,18.53569984436035,0.1393290013074875,58692.34978009993
1745,2458691.8568981,303.0841219,19.2863305,2,18.389400482177734,0.150301992893219,58691.356898100115
1748,2458690.7920139,303.0840725,19.2862034,1,19.26020050048828,0.21232500672340393,58690.29201389989
1751,2458685.8572685,303.084093,19.2862759,2,18.39739990234375,0.12250000238418579,58685.35726850014
1752,2458684.7547917,303.0842121,19.2862862,2,18.390899658203125,0.11179599910974503,58684.254791699816
1755,2458683.7358912,303.084143,19.2861998,2,18.5856990814209,0.2188200056552887,58683.23589120014
1763,2458665.9631019,303.0840652,19.2862524,1,19.371999740600586,0.13546499609947205,58665.46310190018
1765,2458663.9575,303.08403,19.2862963,1,19.0841007232666,0.17942200601100922,58663.45750000002
1767,2458662.9552662,303.0840832,19.2862542,1,19.477399826049805,0.16342799365520477,58662.455266200006
1768,2458662.926713,303.0840464,19.2862757,1,19.358800888061523,0.1749819964170456,58662.42671300005
1769,2458662.8233565,303.0840586,19.2862639,2,18.276100158691406,0.18086500465869904,58662.323356499895
1770,2458661.9562384,303.084091,19.2862287,1,19.17959976196289,0.21242499351501465,58661.45623840019
1773,2458658.8843287,303.084087,19.2862067,2,18.222200393676758,0.1381089985370636,58658.38432870014
1774,2458657.9009606,303.0841012,19.2863169,2,18.206600189208984,0.10728800296783447,58657.4009606
1775,2458655.8782523,303.0840096,19.286292,2,18.23270034790039,0.12713700532913208,58655.37825229997
1778,2458654.9273148,303.0840772,19.2863203,2,18.29439926147461,0.11546599864959717,58654.42731480021
1784,2458647.8156134,303.0840788,19.2861994,2,18.420000076293945,0.15130099654197693,58647.31561340019
1787,2458641.9606134,303.0841618,19.2863114,2,18.246299743652344,0.14991599321365356,58641.46061340021
1788,2458641.9201968,303.0840754,19.2862276,1,19.186500549316406,0.12816199660301208,58641.42019680003
1789,2458638.9614352,303.0841352,19.2863541,2,18.109399795532227,0.07281500101089478,58638.46143520018
1790,2458635.9084259,303.0840583,19.2862006,2,18.505599975585938,0.10917499661445618,58635.408425900154
1792,2458632.9529977,303.0841031,19.2862839,1,19.026399612426758,0.10043399780988693,58632.452997699846
1793,2458628.9596875,303.0840524,19.2862774,1,19.17840003967285,0.18771100044250488,58628.459687499795
1794,2458628.9023148,303.0839289,19.2862567,2,18.281200408935547,0.09791500121355057,58628.40231479984
1797,2458607.9858218,303.0841126,19.2862201,2,18.3572998046875,0.10068199783563614,58607.48582179984
1798,2458597.9554167,303.0840952,19.2863111,2,18.368499755859375,0.13810500502586365,58597.45541669987
1799,2458591.977581,303.0840854,19.2861963,2,18.234100341796875,0.12930899858474731,58591.477580999956
1801,2458585.944537,303.0842266,19.286315,2,18.04010009765625,0.10204099863767624,58585.4445369998
1802,2458581.993669,303.0840224,19.2861998,1,19.321699142456055,0.18441399931907654,58581.49366899999
1813,2458376.7306829,303.0841522,19.2862338,1,19.75,0.17315399646759033,58376.230682900175
1814,2458367.7759954,303.0840628,19.2862843,1,19.850900650024414,0.21630899608135223,58367.2759953998
