,jd,ra,dec,fid,magpsf,sigmapsf,mjd
0,2461078.0294907,241.2089984,52.0331785,2,18.78382110595703,0.20111437141895294,61077.52949069999
3,2461077.0072801,241.2089379,52.0331232,2,19.928199768066406,0.22815999388694763,61076.50728010014
4,2461076.039456,241.209049,52.0331346,2,18.866199493408203,0.1793459951877594,61075.539456000086
12,2461072.0465394,241.2091443,52.0331361,2,18.90690040588379,0.14491499960422516,61071.54653939977
21,2461065.9770023,241.2090146,52.0331807,2,18.77669906616211,0.15928499400615692,61065.47700229986
26,2461060.9905903,241.2089837,52.0331794,2,18.57859992980957,0.20225900411605835,61060.490590299945
28,2461059.0379398,241.2089231,52.0331871,2,18.673099517822266,0.15424199402332306,61058.53793979995
32,2461057.0336921,241.2088579,52.0331321,1,19.959400177001953,0.32586100697517395,61056.533692100085
33,2461057.0115278,241.2090169,52.0331583,2,18.731700897216797,0.16640500724315643,61056.5115278
35,2461055.0560532,241.2089377,52.0331493,2,18.694900512695312,0.1292019933462143,61054.556053199805
39,2461053.0551968,241.2091488,52.0331746,1,20.060400009155273,0.2998270094394684,61052.5551967998
40,2461053.0138194,241.209117,52.0331826,2,18.614599227905273,0.18390700221061707,61052.51381940022
45,2461050.0329977,241.2089871,52.0331181,2,18.680299758911133,0.20484000444412231,61049.53299769992
46,2461038.0535301,241.2087981,52.0331621,2,18.469100952148438,0.15152600407600403,61037.5535300998
47,2461038.0520833,241.2088231,52.0330188,2,19.42329978942871,0.22370199859142303,61037.55208329996
48,2461038.0304514,241.2092775,52.0330694,1,19.293100357055664,0.29190099239349365,61037.530451400205
50,2461031.0525,241.2090275,52.0331957,2,19.162500381469727,0.13005399703979492,61030.55250000022
52,2461029.0040972,241.2090643,52.0332129,2,19.339500427246094,0.1363610029220581,61028.5040972
55,2460960.6366667,241.2090092,52.0332137,2,18.861892700195312,0.12884148955345154,60960.13666669978
56,2460960.6216088,241.2089505,52.0332064,1,19.136600494384766,0.11923199892044067,60960.12160879979
57,2460960.6216088,241.2089505,52.0332064,1,19.136566162109375,0.11923161894083023,60960.12160879979
58,2460957.6525,241.2089476,52.0332128,2,18.861299514770508,0.12234699726104736,60957.15249999985
59,2460957.6438657,241.2089516,52.0331258,1,19.255199432373047,0.23541699349880219,60957.14386569988
61,2460955.6331366,241.2089738,52.0331775,2,19.052400588989258,0.166936993598938,60955.13313659979
62,2460953.6603241,241.2089489,52.0331684,2,18.722400665283203,0.12263999879360199,60953.16032409994
64,2460950.6783102,241.2089501,52.0332221,2,18.927600860595703,0.14730200171470642,60950.178310200106
66,2460948.6803588,241.2089664,52.0332157,2,18.958200454711914,0.15831400454044342,60948.180358800106
67,2460948.656088,241.208925,52.0331928,2,18.149799346923828,0.1077599972486496,60948.15608800016
68,2460948.6414352,241.2089827,52.0332299,1,19.301599502563477,0.15225400030612946,60948.14143519988
69,2460948.6352778,241.2089034,52.0331678,1,19.292600631713867,0.14047299325466156,60948.135277799796
70,2460932.661794,241.2090135,52.0332136,1,19.348100662231445,0.1328199952840805,60932.16179399984
72,2460932.6444213,241.2090032,52.0332302,2,18.30820083618164,0.1356080025434494,60932.14442129992
74,2460929.7183912,241.2089942,52.033187,2,18.319799423217773,0.11333899945020676,60929.21839120006
76,2460927.6983912,241.208986,52.0331819,2,18.187599182128906,0.14993000030517578,60927.19839120004
82,2460923.6376736,241.2088049,52.033159,1,19.386432647705078,0.16955983638763428,60923.13767360011
83,2460923.6376736,241.2088049,52.033159,1,19.38640022277832,0.1695600003004074,60923.13767360011
84,2460923.6352199,241.2090299,52.0331962,1,19.27669906616211,0.13566699624061584,60923.13521989994
85,2460921.6730671,241.2090227,52.0331842,1,19.371400833129883,0.16391099989414215,60921.17306709988
86,2460921.6541898,241.2089679,52.033177,2,18.25749969482422,0.15842099487781525,60921.15418979991
87,2460919.6980787,241.2089736,52.0331903,2,18.265499114990234,0.09916199743747711,60919.198078699876
88,2460919.6616782,241.2090552,52.0332033,1,19.494400024414062,0.14397700130939484,60919.16167820012
89,2460917.6972917,241.2089444,52.0332187,2,18.289600372314453,0.14668500423431396,60917.19729170017
90,2460917.6746759,241.2090994,52.033169,1,19.248300552368164,0.12392699718475342,60917.17467590002
91,2460916.7210764,241.20892,52.0332238,2,19.167600631713867,0.14191800355911255,60916.22107640002
92,2460914.7439005,241.2089776,52.0332221,1,19.309200286865234,0.12633800506591797,60914.24390049977
93,2460914.7000231,241.2090217,52.0331735,2,18.2893009185791,0.14427900314331055,60914.20002309978
95,2460914.6671181,241.209007,52.0332225,1,19.421600341796875,0.13376499712467194,60914.167118099984
99,2460910.6634375,241.2090018,52.0331722,2,18.30270004272461,0.11872400343418121,60910.16343750013
100,2460908.7180093,241.2089054,52.0331998,2,19.199100494384766,0.13910099864006042,60908.218009300064
101,2460908.6802083,241.2089571,52.0332054,1,19.616600036621094,0.15592700242996216,60908.180208299775
102,2460904.7185069,241.2088563,52.0332239,2,19.178499221801758,0.09578099846839905,60904.21850690013
103,2460904.7036458,241.2090383,52.0332128,1,19.548799514770508,0.14314599335193634,60904.203645799775
104,2460904.7022222,241.2089114,52.0331547,1,19.49209976196289,0.1286509931087494,60904.20222220011
105,2460902.7373148,241.2089451,52.0332335,1,19.48069953918457,0.14648200571537018,60902.2373147998
106,2460902.6790046,241.208916,52.0332474,2,19.120899200439453,0.10374599695205688,60902.179004599806
107,2460900.7848843,241.2089987,52.0332076,2,19.208900451660156,0.20080499351024628,60900.28488430008
108,2460900.6960764,241.2088329,52.0331898,1,19.580087661743164,0.14702783524990082,60900.19607640011
109,2460900.6960764,241.2088329,52.0331898,1,19.58009910583496,0.14702799916267395,60900.19607640011
110,2460860.8435995,241.2090142,52.0331756,2,18.53515625,0.14583389461040497,60860.343599500135
117,2460858.7779167,241.208942,52.0331843,2,18.528099060058594,0.15871599316596985,60858.27791670011
122,2460854.8458102,241.2089376,52.0331705,2,18.593399047851562,0.14027200639247894,60854.34581020009
125,2460854.7838079,241.2089883,52.0331789,1,20.062000274658203,0.19574899971485138,60854.2838078998
128,2460852.8015509,241.2088769,52.0331547,2,18.702232360839844,0.169245183467865,60852.3015509001
129,2460852.8015509,241.2088769,52.0331547,2,18.702199935913086,0.16924500465393066,60852.3015509001
131,2460850.8702894,241.2090236,52.0332002,2,18.675743103027344,0.13864532113075256,60850.37028940022
132,2460850.8702894,241.2090236,52.0332002,2,18.67569923400879,0.1386449933052063,60850.37028940022
134,2460850.8251736,241.2090285,52.0332042,2,18.594900131225586,0.17589400708675385,60850.32517360011
136,2460848.8468171,241.2090744,52.0332268,1,20.28730010986328,0.1925549954175949,60848.346817099955
138,2460848.8032639,241.2090216,52.0331838,2,18.562700271606445,0.14259900152683258,60848.30326389987
140,2460846.8582407,241.2089895,52.0331801,2,18.73189926147461,0.1292800009250641,60846.35824069986
145,2460844.8242824,241.2089446,52.0331998,2,18.56559944152832,0.1708350032567978,60844.324282399844
149,2460842.8080324,241.2090204,52.0331656,2,18.888999938964844,0.1784459948539734,60842.308032399975
156,2460838.8031134,241.2089999,52.0331771,2,18.954299926757812,0.1730930060148239,60838.303113400005
159,2460836.8014236,241.2089754,52.0331272,2,18.906099319458008,0.21270500123500824,60836.30142359994
170,2460828.8442014,241.2087039,52.0332456,1,19.76180076599121,0.17883999645709991,60828.344201399945
171,2460828.8247338,241.2088448,52.0332486,1,19.752099990844727,0.1457190066576004,60828.32473379979
172,2460824.8273958,241.2085565,52.0335312,2,20.053499221801758,0.27518200874328613,60824.327395800035
174,2460824.7825463,241.2088084,52.0332197,1,19.08449935913086,0.11116199940443039,60824.282546299975
175,2460823.778588,241.2089043,52.0332156,1,19.223800659179688,0.0906430035829544,60823.27858800022
176,2460823.74375,241.2088864,52.0332351,2,18.714799880981445,0.065870001912117,60823.24374999991
178,2460822.8277546,241.2088368,52.0332233,1,18.999399185180664,0.09150200337171555,60822.32775459997
179,2460821.784213,241.2089197,52.0332378,1,19.001800537109375,0.07912900298833847,60821.28421299998
180,2460821.7421759,241.2088961,52.0332166,2,18.57659912109375,0.05142100155353546,60821.24217589991
181,2460820.8655903,241.2088258,52.0332053,1,18.98550033569336,0.09215699881315231,60820.365590299945
183,2460818.9057755,241.2087497,52.0332843,2,19.08370018005371,0.11890599876642227,60818.405775499996
184,2460818.8258449,241.2088622,52.0332183,1,18.746299743652344,0.06854599714279175,60818.32584490022
186,2460817.8215046,241.2089125,52.0332229,1,18.75480079650879,0.07826200127601624,60817.32150459988
187,2460816.8909722,241.2088306,52.0332508,2,18.712099075317383,0.09812700003385544,60816.39097219985
188,2460816.8246181,241.2088639,52.0332152,1,18.61549949645996,0.07806900143623352,60816.32461810019
189,2460814.8608333,241.2088984,52.0332093,2,18.14889907836914,0.05014700070023537,60814.36083329981
190,2460814.8082407,241.2088855,52.0332012,1,18.601200103759766,0.08663100004196167,60814.30824070005
191,2460810.9433449,241.2088869,52.0332009,1,18.29210090637207,0.08012499660253525,60810.44334489992
192,2460810.8427894,241.2088299,52.0332116,2,18.131000518798828,0.10290499776601791,60810.3427893999
193,2460810.8325694,241.2088705,52.0332185,2,17.821199417114258,0.05085499957203865,60810.33256939985
194,2460810.7157176,241.2088878,52.0332176,1,18.42449951171875,0.059351999312639236,60810.21571760019
195,2460806.9314352,241.2088489,52.0332588,1,18.014999389648438,0.2140209972858429,60806.43143519992
199,2460804.9682639,241.2088636,52.033201,1,18.268600463867188,0.07119300216436386,60804.46826389991
200,2460804.9677778,241.208887,52.0332143,1,18.23819923400879,0.08650500327348709,60804.467777799815
201,2460804.9080556,241.2088799,52.0331954,2,17.640399932861328,0.044711001217365265,60804.40805559978
202,2460804.9066319,241.208904,52.0332143,2,17.82069969177246,0.07097499817609787,60804.4066319
203,2460798.9244907,241.2088864,52.033207,2,17.67729949951172,0.045476000756025314,60798.42449070001
204,2460798.9131366,241.20891,52.033209,2,17.92530059814453,0.05307000130414963,60798.41313660005
205,2460798.8748148,241.2088804,52.0332122,1,18.24799919128418,0.06302399933338165,60798.37481479999
206,2460798.8410069,241.2088986,52.0332152,1,18.333900451660156,0.06500700116157532,60798.341006900184
207,2460796.9190741,241.2088585,52.0331965,2,17.779399871826172,0.046248000115156174,60796.41907409998
208,2460796.9088889,241.2088846,52.0332176,2,17.988800048828125,0.07062099874019623,60796.40888890019
209,2460796.8797106,241.2088792,52.0332073,1,18.352500915527344,0.049844998866319656,60796.37971059978
210,2460796.8792245,241.2088803,52.0332192,1,18.271499633789062,0.06166300177574158,60796.37922450015
211,2460790.8864236,241.2088614,52.033206,1,18.66659927368164,0.06185000017285347,60790.386423599906
212,2460790.8854514,241.2088895,52.0332175,1,18.575899124145508,0.07297399640083313,60790.38545140019
214,2460788.8830093,241.2089711,52.0331784,2,19.018400192260742,0.20424500107765198,60788.3830093001
216,2460786.867338,241.2088489,52.0331947,1,18.95789909362793,0.12147799879312515,60786.367337999865
217,2460786.8489236,241.2088515,52.0332117,1,18.996299743652344,0.09186200052499771,60786.34892359981
220,2460775.9662731,241.2087445,52.0332471,1,19.6476993560791,0.2159619927406311,60775.466273100115
221,2460775.9458912,241.2088566,52.0332332,2,19.519500732421875,0.15484300255775452,60775.4458912001
223,2460775.8453819,241.2088428,52.0331855,1,19.804100036621094,0.280256986618042,60775.3453819002
237,2460759.9487384,241.2089516,52.0332025,2,18.441200256347656,0.18401800096035004,60759.44873839989
239,2460758.0102546,241.2090442,52.0331757,2,18.7726993560791,0.14694499969482422,60757.510254600085
246,2460754.9772454,241.2089614,52.0332122,2,18.445899963378906,0.17440199851989746,60754.477245400194
254,2460739.9883449,241.2089389,52.0332147,2,18.42180061340332,0.2010049968957901,60739.488344899844
256,2460733.8910417,241.2090588,52.0331695,2,19.170700073242188,0.15651799738407135,60733.3910416998
257,2460733.8900926,241.2089087,52.0330811,2,18.46929931640625,0.1388320028781891,60733.39009260014
258,2460733.8476736,241.2091033,52.0333034,1,19.604299545288086,0.2576789855957031,60733.347673600074
259,2460733.8452894,241.2087552,52.0330279,1,19.639299392700195,0.21404099464416504,60733.34528939985
260,2460732.0094097,241.2089258,52.0331976,2,18.34749984741211,0.17681799829006195,60731.509409700055
263,2460729.9876736,241.2089349,52.0331803,2,18.414899826049805,0.155581995844841,60729.487673600204
264,2460729.9871875,241.2088346,52.0331557,2,19.415199279785156,0.17608299851417542,60729.48718750011
265,2460729.9348727,241.2091686,52.0332051,1,19.88409996032715,0.1878650039434433,60729.4348726999
266,2460729.8496065,241.2090238,52.0333068,1,20.097900390625,0.20631399750709534,60729.34960650001
267,2460727.9971759,241.2089279,52.0331632,2,19.151500701904297,0.1240679994225502,60727.4971758998
268,2460727.9962269,241.2090065,52.0332133,2,18.36479949951172,0.13528600335121155,60727.49622689979
269,2460727.9478704,241.208862,52.0331895,1,19.700199127197266,0.17632900178432465,60727.4478703998
271,2460725.9884144,241.2088838,52.033217,2,18.264699935913086,0.15464399755001068,60725.48841439979
272,2460725.9515162,241.2091879,52.0331145,1,19.882699966430664,0.216716006398201,60725.45151619986
273,2460725.9505671,241.2090882,52.0331545,1,19.598600387573242,0.1497880071401596,60725.4505671002
275,2460723.9071991,241.2089954,52.0332174,2,19.24880027770996,0.17369499802589417,60723.407199100126
276,2460723.9067245,241.2089773,52.0331464,2,18.412399291992188,0.11936400085687637,60723.406724500004
279,2460715.0309838,241.2089688,52.0332178,2,18.313100814819336,0.17520999908447266,60714.53098380007
281,2460714.9900116,241.2090944,52.0332685,1,19.268199920654297,0.2414969950914383,60714.490011599846
282,2460714.989537,241.2089379,52.0331176,1,19.55430030822754,0.23141899704933167,60714.48953700019
283,2460706.9984722,241.2090015,52.0332041,2,18.31130027770996,0.11617100238800049,60706.498472199775
284,2460706.9979861,241.2088552,52.0331633,2,19.042499542236328,0.12651899456977844,60706.49798610015
285,2460706.9695486,241.208943,52.0332338,1,19.108699798583984,0.14285500347614288,60706.469548599795
286,2460706.9453704,241.2090176,52.0331708,1,19.434099197387695,0.14841899275779724,60706.44537039986
287,2460699.0370023,241.2091304,52.033011,2,18.923099517822266,0.19781799614429474,60698.53700229991
288,2460699.0360532,241.2091617,52.0331702,2,18.272899627685547,0.17245499789714813,60698.53605319979
289,2460696.0362847,241.2089864,52.0332848,1,19.19809913635254,0.17461399734020233,60695.536284700036
290,2460696.0353356,241.209123,52.0331458,1,19.3439998626709,0.1696999967098236,60695.53533559991
291,2460695.9938426,241.2089522,52.0331873,2,18.934099197387695,0.11524400115013123,60695.49384259991
292,2460695.9698958,241.2089787,52.0331563,2,18.33289909362793,0.09705500304698944,60695.46989580011
293,2460693.988588,241.209001,52.033186,2,18.1830997467041,0.11863599717617035,60693.48858800018
295,2460693.0147222,241.2088921,52.0332248,2,18.884000778198242,0.11026299744844437,60692.51472220011
296,2460693.0147222,241.2088921,52.0332248,2,18.884000778198242,0.11026299744844437,60692.51472220011
298,2460691.998125,241.2090044,52.0331842,2,18.282899856567383,0.08951199799776077,60691.498124999925
302,2460690.0195486,241.2091633,52.0331851,2,18.292699813842773,0.13359099626541138,60689.519548600074
303,2460689.0351157,241.2090393,52.0332048,2,18.77050018310547,0.138372004032135,60688.535115700215
305,2460688.0477662,241.209194,52.0331555,1,19.220500946044922,0.21592900156974792,60687.5477661998
306,2460688.0158218,241.2089899,52.0331956,2,18.329299926757812,0.1611199975013733,60687.5158218001
307,2460686.9482407,241.2091359,52.0330686,2,18.997800827026367,0.15246200561523438,60686.44824070018
308,2460682.0733102,241.208904,52.0332032,1,19.37849998474121,0.1406330019235611,60681.573310200125
309,2460682.0500694,241.2088901,52.0331898,2,18.878299713134766,0.09750799834728241,60681.55006940011
310,2460682.0500694,241.2088901,52.0331898,2,18.878299713134766,0.09750799834728241,60681.55006940011
311,2460682.0500694,241.2088901,52.0331898,2,18.878299713134766,0.09750799834728241,60681.55006940011
312,2460681.0571528,241.2091447,52.033183,1,19.135099411010742,0.18151399493217468,60680.557152799796
314,2460676.0514699,241.2089946,52.0332122,1,19.05699920654297,0.1652200073003769,60675.55146990018
315,2460676.0358681,241.208981,52.0331927,2,18.21940040588379,0.10111600160598755,60675.53586809989
316,2460676.0171296,241.2089299,52.0332082,1,19.240699768066406,0.13990099728107452,60675.51712960005
317,2460675.9968287,241.2089171,52.0332064,2,18.882299423217773,0.12513600289821625,60675.49682869995
318,2460674.052581,241.2089666,52.0331953,1,19.2987003326416,0.12033600360155106,60673.55258100014
319,2460674.0520949,241.2090718,52.0331889,1,19.40999984741211,0.1312209963798523,60673.55209490005
320,2460674.0119097,241.2089523,52.0332065,2,18.142799377441406,0.1226079985499382,60673.5119097
321,2460673.9758449,241.2090619,52.0332231,2,18.829099655151367,0.09548100084066391,60673.475844900124
322,2460669.0765972,241.2089815,52.0331876,2,18.912399291992188,0.11417800188064575,60668.576597199775
324,2460667.0328588,241.2089097,52.033207,2,18.868099212646484,0.14449800550937653,60666.53285880014
325,2460665.0518634,241.2089372,52.0331996,2,18.773700714111328,0.09435199946165085,60664.5518633998
326,2460665.0171296,241.209001,52.0332519,1,19.30419921875,0.167385995388031,60664.51712960005
328,2460609.6396875,241.208954,52.0331727,2,18.211109161376953,0.15389469265937805,60609.13968749996
329,2460607.6156134,241.2089253,52.0332153,1,19.277000427246094,0.17590999603271484,60607.115613400005
330,2460603.6578935,241.2088569,52.033094,2,18.208200454711914,0.14277499914169312,60603.157893499825
332,2460599.6571875,241.2089449,52.0331601,2,18.383100509643555,0.13940200209617615,60599.15718750004
334,2460597.615706,241.2089217,52.0332042,2,18.145599365234375,0.1448020040988922,60597.11570600001
335,2460595.6570139,241.2087834,52.0331108,2,18.219499588012695,0.13130700588226318,60595.15701390011
336,2460595.6560648,241.2088264,52.0332449,2,18.95009994506836,0.13102099299430847,60595.15606479999
337,2460595.6316088,241.2091056,52.0331287,1,19.369400024414062,0.21354199945926666,60595.13160880003
338,2460595.6207407,241.2086946,52.0330303,1,19.144800186157227,0.3627240061759949,60595.12074070005
339,2460576.6830671,241.2089268,52.0331999,2,18.26219940185547,0.14167499542236328,60576.18306710012
340,2460576.6796991,241.20897,52.0331708,2,19.16029930114746,0.10397999733686447,60576.17969910009
342,2460576.6606944,241.2090697,52.0332004,3,18.45829963684082,0.141525000333786,60576.16069439985
343,2460576.6342593,241.209113,52.0332165,1,19.584999084472656,0.17883999645709991,60576.13425929984
344,2460576.626794,241.2090792,52.0331649,1,19.293399810791016,0.12827900052070618,60576.126794000156
345,2460575.7361806,241.2089455,52.0332051,3,18.3262996673584,0.1604200005531311,60575.23618059978
346,2460575.7020255,241.2087862,52.0330701,2,19.041900634765625,0.1855659931898117,60575.202025500126
347,2460575.6805787,241.208893,52.0331859,2,18.229400634765625,0.12584799528121948,60575.1805786998
348,2460575.6398264,241.2089904,52.0331326,1,19.46419906616211,0.15220500528812408,60575.139826400205
349,2460575.6374421,241.208996,52.0331835,1,19.7367000579834,0.18122799694538116,60575.13744209986
350,2460575.6374421,241.208996,52.0331835,1,19.7367000579834,0.18122799694538116,60575.13744209986
351,2460572.6988889,241.2090219,52.0332187,2,18.295900344848633,0.11917900294065475,60572.198888900224
352,2460572.6969792,241.2089883,52.0332574,2,19.20870018005371,0.15991699695587158,60572.1969792
353,2460572.6969792,241.2089883,52.0332574,2,19.20870018005371,0.15991699695587158,60572.1969792
354,2460572.6588426,241.2089566,52.0331,1,19.53179931640625,0.20767299830913544,60572.15884259995
356,2460569.7021065,241.20893,52.0332468,2,19.084999084472656,0.12488500028848648,60569.202106500044
357,2460569.68,241.2089451,52.0331559,2,18.247600555419922,0.1481959968805313,60569.18000000017
358,2460569.6589699,241.2089652,52.033161,1,19.457700729370117,0.208296000957489,60569.158969900105
361,2460567.7211458,241.2088503,52.0332161,1,19.33009910583496,0.1439179927110672,60567.22114579985
362,2460567.679537,241.2089289,52.0331572,2,18.497600555419922,0.17488299310207367,60567.179537000135
364,2460565.7617477,241.2089678,52.033143,2,18.52739906311035,0.12177299708127975,60565.26174770016
365,2460565.7379398,241.2090386,52.0331796,1,19.968599319458008,0.31958499550819397,60565.237939800136
366,2460565.6786806,241.2090276,52.0331781,2,18.990800857543945,0.11775600165128708,60565.17868060013
368,2460561.7418634,241.2089028,52.0331014,1,19.813600540161133,0.2507990002632141,60561.24186340021
370,2460561.6975231,241.2089903,52.0331697,2,18.45479965209961,0.15276099741458893,60561.197523099836
373,2460558.678125,241.2089433,52.0331828,2,18.475000381469727,0.1567389965057373,60558.17812500009
374,2460558.6776505,241.2089061,52.0331486,2,19.55389976501465,0.1530500054359436,60558.17765050009
378,2460556.6782523,241.2089952,52.0331649,2,18.498600006103516,0.1602730005979538,60556.17825229978
379,2460556.6782523,241.2089952,52.0331649,2,18.498600006103516,0.1602730005979538,60556.17825229978
383,2460554.6828819,241.2089357,52.0331883,2,18.605600357055664,0.16320300102233887,60554.18288190011
386,2460552.7384838,241.2090389,52.0331885,2,18.60770034790039,0.15740899741649628,60552.23848380009
388,2460550.7035764,241.2089518,52.0332261,2,18.622800827026367,0.16402499377727509,60550.203576399945
393,2460547.7251042,241.2088161,52.0332476,2,19.580400466918945,0.1659179925918579,60547.22510420019
395,2460546.7637616,241.208965,52.0331235,2,18.509000778198242,0.13134099543094635,60546.263761600014
399,2460544.7639236,241.2089203,52.0331617,2,18.645299911499023,0.2209240049123764,60544.26392359985
404,2460540.7635648,241.2089404,52.0331881,2,18.661399841308594,0.1706160008907318,60540.26356479991
405,2460538.7525231,241.2090075,52.0331921,2,18.61050033569336,0.1713850051164627,60538.2525231
408,2460530.7378935,241.2089302,52.033164,2,18.975528717041016,0.15639948844909668,60530.2378934999
409,2460530.7378935,241.2089312,52.0331638,2,18.975099563598633,0.1563889980316162,60530.2378934999
434,2460515.8042014,241.2087667,52.0332022,1,19.77400016784668,0.2483540028333664,60515.30420139991
437,2460514.6955324,241.2088753,52.0332595,1,19.665199279785156,0.1665019989013672,60514.19553240016
443,2460511.7034259,241.2088823,52.0332099,1,19.584999084472656,0.1758439987897873,60511.20342590008
444,2460510.7627315,241.2088818,52.0332352,2,19.015899658203125,0.1269419938325882,60510.26273149997
445,2460510.7179051,241.2089552,52.033253,1,19.521900177001953,0.1705619990825653,60510.21790509997
448,2460508.7787384,241.2088842,52.0332138,2,18.9143009185791,0.10954800248146057,60508.27873839997
450,2460508.6948727,241.2089118,52.0332518,1,19.4862003326416,0.17105400562286377,60508.19487270014
451,2460507.8231944,241.2089219,52.0331906,1,19.291099548339844,0.1333480030298233,60507.32319439994
453,2460506.7044444,241.2088624,52.0332107,1,19.174699783325195,0.11555399745702744,60506.204444400035
454,2460504.8215741,241.2088247,52.0332478,1,18.949499130249023,0.09370700269937515,60504.32157409983
455,2460504.8049884,241.2088592,52.0332497,1,19.056699752807617,0.12223800271749496,60504.30498840008
456,2460504.781412,241.2089167,52.0332103,2,18.575599670410156,0.08321599662303925,60504.28141199984
458,2460502.8223495,241.2089166,52.0332146,2,18.503000259399414,0.06748899817466736,60502.32234949991
459,2460502.821412,241.2087528,52.0332567,2,18.904600143432617,0.14388799667358398,60502.321411999874
460,2460502.7856366,241.2089012,52.0332024,1,18.929399490356445,0.11703400313854218,60502.28563660011
461,2460502.7812731,241.2088778,52.0332149,1,18.755800247192383,0.09151899814605713,60502.28127310006
462,2460500.8026852,241.2088381,52.0331973,2,18.331499099731445,0.07462199777364731,60500.30268519977
463,2460500.7592593,241.2088403,52.0332965,2,18.714799880981445,0.08969199657440186,60500.25925929984
464,2460500.7592593,241.2088999,52.0333085,2,18.90089988708496,0.12756000459194183,60500.25925929984
465,2460500.7150579,241.2088562,52.0331922,1,18.766799926757812,0.09980499744415283,60500.215057900175
466,2460500.7141204,241.2088571,52.0332168,1,18.793699264526367,0.08056099712848663,60500.21412040014
467,2460498.6969676,241.2088656,52.0332108,1,18.6299991607666,0.0626169964671135,60498.19696759991
468,2460494.7619213,241.208861,52.0332144,2,17.977500915527344,0.05385800078511238,60494.26192130009
469,2460494.7222106,241.2088731,52.0332321,1,18.506399154663086,0.0654970034956932,60494.22221060004
470,2460491.8879977,241.2089332,52.0332194,2,18.073400497436523,0.06222299858927727,60491.3879976999
471,2460491.7839815,241.2088781,52.0332189,1,18.270200729370117,0.06407000124454498,60491.28398150019
472,2460490.7618519,241.2088778,52.0332067,2,17.726999282836914,0.04300700128078461,60490.26185189979
473,2460490.7162037,241.2088801,52.0332144,1,18.337799072265625,0.06289800256490707,60490.21620369982
474,2460489.8456829,241.2089536,52.0332031,2,17.975299835205078,0.06934899836778641,60489.34568289993
475,2460489.7395486,241.2088744,52.0332092,1,18.220800399780273,0.06297499686479568,60489.23954859981
476,2460488.8114931,241.2089072,52.0332147,2,17.68429946899414,0.05553799867630005,60488.31149310013
477,2460488.7448148,241.2089135,52.0332077,1,18.31399917602539,0.06053699925541878,60488.2448148001
478,2460487.7998032,241.2089552,52.0331962,2,17.913000106811523,0.06311199814081192,60487.29980320018
479,2460487.7423958,241.2088996,52.0332161,1,18.143699645996094,0.05469299852848053,60487.24239580007
480,2460485.8450579,241.2089042,52.0332222,2,17.65369987487793,0.04504000023007393,60485.345057900064
481,2460485.7612037,241.2089086,52.0332294,1,18.293500900268555,0.08462399989366531,60485.26120370021
483,2460484.8228588,241.2089169,52.0332224,2,17.83919906616211,0.060506999492645264,60484.32285880018
484,2460484.7639468,241.2089011,52.0331952,1,18.212900161743164,0.0777600035071373,60484.26394680003
485,2460483.8921759,241.2089188,52.0332006,1,18.338499069213867,0.11360300332307816,60483.39217589982
486,2460483.7823843,241.2088729,52.0332013,2,17.63789939880371,0.05178700014948845,60483.28238430014
487,2460482.8274074,241.2088559,52.0332301,2,17.84429931640625,0.07965099811553955,60482.327407400124
488,2460482.7276852,241.2088771,52.0332154,1,18.2091007232666,0.07168500125408173,60482.22768520005
489,2460481.7841782,241.2088938,52.0332087,2,17.641000747680664,0.0416719987988472,60481.28417820018
490,2460481.7841782,241.2088937,52.0332089,2,17.640899658203125,0.041687000542879105,60481.28417820018
491,2460481.7418866,241.2088916,52.0332204,1,18.34320068359375,0.08086200058460236,60481.24188659992
493,2460480.9061111,241.2088888,52.0332253,1,18.202699661254883,0.10434699803590775,60480.40611110022
494,2460480.8242361,241.208881,52.033218,2,17.856000900268555,0.062178999185562134,60480.324236100074
495,2460479.8876042,241.2089084,52.0332065,1,18.271299362182617,0.06699900329113007,60479.387604199816
496,2460479.8096875,241.2088789,52.0332014,2,17.67449951171875,0.044266000390052795,60479.30968749989
497,2460477.8195023,241.2089123,52.0332215,2,17.927600860595703,0.08287899941205978,60477.31950230012
498,2460477.7811806,241.2089123,52.0332197,1,18.249399185180664,0.06304199993610382,60477.28118060017
499,2460476.8669213,241.2088904,52.0332187,1,18.37150001525879,0.06323999911546707,60476.36692130007
500,2460476.7880093,241.208883,52.0332056,2,17.752899169921875,0.04551500082015991,60476.2880092999
501,2460475.8469792,241.2088844,52.0332129,1,18.329700469970703,0.0582600012421608,60475.34697919991
502,2460475.7775579,241.2088881,52.0332138,2,18.026599884033203,0.061188001185655594,60475.277557900175
503,2460473.8674769,241.2088751,52.0332019,2,17.94659996032715,0.05471299961209297,60473.36747690011
504,2460473.8477315,241.2088852,52.0332115,1,18.446300506591797,0.0653500035405159,60473.34773149993
505,2460472.8468056,241.2088938,52.0332339,2,18.25279998779297,0.08332499861717224,60472.346805599984
506,2460472.7993403,241.2088613,52.0332085,1,18.425100326538086,0.06813699752092361,60472.299340299796
508,2460471.7393519,241.2088936,52.0332172,1,18.532899856567383,0.05673399940133095,60471.23935189983
509,2460470.846331,241.2089288,52.0332417,2,18.531700134277344,0.08280300348997116,60470.34633099986
510,2460470.739294,241.2088667,52.0332125,1,18.515100479125977,0.06890899688005447,60470.23929399997
511,2460469.8628588,241.2088888,52.033224,1,18.660600662231445,0.0804549977183342,60469.36285880022
512,2460469.8270833,241.2088724,52.0332074,2,18.133699417114258,0.05694400146603584,60469.32708329987
513,2460468.8644792,241.2088449,52.033261,2,18.61709976196289,0.09416700154542923,60468.36447919998
514,2460468.8477199,241.2088824,52.0332317,1,18.566699981689453,0.08246199786663055,60468.347719899844
515,2460463.8030093,241.2088537,52.03323,1,18.906600952148438,0.08416099846363068,60463.30300930003
516,2460463.7867361,241.2088888,52.033232,1,19.037500381469727,0.10272199660539627,60463.28673609998
517,2460463.7623032,241.2087129,52.0333243,2,19.2716007232666,0.14635799825191498,60463.262303200085
518,2460463.7613426,241.208853,52.0331979,2,18.551000595092773,0.06437099725008011,60463.26134259999
520,2460459.8672338,241.2086814,52.0333207,2,19.6210994720459,0.19160699844360352,60459.36723379977
521,2460459.850544,241.2088797,52.0332214,2,18.766599655151367,0.08664800226688385,60459.350544000044
522,2460459.8037847,241.2088565,52.0332166,1,19.093000411987305,0.0799349993467331,60459.30378470011
523,2460459.7839352,241.2088642,52.0332454,1,19.3533992767334,0.1261100023984909,60459.28393519996
525,2460457.8026736,241.2088601,52.0332222,2,18.86910057067871,0.10636100172996521,60457.30267360015
526,2460457.7811921,241.2088392,52.033214,1,19.238500595092773,0.12794099748134613,60457.28119210014
527,2460457.779294,241.2089014,52.0332263,1,19.429399490356445,0.10483600199222565,60457.27929400001
528,2460455.808044,241.2088939,52.0332262,2,19.051599502563477,0.0942780002951622,60455.30804400006
529,2460455.7667014,241.2088609,52.0332003,1,19.607099533081055,0.2224320024251938,60455.266701399814
537,2460449.7857639,241.2087236,52.033194,1,19.99250030517578,0.26945799589157104,60449.285763899796
538,2460448.9127315,241.2090249,52.0331541,2,19.465599060058594,0.27277401089668274,60448.41273149988
543,2460446.8306019,241.2090551,52.0332026,2,19.3700008392334,0.232696995139122,60446.330601899885
545,2460444.926794,241.2089532,52.0331741,2,19.18779945373535,0.24226899445056915,60444.42679399997
560,2460437.9168403,241.2089115,52.0331816,2,18.916799545288086,0.18780000507831573,60437.416840299964
566,2460436.9499421,241.2090397,52.0332099,2,18.83880043029785,0.15284499526023865,60436.44994209986
575,2460429.8705093,241.2089512,52.0331952,2,18.768199920654297,0.1884550005197525,60429.370509299915
578,2460423.9447106,241.2089648,52.033204,2,18.762500762939453,0.20091299712657928,60423.44471060019
582,2460421.9317824,241.2089928,52.033154,2,18.786500930786133,0.1978520005941391,60421.43178239977
590,2460413.9726852,241.2089491,52.0331573,1,19.93790054321289,0.167603999376297,60413.47268520016
593,2460412.9483333,241.2089911,52.033187,2,18.558799743652344,0.20747099816799164,60412.448333300184
594,2460408.9338426,241.2088681,52.033299,2,19.68000030517578,0.1849139928817749,60408.43384259986
595,2460404.9994792,241.2089062,52.0332067,2,18.395000457763672,0.16440899670124054,60404.499479200225
597,2460404.9060532,241.2091078,52.0333063,1,20.013500213623047,0.17604400217533112,60404.4060531999
598,2460404.9060532,241.2091078,52.0333063,1,20.013500213623047,0.17604400217533112,60404.4060531999
599,2460404.8856829,241.2090088,52.0331881,1,19.80270004272461,0.15019400417804718,60404.38568289997
601,2460398.9427546,241.2089526,52.0332132,2,18.3887996673584,0.11843200027942657,60398.4427546002
602,2460398.905081,241.2089945,52.0331389,2,19.28890037536621,0.17999400198459625,60398.40508100018
603,2460398.8260532,241.2091731,52.0331661,1,19.79560089111328,0.23580500483512878,60398.326053199824
604,2460396.9517824,241.2089131,52.0331873,2,18.380599975585938,0.12163099646568298,60396.45178239979
605,2460396.9508333,241.2087376,52.0332089,2,19.164600372314453,0.1625870019197464,60396.45083330013
606,2460396.9287153,241.2088954,52.0331876,1,19.184499740600586,0.21670900285243988,60396.428715299815
607,2460396.9125463,241.2089069,52.0331146,1,19.544300079345703,0.1659419983625412,60396.41254629986
608,2460391.908588,241.2089348,52.0332279,1,19.604700088500977,0.1854739934206009,60391.40858800011
609,2460391.8933218,241.2089428,52.033174,1,19.62579917907715,0.1911740005016327,60391.393321800046
611,2460390.0066551,241.2088867,52.0331866,2,19.135900497436523,0.11049100011587143,60389.5066550998
612,2460389.9927431,241.2088752,52.0331946,2,18.224199295043945,0.16499799489974976,60389.49274310004
613,2460383.9139815,241.2089869,52.0331407,2,18.325199127197266,0.08851499855518341,60383.41398150008
614,2460383.9118056,241.208865,52.0331872,2,18.999000549316406,0.0947830006480217,60383.41180559993
615,2460370.0054051,241.2090062,52.0332615,1,19.18779945373535,0.15332700312137604,60369.50540510006
616,2460369.9960301,241.2089403,52.0331588,1,19.328699111938477,0.1312749981880188,60369.496030100156
617,2460369.9323264,241.2088509,52.0332873,2,19.015199661254883,0.15190500020980835,60369.43232640019
618,2460369.9308912,241.2088609,52.0332211,2,18.055200576782227,0.16759400069713593,60369.43089119997
625,2460356.0103935,241.2089432,52.033186,1,19.161800384521484,0.09929800033569336,60355.51039349986
626,2460356.0094444,241.2090414,52.0331787,1,19.29129981994629,0.11918800324201584,60355.5094444002
627,2460355.9872569,241.2089787,52.0331975,2,18.12820053100586,0.10815499722957611,60355.48725689994
628,2460355.9671644,241.2088777,52.0331213,2,18.916500091552734,0.0874750018119812,60355.467164400034
629,2460353.9920602,241.2090309,52.0331764,1,19.284000396728516,0.12162899971008301,60353.492060199846
630,2460353.9102546,241.208862,52.0332115,1,19.257400512695312,0.1374090015888214,60353.41025459999
631,2460352.0078588,241.2089622,52.0331611,2,18.13330078125,0.12915800511837006,60351.50785879977
632,2460351.9899769,241.2089171,52.0332325,2,18.855499267578125,0.0912730023264885,60351.489976900164
633,2460351.9096412,241.2089363,52.033214,1,19.078500747680664,0.13009999692440033,60351.40964120021
634,2460351.9087037,241.2087968,52.0331669,1,19.19849967956543,0.13778400421142578,60351.408703700174
636,2460328.0362269,241.2089123,52.033215,2,18.827999114990234,0.10717300325632095,60327.53622689983
637,2460328.0141898,241.208961,52.0331978,1,19.32509994506836,0.13783499598503113,60327.51418979978
639,2460316.0506019,241.2089184,52.0331419,1,19.387500762939453,0.1516450047492981,60315.55060190009
640,2460315.9743403,241.2090688,52.0331579,2,18.616600036621094,0.12067899852991104,60315.474340300076
641,2460312.0236921,241.2089654,52.0331871,2,18.131099700927734,0.11793400347232819,60311.52369209984
642,2460312.0217593,241.2088118,52.0332325,2,18.958900451660156,0.11420899629592896,60311.52175930003
643,2460311.9814352,241.2089926,52.0331622,1,19.294200897216797,0.1585170030593872,60311.4814352002
644,2460234.6366204,241.2089172,52.0331697,2,18.862104415893555,0.18006660044193268,60234.13662040001
645,2460232.6562847,241.2088432,52.0331878,2,18.638500213623047,0.1443289965391159,60232.15628470015
649,2460224.6797222,241.2089155,52.0331731,2,18.62310028076172,0.11925199627876282,60224.17972220015
654,2460222.6397222,241.2090585,52.0331845,2,18.695100784301758,0.22392700612545013,60222.13972220011
660,2460195.6640972,241.2087835,52.0332084,1,19.906200408935547,0.2029460072517395,60195.16409720015
662,2460194.6598264,241.2087189,52.0332096,1,19.94770050048828,0.17687100172042847,60194.159826400224
666,2460188.6653472,241.2089909,52.0332351,1,19.253700256347656,0.1635960042476654,60188.16534719989
668,2460185.6632986,241.2088626,52.0332163,1,18.958900451660156,0.11933500319719315,60185.16329859989
669,2460184.6983565,241.2088723,52.0332207,1,19.041500091552734,0.12633900344371796,60184.198356499895
670,2460184.6635764,241.2088954,52.0331846,2,18.709800720214844,0.08829700201749802,60184.16357639991
671,2460183.7193403,241.2088173,52.0331841,1,19.054399490356445,0.12130700051784515,60183.21934030019
672,2460183.6813079,241.2087116,52.0332931,2,19.578699111938477,0.21789699792861938,60183.18130790023
673,2460182.7830556,241.2088743,52.0331935,2,18.52589988708496,0.07677099853754044,60182.28305559978
674,2460182.7194097,241.2088755,52.0331844,1,18.95669937133789,0.09460899978876114,60182.21940970002
675,2460181.7479977,241.2090694,52.0331146,2,18.920700073242188,0.15632300078868866,60181.24799769977
676,2460181.695162,241.2089266,52.0331875,1,18.846900939941406,0.12050200253725052,60181.195162000135
677,2460179.7035648,241.2089029,52.0332221,1,18.66360092163086,0.08020199835300446,60179.20356479986
678,2460179.663669,241.2087893,52.0332505,2,18.7908992767334,0.14816300570964813,60179.163668999914
679,2460175.6843634,241.2088964,52.0332159,1,18.478900909423828,0.07351599633693695,60175.1843634001
680,2460173.7474074,241.2088917,52.033222,2,18.10300064086914,0.06916599720716476,60173.24740740005
681,2460173.7454514,241.2088843,52.0332108,2,17.85460090637207,0.045538000762462616,60173.24545140006
682,2460173.7202546,241.2088798,52.0332201,1,18.310100555419922,0.07392200082540512,60173.22025460005
683,2460173.7202546,241.2088798,52.0332201,1,18.310100555419922,0.07392200082540512,60173.22025460005
684,2460173.7046759,241.2088951,52.0332184,1,18.425800323486328,0.07176399976015091,60173.20467589982
685,2460171.8260648,241.2088791,52.0332226,1,18.25670051574707,0.06888599693775177,60171.32606479991
686,2460171.7866435,241.2088979,52.0332141,1,18.34079933166504,0.08601400256156921,60171.286643499974
687,2460171.7584954,241.2089674,52.0331942,2,18.03190040588379,0.06626400351524353,60171.258495400194
688,2460171.7453704,241.2088938,52.0332039,2,17.77400016784668,0.054076001048088074,60171.24537040014
690,2460169.806088,241.2088452,52.0331918,2,17.684900283813477,0.05025099962949753,60169.30608800007
691,2460169.8036921,241.2089554,52.0332065,2,17.911699295043945,0.073744997382164,60169.303692100104
692,2460165.8189815,241.2088944,52.033219,1,18.2893009185791,0.07206299901008606,60165.31898149988
693,2460165.7253819,241.2088952,52.0332134,2,17.61370086669922,0.04416399821639061,60165.22538190009
694,2460165.6980208,241.2088953,52.0332134,2,17.856800079345703,0.05314499884843826,60165.19802080002
695,2460163.783125,241.2089488,52.0332078,2,17.834299087524414,0.05545099824666977,60163.283125000075
696,2460163.7412731,241.208879,52.0332192,1,18.194400787353516,0.06626100093126297,60163.24127310002
697,2460162.7426968,241.2088826,52.0332081,2,17.610300064086914,0.04153800010681152,60162.2426967998
698,2460162.7258449,241.2088922,52.0332129,1,18.28569984436035,0.06557299941778183,60162.225844900124
699,2460161.8471065,241.2089276,52.0332313,2,17.87350082397461,0.07203800231218338,60161.34710650006
700,2460161.7856713,241.2088913,52.0332121,1,18.20870018005371,0.06879699975252151,60161.28567129979
701,2460160.8085648,241.2088799,52.0332005,1,18.24020004272461,0.07331299781799316,60160.30856479984
702,2460160.6826736,241.2088954,52.0332124,2,17.66830062866211,0.04805000126361847,60160.18267360004
703,2460159.8511227,241.2090202,52.033229,1,18.238800048828125,0.1327040046453476,60159.35112270014
704,2460159.760162,241.2088663,52.0332264,2,17.88640022277832,0.05931900069117546,60159.26016200008
705,2460155.7827662,241.2089596,52.0332288,2,18.073299407958984,0.081325002014637,60155.28276620014
706,2460155.7808565,241.2088888,52.0332164,2,17.779800415039062,0.04646800085902214,60155.280856499914
707,2460155.762662,241.2088745,52.0332361,1,18.27680015563965,0.08739499747753143,60155.26266200002
708,2460155.7434722,241.2089035,52.0332262,1,18.359699249267578,0.10224799811840057,60155.24347219989
709,2460153.7835995,241.2088931,52.0332223,1,18.421899795532227,0.0715859979391098,60153.28359950008
710,2460153.7826505,241.2088863,52.0332273,1,18.35140037536621,0.07868099957704544,60153.28265050007
711,2460153.7347685,241.2088841,52.0332132,2,17.87529945373535,0.052691999822854996,60153.234768500086
712,2460153.7211458,241.2088494,52.0332326,2,18.137100219726562,0.08130300045013428,60153.22114579985
713,2460151.8300579,241.2089121,52.0332101,1,18.461700439453125,0.07336100190877914,60151.33005789993
714,2460151.7844329,241.2088906,52.0332299,1,18.535200119018555,0.06169800087809563,60151.28443290014
715,2460151.7068403,241.208889,52.0332215,2,17.95599937438965,0.04831499978899956,60151.2068403
716,2460151.7049074,241.2089005,52.0332266,2,18.287900924682617,0.10098599642515182,60151.20490740007
717,2460149.8744444,241.2088737,52.0332255,1,18.491600036621094,0.07634499669075012,60149.37444439996
718,2460149.7820833,241.208906,52.0332286,1,18.6018009185791,0.07225300371646881,60149.28208329994
719,2460149.7666898,241.2088938,52.0332126,2,18.0669002532959,0.05262799933552742,60149.26668980019
720,2460149.7420486,241.2088657,52.033265,2,18.51919937133789,0.09855800122022629,60149.24204860022
721,2460147.8073032,241.2088596,52.0332299,1,18.795499801635742,0.08711399883031845,60147.30730320001
722,2460147.8053704,241.2088843,52.0332222,1,18.76449966430664,0.10607600212097168,60147.305370400194
723,2460147.7650347,241.2088894,52.0331894,2,18.300600051879883,0.0541130006313324,60147.26503469981
724,2460147.7413657,241.2088853,52.0332352,2,18.917699813842773,0.12466000020503998,60147.24136570003
725,2460145.7629861,241.2091016,52.0332738,2,19.22279930114746,0.1523990035057068,60145.26298609981
726,2460145.7605208,241.2089252,52.0332105,2,18.48080062866211,0.08617299795150757,60145.26052080002
727,2460145.7263773,241.208847,52.0332139,1,18.7898006439209,0.11346299946308136,60145.22637729999
728,2460145.7230093,241.2088821,52.0332206,1,18.93120002746582,0.07635799795389175,60145.22300929995
729,2460143.8924306,241.2088339,52.0332262,2,18.525100708007812,0.10379700362682343,60143.39243059978
731,2460143.7742361,241.2088519,52.0332245,1,18.970199584960938,0.09663599729537964,60143.274236099795
732,2460143.7668403,241.2088511,52.0332433,1,19.040599822998047,0.10626599937677383,60143.26684030006
733,2460140.784456,241.2088743,52.0332263,1,19.02280044555664,0.08179699629545212,60140.2844560002
735,2460140.7417014,241.2088427,52.0332455,2,18.781099319458008,0.08861099928617477,60140.24170139991
736,2460140.7010532,241.2088145,52.0332334,1,19.376100540161133,0.12774600088596344,60140.201053199824
738,2460138.7420833,241.2088563,52.0332034,1,19.319599151611328,0.15202699601650238,60138.242083299905
739,2460138.7209838,241.2088972,52.0332308,1,19.3174991607666,0.1304740011692047,60138.22098380001
740,2460138.7058333,241.2088556,52.0332212,2,18.92930030822754,0.09864799678325653,60138.20583330002
741,2460136.8486921,241.2088147,52.0332425,1,19.324100494384766,0.1260019987821579,60136.34869210003
743,2460136.7987384,241.2088912,52.0331896,2,19.127500534057617,0.11604800075292587,60136.298738399986
744,2460136.7034259,241.2088551,52.0332143,1,19.449800491333008,0.12660500407218933,60136.20342590008
745,2460134.8675694,241.2088924,52.0331534,1,20.02829933166504,0.2419389933347702,60134.3675694
747,2460134.7040509,241.2088625,52.0332363,2,19.353700637817383,0.13166899979114532,60134.20405089995
756,2460124.9293287,241.2088812,52.0331219,2,19.21660041809082,0.19256600737571716,60124.42932870006
762,2460122.7869676,241.2089417,52.0329246,2,19.382200241088867,0.2583500146865845,60122.28696760023
763,2460120.8726736,241.2089678,52.0331722,2,19.093599319458008,0.1629990041255951,60120.37267359998
767,2460118.8187731,241.2089519,52.033195,2,18.901899337768555,0.2130959928035736,60118.31877310015
773,2460116.8031366,241.2087879,52.0331116,2,19.03809928894043,0.24078400433063507,60116.30313660018
775,2460114.8683796,241.2089246,52.0332009,2,18.92449951171875,0.18960900604724884,60114.36837959988
783,2460109.8425463,241.2090205,52.0332036,2,18.839000701904297,0.18493099510669708,60109.34254630003
787,2460104.840787,241.2091488,52.0332119,2,19.155500411987305,0.17149299383163452,60104.34078700002
794,2460102.7235995,241.2089981,52.0332013,2,18.846399307250977,0.18264099955558777,60102.22359950002
795,2460100.7915741,241.2089705,52.0331972,2,18.72450065612793,0.20039300620555878,60100.29157410003
799,2460098.864213,241.2089506,52.0331217,2,18.84149932861328,0.14287500083446503,60098.36421300005
804,2460093.9568866,241.209061,52.0331861,1,20.229299545288086,0.24991700053215027,60093.45688659977
805,2460093.885463,241.2088815,52.0332247,2,18.51219940185547,0.21252000331878662,60093.38546299981
807,2460090.8513426,241.2089673,52.0331492,2,18.597900390625,0.14564000070095062,60090.35134259984
808,2460090.8503935,241.2089727,52.0332749,2,19.388599395751953,0.15458999574184418,60090.35039350018
809,2460088.8834491,241.2089596,52.0332066,2,18.41010093688965,0.17308099567890167,60088.38344909996
813,2460086.8860301,241.2088669,52.0331717,2,18.570100784301758,0.14156700670719147,60086.38603009982
817,2460084.9135532,241.2090213,52.0331469,2,18.819000244140625,0.12094400078058243,60084.4135532002
819,2460084.8645139,241.2088676,52.0331228,1,19.78969955444336,0.22929200530052185,60084.36451390013
820,2460084.8223958,241.2089926,52.0332692,1,19.96969985961914,0.19131000339984894,60084.32239580015
821,2460082.8906134,241.2089363,52.0332375,1,20.118999481201172,0.18766899406909943,60082.39061339991
822,2460082.8901273,241.2089453,52.0331962,1,19.739099502563477,0.2762559950351715,60082.39012729982
823,2460082.8476042,241.2088988,52.0331366,2,18.544099807739258,0.16928799450397491,60082.34760419978
824,2460082.8461806,241.2087824,52.0331873,2,19.466400146484375,0.15510299801826477,60082.346180600114
825,2460080.7841782,241.2091102,52.0331955,1,20.03350067138672,0.1771630048751831,60080.28417820018
827,2460079.8467708,241.2090134,52.0331877,1,19.83530044555664,0.15910400450229645,60079.346770800184
828,2460078.9314005,241.2088503,52.0332655,2,18.672399520874023,0.15916100144386292,60078.43140049977
830,2460077.8872569,241.2088153,52.0332307,1,19.842500686645508,0.15931099653244019,60077.38725689985
831,2460077.8221412,241.2088924,52.0331022,2,19.399499893188477,0.1291929930448532,60077.32214119984
832,2460075.8298843,241.2089366,52.0332045,2,18.204200744628906,0.16861200332641602,60075.32988430001
834,2460073.7836227,241.208899,52.0332304,1,20.02440071105957,0.28927600383758545,60073.28362269979
835,2460067.9142245,241.2089438,52.0331917,2,18.180500030517578,0.150300994515419,60067.41422449984
836,2460067.842037,241.2088643,52.0332635,1,19.293399810791016,0.22962400317192078,60067.34203700023
837,2460065.9509028,241.2089792,52.0332367,1,19.51140022277832,0.15862399339675903,60065.450902800076
838,2460065.9020486,241.2089432,52.033111,2,19.14889907836914,0.1228490024805069,60065.402048599906
839,2460063.9696065,241.2089953,52.0331894,2,18.38409996032715,0.12812599539756775,60063.46960650012
840,2460063.9286458,241.208964,52.0332001,1,19.431299209594727,0.17682400345802307,60063.42864579987
841,2460063.9252778,241.208938,52.033254,1,19.489299774169922,0.10812799632549286,60063.42527779983
842,2460063.9061806,241.2088667,52.0331716,2,19.130699157714844,0.15034499764442444,60063.40618060017
843,2460061.9646644,241.2090066,52.0331899,2,18.2101993560791,0.1364780068397522,60061.46466440009
844,2460061.9472222,241.2089245,52.0331997,2,19.10140037536621,0.1197429969906807,60061.44722220022
845,2460061.9286227,241.2089616,52.0332029,1,19.493799209594727,0.12469299882650375,60061.42862269981
846,2460061.9276736,241.2090067,52.0332198,1,19.40369987487793,0.16934899985790253,60061.42767360015
847,2460059.9456829,241.2089633,52.0332175,2,19.081600189208984,0.10209699720144272,60059.44568290003
848,2460059.9334259,241.2089084,52.0332212,2,18.11079978942871,0.1518319994211197,60059.43342590006
849,2460059.8649769,241.2089405,52.0331786,1,19.52359962463379,0.146464005112648,60059.364976900164
850,2460059.863044,241.2089308,52.0331842,1,19.438800811767578,0.13738000392913818,60059.36304400023
851,2460057.9274769,241.2089012,52.0332057,2,18.32740020751953,0.14808200299739838,60057.427476900164
853,2460057.865081,241.2090935,52.0331873,1,19.773000717163086,0.17127099633216858,60057.36508100014
854,2460057.8641319,241.2089563,52.033195,1,19.521799087524414,0.16936899721622467,60057.364131900016
855,2460055.9260532,241.2089733,52.0331998,1,19.408300399780273,0.10688800364732742,60055.42605319992
856,2460055.9251157,241.2089724,52.0331963,1,19.37809944152832,0.2032960057258606,60055.42511569988
857,2460055.9047106,241.2089757,52.0331772,2,18.263500213623047,0.16389499604701996,60055.40471060015
858,2460055.8815394,241.2088428,52.0331632,2,19.114599227905273,0.12143000215291977,60055.3815394002
859,2460053.9304167,241.2089914,52.0331866,2,18.27869987487793,0.13534000515937805,60053.430416699965
860,2460053.9289815,241.2089229,52.03318,2,19.197099685668945,0.08860699832439423,60053.42898150021
861,2460053.8913194,241.2090782,52.0331917,1,19.459199905395508,0.13562600314617157,60053.391319400165
862,2460053.8883796,241.2089932,52.0331266,1,19.51689910888672,0.1271670013666153,60053.3883795999
863,2460050.9754398,241.2089463,52.0332024,1,19.40489959716797,0.10836199671030045,60050.47543979995
864,2460050.9749537,241.2090616,52.0332033,1,19.641399383544922,0.16442500054836273,60050.47495369986
865,2460050.9475694,241.2089614,52.0332017,2,18.290000915527344,0.1249530017375946,60050.44756940007
866,2460050.9456829,241.2089243,52.0331579,2,18.966299057006836,0.07449900358915329,60050.44568290003
867,2460046.8841782,241.2088826,52.0332135,2,18.17959976196289,0.16034699976444244,60046.384178199805
869,2460046.8068056,241.2089466,52.0331977,1,19.09280014038086,0.14239099621772766,60046.30680559995
870,2460046.8047338,241.2089783,52.0332461,1,19.41309928894043,0.10221900045871735,60046.30473379977
871,2460044.9664583,241.2089867,52.0332174,1,19.320600509643555,0.15226100385189056,60044.46645830013
872,2460044.9102083,241.208834,52.0331863,2,19.0,0.13057899475097656,60044.41020830022
873,2460044.9097222,241.2089531,52.0331901,2,18.27239990234375,0.1433510035276413,60044.40972220013
875,2460042.9291551,241.2089492,52.0331994,2,18.08799934387207,0.14528299868106842,60042.42915510014
876,2460042.9277315,241.2089025,52.0331843,2,18.9596004486084,0.16534200310707092,60042.42773150001
878,2460042.8847106,241.2090008,52.0331854,1,19.52549934387207,0.16230399906635284,60042.384710600134
879,2460032.9125231,241.2089316,52.0331975,2,18.888599395751953,0.09232400357723236,60032.41252310015
880,2460032.8216898,241.2089932,52.0331565,1,19.233699798583984,0.17409999668598175,60032.321689799894
881,2460032.8094097,241.2090366,52.0331946,1,19.291200637817383,0.14090700447559357,60032.30940969987
882,2460029.9976042,241.2089455,52.03321,1,18.986099243164062,0.14747600257396698,60029.49760420015
883,2460029.9966551,241.208956,52.0332088,1,19.193500518798828,0.0967629998922348,60029.496655100025
884,2460029.9647222,241.2089608,52.0332139,2,18.07430076599121,0.14676299691200256,60029.46472219983
885,2460029.9571875,241.2088441,52.0332039,2,18.84760093688965,0.10866700112819672,60029.45718749985
886,2460020.9663657,241.2089676,52.0331845,2,18.227100372314453,0.11131799966096878,60020.46636570012
887,2460020.8682986,241.2089444,52.0331927,2,18.865800857543945,0.08246099948883057,60020.36829859996
888,2459997.0317014,241.2090909,52.0332216,1,19.462499618530273,0.15639899671077728,59996.531701399945
889,2459997.0166898,241.2089003,52.0331971,2,18.735200881958008,0.11164099723100662,59996.51668980019
890,2459996.9947106,241.2089299,52.0331896,2,18.0762996673584,0.12991100549697876,59996.4947106
891,2459996.9684606,241.2088411,52.0332268,1,19.292299270629883,0.13154500722885132,59996.46846059989
892,2459993.9579861,241.2089982,52.0331417,2,18.884000778198242,0.09458500146865845,59993.45798610011
893,2459993.9372801,241.2087916,52.0332526,1,19.29199981689453,0.16753099858760834,59993.43728009984
894,2459993.9358218,241.209029,52.033143,1,19.619699478149414,0.24095800518989563,59993.43582180003
895,2459987.9982755,241.2089727,52.0331887,2,18.145000457763672,0.10107699781656265,59987.49827549979
896,2459985.0133565,241.2091141,52.0332022,2,18.299400329589844,0.09974800050258636,59984.51335649984
898,2459984.9915278,241.2088196,52.0331285,1,19.422399520874023,0.1717820018529892,59984.49152779998
899,2459977.9946181,241.2090952,52.0331491,1,19.374500274658203,0.1547659933567047,59977.494618100114
900,2459977.993669,241.2089151,52.0331927,1,19.35540008544922,0.1586180031299591,59977.49366899999
901,2459977.9131481,241.2089128,52.0332525,2,18.31060028076172,0.13329100608825684,59977.41314810002
902,2459977.9121991,241.2090277,52.0331552,2,18.85260009765625,0.18772700428962708,59977.412199100014
903,2459971.9536111,241.2090988,52.0330327,1,19.152599334716797,0.15819500386714935,59971.45361110009
904,2459971.9516898,241.2090586,52.0331294,1,19.23349952697754,0.1798730045557022,59971.45168979978
905,2459971.9312731,241.2089641,52.0332267,2,18.18869972229004,0.11822699755430222,59971.431273099966
906,2459971.9298495,241.20894,52.0332327,2,18.672199249267578,0.09178800135850906,59971.42984949984
907,2459970.0122569,241.209148,52.0331574,1,19.512800216674805,0.1596979945898056,59969.51225689985
908,2459970.0113194,241.2089149,52.0332154,1,19.277599334716797,0.12873700261116028,59969.51131939981
909,2459969.9793866,241.2088811,52.0332659,2,18.891300201416016,0.1242159977555275,59969.4793866002
910,2459969.9338773,241.2089439,52.033159,2,18.265899658203125,0.08366800099611282,59969.433877300005
911,2459968.0153009,241.2089769,52.0331092,2,18.225900650024414,0.09160800278186798,59967.51530090021
912,2459967.9941551,241.2089619,52.0330931,1,19.16550064086914,0.13055799901485443,59967.49415510008
913,2459967.9912269,241.209084,52.0330517,1,19.204299926757812,0.17206700146198273,59967.4912268999
914,2459967.8992014,241.2091357,52.0331396,2,18.81999969482422,0.2007569968700409,59967.39920140011
918,2459957.9891204,241.2088954,52.0331858,1,19.263599395751953,0.17909100651741028,59957.489120400045
920,2459952.036412,241.20894,52.0332103,2,18.094499588012695,0.14112000167369843,59951.53641200019
922,2459938.017419,241.2090271,52.0331131,2,19.270999908447266,0.10087300091981888,59937.517419000156
923,2459937.9936458,241.2091533,52.0331652,1,19.406299591064453,0.18872299790382385,59937.49364579981
924,2459935.9973495,241.2090629,52.0331841,1,19.45509910583496,0.17523500323295593,59935.49734950019
926,2459932.0475347,241.2089828,52.0332048,2,19.290800094604492,0.16131100058555603,59931.54753470002
927,2459932.0331597,241.208748,52.0331527,1,19.532699584960938,0.2460079938173294,59931.53315970022
928,2459929.0378704,241.2090097,52.0331172,1,19.618999481201172,0.20797699689865112,59928.53787040012
930,2459871.6226852,241.2088059,52.0332563,1,19.74081039428711,0.18131890892982483,59871.12268520007
931,2459869.6248495,241.2088448,52.0332283,1,19.511899948120117,0.13585500419139862,59869.124849500135
933,2459866.6370023,241.2089921,52.0332616,1,19.128999710083008,0.09835000336170197,59866.137002300005
935,2459864.6339583,241.2088079,52.0331934,1,19.26729965209961,0.13201099634170532,59864.13395830011
936,2459862.6808912,241.2088739,52.0331554,1,19.114299774169922,0.2263370007276535,59862.18089119997
939,2459859.6578704,241.208887,52.03324,1,18.823999404907227,0.14674599468708038,59859.15787040023
940,2459859.6282755,241.2088787,52.0331933,2,18.483299255371094,0.08612100034952164,59859.128275500145
941,2459858.6775926,241.208894,52.0332924,2,19.02359962463379,0.16366000473499298,59858.17759260023
942,2459858.655081,241.2088425,52.0332304,1,18.824800491333008,0.1388549953699112,59858.15508100018
943,2459857.6756019,241.2088815,52.0331897,2,18.349599838256836,0.0850749984383583,59857.17560190009
944,2459857.6423264,241.2089041,52.0332044,1,18.77120018005371,0.12536700069904327,59857.14232640015
945,2459856.682419,241.2089807,52.0331885,2,18.564599990844727,0.1345899999141693,59856.18241900019
946,2459855.6730671,241.2089108,52.0332063,1,18.5575008392334,0.10244499891996384,59855.17306709988
947,2459853.6826852,241.2089608,52.0332244,2,18.267900466918945,0.07351599633693695,59853.182685200125
948,2459853.6817361,241.2088971,52.0332213,2,18.008100509643555,0.05924199894070625,59853.1817361
949,2459853.6394329,241.2088996,52.0332145,1,18.492900848388672,0.06978099793195724,59853.13943290012
950,2459853.6379861,241.2088805,52.0332126,1,18.380599975585938,0.07946199923753738,59853.13798609981
951,2459848.6784954,241.2089496,52.0332066,2,17.960599899291992,0.07382900267839432,59848.17849540012
952,2459848.6384028,241.208884,52.0332166,1,18.230499267578125,0.07392500340938568,59848.138402800076
953,2459846.726169,241.2089014,52.0332089,1,18.22760009765625,0.07065299898386002,59846.226168999914
954,2459846.6585532,241.2089402,52.0332172,2,17.824100494384766,0.07351800054311752,59846.15855319984
955,2459844.7243403,241.208927,52.0332085,1,18.251800537109375,0.07976800203323364,59844.224340300076
956,2459844.6558796,241.2089199,52.0332159,2,17.789100646972656,0.05610400065779686,59844.15587959997
957,2459842.6979282,241.2089301,52.0332059,2,17.79490089416504,0.07479199767112732,59842.19792820001
958,2459842.6454398,241.2088856,52.0332135,1,18.2052001953125,0.06121499836444855,59842.145439799875
959,2459841.6613889,241.2088958,52.0332161,1,18.278799057006836,0.059445999562740326,59841.16138890013
960,2459840.697338,241.2088962,52.0332083,1,18.215700149536133,0.06541000306606293,59840.19733799994
961,2459840.6753472,241.20889,52.0332134,1,18.204200744628906,0.06655800342559814,59840.17534720013
962,2459839.6716088,241.2088918,52.033215,1,18.283199310302734,0.07942300289869308,59839.17160880007
963,2459830.6594444,241.2089753,52.0332622,1,18.60420036315918,0.11699800193309784,59830.15944440011
964,2459828.6999537,241.2088965,52.0332503,1,18.796199798583984,0.10512799769639969,59828.19995369995
965,2459828.6984954,241.2088936,52.0331926,1,18.998699188232422,0.12113899737596512,59828.19849540014
966,2459828.6576157,241.2090095,52.0333217,2,19.31529998779297,0.14460299909114838,59828.157615699805
967,2459828.6551968,241.2088486,52.0332308,2,18.406999588012695,0.07032900303602219,59828.1551967999
968,2459825.7393981,241.2088955,52.0332924,1,19.06719970703125,0.16905400156974792,59825.23939809995
969,2459825.738912,241.2088164,52.0332325,1,19.148500442504883,0.1395840048789978,59825.238911999855
970,2459825.6787847,241.2089084,52.0331864,2,18.74839973449707,0.07446400076150894,59825.17878470011
972,2459823.7476968,241.2088697,52.0331993,1,19.162700653076172,0.1472889930009842,59823.24769680016
974,2459816.6998032,241.2088237,52.0332261,1,19.36079978942871,0.11867400258779526,59816.199803200085
975,2459816.6993171,241.2088651,52.0332013,1,19.461000442504883,0.12355799973011017,59816.19931709999
977,2459816.6639005,241.2088909,52.0332226,2,19.024099349975586,0.10212100297212601,59816.16390050016
980,2459814.7383102,241.2087362,52.0332475,2,19.459400177001953,0.14336800575256348,59814.23831020016
981,2459812.7210648,241.2088781,52.033097,1,20.171300888061523,0.24169699847698212,59812.22106479993
982,2459812.7205903,241.2089359,52.0332655,1,20.114900588989258,0.2686060070991516,59812.22059029993
999,2459799.7052199,241.2090407,52.0331921,2,19.08009910583496,0.2108200043439865,59799.20521989977
1007,2459794.7624537,241.208921,52.0331916,2,19.03030014038086,0.21434900164604187,59794.26245369995
1013,2459789.7211806,241.2090131,52.0331617,2,18.969499588012695,0.2173299938440323,59789.221180600114
1026,2459782.7846991,241.2088937,52.0331374,1,20.346500396728516,0.3557620048522949,59782.28469910007
1031,2459779.8096759,241.2089145,52.0331771,2,18.611000061035156,0.1773100048303604,59779.3096758998
1032,2459779.7376736,241.2089301,52.0331724,2,18.70159912109375,0.20102299749851227,59779.237673600204
1034,2459778.7194329,241.2088633,52.0332331,2,19.809900283813477,0.20911400020122528,59778.219432900194
1036,2459776.8414815,241.2089263,52.0331906,2,18.70949935913086,0.1906989961862564,59776.34148149984
1037,2459776.7208681,241.2088941,52.0331946,2,18.518199920654297,0.16921499371528625,59776.22086809995
1039,2459774.7654167,241.2089963,52.0331554,2,18.574499130249023,0.1656010001897812,59774.26541669993
1040,2459774.7216551,241.2089452,52.0331563,2,18.587600708007812,0.17985799908638,59774.22165510012
1042,2459773.7281597,241.2088628,52.0333343,2,19.666200637817383,0.1889439970254898,59773.228159700055
1044,2459772.7385995,241.2089983,52.0332189,2,18.65250015258789,0.19256199896335602,59772.23859950015
1051,2459768.8257292,241.2090315,52.0332503,1,19.88249969482422,0.2315180003643036,59768.32572920015
1053,2459766.8035185,241.2088217,52.0331687,1,20.08690071105957,0.16794100403785706,59766.30351850018
1054,2459766.7432292,241.2088713,52.0332547,2,19.547700881958008,0.14028500020503998,59766.24322920013
1055,2459765.8289583,241.2088731,52.0331911,2,18.575700759887695,0.16840699315071106,59765.32895829994
1057,2459764.8275347,241.2090109,52.0331706,1,20.1112003326416,0.18493600189685822,59764.32753469981
1059,2459763.8800694,241.2091239,52.0331899,1,19.89419937133789,0.22347399592399597,59763.380069400184
1060,2459763.7796296,241.2089468,52.033138,2,18.488300323486328,0.13786199688911438,59763.27962959977
1063,2459761.8492593,241.2089211,52.0331959,2,18.597900390625,0.16115599870681763,59761.34925930016
1065,2459760.763044,241.2089164,52.0331944,2,19.469100952148438,0.1712920069694519,59760.26304400014
1066,2459759.8058681,241.2089891,52.0331953,2,18.55270004272461,0.14759300649166107,59759.30586809991
1072,2459756.7856829,241.2089162,52.0331947,1,19.74839973449707,0.14087000489234924,59756.28568289988
1073,2459755.8037731,241.2089651,52.0331868,2,18.510400772094727,0.11333700269460678,59755.30377310002
1074,2459755.7805093,241.2090429,52.0332289,1,19.621200561523438,0.17127099633216858,59755.280509300064
1075,2459753.8471296,241.2088645,52.0332048,2,19.398099899291992,0.12807899713516235,59753.34712960012
1076,2459753.7892477,241.2088558,52.0331337,1,19.786500930786133,0.16009199619293213,59753.28924770001
1078,2459751.8407639,241.208871,52.0331795,1,19.561100006103516,0.1394989937543869,59751.34076389996
1079,2459751.7845023,241.2089781,52.0331343,2,19.312700271606445,0.10782500356435776,59751.28450229997
1080,2459750.8077662,241.2089851,52.0331928,2,18.413299560546875,0.13211700320243835,59750.30776620004
1081,2459750.7897454,241.2089536,52.0331819,1,19.592899322509766,0.13693399727344513,59750.289745400194
1082,2459749.8470139,241.2088843,52.0331782,2,19.14080047607422,0.12432499974966049,59749.34701390006
1083,2459749.8062384,241.2089383,52.0332313,1,19.499399185180664,0.13593299686908722,59749.30623839982
1084,2459748.8307176,241.2089505,52.0331843,2,18.43600082397461,0.10411600023508072,59748.33071759995
1085,2459748.7630671,241.2089651,52.0332148,1,19.422000885009766,0.15046200156211853,59748.2630671002
1086,2459747.7413657,241.2088784,52.0332288,2,19.16349983215332,0.1206509992480278,59747.24136570003
1087,2459744.930625,241.2090905,52.033217,1,19.179800033569336,0.19133099913597107,59744.43062500004
1088,2459742.9315972,241.2089588,52.0332118,1,19.257200241088867,0.185806006193161,59742.43159720022
1090,2459742.7884028,241.2090018,52.0331886,2,18.28219985961914,0.12589700520038605,59742.28840279998
1091,2459742.7874421,241.2089433,52.0331767,2,19.19499969482422,0.1335570067167282,59742.28744209977
1092,2459740.9097801,241.2090169,52.0332343,1,19.31060028076172,0.15443600714206696,59740.40978009999
1093,2459740.8883565,241.209002,52.0332029,1,19.3031005859375,0.1311960071325302,59740.38835649984
1094,2459740.8505208,241.2089982,52.0331587,2,18.403600692749023,0.12323199957609177,59740.35052079987
1095,2459740.8247685,241.208887,52.0332042,2,18.935199737548828,0.09426700323820114,59740.32476849994
1096,2459738.8890162,241.2090533,52.0331461,1,19.462600708007812,0.11444299668073654,59738.38901619986
1097,2459738.7846412,241.2089732,52.0331744,2,18.286100387573242,0.09993000328540802,59738.28464120021
1098,2459738.7817708,241.2089005,52.0331698,2,18.94770050048828,0.09712299704551697,59738.281770799775
1099,2459736.8430208,241.2089695,52.0331803,2,18.381500244140625,0.12220200151205063,59736.343020800035
1100,2459736.8025,241.2089133,52.0332065,1,19.37779998779297,0.09807199984788895,59736.30250000022
1101,2459736.8010764,241.208986,52.0332185,1,19.25779914855957,0.14388999342918396,59736.301076400094
1102,2459736.7185764,241.2089598,52.0332149,2,18.937000274658203,0.10693299770355225,59736.218576400075
1103,2459734.8234375,241.2090096,52.0331997,1,19.212799072265625,0.13588500022888184,59734.323437499814
1104,2459734.8041435,241.2089405,52.0331854,1,19.29450035095215,0.14671699702739716,59734.30414350005
1105,2459734.7614236,241.2089064,52.0331999,2,18.26110076904297,0.2150299996137619,59734.261423599906
1107,2459732.7971528,241.2089547,52.0332086,2,18.232200622558594,0.15828099846839905,59732.29715280002
1108,2459732.7952315,241.2089338,52.0331876,2,18.899700164794922,0.1387230008840561,59732.295231500175
1109,2459732.7819213,241.208968,52.0332206,1,19.49679946899414,0.14109300076961517,59732.281921300106
1110,2459732.7809606,241.2089383,52.0331855,1,19.40690040588379,0.13783599436283112,59732.28096059989
1111,2459730.9075579,241.2089469,52.0331726,2,18.153799057006836,0.15662099421024323,59730.407557900064
1112,2459730.8661343,241.2090387,52.033235,1,19.27899932861328,0.09742400050163269,59730.3661342999
1113,2459729.9066319,241.2088274,52.0331407,1,19.247600555419922,0.1180490031838417,59729.4066319
1114,2459727.8507986,241.2090135,52.0331784,1,18.686500549316406,0.13636599481105804,59727.35079859989
1115,2459727.7652894,241.2089848,52.0331841,2,17.86009979248047,0.1612209975719452,59727.26528939977
1117,2459726.8221181,241.2089579,52.0331875,1,19.255399703979492,0.10068599879741669,59726.32211809978
1118,2459725.825544,241.2089108,52.0332204,2,18.206499099731445,0.12509900331497192,59725.32554400014
1119,2459725.8085648,241.2089412,52.0332167,1,19.180500030517578,0.13599200546741486,59725.30856479984
1120,2459724.9106597,241.2089017,52.033175,2,18.834699630737305,0.0887800008058548,59724.41065970017
1121,2459724.865544,241.2089554,52.0331792,1,19.158700942993164,0.107294000685215,59724.365544000175
1122,2459723.8639468,241.2090169,52.0332303,1,19.332799911499023,0.12381699681282043,59723.36394680012
1123,2459723.8246412,241.2089724,52.033189,2,18.162099838256836,0.16311399638652802,59723.32464119978
1124,2459722.9510764,241.2089626,52.0332202,1,19.166400909423828,0.10122299939393997,59722.4510764
1125,2459722.9510764,241.2089626,52.0332202,1,19.166370391845703,0.10122299939393997,59722.4510764
1126,2459722.9060185,241.2089268,52.033179,1,19.194400787353516,0.10854300111532211,59722.406018500216
1127,2459722.9060185,241.2089268,52.033179,1,19.194400787353516,0.10854300111532211,59722.406018500216
1129,2459719.9073495,241.2089851,52.0332049,2,18.31439971923828,0.09518600255250931,59719.407349499874
1130,2459719.8461111,241.2089116,52.0331829,2,18.87350082397461,0.07732900232076645,59719.34611110017
1131,2459719.8446875,241.2089193,52.0332017,2,18.154300689697266,0.11681299656629562,59719.34468750004
1132,2459719.7806134,241.2088804,52.0332159,2,18.81920051574707,0.07622099667787552,59719.28061340004
1133,2459717.8407639,241.2089188,52.0332633,1,19.097400665283203,0.16135099530220032,59717.34076389996
1134,2459717.8249074,241.2089309,52.0332033,1,19.285400390625,0.1428309977054596,59717.32490740018
1136,2459714.8442824,241.2089361,52.0331865,2,18.242900848388672,0.1322290003299713,59714.34428239986
1137,2459714.8438079,241.2088881,52.0331267,2,18.925600051879883,0.14989900588989258,59714.34380789986
1139,2459712.9525116,241.2088816,52.0331705,1,19.292400360107422,0.12879200279712677,59712.45251160022
1140,2459712.929375,241.2091062,52.0332211,1,19.380599975585938,0.1484770029783249,59712.42937499983
1141,2459712.8658681,241.2088987,52.033145,2,18.817800521850586,0.10526400059461594,59712.365868099965
1142,2459712.864919,241.2089676,52.0331997,2,18.171300888061523,0.10410699993371964,59712.36491899984
1143,2459710.9275347,241.2089703,52.033171,1,19.308399200439453,0.15457899868488312,59710.427534699906
1144,2459710.8659491,241.2089338,52.0331135,2,18.997800827026367,0.10367300361394882,59710.36594909988
1145,2459710.8645255,241.2090222,52.0331806,2,18.14229965209961,0.08428099751472473,59710.36452550022
1146,2459710.7994676,241.2088937,52.0331064,1,19.309499740600586,0.13465499877929688,59710.29946759995
1147,2459708.9333565,241.2089524,52.033185,2,18.115800857543945,0.1105009987950325,59708.43335650023
1148,2459708.8728241,241.2089847,52.0331868,2,18.143400192260742,0.12135200202465057,59708.372824099846
1149,2459708.843125,241.208921,52.0331331,2,18.80500030517578,0.09787999838590622,59708.34312500013
1150,2459708.8232639,241.2089264,52.0331979,2,18.733400344848633,0.11557299643754959,59708.32326389989
1151,2459702.9488079,241.2090171,52.033203,1,19.25189971923828,0.11718499660491943,59702.44880789984
1152,2459702.9089005,241.2090093,52.0331586,2,18.139699935913086,0.10714200139045715,59702.40890049981
1153,2459702.8658449,241.2088552,52.0331789,2,18.806900024414062,0.07142099738121033,59702.36584489979
1154,2459702.8073843,241.2089775,52.033202,1,19.156299591064453,0.10547800362110138,59702.307384300046
1155,2459700.9158102,241.2089884,52.0331801,2,18.136899948120117,0.11733700335025787,59700.41581019992
1156,2459700.8652083,241.2089498,52.033204,1,19.274099349975586,0.11478900164365768,59700.36520829983
1157,2459700.8445023,241.2089234,52.0331785,1,19.177499771118164,0.11234299838542938,59700.344502300024
1158,2459700.8025231,241.2088781,52.0331742,2,18.763500213623047,0.07825899869203568,59700.30252309982
1159,2459697.9252778,241.2090168,52.0332357,1,19.161699295043945,0.1046610027551651,59697.42527779983
1160,2459697.9243287,241.2089165,52.0331919,1,19.24020004272461,0.07283700257539749,59697.424328700174
1161,2459697.8877662,241.2089794,52.0331912,2,18.07040023803711,0.11340399831533432,59697.38776620012
1162,2459697.870706,241.2088549,52.0331476,2,18.833499908447266,0.18226400017738342,59697.3707059999
1163,2459695.9292477,241.2088171,52.0331943,2,18.084400177001953,0.3469710052013397,59695.42924770014
1165,2459695.863287,241.208916,52.0331905,1,19.12299919128418,0.12066499888896942,59695.363286999986
1166,2459693.9454861,241.2089608,52.0332075,1,19.242700576782227,0.12080100178718567,59693.445486099925
1167,2459693.9269329,241.2089643,52.0332151,1,19.190200805664062,0.12079399824142456,59693.42693290021
1168,2459693.9071296,241.2089585,52.0331699,2,18.21489906311035,0.09880899637937546,59693.40712960018
1169,2459693.8264005,241.2089089,52.0330429,2,18.865400314331055,0.10249000042676926,59693.32640049979
1172,2459688.8869792,241.208923,52.03317,2,18.894399642944336,0.11539900302886963,59688.386979199946
1173,2459688.8865046,241.208946,52.0331919,2,18.172100067138672,0.16912099719047546,59688.386504599825
1174,2459685.8867708,241.2087995,52.0333216,1,19.039199829101562,0.19464200735092163,59685.38677080022
1176,2459685.8454282,241.2089311,52.0331774,2,18.28350067138672,0.12053900212049484,59685.34542819997
1177,2459685.8440046,241.2088035,52.0332291,2,18.79490089416504,0.09498699754476547,59685.34400459984
1178,2459683.8823727,241.2089414,52.0332082,2,18.14579963684082,0.1496960073709488,59683.38237270014
1179,2459683.8804282,241.2088539,52.0332128,2,18.847299575805664,0.09068000316619873,59683.38042820012
1180,2459683.8056366,241.2089921,52.0332378,1,19.122100830078125,0.18224799633026123,59683.305636600126
1181,2459683.8046759,241.2089256,52.0332519,1,19.18630027770996,0.14886899292469025,59683.30467589991
1182,2459679.8673264,241.2089382,52.0331961,2,18.85919952392578,0.09640000015497208,59679.36732639978
1183,2459679.8668519,241.2089423,52.0331835,2,18.073400497436523,0.12540499866008759,59679.36685189977
1184,2459679.8004861,241.2089689,52.033217,1,19.246599197387695,0.12616899609565735,59679.300486099906
1185,2459679.8000116,241.2091068,52.0332276,1,19.191299438476562,0.12069699913263321,59679.3000115999
1186,2459677.9370486,241.2089542,52.0331859,2,18.179899215698242,0.09834499657154083,59677.437048600055
1187,2459677.9079745,241.2089837,52.0331836,2,18.881099700927734,0.07467000186443329,59677.40797450021
1188,2459677.8412153,241.2089089,52.0332043,1,19.109899520874023,0.15875199437141418,59677.34121529991
1189,2459677.8254398,241.2089518,52.0332439,1,19.210599899291992,0.13851499557495117,59677.32543980004
1190,2459675.9375347,241.2089732,52.0331602,2,18.898099899291992,0.06913799792528152,59675.43753470015
1191,2459675.936088,241.2089702,52.0331933,2,18.159700393676758,0.12066700309515,59675.43608799996
1192,2459675.8872801,241.2089766,52.0332561,1,19.249399185180664,0.10886599868535995,59675.387280100025
1193,2459675.8843981,241.2088941,52.033166,1,19.25279998779297,0.11732500046491623,59675.384398099966
1194,2459673.9254861,241.2089976,52.0332539,1,19.236099243164062,0.13333800435066223,59673.425486099906
1195,2459673.9254861,241.208983,52.0332398,1,19.09160041809082,0.1258620023727417,59673.425486099906
1196,2459673.8825694,241.2088704,52.0331846,2,18.778099060058594,0.0954279974102974,59673.38256940013
1197,2459673.8825694,241.2088733,52.0331825,2,18.77630043029785,0.09442400187253952,59673.38256940013
1198,2459673.8650347,241.2089293,52.0332066,2,18.04170036315918,0.14538699388504028,59673.365034699906
1199,2459673.8650347,241.2089311,52.0332055,2,18.038700103759766,0.14634700119495392,59673.365034699906
1200,2459673.8447222,241.2088145,52.0331851,1,19.365100860595703,0.10711299628019333,59673.344722200185
1201,2459673.8447222,241.208821,52.0331859,1,19.274999618530273,0.10085800290107727,59673.344722200185
1202,2459641.9127546,241.2088791,52.0332096,2,18.953079223632812,0.12691600620746613,59641.412754599936
1203,2459641.8937616,241.2089541,52.033218,1,19.428800582885742,0.11351999640464783,59641.3937615999
1204,2459641.8912731,241.2089606,52.0332047,1,19.21430015563965,0.11149899661540985,59641.39127309993
1205,2459641.8675116,241.208975,52.0331838,2,18.411800384521484,0.0770379975438118,59641.36751159979
1206,2459640.0046296,241.2089842,52.0331202,2,18.42169952392578,0.1299079954624176,59639.50462959986
1207,2459639.9933796,241.2088173,52.0331836,2,18.9281005859375,0.11175700277090073,59639.49337959988
1208,2459639.8903472,241.2092291,52.0332139,1,19.32939910888672,0.24645200371742249,59639.39034719998
1209,2459639.8864699,241.2089157,52.0331331,1,19.1781005859375,0.14425800740718842,59639.38646990014
1210,2459638.0161343,241.2090578,52.0331949,1,19.652000427246094,0.2799200117588043,59637.5161342998
1211,2459637.9854514,241.2089395,52.0331795,1,19.240100860595703,0.14906199276447296,59637.485451399814
1212,2459637.9573611,241.2089814,52.0331529,2,18.423900604248047,0.10424300283193588,59637.457361099776
1213,2459637.9322222,241.2088977,52.033173,2,18.92460060119629,0.08137399703264236,59637.43222220009
1214,2459631.0348958,241.2089783,52.0331705,2,18.432600021362305,0.0962890014052391,59630.534895800054
1215,2459631.0192593,241.2088903,52.0331999,2,18.93429946899414,0.08299800008535385,59630.51925930008
1216,2459630.9496528,241.2089282,52.0331858,1,19.250699996948242,0.1414860039949417,59630.44965279987
1217,2459628.9499769,241.208843,52.0331419,2,18.887699127197266,0.14664599299430847,59628.44997690013
1218,2459628.9474537,241.2091008,52.0331548,2,18.545799255371094,0.1377989947795868,59628.447453700006
1219,2459628.8897685,241.2090547,52.0332506,1,19.32040023803711,0.286312997341156,59628.38976849988
1220,2459628.8882986,241.2089506,52.0330253,1,19.441499710083008,0.259460985660553,59628.38829859998
1221,2459625.9533565,241.2090266,52.0331796,2,18.394399642944336,0.11394300311803818,59625.453356499784
1222,2459625.9288657,241.2088748,52.0332051,2,19.00909996032715,0.1110370010137558,59625.42886570003
1225,2459624.0320718,241.2089958,52.0331984,1,19.36549949645996,0.10539700090885162,59623.53207179997
1226,2459624.0210301,241.2089403,52.0331945,1,19.506999969482422,0.13580000400543213,59623.52103010006
1227,2459623.8904167,241.2089108,52.0331648,2,19.057100296020508,0.11548099666833878,59623.39041669993
1228,2459623.8875347,241.2089686,52.0332089,2,18.49180030822754,0.11064500361680984,59623.38753469987
1229,2459601.0098958,241.2090052,52.0331971,2,18.758100509643555,0.12676900625228882,59600.50989580015
1233,2459510.6226505,241.208873,52.0331979,1,18.41356086730957,0.13944999873638153,59510.12265049992
1234,2459502.6754398,241.2089711,52.0332935,2,19.203500747680664,0.17951199412345886,59502.175439800136
1235,2459502.6325347,241.2087736,52.033227,1,18.905000686645508,0.1546339988708496,59502.13253469998
1236,2459498.635787,241.2089075,52.0332254,1,19.115100860595703,0.09985999763011932,59498.13578699995
1239,2459491.639375,241.2090285,52.0332532,1,19.7814998626709,0.18539799749851227,59491.139374999795
1240,2459491.6365509,241.2088154,52.0332052,1,19.5625,0.17590999603271484,59491.13655090006
1259,2459476.6984491,241.2085532,52.0331023,2,19.117300033569336,0.25583600997924805,59476.1984490999
1267,2459470.6573148,241.209044,52.0331014,2,19.041200637817383,0.13898900151252747,59470.15731480019
1275,2459466.6570602,241.2090983,52.0331671,2,18.982799530029297,0.1374109983444214,59466.15706019988
1277,2459464.7846065,241.2091195,52.0332131,2,18.96299934387207,0.13335999846458435,59464.28460650006
1278,2459464.7846065,241.2091195,52.0332131,2,18.96299934387207,0.13335999846458435,59464.28460650006
1284,2459462.7190625,241.2089039,52.033131,2,18.887300491333008,0.12464799731969833,59462.21906250017
1287,2459460.7592824,241.2086843,52.0329663,1,20.119699478149414,0.2263139933347702,59460.2592823999
1290,2459458.7203704,241.2088232,52.0331874,2,18.901599884033203,0.09810800105333328,59458.22037040023
1297,2459453.7613889,241.2090676,52.033154,2,18.860599517822266,0.14703699946403503,59453.261388900224
1308,2459449.6650463,241.2090128,52.0331808,2,18.7455997467041,0.11796099692583084,59449.16504629981
1315,2459441.6824074,241.2090013,52.0331796,2,18.81999969482422,0.12714600563049316,59441.182407400105
1318,2459439.7641898,241.2087481,52.033112,1,19.598100662231445,0.24678899347782135,59439.26418979978
1319,2459439.7232639,241.2090067,52.0331992,2,18.718000411987305,0.10722699761390686,59439.223263899796
1320,2459439.7017014,241.2088405,52.0332023,2,19.183700561523438,0.13320200145244598,59439.20170139987
1321,2459436.7412153,241.2089765,52.0332184,1,19.687000274658203,0.16794399917125702,59436.241215299815
1322,2459436.7407407,241.2090835,52.0332798,1,19.85849952697754,0.19430699944496155,59436.24074070016
1323,2459436.7182639,241.2087829,52.0330435,2,19.325000762939453,0.18622200191020966,59436.21826389991
1325,2459434.739213,241.2091491,52.0332468,1,19.868900299072266,0.16155000030994415,59434.23921300005
1326,2459434.7227546,241.2089693,52.0331921,1,19.66200065612793,0.1800439953804016,59434.22275459999
1327,2459434.7001736,241.2090061,52.0331511,2,18.5669002532959,0.10494700074195862,59434.20017360011
1328,2459434.6817824,241.2088813,52.0333067,2,19.318700790405273,0.1746399998664856,59434.18178239977
1330,2459429.8018056,241.2088034,52.0332127,1,19.53510093688965,0.1768919974565506,59429.30180560006
1331,2459427.7596065,241.2088597,52.0331772,1,19.48349952697754,0.15908600389957428,59427.259606500156
1332,2459427.7586458,241.2089082,52.0332481,1,19.655500411987305,0.14175699651241302,59427.25864579994
1333,2459427.6995602,241.2089896,52.0331715,2,18.56839942932129,0.11362800002098083,59427.199560199864
1334,2459427.6866898,241.20881,52.0331279,2,19.034099578857422,0.1132740005850792,59427.18668980012
1335,2459425.7429051,241.2088831,52.0331931,1,19.316699981689453,0.15069200098514557,59425.242905099876
1336,2459425.7208912,241.20901,52.0331749,1,19.573999404907227,0.1427379995584488,59425.220891200006
1337,2459425.7020602,241.2090026,52.0331842,2,18.466899871826172,0.06902100145816803,59425.20206019981
1341,2459423.7349653,241.2089478,52.0331824,2,19.088300704956055,0.08725199848413467,59423.23496530019
1342,2459423.7222338,241.2091019,52.0331329,1,19.684799194335938,0.15181900560855865,59423.22223380022
1346,2459418.7458333,241.2089527,52.0331599,2,18.1648006439209,0.1686280071735382,59418.245833300054
1350,2459414.7562616,241.2088267,52.0331474,1,19.333099365234375,0.1704459935426712,59414.25626160018
1351,2459412.870625,241.2090106,52.033103,2,18.66629981994629,0.131291002035141,59412.37062499998
1353,2459411.6985301,241.2088668,52.0331777,1,19.315900802612305,0.14219500124454498,59411.19853009982
1354,2459410.737338,241.2089809,52.0331788,2,18.4768009185791,0.11513800173997879,59410.23733799998
1355,2459410.7033449,241.2090435,52.0332156,1,19.497699737548828,0.14215099811553955,59410.20334490016
1356,2459409.72,241.2088858,52.0331851,1,19.23259925842285,0.10870800167322159,59409.220000000205
1357,2459409.6984028,241.2088658,52.0332223,2,19.120100021362305,0.13858500123023987,59409.19840280013
1358,2459408.8485995,241.2089491,52.0331421,1,19.420299530029297,0.16089700162410736,59408.34859950002
1359,2459408.7410185,241.2090368,52.0331296,2,18.441200256347656,0.12299200147390366,59408.24101850018
1360,2459407.7394907,241.2088993,52.033161,1,19.327199935913086,0.13453400135040283,59407.239490699954
1361,2459407.7015046,241.2089194,52.0331695,2,19.05780029296875,0.12366499751806259,59407.20150459977
1362,2459406.761412,241.2090062,52.0331749,2,18.421199798583984,0.0800589993596077,59406.26141199982
1363,2459406.6957639,241.2089876,52.0331977,1,19.45789909362793,0.13879500329494476,59406.195763899945
1364,2459405.7191782,241.2089762,52.0331238,1,19.393400192260742,0.1295350044965744,59405.21917819977
1365,2459404.8237153,241.2090065,52.0331763,1,19.468700408935547,0.13178600370883942,59404.32371529983
1366,2459404.8013079,241.2089943,52.0331823,2,18.405899047851562,0.08636400103569031,59404.30130789988
1367,2459403.8018866,241.2088877,52.0332263,2,18.91699981689453,0.09256099909543991,59403.30188659998
1368,2459403.7823264,241.2088944,52.0331379,1,19.344999313354492,0.12578199803829193,59403.282326399814
1369,2459402.7879514,241.2090383,52.0331989,1,19.440799713134766,0.14592799544334412,59402.28795140004
1370,2459402.7654861,241.208966,52.0331321,2,18.44540023803711,0.10677699744701385,59402.26548610022
1371,2459401.8015278,241.2088906,52.0331907,2,18.83340072631836,0.11910299956798553,59401.30152780004
1372,2459401.7452431,241.2089096,52.0331239,1,19.262100219726562,0.10020499676465988,59401.245243099984
1373,2459400.8475694,241.208963,52.0331601,2,18.457199096679688,0.08033700287342072,59400.34756939998
1374,2459400.7852315,241.2090174,52.0331281,1,19.482099533081055,0.14410200715065002,59400.28523149993
1375,2459399.7642824,241.2088345,52.0331681,1,19.329500198364258,0.12258800119161606,59399.26428239979
1376,2459399.7231134,241.2089056,52.0331283,2,19.048900604248047,0.11781500279903412,59399.22311339993
1377,2459397.8447801,241.2090092,52.0331901,2,18.42009925842285,0.08813799917697906,59397.344780100044
1378,2459397.7830093,241.2089571,52.0331842,1,19.474199295043945,0.13771800696849823,59397.28300930001
1379,2459396.8286111,241.2089273,52.0331525,2,18.922800064086914,0.1054140031337738,59396.32861110009
1380,2459396.7642824,241.2088746,52.0331626,1,19.383499145507812,0.158610001206398,59396.26428239979
1382,2459394.8122106,241.208904,52.0332393,2,18.935199737548828,0.15862399339675903,59394.31221059989
1383,2459394.7208449,241.2089477,52.0331966,1,19.283599853515625,0.1566389948129654,59394.22084489977
1384,2459393.7819329,241.2089815,52.0331704,1,19.30500030517578,0.14328700304031372,59393.281932900194
1385,2459393.7450347,241.209005,52.0331901,2,18.41469955444336,0.09553900361061096,59393.245034699794
1386,2459392.8285185,241.2088879,52.0331692,2,18.91710090637207,0.12878000736236572,59392.328518500086
1387,2459392.7465625,241.2089567,52.0331634,1,19.350099563598633,0.1569869965314865,59392.24656250002
1388,2459391.8085648,241.2089985,52.0331651,2,18.507299423217773,0.09880200028419495,59391.30856479984
1389,2459391.7278009,241.2089356,52.0331693,1,19.691699981689453,0.2115900069475174,59391.22780090012
1390,2459390.8212153,241.2087582,52.0331726,2,18.94230079650879,0.1517069935798645,59390.32121529989
1391,2459390.7393287,241.2089311,52.0331486,1,19.035900115966797,0.13473999500274658,59390.23932870012
1392,2459387.8238426,241.2090552,52.0331818,1,19.305999755859375,0.17865000665187836,59387.32384259999
1393,2459386.844456,241.2089456,52.0331932,1,19.346399307250977,0.13789799809455872,59386.34445599979
1394,2459386.7193981,241.2089454,52.0331688,2,18.874399185180664,0.10410600155591965,59386.21939809993
1395,2459385.8412269,241.2090495,52.0331277,2,18.430599212646484,0.08965300023555756,59385.3412269
1396,2459385.8240509,241.208826,52.0331522,1,19.38789939880371,0.1593170017004013,59385.32405090006
1397,2459384.8299884,241.208893,52.0331316,2,18.914600372314453,0.10868600010871887,59384.329988399986
1401,2459382.8462847,241.2089292,52.0332064,2,18.94070053100586,0.1026960015296936,59382.34628470009
1402,2459382.8094329,241.2089972,52.0332087,1,19.351299285888672,0.11287300288677216,59382.309432900045
1403,2459381.8692361,241.2090148,52.0331954,2,18.572200775146484,0.16290800273418427,59381.3692361
1404,2459381.8086227,241.209047,52.0332591,1,19.52750015258789,0.1746249943971634,59381.30862270016
1405,2459380.8476505,241.2089007,52.0331884,2,19.04960060119629,0.12217800319194794,59380.347650500014
1406,2459380.7811921,241.2089409,52.0331447,1,19.317800521850586,0.1771640032529831,59380.28119210014
1407,2459379.8484606,241.209024,52.0331866,2,18.412799835205078,0.08124300092458725,59379.34846059978
1408,2459379.8108912,241.2089383,52.0331933,1,19.485200881958008,0.12427400052547455,59379.31089119986
1409,2459378.7999421,241.2088763,52.0331714,2,18.88610076904297,0.11993800103664398,59378.299942099955
1410,2459378.7999421,241.2088984,52.0331812,2,18.749099731445312,0.08929099887609482,59378.299942099955
1411,2459378.7218287,241.208937,52.0332063,1,19.315399169921875,0.10808499902486801,59378.22182870004
1412,2459377.8907176,241.2089737,52.0331904,2,18.358999252319336,0.08294600248336792,59377.39071760001
1413,2459377.8395833,241.2089419,52.0332202,1,19.410200119018555,0.1320600062608719,59377.339583300054
1414,2459376.8415625,241.2089025,52.0332233,1,19.245899200439453,0.10509400069713593,59376.34156250022
1415,2459376.8049537,241.2088778,52.0332294,2,18.919200897216797,0.08986599743366241,59376.30495369993
1416,2459375.8848958,241.2089776,52.0332121,2,18.351600646972656,0.09018900245428085,59375.38489580015
1417,2459374.7438657,241.2089065,52.0331661,1,19.33650016784668,0.11341600120067596,59374.24386569997
1419,2459372.8220486,241.208949,52.033225,2,18.010499954223633,0.15195900201797485,59372.32204859983
1420,2459371.8851736,241.2089555,52.0331607,1,19.318899154663086,0.11011599749326706,59371.38517360017
1421,2459371.8261111,241.2088195,52.0331629,2,18.882699966430664,0.07265599817037582,59371.32611110015
1422,2459370.8472338,241.2089537,52.0331743,2,18.408199310302734,0.08713500201702118,59370.34723380022
1423,2459370.7410764,241.2090343,52.0331806,1,19.30389976501465,0.09552299976348877,59370.24107640004
1424,2459369.8618171,241.2088699,52.0331864,1,19.253299713134766,0.11112300306558609,59369.361817100085
1425,2459369.8270255,241.2088695,52.033168,2,18.827299118041992,0.09825699776411057,59369.327025500126
1426,2459368.8502662,241.2089534,52.0331971,1,19.377300262451172,0.10946200042963028,59368.350266200025
1427,2459368.8048843,241.2089967,52.033192,2,18.429800033569336,0.08622000366449356,59368.3048843001
1428,2459366.8378704,241.2089813,52.0331916,2,18.35890007019043,0.09117600321769714,59366.33787039993
1429,2459366.7996065,241.20897,52.0331936,1,19.522199630737305,0.13131700456142426,59366.29960650019
1430,2459365.8475,241.2089353,52.0332077,2,18.91550064086914,0.09622800350189209,59365.34750000015
1431,2459365.8036574,241.2089809,52.0331456,1,19.178600311279297,0.10031300038099289,59365.303657399956
1432,2459364.8448843,241.2090642,52.033205,2,18.422300338745117,0.08474700152873993,59364.34488430014
1433,2459363.8465972,241.2088786,52.0332077,2,18.91010093688965,0.10053600370883942,59363.346597199794
1434,2459363.7709491,241.2090561,52.0331975,1,19.20599937438965,0.11138799786567688,59363.270949100144
1435,2459362.8873495,241.2089764,52.033313,1,19.395000457763672,0.1654209941625595,59362.387349499855
1436,2459362.7874884,241.2089899,52.0332139,2,18.37339973449707,0.09040600061416626,59362.287488400005
1438,2459361.8217014,241.2088731,52.0331928,1,19.371400833129883,0.13851700723171234,59361.32170139998
1439,2459359.8901968,241.2089423,52.0331491,2,18.429100036621094,0.08567599952220917,59359.39019680023
1441,2459358.9349769,241.2088727,52.0332142,1,19.124799728393555,0.15196000039577484,59358.4349769
1442,2459358.8024884,241.2088521,52.0331903,2,18.8882999420166,0.12192200124263763,59358.302488400135
1443,2459356.8666319,241.2090292,52.0331453,2,18.39310073852539,0.0845090001821518,59356.36663189996
1444,2459356.8097917,241.2089672,52.0331772,1,19.358600616455078,0.14212100207805634,59356.30979169998
1445,2459354.8931366,241.2089808,52.0331895,1,19.199399948120117,0.11760599911212921,59354.39313660003
1446,2459354.7821065,241.2089956,52.0331861,2,18.940200805664062,0.13313399255275726,59354.28210650012
1447,2459353.8645833,241.2089894,52.0331633,1,19.47610092163086,0.11332199722528458,59353.36458329996
1448,2459353.828588,241.2089935,52.0331606,2,18.361499786376953,0.10542099922895432,59353.32858800003
1450,2459349.8901736,241.2090272,52.0331821,1,19.370800018310547,0.1056239977478981,59349.390173600055
1451,2459349.8709144,241.2089012,52.0331756,1,19.206899642944336,0.09585300087928772,59349.37091440009
1452,2459349.8422685,241.2089618,52.0331506,2,18.369600296020508,0.09214799851179123,59349.34226850001
1453,2459349.8274421,241.2088777,52.0331617,2,18.84269905090332,0.09638399630784988,59349.327442099806
1455,2459345.9140162,241.2090195,52.0332044,1,19.416099548339844,0.1289149969816208,59345.41401620023
1456,2459345.8874421,241.2088687,52.0331825,1,19.289400100708008,0.10598299652338028,59345.38744209986
1457,2459345.8506597,241.2089985,52.033207,2,18.355199813842773,0.11179199814796448,59345.35065970011
1458,2459345.8287384,241.2089114,52.0332113,2,18.884000778198242,0.061159998178482056,59345.32873839978
1459,2459343.8890856,241.2089977,52.0331377,1,19.49209976196289,0.16381199657917023,59343.38908560015
1460,2459343.8427894,241.2089965,52.0331736,2,18.425899505615234,0.10087700188159943,59343.3427893999
1461,2459343.8231713,241.2088472,52.0331963,2,18.975799560546875,0.09971199929714203,59343.32317129988
1462,2459343.787338,241.208873,52.0331677,1,19.186599731445312,0.10026100277900696,59343.28733799979
1463,2459341.9098958,241.2089378,52.0331488,2,18.45669937133789,0.1040550023317337,59341.409895800054
1464,2459341.8280208,241.2088692,52.0332137,1,19.27669906616211,0.09758199751377106,59341.328020799905
1465,2459341.8265625,241.209007,52.0331835,1,19.337900161743164,0.11797799915075302,59341.32656250009
1466,2459341.7888426,241.2089206,52.0331494,2,18.85420036315918,0.09225299954414368,59341.28884259984
1467,2459339.8682176,241.2089189,52.0332055,1,19.280799865722656,0.0931439995765686,59339.368217600044
1468,2459339.8663079,241.209006,52.0332077,1,19.37660026550293,0.13762100040912628,59339.36630789982
1469,2459339.8251852,241.2088843,52.0331686,2,18.950000762939453,0.10371699929237366,59339.3251852002
1470,2459339.8233102,241.2089996,52.033194,2,18.40089988708496,0.08619800209999084,59339.323310200125
1471,2459336.9059491,241.2089088,52.033181,1,19.444250106811523,0.14093099534511566,59336.40594909992
1472,2459336.9059491,241.2089088,52.033181,1,19.444299697875977,0.14093099534511566,59336.40594909992
1473,2459336.9059491,241.2089088,52.033181,1,19.444299697875977,0.14093099534511566,59336.40594909992
1474,2459336.9045255,241.2089209,52.03317,1,19.212600708007812,0.10899300128221512,59336.40452549979
1475,2459336.9045255,241.2089209,52.03317,1,19.212600708007812,0.10899300128221512,59336.40452549979
1476,2459336.9045255,241.2089209,52.03317,1,19.212600708007812,0.10899300128221512,59336.40452549979
1477,2459336.8468171,241.2088781,52.0331983,2,18.925600051879883,0.08411700278520584,59336.346817099955
1478,2459336.8468171,241.2088781,52.0331983,2,18.925600051879883,0.08411700278520584,59336.346817099955
1479,2459336.8468171,241.2088781,52.0331983,2,18.925600051879883,0.08411700278520584,59336.346817099955
1480,2459336.8449306,241.2090015,52.033179,2,18.400400161743164,0.08244500309228897,59336.34493059991
1481,2459336.8449306,241.2090015,52.033179,2,18.400400161743164,0.08244500309228897,59336.34493059991
1482,2459336.8449306,241.2090015,52.033179,2,18.400400161743164,0.08244500309228897,59336.34493059991
1483,2459334.8835417,241.2089827,52.0331857,2,18.387800216674805,0.08085200190544128,59334.383541699965
1484,2459334.8695949,241.2088767,52.0332126,2,18.85140037536621,0.08839700371026993,59334.36959489994
1485,2459334.7453472,241.2089423,52.0331829,1,19.690799713134766,0.15547899901866913,59334.24534719996
1486,2459334.7238426,241.208933,52.0332232,1,19.149499893188477,0.12960900366306305,59334.223842599895
1487,2459328.8696181,241.2090431,52.0330928,1,19.369699478149414,0.16641800105571747,59328.369618100114
1488,2459328.8412963,241.2089318,52.0331909,1,19.183399200439453,0.13397599756717682,59328.341296299826
1489,2459328.805544,241.2089518,52.0331643,2,18.35650062561035,0.0906900018453598,59328.30554400012
1490,2459328.790081,241.2089072,52.0332122,2,18.87540054321289,0.1308249980211258,59328.290080999956
1491,2459324.8927546,241.2088975,52.0332319,1,19.417600631713867,0.10425399988889694,59324.39275459992
1492,2459324.8908796,241.2089825,52.033235,1,19.447399139404297,0.12578800320625305,59324.39087959984
1493,2459324.7856481,241.2089403,52.0331877,2,18.941999435424805,0.1262899935245514,59324.28564810008
1494,2459324.7856481,241.2089403,52.0331877,2,18.941999435424805,0.1262899935245514,59324.28564810008
1495,2459324.7856481,241.2089403,52.0331877,2,18.941999435424805,0.1262899935245514,59324.28564810008
1496,2459324.7847106,241.2089797,52.0331792,2,18.352500915527344,0.09935300052165985,59324.28471060004
1497,2459324.7847106,241.2089797,52.0331792,2,18.352500915527344,0.09935300052165985,59324.28471060004
1498,2459324.7847106,241.2089797,52.0331792,2,18.352500915527344,0.09935300052165985,59324.28471060004
1499,2459322.8451273,241.2089737,52.0332238,1,19.505300521850586,0.12179499864578247,59322.345127299894
1500,2459322.8446412,241.2089082,52.0332223,1,19.436800003051758,0.11985000222921371,59322.3446411998
1501,2459322.7849306,241.2088175,52.0332034,2,18.958599090576172,0.1083810031414032,59322.28493059985
1502,2459322.7806019,241.2090634,52.0332081,2,18.447599411010742,0.09752099961042404,59322.28060190007
1503,2459320.9730903,241.2088497,52.0331817,2,18.8612003326416,0.09306299686431885,59320.47309029987
1504,2459320.9716435,241.2089827,52.0331924,2,18.39299964904785,0.09572099894285202,59320.47164350003
1505,2459320.8743171,241.2089296,52.0331938,1,19.27359962463379,0.11254800111055374,59320.374317099806
1506,2459317.9718287,241.2089104,52.0331719,1,19.261600494384766,0.08329399675130844,59317.47182870004
1507,2459317.9713542,241.2090298,52.0332125,1,19.489299774169922,0.12154600024223328,59317.47135420004
1508,2459317.9309144,241.2090066,52.0331944,2,18.43720054626465,0.08686000108718872,59317.430914400145
1509,2459317.9265741,241.2088915,52.0331728,2,19.020299911499023,0.13664500415325165,59317.42657409981
1511,2459315.8039352,241.2087977,52.0332376,1,19.319799423217773,0.16193699836730957,59315.303935199976
1512,2459315.8034606,241.20897,52.0332428,1,19.575199127197266,0.16211000084877014,59315.303460599855
1513,2459313.9842824,241.2089856,52.0331735,1,19.5216007232666,0.11869499832391739,59313.48428239999
1514,2459313.9728241,241.208954,52.0332228,1,19.269800186157227,0.10538899898529053,59313.47282409994
1515,2459313.925625,241.2088515,52.0331915,2,18.89299964904785,0.1155180037021637,59313.42562500015
1516,2459313.9242014,241.20897,52.0331534,2,18.458599090576172,0.11397399753332138,59313.42420140002
1517,2459311.9784028,241.2089761,52.0331861,2,18.44849967956543,0.11233100295066833,59311.47840279993
1518,2459311.975544,241.2088574,52.0331783,2,18.96269989013672,0.09367600083351135,59311.475544000044
1519,2459311.948125,241.2090849,52.0332028,1,19.570999145507812,0.13522499799728394,59311.44812500011
1520,2459311.8683218,241.2088844,52.0331755,1,19.316699981689453,0.10307600349187851,59311.36832180014
1521,2459309.908287,241.2090247,52.0331913,2,18.550100326538086,0.08424899727106094,59309.40828699991
1522,2459309.9078009,241.2089393,52.0331774,2,18.955900192260742,0.0724330022931099,59309.40780089982
1523,2459309.8661343,241.2090045,52.033149,1,19.511199951171875,0.13944700360298157,59309.3661342999
1524,2459309.8250116,241.2089712,52.033181,1,19.28529930114746,0.11775100231170654,59309.32501159981
1525,2459307.9550579,241.2089175,52.0332036,1,19.302600860595703,0.10999900102615356,59307.45505789993
1526,2459307.9456597,241.2090081,52.0331472,2,18.52120018005371,0.10164599865674973,59307.44565969985
1527,2459307.9021644,241.2088769,52.0331887,2,19.0044002532959,0.09122099727392197,59307.40216440009
1528,2459304.9759722,241.2089121,52.0331615,2,18.6033992767334,0.1250929981470108,59304.47597219981
1530,2459304.9534028,241.2089147,52.0330463,2,19.02280044555664,0.14824099838733673,59304.45340280002
1533,2459302.951875,241.208997,52.0331882,2,18.59320068359375,0.1256369948387146,59302.451874999795
1534,2459302.9318171,241.2088423,52.0332289,2,19.18939971923828,0.1225069984793663,59302.43181709992
1537,2459300.9541435,241.2089795,52.0331855,2,18.545900344848633,0.14102399349212646,59300.454143499956
1538,2459300.931331,241.2091392,52.0331894,2,18.996400833129883,0.14519399404525757,59300.431330999825
1539,2459300.8842708,241.209103,52.0331358,1,19.54599952697754,0.22868399322032928,59300.38427079981
1540,2459300.8628935,241.2087928,52.0331436,1,19.21419906616211,0.21512700617313385,59300.3628934999
1541,2459297.8947222,241.2089813,52.0331635,2,18.575199127197266,0.09181699901819229,59297.3947222
1542,2459297.824838,241.2087999,52.0331552,1,19.807100296020508,0.28251901268959045,59297.324837999884
1543,2459296.8875116,241.20906,52.033184,2,19.005199432373047,0.24661800265312195,59296.38751159981
1544,2459295.9897222,241.2089573,52.0331699,2,18.513200759887695,0.09967999905347824,59295.489722200204
1545,2459295.8065741,241.2089918,52.0330796,1,19.72010040283203,0.30097201466560364,59295.30657410016
1546,2459293.7609606,241.2088977,52.03321,2,19.27829933166504,0.14752499759197235,59293.26096059987
1547,2459292.9731481,241.2090163,52.0331798,2,18.54800033569336,0.10767000168561935,59292.47314810008
1548,2459292.9584028,241.2090583,52.0332256,1,19.877700805664062,0.1597840040922165,59292.45840279991
1549,2459290.9315625,241.2089423,52.0331962,1,19.613000869750977,0.1136149987578392,59290.431562500075
1550,2459290.8839236,241.2089272,52.0332166,2,19.21500015258789,0.10801900178194046,59290.38392359996
1551,2459283.012037,241.2089791,52.0331916,2,18.5575008392334,0.10693000257015228,59282.51203700015
1552,2459279.0212847,241.2090491,52.0332265,1,19.922700881958008,0.17708900570869446,59278.521284699906
1553,2459278.9989583,241.208959,52.0331887,2,18.58449935913086,0.11815299838781357,59278.49895829987
1554,2459278.9682755,241.2088328,52.0331085,2,19.30929946899414,0.11466900259256363,59278.468275499996
1555,2459275.9777662,241.2089462,52.0332096,1,19.675800323486328,0.2307569980621338,59275.47776619997
1559,2459272.976713,241.2090317,52.0331411,2,18.692800521850586,0.12126699835062027,59272.476712999865
1562,2459271.0121644,241.2089713,52.0331162,2,18.75909996032715,0.13368399441242218,59270.51216439996
1568,2459267.9093866,241.2088798,52.0329981,2,19.725099563598633,0.21976399421691895,59267.4093865999
1570,2459266.8656019,241.2092195,52.033115,2,18.830699920654297,0.22246700525283813,59266.365601900034
1571,2459265.9329861,241.2092645,52.0332638,1,20.175199508666992,0.2048249989748001,59265.432986100204
1573,2459265.0310417,241.2090066,52.0331462,2,18.894100189208984,0.12890200316905975,59264.53104169993
1575,2459263.0303472,241.2090205,52.033216,1,20.571199417114258,0.27137500047683716,59262.53034720011
1577,2459262.9890741,241.209073,52.0331956,2,19.005399703979492,0.14125999808311462,59262.48907409981
1578,2459258.9901273,241.2090133,52.0331176,2,18.75349998474121,0.13919800519943237,59258.49012729991
1581,2459256.0376042,241.2089631,52.0332366,1,20.512300491333008,0.22337299585342407,59255.53760420019
1592,2459253.0097338,241.2091143,52.0332344,2,19.053800582885742,0.14695100486278534,59252.509733799845
1597,2459251.0336458,241.2090106,52.0331523,2,19.143400192260742,0.13408400118350983,59250.53364579985
1604,2459249.0281019,241.2090296,52.0331859,2,19.181800842285156,0.15963800251483917,59248.52810190013
1608,2459232.0321991,241.2088456,52.0331783,2,19.572599411010742,0.12930400669574738,59231.532199100126
1609,2459231.9496875,241.2087202,52.0332099,1,19.536300659179688,0.1395840048789978,59231.44968750002
1610,2459231.928125,241.2089124,52.0331777,1,19.748199462890625,0.13954000174999237,59231.42812500009
1611,2459230.0542824,241.2087618,52.0332931,1,19.36319923400879,0.1919800043106079,59229.554282399826
1612,2459230.0508333,241.2091002,52.0333149,1,19.330400466918945,0.21426400542259216,59229.55083330022
1614,2459230.0187847,241.2085793,52.033149,2,18.8710994720459,0.18996000289916992,59229.51878469996
1615,2459228.0154282,241.208748,52.0332277,2,19.494199752807617,0.18092699348926544,59227.5154281999
1616,2459228.0087731,241.2088489,52.0331659,2,18.891000747680664,0.10135000199079514,59227.5087731001
1617,2459227.9770255,241.2088382,52.0331953,1,19.291000366210938,0.15784099698066711,59227.47702550003
1618,2459227.9765394,241.2087702,52.0332313,1,19.1205997467041,0.13274399936199188,59227.47653939994
1619,2459225.9895602,241.2091595,52.0332744,1,19.016199111938477,0.27457401156425476,59225.4895601999
1620,2459225.9890856,241.2085899,52.033251,1,19.13290023803711,0.3070560097694397,59225.48908559978
1621,2459224.0062153,241.2089949,52.0332792,2,19.16360092163086,0.18278299272060394,59223.506215299945
1622,2459224.0057292,241.2088192,52.0332063,2,18.65130043029785,0.08896899968385696,59223.50572919985
1623,2459222.0350347,241.2088223,52.0332638,2,18.996200561523438,0.15669600665569305,59221.53503469983
1624,2459222.0345486,241.2089014,52.033209,2,18.514400482177734,0.09767600148916245,59221.534548600204
1625,2459221.9948148,241.2088861,52.0331965,1,18.957599639892578,0.12894700467586517,59221.4948148001
1626,2459221.9934028,241.208825,52.0332419,1,18.858299255371094,0.11983700096607208,59221.49340280006
1627,2459220.0379977,241.2088846,52.0331696,1,18.699399948120117,0.1388089954853058,59219.53799769981
1628,2459220.0375231,241.2089292,52.0332261,1,18.666200637817383,0.14113900065422058,59219.53752310015
1629,2459220.0132755,241.2088605,52.0331737,2,18.330799102783203,0.08754900097846985,59219.51327549992
1630,2459219.9956134,241.2088086,52.0332439,2,18.624399185180664,0.08888299763202667,59219.49561339989
1631,2459218.0528588,241.2088249,52.0332265,1,18.5856990814209,0.14049799740314484,59217.55285880016
1632,2459218.0333102,241.2088742,52.0332097,1,18.521400451660156,0.1052820011973381,59217.53331020009
1633,2459217.9961458,241.2088591,52.0332163,2,18.162599563598633,0.07067400217056274,59217.49614580022
1634,2459217.9942593,241.2088805,52.0332127,2,18.411399841308594,0.09520500153303146,59217.494259300176
1635,2459216.0691898,241.2088761,52.0332026,1,18.36370086669922,0.10484500229358673,59215.56918979995
1636,2459216.0620139,241.209119,52.0331488,2,18.239299774169922,0.10887700319290161,59215.56201389991
1637,2459216.0155903,241.2088726,52.0331293,1,18.640199661254883,0.2054010033607483,59215.51559029985
1638,2459215.9734491,241.2087563,52.0331337,2,17.837799072265625,0.10898900032043457,59215.47344909981
1639,2459205.0141551,241.2088712,52.0332015,2,17.626300811767578,0.04096300154924393,59204.5141551001
1640,2459203.0479051,241.2088258,52.0331908,2,17.6382999420166,0.05144700035452843,59202.547905100044
1641,2459203.008287,241.2088604,52.0331848,1,18.21139907836914,0.07873500138521194,59202.508287000004
1642,2459151.5910417,241.2089584,52.033131,2,19.06220054626465,0.203452005982399,59151.09104169998
1643,2459149.5945139,241.2092721,52.0331621,2,19.080299377441406,0.23106299340724945,59149.09451390011
1644,2459142.6366088,241.2090299,52.0332142,2,18.92289924621582,0.11655499786138535,59142.13660879992
1645,2459142.6366088,241.2090299,52.0332142,2,18.92289924621582,0.11655499786138535,59142.13660879992
1646,2459140.6239236,241.2090894,52.0331734,2,19.005300521850586,0.1267009973526001,59140.123923600186
1647,2459135.6743287,241.2088855,52.0331577,2,18.812999725341797,0.13794000446796417,59135.174328700174
1648,2459130.6787847,241.2093587,52.0331168,1,20.05940055847168,0.26357799768447876,59130.17878470011
1649,2459130.660625,241.2087801,52.0331234,1,19.980899810791016,0.26656100153923035,59130.16062500002
1650,2459130.6251042,241.2089607,52.0331456,2,19.822200775146484,0.224262997508049,59130.125104200095
1651,2459128.653206,241.2087615,52.0332885,1,19.788299560546875,0.20967400074005127,59128.153206000105
1653,2459099.6974884,241.209057,52.033178,2,18.622100830078125,0.1053130030632019,59099.197488400154
1654,2459099.6558565,241.2091025,52.0331644,1,19.638900756835938,0.17784400284290314,59099.155856499914
1655,2459095.6806597,241.2090384,52.0332037,1,19.32349967956543,0.1795320063829422,59095.180659700185
1657,2459095.6581944,241.2090349,52.0331882,2,18.52549934387207,0.09915400296449661,59095.158194399904
1659,2459094.7831019,241.2089507,52.0331652,2,18.615400314331055,0.14914800226688385,59094.283101900015
1663,2459093.7053935,241.2089923,52.0332528,2,19.030000686645508,0.16036100685596466,59093.20539350016
1664,2459093.682037,241.2087896,52.0332232,1,19.469999313354492,0.21627900004386902,59093.18203700008
1665,2459093.6618171,241.209055,52.0332307,1,19.65730094909668,0.23032699525356293,59093.1618170999
1666,2459087.6421991,241.208996,52.0331614,2,18.46809959411621,0.126910001039505,59087.142199099995
1667,2459073.7453472,241.2090362,52.0331911,1,19.378000259399414,0.15112900733947754,59073.24534719996
1668,2459073.739213,241.2089217,52.0331845,1,19.306299209594727,0.11893299967050552,59073.23921300005
1669,2459073.7078241,241.2088169,52.033141,2,18.928600311279297,0.13975100219249725,59073.20782409981
1670,2459073.679375,241.2090078,52.0331833,2,18.38789939880371,0.1021990031003952,59073.17937499983
1671,2459072.8428241,241.2091256,52.0331929,1,19.453500747680664,0.20052200555801392,59072.34282410005
1672,2459072.6844444,241.2089964,52.0331701,2,18.325300216674805,0.09121499955654144,59072.184444400016
1673,2459071.6816204,241.2090303,52.0331822,2,18.4606990814209,0.07762400060892105,59071.18162039993
1674,2459070.7482407,241.2089692,52.0331991,1,19.472900390625,0.14490200579166412,59070.24824069999
1675,2459070.7170023,241.2088857,52.0331673,1,19.26449966430664,0.10009899735450745,59070.21700230008
1676,2459070.7052662,241.2088214,52.0331267,2,19.00819969177246,0.1105320006608963,59070.205266200006
1677,2459070.6840741,241.2090586,52.0331904,2,18.569000244140625,0.12630799412727356,59070.18407410011
1678,2459068.7438079,241.20896,52.0331774,2,18.43320083618164,0.08702100068330765,59068.24380790023
1679,2459068.6989236,241.2090232,52.0332241,1,19.369400024414062,0.11068399995565414,59068.198923599906
1680,2459067.7779167,241.2089005,52.0331811,2,18.808399200439453,0.10680799931287766,59067.27791670011
1681,2459067.7196412,241.208891,52.0331918,1,19.122900009155273,0.1356160044670105,59067.2196411998
1682,2459067.7075694,241.2089823,52.0332359,1,19.395200729370117,0.15277099609375,59067.20756939985
1683,2459067.6745833,241.2090155,52.0331562,2,18.449199676513672,0.07803600281476974,59067.17458330002
1684,2459066.7989699,241.2088045,52.0331662,1,19.35849952697754,0.18301500380039215,59066.29896989977
1685,2459066.7984838,241.209002,52.0332499,1,19.432300567626953,0.24555599689483643,59066.29848380014
1686,2459066.7496991,241.2089728,52.0331821,2,18.495500564575195,0.1006070002913475,59066.24969909992
1687,2459066.7198264,241.2088057,52.033208,2,18.85740089416504,0.10232800245285034,59066.219826399814
1688,2459065.7199769,241.2090174,52.0331448,1,19.24920082092285,0.22580599784851074,59065.219976900145
1690,2459065.6761921,241.2089691,52.0331701,2,18.41629981994629,0.10748200118541718,59065.17619210016
1691,2459065.6747801,241.2089345,52.0332067,2,18.898099899291992,0.13330499827861786,59065.17478010012
1692,2459064.8047338,241.2088644,52.033168,2,19.048200607299805,0.1563050001859665,59064.30473379977
1693,2459064.7899884,241.2089286,52.0331125,2,18.382200241088867,0.12013600021600723,59064.28998839995
1694,2459064.7232639,241.2088773,52.0331432,1,19.247100830078125,0.2030400037765503,59064.223263899796
1695,2459064.7031713,241.2089812,52.0330404,1,19.46030044555664,0.26821601390838623,59064.20317129977
1696,2459063.7684259,241.208955,52.0331968,1,19.401100158691406,0.194364994764328,59063.26842590002
1697,2459063.7665509,241.2090383,52.0331204,1,19.192800521850586,0.15979300439357758,59063.26655089995
1698,2459063.6751505,241.2088351,52.0331464,2,18.861400604248047,0.10937000066041946,59063.175150500145
1699,2459063.6746644,241.2089943,52.0331794,2,18.31220054626465,0.08185599744319916,59063.17466440005
1701,2459062.8441782,241.2090538,52.033255,1,19.075599670410156,0.18448300659656525,59062.34417819977
1702,2459062.7450579,241.2088116,52.0332113,2,18.868799209594727,0.14878499507904053,59062.24505789997
1703,2459062.7406597,241.2089706,52.0331662,2,18.451900482177734,0.11138200014829636,59062.240659699775
1704,2459061.6628819,241.2090368,52.0331387,1,19.449800491333008,0.16390399634838104,59061.16288190009
1705,2459059.6644329,241.2088508,52.0331969,2,18.770099639892578,0.09515699744224548,59059.16443290003
1706,2459059.6625694,241.2089418,52.0331702,2,18.372699737548828,0.08332300186157227,59059.16256939992
1707,2459057.8285069,241.2089699,52.0331941,2,18.40239906311035,0.09602099657058716,59057.3285069
1708,2459057.6823727,241.2088549,52.0332052,2,18.89259910583496,0.08670800179243088,59057.18237269996
1709,2459056.7671991,241.2089792,52.0332359,1,19.152799606323242,0.09270700067281723,59056.267199099995
1710,2459056.7606134,241.2089856,52.0332091,1,19.334800720214844,0.12392500042915344,59056.26061340002
1711,2459056.7046296,241.208944,52.033175,2,18.407100677490234,0.10760000348091125,59056.20462960005
1712,2459056.6979745,241.2088903,52.0331801,2,18.880599975585938,0.08438900113105774,59056.19797449978
1713,2459055.8304861,241.2090599,52.0331917,2,18.401100158691406,0.10530199855566025,59055.33048610017
1714,2459055.8081713,241.2088919,52.0332193,1,19.21660041809082,0.10045000165700912,59055.30817130022
1715,2459055.8053704,241.2089875,52.0331882,1,19.332199096679688,0.12490800023078918,59055.305370400194
1716,2459055.7484375,241.2089023,52.0331809,2,18.863000869750977,0.0776119977235794,59055.24843750009
1717,2459054.8445486,241.2089477,52.033188,2,18.383100509643555,0.08090700209140778,59054.344548599795
1718,2459054.7865972,241.2091272,52.0331978,1,19.467899322509766,0.13410499691963196,59054.286597200204
1719,2459054.7603472,241.2089196,52.0332302,1,19.210899353027344,0.12250900268554688,59054.26034720009
1720,2459054.7033681,241.2088806,52.0331885,2,18.85260009765625,0.1015779972076416,59054.20336809987
1721,2459053.823912,241.2089533,52.0331872,2,18.295799255371094,0.08584000170230865,59053.32391199982
1722,2459053.7500694,241.208987,52.033199,1,19.290199279785156,0.09995300322771072,59053.25006939983
1723,2459053.7016667,241.2088647,52.0331904,1,19.140399932861328,0.09008900076150894,59053.20166670019
1724,2459052.8093056,241.2089073,52.033197,1,19.13949966430664,0.09261099994182587,59052.30930559989
1725,2459052.7794676,241.2090484,52.0332152,1,19.386600494384766,0.13620199263095856,59052.27946759993
1726,2459052.7637384,241.2089147,52.0331915,2,18.896400451660156,0.1029919981956482,59052.26373839984
1727,2459051.8074769,241.2090088,52.0332534,1,19.382699966430664,0.1305840015411377,59051.30747690005
1728,2459051.8007639,241.2088775,52.0332121,1,19.144399642944336,0.10304100066423416,59051.300763899926
1730,2459051.7004977,241.208878,52.0331981,2,18.86709976196289,0.1004519984126091,59051.2004976999
1731,2459050.7826968,241.2090235,52.0331941,2,18.357900619506836,0.09989500045776367,59050.28269679984
1732,2459050.7826968,241.2090235,52.0331941,2,18.357900619506836,0.09989500045776367,59050.28269679984
1733,2459050.7673611,241.2088638,52.0332022,2,18.968299865722656,0.12344200164079666,59050.26736109983
1734,2459050.7673611,241.2088638,52.0332022,2,18.968299865722656,0.12344200164079666,59050.26736109983
1735,2459050.7027662,241.2088712,52.0331378,1,19.15489959716797,0.1096389964222908,59050.20276620006
1736,2459050.7027662,241.2088712,52.0331378,1,19.15489959716797,0.1096389964222908,59050.20276620006
1737,2459050.7018287,241.2090175,52.0331552,1,19.252700805664062,0.09973999857902527,59050.201828700025
1738,2459050.7018287,241.2090175,52.0331552,1,19.252700805664062,0.09973999857902527,59050.201828700025
1739,2459049.8504745,241.2088236,52.0331997,2,18.887699127197266,0.10162600129842758,59049.3504745001
1740,2459049.8065741,241.2089872,52.033169,1,19.436100006103516,0.11894000321626663,59049.30657410016
1741,2459049.8047106,241.2088258,52.0331981,1,19.243000030517578,0.10264900326728821,59049.30471060006
1742,2459048.7840741,241.2090109,52.0332092,1,19.374399185180664,0.135220006108284,59048.2840741002
1743,2459048.7026505,241.2088346,52.0331466,2,18.781200408935547,0.09054800122976303,59048.202650499996
1744,2459048.7026505,241.2087347,52.0331346,2,18.90489959716797,0.1301330029964447,59048.202650499996
1745,2459048.7007639,241.2090195,52.0331756,2,18.42569923400879,0.10102400183677673,59048.20076389983
1746,2459047.7616667,241.2088895,52.0331843,1,19.203100204467773,0.12508100271224976,59047.26166669978
1747,2459047.7472106,241.2090572,52.0332114,1,19.48430061340332,0.10707200318574905,59047.24721059995
1748,2459047.7275463,241.2089192,52.0331756,2,18.781600952148438,0.09502500295639038,59047.22754629981
1749,2459046.8479861,241.20904,52.0331798,1,19.427499771118164,0.118258997797966,59046.347986099776
1750,2459046.7198843,241.2088719,52.0331786,1,19.218599319458008,0.08765500038862228,59046.21988430014
1751,2459046.7075,241.209018,52.0331764,2,18.37190055847168,0.08006499707698822,59046.20750000002
1752,2459046.7046412,241.2089304,52.0332208,2,18.9143009185791,0.11005900055170059,59046.20464120014
1753,2459045.7571991,241.2088621,52.0331921,1,19.428600311279297,0.10075700283050537,59045.25719910022
1754,2459045.756713,241.2088239,52.0332151,1,19.141799926757812,0.09481199830770493,59045.256713000126
1755,2459045.7168981,241.2087728,52.0331983,2,18.82379913330078,0.09576400369405746,59045.216898099985
1756,2459045.7159491,241.2089982,52.0331531,2,18.35930061340332,0.08804400265216827,59045.21594909998
1757,2459044.8195486,241.2089585,52.0332303,1,19.416200637817383,0.09257499873638153,59044.31954859989
1758,2459044.7365972,241.2089916,52.0331407,2,18.39929962158203,0.10242900252342224,59044.236597199924
1759,2459044.7041204,241.2089124,52.0331908,1,19.279399871826172,0.10310500115156174,59044.204120399896
1760,2459043.7581713,241.208971,52.0332078,2,18.405899047851562,0.11291400343179703,59043.25817129994
1761,2459043.7567593,241.2090058,52.0331011,2,18.836700439453125,0.0984020009636879,59043.2567592999
1762,2459043.7567593,241.2088723,52.0331719,2,18.907100677490234,0.10416100174188614,59043.2567592999
1763,2459043.7251505,241.2089666,52.033206,1,19.545700073242188,0.1257690042257309,59043.22515049996
1764,2459043.7232523,241.208966,52.0331721,1,19.19420051574707,0.12097900360822678,59043.22325230017
1765,2459042.8036921,241.2089266,52.0331963,1,19.24020004272461,0.10467000305652618,59042.303692100104
1766,2459042.8032176,241.2089793,52.0332436,1,19.401399612426758,0.1277810037136078,59042.3032176001
1767,2459042.7399537,241.2089935,52.0331494,2,18.391799926757812,0.12110400199890137,59042.23995369999
1768,2459042.7389931,241.2088908,52.0332039,2,18.864700317382812,0.09008800238370895,59042.23899309989
1769,2459041.762037,241.2090033,52.0331858,2,18.35759925842285,0.09476500004529953,59041.26203700015
1770,2459041.7392593,241.2088071,52.0331748,2,18.893600463867188,0.08020199835300446,59041.23925929982
1771,2459041.7162153,241.2090484,52.0331876,1,19.48870086669922,0.1308709979057312,59041.21621529991
1772,2459041.7152894,241.2088658,52.033197,1,19.285900115966797,0.13520599901676178,59041.21528939996
1773,2459040.78375,241.2089936,52.0332027,2,18.4335994720459,0.07951900362968445,59040.283749999944
1774,2459040.741713,241.209009,52.0332043,1,19.49370002746582,0.14638599753379822,59040.241712999996
1775,2459040.7407523,241.2089524,52.0332038,1,19.173099517822266,0.11655499786138535,59040.24075229978
1776,2459039.7425926,241.2089434,52.0331405,2,18.428300857543945,0.09787199646234512,59039.242592600174
1777,2459039.741169,241.2088503,52.0331606,2,18.827299118041992,0.09015300124883652,59039.241169000044
1778,2459039.741169,241.208868,52.0332208,2,18.962600708007812,0.13504700362682343,59039.241169000044
1779,2459039.7041204,241.2089246,52.0331851,1,19.224700927734375,0.1062299981713295,59039.204120399896
1780,2459039.7031713,241.2090296,52.0332098,1,19.521699905395508,0.1452450007200241,59039.20317129977
1781,2459038.7438889,241.2089507,52.0332221,1,19.43000030517578,0.13906200230121613,59038.24388890015
1782,2459038.7420139,241.2089331,52.0332096,1,19.204700469970703,0.12257000058889389,59038.242013900075
1783,2459038.7178588,241.2090016,52.0332032,2,18.391700744628906,0.08683700114488602,59038.2178588002
1784,2459038.7087847,241.2088973,52.0332305,2,18.848400115966797,0.0662349984049797,59038.208784699906
1785,2459037.7449884,241.2090519,52.0332372,1,19.40169906616211,0.12833400070667267,59037.24498840002
1786,2459037.7435648,241.2088693,52.0332138,1,19.208999633789062,0.158268004655838,59037.243564799894
1787,2459037.7034838,241.209,52.0331539,2,18.406099319458008,0.12398400157690048,59037.20348379994
1788,2459037.7020602,241.2087902,52.0330212,2,18.918399810791016,0.14800700545310974,59037.20206019981
1789,2459036.7840856,241.2088976,52.033201,2,18.390199661254883,0.08492899686098099,59036.28408560017
1790,2459036.7836111,241.2089712,52.0331771,2,19.019899368286133,0.11175200343132019,59036.28361110017
1791,2459036.7076042,241.208917,52.0331326,1,19.31599998474121,0.16764800250530243,59036.20760420011
1792,2459035.822662,241.2090302,52.0332254,2,18.38599967956543,0.08245699852705002,59035.32266200008
1793,2459035.8074769,241.2089364,52.0332168,2,18.8656005859375,0.09815499931573868,59035.30747690005
1794,2459034.8427315,241.2087847,52.0332345,2,18.782699584960938,0.11237899959087372,59034.342731500044
1797,2459032.7364815,241.2089921,52.033137,2,18.428699493408203,0.08684899657964706,59032.23648149986
1798,2459031.7389583,241.2089341,52.0331464,2,18.76759910583496,0.10279099643230438,59031.23895830009
1799,2459031.7047222,241.2088701,52.0332229,1,19.26490020751953,0.1490190029144287,59031.204722200055
1800,2459029.7660185,241.2089869,52.033098,1,19.244300842285156,0.1708890050649643,59029.266018500086
1801,2459028.8471644,241.2089085,52.0332157,1,19.225799560546875,0.1179559975862503,59028.34716439992
1802,2459028.7400579,241.208874,52.033174,2,18.98349952697754,0.11420000344514847,59028.24005790008
1805,2459025.7418866,241.2089013,52.0331746,1,19.22369956970215,0.10330399870872498,59025.24188659992
1806,2459025.7025694,241.2088794,52.0331843,2,18.978500366210938,0.10351400077342987,59025.20256939996
1807,2459023.7439583,241.2089438,52.033173,1,19.44300079345703,0.1154949963092804,59023.24395829998
1808,2459023.7012384,241.2089944,52.0331855,2,18.41069984436035,0.09258999675512314,59023.20123839984
1809,2459022.7435301,241.208884,52.0331977,2,18.917299270629883,0.060958001762628555,59022.24353010021
1810,2459020.7845833,241.20902,52.0331609,2,18.405000686645508,0.09283500164747238,59020.28458329989
1811,2459020.7247917,241.2090206,52.033186,1,19.414499282836914,0.13277600705623627,59020.22479170002
1812,2459019.7709606,241.208866,52.0331864,1,19.35300064086914,0.12522999942302704,59019.270960600115
1813,2459019.7390625,241.2088128,52.0332168,2,18.980499267578125,0.10454100370407104,59019.239062500186
1814,2459017.806794,241.2090183,52.0332168,1,19.39940071105957,0.10395599901676178,59017.30679399986
1815,2459017.762338,241.2090074,52.0331931,2,18.399700164794922,0.09866800159215927,59017.262337999884
1817,2459016.7059144,241.2088696,52.0332558,1,19.221599578857422,0.10824599862098694,59016.20591440005
1818,2459014.8434259,241.2089569,52.0332042,1,19.354700088500977,0.11474800109863281,59014.34342590021
1819,2459014.7686458,241.2089951,52.0331915,2,18.36319923400879,0.0831649973988533,59014.268645800184
1820,2459012.8047222,241.2089007,52.0331846,1,19.290800094604492,0.11297199875116348,59012.30472220015
1821,2459012.7650463,241.2088737,52.033211,2,18.87700080871582,0.07805199921131134,59012.2650462999
1822,2459011.7858796,241.2089903,52.0331922,1,19.437000274658203,0.11345099657773972,59011.28587959986
1823,2459011.763588,241.2090123,52.0332213,2,18.43549919128418,0.09439799934625626,59011.26358800009
1824,2459009.7212384,241.2090137,52.033228,2,19.01180076599121,0.09577400237321854,59009.221238399856
1825,2459008.8296875,241.2090002,52.0331808,2,18.37849998474121,0.08854000270366669,59008.32968749991
1829,2459004.7802778,241.2089797,52.0331617,2,18.40999984741211,0.10858900099992752,59004.280277799815
1830,2459001.8627315,241.2090336,52.0331899,1,19.500699996948242,0.1543329954147339,59001.36273150006
1831,2459001.7702778,241.2090571,52.0331902,2,18.523300170898438,0.12324800342321396,59001.27027780004
1832,2459000.9044907,241.2089522,52.0331822,1,19.278400421142578,0.3257780075073242,59000.40449069999
1834,2459000.8866898,241.2090591,52.0331641,2,18.539600372314453,0.28998899459838867,59000.38668979984
1835,2459000.8644792,241.20883,52.0332594,2,18.895099639892578,0.23312300443649292,59000.36447919998
1836,2459000.7820602,241.2089869,52.0332177,1,19.354799270629883,0.16154000163078308,59000.28206019988
1837,2459000.7484606,241.2089453,52.0332322,1,19.42490005493164,0.16633999347686768,59000.24846060015
1838,2458999.8034722,241.2089375,52.033169,2,18.446800231933594,0.09220100194215775,58999.30347219994
1839,2458999.764537,241.2090622,52.0332082,1,19.611600875854492,0.15439799427986145,58999.2645370001
1840,2458998.8449306,241.2089911,52.033212,1,19.573299407958984,0.13507799804210663,58998.34493059991
1841,2458998.8160648,241.2090412,52.0331719,2,18.46299934387207,0.08128099888563156,58998.316064800136
1842,2458997.8873495,241.2091075,52.033225,1,19.47260093688965,0.1485069990158081,58997.387349499855
1843,2458997.810463,241.208975,52.0331582,2,18.442699432373047,0.06631600111722946,58997.31046300009
1844,2458997.7782176,241.2089054,52.0331622,2,18.96380043029785,0.07105699926614761,58997.27821760019
1845,2458997.7244444,241.2089001,52.0331942,1,19.43079948425293,0.13583099842071533,58997.22444440005
1846,2458996.8199769,241.2090188,52.0332113,1,19.492599487304688,0.13022999465465546,58996.31997689977
1847,2458996.7969907,241.2089901,52.0331995,2,18.476900100708008,0.08639000356197357,58996.296990700066
1848,2458995.8281366,241.2090082,52.0332233,1,19.45330047607422,0.1265230029821396,58995.32813660009
1850,2458994.9079861,241.2090498,52.033202,1,19.628700256347656,0.1567399948835373,58994.40798609983
1851,2458994.8196644,241.2090761,52.0331548,2,18.51300048828125,0.09440500289201736,58994.31966440007
1852,2458994.8059954,241.2087857,52.0331482,2,19.049800872802734,0.13964499533176422,58994.305995400064
1853,2458994.7631019,241.208916,52.0331698,1,19.4158992767334,0.13781499862670898,58994.2631019
1854,2458993.762419,241.2090934,52.0331854,1,19.627399444580078,0.13434499502182007,58993.2624189998
1855,2458992.8304167,241.2090762,52.033167,1,19.518199920654297,0.1361670047044754,58992.33041669987
1856,2458992.7827431,241.2089964,52.0331774,2,18.518999099731445,0.11375799775123596,58992.28274310008
1857,2458991.8286458,241.2090365,52.0331969,1,19.68670082092285,0.14800700545310974,58991.328645799775
1858,2458991.781169,241.2089944,52.0331644,2,18.43829917907715,0.09132199734449387,58991.28116900008
1859,2458991.7551042,241.2088928,52.0331822,2,19.036300659179688,0.0859059989452362,58991.25510419998
1860,2458987.9144097,241.2090066,52.0332215,1,19.622100830078125,0.1485140025615692,58987.41440969985
1861,2458987.8489583,241.2089729,52.0331765,2,18.439300537109375,0.08635500073432922,58987.34895829996
1862,2458986.8873958,241.2090687,52.0332172,1,19.632299423217773,0.11047500371932983,58986.38739580009
1863,2458986.8046759,241.2089708,52.0331955,2,18.437000274658203,0.09473499655723572,58986.30467589991
1864,2458985.8898843,241.2089823,52.0331717,2,18.44569969177246,0.0871720016002655,58985.389884300064
1865,2458985.8062731,241.2091078,52.0332066,1,19.510299682617188,0.13152000308036804,58985.306273099966
1866,2458985.8024884,241.2088651,52.0331883,1,19.406299591064453,0.11267799884080887,58985.302488400135
1867,2458985.7856019,241.2088809,52.0332039,2,18.95479965209961,0.10886000096797943,58985.28560189996
1868,2458981.8088657,241.2090821,52.0332151,1,19.518800735473633,0.21836799383163452,58981.30886569992
1869,2458981.8055671,241.2089894,52.0332233,1,19.454299926757812,0.1738329976797104,58981.30556710018
1870,2458981.7852315,241.2090123,52.0332021,2,18.551599502563477,0.08011800050735474,58981.28523149993
1871,2458981.7833449,241.208856,52.0331855,2,19.130300521850586,0.11122100055217743,58981.28334489977
1872,2458980.9109259,241.2088932,52.0331946,1,19.479999542236328,0.16239400207996368,58980.4109259001
1873,2458980.9071181,241.2089461,52.033188,1,19.510900497436523,0.18675999343395233,58980.40711810021
1874,2458980.8162269,241.2090301,52.0331931,2,18.544300079345703,0.10016699880361557,58980.31622690009
1875,2458980.7787616,241.2088428,52.0332234,2,19.115400314331055,0.13018499314785004,58980.278761600144
1876,2458979.8287616,241.2089586,52.033129,2,18.60059928894043,0.12585699558258057,58979.32876159996
1878,2458979.7552315,241.2090691,52.0332611,1,19.725099563598633,0.20299899578094482,58979.25523150014
1879,2458979.7420833,241.2089539,52.0332339,1,19.542699813842773,0.16858600080013275,58979.242083299905
1880,2458978.8881481,241.2089812,52.0331656,1,19.38249969482422,0.23350800573825836,58978.388148100115
1881,2458978.8862731,241.2088782,52.033188,1,19.26219940185547,0.19020399451255798,58978.38627310004
1883,2458978.7803241,241.2088283,52.0331715,2,19.100500106811523,0.12767000496387482,58978.28032410005
1888,2458976.9739468,241.2088412,52.033171,1,19.451099395751953,0.25392699241638184,58976.47394679999
1889,2458976.9587963,241.208901,52.0332421,1,19.63479995727539,0.20445799827575684,58976.458796299994
1890,2458976.8465394,241.2090017,52.0331443,2,18.579099655151367,0.14998799562454224,58976.34653940005
1891,2458976.8236343,241.2088894,52.0332071,2,18.937299728393555,0.21947899460792542,58976.323634299915
1892,2458976.8071528,241.2088683,52.0331816,2,19.372499465942383,0.2888430058956146,58976.307152799796
1893,2458975.9034028,241.2088729,52.0332487,2,19.21310043334961,0.1877409964799881,58975.403402800206
1894,2458975.8926505,241.2089725,52.0331576,2,18.51020050048828,0.10807699710130692,58975.39265049994
1898,2458974.9689583,241.2089206,52.0331255,1,19.538799285888672,0.15351100265979767,58974.46895830007
1899,2458974.8460069,241.208883,52.0331784,2,19.111000061035156,0.11636999994516373,58974.34600690007
1900,2458974.8238773,241.2090097,52.0331422,2,18.56839942932129,0.09774400293827057,58974.323877300136
1901,2458974.8091319,241.2090101,52.0331482,2,18.608699798583984,0.12995100021362305,58974.30913189985
1902,2458974.7910417,241.2088036,52.0332011,2,19.181100845336914,0.15481899678707123,58974.29104170017
1903,2458973.9689352,241.208831,52.0332176,1,19.569799423217773,0.13632400333881378,58973.46893520001
1904,2458973.9561111,241.2089901,52.0331448,1,19.75040054321289,0.17084099352359772,58973.45611110004
1905,2458973.8438657,241.208988,52.0331672,2,18.6200008392334,0.08343899995088577,58973.343865700066
1906,2458973.8433796,241.2089057,52.0331781,2,19.127700805664062,0.12357199937105179,58973.34337959997
1908,2458972.9562847,241.2088631,52.0331888,1,19.515100479125977,0.10888700187206268,58972.45628469996
1909,2458972.9214583,241.208841,52.0331808,2,19.21179962158203,0.1470309942960739,58972.4214583002
1910,2458972.8852894,241.2089528,52.0331786,2,18.577999114990234,0.11047100275754929,58972.385289399885
1911,2458971.9276852,241.2090336,52.0331895,1,19.85059928894043,0.13267600536346436,58971.42768519977
1912,2458971.9258102,241.2089179,52.0331743,1,19.511199951171875,0.11132600158452988,58971.42581020016
1913,2458971.8902662,241.2090176,52.0331768,2,18.577299118041992,0.0947439968585968,58971.39026620006
1914,2458971.8883912,241.208926,52.0331917,2,19.25189971923828,0.161639004945755,58971.38839119999
1915,2458970.9502199,241.2090163,52.033213,1,19.908100128173828,0.1297689974308014,58970.45021989988
1916,2458970.9017708,241.209038,52.0331807,2,18.656400680541992,0.10689900070428848,58970.40177079989
1917,2458970.8865278,241.2088817,52.0331565,2,19.264299392700195,0.10681699961423874,58970.3865278
1918,2458970.8002083,241.2089238,52.0331857,1,19.68090057373047,0.16501599550247192,58970.30020829989
1919,2458968.9524074,241.208883,52.0331568,1,19.856599807739258,0.14312399923801422,58968.452407400124
1920,2458968.9443866,241.2091146,52.0331697,1,19.973899841308594,0.1558690071105957,58968.44438660005
1923,2458967.9268171,241.2090087,52.0332426,1,19.980300903320312,0.1937679946422577,58967.42681710003
1924,2458967.8948727,241.2089981,52.0331512,2,18.729900360107422,0.11711300164461136,58967.394872699864
1926,2458967.7823264,241.2088931,52.0331943,1,19.819700241088867,0.17004700005054474,58967.282326399814
1927,2458966.9085532,241.2088755,52.0331589,1,19.826200485229492,0.16565799713134766,58966.40855319984
1929,2458966.8889699,241.2090443,52.0331819,2,18.779600143432617,0.11607600003480911,58966.38896990009
1932,2458965.9144213,241.2089995,52.0331825,1,20.19339942932129,0.2011210024356842,58965.41442129994
1933,2458965.9107292,241.2088966,52.0332018,1,19.778900146484375,0.14646999537944794,58965.41072920011
1934,2458965.8385301,241.2089132,52.0331673,2,19.432600021362305,0.13169699907302856,58965.33853009995
1935,2458964.9340162,241.2090756,52.0331692,2,18.784900665283203,0.10587000101804733,58964.43401619978
1938,2458964.8671296,241.2089509,52.0331786,1,19.9606990814209,0.1862020045518875,58964.36712960014
1940,2458963.9322222,241.2088603,52.0331238,1,19.808799743652344,0.14366500079631805,58963.43222220009
1942,2458963.8642708,241.2088987,52.0331116,1,19.76689910888672,0.16422100365161896,58963.36427079979
1943,2458962.9780324,241.2089846,52.0331466,2,18.784400939941406,0.108754001557827,58962.4780323999
1945,2458962.8630556,241.2087777,52.0331928,1,20.061100006103516,0.17151899635791779,58962.36305559985
1946,2458962.8261111,241.2088644,52.0330973,2,19.373899459838867,0.12594099342823029,58962.32611110015
1947,2458961.9339236,241.208879,52.0331966,2,19.59280014038086,0.14849700033664703,58961.433923599776
1949,2458956.8825116,241.2089017,52.0331482,1,19.753000259399414,0.19497400522232056,58956.38251159992
1950,2458956.8460417,241.2090129,52.0331689,2,18.89310073852539,0.1373240053653717,58956.34604169987
1951,2458956.8451157,241.2087978,52.0332827,2,19.592199325561523,0.17897899448871613,58956.345115699805
1952,2458955.9331597,241.2090258,52.0331844,2,18.8302001953125,0.1162709966301918,58955.43315970013
1953,2458955.9308102,241.2087185,52.0331546,2,19.863399505615234,0.23653000593185425,58955.43081020005
1954,2458955.9125579,241.209138,52.0332243,1,20.30739974975586,0.20385999977588654,58955.41255789995
1955,2458955.9106944,241.2088672,52.0332535,1,19.98940086364746,0.18131600320339203,58955.41069439985
1956,2458955.0080324,241.2089936,52.0331874,2,18.888999938964844,0.12957799434661865,58954.50803240016
1957,2458954.9654398,241.2088812,52.0331882,2,19.719999313354492,0.18121999502182007,58954.46543980017
1958,2458954.9649653,241.2089511,52.0331576,2,18.867599487304688,0.11195400357246399,58954.46496530017
1960,2458954.8946991,241.2088598,52.0332625,1,19.965700149536133,0.15421199798583984,58954.39469909994
1961,2458953.9449769,241.2089742,52.0331689,2,18.84589958190918,0.13971200585365295,58953.44497689977
1962,2458953.9439931,241.2089315,52.0332034,2,19.556699752807617,0.165803000330925,58953.443993099965
1963,2458945.0079167,241.2089776,52.0331788,2,19.060199737548828,0.12747499346733093,58944.507916700095
1966,2458943.9945486,241.209079,52.0331706,2,19.041799545288086,0.1787319928407669,58943.49454860017
1970,2458941.9977894,241.2088998,52.033173,1,20.371400833129883,0.2066279947757721,58941.497789400164
1972,2458941.9329282,241.2091216,52.0331404,2,18.988500595092773,0.1318950057029724,58941.43292819988
1973,2458941.9311111,241.2089269,52.0331395,2,20.166200637817383,0.19563999772071838,58941.43111110013
1981,2458937.0164699,241.2090489,52.033182,2,19.173599243164062,0.1603509932756424,58936.51646990003
1985,2458916.029537,241.2091187,52.0331276,2,19.912700653076172,0.3022629916667938,58915.52953700023
1993,2458914.0173611,241.2088127,52.0332545,1,19.983200073242188,0.18408900499343872,58913.51736109983
1997,2458913.0373032,241.208937,52.0332639,1,20.283899307250977,0.19114799797534943,58912.53730319999
1998,2458913.0368171,241.2088193,52.0332495,1,19.846200942993164,0.1866600066423416,58912.5368170999
2001,2458912.0295139,241.208807,52.0332882,1,19.574399948120117,0.16331300139427185,58911.52951390017
2002,2458912.0276273,241.2086263,52.0331121,1,20.025999069213867,0.23910599946975708,58911.527627300005
2004,2458912.013044,241.2086986,52.0332864,2,19.841299057006836,0.16933000087738037,58911.51304400014
2005,2458909.0385069,241.2088021,52.033217,1,19.384700775146484,0.12506599724292755,58908.53850689996
2006,2458909.0385069,241.2088021,52.033217,1,19.384700775146484,0.12506599724292755,58908.53850689996
2007,2458909.0371181,241.208908,52.0332119,1,19.57699966430664,0.14975899457931519,58908.537118100096
2008,2458909.0371181,241.208908,52.0332119,1,19.57699966430664,0.14975899457931519,58908.537118100096
2010,2458908.990787,241.2088491,52.0332233,2,19.1382999420166,0.13162599503993988,58908.49078699993
2011,2458908.990787,241.2088491,52.0332233,2,19.1382999420166,0.13162599503993988,58908.49078699993
2012,2458907.03125,241.2088329,52.0332312,1,19.365999221801758,0.16516099870204926,58906.53125
2013,2458907.0294329,241.2089419,52.0332399,1,19.21269989013672,0.15874400734901428,58906.529432899784
2014,2458907.0151042,241.2086981,52.033389,2,19.68000030517578,0.23693500459194183,58906.515104200225
2015,2458907.0108681,241.2088818,52.0331833,2,18.93600082397461,0.0976559966802597,58906.510868099984
2016,2458906.0330093,241.2089638,52.0331377,1,19.522499084472656,0.21793200075626373,58905.53300930001
2017,2458906.0325231,241.2087738,52.0332148,1,19.054399490356445,0.15102800726890564,58905.5325230998
2018,2458905.0284144,241.2089028,52.033219,2,18.781999588012695,0.07269400358200073,58904.52841439983
2019,2458905.0279282,241.2087823,52.0332384,2,19.510499954223633,0.15577299892902374,58904.527928200085
2020,2458904.0372338,241.2088904,52.0332076,1,19.195199966430664,0.10054100304841995,58903.53723380016
2021,2458904.0354051,241.208836,52.0332156,1,19.046899795532227,0.09219200164079666,58903.53540509986
2022,2458904.0173032,241.208711,52.0332694,2,19.41119956970215,0.18960000574588776,58903.51730319997
2023,2458904.0102083,241.2088996,52.0332072,2,18.711000442504883,0.07636400312185287,58903.51020829985
2024,2458901.0353588,241.2088331,52.0332074,1,18.775299072265625,0.15452800691127777,58900.53535880009
2028,2458900.0371296,241.2088592,52.0331969,1,18.82390022277832,0.09456299990415573,58899.53712960007
2029,2458900.0352662,241.2088728,52.0332189,1,18.915300369262695,0.09457200020551682,58899.53526620008
2030,2458900.0084954,241.2087955,52.0332341,2,18.97949981689453,0.1170400008559227,58899.508495400194
2031,2458900.0075579,241.2089047,52.0331965,2,18.504899978637695,0.06066200137138367,58899.50755790016
2032,2458899.050081,241.2088648,52.0332111,1,18.733400344848633,0.08370199799537659,58898.5500810002
2033,2458899.0482755,241.2089322,52.033213,1,18.871400833129883,0.08505400270223618,58898.54827550007
2034,2458899.0350579,241.2088123,52.0332306,2,18.840599060058594,0.13750800490379333,58898.53505790001
2035,2458899.0156713,241.2088877,52.0332086,2,18.379100799560547,0.060447998344898224,58898.51567129977
2036,2458894.0440394,241.2088465,52.0332323,2,18.09239959716797,0.08725900202989578,58893.54403939983
2037,2458894.0315162,241.2088947,52.03321,2,17.839799880981445,0.05148499831557274,58893.53151619993
2038,2458893.9903935,241.2088918,52.0332327,1,18.432199478149414,0.0778060033917427,58893.490393499844
2039,2458893.9890162,241.2088822,52.0332285,1,18.367300033569336,0.07526200264692307,58893.48901619995
2040,2458891.0556597,241.2088127,52.0332186,1,18.292600631713867,0.10330600291490555,58890.555659700185
2041,2458891.0542708,241.2088098,52.0332139,1,18.291099548339844,0.14185699820518494,58890.5542708002
2042,2458890.9909606,241.2088406,52.0332068,2,17.63159942626953,0.06123200058937073,58890.490960599855
2043,2458890.9858102,241.2089528,52.0331975,2,17.94499969482422,0.09804899990558624,58890.48581020022
2044,2458888.0447917,241.2089008,52.0332074,2,17.653799057006836,0.05389700084924698,58887.54479169985
2045,2458887.9559375,241.2089128,52.0332168,1,18.260299682617188,0.09050799906253815,58887.45593750011
2046,2458887.0543056,241.2088762,52.033226,2,17.837600708007812,0.06544700264930725,58886.5543056
2047,2458886.9955556,241.2088758,52.0332096,1,18.276199340820312,0.08835200220346451,58886.49555560015
2048,2458885.0446065,241.208887,52.0331915,2,17.630199432373047,0.04520599916577339,58884.54460649984
2049,2458884.9235648,241.2088511,52.0331496,1,18.268699645996094,0.09894999861717224,58884.42356480006
2050,2458884.0548727,241.2089749,52.0331824,2,17.813100814819336,0.061094000935554504,58883.55487270001
2051,2458883.988287,241.208914,52.0331865,1,18.249900817871094,0.0822409987449646,58883.488286999986
2052,2458882.0540856,241.2088816,52.0332097,2,17.601699829101562,0.04633399844169617,58881.55408560019
2053,2458882.0146991,241.2088928,52.0332053,1,18.31279945373535,0.058483999222517014,58881.51469910005
2055,2458880.0137731,241.2089027,52.0332092,1,18.237699508666992,0.07819999754428864,58879.513773099985
2056,2458879.0527199,241.2088252,52.0331958,2,17.722700119018555,0.05942799896001816,58878.55271989992
2057,2458879.0291667,241.20889,52.0331991,1,18.30069923400879,0.08605200052261353,58878.52916669985
2058,2458877.0546181,241.2088549,52.0332259,2,17.990800857543945,0.07310199737548828,58876.55461810017
2059,2458877.0330787,241.2088709,52.0332121,1,18.2903995513916,0.06529700011014938,58876.53307869984
2060,2458877.0330787,241.2088709,52.0332126,1,18.295900344848633,0.06824800372123718,58876.53307869984
2061,2458876.0509491,241.2088458,52.0331824,2,17.83370018005371,0.049876999109983444,58875.55094909994
2062,2458875.9898264,241.2088593,52.033189,1,18.40489959716797,0.0822720006108284,58875.48982639983
2063,2458874.052338,241.2088638,52.0332125,1,18.440200805664062,0.08094300329685211,58873.55233799992
2064,2458874.0304977,241.208885,52.033222,2,18.244300842285156,0.08055900037288666,58873.530497699976
2065,2458873.0681481,241.2089363,52.0332115,2,18.12700080871582,0.062435001134872437,58872.56814809982
2066,2458872.9328588,241.2088984,52.0332362,1,18.569700241088867,0.08662000298500061,58872.43285880005
2067,2458865.0157639,241.2087118,52.0332592,2,19.43910026550293,0.19395099580287933,58864.51576389978
2068,2458865.0074306,241.2089006,52.0331977,2,18.743600845336914,0.1292099952697754,58864.5074306
2069,2458864.9685532,241.2089199,52.0332259,1,19.2273006439209,0.13307100534439087,58864.4685531999
2070,2458864.9666782,241.2088612,52.0332116,1,18.99880027770996,0.11183899641036987,58864.466678199824
2071,2458862.0472569,241.2088549,52.0332109,2,19.125099182128906,0.19658799469470978,58861.5472569
2072,2458862.014294,241.2088784,52.0332547,1,19.440399169921875,0.24788600206375122,58861.51429399988
2073,2458861.9862616,241.2088709,52.033158,1,19.33769989013672,0.2587920129299164,58861.48626160016
2074,2458857.0689236,241.2088739,52.033244,2,19.663999557495117,0.17381800711154938,58856.56892360002
2075,2458857.0504167,241.2087587,52.0331789,1,20.2362003326416,0.22867099940776825,58856.550416700076
2084,2458795.5795486,241.2089524,52.0331699,2,18.778099060058594,0.1325249969959259,58795.07954860013
2085,2458792.6123495,241.2089488,52.0331826,2,18.556900024414062,0.14548900723457336,58792.11234949995
2086,2458789.623044,241.2088036,52.0330403,1,19.44029998779297,0.24149200320243835,58789.12304400001
2088,2458781.6153819,241.2089481,52.0331747,1,19.581600189208984,0.24433700740337372,58781.11538190022
2089,2458781.6149074,241.2090345,52.0330157,1,19.21769905090332,0.1767449975013733,58781.11490740022
2090,2458781.5934028,241.2091243,52.0333047,2,18.72249984741211,0.19008100032806396,58781.09340280015
2092,2458778.6203588,241.2091141,52.0331987,1,19.760900497436523,0.22892899811267853,58778.12035880005
2093,2458778.6189815,241.208866,52.0331931,1,19.610300064086914,0.24883300065994263,58778.118981500156
2095,2458775.6180671,241.2088704,52.0331765,1,19.133699417114258,0.12849099934101105,58775.11806710018
2096,2458775.5994792,241.2089701,52.0332085,2,18.390300750732422,0.10808300226926804,58775.09947919985
2097,2458775.5980208,241.2088659,52.0332064,2,19.21139907836914,0.21773900091648102,58775.098020799924
2098,2458771.6129051,241.2091209,52.0332969,1,19.533599853515625,0.20984700322151184,58771.11290509999
2099,2458771.6032639,241.2090699,52.0331567,2,18.506399154663086,0.09985899925231934,58771.10326390015
2100,2458771.6023264,241.2090276,52.0332338,2,18.973899841308594,0.1666180044412613,58771.10232640011
2101,2458768.6220602,241.2088093,52.0330637,2,19.112899780273438,0.17683599889278412,58768.1220602002
2102,2458765.6162269,241.2088928,52.0332048,2,19.092300415039062,0.14144200086593628,58765.1162268999
2105,2458761.6149769,241.2089969,52.0331853,2,18.428600311279297,0.11004099994897842,58761.114976900164
2106,2458761.6145023,241.2088754,52.0331838,2,19.07670021057129,0.15912699699401855,58761.11450230004
2107,2458758.6358218,241.2089254,52.0332537,1,19.55900001525879,0.18180100619792938,58758.13582180021
2108,2458758.6353472,241.2089065,52.0331941,1,19.430299758911133,0.13854500651359558,58758.13534720009
2109,2458751.6391667,241.2089156,52.0332152,2,18.375499725341797,0.09795200079679489,58751.13916670019
2110,2458751.6386921,241.2088416,52.0332078,2,18.965200424194336,0.1506890058517456,58751.13869210007
2111,2458748.6413889,241.208856,52.0331165,2,19.06800079345703,0.20697499811649323,58748.14138890011
2112,2458747.6395486,241.2089141,52.0331994,1,19.56439971923828,0.16554300487041473,58747.139548600186
2113,2458745.6374421,241.2088993,52.0331974,1,19.33009910583496,0.12620000541210175,58745.13744209986
2114,2458744.6394097,241.2090008,52.0332293,1,19.43869972229004,0.14955200254917145,58744.13940969994
2115,2458742.6411227,241.2089299,52.0332076,1,18.941699981689453,0.20936499536037445,58742.14112270018
2116,2458741.6353356,241.2090092,52.0332662,1,19.334299087524414,0.1564289927482605,58741.1353356
2117,2458738.6378704,241.2091747,52.0332088,1,19.34950065612793,0.18469099700450897,58738.13787040021
2118,2458738.6373843,241.2090131,52.0331773,1,19.25079917907715,0.1741890013217926,58738.13738430012
2119,2458736.7720602,241.2089736,52.0332301,2,18.309499740600586,0.13559499382972717,58736.272060200106
2121,2458735.7623611,241.2089664,52.0331607,2,18.305599212646484,0.13047899305820465,58735.26236109994
2122,2458734.7871875,241.2089005,52.0331454,1,19.421899795532227,0.2882469892501831,58734.287187499925
2123,2458734.7637731,241.2089924,52.0331258,2,18.374099731445312,0.1168690025806427,58734.263773099985
2125,2458733.7624884,241.2089432,52.0331864,2,18.378299713134766,0.09820300340652466,58733.2624884001
2127,2458732.7866204,241.2088779,52.033167,1,19.361499786376953,0.16762900352478027,58732.286620399915
2128,2458732.7628935,241.2089606,52.0331932,2,18.431900024414062,0.10042800009250641,58732.26289349981
2129,2458732.762419,241.2088232,52.0331887,2,18.862600326538086,0.09979899972677231,58732.2624189998
2130,2458730.7883449,241.2088372,52.0330971,1,19.198999404907227,0.17354600131511688,58730.288344900124
2133,2458727.8115972,241.2089524,52.0331837,1,19.412700653076172,0.22289800643920898,58727.31159720011
2134,2458727.7882292,241.2089041,52.033151,2,18.431299209594727,0.11144699901342392,58727.28822920006
2135,2458726.7896412,241.208994,52.03317,1,19.47100067138672,0.21667000651359558,58726.2896412001
2136,2458726.7639931,241.2089007,52.0331714,2,18.41819953918457,0.09247799962759018,58726.2639930998
2137,2458726.7635185,241.2088342,52.0331389,2,18.866300582885742,0.14083600044250488,58726.26351850014
2139,2458725.7625463,241.2089413,52.0331672,2,18.370899200439453,0.09651000052690506,58725.26254629996
2140,2458725.7620718,241.2087614,52.0331589,2,18.9552001953125,0.10696399956941605,58725.26207179995
2142,2458724.7886111,241.2089607,52.0331579,2,18.41360092163086,0.09117700159549713,58724.288611100055
2143,2458724.788125,241.2089836,52.03325,2,18.840599060058594,0.14148999750614166,58724.28812499996
2144,2458723.8120139,241.2089772,52.0330995,1,19.316200256347656,0.16511400043964386,58723.31201389991
2145,2458723.7885532,241.2089478,52.0331619,2,18.44890022277832,0.10884000360965729,58723.2885532002
2146,2458723.7880671,241.2088583,52.0332381,2,18.86520004272461,0.18439100682735443,58723.288067100104
2147,2458722.7900231,241.2090217,52.0331179,1,19.55769920349121,0.17665399610996246,58722.2900231001
2150,2458722.7635764,241.208885,52.0331966,2,19.05430030822754,0.19785700738430023,58722.2635764
2151,2458721.7641551,241.2090117,52.033202,2,18.473800659179688,0.1094290018081665,58721.2641551001
2152,2458721.7636806,241.2090619,52.0332101,2,19.041099548339844,0.16772900521755219,58721.263680600096
2153,2458720.8099537,241.2088385,52.0331532,1,19.514299392700195,0.18523399531841278,58720.30995369982
2154,2458720.7850231,241.2089292,52.0331781,2,18.50589942932129,0.10737700015306473,58720.28502310021
2155,2458720.784537,241.2087774,52.0331926,2,18.781299591064453,0.13368000090122223,58720.284537000116
2156,2458719.7911227,241.2088705,52.0328988,1,19.406200408935547,0.21220099925994873,58719.29112270009
2157,2458719.7906366,241.2089237,52.0332549,1,19.225299835205078,0.1385599970817566,58719.290636599995
2158,2458719.7642361,241.2088938,52.0331422,2,18.40679931640625,0.12675799429416656,58719.26423610002
2159,2458719.76375,241.2087443,52.0331369,2,18.71940040588379,0.11994799971580505,58719.263749999925
2160,2458718.8109259,241.2089638,52.0333159,1,19.551300048828125,0.2367669939994812,58718.310925900005
2161,2458718.7852662,241.2089452,52.0331385,2,18.35260009765625,0.09158399701118469,58718.28526620008
2162,2458718.7847917,241.2089411,52.0331933,2,18.911699295043945,0.12786699831485748,58718.284791700076
2164,2458717.7900463,241.208905,52.0332334,1,19.13680076599121,0.15878400206565857,58717.29004629981
2165,2458717.7635648,241.2089375,52.0331706,2,18.473400115966797,0.0954660028219223,58717.26356479991
2166,2458717.7630903,241.2089598,52.0331113,2,18.752700805664062,0.07825200259685516,58717.26309029991
2167,2458716.8106019,241.2089866,52.0332191,1,19.66550064086914,0.2415979951620102,58716.310601899866
2168,2458716.8101157,241.2087392,52.0331544,1,19.39310073852539,0.17482399940490723,58716.31011570012
2169,2458716.7847569,241.2089236,52.033165,2,18.368200302124023,0.1069519966840744,58716.28475689981
2170,2458716.7842824,241.2089316,52.0331605,2,19.09040069580078,0.13469800353050232,58716.28428239981
2171,2458715.7901852,241.2091209,52.0332194,1,19.42609977722168,0.20739200711250305,58715.29018520005
2173,2458715.7636458,241.2089885,52.033144,2,18.421199798583984,0.08717600256204605,58715.26364579983
2174,2458715.7631597,241.208907,52.0331547,2,18.79800033569336,0.09631600230932236,58715.263159700204
2175,2458714.7049421,241.2090206,52.0332378,1,19.306499481201172,0.1377599984407425,58714.204942100216
2176,2458714.7044676,241.2089723,52.0331433,1,19.308799743652344,0.13094200193881989,58714.20446760021
2177,2458714.679456,241.2089826,52.0331648,2,18.3439998626709,0.1452060043811798,58714.179456000216
2181,2458711.7043634,241.2089507,52.0331542,1,19.514299392700195,0.22426000237464905,58711.20436340012
2182,2458711.7038889,241.2089459,52.0332061,1,19.147199630737305,0.15694700181484222,58711.20388890011
2183,2458711.679294,241.2089585,52.0331135,2,18.609399795532227,0.14376699924468994,58711.179293999914
2184,2458711.679294,241.2089951,52.0331094,2,18.48080062866211,0.17926600575447083,58711.179293999914
2185,2458711.6788194,241.2089025,52.0331846,2,18.936399459838867,0.11202900111675262,58711.17881939979
2188,2458710.6795023,241.2089283,52.0331427,2,18.35610008239746,0.1466819941997528,58710.17950229999
2189,2458710.6790278,241.2088244,52.0331624,2,19.108200073242188,0.20549799501895905,58710.17902779998
2190,2458707.7654282,241.2089131,52.0330725,1,19.145099639892578,0.18383599817752838,58707.2654281999
2191,2458707.7626505,241.2089642,52.0332286,1,19.475099563598633,0.20736099779605865,58707.26265050005
2192,2458707.6805093,241.2089382,52.0331844,2,18.394899368286133,0.09740500152111053,58707.18050929997
2193,2458707.6622685,241.2089294,52.0332001,2,19.16349983215332,0.16099700331687927,58707.162268499844
2194,2458704.6867708,241.2088994,52.0331893,2,18.84000015258789,0.09783399850130081,58704.186770800035
2195,2458704.6844329,241.2090013,52.033151,2,18.490800857543945,0.09580700099468231,58704.184432900045
2196,2458700.7593519,241.2088605,52.0331458,1,19.215299606323242,0.10601399838924408,58700.25935189985
2197,2458700.6828819,241.2089847,52.0331922,2,18.421899795532227,0.09580100327730179,58700.18288190011
2198,2458700.6814699,241.2088048,52.0331855,2,18.900100708007812,0.09464199841022491,58700.18146990007
2199,2458700.6814699,241.2089303,52.0331409,2,18.741300582885742,0.09975100308656693,58700.18146990007
2200,2458697.6990162,241.2089349,52.0332072,1,19.24049949645996,0.11410500109195709,58697.19901619991
2201,2458697.69625,241.2090437,52.0332168,1,19.421300888061523,0.12545399367809296,58697.19625000004
2204,2458694.7208796,241.209003,52.0332385,1,19.48270034790039,0.12627600133419037,58694.22087959992
2205,2458694.7184838,241.2089204,52.0331891,1,19.323699951171875,0.14506900310516357,58694.21848380007
2206,2458694.6873032,241.2088006,52.0331624,2,19.184200286865234,0.09491900354623795,58694.1873031999
2207,2458691.7144097,241.2088763,52.0331664,1,19.292600631713867,0.12167699635028839,58691.21440970013
2208,2458691.7134722,241.209027,52.0332095,1,19.547500610351562,0.14381800591945648,58691.21347220009
2209,2458691.6802894,241.2089677,52.0332082,2,18.451200485229492,0.07268500328063965,58691.18028939981
2210,2458691.6788773,241.2088975,52.0331492,2,19.064599990844727,0.24728600680828094,58691.17887730012
2211,2458688.7059491,241.2088765,52.0331971,1,19.421499252319336,0.12035500258207321,58688.2059491002
2212,2458684.7237153,241.2089803,52.0332171,1,19.465499877929688,0.14101800322532654,58684.223715300206
2213,2458684.6983102,241.2088868,52.0332104,1,19.318899154663086,0.12981699407100677,58684.198310200125
2214,2458684.6817245,241.2087753,52.033187,2,18.920400619506836,0.08731099963188171,58684.18172449991
2215,2458684.6803472,241.209009,52.0331798,2,18.389699935913086,0.08744899928569794,58684.18034720002
2216,2458681.7635417,241.2089038,52.0331375,2,19.04439926147461,0.12083700299263,58681.26354169985
2217,2458681.7462269,241.2089325,52.0331659,2,18.499500274658203,0.13721300661563873,58681.24622689979
2218,2458681.6764583,241.2089578,52.0331576,1,19.39109992980957,0.18590499460697174,58681.17645830009
2219,2458681.6750347,241.2088909,52.0331756,1,19.417600631713867,0.18261000514030457,58681.17503469996
2220,2458678.7748148,241.2089637,52.0330828,1,19.252599716186523,0.14662699401378632,58678.274814799894
2221,2458678.7658565,241.2088923,52.0331419,1,19.57539939880371,0.18289299309253693,58678.265856499784
2222,2458678.7001042,241.2089282,52.0331469,2,18.508699417114258,0.07840099930763245,58678.200104199816
2223,2458678.698669,241.2088267,52.0331099,2,18.937000274658203,0.13576999306678772,58678.19866900006
2224,2458675.823044,241.2089354,52.033175,1,19.54599952697754,0.15991400182247162,58675.32304400019
2225,2458675.8058333,241.2089747,52.033162,1,19.356000900268555,0.14239799976348877,58675.30583330011
2227,2458675.739213,241.2088177,52.0332037,2,18.971200942993164,0.12000399827957153,58675.23921300005
2228,2458672.828287,241.2089921,52.0332112,1,19.48349952697754,0.1139720007777214,58672.32828699984
2229,2458672.8049884,241.2088945,52.0331849,1,19.368200302124023,0.13356199860572815,58672.30498840008
2231,2458672.7015972,241.2088658,52.0331453,2,19.208999633789062,0.1399099975824356,58672.201597199775
2232,2458669.8234838,241.2090225,52.0331754,2,18.468000411987305,0.1014309972524643,58669.32348380005
2233,2458669.7077546,241.2088895,52.0331723,1,19.438499450683594,0.10522300004959106,58669.20775459986
2234,2458669.7072685,241.2090019,52.0331979,1,19.56209945678711,0.1387220025062561,58669.20726849977
2235,2458669.6791319,241.2089242,52.033144,2,19.388399124145508,0.16730499267578125,58669.17913189996
2236,2458666.7678241,241.2090649,52.0331424,2,18.668699264526367,0.11790899932384491,58666.267824099865
2237,2458666.7654745,241.2088643,52.0331966,2,19.170400619506836,0.09088700264692307,58666.265474500135
2238,2458666.7230093,241.2090098,52.0332086,1,19.764799118041992,0.15201200544834137,58666.22300929995
2239,2458663.7234259,241.2090114,52.0331955,1,19.80739974975586,0.18210799992084503,58663.2234259001
2240,2458663.7224884,241.2088576,52.0331862,1,19.6343994140625,0.14564800262451172,58663.22248840006
2242,2458660.746412,241.2089897,52.0331574,2,18.631999969482422,0.08518700301647186,58660.24641200015
2243,2458660.7427431,241.2088371,52.0332079,2,19.254899978637695,0.12384600192308426,58660.24274310004
2244,2458660.6991898,241.2090077,52.0332351,1,19.69930076599121,0.14537499845027924,58660.19918979984
2245,2458660.6973727,241.2088769,52.0332324,1,19.708999633789062,0.13618600368499756,58660.19737270009
2246,2458657.868044,241.2089652,52.0331727,2,18.5580997467041,0.0994580015540123,58657.36804400012
2247,2458657.8535069,241.2088172,52.033144,2,19.431800842285156,0.1528490036725998,58657.353506899904
2248,2458657.749375,241.2090855,52.0331247,1,19.84869956970215,0.16322100162506104,58657.24937500013
2249,2458657.7284722,241.2089212,52.0332056,1,19.557300567626953,0.13558900356292725,58657.22847220022
2250,2458653.8062847,241.2089457,52.0332083,1,19.79050064086914,0.23187899589538574,58653.306284700055
2251,2458653.8048495,241.2090944,52.0331349,1,19.753299713134766,0.23435600101947784,58653.30484949984
2252,2458653.7190162,241.2089914,52.0331449,2,18.621700286865234,0.1019819974899292,58653.21901619993
2253,2458653.697963,241.2087968,52.0331688,2,19.262500762939453,0.14399999380111694,58653.19796299981
2254,2458650.768831,241.2089717,52.0331866,2,18.723800659179688,0.10952500253915787,58650.2688310002
2255,2458650.7390509,241.2087979,52.0331346,2,19.31220054626465,0.16842800378799438,58650.2390509001
2257,2458647.7621644,241.2090019,52.0331771,2,18.65399932861328,0.10770999640226364,58647.26216439996
2258,2458647.7462269,241.2088225,52.0332116,2,19.307600021362305,0.13957899808883667,58647.24622689979
2259,2458647.7275116,241.2089726,52.0332141,1,19.771099090576172,0.20459100604057312,58647.227511600126
2260,2458647.7265741,241.2090052,52.0331855,1,19.945199966430664,0.19444400072097778,58647.22657410009
2261,2458644.787419,241.2089658,52.033224,2,18.6648006439209,0.09598600119352341,58644.287419000175
2262,2458644.7687847,241.2088634,52.0332254,2,19.50550079345703,0.17080600559711456,58644.26878469996
2263,2458644.7260764,241.2088905,52.0331263,1,19.64189910888672,0.18061399459838867,58644.22607639991
2264,2458644.6967708,241.2089754,52.0330136,1,20.140100479125977,0.20300200581550598,58644.19677079981
2266,2458641.8007523,241.2090577,52.0331771,2,18.730300903320312,0.10989200323820114,58641.30075229984
2267,2458641.742338,241.2090105,52.0331954,1,20.09040069580078,0.19262200593948364,58641.242337999865
2268,2458641.7255903,241.2088178,52.0332208,1,19.784799575805664,0.13616900146007538,58641.225590299815
2270,2458638.8310185,241.2088153,52.0331867,1,19.85810089111328,0.1380230039358139,58638.33101850003
2271,2458638.7775,241.2090016,52.0331568,2,18.758100509643555,0.11632300168275833,58638.27749999985
2272,2458638.7752199,241.2087894,52.0332049,2,19.549699783325195,0.1504949927330017,58638.27521990007
2274,2458635.7772801,241.2090003,52.0331831,2,18.793699264526367,0.16475699841976166,58635.277280100156
2278,2458632.8510301,241.2088128,52.0332187,1,20.20800018310547,0.21810899674892426,58632.35103010014
2279,2458632.7959606,241.2090346,52.033182,2,18.806800842285156,0.1050800010561943,58632.29596060002
2280,2458632.7796296,241.2088763,52.033159,2,19.87350082397461,0.19004100561141968,58632.27962959977
2282,2458627.8702315,241.209078,52.0331503,2,18.96660041809082,0.14890199899673462,58627.370231499895
2283,2458619.8451042,241.2089053,52.0331608,2,19.2903995513916,0.27236101031303406,58619.345104199834
2286,2458618.7200116,241.2088998,52.0331677,2,18.9862003326416,0.12968400120735168,58618.22001159983
2288,2458616.871412,241.2089973,52.0331413,2,18.904399871826172,0.14319999516010284,58616.37141200015
2292,2458612.9300231,241.2090387,52.0331404,2,18.993499755859375,0.142317995429039,58612.43002310023
2294,2458612.8030324,241.2089569,52.0331571,1,20.218299865722656,0.1982879936695099,58612.30303240009
2295,2458608.8702431,241.2090357,52.0331443,2,19.11009979248047,0.1494150012731552,58608.370243099984
2299,2458606.7819907,241.2088973,52.0332123,2,19.093000411987305,0.0859839990735054,58606.281990699936
2300,2458605.8841319,241.2090233,52.0331626,2,19.13629913330078,0.14459800720214844,58605.384131900035
2312,2458586.9306829,241.2088458,52.0332233,1,19.35540008544922,0.10988699644804001,58586.430682899896
2313,2458586.9125579,241.2088828,52.0332043,1,19.82859992980957,0.15294499695301056,58586.41255789995
2315,2458586.863044,241.2088851,52.0332646,2,19.288299560546875,0.09956400096416473,58586.36304400023
2316,2458583.9119213,241.2088427,52.0332127,1,19.07270050048828,0.11774100363254547,58583.411921299994
2317,2458583.8868519,241.2089383,52.0332214,1,19.294300079345703,0.13228699564933777,58583.38685189979
2318,2458583.8212037,241.2088715,52.0331206,2,19.025699615478516,0.10397499799728394,58583.3212036998
2319,2458580.9721296,241.2088367,52.0332623,2,19.063800811767578,0.12433700263500214,58580.47212960012
2320,2458580.9279051,241.2088527,52.0332066,1,18.812599182128906,0.09268900007009506,58580.42790509993
2321,2458580.9251852,241.2089337,52.0332219,1,18.963899612426758,0.107355996966362,58580.42518519983
2322,2458580.8844213,241.2089203,52.0332045,2,18.52589988708496,0.08865199983119965,58580.38442130014
2323,2458575.9913426,241.2088104,52.0332203,1,18.417699813842773,0.335112988948822,58575.49134259997
2324,2458575.9480208,241.2088499,52.033222,2,18.283899307250977,0.10283099859952927,58575.44802080002
2325,2458575.9254745,241.2088978,52.0332163,2,18.02910041809082,0.05542900040745735,58575.42547449982
2326,2458575.8468981,241.2088893,52.0332299,1,18.530000686645508,0.07400199770927429,58575.34689809987
2327,2458572.9958449,241.2088791,52.0332188,1,18.45989990234375,0.06814300268888474,58572.49584490014
2328,2458572.994456,241.2088772,52.0332057,1,18.318599700927734,0.05613100156188011,58572.49445600016
2329,2458572.9656713,241.208867,52.0332176,2,18.05780029296875,0.08446100354194641,58572.46567129996
2330,2458572.9447569,241.2089059,52.0332093,2,17.821800231933594,0.05259700119495392,58572.44475689996
2332,2458568.766713,241.2087795,52.0331764,1,18.31100082397461,0.08860199898481369,58568.2667129999
2333,2458568.0309491,241.2088847,52.0332249,2,17.826499938964844,0.0597120001912117,58567.53094909992
2334,2458568.0166551,241.208897,52.0332298,1,18.247900009155273,0.07080399990081787,58567.516655100044
2335,2458561.0152778,241.2089027,52.0332035,1,18.263700485229492,0.07086899876594543,58560.51527780015
2336,2458560.9091898,241.2088826,52.0332188,2,17.830699920654297,0.07280100136995316,58560.4091897998
2337,2458557.0157407,241.2088988,52.0332125,2,18.09760093688965,0.06743200123310089,58556.515740700066
2338,2458556.9939236,241.2089308,52.0332033,1,18.334699630737305,0.08121100068092346,58556.49392359983
2339,2458548.0365394,241.2088915,52.033212,2,18.739900588989258,0.09071899950504303,58547.5365394
2340,2458548.0356134,241.2087883,52.0332707,2,19.26740074157715,0.13895699381828308,58547.53561339993
2341,2458547.8862037,241.2088982,52.0332358,1,19.078800201416016,0.11274199932813644,58547.38620370021
2342,2458547.8862037,241.2088982,52.0332358,1,19.078800201416016,0.11274199932813644,58547.38620370021
2343,2458547.8666088,241.2089798,52.0332199,1,19.006099700927734,0.11855699867010117,58547.3666087999
2346,2458541.9494676,241.2088507,52.033212,1,19.47330093383789,0.15165099501609802,58541.44946759986
2347,2458541.9315856,241.2088334,52.0332107,1,19.706300735473633,0.2105569988489151,58541.431585600134
2348,2458539.0398148,241.2087534,52.0332271,1,19.692899703979492,0.23400700092315674,58538.539814800024
2349,2458539.035625,241.208864,52.0332122,1,19.941600799560547,0.26922398805618286,58538.53562500002
2355,2458527.0134375,241.2088861,52.0330296,2,19.29789924621582,0.1621139943599701,58526.51343750022
2358,2458512.0506366,241.2088,52.0330973,2,19.60849952697754,0.19098399579524994,58511.55063659977
2359,2458512.0492361,241.2090014,52.033174,2,18.887699127197266,0.17762699723243713,58511.54923610017
2360,2458512.0492361,241.2090014,52.033174,2,18.887699127197266,0.17762699723243713,58511.54923610017
2364,2458509.0104167,241.209055,52.0331658,2,18.742700576782227,0.1391029953956604,58508.51041670004
2365,2458509.0094792,241.2087615,52.0331882,2,19.773399353027344,0.23379799723625183,58508.5094792
2366,2458506.0530324,241.2089054,52.0331242,2,19.12929916381836,0.1556520015001297,58505.55303240009
2367,2458506.0525579,241.2090964,52.0331375,2,18.70680046081543,0.16249799728393555,58505.55255790008
2372,2458493.0512037,241.209073,52.0332365,1,20.115299224853516,0.20236100256443024,58492.55120369978
2374,2458492.0102662,241.208845,52.03321,1,19.83799934387207,0.1714179962873459,58491.510266200174
2375,2458488.0528819,241.208961,52.0331987,2,18.61590003967285,0.09373699873685837,58487.55288190022
2376,2458488.0524074,241.2088541,52.0332166,2,19.22089958190918,0.10303399711847305,58487.55240740022
2377,2458488.0121875,241.2088565,52.0333172,1,20.051000595092773,0.165133997797966,58487.51218750002
2378,2458488.011169,241.2089594,52.0331743,1,19.637500762939453,0.1435679942369461,58487.51116900006
2379,2458481.0515046,241.2091709,52.0332891,2,18.969999313354492,0.17946499586105347,58480.55150459986
2380,2458477.0311574,241.2090715,52.0331875,2,18.531600952148438,0.1071539968252182,58476.53115739999
2381,2458475.9962847,241.2090586,52.0331993,2,19.00200080871582,0.1648710072040558,58475.4962847
2382,2458473.0348495,241.2091174,52.0331316,1,19.556699752807617,0.20995000004768372,58472.53484949982
2383,2458423.579294,241.2089809,52.0331133,2,18.286300659179688,0.1288519948720932,58423.07929399982
2384,2458390.7181713,241.2089691,52.0331651,2,18.437700271606445,0.10158699750900269,58390.2181712999
2385,2458387.6218287,241.2089756,52.0331785,2,18.432199478149414,0.08330699801445007,58387.12182869995
2386,2458385.6179745,241.2088119,52.0331979,1,19.253400802612305,0.15809999406337738,58385.11797450017
2387,2458381.6828356,241.2089606,52.0331557,1,19.222400665283203,0.15770399570465088,58381.18283559987
2388,2458381.6748727,241.2089208,52.0331606,1,19.260099411010742,0.17806099355220795,58381.174872700125
2389,2458381.6428241,241.2089817,52.0331515,2,18.446300506591797,0.07621999830007553,58381.142824099865
2390,2458381.6414236,241.2087448,52.0332477,2,18.905799865722656,0.1231129989027977,58381.141423599795
2391,2458378.6557176,241.2089407,52.0331966,1,19.237300872802734,0.12577900290489197,58378.15571760014
2392,2458378.636331,241.2088718,52.0332723,2,18.8617000579834,0.0911640003323555,58378.1363309999
2393,2458377.6982407,241.2089501,52.033173,1,19.301700592041016,0.12962399423122406,58377.19824070018
2394,2458377.6376505,241.2089847,52.0332085,2,18.34910011291504,0.10747899860143661,58377.13765050005
2395,2458374.7392477,241.208979,52.0332357,1,19.417999267578125,0.1694590002298355,58374.2392477002
2396,2458374.6589005,241.2089626,52.0331813,2,18.378299713134766,0.0921040028333664,58374.15890049981
2397,2458372.7073843,241.2088629,52.0332309,1,19.292299270629883,0.10165899991989136,58372.20738429995
2398,2458371.6997685,241.2090293,52.0332244,1,19.491500854492188,0.1250690072774887,58371.19976849994
2399,2458371.6603704,241.208997,52.033171,2,18.372100830078125,0.07279500365257263,58371.160370400175
2400,2458368.7231713,241.2089521,52.0331977,1,19.418699264526367,0.12304999679327011,58368.22317129979
2401,2458368.7226852,241.2088926,52.0331821,1,19.354900360107422,0.1337369978427887,58368.22268520016
2402,2458368.6577199,241.2089351,52.0331858,2,18.475299835205078,0.10091400146484375,58368.1577198999
2403,2458368.6419097,241.2089627,52.0332616,2,18.781999588012695,0.08765699714422226,58368.14190969989
2404,2458365.7362731,241.2089221,52.0331999,1,19.250699996948242,0.11874900013208389,58365.236273100134
2405,2458365.734375,241.208948,52.0332031,1,19.256099700927734,0.1184300035238266,58365.234375
2406,2458365.6810417,241.208943,52.0331855,2,18.365100860595703,0.09304700046777725,58365.181041699834
2407,2458365.6430903,241.2088969,52.0331937,2,18.856700897216797,0.07799600064754486,58365.143090299796
2408,2458362.7155324,241.2088505,52.0332906,1,19.450000762939453,0.16853199899196625,58362.21553240018
2409,2458362.6600694,241.2087967,52.0332418,2,18.862899780273438,0.10817799717187881,58362.16006939998
2410,2458362.6581829,241.2089423,52.0331964,2,18.3976993560791,0.10295400023460388,58362.15818289993
2411,2458356.7595949,241.2088555,52.0331992,2,18.900999069213867,0.1536020040512085,58356.25959490007
2412,2458356.7443056,241.2089726,52.0332129,2,18.351200103759766,0.09018299728631973,58356.24430559995
2413,2458353.7803356,241.2087969,52.033225,2,18.73550033569336,0.09679900109767914,58353.28033560002
2414,2458353.6559491,241.2088883,52.0331906,2,18.8528995513916,0.08491300046443939,58353.15594909992
2415,2458352.7434144,241.2090059,52.0331607,2,18.484699249267578,0.09943100064992905,58352.243414400145
2416,2458352.6627431,241.208937,52.03325,1,19.36750030517578,0.18722499907016754,58352.162743099965
2417,2458350.744294,241.2089198,52.0332225,1,19.270999908447266,0.15696200728416443,58350.24429399986
2418,2458350.6790741,241.2088499,52.0331995,2,18.933399200439453,0.16408799588680267,58350.17907410022
2419,2458349.7412616,241.2089747,52.0331942,2,18.450599670410156,0.09158500283956528,58349.24126160005
2420,2458349.6544329,241.2090735,52.0331574,1,19.29669952392578,0.15399900078773499,58349.154432899784
2421,2458347.700706,241.2089078,52.0331921,1,19.17690086364746,0.1192770004272461,58347.200705999974
2422,2458346.6768866,241.2089691,52.0332239,2,18.42959976196289,0.08979900181293488,58346.17688659998
2423,2458346.6531829,241.2089358,52.0332494,1,19.512500762939453,0.17815299332141876,58346.153182900045
2424,2458344.6847917,241.208852,52.0332533,2,19.05389976501465,0.11527899652719498,58344.18479169998
2425,2458344.6639699,241.2089508,52.033165,1,19.210399627685547,0.10976999998092651,58344.16396989999
2426,2458343.6755208,241.208945,52.0332381,1,19.487699508666992,0.13674800097942352,58343.175520800054
2427,2458343.6590972,241.2089195,52.0332256,2,18.46619987487793,0.08647099882364273,58343.159097199794
2428,2458340.6819444,241.2089043,52.0331745,2,18.87849998474121,0.1150050014257431,58340.18194440007
2429,2458340.680463,241.208914,52.0332023,2,18.381200790405273,0.10117699950933456,58340.1804630002
2430,2458337.6954398,241.2088365,52.0332151,2,19.059600830078125,0.14505599439144135,58337.195439800154
2431,2458337.6949537,241.2089463,52.0331869,2,18.444900512695312,0.09773699939250946,58337.19495370006
2432,2458337.6791435,241.2089659,52.0332223,1,19.46470069885254,0.12384600192308426,58337.17914350005
2433,2458337.6786574,241.208909,52.0332255,1,19.233999252319336,0.1281290054321289,58337.178657399956
2434,2458334.6859491,241.2090291,52.0331896,1,19.590099334716797,0.13383899629116058,58334.18594910018
2435,2458334.685463,241.2090342,52.0332666,1,19.24650001525879,0.15091800689697266,58334.18546300009
2436,2458334.6664352,241.2088465,52.0332319,2,19.057600021362305,0.17185400426387787,58334.16643519979
2437,2458334.6655093,241.2090101,52.0332247,2,18.475799560546875,0.08389200270175934,58334.16550929984
2438,2458331.7616667,241.208987,52.0332038,1,19.689599990844727,0.19086800515651703,58331.26166669978
2439,2458331.7450231,241.2089815,52.0331811,1,19.149499893188477,0.14145900309085846,58331.24502310017
2440,2458331.6981366,241.2089862,52.033198,2,18.54210090637207,0.08982100337743759,58331.1981366002
2441,2458331.6813426,241.2087798,52.0332387,2,18.937299728393555,0.141292005777359,58331.18134259991
2442,2458328.7881019,241.2088975,52.0332094,2,18.569000244140625,0.11935800313949585,58328.2881018999
2443,2458328.681331,241.208946,52.0332496,1,19.685100555419922,0.1887650042772293,58328.181330999825
2444,2458328.6804051,241.2090117,52.0331759,1,19.16029930114746,0.15934200584888458,58328.180405099876
2445,2458325.7256366,241.2089846,52.0331412,2,18.63640022277832,0.0998380035161972,58325.22563660005
2446,2458322.7410648,241.2088139,52.0331713,2,19.154699325561523,0.14407800137996674,58322.24106479995
2447,2458322.7359375,241.2089565,52.0331917,2,18.56909942626953,0.09669599682092667,58322.23593749991
2448,2458322.7011921,241.2088881,52.033238,1,19.55340003967285,0.15328800678253174,58322.20119210007
2449,2458322.6794907,241.2088754,52.0332527,1,19.427099227905273,0.19026899337768555,58322.1794906999
2450,2458319.7434491,241.2090334,52.0331699,2,18.62529945373535,0.07833400368690491,58319.24344909983
2451,2458319.7176968,241.2088364,52.0331439,2,19.204700469970703,0.13516800105571747,58319.2176967999
2452,2458314.7386574,241.2089106,52.0332964,1,19.546300888061523,0.14892899990081787,58314.23865740001
2453,2458314.7381713,241.2088062,52.0333101,1,20.02440071105957,0.18492500483989716,58314.23817129992
2454,2458314.7020949,241.2089161,52.0331481,2,18.708900451660156,0.10034900158643723,58314.202094899956
2455,2458314.6798264,241.2088299,52.0331353,2,19.450700759887695,0.14063599705696106,58314.17982639978
2456,2458311.7180208,241.2089523,52.0333443,2,19.011699676513672,0.15933500230312347,58311.218020800035
2457,2458308.7454514,241.2089376,52.0331872,2,18.839399337768555,0.09261699765920639,58308.24545140006
2458,2458308.6990972,241.2089835,52.0331634,1,20.203100204467773,0.21613000333309174,58308.19909719983
2459,2458308.6981597,241.2089088,52.0332281,1,19.74370002746582,0.15519100427627563,58308.198159699794
2460,2458302.6979398,241.2090147,52.0332038,1,20.00349998474121,0.21190199255943298,58302.1979398001
2461,2458299.8416551,241.2087993,52.0332228,2,18.821800231933594,0.13496600091457367,58299.34165510023
2462,2458293.7498032,241.208985,52.0331702,2,18.931699752807617,0.08810000121593475,58293.2498031999
2463,2458293.7470139,241.2090157,52.033204,2,19.556299209594727,0.2041739970445633,58293.24701389996
2464,2458290.8306134,241.2089393,52.0331821,2,19.045700073242188,0.12852799892425537,58290.330613399856
2465,2458287.7857986,241.2090266,52.0331361,2,19.252199172973633,0.08160500228404999,58287.28579859994
2466,2458284.8036227,241.2090462,52.0331824,2,19.260700225830078,0.09201200306415558,58284.30362269981
2467,2458281.844537,241.2090215,52.0331512,2,19.29360008239746,0.08814900368452072,58281.34453700017
2468,2458278.7840509,241.2090107,52.0331446,2,19.384000778198242,0.09421399980783463,58278.28405090002
2469,2458267.0,241.208984375,52.033248901367,1,19.388099670410156,0.20694500207901,58266.5
