,jd,ra,dec,fid,magpsf,sigmapsf,mjd
0,2461075.7147685,50.3095416,61.0909159,2,18.4965763092041,0.10481772571802139,61075.21476850007
1,2461075.6402315,50.3096841,61.0907507,1,19.539600372314453,0.12916900217533112,61075.140231499914
2,2461073.8190162,50.3097725,61.0909072,1,19.060800552368164,0.23364000022411346,61073.319016200025
3,2461073.6863889,50.309563,61.0909062,2,18.1023006439209,0.06921400129795074,61073.18638890004
4,2461071.6989236,50.3095717,61.0908325,2,18.05389976501465,0.07845400273799896,61071.198923599906
5,2461071.6247106,50.3095357,61.0908497,1,18.852500915527344,0.2123820036649704,61071.12471059989
11,2461059.7562269,50.3095071,61.0908997,2,18.554000854492188,0.059498999267816544,61059.256226900034
12,2461059.723044,50.3095331,61.0908455,1,19.138599395751953,0.11548899859189987,61059.2230440001
13,2461057.687662,50.3090358,61.0909081,1,19.596399307250977,0.3060329854488373,61057.18766199984
14,2461057.6171528,50.3094837,61.0908834,2,18.403600692749023,0.07985100150108337,61057.11715279985
15,2461055.7773611,50.3095293,61.0908751,2,18.65570068359375,0.07450900226831436,61055.277361100074
16,2461055.6398611,50.3093771,61.0908924,1,19.241100311279297,0.12938399612903595,61055.13986109989
17,2461053.8511574,50.3094597,61.0909008,2,18.966400146484375,0.13852299749851227,61053.351157399826
18,2461053.7851042,50.3092413,61.090879,1,18.806299209594727,0.17039600014686584,61053.28510419978
19,2461051.7810532,50.3094606,61.0908777,2,18.33880043029785,0.08247300237417221,61051.2810531999
20,2461051.6988657,50.3092245,61.0908525,1,19.812299728393555,0.2589850127696991,61051.19886570005
22,2461037.8687153,50.3094845,61.090813,1,17.68869972229004,0.04771599918603897,61037.368715300225
23,2461037.7827199,50.3096321,61.0908392,2,17.49329948425293,0.04207799956202507,61037.2827198999
24,2461031.7004282,50.3094519,61.0908372,1,19.205400466918945,0.14853599667549133,61031.200428199954
25,2461031.6595718,50.309571,61.0908426,2,17.908599853515625,0.053870998322963715,61031.159571799915
26,2461029.7222801,50.3095856,61.0907754,1,18.366199493408203,0.0720210000872612,61029.22228009999
27,2461029.6963542,50.3095328,61.0908689,2,18.236799240112305,0.07475200295448303,61029.19635420013
28,2461027.7214005,50.309533,61.090781,1,18.4507999420166,0.06518899649381638,61027.22140049981
29,2461027.6603356,50.3095653,61.0908889,2,18.042600631713867,0.05953799933195114,61027.16033559991
30,2461025.7421412,50.3095386,61.0908593,2,17.949600219726562,0.05489899963140488,61025.24214120023
31,2461025.7247569,50.3093345,61.0908261,1,19.57659912109375,0.1217930018901825,61025.22475690022
32,2461023.7599884,50.3095583,61.0908341,1,18.692899703979492,0.07794500142335892,61023.259988400154
33,2461023.7186921,50.309544,61.090962,2,18.797399520874023,0.12637600302696228,61023.21869210014
34,2461021.7157292,50.3095264,61.0908693,2,18.565200805664062,0.08429399877786636,61021.215729199816
35,2461021.6570139,50.3094511,61.0907924,1,18.867599487304688,0.10784900188446045,61021.15701390011
36,2461017.7355556,50.3095947,61.0908834,2,17.933799743652344,0.06128700077533722,61017.23555559991
37,2461017.6405903,50.3094255,61.0908412,1,18.858999252319336,0.12024199962615967,61017.14059029985
38,2461015.8217593,50.3095629,61.0908631,2,18.2052001953125,0.06482400000095367,61015.32175929984
40,2461013.7384606,50.3095941,61.0908139,1,18.8031005859375,0.17417199909687042,61013.23846059991
42,2461011.8469213,50.3095414,61.0908497,2,18.364700317382812,0.08406099677085876,61011.34692130005
44,2461009.8579167,50.3095373,61.0909361,2,18.594999313354492,0.0785050019621849,61009.35791670019
45,2461009.735162,50.3095079,61.0908239,1,19.26180076599121,0.16149799525737762,61009.23516200017
46,2461007.868206,50.3096318,61.0908261,1,18.780099868774414,0.09783200174570084,61007.368205999956
47,2461007.8383333,50.3095647,61.0908954,2,18.166400909423828,0.048340000212192535,61007.33833329985
49,2461005.7374653,50.3095808,61.090869,1,18.453899383544922,0.08917199820280075,61005.23746530013
50,2461003.8558796,50.309495,61.0909595,2,18.9153995513916,0.06407199800014496,61003.35587960016
51,2460991.8407407,50.3096729,61.0908861,2,18.52720069885254,0.18418900668621063,60991.34074069979
53,2460989.7148032,50.3093648,61.090717,1,18.885700225830078,0.12877200543880463,60989.214803200215
54,2460989.6791667,50.3095813,61.0908326,2,18.150800704956055,0.052264999598264694,60989.179166700225
55,2460987.8587037,50.3095942,61.0909039,2,18.29050064086914,0.0645970031619072,60987.358703699894
56,2460987.671875,50.309514,61.0908364,1,18.999500274658203,0.14976400136947632,60987.171875
57,2460985.8624074,50.3095467,61.0908244,1,19.10449981689453,0.2284429967403412,60985.36240739981
58,2460985.7731713,50.3095249,61.0908326,1,18.564599990844727,0.1545100063085556,60985.27317130007
59,2460983.818669,50.3095059,61.0908912,2,18.3080997467041,0.07349000126123428,60983.318669000175
60,2460983.7004051,50.3094522,61.0908143,1,19.23590087890625,0.18465900421142578,60983.200405099895
61,2460981.7792477,50.3095284,61.0908893,2,18.34440040588379,0.05558599904179573,60981.27924769977
62,2460981.7632292,50.3095682,61.0907956,1,18.804100036621094,0.1218940019607544,60981.26322920015
63,2460979.9044097,50.3095463,61.0909401,2,18.500699996948242,0.06697899848222733,60979.40440970007
64,2460979.8513079,50.3094751,61.0908004,1,19.329599380493164,0.12676000595092773,60979.35130790016
65,2460977.8451736,50.3093995,61.0909084,2,19.072900772094727,0.11108700186014175,60977.34517360013
67,2460975.8903819,50.3095365,61.0908872,2,18.847200393676758,0.07637199759483337,60975.39038190013
69,2460973.8275347,50.309403,61.0907024,1,19.94059944152832,0.12112700194120407,60973.32753469981
70,2460973.7574074,50.3093305,61.0909171,2,19.199600219726562,0.11892499774694443,60973.257407399826
71,2460970.8858681,50.309451,61.0909201,2,18.79129981994629,0.1188339963555336,60970.385868099984
73,2460970.8268519,50.3090632,61.0908388,1,19.785600662231445,0.17298799753189087,60970.3268519002
74,2460968.8246296,50.3094749,61.0909332,2,18.861799240112305,0.0838169977068901,60968.32462960016
75,2460968.7833449,50.3093104,61.0907702,1,19.808900833129883,0.17156800627708435,60968.28334489977
76,2460966.8910069,50.3095183,61.090911,2,18.671899795532227,0.06304000318050385,60966.3910069
78,2460961.8886227,50.3095434,61.0909096,2,18.547399520874023,0.05827600136399269,60961.38862269977
81,2460956.925463,50.3094916,61.0908333,1,19.28030014038086,0.17536300420761108,60956.42546299985
83,2460954.8632292,50.3095463,61.0908705,2,18.295000076293945,0.06839100271463394,60954.36322919978
84,2460954.7665509,50.3096314,61.090829,1,19.167699813842773,0.17929700016975403,60954.26655089995
86,2460951.9148264,50.3096329,61.0907659,1,19.959400177001953,0.19331400096416473,60951.41482640011
88,2460949.8279745,50.3096061,61.0908972,2,18.835800170898438,0.07599099725484848,60949.327974500135
89,2460944.8106713,50.3094759,61.0908743,2,18.252700805664062,0.0636100023984909,60944.31067130016
90,2460942.8684259,50.3094943,61.0908272,1,18.48310089111328,0.08296900242567062,60942.36842590012
91,2460942.8402199,50.3095217,61.090888,2,18.099599838256836,0.049740999937057495,60942.34021990001
92,2460939.8891898,50.3095841,61.0908529,2,17.776899337768555,0.0374629981815815,60939.38918979978
93,2460939.87125,50.3095057,61.09079,1,19.03499984741211,0.08942200243473053,60939.37124999985
94,2460935.9071759,50.3095347,61.090861,2,18.255699157714844,0.056150998920202255,60935.40717589995
95,2460935.8696759,50.3094403,61.0907998,1,18.921100616455078,0.09915199875831604,60935.369675899856
96,2460933.8823495,50.3095352,61.090856,2,18.642799377441406,0.11542099714279175,60933.38234949997
97,2460933.7876157,50.3093566,61.0907857,1,19.334699630737305,0.11029200255870819,60933.28761570016
98,2460929.8817014,50.3095308,61.0909225,2,18.748899459838867,0.10996299982070923,60929.38170140004
99,2460929.8516204,50.3094552,61.090842,1,18.988399505615234,0.15333899855613708,60929.35162039986
100,2460927.9308912,50.3095176,61.0908985,2,18.560699462890625,0.07414299994707108,60927.43089119997
101,2460927.8821875,50.309514,61.0908259,1,18.3789005279541,0.08994100242853165,60927.38218750013
102,2460925.9285995,50.3095941,61.0908633,2,17.997900009155273,0.0715389996767044,60925.4285995001
103,2460925.8415394,50.3094907,61.0908185,1,18.182100296020508,0.09913899749517441,60925.341539400164
104,2460923.9518519,50.3096394,61.0908108,1,17.612600326538086,0.06707999855279922,60923.4518519002
105,2460923.8660532,50.3096083,61.090862,2,17.507699966430664,0.048257000744342804,60923.36605319986
106,2460919.9108218,50.3096049,61.0907961,1,16.183399200439453,0.04611799865961075,60919.41082180012
107,2460919.8630324,50.3095543,61.090828,2,16.07639503479004,0.03363127261400223,60919.36303240014
108,2460919.8630324,50.3095543,61.090828,2,16.076400756835938,0.03363100066781044,60919.36303240014
109,2460917.8695949,50.3096007,61.0908072,2,14.5024995803833,0.023384999483823776,60917.36959489994
110,2460917.8263889,50.3096087,61.0908039,1,14.429300308227539,0.022520000115036964,60917.32638890017
111,2460914.9525116,50.3096486,61.0908071,1,13.941800117492676,0.032246001064777374,60914.45251160022
112,2460914.9316551,50.3096157,61.090832,2,14.143500328063965,0.024532999843358994,60914.43165510008
113,2460911.892581,50.3096123,61.0907995,1,13.624799728393555,0.027357999235391617,60911.39258099999
114,2460911.8471065,50.3095551,61.0908133,2,13.695199966430664,0.026016000658273697,60911.34710650006
115,2460908.9508565,50.3096437,61.0907938,1,13.32919979095459,0.036316998302936554,60908.45085649984
116,2460908.9021065,50.3096005,61.0908176,2,13.428299903869629,0.02964399941265583,60908.40210650023
117,2460904.9546412,50.3093308,61.0907806,1,19.73259925842285,0.1615609973669052,60904.45464120014
119,2460902.9496644,50.3094574,61.0908233,1,18.713699340820312,0.1000019982457161,60902.44966439996
120,2460902.9026505,50.3095269,61.0908946,2,18.38610076904297,0.08520500361919403,60902.40265050018
121,2460900.9308449,50.3095538,61.090837,2,17.900400161743164,0.05951400101184845,60900.4308449002
122,2460900.8887037,50.3095603,61.0907801,1,18.5762996673584,0.1158830001950264,60900.388703700155
123,2460856.986956,50.3096635,61.0909308,2,18.55020523071289,0.14687499403953552,60856.48695599986
124,2460856.9820486,50.3096358,61.0908814,2,18.64780044555664,0.14099499583244324,60856.48204859998
126,2460855.9859144,50.3096367,61.090897,2,18.800600051879883,0.1707720011472702,60855.48591439985
127,2460855.9809606,50.3094749,61.0909004,2,18.389400482177734,0.09823200106620789,60855.48096060008
132,2460844.9791667,50.3096794,61.0908814,2,18.348600387573242,0.15877600014209747,60844.47916670004
133,2460843.9870949,50.3095412,61.0907854,2,18.268199920654297,0.107464998960495,60843.487094900105
134,2460843.9826736,50.3095308,61.0908111,2,18.60099983215332,0.11099500209093094,60843.48267359985
135,2460843.9787269,50.3097809,61.0908413,2,18.521299362182617,0.12317900359630585,60843.47872690018
136,2460842.9863773,50.3094591,61.090838,2,18.034700393676758,0.1194159984588623,60842.48637730023
138,2460842.9785532,50.3094397,61.0908823,2,18.262399673461914,0.09110599756240845,60842.47855320014
140,2460840.986331,50.3094344,61.0909097,2,18.241899490356445,0.10107800364494324,60840.48633099999
141,2460840.982338,50.3093474,61.0909307,2,18.80459976196289,0.11535599827766418,60840.48233800009
142,2460840.9783681,50.3094672,61.0909517,2,18.53529930114746,0.10004399716854095,60840.47836809978
143,2460839.9895949,50.3095914,61.0908527,2,17.782621383666992,0.15281830728054047,60839.48959490005
148,2460836.9804282,50.3097059,61.0907728,2,18.691999435424805,0.20460399985313416,60836.480428200215
151,2460834.9857755,50.3095725,61.0909338,2,18.005199432373047,0.08438800275325775,60834.48577550007
152,2460757.6820023,50.3096605,61.0908739,1,18.92769432067871,0.11641260236501694,60757.18200229993
153,2460757.6563657,50.3095306,61.0909192,2,18.428499221801758,0.07028000056743622,60757.156365700066
154,2460753.6851157,50.3096687,61.090865,1,19.113100051879883,0.16586600244045258,60753.18511570012
155,2460753.6456944,50.3096291,61.0908552,2,18.2268009185791,0.06527800112962723,60753.145694400184
160,2460733.6601042,50.3096342,61.0908622,2,18.071500778198242,0.057363998144865036,60733.16010419978
161,2460733.6360301,50.3096162,61.0907917,1,18.499799728393555,0.0737140029668808,60733.13603009982
162,2460731.747963,50.3095863,61.0908766,2,17.636499404907227,0.042447999119758606,60731.24796300009
163,2460731.6572917,50.3096663,61.0908264,1,18.78030014038086,0.09999100118875504,60731.15729170013
164,2460729.719456,50.3097236,61.0909438,1,19.58489990234375,0.1544640064239502,60729.21945599979
165,2460729.6772569,50.3095605,61.0908567,2,18.065500259399414,0.055312998592853546,60729.177256899886
166,2460727.6835301,50.3095669,61.0908325,2,18.061599731445312,0.05082499980926514,60727.183530100156
167,2460724.6355787,50.3095998,61.0908553,2,17.98859977722168,0.0717879980802536,60724.135578699876
168,2460722.6646644,50.3095818,61.0908325,1,18.524799346923828,0.07689099758863449,60722.16466439981
174,2460693.7837731,50.3095708,61.0908579,2,18.159900665283203,0.0486689992249012,60693.2837731
176,2460689.6579167,50.3096403,61.0908339,2,18.107500076293945,0.08351399749517441,60689.1579167
178,2460685.7227662,50.309438,61.0907905,1,18.903499603271484,0.27167001366615295,60685.22276620008
179,2460685.6105208,50.3097069,61.0909308,2,18.35420036315918,0.14339199662208557,60685.11052080011
180,2460683.7224884,50.309502,61.0907976,2,17.72089958190918,0.060864999890327454,60683.22248840006
182,2460679.7469097,50.3095469,61.0908128,1,18.193599700927734,0.07957000285387039,60679.24690969987
183,2460679.6750694,50.3095619,61.090848,2,18.238800048828125,0.05516500025987625,60679.17506940011
184,2460677.8328241,50.3095955,61.0908229,1,19.605161666870117,0.18546278774738312,60677.33282409981
185,2460677.8328241,50.3095955,61.0908229,1,19.605199813842773,0.18546299636363983,60677.33282409981
188,2460675.6813079,50.3095521,61.0908763,2,18.190000534057617,0.051603998988866806,60675.18130790023
189,2460673.7381713,50.3097108,61.0907875,1,19.652700424194336,0.15463699400424957,60673.23817129992
191,2460671.7453935,50.3096533,61.0908664,2,18.273399353027344,0.20175200700759888,60671.2453935002
192,2460667.8487847,50.3093054,61.0908586,1,19.534799575805664,0.15113499760627747,60667.348784700036
194,2460665.8514236,50.3095907,61.090862,2,17.951099395751953,0.051180001348257065,60665.35142360022
195,2460665.7995486,50.3095978,61.0908187,1,17.896499633789062,0.06032000109553337,60665.29954859987
196,2460663.9240625,50.3097846,61.0909097,1,19.043399810791016,0.18225300312042236,60663.42406249978
198,2460660.7431019,50.3096221,61.0908422,1,18.51289939880371,0.15063300728797913,60660.24310189998
201,2460654.7156597,50.3094113,61.0908034,1,18.58340072631836,0.12298300117254257,60654.21565969987
202,2460654.6553819,50.3095358,61.0908483,2,17.97089958190918,0.06741800159215927,60654.15538189979
203,2460652.6614005,50.3095093,61.0908657,2,18.091999053955078,0.046613000333309174,60652.16140050022
204,2460652.6172685,50.3095503,61.0907924,1,17.793699264526367,0.05784299969673157,60652.11726849992
206,2460650.740706,50.3096256,61.0908449,2,17.575300216674805,0.03362699970602989,60650.24070600001
207,2460648.7352894,50.3094425,61.0908863,2,18.40410041809082,0.08863399922847748,60648.23528939998
208,2460648.6936921,50.3093462,61.0908017,1,19.872800827026367,0.15344099700450897,60648.19369209977
209,2460646.7873727,50.3095056,61.0908043,1,18.74690055847168,0.0726270005106926,60646.28737269994
210,2460646.7446528,50.3095474,61.0908669,2,18.41510009765625,0.07180699706077576,60646.244652799796
212,2460639.7755324,50.3095929,61.090837,2,17.189699172973633,0.04283500090241432,60639.27553239977
213,2460636.7453819,50.3096043,61.0908314,2,16.623600006103516,0.025394000113010406,60636.24538190011
214,2460634.8459606,50.3096103,61.0907891,1,14.003399848937988,0.03064199909567833,60634.345960599836
215,2460631.8014931,50.3096338,61.0908623,2,18.3164005279541,0.07554499804973602,60631.30149309989
216,2460626.7826736,50.3096457,61.0908608,2,18.885099411010742,0.15775500237941742,60626.28267360013
218,2460624.8265162,50.3094065,61.0909199,2,19.31909942626953,0.10615699738264084,60624.32651619986
219,2460622.9051852,50.3095882,61.0908627,2,18.034500122070312,0.06202299892902374,60622.40518519981
220,2460622.7836806,50.3093519,61.0907486,1,19.26460075378418,0.10801900178194046,60622.283680600114
221,2460620.8274884,50.3096321,61.0909179,2,18.57110023498535,0.13982200622558594,60620.32748840004
222,2460615.9516667,50.3095936,61.0908465,2,18.3346004486084,0.056970998644828796,60615.45166670019
223,2460615.8952199,50.3095558,61.0908179,1,19.18720054626465,0.16191600263118744,60615.39521990018
224,2460611.831412,50.3095033,61.0908352,2,18.370500564575195,0.08494800329208374,60611.331412000116
225,2460609.9316435,50.3095668,61.0908606,2,18.1343994140625,0.047690000385046005,60609.43164349999
226,2460609.8498032,50.3095443,61.0908132,1,18.567899703979492,0.07723599672317505,60609.34980319999
227,2460607.8192708,50.309535,61.0908158,1,18.56800079345703,0.08893200010061264,60607.31927079987
228,2460607.7831713,50.3095511,61.0908441,2,17.931499481201172,0.04592699930071831,60607.283171299845
230,2460600.9533565,50.3094845,61.09081,2,18.00670051574707,0.06331799924373627,60600.453356499784
232,2460598.9968171,50.3095979,61.0908143,1,18.333999633789062,0.06171200051903725,60598.49681709986
233,2460598.9344907,50.3095695,61.0908348,2,17.561899185180664,0.04394799843430519,60598.43449069979
234,2460596.9498843,50.3096279,61.090762,1,18.795400619506836,0.06905800104141235,60596.44988430012
235,2460594.9275,50.3095646,61.0907733,1,18.482500076293945,0.07263199985027313,60594.42750000022
236,2460594.8959028,50.3095731,61.090843,2,17.652599334716797,0.03183700144290924,60594.39590279991
237,2460592.9286227,50.3094926,61.0908932,2,18.40089988708496,0.05170600116252899,60592.42862269981
238,2460592.8856481,50.3095756,61.0908187,1,19.13010025024414,0.1824219971895218,60592.38564810017
239,2460583.008669,50.3095452,61.0908569,2,18.134700775146484,0.06263799965381622,60582.50866900012
240,2460582.9654051,50.3095746,61.0908134,1,19.093700408935547,0.09436400234699249,60582.465405100025
241,2460579.9956019,50.3094755,61.0908964,2,18.42729949951172,0.0634469985961914,60579.49560189992
242,2460579.8242477,50.309448,61.0907869,1,19.507200241088867,0.12785999476909637,60579.32424770016
243,2460572.8864931,50.3094432,61.0908254,1,18.785200119018555,0.11970999836921692,60572.38649309985
244,2460572.8018056,50.3095595,61.0908445,2,18.0310001373291,0.06591500341892242,60572.30180560006
245,2460568.948125,50.3093722,61.0907629,1,19.676300048828125,0.17480400204658508,60568.44812500011
246,2460568.8951852,50.3095636,61.090864,2,17.623699188232422,0.03562600165605545,60568.39518520003
247,2460565.9707407,50.3095634,61.0908471,2,17.904300689697266,0.03623099997639656,60565.47074070014
248,2460565.9118171,50.3095508,61.0907714,1,18.5177001953125,0.08304200321435928,60565.4118170999
249,2460562.9532292,50.3096289,61.0907645,1,18.63170051574707,0.07308000326156616,60562.453229200095
252,2460558.9557292,50.3095459,61.0908665,2,18.218700408935547,0.04849199950695038,60558.45572920004
253,2460558.9066551,50.3093906,61.0907132,1,19.6466007232666,0.17513099312782288,60558.406655100174
254,2460556.9722569,50.309578,61.0908432,2,18.054800033569336,0.04799000173807144,60556.47225689981
255,2460556.9568634,50.3095958,61.090799,1,18.467599868774414,0.07444699853658676,60556.45686340006
256,2460554.9688194,50.3094816,61.090822,1,19.167400360107422,0.11908899992704391,60554.46881939983
257,2460554.9366204,50.30953,61.0908412,2,17.963699340820312,0.04054500162601471,60554.43662039982
258,2460551.9362616,50.309498,61.0907834,1,18.658700942993164,0.07848799973726273,60551.43626159988
259,2460551.9089352,50.3095262,61.0908374,2,18.20509910583496,0.05195700004696846,60551.40893519996
260,2460549.9701042,50.3095134,61.0907811,1,18.80109977722168,0.1016639992594719,60549.470104199834
261,2460549.8839005,50.3095462,61.0908659,2,18.148000717163086,0.057259999215602875,60549.3839004999
262,2460547.9247222,50.3095726,61.0908523,2,17.71489906311035,0.04676799848675728,60547.424722199794
263,2460547.8676273,50.3096032,61.0907931,1,18.885400772094727,0.11251699924468994,60547.36762729986
265,2460544.8480787,50.3095981,61.0908428,2,17.833526611328125,0.05900350958108902,60544.34807869978
266,2460544.8480787,50.3095981,61.0908428,2,17.833499908447266,0.05900400131940842,60544.34807869978
267,2460539.9278125,50.3096524,61.0907726,1,18.812700271606445,0.12039600312709808,60539.427812499925
268,2460539.8910648,50.3095606,61.090881,2,17.975400924682617,0.05281699821352959,60539.39106479986
269,2460529.9672222,50.309399,61.0908444,1,18.330799102783203,0.12822900712490082,60529.467222199775
270,2460529.9071644,50.3094447,61.090821,2,17.594200134277344,0.05396899953484535,60529.40716439998
271,2460526.9673264,50.3095351,61.0907755,1,19.069700241088867,0.1387680023908615,60526.46732639987
272,2460526.9673264,50.3095351,61.0907755,1,19.069700241088867,0.1387680023908615,60526.46732639987
273,2460526.9087269,50.3094373,61.0908614,2,18.543500900268555,0.07118099927902222,60526.408726899885
274,2460526.9087269,50.3094373,61.0908614,2,18.543500900268555,0.07118099927902222,60526.408726899885
275,2460524.9062731,50.3095426,61.0908444,2,18.178199768066406,0.09141100198030472,60524.40627310006
276,2460524.8629977,50.3093805,61.0908003,1,18.720600128173828,0.09433799982070923,60524.362997699995
277,2460518.9720949,50.3095604,61.0908581,2,17.755800247192383,0.059748001396656036,60518.472094899975
278,2460518.9041782,50.3096586,61.0907939,1,18.51849937438965,0.08252999931573868,60518.404178199824
279,2460518.9041782,50.3096586,61.0907939,1,18.51849937438965,0.08252999931573868,60518.404178199824
280,2460489.972963,50.3096475,61.0908051,2,18.20359992980957,0.09958899766206741,60489.47296300018
281,2460489.9694676,50.3097015,61.09084,2,18.095300674438477,0.08762600272893906,60489.469467599876
282,2460489.9659838,50.3095852,61.0908631,2,18.28179931640625,0.09193400293588638,60489.465983800124
283,2460488.9740741,50.3095747,61.0909343,2,19.17140007019043,0.11691199988126755,60488.474074100144
284,2460488.9700926,50.3093761,61.0908825,2,19.287799835205078,0.15235699713230133,60488.47009260021
285,2460488.9661111,50.309499,61.090884,2,18.691200256347656,0.11588399857282639,60488.46611109981
286,2460486.9724537,50.3095179,61.0908855,2,17.91200065612793,0.05342099815607071,60486.47245369991
287,2460486.9680324,50.3095265,61.0908617,2,17.923799514770508,0.06752800196409225,60486.468032400124
288,2460486.9645602,50.3095068,61.0908462,2,18.197999954223633,0.08381299674510956,60486.464560199995
289,2460482.9705556,50.3095823,61.0908889,2,17.655899047851562,0.051329001784324646,60482.47055559978
290,2460482.9671412,50.3096331,61.0908365,2,17.646099090576172,0.060586001724004745,60482.46714119986
291,2460482.9637153,50.3095767,61.0908292,2,17.94890022277832,0.07801699638366699,60482.463715299964
292,2460481.9699653,50.309574,61.0908804,2,17.654300689697266,0.04786200076341629,60481.46996530006
293,2460481.9665509,50.3096028,61.0908193,2,17.801700592041016,0.05502200126647949,60481.466550900135
294,2460481.9636111,50.3095416,61.0908524,2,18.064199447631836,0.06561499834060669,60481.46361109987
295,2460480.970463,50.3095712,61.0908421,2,18.1200008392334,0.07498600333929062,60480.47046299977
296,2460480.966956,50.3095792,61.0908396,2,17.957700729370117,0.10106199979782104,60480.466955999844
297,2460480.9634491,50.3095332,61.0908524,2,18.099899291992188,0.09643299877643585,60480.46344910003
298,2460479.9685417,50.3094578,61.0907407,2,18.06760025024414,0.1208920031785965,60479.46854169993
299,2460477.9721528,50.3096584,61.0908307,2,17.95039939880371,0.08703699707984924,60477.47215279983
300,2460477.9677315,50.3096039,61.090817,2,18.01110076904297,0.08057499676942825,60477.467731500044
301,2460477.964294,50.3096679,61.0908173,2,17.82469940185547,0.07174500077962875,60477.46429400006
302,2460476.9694907,50.3095413,61.0908519,2,18.237499237060547,0.07419399917125702,60476.469490699936
303,2460476.9660532,50.3096046,61.0908455,2,18.19569969177246,0.07314399629831314,60476.466053199954
304,2460475.9686343,50.3095338,61.0908473,2,17.800100326538086,0.0711050033569336,60475.468634299934
305,2460392.6611458,50.3095935,61.0908364,2,17.586477279663086,0.04270726069808006,60392.16114579979
306,2460390.6816551,50.3096338,61.0908345,1,17.82539939880371,0.08167099952697754,60390.18165510008
307,2460390.6642708,50.3096305,61.0908287,2,17.424100875854492,0.0508200004696846,60390.16427080007
308,2460388.686875,50.3096327,61.0908427,2,17.561399459838867,0.05450199916958809,60388.18687500013
309,2460388.662662,50.3095368,61.0908094,1,18.151399612426758,0.09957099705934525,60388.16266199993
310,2460374.7198727,50.3094768,61.0909095,1,19.59869956970215,0.1494150012731552,60374.21987270005
312,2460364.6815394,50.3097815,61.0907434,2,17.63789939880371,0.16619999706745148,60364.181539400015
313,2460357.7585532,50.3096749,61.0908122,1,17.987199783325195,0.06211699917912483,60357.258553199936
314,2460357.7200116,50.3095889,61.0908329,2,18.32539939880371,0.07439299672842026,60357.22001159983
315,2460354.7282407,50.3095801,61.0908205,1,18.68239974975586,0.07706599682569504,60354.22824069997
316,2460354.6591319,50.3095546,61.0908399,2,17.53580093383789,0.06605400145053864,60354.15913189994
317,2460352.7045718,50.3095776,61.0908669,2,18.1476993560791,0.0530179999768734,60352.20457179984
318,2460352.6632523,50.3095276,61.0908151,1,18.622900009155273,0.10278599709272385,60352.16325230012
319,2460340.8289815,50.3095846,61.0908331,2,17.390899658203125,0.03883500024676323,60340.32898150012
320,2460340.7876505,50.3095845,61.0908404,1,18.554100036621094,0.11118300259113312,60340.28765049996
321,2460336.8251273,50.3095932,61.0908326,2,18.077699661254883,0.1218390017747879,60336.325127299875
322,2460336.7433681,50.3094537,61.0908398,1,18.97480010986328,0.15547899901866913,60336.24336809991
323,2460327.6988079,50.3095175,61.0908463,1,18.607099533081055,0.10275699943304062,60327.19880789984
324,2460327.6562616,50.3095352,61.0908305,2,18.10110092163086,0.047338999807834625,60327.15626160009
325,2460325.7908565,50.3095767,61.0908002,1,18.023099899291992,0.07004400342702866,60325.290856500156
326,2460325.7033681,50.3096514,61.0908231,2,17.59670066833496,0.4007830023765564,60325.20336809987
327,2460323.7846875,50.3093792,61.0909426,2,19.238399505615234,0.13086099922657013,60323.28468749998
328,2460323.7171991,50.309528,61.0908203,1,18.726900100708008,0.1096310019493103,60323.21719910018
330,2460314.7284144,50.3094713,61.0908392,1,18.1648006439209,0.07211600244045258,60314.228414400015
331,2460314.6482639,50.3096136,61.0908536,2,17.673200607299805,0.04636099934577942,60314.148263900075
333,2460307.6484259,50.3095909,61.0907906,1,18.592300415039062,0.1116119995713234,60307.14842589991
336,2460295.761956,50.309573,61.0908484,2,17.648500442504883,0.040789999067783356,60295.26195599977
337,2460295.6768287,50.3095665,61.0908097,1,18.360599517822266,0.07567399740219116,60295.17682870012
338,2460290.8531829,50.3096143,61.0908157,1,18.24209976196289,0.0968559980392456,60290.35318290023
339,2460290.693287,50.3095766,61.0908198,2,17.804500579833984,0.05507100000977516,60290.19328700006
341,2460288.735787,50.3094985,61.0908724,2,18.101699829101562,0.07327999919652939,60288.23578700004
342,2460284.7171875,50.3094512,61.0908334,1,18.958099365234375,0.11604399979114532,60284.21718750009
343,2460284.660162,50.3096344,61.090814,2,18.013599395751953,0.047262001782655716,60284.160161999986
344,2460263.8664931,50.3095866,61.0908465,2,18.163000106811523,0.04369699954986572,60263.366493099835
345,2460261.8267708,50.3095041,61.0907706,1,18.680500030517578,0.07737600058317184,60261.326770800166
346,2460261.7658449,50.3095538,61.0908376,2,17.776399612426758,0.044061001390218735,60261.26584490016
347,2460259.8492245,50.309527,61.090864,2,18.490100860595703,0.06386800110340118,60259.34922449989
350,2460257.7834491,50.3098134,61.0909351,2,18.294200897216797,0.14918400347232819,60257.283449099865
352,2460254.7953935,50.3094117,61.0908602,2,18.954500198364258,0.13452200591564178,60254.29539350001
353,2460252.8191204,50.3095456,61.0907879,1,18.426799774169922,0.08284799754619598,60252.31912040012
354,2460252.8061574,50.3095319,61.0908212,2,18.309799194335938,0.061576999723911285,60252.3061573999
355,2460250.7731366,50.3096137,61.0908444,2,17.575199127197266,0.04669300094246864,60250.27313659992
356,2460250.7017593,50.3096072,61.0908036,1,18.31399917602539,0.07822699844837189,60250.201759300195
357,2460246.8843287,50.3096262,61.0907768,1,17.27079963684082,0.05383099988102913,60246.38432870014
358,2460246.8178935,50.3096068,61.0908437,2,17.150999069213867,0.03909299895167351,60246.317893499974
359,2460244.8869792,50.3095984,61.0908004,1,15.387800216674805,0.034901998937129974,60244.386979199946
360,2460244.7751968,50.3096009,61.0908161,2,15.263999938964844,0.02551399916410446,60244.27519680001
361,2460239.9709028,50.3095995,61.0907866,1,18.766000747680664,0.0869939997792244,60239.470902800094
362,2460239.857662,50.309591,61.0908394,2,17.842300415039062,0.03882800042629242,60239.35766200023
363,2460237.8279282,50.3095957,61.0908965,2,18.348499298095703,0.0645499974489212,60237.3279281999
364,2460237.7788889,50.3094779,61.0907628,1,19.70509910583496,0.16530999541282654,60237.27888889983
365,2460235.8439699,50.3095183,61.0907695,1,19.185400009155273,0.10085400193929672,60235.34396990016
366,2460235.8065625,50.3095468,61.0908279,2,18.00029945373535,0.04506399855017662,60235.306562500075
367,2460233.9482523,50.3095938,61.0908309,2,18.28219985961914,0.05879399925470352,60233.4482522998
368,2460233.8847685,50.3096293,61.0907224,1,19.07270050048828,0.0976720005273819,60233.38476849999
369,2460231.925463,50.3096818,61.0907444,1,19.07740020751953,0.11049800366163254,60231.42546299985
370,2460231.8572106,50.3095555,61.0908336,2,17.896699905395508,0.045499999076128006,60231.35721059982
371,2460228.9182986,50.3095829,61.0907555,1,17.93790054321289,0.059158001095056534,60228.418298599776
372,2460223.9804398,50.3095356,61.0908608,2,18.462400436401367,0.06324800103902817,60223.48043979984
375,2460221.8214815,50.3095766,61.0908166,2,18.496299743652344,0.07119599729776382,60221.32148149982
376,2460217.8413079,50.3095919,61.0908818,2,18.574199676513672,0.13124200701713562,60217.341307899915
377,2460215.9724537,50.309617,61.0907911,1,18.601299285888672,0.0947910025715828,60215.47245369991
378,2460215.8615741,50.3095832,61.0908149,2,17.64929962158203,0.051865000277757645,60215.361574099865
379,2460213.9858218,50.3094334,61.0909285,2,19.016000747680664,0.08742500096559525,60213.48582179984
380,2460213.9084028,50.3095644,61.090803,1,18.4591007232666,0.10033199936151505,60213.408402800094
381,2460211.9371296,50.3095933,61.0908257,2,17.750699996948242,0.04680300131440163,60211.43712959997
383,2460207.8933912,50.3094531,61.0908723,2,18.471200942993164,0.0818450003862381,60207.393391199876
384,2460205.8862963,50.3095345,61.0908604,2,18.402299880981445,0.04761900007724762,60205.38629630022
385,2460205.8519213,50.3094781,61.0907153,1,19.55459976196289,0.14255499839782715,60205.35192129994
386,2460203.9904977,50.3094589,61.090854,2,18.511999130249023,0.05279099941253662,60203.49049769994
388,2460201.9763194,50.309639,61.0907764,1,17.669099807739258,0.052577000111341476,60201.47631940013
389,2460201.9285301,50.3095432,61.0908293,2,18.14299964904785,0.049601998180150986,60201.4285300998
390,2460198.9422569,50.3095047,61.0908698,2,18.418800354003906,0.04291899874806404,60198.442256900016
391,2460198.8825926,50.3094828,61.0907712,1,19.087499618530273,0.14087900519371033,60198.38259259984
392,2460195.9638426,50.3095114,61.0908877,2,18.93630027770996,0.08614300191402435,60195.46384260012
393,2460195.9041898,50.3094389,61.0907794,1,19.55579948425293,0.1385280042886734,60195.40418979991
394,2460192.9301042,50.3094779,61.0908633,2,18.615800857543945,0.08263900130987167,60192.4301041998
395,2460192.8869444,50.3094563,61.0908168,1,18.847200393676758,0.143669992685318,60192.38694440015
397,2460187.944294,50.3096118,61.0908923,2,18.46780014038086,0.07954899966716766,60187.444294000044
398,2460185.9685648,50.3095383,61.0907602,1,19.34119987487793,0.14134900271892548,60185.46856479999
401,2460183.9544329,50.3095758,61.0907407,1,19.47879981994629,0.14282600581645966,60183.454432900064
403,2460181.8845718,50.3095665,61.090791,1,19.735300064086914,0.23140999674797058,60181.38457180001
405,2460179.9088079,50.3094841,61.0909663,2,19.314699172973633,0.11573799699544907,60179.4088078998
406,2460174.9534606,50.3095306,61.0907734,1,18.42460060119629,0.0754380002617836,60174.45346060023
407,2460174.9137153,50.3095546,61.0908397,2,18.098400115966797,0.050331000238657,60174.41371530015
408,2460171.9520023,50.3095643,61.0908196,2,18.215900421142578,0.060756001621484756,60171.45200229995
409,2460171.8858218,50.3095947,61.0907721,1,18.447599411010742,0.06996600329875946,60171.38582180021
410,2460168.9709722,50.3095458,61.090844,2,18.054399490356445,0.04267299920320511,60168.470972199924
411,2460168.9263657,50.3094187,61.0908238,1,19.1924991607666,0.1297300010919571,60168.426365700085
412,2460163.9661458,50.309503,61.0908052,1,18.77039909362793,0.10258500277996063,60163.46614579996
413,2460163.9286574,50.309549,61.0908347,2,17.767099380493164,0.042291998863220215,60163.428657399956
414,2460160.9526389,50.3096017,61.0908316,2,18.19860076904297,0.061521999537944794,60160.45263889991
415,2460160.9120602,50.3095922,61.0907776,1,18.69219970703125,0.1212029978632927,60160.41206019977
416,2460157.9552546,50.3095279,61.0908417,2,17.949600219726562,0.06061499938368797,60157.45525459992
417,2460128.9732755,50.3095896,61.0908466,2,18.179899215698242,0.07561100274324417,60128.473275499884
418,2460128.9707523,50.3096251,61.0908096,2,18.132299423217773,0.08104100078344345,60128.47075230023
419,2460128.9682292,50.3095106,61.0908192,2,18.15719985961914,0.09469299763441086,60128.468229200225
420,2460128.9656944,50.3094883,61.090866,2,18.062599182128906,0.07950200140476227,60128.465694400016
421,2460128.9631713,50.3095457,61.0908628,2,18.012100219726562,0.06854499876499176,60128.46317130001
422,2460127.9710185,50.3096188,61.0908337,2,17.733800888061523,0.06298500299453735,60127.47101850016
423,2460127.9684838,50.309593,61.0908275,2,17.592500686645508,0.0547650009393692,60127.46848380007
424,2460127.9659606,50.3094908,61.0908197,2,17.71430015563965,0.05132799968123436,60127.46596059995
425,2460127.9634491,50.309528,61.0908365,2,17.802099227905273,0.0585549995303154,60127.46344910003
426,2460127.9609144,50.3096791,61.0908144,2,17.850099563598633,0.06164500117301941,60127.46091439994
427,2460126.9705556,50.3095441,61.0908026,2,18.006200790405273,0.08864700049161911,60126.47055559978
428,2460126.968044,50.3095368,61.0908183,2,17.919300079345703,0.04985399916768074,60126.46804400021
429,2460126.9655324,50.3095256,61.0908165,2,17.904800415039062,0.07613900303840637,60126.46553240018
430,2460126.9630324,50.309622,61.0908242,2,17.848600387573242,0.05882300063967705,60126.46303239977
431,2460126.9605324,50.3095484,61.0908468,2,17.829500198364258,0.062401000410318375,60126.460532399826
432,2460125.9710417,50.309528,61.0907756,2,18.168800354003906,0.09316900372505188,60125.47104169987
433,2460125.9689583,50.3095906,61.0907997,2,18.3435001373291,0.07643800228834152,60125.46895830007
434,2460125.966875,50.309652,61.0908724,2,17.98539924621582,0.0691479966044426,60125.466874999925
435,2460125.9648032,50.3095478,61.0908376,2,18.117399215698242,0.07243400067090988,60125.464803200215
436,2460125.9627199,50.3096054,61.0908351,2,17.983400344848633,0.06870300322771072,60125.46271990007
437,2460124.9705671,50.3096299,61.0908421,2,17.889299392700195,0.0444520004093647,60124.470567100216
438,2460124.9685995,50.3096897,61.0908483,2,17.930099487304688,0.046456001698970795,60124.468599500135
439,2460124.9666319,50.3096261,61.0908585,2,17.8533992767334,0.054048001766204834,60124.46663190005
440,2460124.9646644,50.3096539,61.0908174,2,17.874300003051758,0.05492300167679787,60124.46466440009
441,2460124.9626968,50.309676,61.0908291,2,18.02120018005371,0.052007000893354416,60124.46269680001
442,2460121.9683565,50.3096445,61.0908233,2,17.488800048828125,0.05438600108027458,60121.468356499914
443,2460121.9663542,50.309594,61.0908108,2,17.346399307250977,0.03925300016999245,60121.46635420015
444,2460121.9643403,50.3095769,61.0908148,2,17.589000701904297,0.04659600183367729,60121.46434029983
445,2460121.962338,50.3096313,61.0908003,2,17.73550033569336,0.04735000059008598,60121.46233800007
446,2460121.9603241,50.3096082,61.0908023,2,17.602699279785156,0.04624199867248535,60121.46032410022
447,2460120.969838,50.3095569,61.0908346,2,17.691699981689453,0.05463000014424324,60120.4698379999
448,2460120.9678241,50.3095324,61.0908216,2,17.674299240112305,0.04705600067973137,60120.46782410005
449,2460120.9658102,50.3096076,61.0908299,2,17.540300369262695,0.03621499985456467,60120.4658102002
450,2460120.9637963,50.3095715,61.0907796,2,17.816299438476562,0.060738999396562576,60120.46379629988
451,2460120.961794,50.3096452,61.090824,2,17.701099395751953,0.06405699998140335,60120.46179400012
452,2460119.9686227,50.3095599,61.090812,2,17.808799743652344,0.05803700163960457,60119.468622699846
453,2460119.9665625,50.3095439,61.0908301,2,17.79599952697754,0.06127899885177612,60119.46656250022
454,2460119.9645023,50.3096072,61.0908417,2,17.6205997467041,0.04926599934697151,60119.464502300136
455,2460119.9624421,50.309544,61.0908164,2,17.579299926757812,0.05723600089550018,60119.46244210005
456,2460119.9603819,50.3095385,61.0908581,2,17.691999435424805,0.04086900129914284,60119.46038189996
457,2460118.9678472,50.3096373,61.0908413,2,17.992900848388672,0.0544309988617897,60118.46784720011
458,2460118.9658681,50.3096147,61.0907989,2,17.827299118041992,0.049052998423576355,60118.46586810006
459,2460118.9638889,50.3096095,61.0908508,2,17.785400390625,0.054740000516176224,60118.46388889989
460,2460118.9619213,50.3096417,61.0908394,2,17.76959991455078,0.051353998482227325,60118.46192129981
461,2460118.9599421,50.3095365,61.0908183,2,17.897899627685547,0.0636650025844574,60118.459942100104
462,2460117.9694676,50.3095543,61.0908196,2,17.66819953918457,0.045152999460697174,60117.469467599876
463,2460117.9674884,50.309569,61.0908074,2,17.62150001525879,0.05461300164461136,60117.46748840017
464,2460117.9655208,50.3096022,61.0908073,2,17.652299880981445,0.05749199911952019,60117.46552080009
465,2460117.9635417,50.3096117,61.0908488,2,17.826000213623047,0.06130700185894966,60117.46354170004
466,2460117.9615625,50.3096923,61.0908244,2,17.548900604248047,0.044769998639822006,60117.46156249987
467,2460116.9679051,50.3095833,61.0908217,2,17.78339958190918,0.0538019984960556,60116.46790509997
468,2460116.9659375,50.3095441,61.0908145,2,17.73069953918457,0.05134199932217598,60116.46593749989
469,2460116.9639583,50.3096161,61.0908249,2,17.895000457763672,0.057169001549482346,60116.463958300184
470,2460116.9619907,50.3096006,61.0908566,2,17.779800415039062,0.04676499962806702,60116.4619907001
471,2459994.7658681,50.3096358,61.0908041,1,18.55593490600586,0.11357466131448746,59994.26586809987
472,2459994.7149884,50.3096388,61.0908291,2,17.971399307250977,0.057746000587940216,59994.21498840023
473,2459992.6535764,50.3095226,61.0909083,2,18.829099655151367,0.16812600195407867,59992.15357640013
475,2459985.6610648,50.3095085,61.0910055,2,19.056299209594727,0.09662900120019913,59985.161064799875
477,2459983.6593171,50.3094992,61.0908237,2,19.244186401367188,0.12145321071147919,59983.159317099955
478,2459983.6593171,50.3094992,61.0908237,2,19.244199752807617,0.12145300209522247,59983.159317099955
480,2459980.7826389,50.3096804,61.0908768,2,18.835800170898438,0.08966799825429916,59980.28263889998
483,2459971.7833912,50.3095961,61.0907879,2,18.275400161743164,0.06476099789142609,59971.283391200006
484,2459969.6966088,50.3094983,61.0907796,1,18.66659927368164,0.09280499815940857,59969.196608799975
485,2459969.6462037,50.3096634,61.0908091,2,17.849199295043945,0.05140899866819382,59969.14620369999
486,2459967.7155903,50.3091282,61.0908319,2,19.513200759887695,0.15995599329471588,59967.21559030004
487,2459967.7020255,50.3091075,61.0908887,1,19.34760093688965,0.18312999606132507,59967.202025500126
489,2459956.7845023,50.3095481,61.090852,1,19.456600189208984,0.2561120092868805,59956.28450229997
490,2459956.7373958,50.3095713,61.090804,2,17.939699172973633,0.04420199990272522,59956.237395800184
491,2459951.7666204,50.3094856,61.0909203,2,18.190000534057617,0.11108200252056122,59951.266620399896
492,2459951.7183218,50.3094636,61.0907564,1,18.644399642944336,0.1348160058259964,59951.21832180023
494,2459936.7400116,50.309404,61.0909299,2,19.33609962463379,0.16371600329875946,59936.240011599846
495,2459934.7902431,50.3094713,61.0909073,2,19.074100494384766,0.0892300009727478,59934.29024309991
499,2459928.8323148,50.3097182,61.0908069,1,18.993999481201172,0.15635299682617188,59928.332314800005
500,2459928.7214352,50.3094944,61.0908792,2,19.086700439453125,0.09410800039768219,59928.22143519996
501,2459922.8292014,50.3096177,61.0908489,2,18.01889991760254,0.0710270032286644,59922.329201399814
502,2459922.7582986,50.3095762,61.0908481,1,18.801799774169922,0.13988399505615234,59922.25829860009
503,2459913.8281713,50.3096443,61.0907398,1,19.757999420166016,0.22450099885463715,59913.32817129977
504,2459913.7582523,50.3094428,61.0909203,2,19.382099151611328,0.14926999807357788,59913.25825229986
506,2459909.7696644,50.3095536,61.0908872,2,18.828100204467773,0.06597699970006943,59909.26966439979
507,2459906.7432523,50.3095827,61.0908668,2,18.61870002746582,0.055748000741004944,59906.24325230019
508,2459906.7178819,50.3094956,61.0907214,1,19.315900802612305,0.1471250057220459,59906.21788189979
509,2459904.7784144,50.3092786,61.0906878,1,19.875499725341797,0.18497799336910248,59904.27841439983
510,2459904.7540741,50.3095176,61.0908301,2,18.824199676513672,0.08436299860477448,59904.25407409994
511,2459902.8653819,50.3096475,61.0908847,2,19.09600067138672,0.0872339978814125,59902.36538190022
515,2459898.7163542,50.3095732,61.0907529,1,18.51490020751953,0.0790409967303276,59898.21635420015
516,2459896.7999653,50.309593,61.0908216,2,18.432100296020508,0.06058499962091446,59896.29996530013
517,2459896.7469097,50.3095048,61.0908098,1,19.256099700927734,0.21375900506973267,59896.24690969987
518,2459894.8083218,50.3096339,61.0908273,2,17.787900924682617,0.04459799826145172,59894.30832180008
519,2459889.8207639,50.3095547,61.0908794,2,18.681400299072266,0.09301000088453293,59889.320763899945
520,2459889.7395255,50.309454,61.0907445,1,19.854299545288086,0.24130499362945557,59889.23952550022
521,2459887.9112269,50.3096852,61.0908246,2,18.016399383544922,0.05236399918794632,59887.41122689983
522,2459887.7571065,50.3095958,61.09078,1,17.93630027770996,0.09800200164318085,59887.25710650021
523,2459882.903588,50.3095245,61.0907881,1,18.52669906616211,0.1168769970536232,59882.40358800022
524,2459882.8195486,50.3095804,61.0908126,2,17.692899703979492,0.04339800029993057,59882.31954859989
525,2459880.7595833,50.3095303,61.0907509,1,18.53510093688965,0.068682000041008,59880.25958329998
526,2459880.6790046,50.3096584,61.0908201,2,17.61440086364746,0.0501599982380867,59880.179004599806
527,2459878.8881481,50.3095617,61.0907304,1,19.08060073852539,0.10495200008153915,59878.388148100115
528,2459878.8209028,50.3096422,61.0908746,2,19.28890037536621,0.12773999571800232,59878.32090280019
529,2459874.9011458,50.3094457,61.0907797,1,19.03569984436035,0.11349499970674515,59874.40114580002
530,2459874.8613194,50.3096012,61.09083,2,18.402700424194336,0.05853600054979324,59874.361319399904
531,2459872.8936343,50.3095919,61.0908346,2,18.3612003326416,0.0546640008687973,59872.39363430021
532,2459870.9483796,50.3095774,61.0908257,2,17.62299919128418,0.046817000955343246,59870.448379599955
533,2459870.8428009,50.3095505,61.0907042,1,19.260400772094727,0.11895699799060822,59870.342800899874
534,2459867.7754977,50.3095249,61.0907697,1,17.91860008239746,0.07602600008249283,59867.27549770009
536,2459865.8582176,50.309581,61.0908433,2,18.290000915527344,0.0764710009098053,59865.3582175998
537,2459863.9524421,50.3096279,61.090824,2,18.787500381469727,0.09809400141239166,59863.452442099806
538,2459863.8482176,50.3096121,61.0907826,1,19.369400024414062,0.21599699556827545,59863.348217600025
539,2459860.9926157,50.3096636,61.0907966,1,18.519699096679688,0.10964599996805191,59860.49261569977
540,2459860.9130556,50.309597,61.0908344,2,17.447500228881836,0.040647998452186584,59860.41305560013
541,2459858.9465856,50.3096186,61.0907554,1,18.907800674438477,0.09151200205087662,59858.4465855998
542,2459858.8746528,50.3096143,61.0908011,2,18.659500122070312,0.08984299749135971,59858.37465280015
543,2459856.8905208,50.3095855,61.0908186,2,17.924100875854492,0.04657299816608429,59856.390520799905
544,2459856.8237037,50.3096031,61.0907591,1,18.639999389648438,0.11515700072050095,59856.32370370021
545,2459854.9065394,50.309594,61.0908089,1,18.47640037536621,0.08285299688577652,59854.40653940011
546,2459854.8480903,50.3095878,61.0908312,2,17.938899993896484,0.049208998680114746,59854.34809029987
547,2459852.9022106,50.309639,61.090755,1,18.66629981994629,0.08119799941778183,59852.40221060021
548,2459852.8292708,50.309589,61.0908106,2,17.722900390625,0.047628000378608704,59852.32927080011
549,2459850.9420139,50.3094446,61.0907744,1,19.420000076293945,0.1022379994392395,59850.442013899796
550,2459850.8415162,50.3095083,61.0908798,2,18.508899688720703,0.06289400160312653,59850.34151619999
551,2459848.9717245,50.3095901,61.0908338,2,17.674100875854492,0.05017299950122833,59848.47172449995
552,2459848.9239468,50.3095998,61.0907865,1,18.0,0.05483400076627731,59848.423946800176
553,2459846.9542361,50.3096064,61.0907941,2,18.1643009185791,0.046257998794317245,59846.45423609996
554,2459846.880544,50.309525,61.0907616,1,18.77829933166504,0.08902700245380402,59846.38054399984
555,2459843.9061806,50.3095542,61.0908538,2,18.44339942932129,0.0810369998216629,59843.40618060017
556,2459843.885544,50.3095781,61.090758,1,18.908000946044922,0.06541500240564346,59843.38554400019
557,2459841.950544,50.3094949,61.0907916,1,19.428499221801758,0.1756879985332489,59841.45054400014
558,2459841.8705556,50.3095697,61.0907739,1,18.859399795532227,0.10771200060844421,59841.37055560015
559,2459839.9045486,50.3094964,61.0907649,1,19.297199249267578,0.15084899961948395,59839.40454859985
560,2459839.8273958,50.3094017,61.09077,1,19.26300048828125,0.14386799931526184,59839.327395800035
561,2459827.9732523,50.3096507,61.0908006,2,14.486000061035156,0.025985000655055046,59827.47325230017
562,2459827.9302778,50.3096588,61.0907718,1,14.301799774169922,0.030654000118374825,59827.43027780019
564,2459823.9762616,50.3094125,61.0907804,2,18.518299102783203,0.12047100067138672,59823.47626159992
565,2459823.9220949,50.3093178,61.0906069,1,20.21769905090332,0.24710899591445923,59823.42209490016
566,2459819.9771181,50.3095463,61.0908653,2,18.307300567626953,0.044498998671770096,59819.47711810004
567,2459819.9555208,50.309655,61.0907562,1,19.177099227905273,0.15881900489330292,59819.45552079985
568,2459817.9841782,50.309548,61.0908573,2,18.680599212646484,0.07017400115728378,59817.4841781999
569,2459817.9573843,50.3094947,61.090722,1,19.803699493408203,0.2096879929304123,59817.45738429995
571,2459815.9465278,50.3094735,61.0907509,1,20.171100616455078,0.21228399872779846,59815.44652780006
572,2459813.9458681,50.3094939,61.0908942,2,18.566299438476562,0.09256500005722046,59813.44586810004
573,2459810.9480787,50.3095845,61.0908565,2,18.305200576782227,0.052000999450683594,59810.448078699876
574,2459810.9062616,50.3095285,61.0908169,1,18.358200073242188,0.07341700047254562,59810.40626160009
575,2459808.9694444,50.3095387,61.0907738,1,18.916099548339844,0.14011499285697937,59808.469444400165
576,2459808.9430324,50.3094908,61.090823,2,18.06399917602539,0.043682001531124115,59808.44303240022
577,2459806.974919,50.3094982,61.090803,1,18.36319923400879,0.0852769985795021,59806.474919000175
578,2459806.9032292,50.3095788,61.0908414,2,18.26689910888672,0.07221899926662445,59806.403229199816
580,2459803.9256713,50.30952,61.090852,2,18.680400848388672,0.13164499402046204,59803.42567129992
581,2459801.9694444,50.3095507,61.0908408,2,18.537799835205078,0.05269400030374527,59801.469444400165
583,2459798.9695255,50.3092585,61.0907822,2,19.113300323486328,0.170632004737854,59798.4695255002
584,2459798.9269676,50.3092776,61.0908234,1,19.344999313354492,0.15028099715709686,59798.426967599895
587,2459793.950706,50.309525,61.0907888,1,18.43239974975586,0.1088550016283989,59793.450705999974
588,2459793.887419,50.3095848,61.0908421,2,18.580799102783203,0.07790099829435349,59793.3874189998
589,2459793.887419,50.3095995,61.0908513,2,18.428699493408203,0.0730310007929802,59793.3874189998
590,2459763.9734259,50.3095117,61.0908161,2,18.042400360107422,0.05619699880480766,59763.4734259001
591,2459763.9709028,50.3096456,61.0908643,2,17.800800323486328,0.06486400216817856,59763.470902800094
592,2459763.9683796,50.309597,61.0908123,2,17.795900344848633,0.05103300139307976,59763.46837959997
593,2459763.9658449,50.3095768,61.0907989,2,17.66629981994629,0.0531190000474453,59763.46584489988
594,2459763.9633218,50.3096791,61.0908096,2,18.208799362182617,0.05744500085711479,59763.46332179988
595,2459761.9719213,50.3095363,61.0908269,2,17.503299713134766,0.03332899883389473,59761.47192130005
596,2459761.9694213,50.3095403,61.0908119,2,17.694599151611328,0.05103300139307976,59761.469421300106
597,2459761.9669097,50.309599,61.0908385,2,17.592500686645508,0.047256000339984894,59761.46690970007
598,2459761.9644097,50.3096133,61.0908049,2,17.11989974975586,0.03576099872589111,59761.46440970013
599,2459761.9618981,50.3095909,61.0908383,2,17.617599487304688,0.05828600004315376,59761.4618981001
600,2459759.9701852,50.3095816,61.0908132,2,17.300500869750977,0.05639500170946121,59759.47018520022
601,2459759.9682176,50.3095849,61.0908326,2,17.492599487304688,0.04662699997425079,59759.46821760014
602,2459759.9662384,50.3095411,61.0908464,2,17.701900482177734,0.053954001516103745,59759.46623839997
603,2459759.9642708,50.3095411,61.090839,2,17.627500534057617,0.042243000119924545,59759.46427079989
604,2459759.9623032,50.3095561,61.0908361,2,17.687299728393555,0.06396199762821198,59759.462303199805
605,2459757.9684838,50.3093801,61.090814,1,18.78860092163086,0.09412000328302383,59757.46848380007
606,2459757.9665162,50.3094646,61.0907974,1,19.215900421142578,0.11924800276756287,59757.46651619999
607,2459757.9645486,50.3094119,61.0908183,1,18.624300003051758,0.08792900294065475,59757.464548599906
608,2459757.962581,50.3094684,61.0908049,1,18.6658992767334,0.0818839967250824,59757.462580999825
609,2459757.9606134,50.309319,61.0908027,1,18.841999053955078,0.08343899995088577,59757.46061340021
610,2459756.9700347,50.3095861,61.0908292,2,17.551700592041016,0.05254799872636795,59756.47003469989
611,2459756.9680208,50.3095181,61.0908278,2,17.932600021362305,0.06573700159788132,59756.468020800035
612,2459756.9660069,50.3096194,61.0908065,2,17.601200103759766,0.04898900166153908,59756.466006900184
613,2459756.9640046,50.3095327,61.0908008,2,18.00429916381836,0.0633469969034195,59756.464004599955
614,2459756.9619907,50.3094988,61.0908671,2,18.01449966430664,0.048778001219034195,59756.4619907001
615,2459755.9683333,50.309564,61.0908641,2,18.098600387573242,0.0720599964261055,59755.4683333002
616,2459755.9663194,50.3095786,61.090811,2,18.04520034790039,0.05368199944496155,59755.466319399886
617,2459755.9643171,50.3095729,61.0908295,2,17.87350082397461,0.05554400011897087,59755.46431710012
618,2459755.9623032,50.3095395,61.0907892,2,18.04560089111328,0.06220899894833565,59755.462303199805
619,2459755.9603009,50.3095508,61.0908469,2,18.167400360107422,0.06313899904489517,59755.46030090004
620,2459753.9677199,50.3095203,61.0908668,2,18.207599639892578,0.06546399742364883,59753.467719899956
621,2459753.9657407,50.309549,61.0908134,2,18.020000457763672,0.06565800309181213,59753.46574069979
622,2459753.9637731,50.3095298,61.0908459,2,18.118600845336914,0.06532400101423264,59753.46377310017
623,2459753.961794,50.3095512,61.0908546,2,18.268600463867188,0.07802800089120865,59753.46179400012
624,2459753.9598148,50.3095815,61.0908307,2,18.09079933166504,0.052963998168706894,59753.45981479995
625,2459751.9679977,50.3096336,61.090825,2,18.35919952392578,0.09965500235557556,59751.467997699976
626,2459751.9660301,50.3095759,61.09086,2,18.535400390625,0.10781800001859665,59751.466030099895
627,2459751.9640509,50.3094541,61.0909318,2,18.988000869750977,0.14942599833011627,59751.46405090019
628,2459751.9620833,50.3096273,61.09082,2,18.636899948120117,0.08372899889945984,59751.46208330011
629,2459640.7434954,50.3096403,61.0908426,2,17.9150390625,0.05816200003027916,59640.243495400064
630,2459640.661956,50.3096669,61.0907743,1,19.210899353027344,0.10433299839496613,59640.16195600014
631,2459638.7238657,50.3096736,61.0908457,2,18.10759925842285,0.17338800430297852,59638.223865699954
633,2459636.6788773,50.3096814,61.0907767,1,19.227800369262695,0.1055700033903122,59636.17887730012
635,2459628.6839699,50.309581,61.0907935,1,18.406200408935547,0.10919699817895889,59628.18396990001
636,2459628.6389931,50.3096208,61.0908219,2,18.037399291992188,0.0681840032339096,59628.1389930998
637,2459625.6825231,50.3095943,61.0907881,1,18.627399444580078,0.10261400043964386,59625.18252310017
638,2459625.6425231,50.309597,61.0908279,2,17.993099212646484,0.0558370016515255,59625.142523100134
639,2459623.664919,50.309618,61.0907681,1,18.185300827026367,0.08951599895954132,59623.16491900012
640,2459623.6422338,50.3095885,61.0908387,2,17.991600036621094,0.07381600141525269,59623.14223380014
641,2459600.8092245,50.3096221,61.0908481,2,18.55590057373047,0.08647999912500381,59600.309224499855
642,2459540.8849306,50.3096595,61.0907696,1,18.846559524536133,0.1446249932050705,59540.38493059995
643,2459540.8209375,50.3097503,61.0907422,2,18.209800720214844,0.0754460021853447,59540.32093749987
645,2459537.8943519,50.309619,61.0908599,2,18.407899856567383,0.07675399631261826,59537.39435190009
646,2459532.8873727,50.3095894,61.0908213,2,17.923500061035156,0.04667700082063675,59532.38737270003
647,2459532.7435532,50.3095559,61.090802,1,18.771099090576172,0.13606399297714233,59532.243553199805
648,2459530.8684722,50.3094127,61.0908325,2,19.191099166870117,0.10439000278711319,59530.36847219989
650,2459527.7807523,50.3095289,61.0908471,2,18.685100555419922,0.09753700345754623,59527.28075229982
651,2459527.7398958,50.3094723,61.0907793,1,19.292200088500977,0.1683019995689392,59527.23989580013
652,2459525.8105787,50.3094377,61.0908714,2,19.375999450683594,0.11133699864149094,59525.310578700155
653,2459525.7195139,50.3095644,61.0907294,1,19.708900451660156,0.1550689935684204,59525.21951390011
655,2459523.6415394,50.3096129,61.090876,2,18.472700119018555,0.07719899713993073,59523.14153939998
656,2459521.8105671,50.3094346,61.0907515,1,19.866300582885742,0.15458400547504425,59521.31056710007
657,2459521.7615394,50.3094433,61.0908469,2,18.80430030822754,0.13070400059223175,59521.26153940009
658,2459518.8415509,50.3096557,61.0907537,1,18.753799438476562,0.059539999812841415,59518.341550900135
659,2459518.8310648,50.3095982,61.0908112,2,17.578500747680664,0.03723800182342529,59518.3310647998
660,2459512.8238542,50.3096062,61.0908327,2,17.78890037536621,0.03906799852848053,59512.323854200076
661,2459509.8790046,50.3095013,61.0906845,1,19.322900772094727,0.1884399950504303,59509.37900459999
662,2459509.7647685,50.3095462,61.0908362,2,18.339000701904297,0.07856599986553192,59509.26476849988
663,2459503.949838,50.3096041,61.0907997,1,19.1742000579834,0.12932999432086945,59503.449837999884
664,2459503.8914468,50.309581,61.0908595,2,18.374300003051758,0.06972099840641022,59503.39144679997
665,2459501.9316551,50.3096535,61.0907281,1,19.181699752807617,0.11423099786043167,59501.43165510008
666,2459501.8805324,50.3095165,61.0908416,2,18.621299743652344,0.05473800003528595,59501.38053240022
667,2459497.946088,50.3095522,61.0907929,2,18.89940071105957,0.09425199776887894,59497.4460880002
668,2459497.8928819,50.3096034,61.0907792,1,18.42340087890625,0.0710579976439476,59497.39288190007
669,2459491.740081,50.3096155,61.0908336,2,18.328399658203125,0.08295000344514847,59491.24008100014
670,2459488.8817824,50.3093675,61.0906641,1,19.992599487304688,0.1784999966621399,59488.381782399956
671,2459488.8431713,50.3094848,61.0908295,2,18.89299964904785,0.06873100250959396,59488.3431712999
673,2459484.8906019,50.309488,61.0906769,1,19.41819953918457,0.18452699482440948,59484.39060189994
674,2459484.8486806,50.3095398,61.0908614,2,18.251699447631836,0.08062499761581421,59484.34868060006
675,2459479.9170833,50.309573,61.090882,2,18.298500061035156,0.08187700062990189,59479.417083300184
676,2459479.7250579,50.3094644,61.0908216,1,18.326099395751953,0.12187200039625168,59479.22505789995
677,2459477.8239583,50.3094795,61.0907816,1,18.30139923095703,0.10738799721002579,59477.323958300054
678,2459477.787419,50.309571,61.0908084,2,18.384700775146484,0.08503299951553345,59477.287419000175
679,2459474.8931829,50.3095756,61.0907802,1,17.808500289916992,0.07482200115919113,59474.3931828998
680,2459474.8248495,50.3095657,61.0908191,2,17.466400146484375,0.04311100021004677,59474.324849499855
681,2459472.9246991,50.3096425,61.0907719,1,18.57469940185547,0.08671800047159195,59472.4246991002
682,2459472.88625,50.3095332,61.0908431,2,18.316299438476562,0.05962200090289116,59472.38624999998
683,2459470.9198611,50.3095624,61.090803,2,18.212799072265625,0.08474600315093994,59470.41986110015
684,2459470.8874306,50.3093408,61.0907293,1,19.357799530029297,0.12031599879264832,59470.38743059989
685,2459468.947037,50.3095589,61.0907509,1,18.468700408935547,0.047926001250743866,59468.44703700021
686,2459468.8874421,50.3094571,61.0908573,2,18.4783992767334,0.11035999655723572,59468.38744209986
687,2459466.9260995,50.3095684,61.0907636,1,17.940399169921875,0.040362998843193054,59466.42609950015
688,2459466.8844676,50.3095735,61.0908375,2,17.920000076293945,0.05329899862408638,59466.38446759991
689,2459464.9518519,50.3095311,61.0907258,1,19.03070068359375,0.07668100297451019,59464.4518519002
691,2459464.9000926,50.3094954,61.0908191,2,18.241899490356445,0.09310699999332428,59464.40009259991
692,2459464.9000926,50.3094954,61.0908191,2,18.241899490356445,0.09310699999332428,59464.40009259991
693,2459462.9774074,50.3096863,61.0907248,1,19.14550018310547,0.1460839956998825,59462.47740740003
694,2459462.9042014,50.3095328,61.0908927,2,18.754100799560547,0.08771099895238876,59462.4042014
696,2459460.8682523,50.3094284,61.0908041,2,18.898099899291992,0.10093999654054642,59460.36825230019
697,2459458.8678588,50.3096798,61.0908577,2,18.234399795532227,0.05894799903035164,59458.367858800106
698,2459454.9426042,50.3095991,61.0908421,2,17.6466007232666,0.05118900164961815,59454.44260419998
699,2459454.8940625,50.3095006,61.0907582,1,19.029399871826172,0.14649799466133118,59454.39406249998
702,2459449.9518519,50.3095554,61.0907235,1,19.11479949951172,0.2935529947280884,59449.4518519002
703,2459449.8847222,50.3095762,61.090833,2,18.340999603271484,0.12674500048160553,59449.38472220022
707,2459442.9488773,50.3093724,61.0908782,2,19.157499313354492,0.16542300581932068,59442.448877300136
708,2459439.9743634,50.3096078,61.0908428,2,18.53380012512207,0.06631200015544891,59439.474363400135
709,2459439.9481597,50.3091712,61.0906385,1,19.533100128173828,0.16055600345134735,59439.448159699794
710,2459435.9728588,50.3094871,61.0908721,2,18.39310073852539,0.06582000106573105,59435.47285880009
711,2459435.9295255,50.3094793,61.0907311,1,19.38719940185547,0.13183799386024475,59435.42952550016
712,2459430.9650347,50.3094667,61.090725,1,18.861499786376953,0.11371000111103058,59430.4650347
713,2459430.8889236,50.3095782,61.0908021,2,18.041500091552734,0.0688679963350296,59430.38892359985
714,2459427.9734028,50.3095474,61.0907909,1,18.210100173950195,0.08827800303697586,59427.47340280004
715,2459427.9516667,50.3096172,61.0908151,2,17.47719955444336,0.05660500004887581,59427.45166670019
716,2459424.9492245,50.3096664,61.090727,1,18.836700439453125,0.12973099946975708,59424.449224499986
717,2459424.9095833,50.3095645,61.0908698,2,18.774499893188477,0.10658500343561172,59424.40958329989
718,2459422.9672801,50.309458,61.0907632,1,19.212799072265625,0.15039800107479095,59422.4672801001
719,2459422.9288194,50.3095877,61.0908246,2,18.376300811767578,0.09378799796104431,59422.42881939979
720,2459397.9732407,50.309633,61.0908217,2,17.87579917907715,0.052758000791072845,59397.473240700085
721,2459397.9707176,50.3095713,61.0908086,2,17.818599700927734,0.05563399940729141,59397.47071760008
722,2459397.9681944,50.3095606,61.0908352,2,18.069900512695312,0.07684899866580963,59397.46819439996
723,2459397.9656713,50.3095386,61.0908458,2,18.212600708007812,0.05880799889564514,59397.46567129996
724,2459397.9631481,50.30951,61.0908296,2,17.894500732421875,0.055163998156785965,59397.463148099836
725,2459396.9722569,50.3095545,61.0908273,2,17.94499969482422,0.05888599902391434,59396.47225689981
726,2459396.9697454,50.309608,61.0908199,2,17.78260040283203,0.055771999061107635,59396.469745399896
727,2459396.9672454,50.3095595,61.0908295,2,17.909000396728516,0.04882200062274933,59396.46724539995
728,2459396.9647454,50.3095944,61.0908226,2,18.039499282836914,0.0782179981470108,59396.46474540001
729,2459396.9622454,50.3094855,61.0907554,2,18.475900650024414,0.07524199783802032,59396.462245400064
730,2459395.971875,50.3097458,61.0908255,2,17.834800720214844,0.0606670007109642,59395.471874999814
731,2459395.9697917,50.3096022,61.0908054,2,17.776100158691406,0.06782300025224686,59395.46979170013
732,2459395.9677199,50.3095472,61.090812,2,17.837499618530273,0.06185299903154373,59395.467719899956
733,2459395.9656481,50.309553,61.0908385,2,17.903600692749023,0.05159899964928627,59395.46564809978
734,2459395.9635764,50.3095641,61.0907902,2,17.759199142456055,0.07011900097131729,59395.46357640019
735,2459394.9701042,50.3096724,61.0908167,2,18.002899169921875,0.07956100255250931,59394.470104199834
736,2459394.9681366,50.309505,61.0908302,2,18.098400115966797,0.06543099880218506,59394.46813660022
737,2459394.966169,50.3095965,61.0908505,2,17.875499725341797,0.0579800009727478,59394.46616900014
738,2459394.9642014,50.3096269,61.0907947,2,17.725799560546875,0.0698700025677681,59394.46420140006
739,2459394.9622338,50.3095527,61.0908357,2,17.85810089111328,0.07710099965333939,59394.462233799975
740,2459393.9707407,50.3095672,61.090811,2,17.62660026550293,0.053245000541210175,59393.47074070014
741,2459393.9687731,50.3096256,61.0908277,2,17.847200393676758,0.052218999713659286,59393.46877310006
742,2459393.9668056,50.3095949,61.0908039,2,17.863500595092773,0.07427100092172623,59393.466805600096
743,2459393.964838,50.3096717,61.0908265,2,17.741199493408203,0.048902999609708786,59393.464838000014
744,2459393.9628704,50.3096324,61.0908457,2,17.6471004486084,0.055181000381708145,59393.46287039993
745,2459392.9700231,50.3095434,61.0908451,2,17.762500762939453,0.06545200198888779,59392.4700230998
746,2459392.9680556,50.3096474,61.0908078,2,17.86050033569336,0.060479000210762024,59392.468055599835
747,2459392.966088,50.3095193,61.090768,2,17.899999618530273,0.07574699819087982,59392.46608800022
748,2459392.9641204,50.3095692,61.0908084,2,17.80459976196289,0.06306499987840652,59392.46412040014
749,2459392.9621644,50.3095725,61.0907241,2,17.68400001525879,0.09254900366067886,59392.462164400145
750,2459391.9703009,50.309637,61.0908357,2,17.520599365234375,0.049587998539209366,59391.47030089982
751,2459391.9682755,50.3096089,61.0908273,2,17.378999710083008,0.04735400155186653,59391.468275499996
752,2459391.96625,50.3095965,61.0907903,2,17.38520050048828,0.05629099905490875,59391.466250000056
753,2459391.9642245,50.3095799,61.0908159,2,17.624399185180664,0.053321000188589096,59391.464224500116
754,2459391.9621991,50.3095582,61.0907677,2,17.60449981689453,0.06238999962806702,59391.46219909983
755,2459390.9695718,50.3095823,61.0908345,2,17.843399047851562,0.06351400166749954,59390.46957179997
756,2459390.9675579,50.3095562,61.0908117,2,17.749000549316406,0.06167300045490265,59390.46755790012
757,2459390.9655556,50.3095741,61.0908399,2,17.661100387573242,0.05556999891996384,59390.46555559989
758,2459390.9635417,50.3095486,61.0908136,2,17.55030059814453,0.051747001707553864,59390.46354170004
759,2459390.9615394,50.3096255,61.0907976,2,17.595800399780273,0.047575000673532486,59390.46153939981
761,2459387.9600116,50.3095671,61.0908195,2,17.971599578857422,0.07358500361442566,59387.46001160005
762,2459386.9686574,50.3095773,61.0908143,2,18.08099937438965,0.0647749975323677,59386.46865739999
763,2459386.9666898,50.3095732,61.0908086,2,18.02720069885254,0.05414599925279617,59386.46668979991
764,2459386.9647222,50.3095262,61.090825,2,17.902700424194336,0.06304500252008438,59386.46472219983
765,2459386.9627546,50.3096265,61.090803,2,17.86910057067871,0.052521001547575,59386.462754600216
766,2459386.960787,50.3096336,61.0908073,2,18.000900268554688,0.05806199833750725,59386.460787000135
767,2459296.6645718,50.3096652,61.0907481,2,17.42643928527832,0.05249899998307228,59296.1645717998
768,2459293.683287,50.3095927,61.0908265,2,18.198699951171875,0.07828500121831894,59293.18328699982
769,2459291.6960301,50.3095778,61.0908517,2,18.55500030517578,0.07795800268650055,59291.196030099876
770,2459279.6450231,50.3095338,61.0908614,2,19.023799896240234,0.12174700200557709,59279.14502310008
773,2459274.6513194,50.3095485,61.0906891,1,18.96310043334961,0.16045799851417542,59274.15131939994
774,2459271.7068519,50.309463,61.0907425,1,18.53969955444336,0.12257199734449387,59271.20685190009
775,2459271.664919,50.3097161,61.0907641,2,18.623899459838867,0.10135400295257568,59271.16491900012
776,2459269.6870486,50.3095862,61.0908395,1,18.746000289916992,0.10337000340223312,59269.187048600055
777,2459269.6382523,50.3096497,61.0907881,2,18.63409996032715,0.08539500087499619,59269.13825230021
779,2459265.7216667,50.3096031,61.0908328,2,18.42770004272461,0.07825099676847458,59265.22166670021
782,2459260.7293981,50.3096157,61.090727,2,18.441200256347656,0.0968799963593483,59260.22939810017
783,2459260.6764815,50.3096285,61.0907941,1,18.544300079345703,0.08137699961662292,59260.1764814998
784,2459256.7667593,50.3096317,61.0907978,1,18.388599395751953,0.06239999830722809,59256.26675930014
785,2459256.657338,50.3096388,61.0907831,2,18.368799209594727,0.06070699915289879,59256.1573379999
786,2459254.7118519,50.3096701,61.0908255,1,18.4060001373291,0.059153001755476,59254.21185189998
787,2459254.6781944,50.3096198,61.0907863,2,18.300600051879883,0.051530998200178146,59254.17819439992
788,2459252.7406366,50.309648,61.0908189,1,18.42799949645996,0.07306800037622452,59252.24063660018
789,2459252.683669,50.3096417,61.090784,2,18.31060028076172,0.06763999909162521,59252.18366899993
790,2459250.6974074,50.3096539,61.0907741,1,18.421100616455078,0.05445000156760216,59250.19740739977
791,2459250.6776968,50.3096929,61.0907527,2,18.434900283813477,0.05510599911212921,59250.17769679986
792,2459248.7124306,50.3096313,61.0908143,1,18.372900009155273,0.05162300169467926,59248.21243060008
793,2459248.6769444,50.3096142,61.0907886,2,18.451099395751953,0.08270899951457977,59248.176944400184
794,2459232.7257407,50.309654,61.0908166,1,18.493000030517578,0.06045300140976906,59232.22574070003
795,2459232.6828356,50.3096495,61.0907933,2,18.374099731445312,0.069691002368927,59232.18283559987
796,2459230.7211806,50.3096351,61.0908003,2,19.315399169921875,0.1444610059261322,59230.221180600114
797,2459230.6974769,50.3096715,61.0908317,1,18.809900283813477,0.07574599981307983,59230.19747690018
798,2459228.718588,50.3096196,61.090783,2,19.078399658203125,0.11147899925708771,59228.21858800016
799,2459228.7044444,50.3096976,61.0908323,1,18.850500106811523,0.07380200177431107,59228.204444400035
800,2459226.7455903,50.3095957,61.0907582,2,18.69860076904297,0.08890599757432938,59226.24559029983
801,2459226.719375,50.3096909,61.0907982,1,18.53809928894043,0.06227299943566322,59226.21937499987
802,2459224.8201389,50.3096146,61.0907758,1,18.401399612426758,0.060141999274492264,59224.320138900075
803,2459224.7458218,50.3096665,61.0907892,2,18.483699798583984,0.06382299959659576,59224.24582180008
804,2459222.7833333,50.3096301,61.0908085,1,18.387699127197266,0.05606599897146225,59222.28333330015
805,2459222.7349074,50.3096386,61.0907932,2,18.334400177001953,0.06797099858522415,59222.23490739986
806,2459220.7375694,50.3096176,61.0907739,2,18.326200485229492,0.06750699877738953,59220.23756940011
807,2459220.6971065,50.3096245,61.0908169,1,18.357799530029297,0.05844099819660187,59220.197106500156
808,2459218.7350463,50.3096255,61.0908164,1,18.387399673461914,0.053957000374794006,59218.235046300106
809,2459218.6865509,50.309648,61.0907862,2,18.350000381469727,0.07566700130701065,59218.186550899874
810,2459216.667037,50.3096207,61.0908214,1,18.319499969482422,0.06853099912405014,59216.16703699995
811,2459210.7912847,50.3095948,61.0907794,2,18.301799774169922,0.061911001801490784,59210.291284699924
812,2459210.7224884,50.3096113,61.0907794,1,18.387399673461914,0.07312099635601044,59210.22248840006
814,2459206.7599653,50.3096453,61.0907109,2,18.269100189208984,0.22983099520206451,59206.259965300094
815,2459204.8062616,50.3096627,61.0908117,1,18.325899124145508,0.050112999975681305,59204.306261599995
816,2459204.7869792,50.3096108,61.0907846,2,18.30229949951172,0.06322400271892548,59204.28697919985
817,2459202.7635185,50.3096056,61.0907865,2,18.4335994720459,0.06317300349473953,59202.26351850014
818,2459202.7200116,50.3096385,61.0907693,1,18.36240005493164,0.06801900267601013,59202.22001159983
819,2459200.6820255,50.3096743,61.0908301,1,18.309200286865234,0.0667869970202446,59200.18202550011
820,2459200.619294,50.3095748,61.090822,2,18.247900009155273,0.1387850046157837,59200.11929399986
821,2459198.6603125,50.3096621,61.0908168,1,18.37529945373535,0.053550999611616135,59198.16031249985
822,2459198.6603125,50.3096621,61.0908168,1,18.37529945373535,0.053550999611616135,59198.16031249985
823,2459198.6296528,50.309639,61.090767,2,18.309900283813477,0.055702000856399536,59198.12965280004
824,2459198.6296528,50.309639,61.090767,2,18.309900283813477,0.055702000856399536,59198.12965280004
825,2459194.7258796,50.3096864,61.0907752,1,18.340900421142578,0.061914000660181046,59194.225879599806
826,2459194.6561806,50.3096618,61.0907663,2,18.28420066833496,0.051316000521183014,59194.15618060017
827,2459192.6540278,50.3096694,61.0908282,2,18.256999969482422,0.20708200335502625,59192.154027800076
828,2459189.725463,50.3096492,61.0907853,2,18.31800079345703,0.07616999745368958,59189.225463000126
829,2459189.665,50.3096282,61.0907576,1,18.32979965209961,0.06337500363588333,59189.16500000004
830,2459187.7407292,50.3096123,61.0907729,2,18.3218994140625,0.07120399922132492,59187.24072920019
831,2459187.6366435,50.3096733,61.0907838,1,18.363000869750977,0.05796600133180618,59187.13664350007
832,2459185.734456,50.3096154,61.0907705,2,18.266199111938477,0.06597799807786942,59185.23445599992
833,2459185.6928472,50.3095568,61.0908006,1,18.474199295043945,0.09125600010156631,59185.192847200204
834,2459183.6713194,50.3096307,61.09085,1,18.477100372314453,0.11877399682998657,59183.17131939996
835,2459183.610081,50.3096154,61.0907771,2,18.3257999420166,0.07579100131988525,59183.11008099979
836,2459181.7776505,50.3096275,61.0907283,2,18.43720054626465,0.080035001039505,59181.27765050018
837,2459181.6904167,50.3095897,61.0908097,1,18.314599990844727,0.09501799941062927,59181.19041670021
838,2459179.8235185,50.3096164,61.090769,2,18.31800079345703,0.06944800168275833,59179.3235185002
839,2459179.7544097,50.3096204,61.0907973,1,18.412099838256836,0.06960900127887726,59179.25440970017
840,2459176.8541667,50.3096654,61.0908127,1,18.335399627685547,0.05057299882173538,59176.35416670004
841,2459176.8249769,50.3096052,61.0907928,2,18.34600067138672,0.06862100213766098,59176.32497690013
842,2459172.7555787,50.3096575,61.0908002,1,18.383899688720703,0.055796001106500626,59172.25557869999
843,2459170.7596065,50.3096408,61.0907846,2,18.274499893188477,0.05130999907851219,59170.259606500156
844,2459170.7162731,50.3096374,61.0908024,1,18.342300415039062,0.058111999183893204,59170.216273100115
845,2459168.7813773,50.3096168,61.0907956,2,18.362699508666992,0.05461899936199188,59168.281377300154
846,2459168.7207292,50.3096519,61.0908233,1,18.39109992980957,0.04788599908351898,59168.22072920017
847,2459166.9049884,50.3096532,61.0908278,1,18.4153995513916,0.05226299911737442,59166.40498840017
848,2459166.8009491,50.3096218,61.0907866,2,18.251699447631836,0.07153099775314331,59166.30094909994
849,2459164.9306944,50.3096632,61.090808,1,18.3887996673584,0.04692300036549568,59164.43069439987
850,2459164.8270023,50.3096292,61.0907587,2,18.3085994720459,0.05967500060796738,59164.32700229995
851,2459157.9318634,50.3096733,61.090796,2,18.450700759887695,0.09959899634122849,59157.431863400154
852,2459157.859375,50.3095611,61.090794,1,18.452499389648438,0.08965999633073807,59157.359375
853,2459155.7593866,50.3095827,61.0908061,2,18.32979965209961,0.07875099778175354,59155.259386599995
854,2459155.721956,50.3096023,61.0908297,1,18.287099838256836,0.10315500199794769,59155.2219560002
855,2459153.9024421,50.3095674,61.0907753,1,18.423099517822266,0.08548299968242645,59153.40244209999
856,2459153.8364236,50.3095506,61.090771,2,18.366500854492188,0.07367599755525589,59153.33642360009
857,2459151.8382292,50.3096582,61.0907699,2,18.288700103759766,0.06704200059175491,59151.33822919987
858,2459151.7555903,50.3096434,61.0907752,1,18.308300018310547,0.06729800254106522,59151.255590300076
859,2459149.9721296,50.3096742,61.0907802,1,18.362199783325195,0.06203300133347511,59149.47212960012
860,2459149.8414352,50.3096114,61.0907519,2,18.356399536132812,0.07633800059556961,59149.34143520007
861,2459145.8459491,50.3096315,61.0907878,2,18.26490020751953,0.04813800007104874,59145.345949099865
862,2459145.7840625,50.3096731,61.0908194,1,18.34600067138672,0.047189000993967056,59145.28406250011
863,2459143.8919444,50.30964,61.0908184,1,18.354400634765625,0.05557199940085411,59143.391944400035
864,2459143.8194213,50.3096419,61.0907961,2,18.249099731445312,0.06967499852180481,59143.3194213002
865,2459141.9151505,50.3096514,61.0908085,1,18.327999114990234,0.049042001366615295,59141.4151504999
866,2459141.8389815,50.3096214,61.0907811,2,18.318099975585938,0.0706309974193573,59141.338981499895
867,2459139.8905903,50.3096489,61.0908361,1,18.26110076904297,0.07432600110769272,59139.39059029985
868,2459139.7940972,50.309655,61.0907969,2,18.287799835205078,0.081836998462677,59139.294097200036
869,2459136.9888542,50.3096345,61.0907937,2,18.29599952697754,0.065420001745224,59136.48885420011
870,2459136.8911921,50.3096562,61.0908279,1,18.347000122070312,0.05102499946951866,59136.39119210001
871,2459134.9516898,50.3096229,61.0907698,2,18.352100372314453,0.059213001281023026,59134.45168979978
872,2459134.7807986,50.3096627,61.0908129,1,18.295000076293945,0.056338001042604446,59134.280798600055
873,2459131.845162,50.3096039,61.0908079,1,18.364099502563477,0.0785370022058487,59131.34516200004
874,2459129.9752662,50.3096169,61.0907826,2,18.296600341796875,0.060137998312711716,59129.475266200025
875,2459129.8400579,50.309661,61.090828,1,18.413700103759766,0.06277099996805191,59129.340057900175
878,2459127.8789352,50.3095033,61.0908376,2,18.2810001373291,0.17652399837970734,59127.37893520016
879,2459126.8327431,50.3096668,61.0908094,2,18.390199661254883,0.08661899715662003,59126.33274309989
880,2459125.9079514,50.309617,61.0908361,1,18.452600479125977,0.08371199667453766,59125.40795140015
881,2459125.8248032,50.3095601,61.0908172,2,18.362600326538086,0.07774300128221512,59125.324803200085
882,2459124.7849769,50.3096108,61.0908003,2,18.402000427246094,0.08018399775028229,59124.28497690009
883,2459123.9153588,50.3095874,61.0907999,1,18.48310089111328,0.0955049991607666,59123.415358799975
884,2459123.8368866,50.3096139,61.0907739,2,18.375499725341797,0.08247300237417221,59123.336886600126
885,2459122.8932639,50.3096145,61.0908019,2,18.29490089416504,0.06873100250959396,59122.39326390019
886,2459122.8108449,50.3096126,61.0908262,1,18.33169937133789,0.09563300013542175,59122.31084490009
887,2459121.8144213,50.3096774,61.0908403,1,18.36910057067871,0.07659099996089935,59121.314421299845
888,2459120.7903356,50.3096091,61.0907954,1,18.34000015258789,0.06774599850177765,59120.2903355998
889,2459119.8935069,50.309635,61.090804,2,18.25,0.09844399988651276,59119.39350689994
890,2459119.8541782,50.3096162,61.0908143,1,18.41629981994629,0.06360899657011032,59119.35417820001
891,2459118.7947917,50.30961,61.0907941,2,18.30780029296875,0.0786689966917038,59118.29479169985
892,2459117.8937731,50.3096249,61.0907941,2,18.264400482177734,0.08151499927043915,59117.39377309987
893,2459116.9280093,50.3096361,61.0908045,2,18.327299118041992,0.0864190012216568,59116.42800930003
894,2459116.8938773,50.3096426,61.0907953,2,18.284299850463867,0.060486000031232834,59116.39387729997
895,2459116.8042593,50.3096807,61.0908205,1,18.356300354003906,0.0739549994468689,59116.30425930023
896,2459115.8624653,50.3096487,61.0907798,2,18.289499282836914,0.05520600080490112,59115.36246530013
897,2459113.930544,50.3096253,61.0907798,2,18.315099716186523,0.05227399989962578,59113.43054400012
898,2459113.908125,50.3096207,61.0908168,1,18.308399200439453,0.058952998369932175,59113.408125000075
899,2459112.8950231,50.309644,61.0907988,2,18.29840087890625,0.08059100061655045,59112.39502310008
901,2459110.843044,50.3096339,61.0908285,1,18.21139907836914,0.08324500173330307,59110.34304400021
902,2459107.9371181,50.3096315,61.0907749,2,18.257099151611328,0.05681600049138069,59107.4371181
903,2459107.9075231,50.3096772,61.0908324,1,18.322900772094727,0.07849299907684326,59107.4075230998
904,2459107.0085995,50.3096368,61.0908161,1,18.280799865722656,0.07458800077438354,59106.50859950017
905,2459102.9695023,50.3096963,61.0907544,1,18.20199966430664,0.13707700371742249,59102.469502300024
906,2459102.9240856,50.3096165,61.0907509,2,18.358200073242188,0.1900700032711029,59102.424085599836
907,2459099.8892708,50.3096676,61.0908465,1,18.350799560546875,0.09815700352191925,59099.389270800166
908,2459097.9698264,50.3096248,61.0907805,2,18.30500030517578,0.07749900221824646,59097.469826399814
909,2459097.9294213,50.3096324,61.0907976,1,18.370399475097656,0.08333200216293335,59097.42942130007
910,2459096.9837616,50.3096006,61.0908362,1,18.342199325561523,0.08743300288915634,59096.48376160022
911,2459096.8450231,50.3096113,61.0907909,2,18.31220054626465,0.07938099652528763,59096.3450230998
912,2459095.9070486,50.3096511,61.0907775,2,18.319000244140625,0.06362000107765198,59095.407048599795
913,2459094.8676852,50.309615,61.0908167,2,18.2947998046875,0.08231599628925323,59094.36768520018
914,2459093.9259838,50.3096356,61.0908222,1,18.38920021057129,0.07753799855709076,59093.42598380009
915,2459093.8877083,50.3096037,61.0907771,2,18.337799072265625,0.0770770013332367,59093.38770829979
916,2459092.8708912,50.3096002,61.0907808,1,18.436500549316406,0.09368100017309189,59092.37089119991
917,2459091.9927315,50.3096422,61.0907842,2,18.287399291992188,0.062081001698970795,59091.49273149995
918,2459091.8912731,50.3096178,61.0908012,1,18.382600784301758,0.06948400288820267,59091.39127309993
919,2459090.8821875,50.309601,61.0908219,1,18.363100051879883,0.06469699740409851,59090.38218750013
920,2459089.962662,50.3096191,61.0907738,2,18.317800521850586,0.06947000324726105,59089.46266200021
921,2459089.9023843,50.3096545,61.0907957,1,18.2549991607666,0.06497599929571152,59089.402384299785
922,2459088.9300347,50.3096229,61.0907892,2,18.29450035095215,0.08552700281143188,59088.43003469985
923,2459086.9334722,50.3096241,61.0908087,2,18.261899948120117,0.06776700168848038,59086.43347219983
924,2459085.9806134,50.3096639,61.0907812,2,18.305700302124023,0.06852900236845016,59085.48061340023
925,2459085.9573727,50.3096727,61.090814,1,18.307100296020508,0.06864800304174423,59085.457372699864
926,2459082.9975231,50.3096386,61.0908003,2,18.25860023498535,0.06829699873924255,59082.497523100115
927,2459082.9419444,50.3096721,61.0907393,1,18.230600357055664,0.07419300079345703,59082.44194439985
928,2459082.9011111,50.3096628,61.0908282,1,18.250099182128906,0.08419100195169449,59082.40111109987
929,2459079.9723958,50.3096551,61.0908306,1,18.33169937133789,0.05190199986100197,59079.472395800054
930,2459079.9413079,50.3095922,61.0907997,2,18.171199798583984,0.06652999669313431,59079.44130790001
931,2459075.9690741,50.3096276,61.0908119,2,18.293399810791016,0.08438500016927719,59075.46907409979
932,2459075.9440046,50.3096285,61.0908412,1,18.332799911499023,0.061792999505996704,59075.444004599936
933,2459075.9231019,50.309655,61.0908121,1,18.296199798583984,0.06141199916601181,59075.423101900145
934,2459073.9320255,50.3096112,61.0907994,1,18.360599517822266,0.07830099761486053,59073.43202550011
935,2459073.0011458,50.309625,61.0908001,2,18.32110023498535,0.08270999789237976,59072.50114580011
936,2459072.9834144,50.3096391,61.0907829,2,18.306100845336914,0.057328999042510986,59072.4834143999
937,2459072.9473843,50.3096905,61.0908091,1,18.36910057067871,0.059574998915195465,59072.447384300176
938,2459071.9663773,50.3096615,61.0908121,1,18.331899642944336,0.06012599915266037,59071.46637730021
939,2459069.9737963,50.3096233,61.0907869,2,18.341800689697266,0.05780800059437752,59069.473796300124
940,2459068.967581,50.3096042,61.0908225,1,18.367399215698242,0.06861499696969986,59068.46758100018
941,2459068.9252431,50.3096165,61.0907912,2,18.329700469970703,0.08257900178432465,59068.42524310015
942,2459068.9169676,50.3096274,61.0907815,2,18.380300521850586,0.07064499706029892,59068.41696760012
943,2459065.974294,50.3096337,61.0908295,1,18.408700942993164,0.09765499830245972,59065.47429399984
944,2459065.9458912,50.3096462,61.0907909,2,18.40250015258789,0.06820899993181229,59065.4458912001
945,2459065.9366551,50.3097179,61.0907699,2,18.366899490356445,0.08639399707317352,59065.43665509997
946,2459064.9137384,50.3095987,61.0907986,2,18.34280014038086,0.09091799706220627,59064.41373840021
947,2459062.9932986,50.3096427,61.0907815,2,18.30120086669922,0.060426000505685806,59062.49329859996
948,2459062.9003819,50.3096323,61.0908189,1,18.384899139404297,0.08524200320243835,59062.400381899904
949,2459061.8925347,50.3096393,61.0908053,2,18.3080997467041,0.06275100260972977,59061.39253470022
950,2459060.9956481,50.3096224,61.0908012,1,18.47279930114746,0.08329600095748901,59060.49564810004
951,2459055.9670833,50.3096255,61.0907989,2,18.270700454711914,0.07899799942970276,59055.4670833
952,2459052.9734375,50.3096656,61.0908186,1,18.33289909362793,0.06994300335645676,59052.473437500186
953,2459052.9333796,50.3096425,61.0907832,2,18.280899047851562,0.07259500026702881,59052.433379599825
954,2459049.9517708,50.3096691,61.0908252,1,18.402299880981445,0.046626001596450806,59049.451770800166
955,2459049.9350116,50.3096164,61.0908051,2,18.340099334716797,0.0881429985165596,59049.435011600144
956,2459046.9723032,50.3096615,61.090818,1,18.382600784301758,0.06535500288009644,59046.47230320005
957,2459046.9531597,50.3096246,61.0907887,2,18.282400131225586,0.07299000024795532,59046.45315970015
958,2459040.9708565,50.3096074,61.0907976,1,18.397899627685547,0.08444199711084366,59040.47085649986
959,2458914.6442824,50.3095245,61.0908136,2,18.461200714111328,0.16636499762535095,58914.14428240014
960,2458911.6773611,50.3096407,61.0907689,2,18.585100173950195,0.10238800197839737,58911.17736109998
961,2458904.6821181,50.3096482,61.0907967,2,18.56279945373535,0.1017099991440773,58904.182118100114
962,2458904.6404282,50.3096403,61.0908253,1,18.656299591064453,0.07483000308275223,58904.1404281999
963,2458899.6830903,50.3096626,61.0908411,1,18.771099090576172,0.06373299658298492,58899.18309029983
964,2458899.6151852,50.3096527,61.0907839,2,18.78700065612793,0.08297199755907059,58899.11518519977
965,2458896.702581,50.3096842,61.090795,1,18.815099716186523,0.07274600118398666,58896.20258100005
966,2458896.6314468,50.3096465,61.0907956,2,18.59600067138672,0.08573699742555618,58896.131446800195
967,2458893.6553588,50.3096579,61.0908538,1,19.0,0.09246599674224854,58893.1553588002
968,2458893.6430093,50.3096135,61.0907918,2,18.768600463867188,0.06635700166225433,58893.14300929988
974,2458884.6629398,50.3095104,61.0907536,2,18.397899627685547,0.08685500174760818,58884.16293979995
975,2458884.6552199,50.3095412,61.0907741,2,18.618499755859375,0.13409799337387085,58884.155219899956
976,2458882.6771528,50.3096317,61.0907955,2,18.594200134277344,0.09218300133943558,58882.17715279991
978,2458880.6735532,50.3094828,61.0907845,2,19.206199645996094,0.13729499280452728,58880.17355319997
983,2458874.6792708,50.3093528,61.0907591,1,18.88520050048828,0.14851699769496918,58874.1792708002
986,2458871.6795949,50.3092358,61.0906914,1,19.772499084472656,0.12981800734996796,58871.17959489999
987,2458867.6550347,50.3094988,61.0907873,1,18.487600326538086,0.3021950125694275,58867.15503469994
988,2458867.6156366,50.3095739,61.0907586,2,19.2539005279541,0.19918200373649597,58867.11563660018
989,2458864.6237616,50.30955,61.0906755,1,19.484899520874023,0.1671919971704483,58864.12376159988
990,2458862.7040509,50.3095463,61.090805,2,18.35070037841797,0.06135899946093559,58862.20405089995
991,2458862.6346181,50.3095764,61.0907775,1,17.89229965209961,0.058159999549388885,58862.13461809978
992,2458861.6824306,50.3096914,61.090782,2,18.08769989013672,0.07057899981737137,58861.182430599816
993,2458860.6942593,50.309625,61.0908062,2,18.12459945678711,0.07139299809932709,58860.1942592999
994,2458859.737581,50.3096013,61.090837,2,18.614999771118164,0.11134099960327148,58859.2375810002
995,2458859.6950347,50.3095905,61.0908082,2,17.964399337768555,0.06376200169324875,58859.19503469998
996,2458859.6189236,50.3095452,61.0907739,1,18.755800247192383,0.17464399337768555,58859.11892359983
997,2458856.6743634,50.3095488,61.0908072,2,18.444900512695312,0.07465499639511108,58856.174363399856
998,2458855.7005324,50.3096405,61.0907877,2,17.863399505615234,0.05529500171542168,58855.20053240005
999,2458855.6500463,50.3096483,61.0907336,1,18.452600479125977,0.08855099976062775,58855.15004630014
1000,2458854.6408449,50.3095522,61.0907561,2,18.111000061035156,0.12559500336647034,58854.14084490016
1001,2458853.6602778,50.309533,61.0908033,2,18.494800567626953,0.09627799689769745,58853.16027780017
1002,2458852.6593171,50.3095999,61.0907961,2,17.73150062561035,0.05280200019478798,58852.159317099955
1003,2458852.6358681,50.309539,61.0907528,1,18.587099075317383,0.10744799673557281,58852.135868099984
1005,2458849.6829514,50.309558,61.0908413,2,19.087299346923828,0.10474099963903427,58849.18295140006
1006,2458849.6647801,50.3094835,61.0908524,2,18.70170021057129,0.07900699973106384,58849.164780099876
1007,2458849.6090856,50.3094342,61.090726,1,19.003799438476562,0.10562500357627869,58849.10908559989
1010,2458846.6378819,50.3094377,61.0908053,2,18.709299087524414,0.09765899926424026,58846.137881900184
1012,2458838.7488889,50.3096173,61.0908526,2,18.68440055847168,0.155007004737854,58838.24888890004
1013,2458838.6384144,50.3095914,61.0907066,1,18.65850067138672,0.12765799462795258,58838.138414400164
1014,2458837.7470949,50.3096558,61.0907356,2,18.818099975585938,0.10071899741888046,58837.24709489988
1015,2458837.6343403,50.3096426,61.0908115,1,18.535200119018555,0.05472699925303459,58837.134340300225
1016,2458836.9424537,50.3096179,61.0907961,2,18.707500457763672,0.09095899760723114,58836.44245370012
1017,2458836.6380903,50.3097591,61.0907955,1,18.708799362182617,0.08926200121641159,58836.13809029991
1018,2458835.6413773,50.3093566,61.0906284,1,18.93440055847168,0.23690100014209747,58835.141377300024
1020,2458833.7870139,50.3096593,61.0907573,2,18.80430030822754,0.1401049941778183,58833.2870139
1021,2458833.7147454,50.3096605,61.0907937,2,18.78030014038086,0.1074799969792366,58833.21474540001
1022,2458831.7050463,50.309636,61.0908167,1,18.523000717163086,0.08708000183105469,58831.205046299845
1023,2458831.6412963,50.3095922,61.0907839,1,18.542200088500977,0.1259389966726303,58831.141296300106
1024,2458830.8093866,50.3096042,61.0908162,2,18.6387996673584,0.10527200251817703,58830.30938659981
1025,2458830.7641782,50.3096091,61.0908003,2,18.679000854492188,0.1004360020160675,58830.26417820016
1026,2458830.6941088,50.3095876,61.0908111,1,18.70840072631836,0.12011600285768509,58830.19410880003
1027,2458830.6399884,50.3096401,61.0908335,1,18.6387996673584,0.12445099651813507,58830.13998840004
1032,2458828.6132176,50.3097422,61.0908397,1,18.807100296020508,0.14771300554275513,58828.113217600156
1033,2458827.7687963,50.3097055,61.0908266,2,18.723600387573242,0.10960999876260757,58827.26879630005
1035,2458820.6946991,50.3096386,61.090844,1,18.61009979248047,0.13698700070381165,58820.19469910022
1036,2458820.6840046,50.3096865,61.0908114,1,18.604400634765625,0.10670799762010574,58820.18400460016
1038,2458819.705625,50.3097348,61.0908509,1,19.003299713134766,0.12486200034618378,58819.205624999944
1041,2458812.8249421,50.3096991,61.0908468,1,19.17169952392578,0.09608499705791473,58812.32494209986
1044,2458811.8048032,50.3096292,61.0907657,2,19.66390037536621,0.1898140013217926,58811.304803200066
1045,2458811.7230671,50.3098838,61.0908916,1,19.376399993896484,0.11594899743795395,58811.22306710016
1046,2458806.7029167,50.3096455,61.0908538,1,18.737899780273438,0.09264899790287018,58806.20291669993
1047,2458805.7437847,50.3096413,61.0907829,2,18.683799743652344,0.09060700237751007,58805.243784700055
1048,2458805.7022569,50.309681,61.090839,1,18.678699493408203,0.06914100050926208,58805.20225689979
1049,2458804.7418403,50.3096678,61.090761,2,18.580799102783203,0.0989769995212555,58804.24184030015
1050,2458804.6987037,50.3096512,61.0907628,1,18.52549934387207,0.0950860008597374,58804.19870370021
1051,2458803.8036921,50.3096143,61.0908047,2,18.648700714111328,0.10053899884223938,58803.303692100104
1052,2458803.6997569,50.3096844,61.0908083,1,18.61389923095703,0.10573899745941162,58803.19975689985
1053,2458802.7005093,50.3096474,61.090849,1,18.65060043334961,0.10058800131082535,58802.20050929999
1055,2458801.7564815,50.309705,61.0907901,2,18.983600616455078,0.1568479984998703,58801.25648149988
1056,2458801.7223495,50.3096829,61.0908791,1,18.97209930419922,0.1893710047006607,58801.22234949982
1063,2458795.825625,50.3095937,61.0908308,2,18.90690040588379,0.10752200335264206,58795.325625000056
1064,2458795.7590046,50.3095089,61.0907082,1,19.363500595092773,0.2570030093193054,58795.25900459988
1065,2458794.823912,50.3095943,61.0908154,2,19.01849937438965,0.10025600343942642,58794.32391199982
1068,2458791.862662,50.3094691,61.0907582,2,19.10070037841797,0.1403460055589676,58791.362662000116
1071,2458789.7828241,50.3096498,61.0907906,2,19.023700714111328,0.12125200033187866,58789.282824099995
1073,2458785.7961111,50.3095776,61.0908326,2,18.815500259399414,0.0812079980969429,58785.29611109989
1075,2458779.8220949,50.3095596,61.0908076,2,18.782100677490234,0.08023600280284882,58779.32209490007
1076,2458775.6979861,50.309605,61.0907816,2,18.221200942993164,0.07601200044155121,58775.19798609987
1077,2458772.8687616,50.3096853,61.0908819,2,18.25909996032715,0.1046219989657402,58772.368761599995
1078,2458772.7555787,50.3094892,61.0907718,1,19.00079917907715,0.1701429933309555,58772.25557869999
1079,2458769.9909028,50.3095614,61.0907483,1,18.524799346923828,0.12857000529766083,58769.49090280011
1080,2458769.9569907,50.3096116,61.0907479,2,18.83370018005371,0.08257199823856354,58769.456990700215
1081,2458767.0167014,50.3096209,61.0907923,2,18.797199249267578,0.08459500223398209,58766.516701399814
1082,2458766.9312963,50.3096472,61.0907541,1,19.410900115966797,0.19962699711322784,58766.43129630014
1083,2458763.905,50.3096211,61.090686,1,19.5802001953125,0.19867299497127533,58763.404999999795
1086,2458759.8650463,50.3097233,61.0908187,2,18.723600387573242,0.10962700098752975,58759.365046299994
1087,2458756.9080903,50.3097064,61.0909022,1,19.49799919128418,0.13073299825191498,58756.40809029993
1088,2458750.8744907,50.3090409,61.0909487,1,20.097999572753906,0.23854200541973114,58750.3744907002
1089,2458750.8236806,50.3095452,61.0908622,2,19.313899993896484,0.13980300724506378,58750.32368060015
1096,2458739.0099884,50.3096383,61.0908073,2,19.064199447631836,0.096219003200531,58738.509988400154
1097,2458738.9721875,50.3096093,61.0908997,1,19.31450080871582,0.15796799957752228,58738.47218749998
1098,2458735.9375116,50.309737,61.0908385,1,18.988399505615234,0.08928799629211426,58735.43751160009
1099,2458735.8801389,50.3096036,61.0907963,2,18.898099899291992,0.11654499918222427,58735.38013890013
1100,2458732.9730903,50.3096442,61.0907935,2,19.100200653076172,0.09782899916172028,58732.47309029987
1101,2458732.9259491,50.3096392,61.0908435,1,18.863399505615234,0.09186399728059769,58732.42594909994
1102,2458727.9941088,50.3095954,61.0907874,2,18.739299774169922,0.06786800175905228,58727.494108799845
1103,2458727.9429977,50.3096076,61.0908217,1,18.728599548339844,0.06713400036096573,58727.44299770007
1105,2458724.9910995,50.3096235,61.0907889,2,18.420299530029297,0.0863180011510849,58724.4910995001
1106,2458724.943912,50.3096367,61.0908043,1,18.700199127197266,0.07780499756336212,58724.44391199993
1109,2458718.9664699,50.3095919,61.0907848,2,18.966899871826172,0.09315700083971024,58718.46646990022
1110,2458718.9447454,50.3095507,61.0908731,1,19.0039005279541,0.094309002161026,58718.44474539999
1111,2458715.9533796,50.3095824,61.0908085,2,18.969200134277344,0.09990499913692474,58715.45337959984
1112,2458712.9959722,50.3097229,61.0908149,1,18.791400909423828,0.09365399926900864,58712.49597219983
1113,2458712.9487153,50.3096287,61.0907975,2,18.59709930419922,0.07846300303936005,58712.44871529983
1114,2458709.9738773,50.3096048,61.0908041,1,18.66860008239746,0.11435399949550629,58709.47387730004
1115,2458709.9070023,50.3095969,61.0907976,2,18.861099243164062,0.1001340001821518,58709.407002300024
1116,2458706.9910764,50.309615,61.0907748,2,18.75510025024414,0.06498000025749207,58706.49107640004
1117,2458706.9759375,50.3096703,61.0908054,1,18.697999954223633,0.07898099720478058,58706.47593750013
1118,2458703.9833218,50.3096494,61.0908464,1,18.69879913330078,0.08215799927711487,58703.4833217999
1119,2458703.94625,50.3096202,61.0908025,2,18.6914005279541,0.09184999763965607,58703.44625000004
1120,2458699.9908681,50.3096557,61.0907929,2,19.7632999420166,0.1760919988155365,58699.490868099965
1121,2458699.9621759,50.3098877,61.0907579,1,19.675899505615234,0.1626179963350296,58699.46217590012
1126,2458690.9676042,50.3095548,61.0908008,1,17.90679931640625,0.07931700348854065,58690.46760419989
1127,2458690.909838,50.3096181,61.0907967,2,18.62849998474121,0.08411499857902527,58690.40983799985
1128,2458686.9848611,50.3095136,61.0907542,1,18.822999954223633,0.09991399943828583,58686.48486110009
1129,2458686.93,50.3096123,61.0908015,2,18.417699813842773,0.08630900084972382,58686.43000000017
1131,2458683.9498032,50.3096989,61.0908439,2,18.173200607299805,0.06298500299453735,58683.449803200085
1132,2458680.9876157,50.3096832,61.0907087,1,18.293500900268555,0.0957299992442131,58680.48761569988
1134,2458568.6833102,50.3098015,61.0907802,1,18.558900833129883,0.10786399990320206,58568.183310199995
1135,2458562.6746065,50.3096867,61.0907556,1,18.14699935913086,0.14391900599002838,58562.17460650019
1136,2458562.6239005,50.3096139,61.0907747,2,18.067899703979492,0.0869550034403801,58562.123900500126
1144,2458539.6807523,50.3097372,61.0908217,2,19.058000564575195,0.12470799684524536,58539.18075230019
1145,2458539.6564468,50.3096329,61.0908436,1,19.827899932861328,0.29594799876213074,58539.1564468001
1146,2458538.6390509,50.3096698,61.090808,1,19.17329978942871,0.21074800193309784,58538.139050900005
1147,2458538.6156713,50.3095206,61.0908291,2,19.315200805664062,0.17857299745082855,58538.11567129986
1148,2458534.6809491,50.3092154,61.0908715,1,19.311599731445312,0.27035200595855713,58534.18094909983
1149,2458523.6751505,50.3096164,61.0908152,2,18.9773006439209,0.08996699750423431,58523.175150500145
1150,2458523.6386343,50.309616,61.0908648,1,19.694000244140625,0.21535199880599976,58523.13863429986
1151,2458522.6568519,50.3095133,61.090706,1,19.628799438476562,0.23301899433135986,58522.15685189981
1153,2458514.6205787,50.3095735,61.0907993,2,18.53730010986328,0.0674699991941452,58514.12057870021
1154,2458511.6943519,50.3095067,61.0908302,2,19.128700256347656,0.10186100006103516,58511.1943518999
1156,2458510.7391204,50.3095068,61.0906988,2,19.115999221801758,0.16922500729560852,58510.239120400045
1157,2458510.677662,50.3096719,61.0907596,1,18.667200088500977,0.08357600122690201,58510.17766200006
1159,2458508.720706,50.3096994,61.0907692,2,19.562999725341797,0.1284160017967224,58508.22070599999
1160,2458506.7272685,50.3097004,61.0908065,2,19.119699478149414,0.14558599889278412,58506.22726849979
1161,2458505.6183449,50.3096393,61.0908211,2,18.659400939941406,0.07896800339221954,58505.1183449002
1163,2458495.7416667,50.3096038,61.0907308,1,19.30780029296875,0.14061300456523895,58495.241666700225
1164,2458493.7009722,50.309659,61.0907064,1,19.226600646972656,0.13908900320529938,58493.200972199906
1165,2458493.6408333,50.3096349,61.090824,2,18.795799255371094,0.08076699823141098,58493.14083330007
1170,2458490.7638194,50.3097352,61.0906693,1,19.734899520874023,0.20832499861717224,58490.26381940022
1171,2458490.6761574,50.3096322,61.0907901,2,18.0575008392334,0.06379800289869308,58490.17615740001
1172,2458488.7582407,50.3096089,61.0908208,2,18.389299392700195,0.06862500309944153,58488.25824069977
1174,2458487.7448727,50.3094833,61.0908256,2,19.86910057067871,0.14572900533676147,58487.24487269996
1175,2458487.6568634,50.3096102,61.0907679,1,19.05739974975586,0.13602299988269806,58487.15686339978
1176,2458486.6362963,50.3096199,61.0908016,2,19.913999557495117,0.16906799376010895,58486.13629630022
1178,2458483.6004977,50.3096021,61.0908116,2,18.78689956665039,0.07718999683856964,58483.10049769981
1179,2458481.8190856,50.3095403,61.0907589,2,18.614700317382812,0.0848110020160675,58481.319085599855
1182,2458476.8016319,50.3095085,61.0907957,2,19.166000366210938,0.14936700463294983,58476.301631900016
1184,2458472.7646296,50.3095817,61.0907992,2,18.323200225830078,0.06429900228977203,58472.264629600104
1185,2458471.6562037,50.3096428,61.0907847,2,18.845199584960938,0.1365559995174408,58471.15620370023
1186,2458469.6987384,50.3095657,61.0907813,2,18.22279930114746,0.0880659967660904,58469.19873839989
1187,2458469.6613079,50.3094896,61.0907136,1,18.927000045776367,0.1100120022892952,58469.16130790021
1192,2458465.7294676,50.3095268,61.0907224,1,19.00790023803711,0.12739400565624237,58465.22946760012
1193,2458464.7862384,50.3096151,61.0907504,2,19.75589942932129,0.1586270034313202,58464.2862383998
1194,2458462.8431366,50.3096217,61.0907612,1,18.0049991607666,0.11001899838447571,58462.34313660022
1195,2458462.7828935,50.3096312,61.0908318,2,18.148000717163086,0.07578600198030472,58462.282893499825
1196,2458457.6907639,50.3096791,61.0907568,2,18.54840087890625,0.09404999762773514,58457.19076390006
1198,2458456.7678472,50.3096117,61.0908139,2,18.70639991760254,0.0881119966506958,58456.267847199924
1199,2458456.7141319,50.3095752,61.0909729,2,19.81329917907715,0.16190800070762634,58456.21413190011
1200,2458455.7940046,50.309637,61.0907699,2,18.24650001525879,0.08043800294399261,58455.29400460003
1201,2458455.7662037,50.3096262,61.090796,2,19.07229995727539,0.11334999650716782,58455.2662037001
1202,2458450.906956,50.3095831,61.0907433,1,18.6018009185791,0.20651599764823914,58450.40695599979
1203,2458450.8492245,50.3096112,61.0907801,2,17.963499069213867,0.0551999993622303,58450.34922449989
1204,2458449.8602315,50.3096203,61.0908933,2,18.80229949951172,0.11117299646139145,58449.36023150012
1206,2458443.8600694,50.3096437,61.0907795,2,17.490400314331055,0.049288999289274216,58443.360069400165
1209,2458441.946713,50.309663,61.090746,1,18.576900482177734,0.08679600059986115,58441.44671300007
1210,2458441.8785417,50.3095907,61.0907786,2,18.392000198364258,0.0621270015835762,58441.378541700076
1211,2458438.9000579,50.309548,61.0907523,1,18.052099227905273,0.07969199866056442,58438.40005790023
1212,2458437.9083333,50.3096344,61.0907531,1,18.105300903320312,0.0906519964337349,58437.40833330015
1213,2458437.8079861,50.3096346,61.0907895,2,17.544099807739258,0.042858999222517014,58437.307986100204
1214,2458436.773206,50.3097745,61.0907403,2,16.762800216674805,0.0552080012857914,58436.273206000216
1215,2458436.7384954,50.3094944,61.0907399,1,18.035900115966797,0.07163500040769577,58436.238495400175
1217,2458434.8009722,50.3096399,61.0907825,2,17.71139907836914,0.0555419996380806,58434.3009722
1218,2458434.7760185,50.3097225,61.0907284,1,18.224000930786133,0.07300899922847748,58434.27601849986
1219,2458432.7796991,50.3095897,61.0907795,2,19.062000274658203,0.1082409992814064,58432.27969910018
1221,2458431.7805556,50.3097938,61.0907701,2,18.561599731445312,0.10165400058031082,58431.280555599835
1223,2458430.8973032,50.3096339,61.0907668,1,18.11440086364746,0.08585800230503082,58430.39730319986
1224,2458430.7014468,50.3096018,61.0907976,2,18.186100006103516,0.0646670013666153,58430.20144680003
1225,2458429.8347685,50.3096182,61.0907906,2,18.098899841308594,0.08686400204896927,58429.33476850018
1226,2458429.7392824,50.3094245,61.0906836,1,19.034000396728516,0.10671000182628632,58429.23928239988
1228,2458428.7847569,50.309646,61.0907828,2,17.950199127197266,0.07867100089788437,58428.28475689981
1229,2458427.9002083,50.3096294,61.0906797,1,19.013500213623047,0.11075299978256226,58427.40020829998
1231,2458426.9131597,50.3096491,61.090821,2,18.540800094604492,0.08046899735927582,58426.41315970011
1233,2458425.8644097,50.3096366,61.0907797,1,18.480899810791016,0.11033699661493301,58425.364409700036
1234,2458425.8253704,50.3095689,61.0907941,2,17.94659996032715,0.07423800230026245,58425.32537040021
1235,2458424.8671065,50.309587,61.0906984,1,19.928199768066406,0.20827700197696686,58424.36710650008
1236,2458424.8135995,50.3095986,61.0907673,2,18.86639976501465,0.14419600367546082,58424.313599499874
1237,2458423.8145718,50.3095748,61.0907979,2,18.540800094604492,0.09502000361680984,58423.314571800176
1239,2458397.9280903,50.3096312,61.0907839,2,18.267799377441406,0.06106200069189072,58397.428090299945
1240,2458397.8672338,50.3095359,61.0907372,1,18.722700119018555,0.099542997777462,58397.36723379977
1241,2458391.0194444,50.3095996,61.0907694,2,19.28260040283203,0.13485600054264069,58390.51944439998
1242,2458388.9877546,50.3096035,61.0908082,2,19.619300842285156,0.18047699332237244,58388.48775460012
1243,2458387.0150116,50.3096867,61.0907729,1,18.85409927368164,0.168503999710083,58386.51501160022
1244,2458386.9129282,50.309612,61.0908104,2,18.453500747680664,0.07289600372314453,58386.41292819986
1245,2458385.9710764,50.3095806,61.0907255,1,18.316299438476562,0.08784700185060501,58385.47107640002
1246,2458385.009456,50.3096113,61.0907979,2,17.571300506591797,0.05240499973297119,58384.509455999825
1247,2458384.9959028,50.3096667,61.0907395,1,18.324600219726562,0.0800279974937439,58384.4959028
1248,2458383.9746644,50.3096326,61.0907589,1,18.574499130249023,0.12184099853038788,58383.474664399866
1249,2458383.8877431,50.309605,61.0907616,2,18.164400100708008,0.06253399699926376,58383.38774310006
1250,2458380.9513889,50.3096391,61.0907592,2,18.45240020751953,0.06769400089979172,58380.45138890017
1251,2458378.9194676,50.3095816,61.0907859,2,18.931299209594727,0.059905000030994415,58378.41946760006
1252,2458377.9467361,50.3096492,61.0907753,2,18.317800521850586,0.06515400111675262,58377.44673610013
1253,2458376.9316551,50.3096194,61.0908047,2,19.14389991760254,0.08708100020885468,58376.43165510008
1254,2458375.992581,50.3096483,61.090759,2,19.41629981994629,0.10684400051832199,58375.492581000086
1255,2458375.9553704,50.3097341,61.0909114,1,19.84600067138672,0.10980799794197083,58375.4553704001
1256,2458374.8865046,50.3096019,61.0908163,2,19.304000854492188,0.09580100327730179,58374.386504599825
1257,2458373.9731597,50.3094412,61.0907483,2,20.24920082092285,0.2093300074338913,58373.47315970017
1258,2458372.9937847,50.3096167,61.090771,2,19.10650062561035,0.09725400060415268,58372.493784700055
1259,2458372.9571296,50.3095815,61.090729,1,19.455400466918945,0.1629589945077896,58372.45712959999
1260,2458371.9581019,50.3095977,61.0907851,2,19.5841007232666,0.13097800314426422,58371.45810189983
1261,2458370.9831597,50.3097395,61.0907343,2,19.565900802612305,0.09762900322675705,58370.48315969994
1262,2458370.946169,50.3096298,61.0908534,1,19.333599090576172,0.109436996281147,58370.44616900012
1263,2458369.9081713,50.309619,61.0908121,2,18.31290054321289,0.08233200013637543,58369.408171299845
1264,2458366.923044,50.3096395,61.0908192,1,19.484800338745117,0.12253899872303009,58366.42304399982
1265,2458366.8604977,50.3096243,61.0908379,2,18.0935001373291,0.05610499903559685,58366.36049770005
1266,2458365.9848958,50.3096172,61.0908071,2,17.69849967956543,0.03660700097680092,58365.484895799775
1267,2458365.9006134,50.3095694,61.09078,1,18.181400299072266,0.0657150000333786,58365.400613400154
1268,2458364.9842245,50.3097066,61.0908045,2,18.04450035095215,0.05809599906206131,58364.484224500135
1269,2458363.9359606,50.3096681,61.0907838,2,18.578500747680664,0.08076900243759155,58363.43596060015
1270,2458361.9893403,50.3096224,61.0908067,2,17.67639923095703,0.04480300098657608,58361.489340300206
1271,2458360.9946875,50.3096543,61.0908046,2,18.542699813842773,0.11014600098133087,58360.494687499944
1272,2458358.9525,50.3096283,61.0907933,2,18.392200469970703,0.07328999787569046,58358.45250000013
1273,2458358.0081713,50.3095276,61.090739,2,19.759000778198242,0.16452300548553467,58357.50817129994
1274,2458357.927037,50.3095501,61.0907827,2,18.224000930786133,0.06123699992895126,58357.42703700019
1275,2458355.9641319,50.3096903,61.0907946,2,19.502099990844727,0.13678699731826782,58355.46413190011
1276,2458354.9868287,50.309618,61.0907905,2,18.644399642944336,0.0568230003118515,58354.486828700174
1277,2458354.9554861,50.3096278,61.0908089,2,18.842300415039062,0.08704199641942978,58354.45548610017
1278,2458353.9917708,50.3095444,61.0907918,2,19.711299896240234,0.1571359932422638,58353.4917708002
1279,2458352.9833102,50.3095828,61.0907975,2,19.277299880981445,0.1179800033569336,58352.48331019981
1280,2458351.9831829,50.3096471,61.090761,2,19.199199676513672,0.09059099853038788,58351.48318290012
1281,2458350.903912,50.3095945,61.0907904,2,18.99650001525879,0.07196400314569473,58350.40391199989
