,jd,ra,dec,fid,magpsf,sigmapsf,mjd
0,2461028.5937037,293.9346027,63.2286719,2,19.711626052856445,0.1944696456193924,61028.09370370023
1,2461026.6349537,293.934573,63.2287233,1,19.77090072631836,0.23895899951457977,61026.134953700006
2,2461026.595787,293.9344915,63.2286402,2,19.570899963378906,0.19538499414920807,61026.09578699991
3,2461024.6548727,293.9345562,63.2287047,2,19.802400588989258,0.2514669895172119,61024.154872700106
4,2461024.5983449,293.9346196,63.228682,1,19.750999450683594,0.15926599502563477,61024.09834490018
6,2461022.5952662,293.9345185,63.2286679,2,19.615999221801758,0.156577005982399,61022.09526620014
7,2461020.6545833,293.9347666,63.2286277,1,19.657699584960938,0.21921700239181519,61020.1545833
8,2461020.6394907,293.9345446,63.2287881,1,19.91069984436035,0.2926439940929413,61020.13949069986
9,2461020.6225116,293.9344369,63.2286659,2,19.498600006103516,0.161530002951622,61020.122511600144
11,2461017.6781481,293.9345391,63.2286889,2,19.74049949645996,0.2959449887275696,61017.17814810015
16,2461015.5975347,293.9346799,63.228675,1,19.462099075317383,0.1982630044221878,61015.09753469983
22,2461011.596794,293.9350758,63.2287125,2,19.516300201416016,0.2523849904537201,61011.096793999895
23,2461009.674919,293.934733,63.2286966,1,19.771699905395508,0.25468501448631287,61009.174918999895
24,2461009.5946412,293.9344279,63.2286954,2,19.521299362182617,0.17001600563526154,61009.0946411998
27,2461005.6951273,293.9349525,63.2287678,1,19.63129997253418,0.29879599809646606,61005.19512729999
28,2461005.6221296,293.9344836,63.2287265,2,19.72410011291504,0.20872899889945984,61005.12212960003
29,2461003.601088,293.9343853,63.228655,1,19.861900329589844,0.1754699945449829,61003.101087999996
31,2460990.6573958,293.9345517,63.2287522,1,19.72319984436035,0.15201100707054138,60990.15739580011
32,2460990.5958333,293.9346159,63.2287347,2,19.534299850463867,0.16923899948596954,60990.09583330015
33,2460990.5948843,293.9344295,63.228628,2,19.579999923706055,0.19727100431919098,60990.09488430014
35,2460988.6962847,293.9346314,63.2286446,1,19.7903995513916,0.24146099388599396,60988.196284700185
37,2460988.595706,293.9344436,63.2286741,2,19.805299758911133,0.14249399304389954,60988.09570599999
38,2460986.6746412,293.9344131,63.2287292,2,19.674999237060547,0.2111310064792633,60986.174641199876
39,2460986.6402199,293.9345699,63.2287097,2,19.796300888061523,0.19617600739002228,60986.140219899826
40,2460986.6114931,293.9346239,63.2286507,1,19.88960075378418,0.2367970049381256,60986.11149309995
41,2460986.5997106,293.9344025,63.2287504,1,19.6028995513916,0.18272800743579865,60986.099710599985
50,2460980.6099653,293.9345012,63.2286732,2,19.67959976196289,0.18241100013256073,60980.10996530019
51,2460978.7753125,293.9346287,63.22871,1,19.6033992767334,0.21497699618339539,60978.275312500075
52,2460978.659375,293.9345475,63.2286353,2,19.558500289916992,0.16703200340270996,60978.159374999814
54,2460978.6188194,293.9342716,63.2286836,1,19.763500213623047,0.1701499968767166,60978.1188194002
55,2460976.701412,293.9344151,63.2286891,1,19.584800720214844,0.2016019970178604,60976.20141200023
56,2460976.6999769,293.9346516,63.228685,1,19.455400466918945,0.21042299270629883,60976.19997690013
57,2460976.6367245,293.9344131,63.2286403,2,19.566600799560547,0.13142099976539612,60976.136724499986
58,2460974.7668981,293.9346672,63.2287746,2,19.54159927368164,0.26676398515701294,60974.2668980998
59,2460974.6802315,293.9345186,63.228708,1,19.762399673461914,0.1577419936656952,60974.18023149995
60,2460974.6797454,293.9345248,63.2288114,1,19.80419921875,0.1821810007095337,60974.17974539986
61,2460974.6195949,293.9345016,63.2287513,2,19.84819984436035,0.17556999623775482,60974.11959489994
62,2460972.7878935,293.9345461,63.2284737,1,19.695899963378906,0.2595219910144806,60972.28789350018
63,2460972.6641088,293.9345042,63.2286672,2,19.563400268554688,0.19282400608062744,60972.16410879977
65,2460972.6631713,293.9345721,63.2287234,2,19.9242000579834,0.17328600585460663,60972.1631713002
66,2460972.6379167,293.9344744,63.2285886,1,19.651599884033203,0.1568409949541092,60972.13791669998
67,2460969.7852199,293.9344415,63.228598,2,19.66900062561035,0.17522500455379486,60969.285219899844
68,2460969.759537,293.9344955,63.2287395,2,19.760799407958984,0.16600799560546875,60969.25953700021
70,2460969.7441551,293.9346521,63.2286894,1,19.661500930786133,0.18314799666404724,60969.24415510008
71,2460969.7412616,293.9344929,63.2286416,1,19.769100189208984,0.1692180037498474,60969.24126160005
72,2460967.7832986,293.934648,63.2287195,2,19.643600463867188,0.17829500138759613,60967.2832986
75,2460967.680706,293.9345282,63.2286733,1,19.591999053955078,0.15671700239181519,60967.180705999956
76,2460965.7782986,293.9343636,63.2285274,2,19.708799362182617,0.18943500518798828,60965.27829860011
78,2460965.740544,293.9345997,63.2286121,1,19.792800903320312,0.20577800273895264,60965.240544000175
79,2460960.7656019,293.9347625,63.2287479,1,19.730600357055664,0.21198900043964386,60960.26560189994
80,2460960.7442245,293.9344472,63.2287818,1,19.712200164794922,0.1774740070104599,60960.24422449991
81,2460960.6654514,293.9345292,63.2286795,2,19.627300262451172,0.16844899952411652,60960.16545139998
84,2460957.7597917,293.9345047,63.2287147,1,19.46809959411621,0.2741119861602783,60957.25979170017
86,2460956.6607407,293.934268,63.2287135,2,19.800100326538086,0.19658499956130981,60956.160740700085
91,2460953.6931481,293.9343969,63.2286231,2,19.536800384521484,0.18311700224876404,60953.19314809982
92,2460952.6866667,293.9343769,63.2286571,2,19.787099838256836,0.20068499445915222,60952.18666670006
93,2460951.8408449,293.9346456,63.2287457,1,19.751399993896484,0.25269898772239685,60951.34084489988
94,2460951.665706,293.9345041,63.228594,2,19.621000289916992,0.19912000000476837,60951.165705999825
97,2460949.6547338,293.9345969,63.2285932,2,19.66670036315918,0.14993500709533691,60949.15473379986
98,2460949.6335417,293.9344592,63.2286435,1,19.400800704956055,0.1300020068883896,60949.133541699965
99,2460948.7806366,293.9344881,63.2286753,1,19.989200592041016,0.1676270067691803,60948.28063660022
101,2460943.8253241,293.9347707,63.2287164,1,19.819299697875977,0.18619099259376526,60943.32532409998
102,2460943.8038542,293.934434,63.2287677,1,19.930500030517578,0.18932600319385529,60943.30385420006
103,2460943.7238657,293.9345248,63.2286202,2,19.69529914855957,0.16684399545192719,60943.223865699954
104,2460943.7233796,293.9342663,63.2286414,2,20.175100326538086,0.19531700015068054,60943.22337959986
106,2460941.6959259,293.9344901,63.2286572,2,19.74720001220703,0.1935259997844696,60941.19592589978
107,2460941.6954398,293.9343411,63.2286871,2,20.074100494384766,0.1966640055179596,60941.195439800154
108,2460938.7559375,293.9344726,63.2286659,1,19.875099182128906,0.18441200256347656,60938.255937499925
109,2460938.755,293.9345898,63.2287014,1,20.02440071105957,0.17501500248908997,60938.25499999989
110,2460938.669919,293.9345431,63.2286705,2,19.959800720214844,0.165134996175766,60938.16991900001
111,2460938.6694329,293.9347243,63.2285786,2,19.82069969177246,0.13517099618911743,60938.169432899915
112,2460934.8227431,293.9344058,63.2286976,1,19.73200035095215,0.18590199947357178,60934.322743100114
113,2460934.8053472,293.9344626,63.2287453,1,19.760000228881836,0.17590700089931488,60934.30534720002
115,2460934.7547338,293.9344625,63.2285857,2,19.687700271606445,0.18835300207138062,60934.25473379996
117,2460932.7623727,293.9345042,63.2286388,2,19.71139907836914,0.12405700236558914,60932.26237270003
118,2460932.7084722,293.9345234,63.2287089,2,20.071800231933594,0.18579499423503876,60932.208472200204
119,2460932.6871528,293.9345195,63.2286517,1,19.763399124145508,0.16496799886226654,60932.18715280015
120,2460932.686169,293.9344152,63.2286914,1,19.969999313354492,0.18489499390125275,60932.18616899988
123,2460928.7872685,293.9347213,63.2286052,1,19.94729995727539,0.24686199426651,60928.287268499844
124,2460928.7042593,293.9345324,63.2286662,2,19.730600357055664,0.18246400356292725,60928.20425930014
128,2460926.696088,293.9345681,63.2286093,2,19.646299362182617,0.3219259977340698,60926.1960880002
132,2460924.6566088,293.9345995,63.2285397,2,19.587499618530273,0.18347899615764618,60924.15660879994
135,2460922.9143866,293.9345817,63.2285399,1,20.09709930419922,0.31776899099349976,60922.41438659979
137,2460921.7395949,293.9343824,63.2286962,1,19.888099670410156,0.2081969976425171,60921.23959490005
138,2460920.8663426,293.9345914,63.2285855,2,19.853700637817383,0.1727530062198639,60920.36634259997
139,2460920.7994676,293.9345882,63.2286296,1,19.82080078125,0.20239700376987457,60920.29946759995
140,2460919.8114931,293.9343015,63.2288311,1,20.099199295043945,0.7092509865760803,60919.31149310013
142,2460918.8218403,293.9345823,63.2286154,1,19.869300842285156,0.15977700054645538,60918.321840300225
143,2460918.7141551,293.9345147,63.2285958,2,19.61370086669922,0.16381900012493134,60918.21415509982
144,2460917.791169,293.9342825,63.2286436,1,19.888700485229492,0.17174799740314484,60917.29116899986
145,2460917.7131134,293.9344159,63.2286778,2,20.125,0.18281300365924835,60917.213113400154
146,2460916.7441319,293.9346643,63.2286654,2,19.720699310302734,0.14557699859142303,60916.244131899904
147,2460916.6945255,293.9346033,63.2286602,1,19.841100692749023,0.1774519979953766,60916.19452549983
148,2460914.7779514,293.9344476,63.2286766,1,19.876300811767578,0.15206600725650787,60914.277951399796
149,2460914.7020023,293.9343927,63.2286597,2,20.084299087524414,0.18136799335479736,60914.20200229995
150,2460913.869537,293.9346486,63.2286541,2,19.718799591064453,0.17900200188159943,60913.36953700008
151,2460913.8183796,293.9345497,63.2286204,1,19.84309959411621,0.1772020012140274,60913.31837960007
154,2460910.7846875,293.9344938,63.2286529,2,19.730199813842773,0.146915003657341,60910.28468749998
155,2460910.7440162,293.9344015,63.2287139,1,19.96820068359375,0.19581200182437897,60910.24401619984
156,2460908.8037384,293.9343543,63.2287257,1,20.154199600219727,0.16351599991321564,60908.303738399874
157,2460908.8017824,293.9345362,63.2286625,1,19.901899337768555,0.17637699842453003,60908.30178239988
158,2460908.7386343,293.9346254,63.2286843,2,19.55579948425293,0.13170699775218964,60908.23863429995
159,2460908.7261343,293.934455,63.2286465,2,19.91360092163086,0.16933399438858032,60908.22613430023
160,2460903.7241551,293.934422,63.2286636,1,19.874799728393555,0.16844399273395538,60903.22415510006
161,2460903.7033912,293.9345531,63.2286556,1,19.82670021057129,0.14047600328922272,60903.20339119993
162,2460903.6845139,293.9343568,63.2286875,2,19.935800552368164,0.1702200025320053,60903.18451389996
164,2460901.7231597,293.9344437,63.2286497,1,19.7637996673584,0.1427460014820099,60901.22315970017
165,2460901.7231597,293.9344437,63.2286497,1,19.7637996673584,0.1427460014820099,60901.22315970017
166,2460901.720787,293.9343816,63.2286085,1,19.922700881958008,0.2093140035867691,60901.22078699991
167,2460901.720787,293.9343816,63.2286085,1,19.922700881958008,0.2093140035867691,60901.22078699991
168,2460901.6780903,293.9344707,63.2287732,2,20.07029914855957,0.14228199422359467,60901.178090299945
169,2460901.6771412,293.9346603,63.2286778,2,19.657699584960938,0.14033199846744537,60901.17714119982
170,2460899.7209606,293.9344428,63.2286132,2,19.76959991455078,0.22444400191307068,60899.220960599836
171,2460899.6808218,293.9344983,63.2286485,1,19.56369972229004,0.15232400596141815,60899.18082180014
178,2460895.715,293.9345235,63.2286412,2,19.444700241088867,0.17116999626159668,60895.21499999985
179,2460895.6762963,293.9344749,63.228723,1,19.812000274658203,0.30768901109695435,60895.17629629979
180,2460892.9087616,293.9342761,63.2285153,2,19.760799407958984,0.16912099719047546,60892.40876160003
182,2460891.7995602,293.9344323,63.2287122,2,19.987899780273438,0.24035699665546417,60891.29956019996
183,2460891.7995602,293.9344323,63.2287122,2,19.987899780273438,0.24035699665546417,60891.29956019996
184,2460890.8710764,293.9345857,63.2286436,2,19.680599212646484,0.1221650019288063,60890.371076399926
185,2460890.8187847,293.9346665,63.2286977,1,19.740999221801758,0.15728799998760223,60890.318784699775
187,2460889.7406366,293.9345271,63.2286448,1,19.812700271606445,0.2069150060415268,60889.24063660018
188,2460888.8591667,293.9345643,63.2286831,1,19.82110023498535,0.1418289989233017,60888.35916669993
189,2460888.7857523,293.9345458,63.2286518,2,19.684099197387695,0.14439299702644348,60888.28575230017
190,2460887.8123032,293.9345227,63.2287069,1,19.838699340820312,0.17255799472332,60887.3123031999
192,2460886.8050463,293.9345581,63.2286116,2,19.628000259399414,0.13491100072860718,60886.30504629994
193,2460886.7588889,293.9345275,63.2286267,1,19.73900032043457,0.1626109927892685,60886.258888899814
195,2460885.695081,293.9343901,63.2285849,1,19.912099838256836,0.26866498589515686,60885.195081000216
197,2460884.7220949,293.9344724,63.2286788,1,19.75779914855957,0.16516099870204926,60884.222094899975
198,2460883.7671181,293.934413,63.2286653,2,20.04050064086914,0.14459800720214844,60883.26711810008
200,2460882.8025926,293.9345898,63.22858,2,19.887800216674805,0.16423599421977997,60882.30259260023
201,2460882.7200463,293.9345467,63.2287042,1,19.73240089416504,0.20507200062274933,60882.220046299975
203,2460881.7397685,293.9343706,63.2285762,1,20.083900451660156,0.18946300446987152,60881.239768499974
205,2460880.8009375,293.9345633,63.2286697,1,19.898399353027344,0.15212899446487427,60880.30093749985
206,2460879.8929398,293.9343726,63.2286958,2,20.16790008544922,0.24414600431919098,60879.39293979993
207,2460879.7796412,293.9343805,63.2286897,1,20.074499130249023,0.1679839938879013,60879.27964119986
208,2460878.8438657,293.9345133,63.2286589,1,19.715999603271484,0.1323229968547821,60878.343865700066
209,2460878.7992014,293.9344649,63.2286459,2,19.690500259399414,0.16423499584197998,60878.29920140002
210,2460877.8027199,293.9342143,63.2287322,2,20.130199432373047,0.15866300463676453,60877.30271989992
211,2460877.7649074,293.9343316,63.2287405,1,20.269100189208984,0.2591499984264374,60877.264907400124
212,2460876.8796181,293.9345656,63.2286521,2,19.634199142456055,0.1320119947195053,60876.37961809989
213,2460876.8044097,293.9345279,63.228654,1,19.796499252319336,0.13771100342273712,60876.30440969998
214,2460875.7896412,293.9342796,63.2285426,1,20.138099670410156,0.21011799573898315,60875.2896412001
216,2460873.8062847,293.9346007,63.2286476,2,19.651599884033203,0.2177170068025589,60873.306284700055
217,2460873.7424306,293.9345602,63.2287961,1,19.857200622558594,0.209306001663208,60873.24243059987
219,2460872.7589815,293.9344359,63.2287333,1,20.006200790405273,0.2053149938583374,60872.25898149982
220,2460871.7844444,293.9343379,63.2285455,2,19.601900100708008,0.1887349933385849,60871.28444440011
221,2460871.748912,293.9345464,63.2286915,1,19.859899520874023,0.3118630051612854,60871.2489120001
223,2460870.7200579,293.934424,63.2286862,1,19.976699829101562,0.21327100694179535,60870.220057900064
224,2460869.778831,293.9345244,63.2286357,2,19.56209945678711,0.16252699494361877,60869.278830999974
227,2460868.6989699,293.9342491,63.2286189,1,19.896099090576172,0.3012219965457916,60868.19896990014
230,2460866.7673843,293.9344773,63.2286645,2,19.678300857543945,0.20544299483299255,60866.26738430001
232,2460865.8461227,293.9345085,63.2286065,1,19.575199127197266,0.1839500069618225,60865.34612269979
234,2460864.9251157,293.934373,63.2286412,1,19.907699584960938,0.1532289981842041,60864.42511569988
236,2460863.8037384,293.9344181,63.2285988,2,19.820600509643555,0.17720399796962738,60863.303738399874
237,2460863.7536921,293.934456,63.228659,1,19.669300079345703,0.20192700624465942,60863.253692099825
238,2460862.9083912,293.9344294,63.2286825,1,20.020099639892578,0.21994300186634064,60862.408391200006
240,2460861.926088,293.934585,63.2287029,1,19.753299713134766,0.16516000032424927,60861.42608800018
241,2460861.8653704,293.9345134,63.2286134,2,19.67770004272461,0.1534000039100647,60861.365370399784
242,2460860.9111343,293.9342617,63.2286504,1,19.97330093383789,0.15255700051784515,60860.41113429982
244,2460859.8646644,293.9345669,63.2286429,1,19.805099487304688,0.12408900260925293,60859.3646644
245,2460859.8312731,293.9345396,63.2286289,2,19.642000198364258,0.17524099349975586,60859.33127309987
247,2460858.8638426,293.9342607,63.2287093,1,20.027599334716797,0.20850500464439392,60858.363842600025
248,2460857.860706,293.934618,63.2286302,2,19.77869987487793,0.12932699918746948,60857.36070600012
250,2460857.8225347,293.9345915,63.22862,1,19.71146011352539,0.1481933295726776,60857.322534699924
251,2460857.8225347,293.9345915,63.22862,1,19.71150016784668,0.14819300174713135,60857.322534699924
255,2460855.8488079,293.9345241,63.2287472,2,19.718900680541992,0.18560199439525604,60855.34880790021
256,2460855.7873611,293.9345462,63.2287436,1,19.839500427246094,0.20251399278640747,60855.28736109985
257,2460854.8567361,293.9345604,63.228719,2,19.947799682617188,0.16079400479793549,60854.35673609981
258,2460854.8048843,293.934295,63.2286288,1,20.00429916381836,0.17809699475765228,60854.3048843001
259,2460853.8478819,293.9345801,63.2286182,2,19.70216941833496,0.14533352851867676,60853.34788190015
260,2460853.8478819,293.9345801,63.2286182,2,19.702199935913086,0.14533400535583496,60853.34788190015
261,2460853.8329167,293.9345306,63.228663,1,19.776100158691406,0.15191799402236938,60853.332916699816
262,2460852.8691551,293.9343147,63.2287015,1,19.878599166870117,0.2066739946603775,60852.36915510008
263,2460852.8437384,293.9344533,63.2287431,2,20.152799606323242,0.23581500351428986,60852.34373839991
264,2460852.8437384,293.9344533,63.2287431,2,20.152799606323242,0.23581500351428986,60852.34373839991
265,2460851.8477315,293.9345776,63.2285944,2,19.711000442504883,0.15909799933433533,60851.34773149993
266,2460851.808125,293.9345683,63.2286261,2,19.715299606323242,0.14891000092029572,60851.30812499998
267,2460850.8692361,293.9344783,63.2287513,2,19.931699752807617,0.13149000704288483,60850.3692361
268,2460850.8427778,293.9343153,63.2286108,2,20.119800567626953,0.18104399740695953,60850.342777799815
269,2460848.9499884,293.9344443,63.2284358,2,19.854000091552734,0.27922001481056213,60848.4499884001
270,2460848.8559144,293.934575,63.2286647,1,19.684799194335938,0.2138410061597824,60848.35591439996
272,2460847.7398611,293.9346997,63.2288057,1,20.005699157714844,0.33807700872421265,60847.23986109998
274,2460845.7441435,293.9343569,63.2286215,1,19.91309928894043,0.19720399379730225,60845.24414349999
276,2460843.8064236,293.9346193,63.2286218,1,19.936986923217773,0.20044949650764465,60843.30642359983
277,2460843.8064236,293.9346193,63.2286218,1,19.937000274658203,0.20044900476932526,60843.30642359983
278,2460843.8021759,293.9345804,63.2286122,1,19.555200576782227,0.12844499945640564,60843.30217589997
282,2460840.7376852,293.9344137,63.2286413,1,19.87019920349121,0.1797019988298416,60840.23768519983
283,2460840.7371991,293.9344817,63.2286729,1,19.854900360107422,0.17955100536346436,60840.2371991002
286,2460838.8813657,293.934437,63.2284771,2,19.67889976501465,0.2395939975976944,60838.38136570016
288,2460836.9273958,293.9343389,63.2284691,1,19.89080047607422,0.23530100286006927,60836.42739580013
290,2460836.8592014,293.9345183,63.2285596,2,19.500200271606445,0.17628000676631927,60836.359201400075
292,2460834.9516782,293.9342901,63.2287426,2,20.069400787353516,0.13620899617671967,60834.45167820016
293,2460834.9318866,293.9345943,63.2286795,1,19.785200119018555,0.16951900720596313,60834.431886599865
294,2460834.8888194,293.9343517,63.22861,1,19.749500274658203,0.16933000087738037,60834.38881940022
295,2460834.8441088,293.9345136,63.2285869,2,19.643699645996094,0.15421800315380096,60834.34410879994
296,2460832.9310764,293.9343182,63.2287706,2,20.2549991607666,0.1603969931602478,60832.43107639998
297,2460832.9305787,293.9345758,63.2286489,2,19.806699752807617,0.12947100400924683,60832.4305786998
298,2460832.9056829,293.9345213,63.2286958,1,19.808500289916992,0.15463699400424957,60832.40568289999
299,2460832.8893866,293.9344327,63.228561,1,20.02090072631836,0.19131000339984894,60832.38938659988
300,2460830.9122569,293.9344785,63.2287507,1,20.011600494384766,0.18734300136566162,60830.41225690022
302,2460829.866713,293.9345024,63.2286596,1,19.73040008544922,0.20820599794387817,60829.366712999996
303,2460829.8216898,293.9345265,63.228589,2,19.64780044555664,0.1555899977684021,60829.321689799894
304,2460829.8216898,293.9345265,63.228589,2,19.64780044555664,0.1555899977684021,60829.321689799894
307,2460824.9502662,293.9345685,63.228617,2,19.725200653076172,0.10475599765777588,60824.45026620012
308,2460824.915081,293.9345464,63.2286534,1,19.890100479125977,0.1520950049161911,60824.415080999956
309,2460823.886412,293.9339902,63.2286729,1,20.12820053100586,0.1648939996957779,60823.38641199982
311,2460822.9426157,293.9345576,63.2286587,1,19.799999237060547,0.144569993019104,60822.442615699954
312,2460822.8823958,293.9345115,63.2285639,2,19.615100860595703,0.22494399547576904,60822.3823958002
314,2460820.9040278,293.9346046,63.2286103,2,19.724599838256836,0.1491820067167282,60820.404027800076
315,2460820.8900694,293.9345215,63.2286799,1,19.92620086669922,0.2124740034341812,60820.39006939996
316,2460820.8854282,293.9342564,63.2286924,1,19.850400924682617,0.1381330043077469,60820.38542820001
317,2460820.8854282,293.9342564,63.2286924,1,19.850400924682617,0.1381330043077469,60820.38542820001
318,2460818.9492593,293.9345214,63.2286353,1,19.81839942932129,0.15591900050640106,60818.449259299785
320,2460818.9013426,293.9344992,63.2285758,2,19.739299774169922,0.12842699885368347,60818.40134260012
321,2460818.863669,293.9342125,63.2286429,1,20.08139991760254,0.14249800145626068,60818.3636690001
323,2460816.9329977,293.9344513,63.2285729,2,19.9237003326416,0.20821599662303925,60816.43299769983
324,2460816.8737153,293.9344746,63.2286681,1,20.05769920349121,0.226173996925354,60816.37371530011
325,2460816.8722569,293.934561,63.2286253,1,19.836599349975586,0.16011999547481537,60816.372256900184
326,2460811.9232639,293.934454,63.2289059,1,20.00790023803711,0.229763001203537,60811.42326389998
327,2460810.9699074,293.9346109,63.2286551,1,19.92690086364746,0.22509700059890747,60810.4699074002
335,2460804.988287,293.9345,63.228666,2,20.18709945678711,0.2978670001029968,60804.488286999986
336,2460804.9739005,293.934415,63.2286078,1,20.173799514770508,0.21095800399780273,60804.47390050022
337,2460803.9362269,293.9342859,63.2287006,1,19.84600067138672,0.19199900329113007,60803.4362269002
338,2460802.9714005,293.9345721,63.2286484,2,20.16069984436035,0.22896000742912292,60802.47140049981
339,2460797.9471875,293.9340996,63.2286611,1,20.12420082092285,0.22736699879169464,60797.447187500075
341,2460796.9652083,293.9346302,63.2286647,1,19.999399185180664,0.17230699956417084,60796.465208299924
342,2460796.9415856,293.9345338,63.2286882,2,19.926700592041016,0.17750899493694305,60796.44158559991
344,2460795.8745255,293.934444,63.2287337,1,20.2185001373291,0.24867700040340424,60795.374525499996
346,2460789.9512384,293.9341124,63.2286051,1,20.46380043029785,0.2608399987220764,60789.45123839984
349,2460786.9751852,293.9345678,63.2286488,1,20.12310028076172,0.2625660002231598,60786.475185200106
350,2460786.9496296,293.9345867,63.2286236,2,20.056400299072266,0.18313899636268616,60786.44962960016
352,2460785.8223843,293.9342346,63.2286882,1,20.093000411987305,0.30108898878097534,60785.322384300176
353,2460785.8223843,293.9342346,63.2286882,1,20.093000411987305,0.30108898878097534,60785.322384300176
358,2460775.9899537,293.93451,63.2286757,1,20.019899368286133,0.2254589945077896,60775.48995369999
365,2460771.9944792,293.9345045,63.2287242,1,20.271699905395508,0.2770400047302246,60771.49447919987
373,2460758.0128472,293.9346488,63.2286398,2,20.10260009765625,0.2090959995985031,60757.512847200036
394,2460579.7403704,293.9346041,63.2287328,2,20.131990432739258,0.20562031865119934,60579.240370399784
402,2460576.696713,293.9344596,63.2286089,2,19.985000610351562,0.18320100009441376,60576.19671300007
408,2460575.6639931,293.9345787,63.2286362,1,20.29360008239746,0.18763600289821625,60575.16399310017
413,2460568.8416782,293.9346297,63.2286208,2,19.96150016784668,0.24879899621009827,60568.341678199824
415,2460568.7666898,293.9345449,63.2286771,1,20.15489959716797,0.2778170108795166,60568.26668980019
430,2460558.803044,293.9346104,63.2285542,2,20.1033992767334,0.23416300117969513,60558.303044000175
431,2460558.7645139,293.9347292,63.2286379,1,20.320999145507812,0.29792100191116333,60558.26451390004
442,2460552.8025231,293.9347142,63.2287042,1,20.525699615478516,0.28070899844169617,60552.30252309982
445,2460550.7822106,293.9345723,63.2286976,1,20.52120018005371,0.28584200143814087,60550.2822106001
446,2460550.7464583,293.9345166,63.2286148,2,20.162399291992188,0.20920200645923615,60550.246458299924
449,2460548.8052778,293.9346102,63.228677,1,20.295400619506836,0.2951889932155609,60548.30527780019
465,2460538.7314583,293.9346431,63.2285283,2,20.16080093383789,0.2631320059299469,60538.23145829979
472,2460531.8106134,293.9344746,63.2285288,1,20.40369987487793,0.29075101017951965,60531.31061339984
473,2460531.7612384,293.9345697,63.2285853,2,19.909000396728516,0.19000500440597534,60531.26123839989
476,2460529.7625116,293.9345976,63.2285991,2,19.886030197143555,0.18293841183185577,60529.26251159981
477,2460529.7625116,293.9345976,63.2285991,2,19.88599967956543,0.18293799459934235,60529.26251159981
478,2460529.7625116,293.9345976,63.2285991,2,19.88599967956543,0.18293799459934235,60529.26251159981
482,2460527.7995949,293.9346102,63.228674,1,20.24650001525879,0.25081101059913635,60527.299594900105
483,2460527.7598032,293.9344723,63.2286149,2,19.89929962158203,0.14408500492572784,60527.25980320014
484,2460527.7598032,293.9344723,63.2286149,2,19.89929962158203,0.14408500492572784,60527.25980320014
487,2460525.7823148,293.9344649,63.2285954,2,20.192699432373047,0.2064179927110672,60525.28231480019
491,2460521.8613426,293.9347121,63.2286506,1,20.383399963378906,0.2943960130214691,60521.36134260008
497,2460519.8600463,293.934625,63.2285661,2,20.235599517822266,0.24719299376010895,60519.360046300106
517,2460507.8640278,293.9345098,63.2285608,2,20.043800354003906,0.15378400683403015,60507.36402780004
522,2460504.8278472,293.9346959,63.2286861,1,20.390499114990234,0.28857100009918213,60504.32784719998
529,2460500.8468056,293.9345739,63.2285695,1,20.22760009765625,0.20802100002765656,60500.346805599984
532,2460494.8413773,293.9346412,63.2286184,2,19.919700622558594,0.19609799981117249,60494.34137730021
534,2460494.8085648,293.9341879,63.228668,1,20.303300857543945,0.23083099722862244,60494.30856479984
538,2460490.849838,293.9346016,63.2285936,1,20.19860076904297,0.2030699998140335,60490.34983799979
539,2460490.8483796,293.9342962,63.2286927,1,20.500999450683594,0.2665939927101135,60490.34837959986
555,2460479.9327315,293.9346061,63.2286743,1,20.41659927368164,0.24968700110912323,60479.432731499895
558,2460479.8185301,293.934574,63.228549,2,20.13990020751953,0.3393630087375641,60479.31853009993
559,2460476.9506944,293.9346165,63.2286287,2,19.97010040283203,0.1509920060634613,60476.450694399886
561,2460476.8830671,293.9346181,63.2286117,1,20.293899536132812,0.21046599745750427,60476.38306709984
564,2460473.9296875,293.9345811,63.2285748,1,20.338699340820312,0.19518400728702545,60473.4296875
565,2460473.8830324,293.9345962,63.22862,2,20.094600677490234,0.1889989972114563,60473.38303240016
570,2460470.9143634,293.9337773,63.2287045,1,20.63159942626953,0.3562290072441101,60470.41436340008
572,2460468.9287153,293.9346174,63.228689,1,20.440900802612305,0.21713200211524963,60468.428715299815
574,2460468.8874306,293.9344,63.2285563,2,20.055999755859375,0.13180199265480042,60468.38743059989
578,2460463.8218519,293.9346694,63.2285571,1,20.39150047302246,0.29550701379776,60463.32185189985
579,2460461.9313657,293.9346488,63.2285753,1,20.38330078125,0.28227901458740234,60461.43136569997
583,2460459.9443634,293.9345423,63.2286534,1,20.18549919128418,0.21112099289894104,60459.444363399874
584,2460459.9094097,293.9344457,63.2285501,2,20.09510040283203,0.15042899549007416,60459.40940969996
588,2460456.8858218,293.9344953,63.2286274,2,20.114599227905273,0.28331899642944336,60456.38582180021
594,2460449.9361806,293.9345596,63.2285832,1,20.153600692749023,0.2451860010623932,60449.436180599965
595,2460449.9342593,293.9340701,63.2286198,1,20.664400100708008,0.27150699496269226,60449.43425930012
598,2460447.9234722,293.9345673,63.2286672,1,20.181299209594727,0.18348099291324615,60447.423472200055
600,2460447.8709028,293.9345526,63.2285694,2,20.046600341796875,0.23337699472904205,60447.3709028
604,2460444.9311574,293.9345389,63.2285703,2,20.254100799560547,0.1822430044412613,60444.4311573999
605,2460443.9274537,293.9340674,63.2287676,1,20.292800903320312,0.2648879885673523,60443.42745369999
607,2460442.9648611,293.9344926,63.2286431,1,20.148399353027344,0.19682300090789795,60442.464861100074
613,2460438.9454977,293.9344815,63.2287273,1,20.274499893188477,0.24935099482536316,60438.44549770001
616,2460438.9057755,293.9345915,63.2286487,2,20.060300827026367,0.1646919995546341,60438.405775499996
618,2460437.9715509,293.9344635,63.2285847,1,20.28339958190918,0.2573170065879822,60437.47155090002
620,2460437.9111111,293.9344277,63.2286448,2,19.881399154663086,0.16300199925899506,60437.41111110011
625,2460436.9671991,293.9345789,63.2286677,2,20.016199111938477,0.22359099984169006,60436.46719910018
627,2460436.9289699,293.9344437,63.2285822,1,20.130300521850586,0.21443599462509155,60436.428969900124
629,2460434.9732755,293.9346308,63.2286273,2,20.21940040588379,0.17409099638462067,60434.473275499884
635,2460431.8565625,293.934548,63.2286627,1,20.164499282836914,0.19246399402618408,60431.35656249989
636,2460429.9786806,293.9343349,63.2286681,1,19.93720054626465,0.21707500517368317,60429.47868059995
637,2460429.8846644,293.9345777,63.2285875,2,20.151199340820312,0.29673200845718384,60429.384664400015
645,2460420.9748148,293.9344535,63.2286675,1,20.15570068359375,0.18841400742530823,60420.47481480008
646,2460420.9054051,293.9345614,63.2286356,2,19.896400451660156,0.2693119943141937,60420.40540509997
650,2460407.9743519,293.9345264,63.2286376,1,20.20210075378418,0.21762800216674805,60407.474351900164
653,2460403.9971296,293.9345013,63.2286031,2,19.99650001525879,0.18144600093364716,60403.49712960003
654,2460403.9526389,293.9342173,63.2287418,1,20.185699462890625,0.2881540060043335,60403.45263889991
667,2460389.9564583,293.9344725,63.2286447,1,20.068500518798828,0.2826470136642456,60389.45645829989
671,2460250.6401157,293.9345853,63.2286838,1,20.149553298950195,0.21629682183265686,60250.1401157002
672,2460250.6190509,293.9348092,63.2286837,2,19.872600555419922,0.18603800237178802,60250.119050899986
683,2460239.6753125,293.9346973,63.2286751,1,20.025400161743164,0.2653599977493286,60239.17531249998
691,2460235.6576273,293.9341806,63.2287966,1,20.398099899291992,0.2611910104751587,60235.157627299894
699,2460231.6778472,293.9346166,63.2285658,1,20.292699813842773,0.260917991399765,60231.17784720007
702,2460228.7270139,293.9347414,63.2287266,1,20.205699920654297,0.2543320059776306,60228.227013899945
704,2460227.7183449,293.9343189,63.2285825,1,20.13789939880371,0.2883929908275604,60227.218344899826
707,2460226.7029167,293.9346159,63.22862,1,20.315099716186523,0.23134499788284302,60226.20291669993
711,2460223.6578009,293.9345637,63.2286302,1,20.41469955444336,0.2801640033721924,60223.15780089982
712,2460222.6744097,293.9346711,63.2285556,1,20.20199966430664,0.232681006193161,60222.17440970009
718,2460207.8009144,293.9343843,63.2286422,2,20.10141372680664,0.21004143357276917,60207.30091439979
720,2460206.7430324,293.9343586,63.2286304,1,20.33919906616211,0.215488001704216,60206.24303240003
723,2460205.68375,293.9346154,63.2286314,2,20.086299896240234,0.17629599571228027,60205.18374999985
724,2460204.7272685,293.9340572,63.2287419,1,20.3174991607666,0.20675699412822723,60204.22726849979
726,2460203.8714699,293.9347502,63.2286394,1,20.190099716186523,0.23350200057029724,60203.37146990001
727,2460203.7218981,293.9344158,63.2285315,2,20.01460075378418,0.17382700741291046,60203.22189809987
728,2460202.6984954,293.9343113,63.2286764,1,20.286300659179688,0.2529500126838684,60202.19849540014
730,2460201.7217014,293.9345135,63.2286634,1,20.175399780273438,0.22314700484275818,60201.22170139989
731,2460201.6791319,293.9344428,63.2285963,2,19.981599807739258,0.16797800362110138,60201.17913189996
737,2460195.825,293.9346451,63.2287404,1,20.092300415039062,0.22945700585842133,60195.325000000186
741,2460193.827037,293.9345699,63.2286252,1,20.237600326538086,0.282723993062973,60193.3270370001
744,2460191.7044329,293.9346863,63.22865,1,20.257200241088867,0.23382100462913513,60191.204432900064
756,2460183.8693866,293.934473,63.2286449,2,20.15130043029785,0.23347100615501404,60183.369386599865
758,2460181.8252894,293.9346425,63.2285668,1,20.432100296020508,0.23874400556087494,60181.32528939983
759,2460181.7748148,293.9346175,63.2286804,2,20.165300369262695,0.27747899293899536,60181.274814799894
763,2460179.7213773,293.9342663,63.2286694,1,20.513599395751953,0.3212459981441498,60179.2213773001
764,2460174.8512384,293.9346326,63.228637,1,20.06279945373535,0.1907700002193451,60174.35123840021
771,2460171.7629398,293.9344881,63.2285746,2,19.965700149536133,0.13920600712299347,60171.26293980004
774,2460169.8221528,293.9346623,63.2286151,2,20.016300201416016,0.17660599946975708,60169.32215279993
780,2460162.720544,293.9340601,63.228662,1,20.469900131225586,0.2990809977054596,60162.220544000156
783,2460160.8046528,293.9347458,63.2286739,1,19.98390007019043,0.2450760006904602,60160.30465279985
792,2460152.8470023,293.9347824,63.2286772,1,20.303199768066406,0.20957499742507935,60152.34700229997
793,2460152.7451505,293.9345587,63.2286098,2,20.208099365234375,0.24136899411678314,60152.24515049998
798,2460148.7883912,293.9345517,63.2286759,1,20.136199951171875,0.22683300077915192,60148.288391199894
799,2460148.7687384,293.93463,63.2286513,2,20.08370018005371,0.21059399843215942,60148.26873840019
802,2460146.8502546,293.9345691,63.2286531,2,20.138500213623047,0.27264899015426636,60146.350254599936
813,2460140.8685648,293.934603,63.228534,1,20.533700942993164,0.26035401225090027,60140.368564799894
819,2460137.8636343,293.934295,63.228644,1,20.587400436401367,0.30423998832702637,60137.36363429995
824,2460134.9541551,293.9345783,63.2285484,2,20.35650062561035,0.25929901003837585,60134.454155100044
836,2460124.9449884,293.934668,63.2285851,2,20.220500946044922,0.19342400133609772,60124.44498840021
859,2460110.8605556,293.9344955,63.2286092,1,20.396400451660156,0.20023800432682037,60110.36055559991
885,2460087.9335301,293.9346996,63.2285392,1,20.44879913330078,0.21624700725078583,60087.433530100156
887,2460087.9102083,293.9345244,63.2285291,2,20.452999114990234,0.23490199446678162,60087.41020830022
898,2460079.921169,293.9346767,63.2286224,2,20.12179946899414,0.21274100244045258,60079.42116900021
901,2460077.9442824,293.9345181,63.2285979,2,20.342300415039062,0.23559199273586273,60077.444282399956
909,2460065.947419,293.9347638,63.2286289,1,20.131099700927734,0.30370500683784485,60065.44741899986
919,2460058.9779051,293.9345945,63.2286275,1,20.274900436401367,0.18975800275802612,60058.47790510021
923,2460056.9776968,293.9346545,63.2286779,2,20.131999969482422,0.20985600352287292,60056.47769680014
929,2460054.9013426,293.934567,63.2285905,2,20.079299926757812,0.21770399808883667,60054.40134260012
935,2460046.9791319,293.934585,63.2285909,1,20.41230010986328,0.47855299711227417,60046.479131899774
947,2459995.015625,293.9347193,63.2286204,2,19.96377182006836,0.20265798270702362,59994.515625
948,2459905.6193171,293.9345756,63.2286608,1,19.626113891601562,0.21412482857704163,59905.11931709992
949,2459904.6394097,293.9342996,63.2287031,1,19.935199737548828,0.2557480037212372,59904.13940969994
950,2459904.6032755,293.9344804,63.228683,2,20.120399475097656,0.22531400620937347,59904.10327549977
951,2459903.6389005,293.9344197,63.2285495,2,19.909700393676758,0.24103300273418427,59903.13890049979
952,2459902.6818866,293.934456,63.2285859,1,19.838699340820312,0.26151901483535767,59902.181886599865
958,2459898.7504514,293.934691,63.2286451,2,19.993999481201172,0.21052299439907074,59898.250451399945
959,2459898.6132176,293.9346952,63.2287618,1,19.961200714111328,0.18184499442577362,59898.113217600156
960,2459898.6122569,293.9343789,63.2286474,1,19.899700164794922,0.18135599792003632,59898.11225689994
962,2459896.6540394,293.9341345,63.2286292,1,20.159400939941406,0.3020319938659668,59896.154039400164
963,2459896.6160417,293.9346732,63.2287252,2,19.914899826049805,0.20161999762058258,59896.11604169989
964,2459896.6146065,293.9344216,63.2288567,2,19.965599060058594,0.23873299360275269,59896.11460650014
972,2459889.6993056,293.9343385,63.2287258,2,19.455299377441406,0.21517999470233917,59889.19930560002
974,2459887.6597917,293.9344102,63.2286037,1,19.953399658203125,0.35868701338768005,59887.159791700076
977,2459883.6599306,293.9343995,63.2285823,1,19.92799949645996,0.18929800391197205,59883.15993059985
978,2459883.6579167,293.9344285,63.2285813,1,20.075899124145508,0.2967720031738281,59883.1579167
983,2459881.6346181,293.9344343,63.2286947,1,19.874900817871094,0.1974879950284958,59881.13461809978
984,2459881.6210648,293.9345227,63.2286305,1,20.258399963378906,0.20625600218772888,59881.12106479984
985,2459879.7703125,293.9347151,63.2286902,2,19.879600524902344,0.20100900530815125,59879.270312500186
986,2459879.744375,293.9345958,63.2286925,1,20.01289939880371,0.21464599668979645,59879.24437499978
987,2459879.7419792,293.9345904,63.2286582,1,19.669599533081055,0.18995900452136993,59879.24197919993
988,2459879.6205324,293.9343957,63.2287328,2,20.04640007019043,0.1759990006685257,59879.120532399975
989,2459877.7402083,293.9345805,63.2287084,1,20.037099838256836,0.21972599625587463,59877.24020829983
991,2459877.665706,293.9345588,63.228614,2,19.651899337768555,0.1374489963054657,59877.165705999825
993,2459874.6813079,293.9346776,63.2286093,1,19.874099731445312,0.12804700434207916,59874.18130790023
994,2459874.6808102,293.9342901,63.2286661,1,20.02549934387207,0.16670900583267212,59874.18081020005
995,2459874.6566782,293.9345807,63.228565,2,19.78569984436035,0.16437199711799622,59874.15667819977
997,2459872.6743403,293.9345172,63.2285764,1,19.968599319458008,0.19680599868297577,59872.174340299796
998,2459872.6733912,293.9345179,63.2287025,1,19.99810028076172,0.20090000331401825,59872.17339120014
1000,2459870.7209838,293.9343442,63.2286694,2,19.898099899291992,0.21951299905776978,59870.22098380001
1002,2459870.6384954,293.9344118,63.2286188,1,19.965700149536133,0.16953599452972412,59870.13849540008
1003,2459870.6380093,293.9345251,63.2286912,1,19.881200790405273,0.18733899295330048,59870.13800929999
1004,2459867.6783912,293.9345144,63.228631,2,19.85260009765625,0.1567150056362152,59867.178391200025
1005,2459867.6385764,293.9345849,63.2286248,1,19.881399154663086,0.1645440012216568,59867.1385764
1007,2459866.6381134,293.93444,63.2285638,1,20.174699783325195,0.20884400606155396,59866.13811339997
1008,2459865.7020255,293.9345583,63.2286803,1,19.787900924682617,0.19394199550151825,59865.202025500126
1009,2459865.6577662,293.9344838,63.2287156,2,19.862199783325195,0.17275699973106384,59865.15776620014
1015,2459859.7185185,293.9346041,63.2286765,2,19.741199493408203,0.2035679966211319,59859.218518500216
1018,2459859.6858565,293.9345252,63.2286833,1,19.762399673461914,0.2697260081768036,59859.185856500175
1020,2459857.7583912,293.9346321,63.2286121,1,19.85059928894043,0.25412601232528687,59857.2583912001
1021,2459857.7150579,293.934664,63.2286842,2,19.685300827026367,0.2107830047607422,59857.215057900175
1024,2459855.7418171,293.9346702,63.2286377,1,19.874099731445312,0.23374800384044647,59855.24181709997
1025,2459853.7825694,293.9346349,63.2286018,1,19.860000610351562,0.21341900527477264,59853.282569400035
1027,2459853.7479398,293.9346175,63.2285895,2,19.899499893188477,0.17724500596523285,59853.24793979991
1028,2459853.656875,293.9343292,63.2286534,1,20.01409912109375,0.15123100578784943,59853.15687499987
1029,2459851.6989005,293.9345331,63.2286585,1,19.980199813842773,0.2100140005350113,59851.19890049985
1030,2459851.6965278,293.9344723,63.2286058,1,20.00469970703125,0.18290899693965912,59851.19652780006
1031,2459851.6506366,293.9345183,63.2286453,2,19.748600006103516,0.13430899381637573,59851.150636599865
1033,2459849.6996412,293.9345152,63.2286877,1,19.746299743652344,0.14873099327087402,59849.19964119978
1034,2459849.6982176,293.9344424,63.2286645,1,19.872800827026367,0.14989200234413147,59849.19821760012
1036,2459849.6558449,293.9345948,63.2286701,2,19.877500534057617,0.13949500024318695,59849.155844899826
1037,2459847.7225,293.9346797,63.2285766,2,19.843599319458008,0.16259099543094635,59847.22250000015
1039,2459847.6566667,293.9344187,63.2287009,1,20.03529930114746,0.18741700053215027,59847.1566666998
1040,2459847.6556829,293.9344639,63.2286746,1,19.71430015563965,0.16072100400924683,59847.15568289999
1041,2459845.7218287,293.9344573,63.2287315,1,20.101999282836914,0.20705300569534302,59845.22182870004
1042,2459845.660081,293.9344291,63.2287291,2,20.307600021362305,0.19579200446605682,59845.16008100007
1043,2459844.7842593,293.934613,63.2286172,2,19.892499923706055,0.1783059984445572,59844.28425930021
1044,2459844.7377315,293.9346402,63.2286355,1,19.825599670410156,0.14738799631595612,59844.23773150006
1045,2459843.6948611,293.9344465,63.228564,1,20.129600524902344,0.2100449949502945,59843.194861100055
1047,2459842.781794,293.9345197,63.2286479,1,20.00589942932129,0.1775130033493042,59842.28179399995
1048,2459842.7687847,293.9345394,63.228718,2,19.805400848388672,0.17612899839878082,59842.26878469996
1049,2459841.6970255,293.93433,63.2286719,1,20.00830078125,0.21839900314807892,59841.19702549977
1050,2459841.6421875,293.9342045,63.2286507,1,19.97260093688965,0.21215300261974335,59841.14218749991
1051,2459840.8803588,293.9346022,63.2287343,1,19.944599151611328,0.2141599953174591,59840.380358799826
1052,2459840.8049653,293.9345976,63.2286279,1,19.864900588989258,0.2225320041179657,59840.30496530002
1053,2459838.6639236,293.9342653,63.228639,1,20.1697998046875,0.24118800461292267,59838.16392360022
1054,2459837.658669,293.9346003,63.2287106,1,19.752599716186523,0.1647299975156784,59837.158669000026
1056,2459827.8367361,293.9344822,63.2285947,2,19.7549991607666,0.16459999978542328,59827.336736099795
1057,2459827.8098958,293.9345242,63.2287782,2,20.096399307250977,0.21407899260520935,59827.30989579996
1058,2459827.7790972,293.9345102,63.2286663,1,19.82349967956543,0.2126139998435974,59827.279097199906
1059,2459827.7571991,293.9342641,63.2286805,1,19.760799407958984,0.2551479935646057,59827.25719910022
1060,2459825.8408912,293.9345726,63.2286706,2,19.756799697875977,0.2067199945449829,59825.34089120012
1062,2459825.7990972,293.9345982,63.2286655,1,19.918800354003906,0.16572900116443634,59825.299097199924
1063,2459825.7971875,293.9343355,63.2286821,1,20.140600204467773,0.22440500557422638,59825.29718750017
1064,2459823.8395833,293.9347433,63.2284943,2,19.858400344848633,0.18765899538993835,59823.339583300054
1065,2459823.8248264,293.9341111,63.2288688,1,20.272499084472656,0.21729899942874908,59823.324826399796
1067,2459823.8104514,293.9346861,63.2286522,1,19.891599655151367,0.14648599922657013,59823.3104514
1068,2459823.7790856,293.9343949,63.2286906,2,20.242700576782227,0.2082670032978058,59823.27908559982
1070,2459821.6782176,293.9345309,63.2286508,1,19.942100524902344,0.15108099579811096,59821.1782176001
1071,2459821.6772801,293.9339186,63.228596,1,20.012100219726562,0.2479739934206009,59821.17728010006
1072,2459819.6995023,293.9342481,63.2286635,2,20.256099700927734,0.18149299919605255,59819.199502300005
1073,2459819.6819097,293.9341259,63.2286692,1,20.194000244140625,0.19787700474262238,59819.181909699924
1074,2459819.6804745,293.9345265,63.2286358,1,19.71649932861328,0.20830099284648895,59819.18047450017
1075,2459817.7409028,293.934496,63.2285543,2,20.005199432373047,0.19920200109481812,59817.24090280011
1076,2459817.7068403,293.9342585,63.2286378,2,20.172500610351562,0.20702700316905975,59817.2068403
1077,2459817.6842014,293.934039,63.2286096,1,20.254100799560547,0.21285900473594666,59817.184201399796
1078,2459817.6822801,293.9345927,63.2286705,1,19.797300338745117,0.15090399980545044,59817.18228009995
1081,2459815.7021296,293.9341115,63.2287331,1,20.008499145507812,0.23138000071048737,59815.202129600104
1082,2459815.7011921,293.9346332,63.2286068,1,19.80459976196289,0.21107600629329681,59815.20119210007
1083,2459813.8063889,293.9345237,63.2286349,1,19.900999069213867,0.16136899590492249,59813.30638890015
1084,2459813.7851852,293.9341002,63.2286666,1,20.23430061340332,0.2401220053434372,59813.28518520016
1085,2459813.7622338,293.9345336,63.2286214,2,19.862699508666992,0.18376199901103973,59813.26223379979
1087,2459811.8440046,293.934531,63.2285871,2,19.763399124145508,0.20260000228881836,59811.34400459984
1090,2459809.8432639,293.9346258,63.2286189,1,20.02359962463379,0.2574959993362427,59809.34326389991
1091,2459809.8423264,293.9344894,63.2287082,1,20.01810073852539,0.22788399457931519,59809.34232639987
1095,2459807.821088,293.9345082,63.2286573,2,19.89539909362793,0.2506810128688812,59807.3210880002
1101,2459802.9145718,293.9345344,63.2287302,1,19.733600616455078,0.31718599796295166,59802.4145717998
1105,2459800.9295833,293.9344361,63.2285871,2,20.041900634765625,0.19189299643039703,59800.429583299905
1109,2459797.8891551,293.9344958,63.2286504,1,20.017900466918945,0.15263700485229492,59797.3891551001
1110,2459797.8863194,293.9339517,63.228716,1,20.260400772094727,0.2583540081977844,59797.38631939981
1112,2459797.8693634,293.9345913,63.228653,2,20.0580997467041,0.1803019940853119,59797.369363400154
1114,2459794.8322338,293.9345687,63.2286204,1,20.13990020751953,0.278313010931015,59794.33223380009
1115,2459794.7851042,293.9345727,63.2286141,2,19.907100677490234,0.24665699899196625,59794.28510419978
1116,2459793.7652662,293.9341945,63.2286944,1,20.20479965209961,0.27191999554634094,59793.26526620006
1118,2459790.8003472,293.9339085,63.2287281,1,20.252199172973633,0.26502999663352966,59790.30034720013
1120,2459789.8642014,293.934755,63.2286594,1,19.933799743652344,0.1632400006055832,59789.36420139996
1123,2459787.8195139,293.9345697,63.2285586,2,19.851600646972656,0.27949100732803345,59787.319513900205
1124,2459787.7672338,293.9345839,63.228611,1,19.96190071105957,0.13594800233840942,59787.26723380014
1127,2459785.8476157,293.9344122,63.2285914,1,20.036800384521484,0.1869799941778183,59785.347615700215
1132,2459783.7962037,293.9345647,63.2286676,1,20.029199600219727,0.19554300606250763,59783.296203699894
1134,2459782.7826852,293.9340718,63.2286916,1,20.249500274658203,0.2376050055027008,59782.28268520022
1135,2459781.8699421,293.9347378,63.2286693,1,20.06290054321289,0.25026100873947144,59781.36994209979
1137,2459779.7824769,293.9346506,63.2285871,2,19.966999053955078,0.2062149941921234,59779.282476900145
1139,2459776.9319329,293.9346425,63.2285807,2,19.980199813842773,0.2273070067167282,59776.4319329001
1140,2459776.8628588,293.9347098,63.2285441,2,19.960500717163086,0.23583699762821198,59776.36285880022
1143,2459774.8801736,293.9346566,63.2286314,2,19.565500259399414,0.17463399469852448,59774.38017359981
1144,2459774.8010764,293.9346651,63.2286156,2,19.775100708007812,0.2095559984445572,59774.301076400094
1148,2459772.8723611,293.9346437,63.228706,2,20.022199630737305,0.236735999584198,59772.37236109981
1151,2459770.9338542,293.9345806,63.2286071,1,20.34670066833496,0.1988469958305359,59770.433854199946
1152,2459770.8880903,293.934471,63.2286375,1,20.29010009765625,0.2102549970149994,59770.38809029991
1153,2459769.8691204,293.9342378,63.228552,1,20.3882999420166,0.2477789968252182,59769.36912039993
1154,2459769.8096644,293.9342223,63.2285717,1,20.20870018005371,0.27454298734664917,59769.30966439983
1155,2459768.9293403,293.9344798,63.228641,1,20.47949981689453,0.2553200125694275,59768.42934030015
1156,2459768.8911458,293.9346108,63.2286208,1,20.04439926147461,0.1808609962463379,59768.391145799775
1158,2459765.8906597,293.9344869,63.228615,1,20.143299102783203,0.18329599499702454,59765.39065970015
1161,2459764.8481829,293.9338103,63.2286393,1,20.704200744628906,0.30404698848724365,59764.34818289988
1163,2459763.8841435,293.9345365,63.2287226,1,20.413299560546875,0.24654699862003326,59763.38414350012
1164,2459763.8206829,293.9346071,63.2285996,2,20.106800079345703,0.25483599305152893,59763.32068290003
1167,2459761.8861343,293.9346505,63.2286101,2,19.89189910888672,0.24235199391841888,59761.386134299915
1168,2459761.8289352,293.9345558,63.2286376,1,20.190900802612305,0.21265600621700287,59761.32893519988
1171,2459759.8665278,293.9344541,63.2286157,1,20.290800094604492,0.21973399817943573,59759.36652779998
1175,2459757.8466898,293.9346046,63.2286298,1,20.124300003051758,0.19211900234222412,59757.3466897998
1179,2459755.885,293.9347018,63.2285891,1,20.361600875854492,0.21372699737548828,59755.38499999978
1180,2459755.8462037,293.9344327,63.2285854,2,20.116600036621094,0.1940779983997345,59755.346203700174
1183,2459752.8259491,293.9345905,63.2286212,1,20.15690040588379,0.16764500737190247,59752.325949099846
1185,2459750.8425579,293.9346122,63.2285379,2,20.111400604248047,0.24812300503253937,59750.34255790012
1186,2459750.8208796,293.9347223,63.2286423,1,20.417200088500977,0.25506600737571716,59750.32087960001
1190,2459748.7825926,293.9343149,63.2285548,1,20.302000045776367,0.3326539993286133,59748.28259260021
1191,2459748.7820949,293.9346827,63.228625,1,20.21579933166504,0.3693529963493347,59748.28209490003
1197,2459741.9257176,293.9346317,63.2286336,1,20.145200729370117,0.21616700291633606,59741.425717600156
1200,2459739.8889815,293.9338692,63.2286459,1,20.446199417114258,0.23449300229549408,59739.388981500175
1201,2459739.8735648,293.9346583,63.2286314,1,20.214500427246094,0.20251399278640747,59739.37356479978
1203,2459737.9079861,293.9345738,63.2286336,1,20.295499801635742,0.21368899941444397,59737.40798609983
1204,2459737.8264005,293.933921,63.2284739,1,20.515499114990234,0.3264569938182831,59737.32640049979
1206,2459737.8014468,293.9344238,63.2285601,2,20.183799743652344,0.1831810027360916,59737.30144680012
1207,2459735.9280556,293.9345399,63.2285817,1,20.178699493408203,0.1453240066766739,59735.4280555998
1208,2459735.9270833,293.9336179,63.2286341,1,20.396400451660156,0.22311599552631378,59735.42708329996
1210,2459735.8870486,293.9345954,63.2285828,2,20.018299102783203,0.1753460019826889,59735.387048599776
1212,2459733.8233333,293.9345595,63.2286002,1,20.137399673461914,0.18720999360084534,59733.323333300184
1218,2459731.8922685,293.9344537,63.228614,1,20.10740089416504,0.24074600636959076,59731.392268499825
1220,2459727.9583681,293.9346031,63.2286694,1,20.399200439453125,0.21356399357318878,59727.458368100226
1224,2459725.9515972,293.934625,63.2286639,1,20.328500747680664,0.17361800372600555,59725.451597199775
1225,2459725.9303819,293.9345112,63.2286031,2,20.003799438476562,0.20575900375843048,59725.430381900165
1227,2459725.8660301,293.9340499,63.2286075,1,20.580799102783203,0.25918498635292053,59725.3660300998
1228,2459723.9095255,293.9345251,63.2286685,1,20.247800827026367,0.23119500279426575,59723.409525500145
1229,2459723.8902199,293.9338537,63.2287847,1,20.36750030517578,0.29544898867607117,59723.390219899826
1233,2459721.8449537,293.9345603,63.2286188,2,20.255599975585938,0.18768000602722168,59721.34495369997
1236,2459718.900081,293.9345789,63.2286071,2,19.913799285888672,0.24056099355220795,59718.400080999825
1243,2459711.9690741,293.9345233,63.2286413,2,20.090999603271484,0.22065700590610504,59711.46907409979
1253,2459707.9372454,293.9345765,63.2286579,2,20.174800872802734,0.1765500009059906,59707.43724540016
1254,2459701.9417014,293.9345568,63.2285709,1,20.21929931640625,0.21855899691581726,59701.441701400094
1257,2459701.9057292,293.9344275,63.2286444,1,20.18670082092285,0.19693699479103088,59701.405729200225
1261,2459698.9568866,293.9346067,63.228668,1,20.40180015563965,0.2508369982242584,59698.45688659977
1265,2459696.9273843,293.9345678,63.2287012,1,20.307899475097656,0.19515100121498108,59696.42738430016
1276,2459683.9870255,293.9344214,63.228654,1,20.001800537109375,0.23136599361896515,59683.48702549981
1281,2459679.9880556,293.9345137,63.2286615,1,20.192399978637695,0.23836800456047058,59679.48805559985
1284,2459677.9891898,293.9342701,63.2287523,1,20.387800216674805,0.30730199813842773,59677.489189799875
1285,2459677.9882176,293.9338684,63.2286677,1,20.417200088500977,0.28358399868011475,59677.488217600156
1287,2459677.9277662,293.9343523,63.2286052,2,20.242399215698242,0.24201400578022003,59677.427766200155
1289,2459675.9506134,293.9344722,63.2285149,2,20.096799850463867,0.24126499891281128,59675.45061339997
1295,2459642.0134375,293.9343386,63.2287062,1,20.273639678955078,0.21290099620819092,59641.51343750022
1314,2459529.6163079,293.9344092,63.228728,1,19.8958797454834,0.18316200375556946,59529.11630789982
1315,2459526.7011111,293.9346058,63.2286668,1,19.819499969482422,0.15949200093746185,59526.20111110015
1316,2459526.6996644,293.9343878,63.2285546,1,20.327499389648438,0.2721079885959625,59526.19966439996
1320,2459524.6364699,293.9342091,63.2287023,1,20.118600845336914,0.22371700406074524,59524.13646990014
1321,2459524.6186806,293.9346642,63.2286783,1,19.973600387573242,0.15296100080013275,59524.11868060008
1323,2459522.7225,293.9347837,63.228711,1,20.05340003967285,0.23403500020503998,59522.22250000015
1324,2459522.7215162,293.9346434,63.2285886,1,20.25200080871582,0.27915599942207336,59522.221516199876
1326,2459522.6835301,293.9347733,63.228665,2,20.202199935913086,0.25697600841522217,59522.183530100156
1330,2459517.6586806,293.9346096,63.2286659,1,19.996599197387695,0.20846599340438843,59517.158680600114
1341,2459502.7203009,293.9344028,63.2285406,1,19.952499389648438,0.23777799308300018,59502.22030089982
1344,2459502.6368634,293.9340793,63.2286945,1,19.9950008392334,0.2549090087413788,59502.13686340023
1354,2459489.718912,293.9339033,63.2288163,1,20.426700592041016,0.2615480124950409,59489.21891199984
1356,2459487.7282986,293.9344439,63.2285143,1,20.233699798583984,0.2954150140285492,59487.22829859983
1358,2459469.7433912,293.9347361,63.2286105,1,20.447160720825195,0.21690499782562256,59469.24339119997
1408,2459118.7517245,293.9346376,63.2286397,2,19.851900100708008,0.1569570004940033,59118.25172450021
1409,2459117.7596065,293.9345831,63.2286972,1,20.24169921875,0.24930399656295776,59117.259606500156
1410,2459116.7867245,293.934614,63.2286165,1,20.300600051879883,0.2560639977455139,59116.28672449989
1411,2459114.7217245,293.9338598,63.228755,1,20.369400024414062,0.2435930073261261,59114.22172449995
1412,2459113.6518981,293.934437,63.2285735,2,20.084999084472656,0.16478000581264496,59113.15189810004
1416,2459110.7667245,293.934665,63.2284921,2,19.760499954223633,0.3366140127182007,59110.266724499874
1419,2459107.6590625,293.9344856,63.2287043,1,19.992399215698242,0.24354800581932068,59107.15906250011
1421,2459099.7198264,293.9345985,63.2286183,2,20.15839958190918,0.2433599978685379,59099.219826399814
1425,2459096.6772917,293.9343861,63.2286025,1,20.19099998474121,0.27042800188064575,59096.17729170015
1436,2459091.7574537,293.9343412,63.2286581,1,20.111099243164062,0.2854120135307312,59091.25745370006
1442,2459088.8110648,293.934764,63.2286351,1,20.050600051879883,0.25226500630378723,59088.31106479978
1443,2459087.8015394,293.9344227,63.2286401,2,20.011499404907227,0.1883469969034195,59087.30153940013
1444,2459085.7691319,293.9341444,63.2286831,1,20.338199615478516,0.26096299290657043,59085.26913189981
1445,2459084.8459722,293.9343923,63.2285678,1,20.112199783325195,0.23160399496555328,59084.345972199924
1447,2459082.8262384,293.9343886,63.2284958,1,20.105499267578125,0.3936600089073181,59082.32623839984
1448,2459081.8432523,293.934679,63.2286932,1,19.92490005493164,0.20589999854564667,59081.34325229982
1449,2459080.8919444,293.9344237,63.2286658,1,20.04800033569336,0.21337799727916718,59080.391944400035
1450,2459080.8534144,293.934696,63.2286322,2,20.010099411010742,0.2153400033712387,59080.353414400015
1451,2459078.7765972,293.9346396,63.2286096,2,19.956600189208984,0.20715700089931488,59078.27659719996
1452,2459077.8494213,293.9342366,63.2285857,1,20.128299713134766,0.21230000257492065,59077.349421299994
1453,2459075.8430556,293.9346063,63.2286097,1,19.90719985961914,0.20745700597763062,59075.343055599835
1454,2459075.8073495,293.9344697,63.2286172,2,19.809200286865234,0.159403994679451,59075.30734949978
1455,2459072.9120486,293.9346171,63.228636,1,19.830799102783203,0.2012380063533783,59072.41204860015
1456,2459072.8512963,293.934471,63.2286462,1,20.06839942932129,0.26987698674201965,59072.35129630007
1457,2459072.8250463,293.9345125,63.2286268,2,19.939300537109375,0.1440729945898056,59072.32504629996
1458,2459071.9131481,293.934154,63.2287551,1,19.739999771118164,0.16634100675582886,59071.41314810002
1459,2459071.8691667,293.934535,63.228584,2,19.913299560546875,0.20820200443267822,59071.36916670017
1461,2459069.9533681,293.9346918,63.2285829,2,19.90999984741211,0.1852709949016571,59069.45336809987
1462,2459069.8312616,293.9345766,63.2286584,1,19.909900665283203,0.18233799934387207,59069.3312615999
1463,2459069.8066898,293.9346934,63.2286617,1,20.002899169921875,0.2070160061120987,59069.30668980023
1464,2459069.7442708,293.9345283,63.2286024,2,19.74850082397461,0.21206100285053253,59069.24427080015
1465,2459068.8931944,293.9346001,63.2285957,2,20.01259994506836,0.17328999936580658,59068.393194399774
1467,2459068.7181829,293.9342327,63.2286373,1,19.934499740600586,0.19321900606155396,59068.21818289999
1468,2459067.9078009,293.9346108,63.2286942,1,20.0625,0.2631619870662689,59067.40780089982
1469,2459066.9508912,293.9345985,63.2285412,2,19.85700035095215,0.23836800456047058,59066.45089119999
1472,2459066.8089236,293.9345214,63.2285763,1,19.881099700927734,0.31817400455474854,59066.308923599776
1482,2459063.7971644,293.9344209,63.228507,2,19.828800201416016,0.23193000257015228,59063.29716440011
1483,2459062.8732986,293.9345633,63.2286527,1,19.868000030517578,0.22720199823379517,59062.37329859985
1485,2459062.8336921,293.9345361,63.2286636,2,19.73699951171875,0.2197140008211136,59062.3336920999
1488,2459061.7979167,293.9344011,63.2286228,2,19.79789924621582,0.1478540003299713,59061.29791670013
1490,2459060.906331,293.9344777,63.2286554,2,19.7278995513916,0.16774800419807434,59060.40633099992
1491,2459060.8907407,293.9344767,63.2286149,1,20.05270004272461,0.14243300259113312,59060.390740700066
1492,2459060.8631597,293.9344805,63.2287277,1,20.035999298095703,0.25629499554634094,59060.36315969983
1493,2459060.8622222,293.9345314,63.2286495,1,19.686599731445312,0.14467200636863708,59060.362222199794
1494,2459059.8113194,293.9345221,63.2286403,1,19.819900512695312,0.17922000586986542,59059.31131940009
1495,2459059.8103935,293.9345178,63.2286298,1,19.815399169921875,0.16297200322151184,59059.31039350014
1497,2459056.860706,293.933948,63.2285651,2,20.37809944152832,0.2556590139865875,59056.36070600012
1498,2459055.8861806,293.9345153,63.228648,1,19.903400421142578,0.15716099739074707,59055.38618060015
1500,2459053.9155208,293.9345169,63.2286372,1,19.85219955444336,0.13428600132465363,59053.41552079981
1501,2459053.8655324,293.9339096,63.2286926,1,20.005399703979492,0.18645800650119781,59053.36553240009
1503,2459052.8640162,293.9345149,63.2286021,2,19.76289939880371,0.10636699944734573,59052.36401619995
1504,2459052.8255208,293.9345283,63.2286337,1,19.81920051574707,0.137937992811203,59052.32552079996
1505,2459050.8881944,293.9342119,63.2286616,1,20.16119956970215,0.19953499734401703,59050.388194399886
1507,2459049.8216782,293.9344974,63.2286188,1,19.83340072631836,0.14945299923419952,59049.321678199805
1508,2459047.9114352,293.9343456,63.2287389,2,20.33650016784668,0.20536699891090393,59047.4114351999
1509,2459047.7858102,293.9340468,63.2286943,1,20.0408992767334,0.17899300158023834,59047.28581020003
1511,2459046.8900231,293.934504,63.2286042,2,19.776199340820312,0.14278200268745422,59046.39002310019
1512,2459046.843669,293.934521,63.2286356,1,19.975900650024414,0.11819200217723846,59046.34366900008
1513,2459044.8464236,293.9340151,63.2286456,1,20.2539005279541,0.21928200125694275,59044.34642359987
1514,2459043.7876042,293.934309,63.2285382,2,19.78860092163086,0.18528899550437927,59043.28760420019
1515,2459043.7295023,293.9344905,63.2286539,1,19.974300384521484,0.1429550051689148,59043.2295022998
1517,2459042.822037,293.9345447,63.228656,1,19.987199783325195,0.20695699751377106,59042.32203700021
1518,2459041.868044,293.9344786,63.2286082,1,20.02400016784668,0.20104600489139557,59041.36804400012
1519,2459041.7788657,293.9344589,63.2286683,2,19.973100662231445,0.20696499943733215,59041.27886570012
1521,2459041.7218866,293.934104,63.2286395,1,19.944499969482422,0.14222699403762817,59041.2218865999
1522,2459040.7871181,293.9344316,63.2285669,2,19.684499740600586,0.1497649997472763,59040.287118100096
1523,2459040.7556366,293.9345135,63.2286436,1,19.886899948120117,0.17016300559043884,59040.255636599846
1524,2459039.8446181,293.9347154,63.2286474,1,19.735599517822266,0.21094700694084167,59039.34461810021
1526,2459038.8958333,293.9345504,63.2285981,2,20.148799896240234,0.2353380024433136,59038.39583329996
1527,2459038.8668866,293.9344538,63.2285927,2,19.858800888061523,0.28674599528312683,59038.36688659992
1528,2459038.785706,293.9346772,63.2286112,1,19.730199813842773,0.19989100098609924,59038.28570599994
1529,2459038.7656366,293.934348,63.2286591,1,19.962200164794922,0.21856200695037842,59038.26563660009
1535,2459035.9502778,293.9344883,63.2286944,1,19.856599807739258,0.26837798953056335,59035.450277800206
1536,2459035.8488194,293.9346302,63.2285955,2,19.894899368286133,0.23417699337005615,59035.348819400184
1541,2459033.9571875,293.9345709,63.2286306,1,19.973899841308594,0.22926700115203857,59033.45718749985
1545,2459032.971331,293.9341054,63.2286877,1,20.220399856567383,0.19553600251674652,59032.47133099986
1548,2459031.8282176,293.9344464,63.2285577,1,20.091800689697266,0.32899001240730286,59031.32821760001
1549,2459030.8637269,293.9342529,63.2287346,1,19.865400314331055,0.17253300547599792,59030.36372689996
1550,2459030.8627662,293.9344605,63.2286542,1,19.847400665283203,0.22861500084400177,59030.36276620021
1552,2459028.8433449,293.9337125,63.228694,1,20.266399383544922,0.25969499349594116,59028.343344899826
1556,2459027.8634606,293.9345702,63.2286539,1,19.798799514770508,0.15415999293327332,59027.36346059991
1557,2459027.862037,293.9341441,63.2287214,1,19.992399215698242,0.20643900334835052,59027.36203699978
1558,2459026.8887384,293.9340281,63.2286641,1,20.112300872802734,0.16943900287151337,59026.38873839984
1561,2459025.8297569,293.9337904,63.2287385,1,20.274499893188477,0.1902730017900467,59025.3297569002
1562,2459024.9613079,293.9346039,63.2285061,2,19.807899475097656,0.21838800609111786,59024.46130790003
1563,2459024.8672338,293.933706,63.2284469,1,19.910900115966797,0.23177100718021393,59024.36723379977
1564,2459024.8644213,293.9343005,63.2285789,1,19.81730079650879,0.25804999470710754,59024.364421300124
1567,2459023.8517824,293.9339199,63.2287445,1,20.241100311279297,0.20991499722003937,59023.35178240016
1568,2459022.850544,293.9338983,63.2286932,1,20.16309928894043,0.17662200331687927,59022.350544000044
1571,2459020.8715046,293.9337678,63.2286034,1,20.173799514770508,0.23950199782848358,59020.37150460016
1573,2459019.7849653,293.9336282,63.2286463,1,20.268199920654297,0.223348006606102,59019.2849653
1574,2459018.9793519,293.934776,63.2285561,2,19.84040069580078,0.17672200500965118,59018.47935190005
1575,2459018.8645255,293.9338628,63.2287333,1,20.23419952392578,0.21036499738693237,59018.36452550022
1576,2459018.8631019,293.934468,63.2286431,1,19.81100082397461,0.14881500601768494,59018.36310190009
1577,2459017.8219329,293.9339229,63.2287539,1,20.321699142456055,0.24591100215911865,59017.32193290023
1578,2459016.8682407,293.9340902,63.2287783,1,20.21109962463379,0.22787299752235413,59016.3682407001
1583,2459014.8571759,293.9341041,63.2285851,1,20.242000579833984,0.2360139936208725,59014.357175900135
1585,2459013.9575463,293.93451,63.2285523,2,19.804100036621094,0.1743369996547699,59013.45754629979
1587,2459013.7502431,293.9341519,63.2286469,1,20.283700942993164,0.2595809996128082,59013.25024309987
1588,2459012.8170139,293.9343993,63.2286182,1,19.97949981689453,0.17058099806308746,59012.317013899796
1589,2459012.8160764,293.9340428,63.2287635,1,20.271900177001953,0.20101100206375122,59012.316076400224
1590,2459012.7876968,293.934499,63.2285796,2,19.901599884033203,0.13700899481773376,59012.287696800195
1594,2459009.870787,293.934538,63.2286722,2,20.043100357055664,0.1913139969110489,59009.37078699982
1608,2459002.9346412,293.9345502,63.2285066,1,20.030000686645508,0.3321239948272705,59002.43464120012
1609,2459002.9336806,293.9347201,63.2287353,1,20.02680015563965,0.2372799962759018,59002.43368060002
1610,2459001.9401968,293.934456,63.2285761,2,20.2544002532959,0.1955370008945465,59001.440196800046
1612,2459001.8809144,293.9344818,63.2287367,1,20.128000259399414,0.2527279853820801,59001.380914399866
1613,2459001.8804282,293.9345708,63.2286644,1,19.923599243164062,0.22597099840641022,59001.38042820012
1616,2458999.9076273,293.93442,63.2285854,1,19.84269905090332,0.2353689968585968,58999.407627299894
1617,2458999.9071412,293.9341182,63.2286549,1,20.11720085144043,0.2206919938325882,58999.4071411998
1619,2458999.8297685,293.934375,63.2285314,2,20.072500228881836,0.25279098749160767,58999.329768499825
1620,2458998.9740509,293.9346129,63.228661,2,20.034700393676758,0.19546300172805786,58998.47405089997
1621,2458998.9361921,293.9339581,63.2286906,1,20.243099212646484,0.23489999771118164,58998.436192099936
1625,2458997.952419,293.9346565,63.2285978,2,19.991199493408203,0.1768520027399063,58997.45241900021
1626,2458997.9149074,293.9345731,63.2286324,1,19.909700393676758,0.17009499669075012,58997.41490740003
1627,2458997.9125347,293.9341029,63.2287316,1,20.05190086364746,0.2060839980840683,58997.412534699775
1628,2458996.9766204,293.9343414,63.2286368,2,20.06439971923828,0.19045500457286835,58996.47662039986
1629,2458996.928669,293.9341504,63.2286427,1,20.052099227905273,0.1885409951210022,58996.428669000044
1630,2458996.9281713,293.9345241,63.2286469,1,19.87689971923828,0.14478699862957,58996.42817129986
1632,2458995.9418981,293.9345247,63.2285655,2,20.19339942932129,0.17663800716400146,58995.44189810008
1634,2458995.8425347,293.9343794,63.2285992,1,20.074600219726562,0.17419199645519257,58995.34253469994
1635,2458995.8415625,293.9340198,63.2286935,1,20.112300872802734,0.18025800585746765,58995.34156250022
1636,2458994.9235185,293.9339032,63.2286922,1,20.302000045776367,0.23123399913311005,58994.423518499825
1637,2458992.9752546,293.934356,63.2285889,1,19.96109962463379,0.17731299996376038,58992.475254599936
1638,2458992.9285069,293.9345299,63.2285773,2,20.06279945373535,0.22659599781036377,58992.42850690009
1640,2458992.8464352,293.9339004,63.2286667,1,20.175500869750977,0.1957390010356903,58992.34643519996
1642,2458991.9505671,293.9344824,63.2285887,2,19.973100662231445,0.18333999812602997,58991.4505671002
1643,2458991.9338079,293.9339551,63.2286557,1,20.184499740600586,0.1953430026769638,58991.433807900175
1644,2458991.911956,293.934444,63.2286356,1,20.058300018310547,0.16253499686717987,58991.41195600014
1645,2458987.9358333,293.9344633,63.2286165,1,20.08060073852539,0.14888499677181244,58987.4358333
1646,2458987.934838,293.9337511,63.2286657,1,20.248899459838867,0.20013900101184845,58987.43483800022
1647,2458987.8662963,293.934466,63.2285425,2,19.996999740600586,0.13472600281238556,58987.3662963002
1648,2458986.9704051,293.9340314,63.2287133,2,20.340700149536133,0.21359699964523315,58986.47040509991
1649,2458986.904919,293.9343794,63.2286174,1,19.99220085144043,0.14345400035381317,58986.40491899988
1650,2458986.9025579,293.9340149,63.2287449,1,20.17169952392578,0.21740299463272095,58986.402557900175
1651,2458985.9503588,293.9345062,63.228642,1,19.947399139404297,0.15928900241851807,58985.450358800124
1652,2458985.9366782,293.934113,63.2286047,1,20.03969955444336,0.19772399961948395,58985.43667820003
1656,2458983.8877315,293.9346134,63.2285789,2,19.937400817871094,0.18224799633026123,58983.38773149997
1657,2458981.9349074,293.9344734,63.2285935,2,19.83489990234375,0.21605899930000305,58981.43490740005
1660,2458981.8025926,293.9344158,63.2285736,1,20.14539909362793,0.2895059883594513,58981.30259260023
1661,2458980.9697917,293.9346327,63.2287013,2,19.854900360107422,0.21840800344944,58980.46979170013
1664,2458980.923588,293.9342714,63.2284197,1,19.976499557495117,0.24901700019836426,58980.42358799977
1681,2458975.9476042,293.9344442,63.2285132,2,19.736299514770508,0.21573999524116516,58975.44760419987
1686,2458974.9775116,293.9347082,63.2286553,1,19.869199752807617,0.22811999917030334,58974.477511600126
1690,2458973.9742014,293.9345435,63.2286552,1,19.95240020751953,0.15381300449371338,58973.47420139983
1692,2458973.8621875,293.9345049,63.2285516,2,19.662599563598633,0.21119000017642975,58973.36218750011
1693,2458972.9720255,293.9344128,63.2286409,1,20.033000946044922,0.1716720014810562,58972.472025500145
1694,2458972.9705787,293.9340209,63.2286692,1,20.202899932861328,0.2036440074443817,58972.47057869984
1696,2458972.9140856,293.9346172,63.2285863,2,19.757400512695312,0.22971400618553162,58972.41408560006
1697,2458971.9521065,293.934047,63.2286322,1,20.238300323486328,0.2030480057001114,58971.452106500044
1698,2458971.9506944,293.9345096,63.2286083,1,20.037799835205078,0.1706169992685318,58971.450694399886
1700,2458971.9078472,293.9346842,63.228612,2,20.035900115966797,0.18226100504398346,58971.407847200055
1701,2458970.9684954,293.9345245,63.2286212,1,19.924400329589844,0.14717599749565125,58970.46849540016
1702,2458970.9587037,293.9337038,63.2286201,1,20.164400100708008,0.16908399760723114,58970.45870369999
1704,2458970.9080903,293.934619,63.2285884,2,19.89929962158203,0.20813700556755066,58970.40809029993
1706,2458968.9667477,293.9345598,63.2286683,1,19.999300003051758,0.1743669956922531,58968.46674769977
1707,2458968.9653356,293.9340858,63.2287811,1,20.190000534057617,0.23098699748516083,58968.46533560008
1709,2458968.922338,293.934478,63.2286773,2,19.997800827026367,0.18538300693035126,58968.42233800003
1710,2458967.9496759,293.9338807,63.2285942,1,20.2189998626709,0.23242899775505066,58967.44967589993
1711,2458967.9491782,293.9344404,63.228607,1,19.992399215698242,0.14873400330543518,58967.449178200215
1713,2458967.8906481,293.9339231,63.2287001,2,20.393699645996094,0.25567299127578735,58967.39064810006
1714,2458966.966875,293.9345941,63.2286382,2,20.16230010986328,0.15568499267101288,58966.466874999925
1716,2458966.9473495,293.934508,63.2286451,1,20.03190040588379,0.1613990068435669,58966.44734949991
1717,2458966.9413079,293.9344332,63.2285761,1,20.02199935913086,0.1636900007724762,58966.44130790001
1718,2458965.9491435,293.9345083,63.2285791,2,20.090200424194336,0.17951899766921997,58965.44914350007
1720,2458965.9278472,293.9344408,63.228677,1,20.031299591064453,0.17020399868488312,58965.42784720007
1721,2458965.9269329,293.934326,63.2286172,1,20.030500411987305,0.15473699569702148,58965.42693290021
1722,2458964.96625,293.9344536,63.2286345,1,19.937299728393555,0.13843700289726257,58964.466250000056
1724,2458964.9302778,293.9343936,63.2285837,2,20.00149917602539,0.17467500269412994,58964.43027780019
1725,2458964.8949769,293.9343679,63.2286324,1,20.003000259399414,0.17466700077056885,58964.39497689996
1726,2458963.9535301,293.93425,63.2285649,1,20.070499420166016,0.1811619997024536,58963.453530100174
1727,2458963.9516667,293.9344534,63.2285978,1,20.14419937133789,0.2115350067615509,58963.45166670019
1728,2458963.9122222,293.9344563,63.2286505,1,20.1564998626709,0.2029539942741394,58963.41222220007
1729,2458963.9112847,293.934465,63.2286745,1,19.958499908447266,0.15185600519180298,58963.411284700036
1730,2458962.9933681,293.9339131,63.2286861,1,20.147499084472656,0.21874800324440002,58962.49336809991
1731,2458962.9919676,293.9345053,63.2285991,1,19.958499908447266,0.16520899534225464,58962.49196759984
1733,2458962.9711574,293.9343163,63.228532,2,19.90180015563965,0.17943300306797028,58962.47115739994
1734,2458961.9508565,293.934358,63.2286444,2,20.103599548339844,0.25633201003074646,58961.45085649984
1738,2458956.9726042,293.9344889,63.2286945,1,20.015499114990234,0.28297099471092224,58956.47260419978
1739,2458956.9707755,293.9338997,63.2286952,1,20.379199981689453,0.29080700874328613,58956.47077549994
1740,2458955.9717361,293.9346607,63.228658,1,19.90130043029785,0.17590199410915375,58955.47173610004
1745,2458954.9274884,293.9341776,63.2285629,1,20.238500595092773,0.3330180048942566,58954.427488400135
1746,2458945.0134606,293.9345103,63.2286207,2,20.039100646972656,0.22514300048351288,58944.51346059982
1751,2458941.9913194,293.9335235,63.2288445,1,20.21419906616211,0.20636999607086182,58941.49131939979
1754,2458940.9905093,293.9339194,63.2286621,1,20.182199478149414,0.22840599715709686,58940.49050930003
1755,2458936.989294,293.9338023,63.2286626,1,20.25860023498535,0.21085099875926971,58936.48929399997
1764,2458914.0289236,293.9346361,63.2287073,1,19.966699600219727,0.24796700477600098,58913.52892359998
1766,2458913.991794,293.9346562,63.2286508,2,19.844100952148438,0.27782300114631653,58913.491793999914
1767,2458913.0531829,293.9346361,63.2286055,1,19.819000244140625,0.2363560050725937,58912.55318289995
1768,2458913.0322222,293.9339103,63.2285848,1,20.200899124145508,0.2406419962644577,58912.532222200185
1770,2458912.9907523,293.9342241,63.228681,2,19.944900512695312,0.2099130004644394,58912.49075229978
1771,2458909.0493519,293.9341885,63.2286164,1,20.14229965209961,0.21626000106334686,58908.549351899885
1772,2458909.0493519,293.9341885,63.2286164,1,20.14229965209961,0.21626000106334686,58908.549351899885
1774,2458904.030787,293.9342913,63.228646,1,20.016599655151367,0.1760839968919754,58903.53078699997
1775,2458904.0302894,293.9337802,63.2286733,1,20.243099212646484,0.20441000163555145,58903.5302893999
1776,2458904.0154167,293.9340167,63.2285913,2,20.328800201416016,0.21034500002861023,58903.51541669993
1777,2458904.0145023,293.9344945,63.2286411,2,19.83880043029785,0.1687999963760376,58903.51450229995
1780,2458900.0442361,293.9336835,63.2287737,1,20.214599609375,0.2415039986371994,58899.54423609981
1782,2458900.011794,293.9343511,63.2286276,2,19.942899703979492,0.21477699279785156,58899.51179399993
1783,2458899.0551852,293.9340886,63.2286475,1,20.307100296020508,0.2590259909629822,58898.55518520018
1784,2458899.0542708,293.9344427,63.2286006,1,19.984500885009766,0.15978799760341644,58898.5542708002
1785,2458899.0283102,293.9346329,63.2286724,2,19.86680030822754,0.17160899937152863,58898.5283102002
1787,2458896.0324306,293.9338235,63.2287406,1,20.207399368286133,0.2546899914741516,58895.53243059991
1795,2458893.0581944,293.9344949,63.2286924,1,19.885099411010742,0.24586999416351318,58892.55819439981
1800,2458812.6025,293.9345448,63.2286206,2,19.70490074157715,0.18997299671173096,58812.10250000004
1811,2458804.676956,293.9341854,63.2286666,1,19.78179931640625,0.25728699564933777,58804.17695599981
1812,2458804.6764583,293.9345916,63.2286481,1,20.032100677490234,0.28416699171066284,58804.17645830009
1815,2458801.7360301,293.9346367,63.2286283,2,19.37310028076172,0.23761500418186188,58801.23603009991
1816,2458798.7063426,293.93467,63.2285237,2,19.737300872802734,0.30852600932121277,58798.20634259982
1818,2458798.6096875,293.9344527,63.2286308,1,19.914499282836914,0.30420100688934326,58798.10968750017
1821,2458797.5988773,293.9344504,63.2286121,2,19.73579978942871,0.1936659961938858,58797.09887730004
1823,2458796.6516782,293.934481,63.2286063,1,19.879199981689453,0.26139798760414124,58796.15167819988
1826,2458795.632662,293.9346542,63.2287019,1,19.752899169921875,0.26102200150489807,58795.132662000135
1828,2458795.5982292,293.9342685,63.2286885,2,19.92569923400879,0.22196899354457855,58795.09822920011
1829,2458795.5945949,293.9345875,63.2285537,2,19.61910057067871,0.19944700598716736,58795.09459490003
1830,2458794.6395255,293.9345772,63.2287573,1,19.808700561523438,0.21611399948596954,58794.139525500126
1831,2458794.6377083,293.9342919,63.2286668,1,19.93549919128418,0.2466610074043274,58794.13770829979
1833,2458793.6387963,293.9346043,63.2286733,1,19.94300079345703,0.2842859923839569,58793.13879630016
1834,2458793.6345255,293.934612,63.2286556,1,20.098400115966797,0.4078269898891449,58793.13452549977
1836,2458793.5941319,293.9346671,63.2285739,2,19.95439910888672,0.26510000228881836,58793.0941319
1837,2458792.6286343,293.9347201,63.2284955,2,19.83209991455078,0.22673399746418,58792.12863430008
1838,2458792.6165741,293.9343958,63.2285886,2,19.817100524902344,0.19454599916934967,58792.11657410022
1839,2458791.6385301,293.9346499,63.2286344,1,19.832700729370117,0.2360749989748001,58791.13853010023
1840,2458791.6357986,293.9342665,63.2287151,1,20.11590003967285,0.25916600227355957,58791.13579860004
1841,2458791.621331,293.9345509,63.2286035,2,19.85110092163086,0.3178960084915161,58791.12133099977
1843,2458790.6287269,293.9345111,63.2286233,2,19.759599685668945,0.24003300070762634,58790.12872690009
1845,2458789.6715972,293.9344294,63.2284958,1,20.178699493408203,0.21024900674819946,58789.17159719998
1846,2458789.6706481,293.9345106,63.2287394,1,19.98870086669922,0.23669500648975372,58789.170648099855
1848,2458789.6438657,293.9343465,63.2286927,2,20.055299758911133,0.2206059992313385,58789.14386569988
1849,2458788.6711806,293.9345133,63.2285886,1,19.873699188232422,0.23151099681854248,58788.171180599835
1850,2458788.6702315,293.9345141,63.228718,1,20.127599716186523,0.2953679859638214,58788.170231500175
1852,2458787.6702546,293.9346968,63.2286702,1,20.106800079345703,0.2595529854297638,58787.17025459977
1853,2458787.6693056,293.9337187,63.2286767,1,19.853700637817383,0.28290799260139465,58787.169305600226
1854,2458787.6435301,293.9343272,63.2287052,2,19.69860076904297,0.22667700052261353,58787.14353010012
1856,2458786.6779398,293.9345493,63.2285714,1,20.0403995513916,0.25475800037384033,58786.17793980008
1857,2458786.6769907,293.9341725,63.2286507,1,20.161300659179688,0.3029420077800751,58786.176990699954
1858,2458786.651169,293.934518,63.2286189,2,20.04360008239746,0.2521989941596985,58786.15116900019
1860,2458785.6714931,293.9346243,63.2287112,1,19.892099380493164,0.2384060025215149,58785.1714931
1861,2458785.670544,293.9341119,63.2287586,1,19.981599807739258,0.21595600247383118,58785.17054399988
1862,2458785.6442593,293.9345401,63.2286416,2,19.556499481201172,0.19090500473976135,58785.14425930008
1863,2458785.6433218,293.9341025,63.2287214,2,20.05190086364746,0.24109800159931183,58785.143321800046
1864,2458783.6717824,293.9345724,63.2286793,1,19.983600616455078,0.23996299505233765,58783.17178239999
1868,2458782.6707176,293.934514,63.2286092,1,20.172700881958008,0.2113720029592514,58782.1707175998
1869,2458782.6697685,293.9343154,63.2286771,1,19.9783992767334,0.1943340003490448,58782.16976850014
1872,2458781.6709606,293.9337616,63.2287996,1,19.911100387573242,0.29106399416923523,58781.17096060002
1873,2458779.6724074,293.9343702,63.228586,1,19.905399322509766,0.19899100065231323,58779.17240739986
1874,2458779.6714583,293.9342725,63.2286719,1,19.90850067138672,0.22461199760437012,58779.1714583002
1875,2458779.6443981,293.9344254,63.2285796,2,19.936800003051758,0.22565899789333344,58779.14439810021
1876,2458778.672581,293.9345496,63.2285767,1,19.922500610351562,0.20406299829483032,58778.17258099979
1877,2458778.6716319,293.9345678,63.2286656,1,19.941200256347656,0.19927099347114563,58778.17163190013
1878,2458778.6446065,293.9345698,63.2286569,2,20.178499221801758,0.26463401317596436,58778.14460649993
1879,2458777.6723843,293.9344371,63.2285772,1,20.034299850463867,0.24152599275112152,58777.1723842998
1880,2458777.6714352,293.9345384,63.2286551,1,19.818500518798828,0.19361799955368042,58777.17143520014
1881,2458777.6434606,293.9344728,63.2286798,2,19.799400329589844,0.18225699663162231,58777.14346060017
1882,2458776.6719329,293.9345512,63.2286326,1,20.04960060119629,0.17872700095176697,58776.17193289986
1883,2458776.6709954,293.9343079,63.2286192,1,19.988300323486328,0.20113599300384521,58776.17099539982
1884,2458776.643044,293.9343938,63.2286484,2,19.89929962158203,0.16409599781036377,58776.143044000026
1885,2458775.6726968,293.9345509,63.228677,1,19.845300674438477,0.16099099814891815,58775.17269679997
1886,2458775.6717593,293.9345374,63.2287387,1,19.853700637817383,0.16583700478076935,58775.171759299934
1887,2458775.6447685,293.9344984,63.2286082,2,19.894800186157227,0.21533900499343872,58775.14476849977
1888,2458775.643831,293.9344104,63.2287335,2,19.913000106811523,0.19006000459194183,58775.1438310002
1889,2458774.6726042,293.9345247,63.228673,1,19.90719985961914,0.22496700286865234,58774.172604199965
1890,2458774.6716551,293.9344188,63.2285813,1,19.833999633789062,0.18978899717330933,58774.17165509984
1891,2458774.6450347,293.9346104,63.2287005,2,19.90130043029785,0.2381339967250824,58774.14503470017
1892,2458774.6440972,293.9341856,63.2285006,2,20.129199981689453,0.19963300228118896,58774.14409720013
1897,2458772.6740509,293.9343987,63.2287863,1,19.87299919128418,0.26521599292755127,58772.174050900154
1910,2458769.6724653,293.9343127,63.2286999,1,19.646299362182617,0.29759499430656433,58769.17246530019
1914,2458768.6725347,293.9345321,63.2287482,1,19.80190086364746,0.30804499983787537,58768.17253470002
1915,2458768.6447106,293.9346232,63.2287685,2,19.95560073852539,0.32220399379730225,58768.14471059991
1921,2458766.6753819,293.9345939,63.2285132,1,19.7903995513916,0.2790910005569458,58766.17538189981
1922,2458766.6744329,293.9345383,63.2286985,1,19.908199310302734,0.241690993309021,58766.1744328998
1925,2458765.6768171,293.9345446,63.2285926,1,19.852100372314453,0.18518899381160736,58765.17681710003
1926,2458765.6758681,293.9344368,63.2286395,1,19.892000198364258,0.20616599917411804,58765.17586810002
1929,2458764.6761227,293.9343852,63.2285818,1,19.899799346923828,0.2257400006055832,58764.176122699864
1930,2458764.6751852,293.9343105,63.2287241,1,20.152999877929688,0.22806599736213684,58764.17518519983
1931,2458764.6437269,293.9346261,63.228616,2,19.74169921875,0.15880699455738068,58764.14372690022
1934,2458763.6575,293.9344294,63.228635,2,20.152099609375,0.23860399425029755,58763.157500000205
1936,2458762.6839699,293.9346482,63.2286279,1,19.902099609375,0.1707189977169037,58762.18396990001
1937,2458762.683044,293.9344266,63.2285765,1,19.906400680541992,0.15113499760627747,58762.18304400006
1938,2458762.6562269,293.9343452,63.2286444,2,19.872400283813477,0.23103199899196625,58762.15622689994
1939,2458762.6553125,293.9343629,63.2287104,2,20.102100372314453,0.2173680067062378,58762.15531249996
1940,2458761.6847917,293.9345248,63.2286384,1,20.09160041809082,0.2731499969959259,58761.18479169998
1941,2458761.6838657,293.93442,63.2285105,1,19.977100372314453,0.2614090144634247,58761.18386569992
1942,2458761.6565046,293.9346188,63.2285744,2,19.833799362182617,0.18044300377368927,58761.15650459984
1944,2458760.6857755,293.9345758,63.2286665,1,19.864299774169922,0.1534239947795868,58760.18577549979
1945,2458760.6848495,293.9342974,63.2286473,1,19.889999389648438,0.17764000594615936,58760.18484950019
1946,2458760.6575231,293.9343058,63.2286255,2,19.95039939880371,0.21952900290489197,58760.1575230998
1949,2458758.7013773,293.9341633,63.2286262,1,20.112300872802734,0.26892998814582825,58758.20137730008
1950,2458758.700463,293.9344681,63.2286489,1,19.934600830078125,0.2047010064125061,58758.20046300022
1951,2458758.6650694,293.9344371,63.2286742,2,19.914899826049805,0.1854649931192398,58758.16506939987
1952,2458758.6641435,293.934303,63.228548,2,20.02669906616211,0.23393100500106812,58758.16414349992
1953,2458754.6846181,293.9342712,63.2285857,1,20.065900802612305,0.19013099372386932,58754.18461810006
1954,2458754.6837037,293.9347159,63.2286216,1,19.83449935913086,0.16146999597549438,58754.18370370008
1955,2458754.6561227,293.9344725,63.2285763,2,19.815099716186523,0.1350640058517456,58754.156122699846
1956,2458754.6551968,293.9343272,63.228676,2,20.152099609375,0.16983500123023987,58754.1551967999
1957,2458751.6849421,293.9344916,63.2287096,1,20.279800415039062,0.2779029905796051,58751.1849421002
1958,2458751.6840278,293.9343566,63.2286463,1,19.906600952148438,0.21265600621700287,58751.18402779987
1959,2458751.6565046,293.9344998,63.228565,2,19.82360076904297,0.18681100010871887,58751.15650459984
1960,2458751.6555903,293.9344328,63.2285357,2,20.220399856567383,0.24327699840068817,58751.15559029998
1961,2458750.6873148,293.9343204,63.2286649,1,20.052900314331055,0.21399299800395966,58750.18731479999
1962,2458750.6864005,293.9345406,63.2287176,1,19.896799087524414,0.17609499394893646,58750.186400500126
1963,2458750.6588542,293.9341424,63.2284112,2,19.772300720214844,0.19964300096035004,58750.15885420004
1965,2458749.6870255,293.9344109,63.2286518,1,19.991600036621094,0.17678600549697876,58749.187025499996
1966,2458749.6860995,293.9345586,63.2286125,1,20.10110092163086,0.19503100216388702,58749.18609949993
1967,2458749.6585995,293.9345822,63.2286129,2,19.881900787353516,0.19221900403499603,58749.15859950008
1970,2458748.6845833,293.9343719,63.2285405,1,19.870500564575195,0.19997400045394897,58748.18458329979
1973,2458747.6863773,293.9346218,63.2287228,1,19.94099998474121,0.16159400343894958,58747.18637729995
1974,2458747.685463,293.9343466,63.2286528,1,19.86440086364746,0.14671500027179718,58747.18546300009
1975,2458747.6569792,293.9343275,63.228602,2,19.79210090637207,0.1479640007019043,58747.156979199965
1976,2458747.6560648,293.9343382,63.2286629,2,19.951200485229492,0.1447169929742813,58747.15606479999
1977,2458746.7109722,293.934484,63.2286417,1,20.03700065612793,0.18742400407791138,58746.21097220015
1978,2458746.7100579,293.9345041,63.2286877,1,19.868200302124023,0.19086100161075592,58746.21005789982
1979,2458746.6824421,293.9343017,63.2286368,2,19.72909927368164,0.20579299330711365,58746.18244209979
1981,2458745.6864931,293.9345579,63.2286232,1,19.93269920349121,0.16227099299430847,58745.18649310013
1982,2458745.6855787,293.9344615,63.2286023,1,20.13949966430664,0.18561699986457825,58745.185578700155
1983,2458745.6573611,293.9345972,63.2286616,2,19.79759979248047,0.18669800460338593,58745.15736109996
1984,2458745.6564468,293.9344527,63.2287542,2,20.3075008392334,0.26700401306152344,58745.1564468001
1985,2458744.6863773,293.9345022,63.2286529,1,19.940399169921875,0.25101301074028015,58744.18637729995
1986,2458744.685463,293.9343605,63.2286191,1,19.98940086364746,0.20452900230884552,58744.18546300009
1987,2458744.6573264,293.9343202,63.2286359,2,19.694499969482422,0.1522269994020462,58744.157326399814
1989,2458743.6873843,293.9346367,63.2285954,1,19.648399353027344,0.20126299560070038,58743.187384299934
1990,2458743.6864583,293.9343431,63.2286536,1,19.943099975585938,0.2414029985666275,58743.18645829987
1992,2458743.6574884,293.9343519,63.2286424,2,19.917999267578125,0.2283869981765747,58743.15748840012
1996,2458741.6858912,293.934557,63.2286477,1,19.75790023803711,0.27039799094200134,58741.18589119986
1998,2458741.6570718,293.9343697,63.228585,2,19.842100143432617,0.2121790051460266,58741.15707179997
2000,2458740.6890162,293.9342567,63.2285163,1,19.25309944152832,0.22087399661540985,58740.18901620014
2003,2458739.690162,293.9346141,63.2287615,1,19.637699127197266,0.2488439977169037,58739.19016199978
2004,2458739.6892477,293.9345345,63.228618,1,19.734899520874023,0.33465099334716797,58739.18924769992
2005,2458739.6566551,293.934541,63.2286316,2,19.922300338745117,0.24209199845790863,58739.156655100174
2008,2458738.6902083,293.9345013,63.2286554,1,19.855899810791016,0.3060930073261261,58738.19020830002
2009,2458738.6578935,293.9344869,63.2286624,2,19.423599243164062,0.21996699273586273,58738.157893499825
2013,2458737.791713,293.9346492,63.2286842,2,19.54640007019043,0.21221700310707092,58737.29171299981
2015,2458736.8003935,293.9345598,63.2286696,1,19.631999969482422,0.2667889893054962,58736.3003934999
2016,2458736.7998958,293.9340773,63.228646,1,19.726499557495117,0.30257999897003174,58736.299895800184
2019,2458735.7918866,293.9346319,63.2286803,1,19.629899978637695,0.18139499425888062,58735.2918866002
2020,2458735.7913889,293.9343812,63.2287776,1,19.813199996948242,0.23928099870681763,58735.29138890002
2021,2458735.7684838,293.9343013,63.2286524,2,19.6382999420166,0.179640993475914,58735.26848379988
2022,2458735.7679861,293.934487,63.2287054,2,19.78030014038086,0.16840900480747223,58735.26798610017
2023,2458734.7932986,293.9344958,63.2287,1,19.716899871826172,0.21499499678611755,58734.293298599776
2024,2458734.7928125,293.934653,63.2285386,1,19.788999557495117,0.2201700061559677,58734.29281250015
2025,2458734.7698843,293.9343939,63.2286793,2,19.937700271606445,0.25567901134490967,58734.26988429995
2027,2458733.7920602,293.9344928,63.2286116,1,19.7189998626709,0.1389240026473999,58733.292060200125
2028,2458733.7915741,293.9343782,63.2286903,1,19.623699188232422,0.12905099987983704,58733.29157410003
2029,2458733.7686111,293.9345866,63.2286107,2,19.77239990234375,0.1576240062713623,58733.26861110004
2030,2458733.7681134,293.9344359,63.2286681,2,19.773000717163086,0.17888300120830536,58733.268113399856
2031,2458732.7927315,293.9345877,63.2286462,1,19.64240074157715,0.14435100555419922,58732.29273150023
2032,2458732.7922454,293.934376,63.2286563,1,19.868000030517578,0.15710900723934174,58732.29224540014
2033,2458732.7690162,293.9344132,63.2285696,2,19.830900192260742,0.2043129950761795,58732.26901620021
2034,2458732.7685301,293.9344945,63.2286277,2,19.78420066833496,0.155116006731987,58732.26853010012
2035,2458730.794456,293.9344577,63.2286635,1,19.783899307250977,0.17918799817562103,58730.294455999974
2036,2458730.7939583,293.9343953,63.2286911,1,19.780899047851562,0.18231000006198883,58730.29395829979
2037,2458730.770463,293.9345487,63.2286124,2,20.054800033569336,0.23505899310112,58730.27046300005
2038,2458730.7699653,293.9340995,63.228596,2,19.83690071105957,0.20921500027179718,58730.26996529987
2039,2458727.8171644,293.93456,63.228631,1,19.848400115966797,0.16560499370098114,58727.31716440013
2040,2458727.8166782,293.9343134,63.2286475,1,19.725099563598633,0.1474439948797226,58727.31667819992
2041,2458727.7943403,293.934356,63.2286079,2,19.71299934387207,0.15775500237941742,58727.29434029991
2042,2458727.7938542,293.9344598,63.2288143,2,19.919300079345703,0.16891999542713165,58727.293854199816
2043,2458726.7957523,293.9345241,63.2286553,1,19.6653995513916,0.1352899968624115,58726.29575229995
2044,2458726.7952662,293.9344845,63.2287642,1,19.939300537109375,0.19476200640201569,58726.29526619986
2045,2458726.7706713,293.9343661,63.2286201,2,19.653600692749023,0.1631840020418167,58726.270671300124
2047,2458725.7944676,293.9344107,63.2286535,1,19.743200302124023,0.13905400037765503,58725.29446760006
2048,2458725.7939699,293.9343018,63.228712,1,19.78660011291504,0.16182799637317657,58725.29396989988
2049,2458725.769213,293.9344406,63.2286538,2,19.71430015563965,0.14111299812793732,58725.26921299985
2050,2458724.8181597,293.9345644,63.228607,1,19.625999450683594,0.13685700297355652,58724.318159699906
2051,2458724.817662,293.9343323,63.2286593,1,19.762300491333008,0.16311800479888916,58724.31766200019
2052,2458724.7947222,293.9344448,63.2285984,2,19.679899215698242,0.15397900342941284,58724.294722199906
2053,2458724.7942361,293.9343916,63.2286623,2,19.773300170898438,0.13317100703716278,58724.29423609981
2054,2458723.818125,293.9346249,63.2286303,1,19.655000686645508,0.14996400475502014,58723.31812500022
2055,2458723.8176389,293.9344604,63.2285944,1,19.813499450683594,0.1550920009613037,58723.31763890013
2056,2458723.7946759,293.9346324,63.2285848,2,19.682100296020508,0.18340300023555756,58723.294675900135
2058,2458722.7961343,293.9346101,63.2286134,1,19.795799255371094,0.1883160024881363,58722.296134300064
2059,2458722.7956481,293.9344091,63.2286704,1,19.746299743652344,0.14130899310112,58722.295648099855
2060,2458722.7707292,293.9343844,63.228631,2,19.735000610351562,0.1310950070619583,58722.27072919998
2061,2458722.7702315,293.9343245,63.2286748,2,20.077600479125977,0.1416189968585968,58722.2702314998
2062,2458721.796956,293.9347423,63.2285987,1,20.35930061340332,0.259333997964859,58721.29695599992
2066,2458720.8160764,293.9344521,63.2286648,1,19.65180015563965,0.15218199789524078,58720.316076400224
2067,2458720.8155903,293.9345324,63.2286343,1,19.910499572753906,0.18165700137615204,58720.31559030013
2068,2458720.7916898,293.9344508,63.2286042,2,19.69339942932129,0.14895099401474,58720.2916898001
2070,2458719.7977894,293.9344644,63.2286439,1,19.76449966430664,0.1717499941587448,58719.29778939998
2071,2458719.7973032,293.9344614,63.2285659,1,19.695600509643555,0.17880800366401672,58719.29730319977
2072,2458719.7709028,293.9342825,63.2285336,2,19.686199188232422,0.2211270034313202,58719.27090279991
2073,2458719.7704051,293.9345752,63.2285986,2,20.065099716186523,0.20131799578666687,58719.27040510019
2074,2458718.8170486,293.9345556,63.2286609,1,19.669200897216797,0.13836799561977386,58718.31704859994
2075,2458718.8165509,293.934462,63.228507,1,19.754499435424805,0.20866799354553223,58718.31655090023
2076,2458718.7919444,293.9344778,63.2286416,2,19.68589973449707,0.1575240045785904,58718.29194439994
2078,2458717.7971991,293.934497,63.2286643,1,19.622800827026367,0.18822400271892548,58717.29719909979
2079,2458717.7967014,293.9345388,63.2286771,1,19.766700744628906,0.16084499657154083,58717.296701400075
2080,2458717.7702431,293.9343905,63.2286622,2,19.780000686645508,0.1818220019340515,58717.27024309989
2081,2458717.7697454,293.934362,63.2287248,2,19.740800857543945,0.13140399754047394,58717.269745400175
2082,2458716.816713,293.9345762,63.2286331,1,19.709999084472656,0.15759700536727905,58716.31671300018
2083,2458716.8162269,293.9344425,63.228631,1,19.701099395751953,0.19146700203418732,58716.31622690009
2084,2458716.7914352,293.9345014,63.2286461,2,19.938400268554688,0.18366900086402893,58716.29143519979
2086,2458715.7968634,293.9345052,63.2286857,1,19.71299934387207,0.15411299467086792,58715.29686339991
2087,2458715.7963657,293.9345782,63.2286103,1,19.710899353027344,0.18522800505161285,58715.2963657002
2088,2458715.7703125,293.9344265,63.2285424,2,19.614700317382812,0.17309099435806274,58715.270312500186
2089,2458715.7698264,293.9344981,63.2286715,2,19.940399169921875,0.18374300003051758,58715.269826400094
2090,2458714.7116088,293.934566,63.2286381,1,19.714399337768555,0.16600599884986877,58714.211608800106
2091,2458714.7111227,293.93461,63.2286407,1,19.654600143432617,0.14376400411128998,58714.21112270001
2092,2458714.6861227,293.934385,63.228645,2,19.61440086364746,0.13833299279212952,58714.186122700106
2097,2458711.710544,293.9344961,63.2285996,1,19.605499267578125,0.21575500071048737,58711.210543999914
2100,2458710.7116551,293.9345478,63.2286756,1,19.58799934387207,0.19805200397968292,58710.211655099876
2101,2458710.711169,293.9345285,63.2286696,1,19.60890007019043,0.23096400499343872,58710.211168999784
2102,2458710.6861806,293.9344464,63.228698,2,19.6781005859375,0.2044370025396347,58710.186180599965
2103,2458710.6856829,293.934261,63.2285578,2,20.087499618530273,0.28557199239730835,58710.185682899784
2104,2458709.7395486,293.9343923,63.2286245,1,19.61520004272461,0.21686600148677826,58709.23954859981
2106,2458709.7098032,293.9345187,63.2285837,2,19.614900588989258,0.20973999798297882,58709.20980319986
2107,2458709.7024074,293.9344607,63.2286255,2,19.77750015258789,0.20085400342941284,58709.202407400124
2108,2458708.7398611,293.9345594,63.2286443,1,19.40760040283203,0.21854500472545624,58708.23986109998
2109,2458708.73125,293.9344031,63.2287024,1,19.854299545288086,0.24217599630355835,58708.231250000186
2110,2458708.7101505,293.9344768,63.2286399,2,19.699499130249023,0.19580599665641785,58708.21015049983
2111,2458707.7385069,293.9346404,63.2285556,1,19.657800674438477,0.22526399791240692,58707.23850690015
2112,2458707.7301273,293.9344231,63.2287012,1,19.673099517822266,0.21643300354480743,58707.230127300136
2113,2458707.7086806,293.9345565,63.2285844,2,19.625900268554688,0.23536799848079681,58707.20868059993
2114,2458707.7014931,293.9345061,63.2286543,2,19.94300079345703,0.16168899834156036,58707.2014930998
2115,2458706.7416204,293.9344021,63.2286578,1,19.5757999420166,0.2090190052986145,58706.24162039999
2116,2458706.7332176,293.9343312,63.2286613,1,19.724899291992188,0.16289499402046204,58706.2332175998
2117,2458706.7117708,293.9343463,63.2286096,2,19.606300354003906,0.15546399354934692,58706.21177079994
2119,2458705.7385995,293.9344386,63.2286679,1,19.730100631713867,0.20152199268341064,58705.23859950015
2120,2458705.730463,293.9345897,63.2285902,1,19.49970054626465,0.13987800478935242,58705.230463000014
2121,2458705.7090856,293.9344695,63.2286619,2,19.587900161743164,0.1839209944009781,58705.209085599985
2123,2458704.8184375,293.9344639,63.2285983,1,19.843399047851562,0.16088099777698517,58704.318437499925
2124,2458704.8116782,293.9345194,63.2286055,1,19.73080062866211,0.1781419962644577,58704.31167820003
2125,2458704.7917477,293.9345283,63.2286477,2,19.709400177001953,0.2359520047903061,58704.29174769996
2126,2458704.7842477,293.9342982,63.2286549,2,19.847299575805664,0.17013099789619446,58704.284247700125
2127,2458703.8229282,293.9345663,63.2285956,1,19.630599975585938,0.10937099903821945,58703.32292820001
2128,2458703.8162037,293.9344462,63.2286488,1,19.76099967956543,0.16584399342536926,58703.31620369991
2129,2458703.7970486,293.9344674,63.2285797,2,19.686500549316406,0.18929900228977203,58703.297048599925
2130,2458703.7970486,293.9344472,63.2285833,2,19.744300842285156,0.2009280025959015,58703.297048599925
2132,2458702.8225579,293.934457,63.2286865,1,19.65220069885254,0.14740799367427826,58702.3225579001
2133,2458702.8157639,293.9344468,63.2286482,1,19.78260040283203,0.1447329968214035,58702.31576390006
2134,2458702.7953356,293.934586,63.2286055,2,19.6924991607666,0.1239589974284172,58702.29533560015
2136,2458701.8234259,293.9345444,63.2286618,1,19.71660041809082,0.1455720067024231,58701.32342590019
2137,2458701.8165972,293.9344214,63.2286576,1,19.769500732421875,0.13794000446796417,58701.3165972
2138,2458701.7960069,293.9345785,63.2285935,2,19.594499588012695,0.1327580064535141,58701.29600689979
2139,2458701.7883912,293.9344403,63.2286633,2,19.817100524902344,0.13052299618721008,58701.288391199894
2140,2458700.8199884,293.9345187,63.2286345,1,19.7278995513916,0.15897400677204132,58700.31998840021
2141,2458700.8130093,293.9344382,63.2286747,1,19.85610008239746,0.13908299803733826,58700.3130092998
2142,2458700.7924074,293.9344342,63.228621,2,19.725200653076172,0.1437709927558899,58700.292407399975
2144,2458699.8234259,293.9343855,63.2286233,1,19.628599166870117,0.15663200616836548,58699.32342590019
2145,2458699.8164583,293.9345939,63.2287986,1,19.73040008544922,0.1585180014371872,58699.31645830022
2146,2458699.7958449,293.9344862,63.2286363,2,19.58099937438965,0.15135100483894348,58699.295844899956
2147,2458699.7879977,293.9343018,63.2287303,2,19.89109992980957,0.20115000009536743,58699.28799769981
2150,2458698.7957639,293.9346644,63.2286269,2,19.614099502563477,0.18397299945354462,58698.29576390004
2151,2458697.8334954,293.9344165,63.2285894,1,19.824600219726562,0.1612890064716339,58697.333495399915
2152,2458697.8144097,293.9344797,63.2285765,2,19.816200256347656,0.17582100629806519,58697.31440970022
2153,2458697.807037,293.9343978,63.2286772,2,19.8617000579834,0.1332319974899292,58697.30703700008
2154,2458696.8214815,293.9344678,63.2286481,1,19.641000747680664,0.156482994556427,58696.32148149982
2155,2458696.8142477,293.9344389,63.2286271,1,19.87459945678711,0.1491820067167282,58696.31424769992
2156,2458696.7933565,293.9344796,63.228609,2,19.65130043029785,0.12897099554538727,58696.2933565001
2158,2458695.8203241,293.9345087,63.2286565,1,19.62969970703125,0.12588800489902496,58695.32032410009
2159,2458695.8129745,293.9343715,63.2285614,1,20.049299240112305,0.23412199318408966,58695.312974500004
2162,2458694.8496065,293.9347389,63.2286888,2,19.734699249267578,0.20879299938678741,58694.34960650001
2163,2458694.8463194,293.934616,63.2286438,2,19.94610023498535,0.16788899898529053,58694.346319399774
2165,2458694.8107639,293.9344086,63.2286553,1,19.572599411010742,0.11921299993991852,58694.31076390017
2166,2458693.8523727,293.9345442,63.2286157,2,19.79400062561035,0.183569997549057,58693.35237269988
2167,2458693.7990509,293.9344778,63.2286685,1,19.754899978637695,0.14172400534152985,58693.299050900154
2168,2458693.7644097,293.9344806,63.2286304,1,19.872699737548828,0.1725739985704422,58693.26440969994
2169,2458692.8425116,293.9346094,63.2286244,2,19.862300872802734,0.18304400146007538,58692.34251159988
2170,2458692.8319676,293.9343872,63.2286023,2,20.070100784301758,0.1760219931602478,58692.331967600156
2171,2458691.8823611,293.9345912,63.2286329,2,19.6299991607666,0.15377700328826904,58691.382361100055
2173,2458691.8018056,293.9344372,63.2286556,1,19.572799682617188,0.10311000049114227,58691.30180560006
2174,2458691.7981829,293.9344834,63.2286145,1,19.568199157714844,0.13171400129795074,58691.298182900064
2176,2458690.786956,293.9344296,63.2286541,1,19.594200134277344,0.13255800306797028,58690.28695600014
2177,2458688.8842477,293.9345843,63.2286629,2,19.921499252319336,0.15253500640392303,58688.38424770022
2178,2458688.881956,293.9344742,63.2284789,2,19.81329917907715,0.2529720067977905,58688.38195599988
2179,2458688.8271644,293.9343551,63.2286235,1,19.963199615478516,0.22176800668239594,58688.3271643999
2180,2458688.8262037,293.9345599,63.2286423,1,19.49410057067871,0.14365200698375702,58688.326203700155
2181,2458685.8772685,293.9344871,63.2286651,1,19.64550018310547,0.16923299431800842,58685.37726850016
2182,2458685.8706481,293.9344184,63.2287088,1,19.88450050354004,0.1912039965391159,58685.37064810004
2183,2458685.8528125,293.9345817,63.2286124,2,19.6653995513916,0.1559789925813675,58685.352812500205
2185,2458684.7795949,293.9344161,63.2286161,1,19.768299102783203,0.29447299242019653,58684.27959490009
2186,2458684.7721296,293.9344365,63.2286795,1,19.55229949951172,0.2501780092716217,58684.272129599936
2188,2458684.7441898,293.9344067,63.2286673,2,19.778600692749023,0.15936900675296783,58684.24418980023
2190,2458683.7820718,293.9342834,63.2286205,1,19.685699462890625,0.17711199820041656,58683.28207179997
2191,2458683.7607986,293.934539,63.2285854,2,19.822900772094727,0.19769999384880066,58683.26079860004
2192,2458683.7539583,293.9342757,63.2285918,2,20.02560043334961,0.20092199742794037,58683.25395830022
2193,2458683.7320718,293.9345267,63.2286592,2,19.74209976196289,0.17976300418376923,58683.23207180016
2195,2458682.7774884,293.9346028,63.2286558,2,19.53580093383789,0.19279199838638306,58682.27748840023
2197,2458682.7213657,293.9344973,63.2286094,1,19.68939971923828,0.21185000240802765,58682.22136570001
2198,2458682.7176157,293.9344303,63.2285779,1,19.713600158691406,0.20246100425720215,58682.21761569986
2199,2458681.9231134,293.9345531,63.2286281,2,19.62150001525879,0.206618994474411,58681.42311340012
2201,2458681.7183565,293.9343798,63.228703,1,19.59000015258789,0.2400829941034317,58681.218356499914
2202,2458680.9553356,293.9347799,63.2287197,1,19.747299194335938,0.28569701313972473,58680.455335599836
2204,2458680.77875,293.934562,63.2285768,2,19.78860092163086,0.22498199343681335,58680.278750000056
2206,2458679.8000116,293.9345052,63.2285365,1,19.828899383544922,0.30924901366233826,58679.3000115999
2209,2458678.9318403,293.934697,63.2286293,1,19.898300170898438,0.21324999630451202,58678.431840300094
2211,2458678.7371644,293.9346075,63.228643,2,19.608200073242188,0.19665400683879852,58678.23716440005
2212,2458677.8496875,293.9342695,63.2286598,1,19.757600784301758,0.2117989957332611,58677.349687499925
2213,2458677.7608333,293.9346027,63.2287473,2,19.7947998046875,0.1694220006465912,58677.260833300184
2214,2458677.7598727,293.9345453,63.2286404,2,19.810800552368164,0.17700199782848358,58677.25987270009
2215,2458674.8475463,293.9344225,63.2286953,1,19.81909942626953,0.15160299837589264,58674.34754629992
2216,2458674.8466319,293.9343921,63.2286651,1,19.87700080871582,0.1402280032634735,58674.34663189994
2219,2458668.8495833,293.9342825,63.228636,2,20.105199813842773,0.13159699738025665,58668.34958329983
2220,2458668.848206,293.9345379,63.228608,2,19.90690040588379,0.17266300320625305,58668.34820599994
2221,2458668.8111574,293.9343692,63.2286534,1,19.762100219726562,0.17076599597930908,58668.31115739979
2222,2458668.8101852,293.9343499,63.2286292,1,19.69029998779297,0.12571799755096436,58668.31018520007
2223,2458665.9297338,293.9346229,63.2285351,2,20.114700317382812,0.19566500186920166,58665.42973379977
2225,2458665.7426968,293.9343844,63.2286652,1,19.816200256347656,0.12992599606513977,58665.2426967998
2226,2458665.7417245,293.9343031,63.2286609,1,19.741300582885742,0.13664500415325165,58665.24172449997
2227,2458663.9477315,293.9344385,63.2287012,1,19.699600219726562,0.2088959962129593,58663.447731500026
2228,2458663.9463426,293.9344839,63.2286812,1,19.940799713134766,0.2521989941596985,58663.446342600044
2229,2458663.8474653,293.9344132,63.2286016,2,19.883499145507812,0.1681870073080063,58663.3474653
2231,2458662.9373727,293.9343442,63.2286726,1,19.886600494384766,0.16069099307060242,58662.437372699846
2232,2458662.8317245,293.934353,63.2286469,2,19.773000717163086,0.1464579999446869,58662.33172449982
2233,2458661.9480556,293.9345261,63.2286966,1,19.84320068359375,0.16530199348926544,58661.448055599816
2234,2458661.9475694,293.9343371,63.2286227,1,19.76729965209961,0.17548300325870514,58661.44756940007
2235,2458661.8474884,293.9344009,63.2287259,2,20.180400848388672,0.17518499493598938,58661.34748840006
2236,2458661.8428472,293.9344447,63.2286333,2,19.952999114990234,0.14949500560760498,58661.34284720011
2237,2458660.9795949,293.9345758,63.2286132,2,19.958099365234375,0.238973006606102,58660.47959489981
2238,2458660.9757986,293.9344154,63.2286819,2,20.19659996032715,0.20229600369930267,58660.47579859989
2239,2458660.9333333,293.9344758,63.2286418,1,19.85409927368164,0.2010589987039566,58660.433333300054
2241,2458658.9768287,293.9346449,63.2286577,1,19.72319984436035,0.2390729933977127,58658.47682869993
2242,2458658.9494329,293.9344877,63.2286016,1,19.962600708007812,0.2093459963798523,58658.449432900175
2243,2458658.8928935,293.9343932,63.228624,2,20.04520034790039,0.17041300237178802,58658.39289350016
2244,2458658.8896991,293.9345016,63.2286851,2,19.98819923400879,0.15882399678230286,58658.38969910005
2245,2458657.9087731,293.9344197,63.2286088,2,20.03339958190918,0.18907299637794495,58657.4087731
2246,2458657.895162,293.9345356,63.2287461,2,20.08530044555664,0.23446999490261078,58657.395161999855
2248,2458655.8408218,293.9345885,63.2285985,2,19.818099975585938,0.2122959941625595,58655.34082179982
2249,2458655.8031597,293.9347748,63.228734,1,19.750999450683594,0.23520299792289734,58655.303159699775
2250,2458655.7897801,293.9346255,63.2286329,1,19.721099853515625,0.26091399788856506,58655.289780099876
2251,2458654.931331,293.9345942,63.2286796,2,19.761899948120117,0.19670000672340393,58654.431330999825
2258,2458649.8599306,293.9344173,63.2287023,1,19.920900344848633,0.2634199857711792,58649.35993060004
2260,2458648.8733333,293.9343512,63.2286202,1,19.654199600219727,0.1825529932975769,58648.3733333
2261,2458645.9298148,293.9343893,63.2286362,1,19.899900436401367,0.13756200671195984,58645.429814800154
2262,2458645.9288542,293.9345898,63.2287059,1,19.8882999420166,0.15313899517059326,58645.42885420006
2264,2458642.979375,293.9346393,63.2286271,2,19.971799850463867,0.20277400314807892,58642.47937500011
2265,2458642.9496644,293.9345383,63.2286511,2,20.20709991455078,0.18355600535869598,58642.44966439996
2266,2458642.9342593,293.9345198,63.2285933,1,19.85460090637207,0.14809800684452057,58642.43425930012
2267,2458639.9216551,293.9343968,63.2286076,1,19.938800811767578,0.12260399758815765,58639.42165509984
2268,2458639.9207292,293.9344374,63.2286431,1,19.773300170898438,0.15630699694156647,58639.42072919989
2270,2458636.9423495,293.9343146,63.2286401,1,19.956300735473633,0.1581369936466217,58636.44234950002
2271,2458636.9409606,293.9344025,63.2286426,1,19.825000762939453,0.11941099911928177,58636.44096060004
2272,2458636.9113194,293.934606,63.2286884,2,20.070600509643555,0.14577700197696686,58636.411319400184
2274,2458633.951875,293.9343883,63.228577,1,19.879899978637695,0.22339800000190735,58633.451874999795
2275,2458633.9509491,293.9344649,63.2286361,1,19.84589958190918,0.15174899995326996,58633.450949099846
2276,2458633.8424421,293.9343247,63.2287144,2,20.257099151611328,0.20733299851417542,58633.342442099936
2277,2458633.8415046,293.9344504,63.2286162,2,19.914499282836914,0.2861500084400177,58633.3415045999
2279,2458627.9096412,293.9344493,63.2285709,2,19.800100326538086,0.22038699686527252,58627.40964120021
2280,2458617.9541088,293.9343764,63.2286436,1,19.85770034790039,0.14434599876403809,58617.45410879981
2281,2458617.8703588,293.9346287,63.2286018,2,20.000999450683594,0.2542319893836975,58617.37035880005
2283,2458612.8939236,293.9343558,63.228611,1,19.9242000579834,0.1455249935388565,58612.393923600204
2285,2458608.9321296,293.9342618,63.2286412,1,20.02359962463379,0.22604699432849884,58608.432129600085
2286,2458606.9709028,293.93448,63.2286683,1,20.018600463867188,0.15689300000667572,58606.470902800094
2287,2458606.8719792,293.9345368,63.2285941,2,20.105499267578125,0.1951580047607422,58606.371979199816
2289,2458596.9969907,293.9341881,63.2285791,1,20.182600021362305,0.38576000928878784,58596.49699069979
2290,2458588.9934491,293.934318,63.2286445,1,19.9783992767334,0.1837020069360733,58588.49344909983
2291,2458588.9516435,293.9345408,63.2285667,2,20.128799438476562,0.25449201464653015,58588.45164350001
2294,2458585.9315394,293.9344701,63.2285457,2,20.24209976196289,0.23975899815559387,58585.431539400015
2296,2458584.9707755,293.9343043,63.2286744,1,20.184999465942383,0.2194489985704422,58584.47077549994
2298,2458581.9724769,293.9345619,63.228582,1,20.197900772094727,0.28937798738479614,58581.47247690009
