,jd,ra,dec,fid,magpsf,sigmapsf,mjd
0,2461030.658044,314.2638611,43.6956504,2,18.207107543945312,0.11284621059894562,61030.158044000156
1,2461030.6004167,314.2637922,43.6955991,1,19.929000854492188,0.21657299995422363,61030.10041669989
2,2461028.6370833,314.2639432,43.6956997,1,19.13920021057129,0.15676400065422058,61028.137083299924
3,2461028.5893287,314.2639166,43.6956628,2,17.3075008392334,0.08278100192546844,61028.08932870021
4,2461026.6854051,314.2638802,43.6957209,1,18.855899810791016,0.14368799328804016,61026.18540510023
5,2461026.5996065,314.2639088,43.6956642,2,17.311800003051758,0.05834700167179108,61026.09960650001
6,2461023.6575463,314.2638839,43.6957415,2,18.072599411010742,0.09264399856328964,61023.157546299975
7,2461023.5963426,314.2637541,43.6956268,1,19.75860023498535,0.1948779970407486,61023.09634259995
8,2461021.6129861,314.2638829,43.6956853,1,19.479999542236328,0.1355309933423996,61021.112986099906
9,2461021.5918634,314.263965,43.6956673,2,17.815900802612305,0.10167399793863297,61021.09186339984
10,2461017.7052894,314.2638848,43.6956274,2,17.971399307250977,0.0854329988360405,61017.20528940018
12,2461015.659919,314.2638641,43.6956031,2,18.085500717163086,0.13048000633716583,61015.15991900023
14,2461013.6505556,314.2639369,43.6956674,2,18.04759979248047,0.11641599982976913,61013.15055559995
15,2461003.6631366,314.2638875,43.6956334,2,17.7185001373291,0.09740400314331055,61003.16313660005
16,2461003.6034838,314.2638117,43.6956838,1,19.44420051574707,0.16796700656414032,61003.103483799845
17,2461003.6034838,314.2638117,43.6956838,1,19.44420051574707,0.16796700656414032,61003.103483799845
18,2460990.6438657,314.2639046,43.6956879,1,20.01289939880371,0.18773199617862701,60990.14386569988
19,2460990.6117708,314.263917,43.6956836,2,17.8617000579834,0.10152000188827515,60990.11177079985
20,2460988.6249653,314.2638823,43.6957045,1,19.3927001953125,0.12751300632953644,60988.12496529985
22,2460988.5933333,314.2639178,43.6956619,2,17.461700439453125,0.050884999334812164,60988.0933333002
24,2460986.6593866,314.2639328,43.6956545,2,17.63330078125,0.0593160018324852,60986.1593865999
26,2460986.6159491,314.2639174,43.6956917,1,19.16189956665039,0.124379001557827,60986.11594909988
29,2460980.653044,314.2639173,43.6956818,1,18.777999877929688,0.09921199828386307,60980.1530439998
30,2460980.6390509,314.2639349,43.6956635,2,17.158100128173828,0.05751999840140343,60980.139050900005
31,2460980.6390509,314.2639349,43.6956635,2,17.158100128173828,0.05751999840140343,60980.139050900005
32,2460978.7441667,314.263897,43.6957542,1,19.312700271606445,0.17142899334430695,60978.24416670017
33,2460978.670625,314.2638767,43.6956577,2,17.774499893188477,0.09479299932718277,60978.170624999795
35,2460976.6328819,314.2638913,43.6956485,2,18.13599967956543,0.09268300235271454,60976.13288189983
37,2460974.6832755,314.2638999,43.6956983,1,18.896699905395508,0.11792799830436707,60974.18327549985
39,2460974.6375,314.2639234,43.6956738,2,17.31209945678711,0.05219300091266632,60974.137500000186
40,2460972.6822801,314.2639045,43.6956705,2,17.287200927734375,0.038596998900175095,60972.18228009995
41,2460972.6398148,314.2638806,43.6957098,1,19.01140022277832,0.12300100177526474,60972.13981480012
43,2460969.7585648,314.2638761,43.6956747,2,18.11639976501465,0.07491499930620193,60969.258564800024
45,2460969.7185532,314.2638667,43.6955741,1,19.743900299072266,0.16408300399780273,60969.2185531999
47,2460967.8385301,314.2638636,43.6956488,1,19.285600662231445,0.14146000146865845,60967.33853009995
49,2460967.7629398,314.2639181,43.6956508,2,17.616300582885742,0.041381001472473145,60967.26293980004
51,2460965.761331,314.2639432,43.695642,2,17.237600326538086,0.048861000686883926,60965.2613309999
52,2460961.6537269,314.2639404,43.6957022,2,18.66629981994629,0.10921300202608109,60961.1537269
56,2460956.6617593,314.2639176,43.6956717,2,17.896299362182617,0.0847110003232956,60956.16175930016
58,2460954.6341319,314.2638052,43.6956715,2,18.423500061035156,0.14836199581623077,60954.134131900035
60,2460950.7190046,314.2638873,43.6956737,1,19.04319953918457,0.10392100363969803,60950.21900459984
61,2460950.6840162,314.2638887,43.6956211,2,17.24489974975586,0.07732400298118591,60950.18401619978
62,2460948.7534259,314.2637664,43.6956041,1,19.452699661254883,0.24777600169181824,60948.25342589989
63,2460948.7162616,314.26392,43.6956811,2,17.702699661254883,0.08594100177288055,60948.216261600144
65,2460943.7422685,314.2638789,43.6956757,2,18.467300415039062,0.16925199329853058,60943.24226849992
67,2460941.7845833,314.2637969,43.6957032,1,19.4689998626709,0.1467760056257248,60941.28458329989
68,2460941.7845833,314.2637969,43.6957032,1,19.4689998626709,0.1467760056257248,60941.28458329989
69,2460941.6997801,314.2638936,43.6956424,2,17.70210075378418,0.049692001193761826,60941.199780100025
71,2460938.6688542,314.2639644,43.6955993,2,18.672300338745117,0.10081300139427185,60938.168854199816
72,2460934.8241782,314.2638475,43.6956476,1,19.245100021362305,0.12867200374603271,60934.324178200215
74,2460934.7566435,314.2639332,43.6956755,2,17.502500534057617,0.0815109983086586,60934.25664350018
76,2460932.786875,314.263889,43.6956627,1,19.192684173583984,0.10271905362606049,60932.28687500022
77,2460932.786875,314.263889,43.6956627,1,19.192699432373047,0.10271900147199631,60932.28687500022
78,2460932.7603819,314.2638933,43.6956619,2,17.605899810791016,0.06991399824619293,60932.260381899774
79,2460929.7940394,314.2639583,43.6955851,1,19.758699417114258,0.27682799100875854,60929.29403939983
80,2460929.7199884,314.2639474,43.6956795,2,17.83289909362793,0.11238499730825424,60929.21998840012
81,2460927.8261343,314.2638911,43.6956536,1,19.35219955444336,0.1410290002822876,60927.32613429986
82,2460927.7169213,314.2639265,43.6956653,2,17.57159996032715,0.06398800015449524,60927.21692130016
83,2460927.7169213,314.2639265,43.6956653,2,17.57159996032715,0.06398800015449524,60927.21692130016
84,2460925.7553241,314.2639183,43.6956942,1,19.1914005279541,0.18267500400543213,60925.255324100144
85,2460925.6959491,314.263941,43.6956552,2,17.63949966430664,0.09672299772500992,60925.19594909996
86,2460923.7959722,314.2639034,43.6957183,2,18.01919937133789,0.09650299698114395,60923.29597220011
87,2460923.7959722,314.2639034,43.6957183,2,18.01919937133789,0.09650299698114395,60923.29597220011
88,2460923.6795139,314.2638837,43.6955716,1,19.571300506591797,0.20960800349712372,60923.179513900075
89,2460921.754919,314.2638674,43.6957237,1,19.463300704956055,0.17678199708461761,60921.25491899997
90,2460919.8104167,314.2638752,43.6956719,1,18.868499755859375,0.09712599962949753,60919.31041669985
91,2460919.7520139,314.2639374,43.6956785,2,17.137399673461914,0.06052200123667717,60919.25201389985
92,2460917.8386111,314.2639288,43.6956533,2,17.476900100708008,0.06074700132012367,60917.33861109987
93,2460917.7900579,314.2638828,43.6956909,1,19.16029930114746,0.1085669994354248,60917.290057899896
94,2460917.7900579,314.2638828,43.6956909,1,19.16029930114746,0.1085669994354248,60917.290057899896
95,2460914.7774074,314.263819,43.6956768,1,19.426599502563477,0.1499370038509369,60914.277407399844
96,2460914.7366782,314.2639173,43.695673,2,17.67770004272461,0.07629399746656418,60914.23667819984
97,2460911.832963,314.2639389,43.6956811,2,17.175800323486328,0.06446199864149094,60911.33296300005
98,2460911.7358565,314.2638647,43.6956646,1,18.904699325561523,0.10589499771595001,60911.23585649999
99,2460909.8199537,314.2638328,43.6956642,1,19.310699462890625,0.10261700302362442,60909.31995370006
100,2460905.8304398,314.2637804,43.6957062,1,19.843299865722656,0.2378239929676056,60905.33043979993
101,2460903.790544,314.2639437,43.6956287,2,17.766021728515625,0.06124741584062576,60903.29054399999
102,2460903.790544,314.2639437,43.6956287,2,17.766000747680664,0.061246998608112335,60903.29054399999
103,2460903.7485995,314.2637743,43.6956556,1,19.714399337768555,0.11552499979734421,60903.24859949993
104,2460903.7485995,314.2637743,43.6956556,1,19.714399337768555,0.11552499979734421,60903.24859949993
105,2460901.7261111,314.2638694,43.6956554,1,19.559099197387695,0.13254700601100922,60901.226111100055
106,2460901.7261111,314.2638694,43.6956554,1,19.559099197387695,0.13254700601100922,60901.226111100055
107,2460901.6959491,314.2639444,43.6956781,2,17.90730094909668,0.06510300189256668,60901.19594909996
108,2460901.6959491,314.2639444,43.6956781,2,17.90730094909668,0.06510300189256668,60901.19594909996
109,2460899.9082755,314.2638442,43.6957039,1,19.634599685668945,0.22604799270629883,60899.40827549994
110,2460899.7561574,314.2639076,43.6956558,2,17.668149948120117,0.06951410323381424,60899.25615740009
111,2460899.7561574,314.2639076,43.6956558,2,17.668100357055664,0.06951399892568588,60899.25615740009
112,2460897.7417014,314.263923,43.6956681,2,17.351045608520508,0.0800953134894371,60897.24170139991
113,2460897.7417014,314.263923,43.6956681,2,17.35099983215332,0.08009500056505203,60897.24170139991
114,2460897.6958449,314.2638661,43.6956997,1,18.9591007232666,0.15338300168514252,60897.19584489986
115,2460895.7370602,314.263911,43.695625,2,17.428199768066406,0.06228899955749512,60895.23706019996
116,2460895.6998843,314.263905,43.6956706,1,19.059099197387695,0.21725299954414368,60895.19988430012
117,2460892.913669,314.2639225,43.695638,2,17.68869972229004,0.06542100012302399,60892.413668999914
118,2460892.8896412,314.263862,43.6956694,1,19.444799423217773,0.1669040024280548,60892.38964120019
119,2460892.8896412,314.263862,43.6956694,1,19.444799423217773,0.1669040024280548,60892.38964120019
120,2460890.8182755,314.2638725,43.6956666,1,18.901599884033203,0.12670600414276123,60890.31827550009
121,2460888.8586574,314.2638549,43.6956451,1,18.697399139404297,0.08026500046253204,60888.358657400124
122,2460888.8,314.2639212,43.6956629,2,17.086700439453125,0.052122000604867935,60888.299999999814
123,2460888.8,314.2639212,43.6956629,2,17.086700439453125,0.052122000604867935,60888.299999999814
124,2460886.8035417,314.2639284,43.6956718,2,17.256999969482422,0.06923899799585342,60886.30354169989
125,2460886.7783796,314.2638774,43.6956861,1,18.94580078125,0.06877800077199936,60886.27837960003
126,2460884.8266319,314.2638592,43.6956886,1,19.29840087890625,0.119548000395298,60884.32663189992
127,2460884.7824421,314.2639077,43.695646,2,17.49920082092285,0.06522700190544128,60884.28244209988
128,2460882.8466319,314.2638806,43.6956737,1,18.7637996673584,0.09362699836492538,60882.34663189994
129,2460882.8035764,314.2639401,43.6956528,2,17.09910011291504,0.04603400081396103,60882.30357640004
131,2460880.8786574,314.2639291,43.6956381,2,17.09223175048828,0.04101813584566116,60880.37865740014
132,2460880.8786574,314.2639291,43.6956381,2,17.092199325561523,0.04101800173521042,60880.37865740014
133,2460880.8241551,314.263906,43.6956832,1,18.80940055847168,0.09386000037193298,60880.324155100156
134,2460878.8433218,314.2638169,43.6956797,1,18.933900833129883,0.08549399673938751,60878.34332180023
135,2460876.8791088,314.2639271,43.6956492,2,17.338499069213867,0.06530299782752991,60876.37910880009
136,2460876.8228472,314.2638107,43.6956769,1,19.119300842285156,0.08668600022792816,60876.32284720009
137,2460873.8037616,314.2639266,43.6956945,2,17.103599548339844,0.07774800062179565,60873.30376160005
138,2460873.7449074,314.2639108,43.6956491,1,18.729999542236328,0.10887300223112106,60873.244907400105
139,2460871.8185417,314.2639466,43.6956697,2,17.197799682617188,0.05142899975180626,60871.31854170002
140,2460871.7460417,314.2639082,43.6956664,1,18.64299964904785,0.10664500296115875,60871.24604169978
141,2460869.8184838,314.263932,43.6956514,2,17.297100067138672,0.05674099922180176,60869.31848380016
142,2460869.7353009,314.2639681,43.695681,1,18.694000244140625,0.10273200273513794,60869.23530089995
143,2460867.8478125,314.2639053,43.6956747,1,18.921600341796875,0.12337099760770798,60867.34781249985
144,2460867.8222106,314.2639274,43.6956713,2,17.17569923400879,0.05918699875473976,60867.322210600134
145,2460865.8475579,314.2639135,43.6956243,1,18.850299835205078,0.12015099823474884,60865.34755790001
146,2460865.8258333,314.2639206,43.6956533,2,17.135400772094727,0.06977800279855728,60865.32583330013
147,2460863.7783102,314.2638716,43.6956438,1,19.242700576782227,0.14452199637889862,60863.2783102002
148,2460860.9319792,314.2638243,43.6956917,1,19.40130043029785,0.1216220036149025,60860.43197919987
149,2460858.9253125,314.2639178,43.6956404,2,17.34469985961914,0.04852199926972389,60858.42531249998
150,2460858.8614352,314.2639153,43.6956767,1,19.033000946044922,0.10570099949836731,60858.36143520009
151,2460855.9352315,314.2638633,43.6957013,2,18.01259994506836,0.0616380013525486,60855.43523149984
152,2460855.8920486,314.2636424,43.6956337,1,19.572799682617188,0.14786800742149353,60855.39204860013
154,2460853.8650231,314.2639368,43.6957091,2,18.256017684936523,0.10528028756380081,60853.36502309982
155,2460853.8650231,314.2639368,43.6957091,2,18.256000518798828,0.10527999699115753,60853.36502309982
157,2460851.8843287,314.2639353,43.6956287,2,18.125940322875977,0.075252003967762,60851.38432870014
159,2460851.8428356,314.2639227,43.6956393,2,18.093299865722656,0.0809670016169548,60851.34283560002
160,2460851.8428356,314.2639227,43.6956393,2,18.093299865722656,0.0809670016169548,60851.34283560002
161,2460849.8229861,314.2638325,43.6956485,1,19.945499420166016,0.17870600521564484,60849.32298609987
162,2460849.8011921,314.2639632,43.6956282,2,17.887100219726562,0.1004749983549118,60849.30119210016
163,2460847.8672454,314.2637779,43.69566,1,19.493600845336914,0.13062499463558197,60847.36724539986
164,2460847.8287963,314.2639479,43.6956492,2,17.83049964904785,0.06655599921941757,60847.328796300106
166,2460845.884537,314.2639673,43.6956676,1,19.673900604248047,0.24319900572299957,60845.38453700021
167,2460845.8313542,314.2639556,43.6956319,2,17.85540008544922,0.05638600140810013,60845.33135419991
168,2460843.9307986,314.2639147,43.6956678,2,17.560800552368164,0.06495500355958939,60843.43079859996
169,2460843.7842824,314.2638684,43.6956392,1,19.279800415039062,0.1240210011601448,60843.28428239981
170,2460840.9240972,314.263878,43.6956921,1,19.4330997467041,0.17029400169849396,60840.424097199924
171,2460840.8473843,314.2639266,43.6956853,2,17.648700714111328,0.08816500008106232,60840.34738430008
172,2460838.9525926,314.2639355,43.6957261,1,19.542699813842773,0.1689399927854538,60838.45259260014
173,2460838.9132176,314.2639338,43.6956662,2,17.951000213623047,0.06334999948740005,60838.41321759997
174,2460835.96,314.2638026,43.6955749,1,19.777000427246094,0.24823200702667236,60835.45999999996
175,2460835.8843056,314.263912,43.6956316,2,17.802400588989258,0.07392799854278564,60835.38430560008
176,2460833.9153935,314.2639048,43.6956427,1,18.961999893188477,0.08212800323963165,60833.41539350012
177,2460833.8919444,314.2639377,43.6956918,2,17.46540069580078,0.07337400317192078,60833.391944400035
178,2460831.9227546,314.2639204,43.6956764,2,17.980600357055664,0.09800499677658081,60831.42275460018
180,2460831.8790972,314.2638837,43.695656,1,19.793500900268555,0.20004500448703766,60831.3790972
181,2460831.8790972,314.2638837,43.695656,1,19.793500900268555,0.20004500448703766,60831.3790972
183,2460826.9268403,314.2638403,43.6956083,1,19.268299102783203,0.15530399978160858,60826.426840300206
185,2460823.8926389,314.2637749,43.6957098,1,20.256099700927734,0.21764099597930908,60823.39263889985
186,2460823.8699074,314.2639704,43.6956883,2,18.437299728393555,0.10824699699878693,60823.369907400105
187,2460823.8699074,314.2639704,43.6956883,2,18.437299728393555,0.10824699699878693,60823.369907400105
188,2460821.8641782,314.263945,43.6956842,2,17.866100311279297,0.08466800302267075,60821.36417819979
189,2460821.8230556,314.2639326,43.6956526,1,19.56999969482422,0.14817200601100922,60821.323055599816
190,2460819.955081,314.2638321,43.6956725,1,19.028900146484375,0.10531900078058243,60819.45508099999
191,2460819.955081,314.2638321,43.6956725,1,19.028900146484375,0.10531900078058243,60819.45508099999
192,2460817.9473727,314.2639145,43.6956929,1,19.616199493408203,0.15392200648784637,60817.44737270009
193,2460817.9002315,314.2639423,43.6956766,2,17.780500411987305,0.08480700105428696,60817.400231500156
195,2460814.9233218,314.2639339,43.695622,2,18.553499221801758,0.09969799965620041,60814.42332179984
196,2460807.9672106,314.2637072,43.6956829,1,19.447799682617188,0.20656000077724457,60807.46721060015
197,2460807.9014583,314.2639883,43.6957123,2,17.776599884033203,0.0636179968714714,60807.401458300184
199,2460805.9296412,314.2639657,43.6956694,2,18.25589942932129,0.12588199973106384,60805.42964120023
200,2460802.9883218,314.2639148,43.69566,2,17.36639976501465,0.059494998306035995,60802.488321799785
201,2460802.9480556,314.2638385,43.6956646,1,19.105300903320312,0.11690399795770645,60802.448055599816
202,2460797.9968171,314.2639535,43.6956603,1,18.844999313354492,0.09036900103092194,60797.49681709986
203,2460797.9303241,314.2639136,43.6956496,2,17.255199432373047,0.06515099853277206,60797.43032409996
204,2460794.9998727,314.2639173,43.6956524,1,18.978700637817383,0.18876999616622925,60794.499872699846
207,2460785.9528356,314.2639196,43.6956518,2,17.660999298095703,0.06489899754524231,60785.45283559989
208,2460776.9928241,314.263894,43.6956992,1,19.17930030822754,0.17619900405406952,60776.49282409996
209,2460776.9512384,314.2639569,43.6956796,2,17.632099151611328,0.07210399955511093,60776.45123839984
210,2460774.9878009,314.2639289,43.6956542,2,18.03019905090332,0.0840039998292923,60774.48780089989
212,2460773.0165856,314.2639543,43.6956601,2,17.647499084472656,0.06596100330352783,60772.5165856001
215,2460770.9657639,314.2639308,43.6956369,2,17.981199264526367,0.06344400346279144,60770.46576389996
222,2460679.633287,314.2638961,43.6956366,2,17.51488494873047,0.07005827873945236,60679.133287000004
223,2460679.6020833,314.2639539,43.6956544,1,19.271299362182617,0.19236700236797333,60679.102083299775
224,2460677.6155556,314.2638724,43.695639,2,18.154539108276367,0.1227923259139061,60677.1155555998
225,2460677.6155556,314.2638724,43.695639,2,18.154499053955078,0.12279199808835983,60677.1155555998
226,2460674.601956,314.2637928,43.6957116,1,19.854400634765625,0.22509300708770752,60674.101956000086
227,2460672.6366204,314.2638622,43.6956647,1,19.192699432373047,0.1974409967660904,60672.13662040001
228,2460672.6144792,314.2638729,43.6956494,2,17.530000686645508,0.07491999864578247,60672.11447919998
230,2460668.5948727,314.2638957,43.6956542,2,18.302099227905273,0.1163180023431778,60668.09487270005
231,2460665.6156019,314.2639115,43.6956597,2,17.083099365234375,0.0490339994430542,60665.115601900034
233,2460663.6033333,314.263864,43.6956395,1,19.297399520874023,0.1414259970188141,60663.10333329998
234,2460660.676875,314.2639416,43.6956739,2,18.0132999420166,0.12551400065422058,60660.17687499989
237,2460653.6575231,314.2638866,43.6956912,1,19.43939971923828,0.198744997382164,60653.1575230998
238,2460651.6149074,314.2638977,43.6956596,2,17.009700775146484,0.04453599825501442,60651.11490740022
239,2460651.5946065,314.2639001,43.6956565,1,18.737899780273438,0.1064630001783371,60651.09460650012
240,2460649.7159838,314.2639088,43.6956651,2,17.35059928894043,0.05233500152826309,60649.215983800124
242,2460647.6224769,314.2638377,43.695719,1,19.417200088500977,0.15380699932575226,60647.1224769
244,2460647.5964005,314.2639177,43.6956301,2,17.640899658203125,0.05378900095820427,60647.09640049981
245,2460645.6156366,314.263902,43.6956417,2,17.843900680541992,0.04798499867320061,60645.11563660018
248,2460636.6213657,314.2639036,43.6956332,2,17.8164005279541,0.06640399992465973,60636.12136569992
249,2460634.6412153,314.2638759,43.6956428,1,18.958099365234375,0.12510600686073303,60634.14121530019
250,2460634.6156134,314.2639187,43.6956758,2,17.341800689697266,0.057057999074459076,60634.115613400005
251,2460632.6566782,314.2638412,43.6957202,2,18.339799880981445,0.08221700042486191,60632.15667819977
255,2460627.6152315,314.263929,43.6956766,2,17.342100143432617,0.058761999011039734,60627.11523150001
256,2460625.6805093,314.263891,43.695696,1,19.114299774169922,0.14915600419044495,60625.18050929997
257,2460625.6430903,314.2639157,43.6956731,2,17.603900909423828,0.0902940034866333,60625.143090299796
258,2460622.6445949,314.2638667,43.6957157,2,18.533000946044922,0.11087100207805634,60622.144594899844
259,2460622.6445949,314.2638667,43.6957157,2,18.533000946044922,0.11087100207805634,60622.144594899844
261,2460620.673287,314.263868,43.6957421,1,18.834299087524414,0.09140899777412415,60620.17328700004
263,2460618.6021296,314.2638738,43.6956664,2,17.561500549316406,0.053661998361349106,60618.10212960001
264,2460614.7450116,314.263846,43.6956152,1,19.587200164794922,0.18620100617408752,60614.2450116002
266,2460610.6781134,314.2639234,43.6956776,2,17.528499603271484,0.10616900026798248,60610.178113400005
267,2460610.6176157,314.2639151,43.695676,1,19.29319953918457,0.09273400157690048,60610.11761569977
268,2460610.6176157,314.2639151,43.695676,1,19.29319953918457,0.09273400157690048,60610.11761569977
269,2460608.7504282,314.2636921,43.6955758,1,20.269800186157227,0.3186190128326416,60608.25042819977
270,2460608.6737269,314.2639705,43.6956646,2,18.213699340820312,0.09341699630022049,60608.173726900015
271,2460606.6802662,314.2638613,43.6956714,1,19.44300079345703,0.12947599589824677,60606.1802662001
272,2460606.6593056,314.2639528,43.695633,2,17.696800231933594,0.06516300141811371,60606.159305599984
273,2460604.7423032,314.2638221,43.6956923,1,19.0226993560791,0.12368900328874588,60604.242303200066
274,2460604.6831366,314.2639325,43.6956636,2,17.358299255371094,0.08191400021314621,60604.18313660007
276,2460602.698287,314.2639265,43.6957039,2,17.54129981994629,0.08762399852275848,60602.19828699995
277,2460599.8267245,314.2639358,43.6956177,2,18.357900619506836,0.14418399333953857,60599.32672449993
278,2460597.693206,314.263944,43.6956218,1,18.770099639892578,0.0895489975810051,60597.19320600014
279,2460597.6351968,314.2639369,43.6956609,2,17.1835994720459,0.09753800183534622,60597.13519679988
280,2460595.686088,314.2639504,43.6956708,2,17.26449966430664,0.05709199979901314,60595.18608799996
281,2460595.6371181,314.2638649,43.6957064,1,18.717199325561523,0.1284320056438446,60595.13711810019
282,2460593.7152894,314.2638539,43.6956238,1,19.646099090576172,0.15418100357055664,60593.21528939996
283,2460593.6924074,314.2638908,43.6956637,2,17.963499069213867,0.06060300022363663,60593.19240739988
284,2460591.7059375,314.2638594,43.6957136,1,19.193199157714844,0.14517000317573547,60591.20593750011
285,2460591.6317477,314.263931,43.6956669,2,17.46419906616211,0.09184999763965607,60591.13174769981
286,2460581.6375,314.263879,43.6956667,1,18.96419906616211,0.0991630032658577,60581.137500000186
287,2460579.7833912,314.2638241,43.6956886,1,19.5,0.12833499908447266,60579.283391200006
288,2460579.7408796,314.2639393,43.6956564,2,17.912500381469727,0.07455000281333923,60579.240879599936
289,2460572.8725694,314.2639043,43.6956467,1,19.472000122070312,0.24687699973583221,60572.372569399886
290,2460572.7028356,314.2639251,43.6957132,2,17.627899169921875,0.09606199711561203,60572.20283559989
291,2460569.7887847,314.263873,43.6956908,1,19.223499298095703,0.21226200461387634,60569.28878469998
292,2460566.824456,314.2639025,43.6956607,1,18.6830997467041,0.1420689970254898,60566.32445599977
293,2460566.7390509,314.2639168,43.6956798,2,17.065099716186523,0.0589900016784668,60566.2390509001
294,2460564.7641435,314.2638358,43.6957128,1,19.625999450683594,0.14850500226020813,60564.26414350001
295,2460562.7595833,314.2638846,43.6956354,2,18.103500366210938,0.11008399724960327,60562.25958329998
296,2460562.7169329,314.2638015,43.6956972,1,19.62809944152832,0.151868999004364,60562.216932899784
298,2460558.8010648,314.2639335,43.6956521,2,17.247699737548828,0.04831000044941902,60558.301064800005
299,2460558.7809375,314.2638753,43.695684,1,18.820899963378906,0.08476399630308151,60558.28093749983
300,2460556.7750579,314.2639056,43.6956661,2,17.755699157714844,0.07189100235700607,60556.27505790023
301,2460556.7348032,314.2638396,43.6956327,1,19.335899353027344,0.12786200642585754,60556.23480319977
303,2460554.7066667,314.263974,43.6956554,2,18.34000015258789,0.12799100577831268,60554.206666700076
304,2460552.8075231,314.2638185,43.6957293,1,19.76449966430664,0.17173300683498383,60552.30752310017
305,2460552.7638889,314.2639137,43.6956553,2,17.968900680541992,0.09731800109148026,60552.26388890017
306,2460550.78125,314.263871,43.6956931,1,19.32659912109375,0.1447560042142868,60550.28125
307,2460550.7452894,314.2639181,43.6956816,2,17.545799255371094,0.08296699821949005,60550.24528940022
308,2460548.7867361,314.2638254,43.6957496,1,19.734899520874023,0.2169020026922226,60548.28673609998
309,2460548.7385417,314.2639032,43.6956901,2,18.03849983215332,0.12321799993515015,60548.238541699946
310,2460546.8305903,314.2639053,43.6957312,1,19.537900924682617,0.21367700397968292,60546.330590299796
311,2460546.7359838,314.2639078,43.6956498,2,18.050500869750977,0.051791001111269,60546.23598380014
312,2460544.8719444,314.2638828,43.6956796,1,19.116500854492188,0.19220499694347382,60544.371944400016
313,2460544.8252662,314.263944,43.6956515,2,17.48819923400879,0.06336899846792221,60544.32526620012
314,2460544.8252662,314.263944,43.6956515,2,17.48819923400879,0.06336899846792221,60544.32526620012
316,2460540.7798032,314.263901,43.6956488,2,18.501699447631836,0.12977300584316254,60540.27980320016
317,2460538.8498148,314.2638817,43.6957072,1,20.10849952697754,0.2373580038547516,60538.34981480008
318,2460538.758125,314.2639285,43.69562,2,18.585662841796875,0.11168720573186874,60538.25812500017
319,2460538.758125,314.2639285,43.69562,2,18.5856990814209,0.11168699711561203,60538.25812500017
320,2460536.8025,314.2638351,43.6957041,1,19.508140563964844,0.1805456429719925,60536.30250000022
321,2460536.8025,314.2638351,43.6957041,1,19.508100509643555,0.18054600059986115,60536.30250000022
322,2460536.7170255,314.263969,43.6956648,2,17.772199630737305,0.048778001219034195,60536.21702549979
323,2460536.7170255,314.263969,43.6956648,2,17.772199630737305,0.048778001219034195,60536.21702549979
325,2460531.7816088,314.263912,43.6956578,2,18.379899978637695,0.16943900287151337,60531.28160879994
326,2460529.7974653,314.2638678,43.6957026,1,19.535400390625,0.14350199699401855,60529.29746530019
327,2460529.7830787,314.2639548,43.6956319,2,17.972400665283203,0.10819000005722046,60529.28307869984
328,2460527.8832176,314.2639534,43.6956573,2,17.712600708007812,0.12435200065374374,60527.383217600174
329,2460527.8832176,314.2639534,43.6956573,2,17.712600708007812,0.12435200065374374,60527.383217600174
330,2460527.8287037,314.2638236,43.6956777,1,19.614200592041016,0.17148299515247345,60527.3287037001
331,2460527.8287037,314.2638236,43.6956777,1,19.614200592041016,0.17148299515247345,60527.3287037001
332,2460525.8044907,314.2639484,43.6955413,2,19.154800415039062,0.1732880026102066,60525.3044906999
335,2460522.7751389,314.2638918,43.6956104,2,18.68939971923828,0.14656400680541992,60522.27513890015
336,2460520.8659954,314.2639279,43.6956662,2,17.609399795532227,0.0669810026884079,60520.36599540012
337,2460520.8240741,314.2638274,43.6957277,1,19.37579917907715,0.1211249977350235,60520.32407409977
338,2460520.8240741,314.2638274,43.6957277,1,19.37579917907715,0.1211249977350235,60520.32407409977
340,2460515.9051273,314.2638905,43.6956793,2,18.3700008392334,0.13566499948501587,60515.40512729995
343,2460513.8274884,314.2639326,43.6956445,2,17.943899154663086,0.10510499775409698,60513.32748840004
344,2460510.8872801,314.263894,43.6956959,1,19.471399307250977,0.16834400594234467,60510.387280100025
345,2460510.8459954,314.2638991,43.695644,2,18.0314998626709,0.0705299973487854,60510.3459954001
346,2460508.8316898,314.2639708,43.695605,2,19.183000564575195,0.1610179990530014,60508.331689800136
348,2460505.8845486,314.2639126,43.6956747,2,17.55940055847168,0.08751799911260605,60505.38454859983
349,2460505.8622685,314.2639135,43.6957123,1,19.4783992767334,0.15413899719715118,60505.36226850003
350,2460503.8881134,314.2639143,43.6956718,2,17.73979949951172,0.07237599790096283,60503.38811339997
351,2460501.894456,314.263775,43.6956497,1,20.127199172973633,0.22120699286460876,60501.39445600007
352,2460501.8678704,314.2639324,43.6956393,2,18.509700775146484,0.08332599699497223,60501.367870400194
353,2460499.8672454,314.2638153,43.6956496,1,19.10759925842285,0.09934499859809875,60499.36724539986
354,2460499.8247685,314.2639113,43.6956174,2,17.516300201416016,0.04786600172519684,60499.32476849994
355,2460490.9096991,314.2639509,43.6956729,2,17.332799911499023,0.06333599984645844,60490.40969910007
356,2460490.8529282,314.2639099,43.6956731,1,18.937000274658203,0.10840699821710587,60490.352928199805
357,2460488.944537,314.2639325,43.6956686,1,18.920299530029297,0.08699200302362442,60488.4445369998
358,2460488.8631481,314.2639084,43.695657,2,17.333900451660156,0.04811599850654602,60488.36314810021
359,2460485.9134144,314.263952,43.6956435,1,19.42609977722168,0.19057400524616241,60485.41341440007
360,2460485.8646875,314.2639555,43.6956786,2,17.76689910888672,0.09156899899244308,60485.364687500056
361,2460482.9469792,314.2639629,43.6956935,1,18.807600021362305,0.10503300279378891,60482.4469792
362,2460482.8600579,314.2639159,43.6956896,2,17.09939956665039,0.044766999781131744,60482.360057900194
363,2460479.9813542,314.2638704,43.6957689,1,19.35379981994629,0.2521359920501709,60479.481354199816
364,2460479.8642245,314.2639293,43.6956286,2,17.914400100708008,0.10324099659919739,60479.36422450002
365,2460476.9453704,314.263953,43.6956482,2,17.889699935913086,0.11554999649524689,60476.44537039986
366,2460476.8816435,314.2637883,43.695625,1,19.64069938659668,0.17398600280284882,60476.38164350018
367,2460473.957419,314.2638591,43.6957101,1,19.04290008544922,0.10645899921655655,60473.4574190001
371,2460463.9115046,314.2639871,43.6957073,2,19.094499588012695,0.1040090024471283,60463.4115046002
372,2460460.9266435,314.2638491,43.6956539,1,19.244369506835938,0.11957649886608124,60460.426643500105
373,2460460.9266435,314.2638491,43.6956539,1,19.244400024414062,0.11957599967718124,60460.426643500105
374,2460460.8871759,314.2639377,43.695655,2,17.54800033569336,0.06415099650621414,60460.38717589993
375,2460460.8871759,314.2639377,43.695655,2,17.54800033569336,0.06415099650621414,60460.38717589993
376,2460458.9519097,314.2639477,43.6956962,1,19.098600387573242,0.11598700284957886,60458.45190969994
377,2460458.8855324,314.2639398,43.6956595,2,17.373199462890625,0.0697299987077713,60458.385532400105
378,2460456.9365741,314.2639256,43.6956515,1,19.58209991455078,0.2245829999446869,60456.43657410005
379,2460456.8910532,314.2639278,43.6957048,2,18.360000610351562,0.13210700452327728,60456.39105319977
380,2460451.9340972,314.2640043,43.6955658,1,19.385700225830078,0.18719300627708435,60451.43409720017
381,2460451.8906829,314.2639408,43.6956708,2,17.63450050354004,0.0845550000667572,60451.39068289986
384,2460445.9673495,314.2638847,43.6956118,2,18.55389976501465,0.13579800724983215,60445.46734949993
388,2460430.9510532,314.2639136,43.6956174,2,18.58169937133789,0.18190599977970123,60430.451053199824
392,2460407.9700231,314.2640234,43.6957061,1,20.203800201416016,0.23245400190353394,60407.4700230998
394,2460390.0394444,314.2639395,43.6956811,2,17.650192260742188,0.08453185856342316,60389.5394444
395,2460388.0096991,314.2640385,43.6956931,2,17.995695114135742,0.1722586303949356,60387.50969910016
397,2460290.6411574,314.2639313,43.6956577,2,16.884754180908203,0.04400496557354927,60290.14115739986
398,2460288.6557292,314.2639256,43.6956361,2,17.48110008239746,0.06061900034546852,60288.155729200225
399,2460285.6416435,314.2639224,43.6956459,2,17.3882999420166,0.05784200131893158,60285.141643499956
400,2460268.6604051,314.2639219,43.6956507,2,16.918100357055664,0.047488000243902206,60268.16040509986
401,2460268.6179861,314.2638647,43.6956643,1,18.614200592041016,0.08509700000286102,60268.117986099795
402,2460262.6555787,314.2638814,43.6956772,1,18.79010009765625,0.08789800107479095,60262.155578699894
403,2460260.636412,314.2638875,43.6956665,1,18.405799865722656,0.08303099870681763,60260.13641199982
404,2460260.6185648,314.2639156,43.6956759,2,16.771400451660156,0.06124600023031235,60260.118564799894
405,2460258.7386921,314.2639113,43.6956452,2,17.167999267578125,0.05453899875283241,60258.23869210016
406,2460258.6351157,314.2639149,43.6956841,1,18.839500427246094,0.11997900158166885,60258.13511569984
407,2460255.6786458,314.2638555,43.6956381,1,19.20989990234375,0.10439199954271317,60255.17864579987
408,2460255.6584954,314.2638869,43.6956561,2,17.654699325561523,0.08559300005435944,60255.1584954001
409,2460253.699919,314.2638784,43.6956748,1,18.690200805664062,0.08202700316905975,60253.1999189998
410,2460253.662419,314.2639266,43.6956988,2,17.02440071105957,0.04064600169658661,60253.162419000175
411,2460251.6551505,314.2639314,43.6956605,2,16.889999389648438,0.05928700044751167,60251.155150500126
412,2460251.6179051,314.2639101,43.6956498,1,18.639299392700195,0.07090199738740921,60251.117905099876
413,2460249.6623727,314.2639399,43.695677,2,17.412900924682617,0.07506400346755981,60249.16237269994
414,2460247.6544097,314.2639045,43.6956174,2,17.035200119018555,0.04995099827647209,60247.15440970007
415,2460247.6291088,314.2639294,43.6956511,1,18.540300369262695,0.19744400680065155,60247.12910880009
416,2460245.6792708,314.2639316,43.6956663,2,16.94099998474121,0.04158199951052666,60245.1792708002
417,2460245.6390856,314.263939,43.695679,1,18.565000534057617,0.08555000275373459,60245.13908560015
418,2460242.719456,314.2639286,43.6956622,2,17.299455642700195,0.062386978417634964,60242.21945599979
419,2460242.719456,314.2639286,43.6956622,2,17.29949951171875,0.062387000769376755,60242.21945599979
420,2460242.6794792,314.2639435,43.6957077,1,18.8882999420166,0.12311200052499771,60242.17947919993
421,2460238.7433796,314.2639073,43.6956554,1,18.84819984436035,0.10120700299739838,60238.24337959988
422,2460238.6181366,314.2639289,43.6956953,2,17.263700485229492,0.061177998781204224,60238.118136600126
423,2460236.6983449,314.2638532,43.6956834,1,18.805200576782227,0.11336400359869003,60236.19834489981
424,2460236.6513079,314.2639334,43.6956579,2,17.093900680541992,0.04861399903893471,60236.15130789997
425,2460234.6971065,314.263811,43.6956458,1,19.171100616455078,0.12915700674057007,60234.197106500156
426,2460234.6529167,314.2639169,43.69567,2,17.50029945373535,0.07393600046634674,60234.15291670011
427,2460232.6594097,314.263947,43.6956601,2,17.291000366210938,0.04985800012946129,60232.15940969996
428,2460232.64125,314.2638634,43.6956369,1,18.872400283813477,0.11270999908447266,60232.14124999987
429,2460230.8248264,314.2639141,43.6956569,1,18.441999435424805,0.08957000076770782,60230.324826399796
430,2460230.7067477,314.2639367,43.6956715,2,16.873899459838867,0.060065001249313354,60230.206747699995
431,2460228.7143056,314.2638027,43.6956164,1,18.89349937438965,0.11024399846792221,60228.21430560015
432,2460228.656331,314.2639434,43.6956481,2,17.187299728393555,0.05694099888205528,60228.15633099992
433,2460226.7177315,314.2639086,43.695681,2,17.489500045776367,0.07074200361967087,60226.217731500044
434,2460223.6962963,314.263938,43.695663,2,16.899700164794922,0.050287000834941864,60223.19629629981
435,2460223.65875,314.2638973,43.6956692,1,18.58489990234375,0.06375899910926819,60223.158749999944
436,2460221.7198727,314.2639174,43.695656,2,16.88599967956543,0.053801000118255615,60221.21987270005
437,2460221.6554861,314.2638821,43.6956426,1,18.625600814819336,0.10936799645423889,60221.15548609989
438,2460217.6587269,314.2639102,43.6955922,2,18.07360076904297,0.08682599663734436,60217.158726899885
439,2460217.6345255,314.2639298,43.6957054,1,19.51959991455078,0.19833199679851532,60217.13452549977
440,2460215.7371759,314.2639412,43.6956775,2,17.504899978637695,0.08114200085401535,60215.23717590002
441,2460215.7138426,314.2638965,43.6956382,1,19.327899932861328,0.1794929951429367,60215.21384260012
442,2460213.6800347,314.2639355,43.6956826,2,16.792699813842773,0.045673999935388565,60213.18003469985
443,2460213.6536111,314.2638718,43.6956626,1,18.471200942993164,0.09030400216579437,60213.15361109981
444,2460211.7522454,314.2638741,43.6956685,1,19.186899185180664,0.11022599786520004,60211.2522454001
445,2460211.652963,314.2639144,43.6956398,2,17.5492000579834,0.07780899852514267,60211.152962999884
446,2460207.7002894,314.2638728,43.6956499,1,18.8794002532959,0.08799099922180176,60207.20028939983
447,2460207.6726968,314.2639374,43.6956619,2,17.088899612426758,0.049084000289440155,60207.17269679997
448,2460205.7631944,314.263856,43.6956515,1,18.711299896240234,0.06861899793148041,60205.263194399886
449,2460205.7032292,314.2639345,43.6956486,2,17.045299530029297,0.07062099874019623,60205.203229200095
450,2460203.7658449,314.2638247,43.6956831,1,19.472400665283203,0.13160200417041779,60203.26584490016
451,2460203.7224074,314.2639262,43.6956414,2,17.898300170898438,0.11321000009775162,60203.22240740014
452,2460201.7222106,314.2638989,43.6956618,1,19.020700454711914,0.09177099913358688,60201.22221060004
453,2460201.682963,314.2639414,43.6956643,2,17.338199615478516,0.08397199958562851,60201.182963000145
454,2460201.682963,314.2639414,43.6956643,2,17.338199615478516,0.08397199958562851,60201.182963000145
455,2460201.682963,314.2639414,43.6956643,2,17.338199615478516,0.08397199958562851,60201.182963000145
456,2460201.682963,314.2639414,43.6956643,2,17.338199615478516,0.08397199958562851,60201.182963000145
457,2460198.8075926,314.2639251,43.6956601,2,16.726699829101562,0.058455999940633774,60198.30759260012
458,2460198.7464931,314.2638835,43.6956544,1,18.35460090637207,0.08561699837446213,60198.24649310019
459,2460195.8275463,314.2638399,43.6956306,1,18.743499755859375,0.0880260020494461,60195.3275462999
460,2460195.7829167,314.2639278,43.69565,2,17.293500900268555,0.09381300210952759,60195.2829167
461,2460195.7829167,314.2639278,43.69565,2,17.293500900268555,0.09381300210952759,60195.2829167
462,2460193.8089236,314.2639356,43.695673,2,16.982900619506836,0.05656500160694122,60193.308923599776
463,2460193.7427894,314.2638828,43.6956745,1,18.519899368286133,0.1042490005493164,60193.24278939981
464,2460191.7078009,314.2638979,43.6956752,1,18.08930015563965,0.05784599855542183,60191.2078009001
465,2460191.6808565,314.2639509,43.6956659,2,16.542800903320312,0.04487999901175499,60191.18085649982
466,2460186.7364583,314.2638979,43.6956423,2,17.406200408935547,0.0601160004734993,60186.23645830015
467,2460186.6973148,314.2638922,43.6956823,1,18.9591007232666,0.14218300580978394,60186.19731480023
468,2460184.9107639,314.2639118,43.6956768,1,18.289499282836914,0.06507500261068344,60184.410763899796
469,2460184.8172685,314.2639333,43.6956784,2,16.57080078125,0.04500199854373932,60184.317268500105
470,2460182.8930093,314.2638792,43.695668,1,18.160200119018555,0.06451600044965744,60182.39300929988
471,2460182.8512037,314.2639192,43.6956783,2,16.51259994506836,0.06878399848937988,60182.35120370006
472,2460180.815,314.2637528,43.6956349,2,17.579599380493164,0.15271100401878357,60180.314999999944
473,2460180.7880903,314.2638538,43.6956428,1,18.843799591064453,0.1061210036277771,60180.288090299815
475,2460172.790706,314.263951,43.6956641,2,17.383028030395508,0.09785088896751404,60172.290705999825
476,2460172.790706,314.263951,43.6956641,2,17.382999420166016,0.09785100072622299,60172.290705999825
477,2460172.7639468,314.2638489,43.6956761,1,18.914400100708008,0.09971699863672256,60172.26394680003
478,2460172.7639468,314.2638489,43.6956761,1,18.914400100708008,0.09971699863672256,60172.26394680003
479,2460170.8408333,314.2638858,43.6956668,1,18.387500762939453,0.06208899989724159,60170.34083329979
480,2460170.8050579,314.2639504,43.6956638,2,16.714000701904297,0.04663100093603134,60170.30505790003
481,2460170.8050579,314.2639504,43.6956638,2,16.714000701904297,0.04663100093603134,60170.30505790003
482,2460166.7838773,314.2639327,43.6956758,2,16.746000289916992,0.0624609999358654,60166.2838773001
483,2460162.8956019,314.2639422,43.6956788,1,18.353300094604492,0.08064299821853638,60162.39560189983
484,2460162.8439005,314.2639346,43.6956849,2,16.696300506591797,0.06301700323820114,60162.343900499865
485,2460159.8861921,314.2639254,43.6956816,2,16.584199905395508,0.04967299848794937,60159.38619210012
486,2460159.8644444,314.2639016,43.6956724,1,18.17169952392578,0.09106700122356415,60159.364444400184
487,2460155.9294907,314.2638945,43.6956867,1,18.848800659179688,0.1072010025382042,60155.4294906999
488,2460155.8100579,314.2639329,43.6956791,2,17.06760025024414,0.06750600039958954,60155.310057899915
489,2460152.8615625,314.2638679,43.6956557,1,18.32710075378418,0.06546899676322937,60152.36156249978
490,2460152.8300694,314.2639411,43.6956732,2,16.68709945678711,0.05084399878978729,60152.330069399904
491,2460150.8034606,314.2638895,43.6956599,1,18.912799835205078,0.09412200003862381,60150.303460599855
492,2460148.8926389,314.2639387,43.6956459,2,17.311800003051758,0.07431899756193161,60148.39263889985
493,2460148.8002431,314.263857,43.6956283,1,18.903499603271484,0.11077799648046494,60148.30024310015
494,2460146.8483565,314.2639261,43.6956605,2,16.60140037536621,0.0771699994802475,60146.3483564998
495,2460144.9327662,314.263913,43.6956716,1,18.088600158691406,0.06753499805927277,60144.43276620004
496,2460144.8063079,314.263925,43.6956703,2,16.43779945373535,0.04245299845933914,60144.30630790023
497,2460141.8929977,314.2639525,43.6956717,2,17.15690040588379,0.07392799854278564,60141.39299769979
498,2460141.7970023,314.2638823,43.6956398,1,18.729999542236328,0.09354499727487564,60141.297002300154
499,2460139.9318634,314.2638913,43.6956626,1,18.55340003967285,0.06751599907875061,60139.431863400154
500,2460139.8859838,314.2639608,43.6956632,2,16.871299743652344,0.05903000012040138,60139.38598380005
501,2460137.9294329,314.2639375,43.6956593,2,16.581899642944336,0.0639130026102066,60137.42943290016
502,2460137.8693287,314.2639011,43.6956738,1,18.32430076599121,0.08332700282335281,60137.369328700006
503,2460135.945706,314.2639275,43.6956665,2,17.100900650024414,0.06781899929046631,60135.445706000086
504,2460135.8282176,314.2639286,43.6956471,1,18.800500869750977,0.09562999755144119,60135.32821760001
505,2460133.8881481,314.2639173,43.6956312,2,18.383899688720703,0.0781790018081665,60133.388148100115
507,2460127.9293634,314.2639137,43.6956536,1,18.44729995727539,0.10148199647665024,60127.42936340021
508,2460127.8264699,314.2639655,43.6957103,2,16.91320037841797,0.04941999912261963,60127.32646990009
509,2460125.9324421,314.2639183,43.6956067,2,18.038400650024414,0.0839259997010231,60125.43244209979
510,2460125.8579514,314.2638255,43.6955993,1,19.521099090576172,0.2175469994544983,60125.35795139987
511,2460122.9509954,314.2639357,43.6956538,2,16.699899673461914,0.05491799861192703,60122.45099540008
512,2460122.923831,314.2638464,43.6956617,1,18.41119956970215,0.09598399698734283,60122.42383099999
513,2460120.9278241,314.2638559,43.6956727,1,18.603300094604492,0.07390599697828293,60120.427824100014
514,2460120.9066667,314.2639375,43.6956669,2,16.863100051879883,0.045591000467538834,60120.4066666998
515,2460118.943206,314.2639,43.6956415,2,17.747100830078125,0.07153099775314331,60118.44320600014
516,2460118.9087963,314.2637343,43.6956214,1,19.363000869750977,0.11687400192022324,60118.40879630018
517,2460115.9235764,314.2639001,43.6956652,1,18.274200439453125,0.06913899630308151,60115.42357640015
518,2460115.8581713,314.2639403,43.6956697,2,16.58609962463379,0.03247499838471413,60115.35817130003
519,2460112.926331,314.2638793,43.6956678,1,18.629199981689453,0.06343699991703033,60112.42633099994
520,2460112.8877546,314.2639103,43.6956646,2,16.950300216674805,0.06549099832773209,60112.38775460003
521,2460110.894213,314.2638446,43.6956683,1,18.889400482177734,0.10305199772119522,60110.39421299985
522,2460110.851088,314.2639212,43.6956645,2,17.306900024414062,0.07082699984312057,60110.351087999996
523,2460108.929919,314.263948,43.6956494,2,16.69529914855957,0.044964998960494995,60108.429918999784
524,2460101.9331134,314.2639788,43.6956742,1,18.509300231933594,0.1225610002875328,60101.43311339989
525,2460101.9052546,314.2639485,43.6956628,2,16.78030014038086,0.044718001037836075,60101.405254600104
526,2460098.9528588,314.2639051,43.6956925,1,18.189699172973633,0.07997900247573853,60098.45285880007
527,2460098.9107523,314.2639368,43.6956532,2,16.54010009765625,0.059241000562906265,60098.41075230017
528,2460092.8922801,314.2639396,43.6956649,2,16.500600814819336,0.057030998170375824,60092.39228009991
529,2460092.8478472,314.2639341,43.6956732,1,18.086299896240234,0.07227099686861038,60092.3478472
530,2460089.9515278,314.2639505,43.6956698,2,17.056800842285156,0.06071000173687935,60089.451527799945
531,2460089.933206,314.263914,43.6956742,1,18.778600692749023,0.09112100303173065,60089.4332059999
532,2460086.9308218,314.263918,43.6956613,1,18.52899932861328,0.08642300218343735,60086.43082180014
533,2460086.9082176,314.2639304,43.6956616,2,16.92609977722168,0.061868999153375626,60086.40821760008
534,2460084.9238773,314.2639046,43.695659,1,17.97089958190918,0.09047699719667435,60084.42387730023
535,2460084.9081829,314.2639271,43.695649,2,16.37689971923828,0.04130899906158447,60084.40818289993
536,2460082.9474769,314.2639284,43.6956638,2,16.608600616455078,0.04463699832558632,60082.44747690018
537,2460082.9340394,314.263906,43.6956646,1,18.17919921875,0.07138500362634659,60082.43403939996
538,2460079.9653472,314.2638768,43.6956881,1,18.904300689697266,0.10503000020980835,60079.46534720017
539,2460079.9259491,314.2639128,43.6956544,2,17.36050033569336,0.04603299871087074,60079.42594909994
540,2460077.9667824,314.263963,43.6956645,2,16.59709930419922,0.050147999078035355,60077.46678239992
541,2460077.919537,314.2639255,43.6956691,1,18.189899444580078,0.08392199873924255,60077.41953699989
542,2460073.9350116,314.2640276,43.695522,1,19.242000579833984,0.195700004696846,60073.435011600144
543,2460073.9039931,314.263979,43.6956622,2,17.63450050354004,0.07642299681901932,60073.40399309993
544,2460065.9675,314.2637812,43.6956255,1,18.625999450683594,0.09680099785327911,60065.467499999795
545,2460065.9276852,314.2639117,43.6956513,2,17.07309913635254,0.0460049994289875,60065.42768519977
546,2460055.965787,314.2639262,43.6956638,2,16.83060073852539,0.047262001782655716,60055.46578700002
547,2460055.9539352,314.2639496,43.695667,1,18.258699417114258,0.08817700296640396,60055.45393519988
548,2460053.9497338,314.2639518,43.6956705,2,16.645999908447266,0.04532499983906746,60053.44973379979
549,2460049.9884028,314.2639496,43.695672,2,17.133499145507812,0.06106200069189072,60049.48840280017
550,2460049.9627778,314.2639069,43.6956863,1,18.484399795532227,0.1089790016412735,60049.46277779993
551,2460044.9865509,314.2639587,43.6956786,1,18.081199645996094,0.06357099860906601,60044.486550900154
552,2460044.9354977,314.2639433,43.6956623,2,16.55459976196289,0.06936399638652802,60044.43549769977
553,2460042.9869213,314.2639395,43.6956823,1,18.349700927734375,0.12673500180244446,60042.48692130018
554,2460042.944838,314.2639395,43.6956908,2,17.135700225830078,0.061973001807928085,60042.444837999996
555,2460032.9518171,314.2640049,43.695695,2,17.128700256347656,0.061744000762701035,60032.451817099936
556,2459937.6653472,314.2639614,43.6957109,2,17.253000259399414,0.04837081953883171,59937.16534719989
557,2459937.6370602,314.2638983,43.6956759,1,18.833499908447266,0.09050700068473816,59937.137060199864
558,2459934.6663194,314.2638672,43.695757,1,19.769899368286133,0.23948200047016144,59934.16631940007
559,2459934.6245486,314.2638324,43.6956433,2,18.890300750732422,0.14899000525474548,59934.124548600055
560,2459932.6807523,314.263896,43.6956508,2,17.61240005493164,0.05862100049853325,59932.18075230019
561,2459932.6164815,314.2638184,43.6957116,1,19.439800262451172,0.21187500655651093,59932.11648150021
563,2459923.692963,314.263921,43.6957037,2,17.57900047302246,0.05258600041270256,59923.19296299992
564,2459923.6665046,314.2638863,43.6958099,1,19.37459945678711,0.20123900473117828,59923.166504600085
566,2459914.6367708,314.2639274,43.6956822,2,17.41119956970215,0.052588000893592834,59914.13677080022
568,2459909.7023264,314.2638318,43.6956337,1,20.059900283813477,0.278564989566803,59909.202326400205
570,2459906.6361806,314.2638189,43.6956729,2,18.842300415039062,0.09539099782705307,59906.13618060015
573,2459902.6785764,314.263644,43.6957197,1,19.8080997467041,0.27384498715400696,59902.17857640004
574,2459902.6147569,314.2638918,43.6956369,2,17.812999725341797,0.0729840025305748,59902.114756899886
576,2459900.6198148,314.2639153,43.6956476,2,17.04800033569336,0.04753100126981735,59900.1198148001
577,2459898.7627083,314.2639423,43.6956833,2,17.599199295043945,0.07794900238513947,59898.26270829979
578,2459898.6165509,314.2638204,43.6956979,1,19.494600296020508,0.1256590038537979,59898.11655090004
580,2459896.6179514,314.2638453,43.6956738,2,19.270000457763672,0.15812699496746063,59896.11795140011
584,2459888.6331597,314.2640027,43.6956777,2,17.893800735473633,0.0959170013666153,59888.13315969985
585,2459883.6804861,314.2638864,43.6956876,1,18.999799728393555,0.11993800103664398,59883.180486099795
586,2459883.6183333,314.2639101,43.6956635,2,17.24209976196289,0.052723001688718796,59883.11833330011
587,2459881.6729398,314.2639825,43.6956793,2,18.725400924682617,0.14757700264453888,59881.17293980019
589,2459879.7463194,314.2638313,43.695612,1,18.915300369262695,0.11277300119400024,59879.24631940015
591,2459877.7165509,314.2638722,43.6956738,1,18.781999588012695,0.10119199752807617,59877.216550900135
592,2459877.6751968,314.2639286,43.6956662,2,17.079200744628906,0.057806000113487244,59877.175196799915
593,2459874.6996181,314.263724,43.6956847,1,20.36039924621582,0.17949700355529785,59874.19961810019
594,2459874.6408912,314.2639106,43.6956604,2,18.46269989013672,0.15362200140953064,59874.14089119993
595,2459872.6786111,314.2638504,43.6956783,1,19.451900482177734,0.1376889944076538,59872.178611100186
596,2459870.8487153,314.2639312,43.6956449,1,18.997499465942383,0.12373100221157074,59870.348715300206
597,2459870.7029398,314.2639292,43.6956629,2,17.305400848388672,0.0634630024433136,59870.20293979999
598,2459867.6802778,314.2639498,43.6956807,2,17.62459945678711,0.06298299878835678,59867.18027780019
599,2459867.6371528,314.2637729,43.6957064,1,19.59630012512207,0.14837299287319183,59867.13715279987
601,2459865.6335648,314.263905,43.6956314,2,18.21150016784668,0.13936300575733185,59865.133564800024
602,2459863.8189236,314.2638933,43.695636,1,18.914899826049805,0.14773499965667725,59863.31892360002
603,2459863.7244329,314.2639047,43.6956812,2,17.10919952392578,0.05649000033736229,59863.22443290008
604,2459861.7708681,314.2639599,43.695677,2,16.859600067138672,0.05790200084447861,59861.270868100226
605,2459859.7420949,314.2639242,43.6956799,2,17.992300033569336,0.10452699661254883,59859.24209489999
606,2459859.7081597,314.2639139,43.6956755,1,19.828899383544922,0.19465899467468262,59859.208159700036
607,2459857.7439236,314.263883,43.6956987,1,19.235700607299805,0.16406400501728058,59857.24392359983
608,2459857.7188426,314.263923,43.6956526,2,17.504899978637695,0.06913399696350098,59857.21884260001
609,2459855.7802199,314.2639182,43.6956761,2,16.811800003051758,0.06565000116825104,59855.280219899956
610,2459855.7403935,314.2639071,43.6956878,1,18.510299682617188,0.0928570032119751,59855.240393499844
611,2459853.7796412,314.2638601,43.6956896,1,18.625699996948242,0.08389200270175934,59853.27964119986
612,2459849.7173727,314.2638513,43.6956496,1,19.424100875854492,0.14157399535179138,59849.217372700106
613,2459849.6512037,314.2639441,43.6956632,2,17.409299850463867,0.08532100170850754,59849.151203699876
614,2459847.7865972,314.2639297,43.695652,1,18.444900512695312,0.0724869966506958,59847.286597200204
615,2459847.7184375,314.2639222,43.6956755,2,16.734100341796875,0.06693899631500244,59847.21843749983
616,2459844.7878009,314.2639351,43.6956598,2,17.545700073242188,0.06523700058460236,59844.28780090017
617,2459844.7407292,314.2638571,43.6956557,1,19.412200927734375,0.12652899324893951,59844.24072920019
618,2459842.7852083,314.2638628,43.6956799,1,19.67340087890625,0.15633900463581085,59842.28520830022
619,2459842.7698032,314.2639155,43.6956569,2,17.926700592041016,0.11380399763584137,59842.26980319992
620,2459840.7379861,314.2638793,43.6956657,1,18.840099334716797,0.10136400163173676,59840.237986099906
621,2459827.8270139,314.2639119,43.6956334,2,18.486099243164062,0.12738899886608124,59827.32701390004
622,2459827.7757639,314.2637292,43.6956742,1,20.33650016784668,0.20164500176906586,59827.27576390002
623,2459825.8298958,314.2639418,43.6956536,2,17.005399703979492,0.04191099852323532,59825.32989579998
624,2459825.8038542,314.263894,43.6956772,1,18.716899871826172,0.10591600090265274,59825.30385420006
625,2459823.8296181,314.2639048,43.6956826,1,18.480199813842773,0.07208400219678879,59823.32961810008
626,2459823.7805324,314.2639372,43.6956595,2,16.82539939880371,0.05250300094485283,59823.280532400124
627,2459821.7266782,314.2638502,43.6956539,1,19.736499786376953,0.14710000157356262,59821.226678200066
629,2459817.7990972,314.2638405,43.6956715,1,19.08919906616211,0.12238200008869171,59817.299097199924
630,2459817.7393981,314.263942,43.6956657,2,17.283599853515625,0.09641300141811371,59817.23939809995
631,2459815.7800463,314.2639306,43.6956406,2,17.084800720214844,0.0541439987719059,59815.28004630003
632,2459815.7700116,314.2639291,43.6956583,1,18.864500045776367,0.13632400333881378,59815.27001160011
633,2459813.8044907,314.2637498,43.6956703,1,19.62579917907715,0.1484909951686859,59813.3044906999
634,2459813.760787,314.2639211,43.6956742,2,18.02519989013672,0.07562900334596634,59813.26078699995
635,2459811.8483333,314.26392,43.6956516,2,18.097400665283203,0.10298000276088715,59811.34833330009
636,2459811.7880556,314.2638151,43.6956424,1,19.568199157714844,0.14930500090122223,59811.28805560013
637,2459809.864294,314.2638918,43.69569,1,18.5585994720459,0.06835799664258957,59809.36429399997
638,2459809.785787,314.2639034,43.6956876,2,16.912200927734375,0.05758899822831154,59809.285786999855
639,2459807.8853125,314.263891,43.6956695,1,18.766799926757812,0.10958799719810486,59807.385312499944
640,2459807.7854282,314.2639099,43.6957081,2,17.070499420166016,0.058758001774549484,59807.28542819992
643,2459802.9267361,314.2638545,43.6956815,1,18.887500762939453,0.1452990025281906,59802.42673610011
644,2459802.7638194,314.2639196,43.6956779,2,17.411500930786133,0.10373400151729584,59802.26381940022
645,2459800.9310185,314.263935,43.6956791,2,17.501300811767578,0.0528700016438961,59800.43101850012
646,2459800.8653241,314.263911,43.6956398,1,19.165800094604492,0.10992400348186493,59800.365324100014
647,2459798.8455324,314.2639374,43.6956556,2,17.59760093688965,0.08289899677038193,59798.34553240007
648,2459798.8262037,314.2639394,43.6957134,1,19.432300567626953,0.09452400356531143,59798.326203700155
649,2459795.820081,314.2638284,43.6956155,1,19.49799919128418,0.13381099700927734,59795.320081000216
650,2459793.8194097,314.263954,43.6956652,2,16.906200408935547,0.06205499917268753,59793.31940970011
651,2459793.7816551,314.2639186,43.6956561,1,18.64889907836914,0.07087299972772598,59793.281655100174
653,2459790.7811227,314.2639459,43.6956603,2,18.11720085144043,0.1108039990067482,59790.281122699846
654,2459788.8891435,314.2639787,43.6956711,2,18.240699768066406,0.10348600149154663,59788.38914350001
655,2459786.8638426,314.2639566,43.6956636,2,16.9468994140625,0.07491400092840195,59786.363842600025
656,2459784.8694907,314.2639247,43.6956751,1,18.627700805664062,0.12378499656915665,59784.36949069984
657,2459784.8226736,314.2639419,43.6956595,2,16.909400939941406,0.08483300358057022,59784.32267360017
658,2459782.8864352,314.2639114,43.6956744,2,18.239599227905273,0.09786800295114517,59782.386435199995
659,2459782.7993866,314.2637911,43.695676,1,20.27720069885254,0.19947600364685059,59782.29938660003
660,2459778.8936343,314.2639163,43.6956342,2,17.275299072265625,0.08076000213623047,59778.39363430021
662,2459775.9255324,314.2639557,43.6956427,2,17.429500579833984,0.05550999939441681,59775.42553240014
663,2459775.8623495,314.2639339,43.6956461,2,17.434600830078125,0.0586559996008873,59775.36234949995
664,2459773.8881944,314.2639462,43.6956902,2,17.916000366210938,0.1096469983458519,59773.388194399886
665,2459773.8703356,314.2639528,43.6956535,2,17.958599090576172,0.1143369972705841,59773.37033559987
666,2459771.929456,314.2638951,43.6956773,1,18.46310043334961,0.07741200178861618,59771.429456000216
667,2459769.9014352,314.2638904,43.695671,1,18.562999725341797,0.08287499845027924,59769.401435200125
668,2459769.8643171,314.2638718,43.6956834,1,18.535600662231445,0.0938280001282692,59769.36431710003
670,2459766.8660069,314.2639514,43.6956168,2,18.374000549316406,0.10453599691390991,59766.36600690009
671,2459764.9307639,314.2638872,43.6956487,1,18.6742000579834,0.10587599873542786,59764.430763899814
672,2459764.8699884,314.2639284,43.6956602,2,17.034500122070312,0.06480299681425095,59764.36998840002
673,2459761.9074074,314.2639269,43.695665,2,16.79759979248047,0.03631800040602684,59761.4074074002
674,2459759.9258333,314.2638343,43.6956349,1,19.557300567626953,0.13661199808120728,59759.42583330022
675,2459759.8462037,314.2639248,43.6956687,2,17.71299934387207,0.06874199956655502,59759.346203700174
676,2459757.908831,314.2638796,43.6956421,1,19.35260009765625,0.0987590029835701,59757.40883099986
677,2459757.8650347,314.2638755,43.6956459,1,19.32349967956543,0.13113200664520264,59757.365034699906
678,2459755.9048843,314.2638696,43.6956712,1,18.66010093688965,0.07071200013160706,59755.404884300195
679,2459755.8650579,314.2639397,43.6956868,2,16.953500747680664,0.06047099828720093,59755.36505790008
680,2459752.9232755,314.2638384,43.6956595,1,19.309799194335938,0.13947799801826477,59752.42327550007
681,2459750.8724421,314.2639012,43.6956525,2,17.878999710083008,0.059744998812675476,59750.3724421002
682,2459750.8257986,314.2638917,43.6956886,1,19.521900177001953,0.1328909993171692,59750.32579859998
683,2459747.9276042,314.2639442,43.6956801,1,18.729000091552734,0.11888600140810013,59747.42760419985
684,2459747.8664583,314.263959,43.6956586,2,16.920000076293945,0.0670899972319603,59747.366458300035
685,2459742.9557986,314.2638405,43.6957016,1,19.75189971923828,0.18871399760246277,59742.45579859987
686,2459742.9080671,314.2639456,43.6956537,2,17.939699172973633,0.0701880007982254,59742.408067100216
687,2459740.9468519,314.2639434,43.6956578,2,16.87820053100586,0.04775200039148331,59740.44685189985
688,2459740.934294,314.2638998,43.6956814,1,18.49519920349121,0.0968720018863678,59740.4342939998
689,2459738.9309954,314.2639364,43.6956799,2,16.962799072265625,0.04518299922347069,59738.430995400064
690,2459738.9061227,314.2638927,43.6956896,1,18.627300262451172,0.08789200335741043,59738.406122699846
691,2459735.952037,314.2637814,43.695654,1,19.76919937133789,0.1344670057296753,59735.4520370001
692,2459735.9124653,314.2639146,43.6956314,2,17.97570037841797,0.059735000133514404,59735.412465299945
693,2459733.9482986,314.2638953,43.6956792,1,18.328500747680664,0.07966700196266174,59733.44829860004
694,2459733.9351736,314.2639394,43.6956839,2,16.742799758911133,0.05119600147008896,59733.43517359998
695,2459731.9309375,314.2639373,43.6956867,2,16.68779945373535,0.041937001049518585,59731.430937500205
696,2459731.8883102,314.2639162,43.6956474,1,18.365299224853516,0.0850439965724945,59731.38831020007
697,2459727.9564005,314.2635523,43.6957119,1,20.22369956970215,0.20775599777698517,59727.456400500145
698,2459727.9038079,314.2639506,43.6956822,2,18.387100219726562,0.11909399926662445,59727.403807899915
699,2459725.9492014,314.2638921,43.6956736,1,18.891399383544922,0.08897099643945694,59725.449201399926
700,2459725.9280093,314.2639229,43.6956681,2,17.116500854492188,0.08127199858427048,59725.42800930003
701,2459723.9473727,314.2639517,43.6956829,2,17.33810043334961,0.07367800176143646,59723.44737270009
702,2459723.9320139,314.2638957,43.6956624,1,19.119300842285156,0.10624799877405167,59723.43201390002
703,2459721.9545949,314.2639008,43.6956464,2,18.125600814819336,0.09808900207281113,59721.4545948999
704,2459721.9223958,314.2639573,43.695647,2,18.178499221801758,0.08484700322151184,59721.422395799775
705,2459718.9450347,314.2639345,43.6956792,2,17.297000885009766,0.0804390013217926,59718.44503469998
706,2459718.9035069,314.2639727,43.6956732,2,17.29129981994629,0.07475399971008301,59718.403506900184
707,2459714.9650463,314.2639051,43.6956576,1,18.80929946899414,0.11576200276613235,59714.46504630009
708,2459714.9323843,314.2639303,43.6956606,2,17.241300582885742,0.06231699883937836,59714.432384300046
709,2459711.9680671,314.2639619,43.6956628,2,17.328800201416016,0.05759099870920181,59711.468067099806
710,2459711.9302662,314.2639581,43.6956446,1,18.966299057006836,0.184348002076149,59711.4302662001
711,2459708.9659606,314.2639415,43.6956776,2,16.73240089416504,0.04131999984383583,59708.46596059995
712,2459708.8504745,314.2639244,43.6956189,2,16.64940071105957,0.04971599951386452,59708.3504745001
713,2459702.9689931,314.2638838,43.6956738,1,18.38249969482422,0.07693900167942047,59702.46899309987
714,2459702.932662,314.2639149,43.6956632,2,16.744400024414062,0.047168001532554626,59702.43266199995
715,2459700.9640972,314.2638858,43.6956651,1,18.38909912109375,0.07247699797153473,59700.46409719996
716,2459700.9303935,314.2639583,43.69567,2,16.8843994140625,0.035976000130176544,59700.43039349979
717,2459697.9676157,314.2638382,43.695665,1,19.28689956665039,0.12740999460220337,59697.46761569986
718,2459697.9065278,314.2639352,43.6956473,2,17.644699096679688,0.054395999759435654,59697.40652780002
719,2459695.9519097,314.2639447,43.695673,2,16.964099884033203,0.058157000690698624,59695.45190969994
720,2459690.9823843,314.2639469,43.6956885,2,17.699800491333008,0.05032600089907646,59690.48238429986
721,2459690.9530208,314.2640509,43.6956818,1,19.527799606323242,0.2746790051460266,59690.453020799905
722,2459687.9497454,314.2639147,43.6955386,1,18.42449951171875,0.09796400368213654,59687.44974539988
723,2459684.9836227,314.2639248,43.6956974,1,18.66309928894043,0.1224989965558052,59684.483622699976
724,2459684.9298843,314.263979,43.6956392,2,16.984600067138672,0.06021200120449066,59684.4298843001
725,2459682.9118519,314.2638176,43.6956881,1,19.267200469970703,0.20190800726413727,59682.411851900164
726,2459678.9902778,314.2639325,43.695664,1,18.477399826049805,0.1226470023393631,59678.49027779978
727,2459678.9768866,314.2639586,43.6956769,2,16.90730094909668,0.05019000172615051,59678.47688659979
728,2459675.9960532,314.2639127,43.6956389,1,18.840999603271484,0.10067500174045563,59675.496053200215
729,2459675.9296528,314.263933,43.6956548,2,17.263500213623047,0.06651300191879272,59675.42965279985
730,2459673.9946759,314.2639167,43.6956381,2,17.12030029296875,0.061990998685359955,59673.494675899856
731,2459673.9946759,314.2639157,43.6956369,2,17.165800094604492,0.06251499801874161,59673.494675899856
732,2459673.9303588,314.2640235,43.6956316,1,18.656400680541992,0.1651799976825714,59673.430358800106
733,2459673.9303588,314.2640189,43.6956503,1,18.763599395751953,0.17803199589252472,59673.430358800106
734,2459670.9727431,314.2639492,43.6956848,2,16.681800842285156,0.04759399965405464,59670.47274310002
735,2459670.9727431,314.2639497,43.6956857,2,16.716100692749023,0.0481019988656044,59670.47274310002
736,2459550.6804514,314.2638203,43.6956363,1,19.274139404296875,0.13385699689388275,59550.18045140011
737,2459540.7386921,314.2639993,43.6956016,1,18.52039909362793,0.1602409929037094,59540.23869210016
738,2459540.6356713,314.2639261,43.6956496,2,16.82379913330078,0.0478300005197525,59540.13567129988
740,2459537.6560532,314.2639343,43.6956615,2,17.65760040283203,0.09390199929475784,59537.1560531999
741,2459531.6808796,314.2638895,43.695649,1,19.183700561523438,0.17104099690914154,59531.18087959988
742,2459531.6411227,314.2639284,43.6956815,2,17.372699737548828,0.053968001157045364,59531.14112270018
743,2459529.7241667,314.2638265,43.6957174,1,19.6210994720459,0.18195700645446777,59529.22416670015
744,2459529.6429977,314.2639165,43.6956522,2,17.850000381469727,0.05928599834442139,59529.14299769979
745,2459526.6809259,314.2639034,43.6956652,1,18.652599334716797,0.09707099944353104,59526.18092590012
746,2459526.6408796,314.2639441,43.6956764,2,16.964799880981445,0.08856000006198883,59526.14087959984
747,2459524.6330324,314.2638893,43.6956459,1,18.747800827026367,0.08725400269031525,59524.13303240016
748,2459524.5967245,314.2639364,43.6956825,2,17.04669952392578,0.07843200117349625,59524.09672449995
749,2459522.7196181,314.2638591,43.695635,1,18.87470054626465,0.09588500112295151,59522.21961810021
750,2459522.6564005,314.263927,43.6956681,2,17.248699188232422,0.05797199904918671,59522.156400499865
751,2459520.6993287,314.2639117,43.6956745,2,17.32200050354004,0.058118999004364014,59520.19932870008
752,2459512.6801736,314.2638626,43.6956353,1,19.218799591064453,0.10097300261259079,59512.18017360009
753,2459512.6306019,314.263946,43.6956939,2,17.47100067138672,0.07760100066661835,59512.130601900164
754,2459509.7459028,314.263944,43.6956697,2,16.85569953918457,0.05786300078034401,59509.2459028
755,2459504.7029051,314.2638605,43.6956633,1,18.891700744628906,0.11612900346517563,59504.20290509984
756,2459504.6560185,314.2639314,43.6956741,2,17.28849983215332,0.05516299977898598,59504.156018500216
757,2459502.7155671,314.2638201,43.6956444,1,18.85919952392578,0.0946590006351471,59502.21556709986
758,2459502.696331,314.2639328,43.6956735,2,17.158300399780273,0.0648220032453537,59502.196330999956
760,2459491.7764468,314.2637793,43.6956745,1,19.140199661254883,0.2105730026960373,59491.27644680021
761,2459491.6940972,314.2639681,43.6956713,2,17.524099349975586,0.06707999855279922,59491.19409719994
762,2459489.7664931,314.263904,43.6956522,2,17.28890037536621,0.05646999925374985,59489.26649310021
763,2459489.7664931,314.263904,43.6956522,2,17.28890037536621,0.05646999925374985,59489.26649310021
764,2459489.7429167,314.2638365,43.6956609,1,19.02079963684082,0.15502600371837616,59489.242916699965
765,2459489.7429167,314.2638365,43.6956609,1,19.02079963684082,0.15502600371837616,59489.242916699965
766,2459487.7438542,314.2639446,43.6956706,2,16.973400115966797,0.05215900018811226,59487.2438542
767,2459487.723044,314.2638941,43.6956859,1,18.702600479125977,0.11302100121974945,59487.2230440001
768,2459484.7188079,314.2639304,43.6956374,2,17.46649932861328,0.08928199857473373,59484.21880789986
769,2459484.6960301,314.2637917,43.6956406,1,19.311199188232422,0.12537400424480438,59484.196030099876
770,2459480.8038426,314.2638842,43.6956071,1,18.865800857543945,0.13493900001049042,59480.30384259997
771,2459480.7209491,314.2639447,43.6956871,2,17.212299346923828,0.05399100109934807,59480.220949099865
772,2459478.8220023,314.2638592,43.6957,1,18.96339988708496,0.19920499622821808,59478.32200230006
773,2459478.7480671,314.2639604,43.6956773,2,17.257400512695312,0.055163998156785965,59478.24806710007
774,2459476.825081,314.2638888,43.6956599,2,17.718900680541992,0.07072299718856812,59476.325081000105
775,2459476.7481366,314.2640294,43.6956306,1,19.42300033569336,0.1689240038394928,59476.248136600014
776,2459473.871875,314.263845,43.6956545,1,19.047800064086914,0.12215600162744522,59473.371875000186
777,2459473.7649884,314.2639488,43.6956599,2,17.290700912475586,0.06720899790525436,59473.26498840004
778,2459470.8705208,314.263906,43.6956844,1,18.807600021362305,0.08632799983024597,59470.37052079989
779,2459470.7680208,314.2639346,43.6956383,2,17.173799514770508,0.0703819990158081,59470.26802079985
780,2459468.8309491,314.2639436,43.6956697,2,17.620800018310547,0.06482700258493423,59468.3309491002
781,2459468.7053588,314.263836,43.6956593,1,19.254499435424805,0.1144540011882782,59468.20535880001
782,2459466.847338,314.2639296,43.6956546,2,17.401399612426758,0.057874999940395355,59466.34733799985
783,2459466.8128588,314.2638554,43.6956651,1,19.009199142456055,0.12173400074243546,59466.31285879994
784,2459464.8203125,314.2639436,43.6956733,2,17.029300689697266,0.07833799719810486,59464.3203125
785,2459464.8203125,314.2639436,43.6956733,2,17.029300689697266,0.07833799719810486,59464.3203125
786,2459464.7584028,314.2638909,43.6956756,1,18.85890007019043,0.09848300367593765,59464.25840280019
787,2459464.7584028,314.2638909,43.6956756,1,18.85890007019043,0.09848300367593765,59464.25840280019
788,2459462.8632523,314.2639256,43.6956509,2,17.011600494384766,0.06893700361251831,59462.36325229984
789,2459462.8028125,314.2638984,43.6956381,1,18.71940040588379,0.0699940025806427,59462.302812499925
790,2459460.8243519,314.2639029,43.6956638,2,17.770999908447266,0.07063499838113785,59460.32435189979
791,2459460.8033565,314.2638287,43.6956544,1,19.781700134277344,0.12836900353431702,59460.30335649988
792,2459458.7779745,314.2638159,43.6956673,1,18.852699279785156,0.10430300235748291,59458.277974499855
793,2459458.7361111,314.2639466,43.6956504,2,17.19260025024414,0.0537710003554821,59458.23611109983
794,2459454.8041204,314.2639474,43.6956691,2,16.76110076904297,0.055486999452114105,59454.30412039999
795,2459454.7374074,314.2639157,43.695659,1,18.402000427246094,0.06857699900865555,59454.23740739981
796,2459451.7846065,314.2639545,43.6956882,2,17.26099967956543,0.05265200138092041,59451.28460650006
797,2459451.7276157,314.2639296,43.6956927,1,18.754100799560547,0.11449100077152252,59451.2276157001
798,2459449.8269792,314.2639525,43.6956853,2,17.03529930114746,0.07541999965906143,59449.32697919989
799,2459449.7446759,314.2638901,43.6956669,1,18.656999588012695,0.10667099803686142,59449.244675899856
800,2459446.9269213,314.2638555,43.6956564,1,18.9197998046875,0.14794600009918213,59446.426921300124
801,2459446.8634954,314.2639378,43.6956639,2,17.25909996032715,0.0434579998254776,59446.363495400175
802,2459441.7834259,314.2638799,43.6956755,1,19.054899215698242,0.10582999885082245,59441.283425900154
803,2459439.8620486,314.2639236,43.6956741,2,17.06209945678711,0.057551998645067215,59439.36204859987
804,2459439.8491435,314.263901,43.6956638,1,18.857500076293945,0.09977199882268906,59439.349143499974
805,2459436.8686227,314.263975,43.695686,2,17.194299697875977,0.09970399737358093,59436.36862270022
806,2459436.8521181,314.263885,43.6956257,1,18.776500701904297,0.0742579996585846,59436.35211810004
807,2459434.8542014,314.2639492,43.6956777,2,16.848899841308594,0.07109799981117249,59434.35420140019
808,2459434.7678009,314.2638896,43.6956758,1,18.520099639892578,0.07564599812030792,59434.267800900154
809,2459429.868831,314.2639498,43.695664,2,17.409799575805664,0.07738000154495239,59429.368830999825
810,2459429.8264468,314.2638794,43.6956555,1,19.059799194335938,0.11798399686813354,59429.32644680003
811,2459427.8478472,314.263941,43.6956824,2,17.099300384521484,0.055066999047994614,59427.3478472
812,2459427.8112616,314.2638936,43.6956663,1,18.818899154663086,0.08861300349235535,59427.31126159988
813,2459423.9263889,314.2639666,43.695696,2,16.87350082397461,0.04564499855041504,59423.426388899796
814,2459423.8543056,314.2640275,43.6957338,1,18.310199737548828,0.18526999652385712,59423.354305599816
815,2459418.934537,314.2638885,43.6956765,1,18.472900390625,0.15098300576210022,59418.43453700002
816,2459418.863669,314.2639354,43.6956541,2,16.807600021362305,0.0675550028681755,59418.3636690001
817,2459415.9297569,314.2638811,43.6956955,1,18.79490089416504,0.08678899705410004,59415.42975689983
818,2459415.9297569,314.2638811,43.6956955,1,18.79490089416504,0.08678899705410004,59415.42975689983
819,2459415.9297569,314.2638811,43.6956955,1,18.79490089416504,0.08678899705410004,59415.42975689983
820,2459415.8854051,314.2639293,43.6956447,2,17.135700225830078,0.056742001324892044,59415.38540509995
821,2459415.8854051,314.2639293,43.6956447,2,17.135700225830078,0.056742001324892044,59415.38540509995
822,2459415.8854051,314.2639293,43.6956447,2,17.135700225830078,0.056742001324892044,59415.38540509995
823,2459412.8896759,314.2639462,43.6956978,2,17.167999267578125,0.03952400013804436,59412.389675899874
824,2459412.8469907,314.2639101,43.6956569,1,18.70319938659668,0.08741699904203415,59412.34699069988
825,2459410.8886806,314.2639585,43.6956765,2,16.947099685668945,0.06216700002551079,59410.388680600096
826,2459410.8636458,314.2638727,43.6955716,1,18.472700119018555,0.12516799569129944,59410.363645799924
828,2459408.8686921,314.2638531,43.6956736,1,18.45989990234375,0.09536600112915039,59408.36869210005
829,2459406.878287,314.2638877,43.6956908,1,18.924400329589844,0.1311119943857193,59406.378287000116
830,2459404.9297338,314.2639644,43.6956925,2,17.01759910583496,0.0687279999256134,59404.42973379977
831,2459404.8887616,314.263898,43.6956468,1,18.619300842285156,0.07620000094175339,59404.388761600014
832,2459402.849213,314.2638879,43.6956868,1,18.804500579833984,0.11537999659776688,59402.34921299992
833,2459400.925,314.2639404,43.6956606,2,17.011999130249023,0.04901999980211258,59400.424999999814
834,2459400.8877894,314.2638582,43.6956598,1,18.728200912475586,0.10109099745750427,59400.38778939983
835,2459397.9241204,314.2639293,43.6956504,1,18.61210060119629,0.08635400235652924,59397.4241204001
836,2459397.8673264,314.2639687,43.6956677,2,17.112899780273438,0.0522180013358593,59397.36732639978
837,2459395.8937269,314.2639326,43.6956708,1,18.513500213623047,0.08010599762201309,59395.39372690022
838,2459393.9035995,314.2639369,43.6956607,2,17.193199157714844,0.05112399905920029,59393.40359950019
839,2459393.8405556,314.2639721,43.695674,1,18.85420036315918,0.09949800372123718,59393.34055559989
840,2459391.9260764,314.2640289,43.6956575,1,19.030799865722656,0.1416510045528412,59391.426076400094
841,2459391.8213542,314.2639799,43.695662,2,17.375600814819336,0.0591449998319149,59391.32135420013
842,2459386.9516667,314.2638947,43.6956814,1,18.305299758911133,0.08522900193929672,59386.45166670019
843,2459386.9071875,314.2639436,43.6956751,2,16.649200439453125,0.03718100115656853,59386.40718750004
844,2459384.8713542,314.2639243,43.6956839,2,17.077499389648438,0.04048899933695793,59384.371354199946
845,2459381.9056134,314.263941,43.69566,2,16.916900634765625,0.05061899870634079,59381.40561340004
846,2459378.9348958,314.2638625,43.6956484,1,18.599000930786133,0.06643299758434296,59378.43489579996
847,2459378.9058102,314.2639417,43.6956663,2,16.797300338745117,0.059122998267412186,59378.40581020014
848,2459376.9288773,314.2639271,43.6956789,2,17.43560028076172,0.058469001203775406,59376.42887730012
849,2459376.8846644,314.2638401,43.6956542,1,19.08930015563965,0.09755399823188782,59376.384664400015
850,2459373.9467593,314.263852,43.6956627,1,18.788400650024414,0.07107199728488922,59373.44675929984
851,2459373.9079282,314.2639438,43.6956705,2,17.070899963378906,0.04578600078821182,59373.40792819997
852,2459370.9491667,314.2639506,43.6956732,2,17.056499481201172,0.06000500172376633,59370.44916669978
853,2459370.9017477,314.2638523,43.6956899,1,18.815900802612305,0.07833900302648544,59370.40174769983
854,2459368.9504167,314.2639136,43.6956716,1,19.356300354003906,0.10382100194692612,59368.45041669998
855,2459368.9098495,314.2639289,43.6956711,2,17.783000946044922,0.06748899817466736,59368.40984949982
856,2459366.9029167,314.2639549,43.6956743,2,17.054399490356445,0.06720100343227386,59366.40291670011
857,2459363.949456,314.263961,43.6956728,1,18.45210075378418,0.0733489990234375,59363.44945599977
858,2459363.9078472,314.263934,43.695678,2,16.792499542236328,0.041669998317956924,59363.407847200055
859,2459359.9675,314.2639223,43.6956675,1,18.842899322509766,0.1046380028128624,59359.467499999795
860,2459359.9233333,314.2639657,43.6956752,2,17.360200881958008,0.0710109993815422,59359.42333329981
861,2459356.9506829,314.2638642,43.6956764,1,18.622499465942383,0.09300199896097183,59356.450682899915
862,2459356.9079167,314.2639621,43.6956732,2,16.97279930114746,0.03096899949014187,59356.4079167
863,2459353.9577894,314.2639448,43.6956664,2,17.542200088500977,0.053672000765800476,59353.45778940013
864,2459349.9648148,314.2639417,43.6956677,2,16.860200881958008,0.04073299840092659,59349.46481479984
865,2459349.9256019,314.263875,43.6956511,1,18.51689910888672,0.07929900288581848,59349.42560190009
866,2459346.969919,314.2637556,43.6956421,1,19.58060073852539,0.11532899737358093,59346.46991899982
867,2459346.9361111,314.2639165,43.6956683,2,17.636499404907227,0.09496500343084335,59346.43611110002
868,2459344.9678704,314.2635436,43.6956142,1,20.0221004486084,0.22364500164985657,59344.46787039982
869,2459344.9264352,314.2640063,43.69568,2,18.19879913330078,0.07476100325584412,59344.42643520003
870,2459341.9680671,314.2638545,43.6956774,1,18.751800537109375,0.0833280012011528,59341.468067099806
871,2459341.9581481,314.263946,43.6956541,2,17.05590057373047,0.058646999299526215,59341.45814809995
872,2459339.9682292,314.2639328,43.6956417,2,17.267200469970703,0.06554599851369858,59339.468229200225
873,2459339.9342708,314.2638749,43.6956695,1,19.030399322509766,0.1142209991812706,59339.43427080009
874,2459337.9693403,314.2639243,43.6956882,2,18.06599998474121,0.07163900136947632,59337.46934030019
876,2459335.9681713,314.2639178,43.6956419,2,17.96660041809082,0.1075960025191307,59335.4681712999
878,2459329.9717014,314.2640052,43.6957155,1,19.649200439453125,0.20225399732589722,59329.47170139989
879,2459329.9717014,314.2640052,43.6957155,1,19.649200439453125,0.20225399732589722,59329.47170139989
880,2459329.9511458,314.2639318,43.69565,2,17.844890594482422,0.08475500345230103,59329.45114579983
881,2459329.9511458,314.2639318,43.69565,2,17.844900131225586,0.08475500345230103,59329.45114579983
882,2459329.9511458,314.2639318,43.69565,2,17.844900131225586,0.08475500345230103,59329.45114579983
883,2459324.9876042,314.2639322,43.6956592,1,18.903600692749023,0.09509500116109848,59324.48760419991
884,2459321.9879282,314.2639189,43.6956777,2,17.766599655151367,0.106283999979496,59321.48792820005
885,2459321.8937616,314.2638562,43.6956881,1,19.337499618530273,0.18807999789714813,59321.3937615999
886,2459317.9921065,314.2638348,43.6956489,1,19.00480079650879,0.09453299641609192,59317.49210650008
887,2459317.9545255,314.2639514,43.6956656,2,17.267799377441406,0.05372900143265724,59317.45452550007
888,2459314.9956944,314.2639425,43.6956473,1,19.495899200439453,0.16771200299263,59314.49569439981
889,2459314.973206,314.2639047,43.6956826,2,18.004600524902344,0.06886599957942963,59314.47320599994
890,2459311.9914005,314.2639506,43.6956665,2,16.893699645996094,0.04699999839067459,59311.49140049983
891,2459311.9547338,314.2639587,43.6956709,1,18.4689998626709,0.08009999990463257,59311.45473380014
892,2459309.001956,314.2640046,43.6956623,2,17.82699966430664,0.060603998601436615,59308.50195599999
893,2459308.974375,314.2639779,43.6956489,1,19.621999740600586,0.21822500228881836,59308.47437500022
894,2459306.0034259,314.2638765,43.6956739,1,18.75860023498535,0.10927700251340866,59305.50342589989
895,2459305.9671412,314.2639453,43.6956469,2,17.258800506591797,0.05139800161123276,59305.46714119986
896,2459301.0076968,314.2638636,43.6955669,1,19.190399169921875,0.2527320086956024,59300.507696799934
897,2459300.9715625,314.2639491,43.695717,2,17.643299102783203,0.0990540012717247,59300.47156250011
898,2459291.969838,314.2639772,43.6956395,2,18.174800872802734,0.09275200217962265,59291.4698379999
899,2459219.6151736,314.2637735,43.6956368,1,19.449100494384766,0.15857499837875366,59219.11517360015
900,2459210.6118519,314.2639079,43.6956583,2,17.49410057067871,0.06064600124955177,59210.111851899885
903,2459204.6390509,314.2639103,43.6956746,2,17.352800369262695,0.0702349990606308,59204.139050900005
904,2459202.6609722,314.2637482,43.6955664,1,19.34749984741211,0.21104399859905243,59202.16097219987
906,2459199.5971991,314.2639744,43.6956394,2,19.242300033569336,0.16312000155448914,59199.09719910007
907,2459197.6959954,314.2637361,43.6956576,2,18.081899642944336,0.20035800337791443,59197.195995400194
908,2459195.6622801,314.2638063,43.695674,1,19.238300323486328,0.14076800644397736,59195.16228009993
909,2459195.6018403,314.263952,43.6956802,2,17.413999557495117,0.05613600090146065,59195.10184030002
911,2459190.6428704,314.2638803,43.6956079,2,18.014400482177734,0.06555499881505966,59190.1428704001
912,2459188.6597454,314.2638437,43.6956337,1,18.303199768066406,0.08497799932956696,59188.15974539984
913,2459188.6163079,314.2639424,43.6956735,2,16.834999084472656,0.0391400009393692,59188.11630789982
914,2459186.6204861,314.2639573,43.6956314,2,17.175100326538086,0.07018399983644485,59186.120486100204
915,2459184.6381713,314.2639302,43.6957009,1,18.43440055847168,0.07648099958896637,59184.138171299826
916,2459184.6095486,314.2639466,43.6956747,2,17.34320068359375,0.07155799865722656,59184.109548599925
917,2459181.6351736,314.2639555,43.6955097,1,19.190399169921875,0.35826098918914795,59181.13517360017
918,2459181.5926273,314.2639207,43.6956731,2,17.579999923706055,0.06168600171804428,59181.09262729995
919,2459179.6392014,314.2638878,43.6956628,1,19.22610092163086,0.10178899765014648,59179.13920139987
920,2459179.5916204,314.2639382,43.6956411,2,17.615400314331055,0.07400999963283539,59179.09162040008
921,2459177.5957523,314.2639687,43.6957138,2,18.322799682617188,0.10276199877262115,59177.09575230023
922,2459175.6139815,314.2639413,43.6956791,2,17.7283992767334,0.09616199880838394,59175.1139814998
923,2459175.5955208,314.2638972,43.6957393,1,19.67289924621582,0.19144900143146515,59175.09552079998
925,2459173.5958681,314.2639409,43.6956498,2,17.62019920349121,0.07876300066709518,59173.09586809995
926,2459171.6545833,314.2638747,43.6956772,1,19.464599609375,0.10892999917268753,59171.1545833
927,2459171.6147106,314.2639375,43.6956901,2,17.60460090637207,0.07894700020551682,59171.114710600115
928,2459169.6523495,314.2639065,43.6956926,2,18.117300033569336,0.09657900035381317,59169.152349499986
929,2459169.6147917,314.263809,43.6956356,1,20.055599212646484,0.22624200582504272,59169.11479170015
930,2459167.6340509,314.2638536,43.6956904,1,19.417299270629883,0.13487599790096283,59167.13405090012
931,2459167.6111458,314.263947,43.6956668,2,17.49839973449707,0.053991999477148056,59167.11114579998
932,2459164.7451042,314.2636396,43.6956568,1,18.662599563598633,0.14677199721336365,59164.24510420021
933,2459164.6341782,314.2639398,43.6956582,2,17.016799926757812,0.05053199827671051,59164.134178199805
934,2459158.6629282,314.2639485,43.6956176,1,18.7632999420166,0.10405000299215317,59158.16292819986
935,2459158.6162037,314.2639504,43.6956621,2,17.039100646972656,0.0604030005633831,59158.11620370019
936,2459156.6215856,314.2638965,43.6956857,1,18.9783992767334,0.10941000282764435,59156.12158560008
938,2459154.6542824,314.2639596,43.6956275,2,18.009000778198242,0.09688100218772888,59154.15428239992
940,2459152.6840972,314.2639357,43.6956571,2,17.80900001525879,0.07188200205564499,59152.18409720017
941,2459150.7154167,314.263925,43.695657,2,17.226499557495117,0.04642099887132645,59150.21541670011
942,2459150.6608681,314.2638981,43.6956746,1,18.92959976196289,0.10165899991989136,59150.16086809989
944,2459145.6956829,314.2638506,43.6956763,1,19.360000610351562,0.10908699780702591,59145.19568290003
945,2459145.6772454,314.2639368,43.6956805,2,17.446300506591797,0.09119299799203873,59145.177245399915
946,2459143.6985185,314.26385,43.6956656,1,19.13159942626953,0.07944300025701523,59143.1985185002
947,2459143.638206,314.263951,43.6956949,2,17.338499069213867,0.05119699984788895,59143.138205999974
948,2459141.7028125,314.2638885,43.6956832,1,18.74220085144043,0.06383699923753738,59141.20281249983
949,2459141.6577778,314.2639632,43.6956415,2,17.05229949951172,0.04280500113964081,59141.157777800225
950,2459139.7366435,314.2639083,43.6957167,2,17.698400497436523,0.07704900205135345,59139.23664350016
951,2459139.700787,314.263827,43.6956636,1,19.613100051879883,0.12328000366687775,59139.20078699989
952,2459137.7240625,314.2639018,43.6956903,1,19.360200881958008,0.12415699660778046,59137.224062500056
953,2459137.7017708,314.2639475,43.6956463,2,17.444799423217773,0.0660879984498024,59137.201770800166
954,2459135.7589583,314.2639807,43.6956689,2,17.002099990844727,0.07067199796438217,59135.25895830011
955,2459135.7242824,314.2638317,43.6956744,1,18.838600158691406,0.07626199722290039,59135.22428240022
956,2459131.7289699,314.2639217,43.6956496,2,18.03510093688965,0.048656001687049866,59131.22896989994
957,2459131.6956597,314.2637048,43.695695,1,20.03660011291504,0.16600200533866882,59131.19565969985
958,2459129.8067593,314.2638721,43.6956744,1,19.287099838256836,0.12865400314331055,59129.306759300176
959,2459129.7053356,314.2639111,43.6956495,2,17.43549919128418,0.05359100177884102,59129.205335599836
960,2459127.7842361,314.2639319,43.6956523,2,17.118999481201172,0.054545000195503235,59127.28423610004
961,2459127.6775463,314.2639718,43.695718,1,18.49850082397461,0.2812870144844055,59127.177546299994
962,2459126.7576273,314.2639006,43.695673,1,18.652299880981445,0.0955289974808693,59126.25762729999
963,2459125.7849884,314.2639933,43.6956665,2,17.367399215698242,0.08771699666976929,59125.28498840006
964,2459125.7279398,314.2638751,43.6956365,1,19.305400848388672,0.17065800726413727,59125.227939799894
965,2459125.6809606,314.2639649,43.6956562,1,19.24329948425293,0.15433800220489502,59125.1809605998
966,2459124.7637269,314.2639611,43.6956974,2,18.152099609375,0.14197500050067902,59124.263726899866
970,2459122.7184954,314.2639605,43.6956493,2,17.98699951171875,0.08610399812459946,59122.21849540016
971,2459121.7902662,314.2639157,43.6956629,1,19.34589958190918,0.18494799733161926,59121.29026619997
972,2459121.7070486,314.2639518,43.6956432,2,17.5625,0.05983800068497658,59121.207048600074
973,2459120.7286921,314.2639623,43.695608,1,19.660600662231445,0.18325600028038025,59120.22869209992
974,2459119.7360648,314.2638921,43.6956976,1,19.013399124145508,0.11874900013208389,59119.23606480006
975,2459118.7341551,314.2639442,43.695679,2,17.464599609375,0.07264400273561478,59118.23415509984
976,2459117.7384028,314.2639273,43.6956663,1,19.831199645996094,0.17963199317455292,59117.23840280017
978,2459115.7765856,314.2639177,43.6956785,2,18.577299118041992,0.10513199865818024,59115.27658559987
981,2459113.8201389,314.263917,43.6956579,2,17.337400436401367,0.05492600053548813,59113.320138900075
982,2459112.6975579,314.2639342,43.6956817,2,17.149499893188477,0.049143001437187195,59112.1975579001
983,2459112.6638889,314.2639236,43.6957042,1,18.94179916381836,0.08465100079774857,59112.163888900075
984,2459109.7207176,314.2638454,43.6956963,1,19.714799880981445,0.1564369946718216,59109.22071760008
985,2459109.6770718,314.2639114,43.6956332,2,17.8523006439209,0.05399100109934807,59109.17707179999
986,2459106.7878009,314.2637567,43.695693,1,19.402999877929688,0.18347500264644623,59106.28780090017
987,2459106.6906597,314.2639454,43.6956659,2,17.68090057373047,0.0790330022573471,59106.19065969996
989,2459099.8152083,314.2639721,43.6956074,2,18.153400421142578,0.07627400010824203,59099.31520830002
990,2459099.7060417,314.2638878,43.6956447,2,18.01729965209961,0.10617700219154358,59099.20604170021
991,2459098.8482407,314.263947,43.695702,2,17.79840087890625,0.08767200261354446,59098.348240700085
992,2459096.7981366,314.2639275,43.6957022,2,17.80739974975586,0.09030000120401382,59096.29813659983
993,2459096.6749306,314.2639541,43.6956842,1,19.7908992767334,0.2062940001487732,59096.174930599984
995,2459094.8275694,314.2639384,43.6957071,2,17.362699508666992,0.10482300072908401,59094.32756939996
997,2459091.7483102,314.263905,43.6956776,1,19.25429916381836,0.14333300292491913,59091.24831019994
998,2459090.7639583,314.2638915,43.6956267,1,18.90719985961914,0.1264439970254898,59090.2639583
999,2459089.7652315,314.2639202,43.6956669,1,19.150400161743164,0.15528899431228638,59089.265231499914
1000,2459088.7958565,314.2638927,43.6956182,1,18.86750030517578,0.1277569979429245,59088.295856500044
1001,2459087.8245486,314.2639139,43.6956737,1,18.74650001525879,0.08629599958658218,59087.324548599776
1002,2459087.7982407,314.2639473,43.6956584,2,17.015300750732422,0.05917400121688843,59087.298240699805
1003,2459087.7910301,314.2639602,43.6956696,2,17.002500534057617,0.052386000752449036,59087.29103010008
1004,2459086.8473843,314.2639505,43.6956673,2,17.44569969177246,0.1027820035815239,59086.34738430008
1005,2459086.808669,314.2638981,43.6956578,1,19.227500915527344,0.11743800342082977,59086.30866899993
1006,2459085.8482639,314.2637961,43.6956462,1,19.50429916381836,0.13736599683761597,59085.348263899796
1007,2459084.8204398,314.2638836,43.6956801,1,19.037500381469727,0.09535499662160873,59084.320439800154
1008,2459084.7893519,314.2639553,43.6956926,2,17.320199966430664,0.05040400102734566,59084.28935190011
1009,2459082.8114236,314.2638883,43.6957036,1,18.674699783325195,0.09935099631547928,59082.311423600186
1010,2459081.8312616,314.2638969,43.6956901,1,18.615400314331055,0.10544200241565704,59081.3312615999
1011,2459080.8815162,314.263944,43.6956972,1,18.542400360107422,0.08426599949598312,59080.381516200025
1012,2459080.8482755,314.2639449,43.6956527,2,16.891399383544922,0.04448400065302849,59080.348275499884
1013,2459080.7969444,314.2639457,43.695665,2,16.925199508666992,0.06143900007009506,59080.29694439983
1014,2459079.8646412,314.2639313,43.6956554,2,17.217300415039062,0.08268000185489655,59079.36464119982
1015,2459078.7985417,314.2639321,43.6956464,2,17.886999130249023,0.12065300345420837,59078.2985417
1016,2459077.8413889,314.2637623,43.6956218,1,19.991199493408203,0.1886799931526184,59077.34138889983
1017,2459077.7738773,314.2639939,43.6957106,2,18.145000457763672,0.10780099779367447,59077.27387729986
1018,2459076.8493171,314.2639517,43.6956538,2,17.59760093688965,0.13647900521755219,59076.3493170999
1020,2459074.8231944,314.263895,43.695665,1,19.130199432373047,0.10674499720335007,59074.32319439994
1021,2459073.8682407,314.2639196,43.6956816,1,18.833599090576172,0.09374299645423889,59073.3682407001
1022,2459072.889294,314.2639377,43.6956775,1,18.640899658203125,0.0849820002913475,59072.38929399988
1023,2459071.915544,314.2639027,43.6956876,1,19.05900001525879,0.10143399983644485,59071.41554399999
1024,2459071.8536111,314.2639432,43.6956725,2,17.428499221801758,0.09618599712848663,59071.3536111
1025,2459071.8283796,314.2639304,43.6956551,2,17.470600128173828,0.06631600111722946,59071.32837959984
1026,2459070.8525926,314.2639487,43.6956657,1,19.816299438476562,0.15128499269485474,59070.352592600044
1027,2459069.9491667,314.2639494,43.6956301,2,17.868499755859375,0.06582900136709213,59069.44916669978
1028,2459069.82375,314.2639352,43.6956199,1,19.8435001373291,0.17644600570201874,59069.32374999998
1029,2459068.9541898,314.2639375,43.6956796,1,19.366899490356445,0.17197400331497192,59068.45418980019
1030,2459068.8680787,314.2639225,43.6956971,2,17.582300186157227,0.052917998284101486,59068.3680786998
1031,2459068.8557639,314.2639731,43.6956562,2,17.5492000579834,0.06786400079727173,59068.355763900094
1032,2459067.8422222,314.2639239,43.6957327,1,19.064199447631836,0.14096699655056,59067.342222199775
1033,2459066.837338,314.2638971,43.6957028,1,18.835399627685547,0.1274999976158142,59066.33733800007
1034,2459065.9003356,314.2639226,43.6956735,2,17.06410026550293,0.04763700067996979,59065.400335600134
1035,2459065.8539699,314.2639403,43.6956777,2,17.089399337768555,0.05897900089621544,59065.35396989994
1036,2459065.7464005,314.2639007,43.6956543,1,18.705900192260742,0.11898999661207199,59065.24640050018
1037,2459064.8327546,314.2639799,43.6956559,2,17.400299072265625,0.04476799815893173,59064.33275459986
1038,2459063.8023032,314.2639713,43.695692,2,17.4867000579834,0.08193399757146835,59063.30230320012
1039,2459062.9074537,314.263975,43.6956276,1,19.67460060119629,0.20442800223827362,59062.40745369997
1041,2459062.8275347,314.2639937,43.6956783,2,17.867900848388672,0.09143199771642685,59062.32753469981
1042,2459062.8177199,314.2638963,43.6957197,2,17.901599884033203,0.06228400021791458,59062.31771990005
1043,2459061.7801273,314.2639338,43.6956769,2,17.685100555419922,0.06912700086832047,59061.28012729995
1044,2459060.8111111,314.2639392,43.6956728,1,19.109800338745117,0.1258620023727417,59060.31111110002
1045,2459059.889919,314.263837,43.6956618,1,19.113500595092773,0.09763699769973755,59059.38991900021
1046,2459059.8650694,314.2639384,43.6956801,2,17.427000045776367,0.05053900182247162,59059.36506940005
1047,2459059.8329861,314.2639282,43.6956776,2,17.421100616455078,0.05715800076723099,59059.33298610011
1048,2459056.8753125,314.2639267,43.6956572,2,17.382099151611328,0.04381199926137924,59056.37531250017
1049,2459055.8919213,314.2637521,43.6956545,1,19.447200775146484,0.11509399861097336,59055.391921299975
1050,2459055.8393171,314.2639285,43.6956848,2,17.663999557495117,0.07558300346136093,59055.33931710012
1051,2459054.8333102,314.2639303,43.6956618,2,17.76219940185547,0.08350999653339386,59054.3333101999
1052,2459053.8932523,314.2638549,43.6956783,1,18.89699935913086,0.08528599888086319,59053.3932523001
1053,2459052.8893287,314.2639605,43.6956536,2,17.104299545288086,0.04645700007677078,59052.389328700025
1054,2459052.8802894,314.2639293,43.6956874,2,17.14620018005371,0.05823199823498726,59052.3802894
1055,2459052.8302778,314.2639165,43.6956863,1,18.77560043334961,0.07609199732542038,59052.330277800094
1056,2459051.8751852,314.2639713,43.6956522,2,17.152599334716797,0.044307999312877655,59051.37518520001
1057,2459049.8278356,314.2639265,43.6956634,1,18.726299285888672,0.08645600080490112,59049.32783559989
1058,2459047.9379167,314.2639539,43.695706,2,17.64579963684082,0.08589799702167511,59047.4379166998
1059,2459046.9111111,314.2639635,43.6956682,2,17.858600616455078,0.07237400114536285,59046.41111110011
1060,2459046.8886227,314.2639213,43.6956861,2,17.889699935913086,0.062950998544693,59046.38862269977
1061,2459046.8628704,314.263842,43.6956585,1,19.787700653076172,0.13020199537277222,59046.36287039984
1062,2459043.8416667,314.2639393,43.695646,1,18.800800323486328,0.07664500176906586,59043.34166669985
1063,2459043.7819444,314.2639675,43.6956812,2,17.038700103759766,0.06784400343894958,59043.281944400165
1064,2459041.8946759,314.2639438,43.695684,1,18.83449935913086,0.08726699650287628,59041.39467590023
1065,2459040.8727662,314.2639505,43.6956797,2,17.51580047607422,0.05368199944496155,59040.37276619999
1066,2459040.7476852,314.2639086,43.6956544,1,19.4064998626709,0.13060300052165985,59040.24768520007
1067,2459039.9860995,314.2639325,43.6956511,2,17.8966007232666,0.06126999855041504,59039.48609950021
1068,2459038.8420255,314.2639489,43.6956603,2,17.76650047302246,0.052678000181913376,59038.34202549979
1069,2459037.9427546,314.2639526,43.6956654,2,17.258800506591797,0.05389599874615669,59037.4427546002
1070,2459037.7620255,314.2638559,43.6955943,1,18.804399490356445,0.1394360065460205,59037.26202550018
1071,2459034.9746875,314.2639059,43.6956455,1,18.56410026550293,0.09033200144767761,59034.474687499925
1072,2459034.8721759,314.2639199,43.6956893,2,16.804100036621094,0.05764700099825859,59034.3721758998
1073,2459031.9818287,314.2639264,43.6956457,2,17.37529945373535,0.07270699739456177,59031.48182869982
1074,2459031.9519907,314.2639249,43.6956731,2,17.364299774169922,0.05187400057911873,59031.45199069986
1075,2459031.850787,314.2639592,43.6956702,1,18.816099166870117,0.1003739982843399,59031.3507869998
1076,2459028.9660417,314.2639511,43.6956657,2,16.76409912109375,0.0344570018351078,59028.46604169998
1077,2459028.8961921,314.2638526,43.6956755,1,18.326200485229492,0.07795800268650055,59028.3961920999
1078,2459026.9810995,314.2639381,43.6956899,2,17.0044002532959,0.05203799903392792,59026.481099499855
1079,2459025.8852546,314.2639455,43.6956661,2,17.34980010986328,0.05234599858522415,59025.385254600085
1080,2459025.8501968,314.2638768,43.695682,1,18.99340057373047,0.0823569968342781,59025.350196800195
1081,2459022.9646644,314.2639498,43.6956707,2,17.778900146484375,0.06601399928331375,59022.46466440009
1082,2459022.8666782,314.2637829,43.6956813,1,19.469900131225586,0.13258600234985352,59022.3666782002
1083,2459019.8916319,314.2639328,43.6956909,2,16.612899780273438,0.05766800045967102,59019.39163189987
1084,2459019.8510995,314.263897,43.6956476,1,18.323200225830078,0.06543800234794617,59019.35109949997
1085,2459016.8663194,314.2637615,43.6956417,1,19.032400131225586,0.12070900201797485,59016.36631939979
1086,2459013.9551736,314.2639413,43.6956722,2,16.889799118041992,0.03500799834728241,59013.4551736
1087,2459013.8424421,314.2639486,43.6956767,2,16.776399612426758,0.04739899933338165,59013.342442099936
1088,2459013.7416898,314.2639758,43.6956548,1,18.289600372314453,0.07998000085353851,59013.24168979982
1089,2459010.9784722,314.2639028,43.6956535,1,18.561100006103516,0.11229400336742401,59010.47847220022
1090,2459010.8497106,314.263948,43.6956814,2,16.896499633789062,0.06672299653291702,59010.349710599985
1091,2459004.9678472,314.2639248,43.6956852,1,18.124799728393555,0.07019899785518646,59004.46784720011
1092,2459004.8063426,314.2639573,43.6956769,2,16.558500289916992,0.04912300035357475,59004.30634259991
1093,2459001.9449884,314.2639223,43.6956716,2,17.36479949951172,0.08523400127887726,59001.44498840021
1094,2459001.9075231,314.2639455,43.6957058,1,19.022600173950195,0.11595399677753448,59001.4075230998
1095,2458998.9816319,314.2639405,43.6956663,2,16.95359992980957,0.07004600018262863,58998.481631900184
1096,2458998.9707407,314.2639454,43.6956832,2,16.985200881958008,0.0608769990503788,58998.47074070014
1097,2458998.9274769,314.2639021,43.6956734,1,18.640899658203125,0.08468800038099289,58998.427476900164
1098,2458995.9764352,314.2639502,43.6956514,2,17.060699462890625,0.047001998871564865,58995.476435199846
1099,2458995.9470833,314.2639362,43.6956708,2,17.065099716186523,0.08351299911737442,58995.44708329998
1100,2458995.8487037,314.2639001,43.6956968,1,18.768699645996094,0.07836200296878815,58995.34870370012
1101,2458992.9855787,314.2639655,43.6956598,1,18.954700469970703,0.11161000281572342,58992.48557869997
1102,2458992.9780903,314.2639043,43.6956626,1,18.937700271606445,0.08416900038719177,58992.478090300225
1103,2458992.9563542,314.2639511,43.6956739,2,17.300199508666992,0.04373700171709061,58992.45635419991
1104,2458986.9675694,314.2639567,43.6956708,2,17.2268009185791,0.09006500244140625,58986.46756940009
1105,2458986.9270139,314.2638908,43.6956772,1,18.972900390625,0.09260299801826477,58986.42701390013
1106,2458985.9775694,314.2639296,43.6956529,2,17.527700424194336,0.08847399801015854,58985.47756939987
1107,2458979.9935764,314.2639464,43.6956887,2,16.962099075317383,0.06932099908590317,58979.49357639998
1108,2458978.9674306,314.2639418,43.695672,2,17.263900756835938,0.06049399822950363,58978.467430599965
1109,2458978.9584375,314.263973,43.6956576,1,18.9375,0.1935579925775528,58978.458437500056
1110,2458977.9530671,314.2639574,43.695671,2,17.244400024414062,0.07123000174760818,58977.45306710014
1111,2458975.9952894,314.2639734,43.6956469,1,18.622100830078125,0.11570800095796585,58975.49528940022
1112,2458975.9528588,314.2639545,43.6956669,2,17.019899368286133,0.04697899892926216,58975.45285880007
1113,2458972.9767824,314.2638945,43.6956764,1,18.618000030517578,0.07618899643421173,58972.47678240016
1114,2458972.9302199,314.2639523,43.695695,2,16.862199783325195,0.04842200130224228,58972.43021989986
1115,2458966.9715972,314.2639464,43.6956635,2,16.930299758911133,0.047453999519348145,58966.471597199794
1116,2458966.9520718,314.2639411,43.6956776,1,18.649099349975586,0.0790959969162941,58966.4520717999
1117,2458963.9479514,314.2639496,43.6956849,1,19.670000076293945,0.16540400683879852,58963.44795140019
1118,2458963.9075694,314.2639288,43.6956455,1,19.636600494384766,0.15532000362873077,58963.407569400035
1119,2458955.9754167,314.2639496,43.6956509,1,18.862600326538086,0.12270300090312958,58955.47541669989
1120,2458955.9458333,314.2639301,43.6956596,2,17.21150016784668,0.048611998558044434,58955.445833299775
1121,2458945.016713,314.2639548,43.6956532,2,16.79680061340332,0.04571999981999397,58944.5167129999
1122,2458944.9638194,314.2640083,43.6956359,1,18.492900848388672,0.11963900178670883,58944.46381939994
1123,2458941.0095718,314.2639557,43.6956975,2,17.26849937438965,0.13853299617767334,58940.50957180001
1124,2458940.9951389,314.2638768,43.6957001,1,18.68549919128418,0.10339699685573578,58940.49513889989
1125,2458861.5898958,314.2638842,43.6956423,1,18.453399658203125,0.12529100477695465,58861.08989580022
1126,2458854.6138194,314.2639636,43.6956222,2,16.798500061035156,0.05950099974870682,58854.11381939985
1127,2458851.6136921,314.2639443,43.6956742,1,17.874900817871094,0.09030599892139435,58851.11369210016
1128,2458851.5939931,314.263928,43.6956606,2,16.234600067138672,0.03684699907898903,58851.09399309987
1131,2458836.621169,314.2639046,43.6956696,1,17.764999389648438,0.06297600269317627,58836.12116899993
1132,2458833.6128588,314.2638698,43.695658,1,18.135099411010742,0.07351700216531754,58833.11285880022
1133,2458833.5762963,314.2639315,43.6956782,2,16.592899322509766,0.039264000952243805,58833.07629630016
1134,2458829.5964931,314.2638406,43.6956984,1,17.91860008239746,0.1340010017156601,58829.096493099816
1135,2458829.5753009,314.2639536,43.6956747,2,16.473499298095703,0.040853001177310944,58829.0753008998
1136,2458820.6434259,314.26392,43.6956735,1,17.961599349975586,0.10129400342702866,58820.14342590002
1137,2458820.5927083,314.2639577,43.6956792,2,16.484600067138672,0.09496399760246277,58820.09270829987
1138,2458819.6239583,314.2639168,43.6956762,2,16.780899047851562,0.10094299912452698,58819.12395829987
1139,2458814.6330903,314.2639164,43.6956608,2,16.582399368286133,0.05691999942064285,58814.13309030002
1141,2458811.5923264,314.2638744,43.6956915,1,18.095800399780273,0.07532799988985062,58811.09232639987
1142,2458811.5710648,314.2639207,43.6956768,1,18.094600677490234,0.07807400077581406,58811.071064800024
1143,2458804.6027083,314.2638761,43.6956478,1,18.002199172973633,0.0739860013127327,58804.10270830011
1144,2458801.7346528,314.2639315,43.6956921,2,16.792800903320312,0.04307200014591217,58801.23465280002
1145,2458798.6914005,314.2639291,43.6956676,2,16.579099655151367,0.042723000049591064,58798.191400500014
1146,2458795.6432639,314.263889,43.6956905,1,18.40220069885254,0.0947439968585968,58795.14326390019
1147,2458795.6158565,314.2639437,43.6957044,1,18.469900131225586,0.10040199756622314,58795.11585649988
1148,2458795.5884954,314.2639281,43.6956811,2,16.79330062866211,0.05384700000286102,58795.0884953998
1149,2458792.6943403,314.2638952,43.6956873,1,18.651500701904297,0.11186999827623367,58792.194340299815
1150,2458792.632963,314.2639156,43.6956515,2,16.944299697875977,0.0725260004401207,58792.132962999865
1151,2458791.6519444,314.2638964,43.6956729,1,18.273799896240234,0.07403299957513809,58791.15194439981
1152,2458789.7130787,314.2639625,43.6956748,2,16.64430046081543,0.04687200114130974,58789.213078700006
1153,2458789.702662,314.2638668,43.6956746,1,18.427000045776367,0.08479099720716476,58789.20266199997
1154,2458785.598669,314.2639172,43.6956407,2,17.7539005279541,0.09567499905824661,58785.09866899997
1155,2458782.7240509,314.2638817,43.6956562,1,18.47209930419922,0.10185399651527405,58782.22405089997
1156,2458779.618831,314.2638824,43.6957063,1,18.75480079650879,0.09095499664545059,58779.118830999825
1157,2458779.592963,314.2639476,43.6956466,2,16.95509910583496,0.06333599984645844,58779.09296299983
1158,2458775.7043634,314.2639371,43.6956684,2,16.73349952697754,0.06294400244951248,58775.20436340012
1159,2458772.6234259,314.2639123,43.6957069,1,18.626100540161133,0.0896959975361824,58772.123425900005
1160,2458769.6989815,314.2639305,43.6956921,1,18.742000579833984,0.1200530007481575,58769.19898150023
1161,2458769.6128125,314.2639054,43.695677,2,17.10420036315918,0.06222200021147728,58769.11281249998
1162,2458766.6953704,314.2639503,43.6956834,1,18.20039939880371,0.06346999853849411,58766.19537039986
1163,2458766.6228472,314.2639438,43.6956777,2,16.606599807739258,0.03138599917292595,58766.122847199906
1164,2458763.7541898,314.2639317,43.6956807,2,17.248899459838867,0.06143200024962425,58763.254189800005
1165,2458763.6280324,314.2639298,43.695677,1,19.0935001373291,0.09262699633836746,58763.12803239981
1166,2458760.7788542,314.263927,43.6956796,2,17.710599899291992,0.060871999710798264,58760.27885420015
1167,2458757.7891435,314.2639605,43.695669,2,17.11750030517578,0.04064999893307686,58757.28914349992
1168,2458754.758831,314.2638097,43.6956466,1,19.84910011291504,0.1804399937391281,58754.258830999956
1169,2458754.6434028,314.2639286,43.6956483,2,17.885900497436523,0.0659789964556694,58754.143402799964
1170,2458750.7646065,314.2639333,43.6956497,2,17.08300018310547,0.055376000702381134,58750.264606500044
1171,2458747.7832986,314.2639041,43.6957419,1,20.321399688720703,0.3036330044269562,58747.2832986
1172,2458744.865706,314.2639403,43.6956744,2,17.03350067138672,0.04335499927401543,58744.36570600001
1173,2458739.6286574,314.2639649,43.6957246,1,18.85700035095215,0.12948200106620789,58739.12865740014
1174,2458737.8040046,314.2639473,43.6956621,1,18.801300048828125,0.10343600064516068,58737.304004599806
1175,2458737.7824306,314.263942,43.6956757,2,17.097400665283203,0.06506899744272232,58737.28243059991
1176,2458736.7911111,314.2639285,43.6956714,1,18.250099182128906,0.07880400121212006,58736.2911111
1177,2458736.7678009,314.263942,43.6956764,2,16.603200912475586,0.05975700169801712,58736.267800900154
1178,2458735.7815278,314.2639167,43.6956684,1,18.381999969482422,0.06396199762821198,58735.28152780002
1179,2458735.7580093,314.2639568,43.6956761,2,16.75029945373535,0.04480399936437607,58735.2580093001
1180,2458734.7829398,314.2639391,43.6957036,1,18.874799728393555,0.10302899777889252,58734.28293980006
1181,2458734.7593171,314.2639447,43.6956876,2,17.068599700927734,0.05143599957227707,58734.25931710005
1182,2458733.7816898,314.2639495,43.6956684,1,18.90880012512207,0.10296899825334549,58733.28168979986
1183,2458733.7816898,314.2639495,43.6956684,1,18.90880012512207,0.10296899825334549,58733.28168979986
1184,2458733.7575926,314.2639493,43.6956841,2,17.173099517822266,0.055277999490499496,58733.25759259984
1185,2458732.7823727,314.2639094,43.6956697,1,18.83919906616211,0.09362799674272537,58732.28237270005
1186,2458732.7579861,314.2639204,43.6956646,2,17.207799911499023,0.0727119967341423,58732.257986099925
1187,2458730.7840856,314.2639061,43.6956692,1,19.35890007019043,0.1501300036907196,58730.28408560017
1188,2458730.7593171,314.2639455,43.6956548,2,17.405000686645508,0.05556600168347359,58730.25931710005
1189,2458727.8073495,314.2639006,43.6956726,1,19.294099807739258,0.09435799717903137,58727.30734949978
1190,2458727.7839005,314.2639624,43.6956698,2,17.278799057006836,0.09816700220108032,58727.28390049981
1191,2458726.7853125,314.2638609,43.6957238,1,19.27429962158203,0.16057099401950836,58726.28531249985
1192,2458726.7590509,314.2639541,43.6956895,2,17.30620002746582,0.06255900114774704,58726.25905090012
1194,2458725.7575926,314.2639686,43.6956351,2,18.196399688720703,0.0829479992389679,58725.25759259984
1199,2458722.7851157,314.2639291,43.6957171,1,19.07200050354004,0.1144070029258728,58722.285115700215
1200,2458722.7591088,314.2639329,43.6956602,2,17.25429916381836,0.07121200114488602,58722.259108799975
1201,2458721.7859259,314.2639023,43.6957033,1,18.839000701904297,0.2347950041294098,58721.2859259001
1202,2458721.7592245,314.2639504,43.6957048,2,16.98310089111328,0.06366100162267685,58721.25922450004
1203,2458720.8056597,314.2639183,43.6956589,1,19.346900939941406,0.0833979994058609,58720.305659700185
1204,2458720.7800694,314.2639614,43.6956985,2,17.382400512695312,0.05914900079369545,58720.28006940009
1205,2458719.7861806,314.2638759,43.6956827,1,19.454999923706055,0.12426500022411346,58719.28618060006
1206,2458719.7593056,314.2639375,43.6956694,2,17.681100845336914,0.04687400162220001,58719.25930560008
1207,2458718.8065972,314.2639344,43.695697,1,19.557300567626953,0.11725900322198868,58718.30659720022
1208,2458718.7803125,314.2639811,43.695662,2,17.730300903320312,0.0708639994263649,58718.28031249996
1209,2458717.7855787,314.2639308,43.6957054,1,19.276399612426758,0.12487900257110596,58717.28557869978
1210,2458717.7586458,314.2639569,43.6956777,2,17.53510093688965,0.0686430037021637,58717.25864579994
1211,2458716.8056944,314.2639264,43.695656,1,19.104400634765625,0.10555899888277054,58716.30569439987
1212,2458716.7798032,314.2639416,43.695672,2,17.35140037536621,0.08333999663591385,58716.27980320016
1213,2458715.7852199,314.2639284,43.6957179,1,18.99530029296875,0.09419400244951248,58715.285219899844
1214,2458715.7587269,314.2639769,43.6956611,2,17.51810073852539,0.08594900369644165,58715.25872689998
1215,2458714.700162,314.263947,43.6956926,1,19.63680076599121,0.17156299948692322,58714.20016200002
1216,2458714.6746759,314.263957,43.6956907,2,17.75200080871582,0.07605300098657608,58714.17467590002
1219,2458711.6995949,314.2639589,43.695707,1,18.77630043029785,0.136586993932724,58711.19959490001
1220,2458711.6745139,314.2639532,43.6956624,2,17.404300689697266,0.06374199688434601,58711.17451390019
1221,2458710.7002083,314.2639965,43.6956533,1,18.399900436401367,0.1095929965376854,58710.20020829979
1222,2458710.6747338,314.2639562,43.6956664,2,16.984699249267578,0.05892900004982948,58710.17473379988
1223,2458709.9441898,314.2639999,43.6956398,1,19.38960075378418,0.18931899964809418,58709.44418979995
1224,2458706.9283796,314.2638708,43.6956588,1,19.291900634765625,0.10896600037813187,58706.428379599936
1225,2458706.89625,314.2639674,43.6956374,2,17.5674991607666,0.06351500004529953,58706.39625000022
1226,2458703.9084144,314.2639506,43.6956385,2,17.867799758911133,0.07383500039577484,58703.40841440018
1227,2458700.8925,314.2639335,43.6956777,2,17.097200393676758,0.05188100039958954,58700.392500000075
1228,2458697.892963,314.2639351,43.6956669,2,17.384899139404297,0.06261900067329407,58697.39296300011
1229,2458694.8481829,314.2639339,43.6956677,2,16.44930076599121,0.041770998388528824,58694.34818289988
1230,2458694.8259954,314.2639583,43.6956903,1,17.537799835205078,0.05045099928975105,58694.32599540008
1231,2458691.8661806,314.2639582,43.6956474,2,16.74370002746582,0.05205399915575981,58691.36618060013
1232,2458691.8235417,314.2639451,43.6956739,1,18.12350082397461,0.06137799844145775,58691.32354169991
1233,2458688.8784259,314.2639556,43.6956354,2,16.903099060058594,0.059911999851465225,58688.37842589989
1234,2458688.8246875,314.2639456,43.6956916,1,18.29439926147461,0.08557700365781784,58688.32468750002
1235,2458684.9531944,314.2639237,43.6956565,2,17.54400062561035,0.06295499950647354,58684.45319439983
1236,2458680.9515972,314.2639494,43.69566,1,18.80139923095703,0.12144400179386139,58680.451597199775
1237,2458680.8230671,314.2639191,43.6956642,2,17.311599731445312,0.05739299952983856,58680.32306709979
1238,2458677.8085532,314.2639486,43.6956524,2,18.157800674438477,0.0833199992775917,58677.308553200215
1239,2458674.9330556,314.2639112,43.6956647,1,19.57200050354004,0.13057300448417664,58674.43305560015
1240,2458673.849294,314.2638467,43.6957206,1,19.95159912109375,0.1579049974679947,58673.34929399984
1241,2458672.8423495,314.2639419,43.695676,1,18.722700119018555,0.0773409977555275,58672.34234949993
1243,2458671.9111227,314.2638773,43.6957079,2,18.10700035095215,0.10059300065040588,58671.4111227002
1245,2458669.9483449,314.2639911,43.6956526,1,20.216999053955078,0.1937360018491745,58669.44834489981
1246,2458668.8433796,314.2639741,43.6956632,2,18.66119956970215,0.12562400102615356,58668.34337959997
1253,2458665.9311227,314.2638842,43.6956558,2,18.811500549316406,0.15232299268245697,58665.43112270022
1254,2458663.9514352,314.2639009,43.6956905,1,19.12779998779297,0.1168150007724762,58663.45143519994
1255,2458663.9300231,314.2639377,43.6956698,2,17.497900009155273,0.06439799815416336,58663.43002310023
1256,2458660.9748264,314.263936,43.6956864,2,15.867799758911133,0.07458300143480301,58660.47482640017
1257,2458660.9296412,314.2639093,43.6956733,1,18.07390022277832,0.048305999487638474,58660.42964120023
1258,2458657.9239815,314.2639477,43.6956603,2,17.167699813842773,0.039083000272512436,58657.42398149986
1259,2458654.9327199,314.2639504,43.6956787,2,16.860200881958008,0.040442001074552536,58654.43271989981
1260,2458653.9553819,314.2639463,43.6956785,2,16.923599243164062,0.03825899958610535,58653.45538190007
1261,2458653.8947106,314.2639199,43.6956612,1,18.275299072265625,0.08372700214385986,58653.39471059991
1262,2458652.9750116,314.2639432,43.6957012,1,18.31570053100586,0.07823000103235245,58652.47501160018
1263,2458652.9238542,314.2639546,43.6956729,2,16.864599227905273,0.047791000455617905,58652.42385420017
1264,2458651.9283449,314.263953,43.6956419,2,17.5487003326416,0.058469001203775406,58651.42834489979
1265,2458650.9704745,314.2640136,43.6956905,1,19.471599578857422,0.20448000729084015,58650.47047450021
1266,2458650.8406134,314.2639795,43.6956652,2,17.85759925842285,0.07776200026273727,58650.3406134001
1267,2458649.7992014,314.2639467,43.6956853,2,17.702299118041992,0.08588500320911407,58649.29920140002
1268,2458648.9530324,314.2639087,43.6956576,1,18.78809928894043,0.08421099931001663,58648.45303239999
1269,2458647.8174306,314.2639516,43.6956799,2,17.23200035095215,0.07092200219631195,58647.31743060006
1270,2458646.9754977,314.2639095,43.6956513,2,17.673099517822266,0.05931000038981438,58646.47549769981
1271,2458646.9237847,314.2639184,43.6956416,1,19.411399841308594,0.11516600102186203,58646.42378470022
1272,2458645.9260764,314.2639032,43.6956787,1,19.264799118041992,0.10448300093412399,58645.426076400094
1273,2458644.9703009,314.2639528,43.6956481,2,17.374900817871094,0.05812299996614456,58644.47030089982
1274,2458644.9257639,314.2638787,43.6957165,1,19.291900634765625,0.12342099845409393,58644.425763899926
1275,2458643.9647685,314.263925,43.6956765,2,17.482900619506836,0.04972200095653534,58643.46476850007
1276,2458643.9495602,314.2638923,43.6956049,1,19.23349952697754,0.09658700227737427,58643.449560199864
1277,2458642.946331,314.2639426,43.695675,2,17.520000457763672,0.05729600042104721,58642.446330999956
1278,2458642.9034144,314.2638988,43.6956524,1,19.1968994140625,0.10074300318956375,58642.40341439983
1279,2458641.9710995,314.2639536,43.6956803,2,17.726499557495117,0.06503300368785858,58641.47109950008
1280,2458641.9563426,314.2639167,43.6956573,1,18.968799591064453,0.08296699821949005,58641.45634259982
1281,2458640.9751852,314.2639581,43.6956381,2,18.011499404907227,0.06330499798059464,58640.475185200106
1282,2458640.9509491,314.2639364,43.6956732,1,18.840200424194336,0.07744699716567993,58640.450949099846
1283,2458639.9445023,314.2639338,43.6956708,1,17.89310073852539,0.0508899986743927,58639.44450230012
1284,2458639.9108681,314.2639563,43.6957018,2,16.73240089416504,0.04125799983739853,58639.41086809989
1285,2458638.9707407,314.2639679,43.6956668,2,16.579500198364258,0.04596300050616264,58638.47074070014
1286,2458638.9587616,314.2639274,43.695676,1,17.760700225830078,0.05714000016450882,58638.458761599846
1287,2458637.9532523,314.2639462,43.6956823,1,18.906600952148438,0.06893199682235718,58637.453252300154
1288,2458637.9245833,314.2639332,43.6956679,2,17.331100463867188,0.08110100030899048,58637.42458330002
1289,2458636.9337731,314.263948,43.6957208,2,17.686800003051758,0.09022500365972519,58636.43377309991
1290,2458635.965,314.2638952,43.695675,1,19.06439971923828,0.09332799911499023,58635.46499999985
1291,2458635.9103935,314.2639581,43.6956676,2,17.441099166870117,0.08528599888086319,58635.41039349977
1292,2458634.9545602,314.2638772,43.6955767,1,19.530000686645508,0.10159800201654434,58634.45456020022
1293,2458634.924213,314.2639458,43.6956401,2,18.0851993560791,0.09832999855279922,58634.42421300011
1294,2458633.9472338,314.2638767,43.6956051,1,19.000699996948242,0.11071900278329849,58633.447233799845
1295,2458633.9290162,314.2639494,43.6956458,2,17.699600219726562,0.0993179976940155,58633.429016199894
1296,2458632.9711111,314.2639625,43.6956529,2,17.1737003326416,0.05328400060534477,58632.47111110017
1297,2458632.9466782,314.2639023,43.6956976,1,18.211599349975586,0.09956599771976471,58632.446678199805
1298,2458628.9670602,314.2639511,43.6956866,1,18.722200393676758,0.10432100296020508,58628.46706019994
1299,2458627.9036458,314.263918,43.6956433,2,18.55030059814453,0.13528800010681152,58627.40364579996
1302,2458617.9890509,314.2639733,43.6956527,2,17.816699981689453,0.08141399919986725,58617.4890509001
1303,2458617.9696528,314.2639138,43.6956513,1,18.782800674438477,0.08082900196313858,58617.46965279989
1304,2458616.9267014,314.2639055,43.6956503,2,17.553699493408203,0.09481299668550491,58616.42670139996
1306,2458608.9526968,314.2638297,43.6955316,1,19.534500122070312,0.14432600140571594,58608.45269680023
1307,2458607.9885764,314.2639517,43.6956309,2,17.727500915527344,0.059230998158454895,58607.488576400094
1308,2458607.9247454,314.2639091,43.6956478,1,19.031400680541992,0.09189900010824203,58607.42474539997
1309,2458605.9490162,314.2639514,43.6956223,2,18.657499313354492,0.13631899654865265,58605.44901619991
1310,2458597.9504167,314.2639587,43.6956863,2,17.22330093383789,0.06883800029754639,58597.45041669998
1311,2458593.988044,314.2640787,43.695786,1,19.0137996673584,0.16729000210762024,58593.48804400023
1312,2458593.9282755,314.2639962,43.6956764,2,17.215099334716797,0.10572399944067001,58593.42827549996
1314,2458592.9048727,314.2640058,43.6956616,2,17.855899810791016,0.12006799876689911,58592.404872700106
1315,2458591.9753125,314.2639428,43.6956613,2,18.292999267578125,0.09735699743032455,58591.475312499795
1317,2458588.9097106,314.263932,43.6956657,2,17.4064998626709,0.059505000710487366,58588.40971060004
1318,2458582.9941551,314.2639088,43.6956829,1,19.130599975585938,0.11446800082921982,58582.49415510008
1319,2458582.9444792,314.2639604,43.6956544,2,17.26959991455078,0.046957001090049744,58582.44447920006
1320,2458581.99,314.26401,43.6956408,1,18.65730094909668,0.10262200236320496,58581.49000000022
1322,2458567.9990162,314.2638009,43.6953101,1,19.190099716186523,0.22501899302005768,58567.49901620019
1323,2458488.6359375,314.2639302,43.6956764,1,18.804399490356445,0.07447099685668945,58488.135937499814
1324,2458483.607662,314.2639158,43.6956357,1,18.578100204467773,0.09202200174331665,58483.10766200023
1325,2458482.6344213,314.2637651,43.6954947,1,18.667600631713867,0.15887899696826935,58482.13442130014
1326,2458482.6018403,314.2638975,43.6955602,2,17.778499603271484,0.07287299633026123,58482.10184030002
1328,2458474.6431481,314.2638952,43.695649,2,17.67449951171875,0.06530000269412994,58474.1431481
1329,2458472.6413657,314.2639169,43.6956509,1,17.840700149536133,0.0901539996266365,58472.141365699936
1330,2458472.5974769,314.2639517,43.6956646,2,16.749300003051758,0.04011400043964386,58472.09747690009
1331,2458471.6311111,314.2639094,43.6956099,2,17.169099807739258,0.05721300095319748,58471.13111109985
1332,2458469.6148148,314.2639654,43.6956654,1,18.00429916381836,0.06120000034570694,58469.11481480021
1333,2458457.6625579,314.2639238,43.6955342,2,17.418100357055664,0.07090000063180923,58457.16255789995
1334,2458457.6091898,314.2638631,43.6955112,1,18.505199432373047,0.10723999887704849,58457.10918979999
1335,2458456.6387731,314.2639071,43.6956139,2,17.12150001525879,0.0603410005569458,58456.138773099985
1337,2458437.7612963,314.2639568,43.6956231,2,16.885099411010742,0.04526299983263016,58437.26129630022
1338,2458437.71875,314.2639608,43.6956637,1,18.265899658203125,0.0759819969534874,58437.21875
1339,2458436.6457523,314.2638137,43.6955626,1,19.527299880981445,0.20380799472332,58436.14575230004
1340,2458436.6008449,314.2639133,43.695614,2,18.043100357055664,0.10829299688339233,58436.100844900124
1343,2458434.6370255,314.2639315,43.6956304,1,18.054000854492188,0.07916399836540222,58434.13702550018
1344,2458433.6413657,314.2639203,43.6956625,1,18.14310073852539,0.09297200292348862,58433.141365699936
1345,2458433.6079745,314.2639553,43.6956604,2,17.103900909423828,0.04579100012779236,58433.10797449993
1346,2458432.6708449,314.2638547,43.6956297,1,19.26110076904297,0.12908799946308136,58432.170844899956
1351,2458429.6612963,314.2638788,43.6957568,1,20.240400314331055,0.16756699979305267,58429.161296300124
1353,2458428.665625,314.2638744,43.695687,1,19.09709930419922,0.12609100341796875,58428.16562499991
1354,2458428.6076042,314.2639494,43.695636,2,17.580799102783203,0.05316900089383125,58428.10760420002
1355,2458427.6604977,314.2639318,43.6955781,1,19.23889923095703,0.14281399548053741,58427.160497699864
1356,2458427.6209954,314.263952,43.6956824,2,17.959800720214844,0.08932100236415863,58427.12099540001
1357,2458426.6515741,314.2639506,43.6956886,1,17.480499267578125,0.054784998297691345,58426.1515740999
1358,2458426.6220833,314.2639481,43.6957102,2,16.497400283813477,0.06131700053811073,58426.12208329979
1359,2458425.6616435,314.2639468,43.6956756,1,17.789600372314453,0.05465799942612648,58425.161643499974
1360,2458425.6102083,314.2639735,43.6956698,2,16.57029914855957,0.0460209995508194,58425.11020829994
1361,2458423.6292824,314.2639341,43.6956949,2,17.818099975585938,0.08057799935340881,58423.12928240001
1363,2458400.6419676,314.2640036,43.6956574,1,19.020299911499023,0.11369100213050842,58400.14196760021
1364,2458389.740625,314.2639512,43.6956769,2,16.611400604248047,0.05302400141954422,58389.24062500009
1365,2458389.649919,314.2639326,43.6956606,1,17.772600173950195,0.05640999972820282,58389.14991899999
1366,2458388.7255208,314.2639508,43.6956894,2,16.10219955444336,0.04865900054574013,58388.22552079987
1367,2458388.6303588,314.2639532,43.6956897,1,17.028400421142578,0.04370599985122681,58388.130358799826
1368,2458387.7148495,314.2639515,43.6956559,1,17.485200881958008,0.04721599817276001,58387.214849499986
1369,2458387.6662963,314.2639569,43.6956555,2,16.652799606323242,0.06468299776315689,58387.16629630001
1370,2458386.753912,314.2639492,43.6956846,2,16.798799514770508,0.054590001702308655,58386.253911999986
1371,2458386.6649884,314.2639719,43.6956808,1,18.067800521850586,0.06880900263786316,58386.16498839995
1372,2458385.7267593,314.2639628,43.6956493,2,17.55109977722168,0.09392400085926056,58385.2267593001
1373,2458385.6494792,314.2639571,43.6956761,1,19.012100219726562,0.12385399639606476,58385.14947920013
1374,2458384.685787,314.2639603,43.6956828,2,17.839099884033203,0.10496500134468079,58384.18578700023
1375,2458383.7213194,314.2639172,43.6956511,1,18.71940040588379,0.10561300069093704,58383.221319399774
1376,2458382.7364815,314.2639154,43.6956474,1,18.86050033569336,0.09483499825000763,58382.23648149986
1377,2458380.8411343,314.2639328,43.6956471,1,17.706300735473633,0.07604499906301498,58380.34113429999
1378,2458379.8174769,314.26394,43.695661,1,17.91230010986328,0.04973499849438667,58379.31747689983
1379,2458379.7746528,314.2639443,43.6956562,2,16.654499053955078,0.04416999965906143,58379.27465280006
1380,2458378.8023032,314.2639378,43.6956664,1,18.075000762939453,0.05310799926519394,58378.30230320012
1381,2458378.7778704,314.2639448,43.6956617,2,16.882200241088867,0.07187899947166443,58378.27787039988
1382,2458377.778669,314.2639555,43.6956612,2,16.324399948120117,0.04297100007534027,58377.27866900014
1383,2458377.7590741,314.2639295,43.6956833,1,17.430599212646484,0.04569900035858154,58377.25907409983
1384,2458376.790787,314.2639411,43.6956744,1,17.8612003326416,0.05163099989295006,58376.29078700021
1385,2458376.7049653,314.2639453,43.6956762,2,16.835399627685547,0.03925099968910217,58376.20496529993
1386,2458375.7867593,314.2639318,43.6956389,1,19.213699340820312,0.09581100195646286,58375.28675930016
1387,2458375.6911343,314.2639336,43.6956193,2,18.352399826049805,0.07964199781417847,58375.19113430008
1388,2458374.8240741,314.2639437,43.6956781,2,18.413000106811523,0.10437799990177155,58374.32407409977
1389,2458374.7533796,314.2639088,43.6956463,1,19.8218994140625,0.13614800572395325,58374.25337960012
1390,2458373.7785532,314.2639659,43.6956729,2,18.04829978942871,0.04888499900698662,58373.278553199954
1391,2458373.7587847,314.263968,43.6956304,1,19.075700759887695,0.10242900252342224,58373.258784700185
1392,2458372.8035648,314.2639563,43.6956502,2,18.052900314331055,0.07619400322437286,58372.30356479995
1393,2458372.7604167,314.2638804,43.6956421,1,19.241899490356445,0.08928000181913376,58372.26041670004
1394,2458371.7991667,314.2639474,43.6956704,2,18.567100524902344,0.10493899881839752,58371.29916669987
1395,2458371.7670602,314.2638606,43.6956222,1,19.781200408935547,0.15156100690364838,58371.26706020022
1396,2458370.7773032,314.2639528,43.6957009,2,17.888200759887695,0.054593998938798904,58370.277303200215
1397,2458370.738588,314.2639481,43.6956512,1,19.28689956665039,0.1002969965338707,58370.23858800018
1398,2458369.7794907,314.2639492,43.6956535,1,19.29010009765625,0.09198100119829178,58369.27949069999
1399,2458369.6919907,314.2639398,43.6956531,2,17.703699111938477,0.062380000948905945,58369.191990700085
1400,2458368.7801852,314.2639539,43.6956407,2,18.05970001220703,0.0845390036702156,58368.28018519981
1401,2458367.8244097,314.2639328,43.6956034,2,17.89150047302246,0.06438799947500229,58367.3244097
1402,2458366.823125,314.2639631,43.6956623,2,17.08289909362793,0.0613350011408329,58366.32312500011
1403,2458366.7670255,314.263927,43.6956422,1,18.60460090637207,0.07722900062799454,58366.26702550007
1404,2458365.7809722,314.2639268,43.6956687,1,18.414199829101562,0.07708600163459778,58365.28097219998
1405,2458365.7025579,314.2639302,43.6956738,2,17.02429962158203,0.06115899980068207,58365.20255789999
1406,2458364.7986574,314.2639346,43.695678,2,16.877500534057617,0.049936000257730484,58364.29865740007
1407,2458364.7472569,314.2639317,43.6956682,1,18.182600021362305,0.09757400304079056,58364.247256900184
1408,2458363.8007407,314.2639251,43.6956566,1,17.979900360107422,0.06375700235366821,58363.300740700215
1409,2458363.7641782,314.2639746,43.6956816,2,17.193199157714844,0.05162699893116951,58363.26417820016
1410,2458362.6829514,314.2639665,43.6956572,2,17.916400909423828,0.07530900090932846,58362.18295140006
1411,2458358.7315509,314.2639484,43.6956715,2,18.677400588989258,0.11304199695587158,58358.2315508998
1412,2458357.8037616,314.2639721,43.6956656,2,17.621299743652344,0.055420998483896255,58357.30376160005
1413,2458357.7035532,314.2639264,43.6956651,2,17.41469955444336,0.05361900106072426,58357.20355319977
1414,2458356.7780093,314.2639285,43.6956595,2,17.82309913635254,0.07457499951124191,58356.27800930012
1415,2458356.6953819,314.2639051,43.6956859,2,17.910499572753906,0.08365699648857117,58356.19538189983
1416,2458355.7804051,314.2639449,43.6956613,2,17.18440055847168,0.07254999876022339,58355.28040509997
1417,2458354.8903472,314.263948,43.6956507,2,17.749000549316406,0.06577999889850616,58354.39034719998
1418,2458354.7695486,314.2639445,43.6956753,2,17.644399642944336,0.08442100137472153,58354.269548600074
1419,2458353.8806597,314.2639534,43.6956707,2,18.237600326538086,0.08051799982786179,58353.380659699906
1420,2458353.7152546,314.2639377,43.69568,2,18.28569984436035,0.08868899941444397,58353.21525460016
1421,2458352.7684028,314.2639036,43.695661,2,18.10460090637207,0.10883600264787674,58352.268402799964
1422,2458351.9108565,314.2638856,43.6956845,1,19.78809928894043,0.17194899916648865,58351.4108564998
1423,2458351.8617245,314.2639683,43.6957093,2,17.731399536132812,0.07663799822330475,58351.36172450008
1424,2458350.8666898,314.2639426,43.6956543,2,17.825599670410156,0.08365099877119064,58350.36668979982
1425,2458350.8416782,314.2639689,43.6957674,1,19.6830997467041,0.1672549992799759,58350.341678199824
1426,2458343.8896296,314.2639395,43.6956433,1,17.700199127197266,0.059537000954151154,58343.389629600104
1427,2458343.8416898,314.2639557,43.6956733,2,16.694700241088867,0.0525749996304512,58343.34168979991
1428,2458342.8299421,314.2639585,43.6956706,2,16.560800552368164,0.04031100124120712,58342.329942100216
1429,2458338.8648032,314.2639543,43.6956237,1,19.483600616455078,0.14202800393104553,58338.36480320012
1430,2458334.8497801,314.2639548,43.69568,2,17.101999282836914,0.056425001472234726,58334.34978009993
1431,2458334.8105324,314.2639374,43.6956835,1,18.07830047607422,0.0708409994840622,58334.31053239992
1432,2458333.8243519,314.2639453,43.6956577,2,16.4424991607666,0.037043001502752304,58333.32435189979
1433,2458332.9540509,314.2639475,43.6957034,1,18.079200744628906,0.0773719996213913,58332.45405089995
1434,2458332.8315046,314.2639341,43.6956323,2,17.421600341796875,0.04686399921774864,58332.33150460012
1435,2458329.8675926,314.2639358,43.6957434,2,18.89929962158203,0.10951899737119675,58329.367592600174
1436,2458328.837662,314.2639708,43.6956982,2,18.252700805664062,0.11985599994659424,58328.33766200021
1437,2458323.9686574,314.2639219,43.6957016,2,18.865400314331055,0.12375800311565399,58323.46865739999
1438,2458320.9461227,314.2640089,43.6954744,1,19.46619987487793,0.19060799479484558,58320.44612269988
1439,2458320.8959491,314.2639427,43.6956426,2,18.443300247192383,0.1539819985628128,58320.395949100144
1440,2458319.9035185,314.2639673,43.6956454,1,18.562400817871094,0.10404500365257263,58319.40351849981
1441,2458319.8541435,314.2639459,43.6956479,2,17.453100204467773,0.06414300203323364,58319.35414349986
1442,2458318.9130903,314.2639412,43.6956178,1,18.231199264526367,0.08920499682426453,58318.413090299815
1443,2458318.8652315,314.2639415,43.6956622,2,17.13909912109375,0.060412999242544174,58318.36523150001
1444,2458317.8859606,314.2639257,43.6956263,1,18.59480094909668,0.09769599884748459,58317.38596059987
1445,2458316.9008796,314.2639021,43.6956494,1,18.388599395751953,0.0946739986538887,58316.400879600085
1446,2458316.8479861,314.2639701,43.6956719,2,17.235700607299805,0.04215700179338455,58316.347986099776
1447,2458315.9071065,314.2639588,43.6956768,1,18.126300811767578,0.08477099984884262,58315.40710650012
1448,2458315.8611806,314.2639448,43.6956502,2,17.130800247192383,0.050439998507499695,58315.36118059978
1449,2458314.9250347,314.2640445,43.69568,2,17.893999099731445,0.08861400187015533,58314.42503469996
1450,2458314.887963,314.263898,43.6956502,1,18.94569969177246,0.0923369973897934,58314.38796300022
1451,2458311.8627894,314.2639773,43.6956459,1,18.375499725341797,0.07893600314855576,58311.36278939992
1452,2458310.8406944,314.2639372,43.6956779,1,18.745800018310547,0.09460499882698059,58310.340694400016
1453,2458307.8922106,314.263989,43.695675,2,18.5492000579834,0.20496000349521637,58307.392210599966
1454,2458307.8405093,314.2640009,43.6956995,1,20.254600524902344,0.18327799439430237,58307.34050930012
1455,2458302.9262384,314.263942,43.6956357,1,19.026500701904297,0.1173430010676384,58302.42623839993
1456,2458301.8242245,314.2640075,43.6956865,1,19.490699768066406,0.15595999360084534,58301.324224499986
1457,2458300.8982639,314.2639635,43.695662,2,18.80139923095703,0.10847499966621399,58300.398263900075
1458,2458299.9114005,314.2639907,43.6956359,2,17.991600036621094,0.07088500261306763,58299.41140050022
1459,2458294.9534259,314.2639439,43.6956879,1,18.564800262451172,0.1015240028500557,58294.45342590008
1460,2458289.911331,314.2639529,43.6956636,1,19.61949920654297,0.13467200100421906,58289.41133099981
1461,2458286.9296181,314.2639633,43.6956593,1,19.29319953918457,0.0566909983754158,58286.42961810017
1462,2458281.9027431,314.2639252,43.6956368,1,18.589599609375,0.03509899973869324,58281.40274310019
1463,2458280.928669,314.2639399,43.6956841,1,18.586700439453125,0.034226998686790466,58280.428669000044
