,jd,ra,dec,fid,magpsf,sigmapsf,mjd
0,2461065.9750694,252.4099351,64.5418255,2,19.554704666137695,0.16044335067272186,61065.47506939992
1,2461061.0373032,252.4096301,64.5418182,1,19.875499725341797,0.20320500433444977,61060.53730319999
2,2461061.0322222,252.4097888,64.54185,1,19.843000411987305,0.17575299739837646,61060.532222200185
7,2461058.9930787,252.4097802,64.5418441,2,19.685100555419922,0.16859599947929382,61058.4930786998
8,2461058.9535532,252.4097018,64.541866,1,19.978700637817383,0.2288389950990677,61058.45355319977
10,2461057.0356134,252.4095963,64.5418399,1,19.75819969177246,0.3532339930534363,61056.53561339993
11,2461056.9912847,252.4094881,64.5419444,2,19.88990020751953,0.2656089961528778,61056.49128470011
12,2461056.965706,252.4095264,64.5418553,2,19.608200073242188,0.17515799403190613,61056.465706000105
14,2461055.0527431,252.4095678,64.5417746,2,19.8164005279541,0.17187799513339996,61054.552743100096
16,2461054.9955324,252.4098026,64.5417011,1,19.890399932861328,0.2139350026845932,61054.495532399975
17,2461053.0547222,252.4098172,64.5417615,1,19.73710060119629,0.22475600242614746,61052.55472220015
23,2461050.0134375,252.4096745,64.5416301,2,19.537200927734375,0.30823999643325806,61049.51343750022
26,2460988.5745023,252.4098451,64.5418216,2,19.286653518676758,0.16581052541732788,60988.074502300005
31,2460980.6612269,252.4095146,64.541932,1,19.34000015258789,0.21409299969673157,60980.16122689983
33,2460978.6394792,252.4096806,64.5417805,2,19.542200088500977,0.13897599279880524,60978.13947919989
34,2460978.6366551,252.4095671,64.5419019,2,19.614999771118164,0.244719997048378,60978.136655100156
35,2460978.6118634,252.4096045,64.5419113,1,19.242599487304688,0.16697099804878235,60978.111863399856
36,2460976.6778009,252.4098516,64.5417391,1,19.328399658203125,0.30713000893592834,60976.17780089984
37,2460976.6228472,252.4097247,64.5417546,2,19.41230010986328,0.13531500101089478,60976.122847199906
38,2460976.6204861,252.4096755,64.5418254,2,19.385700225830078,0.17041200399398804,60976.120486100204
39,2460974.6782176,252.4094199,64.5417314,1,19.623199462890625,0.2578369975090027,60974.1782176001
40,2460974.6331134,252.4096049,64.5417782,2,19.22249984741211,0.16639100015163422,60974.13311340008
43,2460972.6194097,252.4098193,64.5418769,1,19.325700759887695,0.12365999817848206,60972.119409699924
45,2460972.6184606,252.4097558,64.5419006,1,19.433799743652344,0.17778000235557556,60972.1184605998
46,2460969.7048727,252.4096592,64.5418028,1,19.409099578857422,0.18225699663162231,60969.20487269992
47,2460969.6607176,252.4098083,64.5418081,1,19.500099182128906,0.18006399273872375,60969.160717600025
49,2460969.6167014,252.4096714,64.5418073,2,19.479700088500977,0.21883900463581085,60969.11670139991
50,2460967.6764468,252.4098723,64.5418105,1,19.366300582885742,0.18175899982452393,60967.17644680012
51,2460967.6565162,252.4098472,64.5418509,1,19.353599548339844,0.14429600536823273,60967.15651619993
52,2460967.618287,252.4099183,64.5419111,2,19.54509925842285,0.1304430067539215,60967.118286999874
53,2460967.612338,252.4097881,64.5418208,2,19.581899642944336,0.1973849982023239,60967.11233799998
54,2460965.7081944,252.4095278,64.541797,1,19.226900100708008,0.1684429943561554,60965.208194400184
55,2460965.659213,252.4096885,64.5418568,1,19.284700393676758,0.1226779967546463,60965.15921299998
56,2460965.6239931,252.4097095,64.541851,2,19.262699127197266,0.11885400116443634,60965.12399310013
57,2460965.6148032,252.4096714,64.5418423,2,19.404199600219727,0.1823910027742386,60965.11480320012
58,2460960.7129051,252.4097044,64.5418067,1,19.461299896240234,0.17892299592494965,60960.21290510008
59,2460960.6596528,252.4096664,64.5418189,2,19.591999053955078,0.1376660019159317,60960.15965279983
61,2460960.622581,252.4097093,64.5418131,1,19.513200759887695,0.14311100542545319,60960.122580999974
63,2460957.6576273,252.4095821,64.5417718,2,19.50160026550293,0.18340300023555756,60957.157627299894
64,2460957.6249306,252.409618,64.5418554,1,19.37310028076172,0.1759440004825592,60957.12493060017
65,2460957.6225579,252.4095076,64.5419066,1,19.519699096679688,0.19352200627326965,60957.122557899915
66,2460955.6997454,252.4094502,64.5416802,1,19.217100143432617,0.26367801427841187,60955.19974539988
69,2460955.6213889,252.4097384,64.5417362,2,19.40530014038086,0.17715899646282196,60955.121388900094
72,2460953.6559954,252.4096834,64.5418086,2,19.56730079650879,0.18873900175094604,60953.15599540016
73,2460953.6386458,252.4095499,64.5418499,1,19.428199768066406,0.16211000084877014,60953.13864579983
75,2460950.6591898,252.4097352,64.5417539,2,19.581300735473633,0.16686800122261047,60950.1591897998
76,2460950.6397454,252.409411,64.541828,1,19.476299285888672,0.20694300532341003,60950.13974539982
77,2460948.7408333,252.4098287,64.5418451,1,19.583999633789062,0.2364410012960434,60948.240833300166
79,2460948.6575926,252.4096899,64.5417797,2,19.642499923706055,0.17291100323200226,60948.15759260021
80,2460948.6357407,252.4096489,64.5418439,1,19.68869972229004,0.14872099459171295,60948.13574070018
82,2460943.6352083,252.4097976,64.5418608,1,19.606700897216797,0.14970700442790985,60943.13520829985
84,2460938.7535648,252.4096945,64.5417768,1,19.80150032043457,0.17208699882030487,60938.253564800136
86,2460934.6814815,252.4097859,64.5417808,2,19.651599884033203,0.16264399886131287,60934.181481500156
87,2460934.6571991,252.4096537,64.5418165,1,19.791799545288086,0.17015700042247772,60934.157199100126
89,2460932.661331,252.4098098,64.5418269,1,19.978700637817383,0.19973300397396088,60932.16133099981
90,2460932.6603704,252.409709,64.5418252,1,19.726900100708008,0.17635400593280792,60932.160370400175
114,2460918.6851389,252.4097705,64.541862,1,20.101299285888672,0.21860499680042267,60918.18513889983
118,2460916.6822801,252.4096789,64.5417813,1,20.045900344848633,0.20510900020599365,60916.18228009995
119,2460916.6783102,252.4097045,64.5418441,1,20.097200393676758,0.22156700491905212,60916.178310200106
120,2460914.7014468,252.4100094,64.541739,2,19.91699981689453,0.16348600387573242,60914.20144680003
123,2460914.6813079,252.4097602,64.5418496,1,20.15130043029785,0.21084600687026978,60914.18130790023
131,2460904.7011227,252.4098903,64.5418008,1,19.93950080871582,0.17340900003910065,60904.20112269977
132,2460904.6996991,252.4096293,64.541775,1,20.01650047302246,0.18290600180625916,60904.19969910011
133,2460902.7397338,252.4095735,64.5417796,1,20.019500732421875,0.19779600203037262,60902.239733799826
134,2460902.7160069,252.410158,64.5418456,1,19.841699600219727,0.18110400438308716,60902.216006900184
135,2460902.7001968,252.4096789,64.5418585,2,19.865299224853516,0.15023599565029144,60902.20019679982
138,2460900.8402083,252.4097028,64.5418401,1,19.811399459838867,0.26431500911712646,60900.340208299924
141,2460887.7776736,252.4097173,64.5418071,1,19.498199462890625,0.14949500560760498,60887.277673599776
142,2460887.7428935,252.4099001,64.5418012,2,19.422800064086914,0.10369499772787094,60887.24289349979
143,2460875.7877546,252.4095834,64.5418343,1,19.55190086364746,0.13175800442695618,60875.287754599936
145,2460872.7812963,252.4098384,64.541856,2,19.31410026550293,0.10548599809408188,60872.28129629977
146,2460872.7575463,252.4096564,64.5418259,1,19.319499969482422,0.1354070007801056,60872.25754630007
147,2460870.7760301,252.4098975,64.5418031,2,19.330400466918945,0.1339689940214157,60870.27603009995
148,2460870.7229051,252.4096985,64.5418143,1,19.609800338745117,0.18263299763202667,60870.22290509986
149,2460868.7832176,252.409739,64.5417733,2,19.37190055847168,0.13106000423431396,60868.28321760008
150,2460868.7390856,252.409807,64.5418797,1,19.5310001373291,0.1738319993019104,60868.23908559978
152,2460866.7262616,252.4096733,64.5418051,1,19.452199935913086,0.20530599355697632,60866.22626159992
153,2460864.9227199,252.4096079,64.5418141,1,19.479000091552734,0.16288700699806213,60864.42271990003
154,2460864.7997569,252.4098047,64.5418735,2,19.483400344848633,0.19012999534606934,60864.29975689994
155,2460862.9065046,252.4097483,64.5417977,1,19.534400939941406,0.1487099975347519,60862.40650459984
156,2460862.8625347,252.4096758,64.5418057,2,19.48080062866211,0.15113799273967743,60862.36253469996
157,2460860.9087153,252.4097311,64.5417667,1,19.465499877929688,0.1078450009226799,60860.408715299796
158,2460860.8460417,252.4097322,64.5418109,2,19.32229995727539,0.1173970028758049,60860.34604169987
159,2460859.8493171,252.4098718,64.5417743,1,19.500900268554688,0.11479400098323822,60859.3493170999
160,2460859.8021875,252.4097949,64.5416881,2,19.55459976196289,0.17249099910259247,60859.302187500056
161,2460858.8657292,252.4097425,64.5418208,1,19.460899353027344,0.14075300097465515,60858.36572920019
162,2460858.807662,252.4097961,64.5418243,2,19.59469985961914,0.14420199394226074,60858.30766199995
163,2460857.80125,252.4098769,64.5418106,1,19.51110076904297,0.0973849967122078,60857.30125000002
164,2460857.80125,252.4098769,64.5418106,1,19.51110076904297,0.0973849967122078,60857.30125000002
166,2460856.8618634,252.4095681,64.5418549,2,19.519399642944336,0.15929000079631805,60856.361863399856
167,2460856.8281366,252.4096794,64.5418319,1,19.54010009765625,0.15721499919891357,60856.32813660009
168,2460855.8207176,252.4098583,64.5419027,2,19.8125,0.17705300450325012,60855.320717600174
169,2460855.7831134,252.40988,64.5419919,1,19.616899490356445,0.16664299368858337,60855.283113399986
172,2460853.8091435,252.4097726,64.5417813,1,19.8705997467041,0.1745319962501526,60853.30914349994
173,2460853.7534259,252.4097738,64.5418828,2,19.588899612426758,0.15702299773693085,60853.25342589989
178,2460849.7804514,252.4099297,64.5418112,2,19.8125,0.12257199734449387,60849.280451400205
179,2460849.7231597,252.4099051,64.5418261,1,19.817899703979492,0.1906919926404953,60849.22315970017
180,2460848.8462731,252.4097238,64.541826,1,19.873600006103516,0.20322300493717194,60848.3462731
181,2460848.8013542,252.4098231,64.5418098,2,19.534799575805664,0.15120700001716614,60848.30135420011
183,2460847.744838,252.4102574,64.5418084,1,19.65850067138672,0.15122400224208832,60847.24483799981
185,2460846.8454282,252.4098237,64.5418151,2,19.54949951171875,0.15727800130844116,60846.34542819997
187,2460845.7392824,252.4097748,64.5418326,1,19.880800247192383,0.1716810017824173,60845.23928239988
188,2460843.8256713,252.4097621,64.5416879,2,19.838699340820312,0.16355399787425995,60843.325671299826
189,2460842.8219676,252.4099144,64.5417593,2,19.566600799560547,0.16571399569511414,60842.32196759991
190,2460842.7817477,252.4097388,64.5418118,1,19.76490020751953,0.16925500333309174,60842.28174770018
193,2460840.7201968,252.4097792,64.541876,1,19.731300354003906,0.15318399667739868,60840.22019679984
203,2460834.9132986,252.4097646,64.541799,1,19.801300048828125,0.2026980072259903,60834.41329859989
205,2460834.8197222,252.409774,64.5417283,2,19.743900299072266,0.20452100038528442,60834.31972219981
206,2460832.9330208,252.4099856,64.541771,2,19.69930076599121,0.1258389949798584,60832.43302079989
208,2460832.8958218,252.4095162,64.5418321,1,19.84320068359375,0.19944700598716736,60832.39582179999
210,2460828.8437269,252.4099551,64.5418479,1,19.752700805664062,0.17931599915027618,60828.34372689994
211,2460828.8222685,252.4096919,64.5417933,1,19.709400177001953,0.2158149927854538,60828.32226849999
214,2460824.7820486,252.4097506,64.5418229,1,19.69070053100586,0.14517800509929657,60824.282048599795
215,2460824.7801273,252.4100828,64.541813,1,19.8981990814209,0.23534299433231354,60824.28012729995
216,2460822.9287384,252.4097404,64.5417931,1,19.608699798583984,0.12045300006866455,60822.428738399874
219,2460822.8272801,252.4098442,64.5418342,1,19.731300354003906,0.16300199925899506,60822.32728009997
220,2460820.9221181,252.4098087,64.5417556,2,19.54759979248047,0.11558300256729126,60820.42211809987
221,2460820.9221181,252.4098087,64.5417556,2,19.54759979248047,0.11558300256729126,60820.42211809987
222,2460820.8651157,252.4100613,64.5417598,1,19.576200485229492,0.13878899812698364,60820.365115699824
223,2460820.8402778,252.409702,64.5417811,1,19.634899139404297,0.17948800325393677,60820.34027779987
226,2460818.841794,252.4097252,64.5418243,1,19.590900421142578,0.12740099430084229,60818.34179400001
227,2460818.8263194,252.4098337,64.5418724,1,19.550199508666992,0.11975699663162231,60818.32631940022
228,2460818.8263194,252.4098337,64.5418724,1,19.550199508666992,0.11975699663162231,60818.32631940022
230,2460816.8895486,252.4098753,64.5418702,2,19.43280029296875,0.1471630036830902,60816.389548600186
231,2460816.8468171,252.4097378,64.5418122,1,19.541799545288086,0.1245879977941513,60816.346817099955
232,2460816.844456,252.4096116,64.5417991,1,19.47130012512207,0.13765500485897064,60816.34445599979
234,2460811.9252894,252.4096976,64.5418386,1,19.45989990234375,0.16425499320030212,60811.42528939992
235,2460811.7942477,252.4097504,64.5418425,2,19.251800537109375,0.13316099345684052,60811.2942476999
236,2460807.9440278,252.4098153,64.5418464,1,19.153799057006836,0.20858100056648254,60807.44402780011
238,2460807.8353935,252.4096363,64.5418959,2,19.186100006103516,0.18770499527454376,60807.33539350005
239,2460807.7423495,252.4098668,64.5417792,1,19.233299255371094,0.2045380026102066,60807.24234949984
242,2460805.8014005,252.4096153,64.5418056,1,19.19770050048828,0.14388400316238403,60805.301400499884
243,2460805.7860648,252.4097292,64.5418269,1,19.404199600219727,0.18911699950695038,60805.286064799875
244,2460803.9324537,252.4096212,64.5417796,1,19.25670051574707,0.14153000712394714,60803.432453699876
245,2460803.9310185,252.4096931,64.5418126,1,19.272199630737305,0.11946699768304825,60803.43101850012
246,2460796.967662,252.4097017,64.5418353,1,19.256900787353516,0.11150400340557098,60796.4676620001
247,2460796.9426389,252.4097459,64.5418324,2,19.202899932861328,0.10521700233221054,60796.44263890013
248,2460796.9200694,252.4098944,64.54182,2,19.281999588012695,0.08795200288295746,60796.42006940022
249,2460796.8634144,252.4098899,64.5417858,1,19.387699127197266,0.14503799378871918,60796.36341439979
250,2460794.9053588,252.4096592,64.5418769,1,19.337299346923828,0.134319007396698,60794.4053588002
251,2460794.8241898,252.4098561,64.541787,2,19.43120002746582,0.15701299905776978,60794.32418979984
252,2460790.8849653,252.4096849,64.541849,1,19.285499572753906,0.15850000083446503,60790.384965300094
253,2460789.8696875,252.4101029,64.5417573,1,19.39430046081543,0.13537999987602234,60789.369687499944
254,2460788.9562384,252.4097055,64.541838,1,19.318199157714844,0.1329919993877411,60788.45623840019
255,2460788.9562384,252.4097055,64.541838,1,19.318199157714844,0.1329919993877411,60788.45623840019
256,2460788.8825231,252.4097394,64.5418382,2,19.186599731445312,0.10486000031232834,60788.38252309989
257,2460787.8878819,252.4098477,64.5418031,1,19.453100204467773,0.12501700222492218,60787.387881900184
258,2460787.8739699,252.4098274,64.5417974,2,19.373600006103516,0.11242300271987915,60787.373969899956
259,2460786.8663889,252.4097274,64.5418499,1,19.29800033569336,0.16104499995708466,60786.366388900205
260,2460785.8229977,252.409814,64.5418269,1,19.419599533081055,0.11956699937582016,60785.32299769996
263,2460780.865,252.4097693,64.5417786,2,19.398500442504883,0.15197299420833588,60780.36500000022
264,2460775.9657986,252.4096784,64.5418561,1,19.340900421142578,0.16389399766921997,60775.46579860011
265,2460775.9291319,252.4097448,64.5417627,2,19.22010040283203,0.176146000623703,60775.42913189996
266,2460775.9277083,252.4097906,64.541796,2,19.177000045776367,0.1324869990348816,60775.42770829983
267,2460775.8443981,252.4096327,64.5418522,1,19.280899047851562,0.2117210030555725,60775.34439809993
270,2460773.8467593,252.4096991,64.5418198,1,19.330799102783203,0.187718003988266,60773.34675930021
271,2460773.8293634,252.4097092,64.5418025,1,19.448299407958984,0.175914004445076,60773.32936340012
272,2460771.9300694,252.4098231,64.5417454,2,19.371400833129883,0.13957799971103668,60771.4300694
273,2460771.8843403,252.4096215,64.541865,2,19.30109977722168,0.13454300165176392,60771.384340300225
275,2460771.8281134,252.4098567,64.5419294,1,19.2947998046875,0.19252300262451172,60771.32811339991
280,2460760.9232523,252.4096555,64.5418385,1,19.414100646972656,0.1214039996266365,60760.423252299894
281,2460759.0074306,252.4097142,64.5418298,2,19.233200073242188,0.13571999967098236,60758.5074306
282,2460758.9893981,252.4097109,64.5417591,2,19.210800170898438,0.18705299496650696,60758.48939809995
283,2460758.9445833,252.4096473,64.5418297,1,19.23240089416504,0.11744099855422974,60758.444583300035
284,2460758.9283912,252.4097301,64.5418235,1,19.427799224853516,0.14614899456501007,60758.428391200025
286,2460755.9921296,252.4096539,64.5418362,2,19.36280059814453,0.1625719964504242,60755.49212960014
287,2460755.9217593,252.4095704,64.5417937,1,19.359699249267578,0.16628800332546234,60755.421759299934
288,2460755.824213,252.4098323,64.5417636,1,19.422800064086914,0.2147739976644516,60755.324213000014
292,2460750.973044,252.4097152,64.5418303,2,19.253000259399414,0.14399799704551697,60750.4730440001
293,2460750.9479514,252.4096602,64.5418434,2,19.32360076904297,0.15554900467395782,60750.44795140019
295,2460750.8430324,252.4095955,64.5418398,1,19.146099090576172,0.18723100423812866,60750.343032400124
296,2460744.0194907,252.4096871,64.5419177,1,19.321500778198242,0.19268900156021118,60743.519490700215
297,2460743.9123727,252.4097703,64.5418851,2,19.143299102783203,0.22305099666118622,60743.41237269994
302,2460733.9077894,252.4100387,64.5418525,1,19.42099952697754,0.22183600068092346,60733.40778939985
303,2460733.8896296,252.4095376,64.5419001,2,19.735000610351562,0.26456400752067566,60733.389629600104
304,2460733.8885995,252.4101781,64.5418226,2,19.190799713134766,0.24846599996089935,60733.38859950006
307,2460732.0089352,252.4097661,64.5418378,2,19.55900001525879,0.13847999274730682,60731.50893520005
308,2460731.9784606,252.4099582,64.5419418,1,19.688600540161133,0.2227330058813095,60731.478460600134
309,2460731.9734838,252.4097175,64.5417613,1,19.564899444580078,0.16042999923229218,60731.47348379996
311,2460730.0085185,252.409786,64.5418189,2,19.345399856567383,0.12307900190353394,60729.50851849979
312,2460729.9162731,252.409747,64.5417727,1,19.509599685668945,0.14488300681114197,60729.416273099836
313,2460729.9143634,252.4097509,64.5418723,1,19.548999786376953,0.15983900427818298,60729.41436340008
314,2460727.9966898,252.4100662,64.5418526,2,19.432199478149414,0.1412149965763092,60727.49668980017
315,2460727.9957292,252.4097981,64.5418566,2,19.33690071105957,0.1710740029811859,60727.495729200076
316,2460727.9303241,252.4095632,64.5417614,1,19.461000442504883,0.1960500031709671,60727.43032409996
317,2460727.9283681,252.4098037,64.541791,1,19.530899047851562,0.16753700375556946,60727.428368099965
319,2460725.9983912,252.4097407,64.5418458,2,19.45639991760254,0.13240300118923187,60725.49839119986
320,2460725.9974306,252.4097519,64.5417823,2,19.473100662231445,0.1316390037536621,60725.497430600226
321,2460725.9510532,252.4098985,64.541895,1,19.495800018310547,0.2244350016117096,60725.451053199824
325,2460723.902419,252.4097281,64.5416961,2,19.377500534057617,0.16545000672340393,60723.40241899993
330,2460715.0142245,252.4098672,64.5419437,1,19.346599578857422,0.19441699981689453,60714.51422449993
332,2460707.007338,252.4097362,64.5418612,2,19.26449966430664,0.16291800141334534,60706.507337999996
333,2460706.9458449,252.4098975,64.5418985,1,19.379899978637695,0.17289899289608002,60706.44584489986
334,2460706.9443981,252.4096315,64.5418962,1,19.315000534057617,0.16884799301624298,60706.44439810002
335,2460699.0365162,252.4099581,64.5419003,2,19.185199737548828,0.2775169909000397,60698.53651619982
336,2460696.0358102,252.4094293,64.5416928,1,19.181400299072266,0.22480200231075287,60695.53581020003
337,2460696.0084954,252.4098409,64.5417978,1,19.201200485229492,0.19705399870872498,60695.508495400194
338,2460695.9922569,252.4096453,64.5418514,2,19.194700241088867,0.15955199301242828,60695.49225689983
339,2460694.0492477,252.4095954,64.5418843,1,19.350500106811523,0.20189699530601501,60693.54924769979
340,2460693.9895486,252.4098281,64.5418489,2,19.091999053955078,0.14614899456501007,60693.48954859981
341,2460693.9890625,252.4097312,64.5418668,2,19.39940071105957,0.16673099994659424,60693.489062500186
343,2460692.0533681,252.4099307,64.5418702,2,19.22960090637207,0.16879500448703766,60691.553368099965
344,2460692.0523843,252.4096299,64.5417792,2,19.0669002532959,0.11295600235462189,60691.55238430016
345,2460692.0163889,252.4099923,64.5418164,1,19.221399307250977,0.20074300467967987,60691.51638890011
350,2460688.0148611,252.4096145,64.5417729,2,19.13789939880371,0.30631399154663086,60687.51486109989
352,2460681.0566898,252.4100814,64.5418235,1,19.215299606323242,0.16669100522994995,60680.55668980023
353,2460676.036331,252.4098209,64.5418113,2,19.087900161743164,0.09954600036144257,60675.53633099981
354,2460676.0166551,252.4099051,64.5417842,1,19.146699905395508,0.14584599435329437,60675.516655100044
355,2460619.6157986,252.4096852,64.5418763,1,19.483760833740234,0.20309017598628998,60619.11579860002
358,2460610.6341782,252.4097958,64.5418675,1,19.503799438476562,0.1585099995136261,60610.134178199805
359,2460609.639213,252.4096778,64.5417453,2,19.504499435424805,0.13703800737857819,60609.13921299996
360,2460609.6158681,252.4096057,64.541779,1,19.690799713134766,0.16999700665473938,60609.115868099965
361,2460608.6597222,252.4098756,64.5418063,2,19.425899505615234,0.1609250009059906,60608.15972220013
362,2460608.6160185,252.4097463,64.5418303,1,19.63909912109375,0.1839199960231781,60608.11601850018
363,2460607.6346759,252.4097567,64.5418456,1,19.674299240112305,0.16885599493980408,60607.134675899986
364,2460606.6762963,252.4098541,64.541846,1,19.50469970703125,0.20320899784564972,60606.17629629979
365,2460606.6563079,252.4098191,64.5418323,2,19.50779914855957,0.18279199302196503,60606.15630789986
366,2460604.6783565,252.4097697,64.5418824,2,19.535400390625,0.20889699459075928,60604.17835649988
367,2460604.6219907,252.4097019,64.5418322,1,19.71500015258789,0.1667959988117218,60604.12199069979
369,2460603.6372685,252.4096778,64.5418275,1,19.441999435424805,0.17919300496578217,60603.13726849994
377,2460595.6584259,252.4100948,64.5418444,2,19.570199966430664,0.24526800215244293,60595.158425900154
381,2460576.7344676,252.4096664,64.5418868,1,19.792200088500977,0.22485299408435822,60576.23446760001
383,2460576.6825926,252.4097925,64.5418504,2,19.621000289916992,0.16935299336910248,60576.18259260012
385,2460576.6592708,252.4095015,64.5418177,3,19.09819984436035,0.1518940031528473,60576.159270800184
386,2460576.6361458,252.4097491,64.5418516,1,19.653099060058594,0.15443900227546692,60576.13614579989
387,2460575.7390278,252.4098452,64.5418384,3,18.81909942626953,0.11281900107860565,60575.23902780004
388,2460575.7366551,252.4097185,64.5417725,3,18.928699493408203,0.11152900010347366,60575.23665509978
389,2460575.6801157,252.409819,64.5417536,2,19.466800689697266,0.15194199979305267,60575.18011569977
391,2460575.6379051,252.4097219,64.5418365,1,19.564300537109375,0.14208899438381195,60575.137905099895
392,2460575.6341088,252.4097278,64.5418168,1,19.826900482177734,0.18277500569820404,60575.134108799975
394,2460572.6593171,252.4096352,64.5418619,1,19.709999084472656,0.21476499736309052,60572.159317099955
397,2460569.7006597,252.4098167,64.5417487,2,19.55940055847168,0.17527499794960022,60569.200659700204
399,2460568.6995255,252.4097038,64.5418398,2,19.497499465942383,0.2062090039253235,60568.19952550018
400,2460567.7384491,252.4096308,64.5418681,1,19.567800521850586,0.23164600133895874,60567.23844909994
401,2460567.6790625,252.4097715,64.5418436,2,19.565900802612305,0.18157699704170227,60567.17906250013
405,2460565.7182639,252.4097537,64.5417415,1,19.68090057373047,0.1608159989118576,60565.21826389991
408,2460561.791331,252.4099521,64.5417577,2,19.338199615478516,0.2288060039281845,60561.29133100016
409,2460561.7629398,252.4099058,64.5417674,1,19.620399475097656,0.18465599417686462,60561.26293980004
410,2460561.7624421,252.4097927,64.541855,1,19.329999923706055,0.18452799320220947,60561.26244209986
411,2460561.6979977,252.4097356,64.5418537,2,19.549999237060547,0.16458900272846222,60561.19799769996
412,2460558.7615509,252.4099344,64.5417754,1,19.36829948425293,0.16826499998569489,60558.26155090006
413,2460558.7421991,252.4095397,64.5418115,1,19.30590057373047,0.13719700276851654,60558.24219910009
414,2460558.6993171,252.4096942,64.5418588,2,19.294200897216797,0.12898999452590942,60558.19931709999
415,2460558.6968634,252.4097567,64.5417946,2,19.337499618530273,0.1523910015821457,60558.19686339982
416,2460556.7184491,252.4096837,64.5417916,1,19.501399993896484,0.1744229942560196,60556.21844909992
417,2460556.6984838,252.4096638,64.5418408,1,19.433900833129883,0.14283399283885956,60556.19848380005
418,2460556.6802894,252.4098524,64.5417839,2,19.46190071105957,0.1506659984588623,60556.18028939981
419,2460556.6588889,252.4097782,64.5417605,2,19.409000396728516,0.12103299796581268,60556.15888890019
420,2460556.6588889,252.4097782,64.5417605,2,19.409000396728516,0.12103299796581268,60556.15888890019
421,2460554.74,252.4097908,64.5418053,1,19.41069984436035,0.11353500187397003,60554.24000000022
422,2460554.7349769,252.4096488,64.5418421,1,19.340900421142578,0.15471500158309937,60554.23497689981
424,2460554.6833681,252.4097533,64.541896,2,19.38249969482422,0.14869199693202972,60554.18336809985
425,2460552.7818171,252.40966,64.5418438,1,19.59589958190918,0.1599549949169159,60552.28181710001
426,2460552.7773495,252.4097238,64.5417739,1,19.392099380493164,0.18280400335788727,60552.277349499986
427,2460552.7399074,252.4097897,64.5417989,2,19.328399658203125,0.10099100321531296,60552.23990740022
428,2460552.7389583,252.4100181,64.5417816,2,19.320199966430664,0.11683099716901779,60552.23895830009
429,2460550.763287,252.4096429,64.5418161,1,19.390600204467773,0.12307699769735336,60550.26328699989
430,2460550.7580903,252.4096985,64.5418636,1,19.327199935913086,0.13875900208950043,60550.25809030002
431,2460550.7227315,252.4098186,64.5417657,2,19.352100372314453,0.13801799714565277,60550.22273149993
432,2460550.7212963,252.409782,64.5418801,2,19.369699478149414,0.12856000661849976,60550.22129630018
433,2460548.8476736,252.4096056,64.5417709,2,19.232900619506836,0.15795199573040009,60548.347673600074
434,2460548.8018866,252.4097536,64.5418049,1,19.228200912475586,0.15999099612236023,60548.30188659998
435,2460548.800463,252.4097068,64.5418059,1,19.358800888061523,0.114935003221035,60548.30046299985
436,2460548.7270139,252.409678,64.5418199,2,19.4060001373291,0.10170699656009674,60548.227013899945
437,2460546.763287,252.409825,64.5417925,2,19.287900924682617,0.14824600517749786,60546.26328699989
438,2460546.7393634,252.4098506,64.5417841,2,19.20599937438965,0.1115259975194931,60546.2393633998
439,2460546.6734144,252.409771,64.5418482,1,19.264299392700195,0.13164600729942322,60546.17341439985
440,2460544.7653472,252.4097497,64.5418501,2,19.194900512695312,0.1520719975233078,60544.26534719998
442,2460544.7157292,252.4097463,64.5418213,1,19.264299392700195,0.1332560032606125,60544.215729199816
443,2460544.7157292,252.4097463,64.5418213,1,19.264299392700195,0.1332560032606125,60544.215729199816
444,2460544.7157292,252.4097463,64.5418213,1,19.264299392700195,0.1332560032606125,60544.215729199816
445,2460544.6861806,252.4097421,64.5418204,1,19.346900939941406,0.13905499875545502,60544.186180599965
446,2460540.8229051,252.4096779,64.5416144,1,19.215700149536133,0.23372900485992432,60540.32290509995
447,2460540.8191319,252.409495,64.5418614,1,19.182600021362305,0.1837410032749176,60540.31913190009
448,2460540.7649769,252.4098051,64.5418182,2,19.292699813842773,0.14520399272441864,60540.26497690007
449,2460540.7432755,252.4096367,64.5418053,2,19.25040054321289,0.16864900290966034,60540.2432754999
450,2460538.8235301,252.4096761,64.5417888,1,19.196399688720703,0.1717350035905838,60538.32353009982
451,2460538.8220949,252.4097249,64.541831,1,19.26409912109375,0.19909800589084625,60538.32209490007
452,2460538.734456,252.4098934,64.5419486,2,19.378000259399414,0.2035910040140152,60538.23445599992
453,2460538.7325579,252.4097281,64.5418237,2,19.230499267578125,0.20337200164794922,60538.232557899784
454,2460536.7795486,252.409763,64.5418318,1,19.460845947265625,0.13592171669006348,60536.27954859985
455,2460536.7795486,252.409763,64.5418318,1,19.460800170898438,0.13592199981212616,60536.27954859985
456,2460536.7208912,252.409752,64.5417905,2,19.28339958190918,0.11776500195264816,60536.220891200006
457,2460536.7208912,252.409752,64.5417905,2,19.28339958190918,0.11776500195264816,60536.220891200006
458,2460530.7639236,252.4097624,64.5418528,1,19.46190071105957,0.11982499808073044,60530.26392359985
459,2460530.7609838,252.409861,64.5418444,1,19.37030029296875,0.11887799948453903,60530.26098380005
460,2460530.7427315,252.4096967,64.5417385,2,19.28689956665039,0.1333719938993454,60530.24273149995
461,2460530.7243981,252.4097272,64.5417893,2,19.42140007019043,0.12160900235176086,60530.22439809982
462,2460528.8203704,252.4097599,64.5418368,1,19.417800903320312,0.14506399631500244,60528.32037039986
463,2460528.8203704,252.4097599,64.5418368,1,19.417800903320312,0.14506399631500244,60528.32037039986
464,2460528.8035185,252.4098045,64.5418112,1,19.34040069580078,0.13528800010681152,60528.30351850018
465,2460528.8035185,252.4098045,64.5418112,1,19.34040069580078,0.13528800010681152,60528.30351850018
467,2460528.7867361,252.409811,64.5418075,2,19.335599899291992,0.1305769979953766,60528.28673609998
468,2460528.7867361,252.409811,64.5418075,2,19.335599899291992,0.1305769979953766,60528.28673609998
469,2460526.8274537,252.4096793,64.5417955,1,19.38920021057129,0.14061899483203888,60526.327453699894
470,2460526.8274537,252.4096793,64.5417955,1,19.38920021057129,0.14061899483203888,60526.327453699894
471,2460526.8085764,252.4097394,64.5418272,1,19.582000732421875,0.16892799735069275,60526.308576399926
472,2460526.7815509,252.4098026,64.541766,2,19.403499603271484,0.1437470018863678,60526.28155090008
474,2460524.8259722,252.4097194,64.5418809,1,19.38960075378418,0.13206399977207184,60524.325972199906
478,2460521.8272569,252.4098182,64.5417732,1,19.409799575805664,0.13023099303245544,60521.32725689979
479,2460521.8253009,252.4096591,64.541807,1,19.51889991760254,0.19662700593471527,60521.3253008998
480,2460521.7852315,252.4097863,64.5417569,2,19.307600021362305,0.11732800304889679,60521.28523149993
481,2460521.7676389,252.409706,64.5418119,2,19.430200576782227,0.13153700530529022,60521.26763889985
482,2460521.7676389,252.409706,64.5418119,2,19.430200576782227,0.13153700530529022,60521.26763889985
484,2460519.8056597,252.4097177,64.5418569,2,19.430200576782227,0.1392659991979599,60519.305659700185
485,2460519.7587731,252.4096982,64.5418013,1,19.47209930419922,0.15569399297237396,60519.2587731001
486,2460519.7437847,252.4097827,64.5417964,1,19.484399795532227,0.11309400200843811,60519.243784700055
487,2460519.7437847,252.4097827,64.5417964,1,19.484399795532227,0.11309400200843811,60519.243784700055
489,2460516.8066898,252.4098276,64.5418228,1,19.354999542236328,0.2054399996995926,60516.30668980023
490,2460516.7647454,252.4098333,64.5418133,2,19.394500732421875,0.16071100533008575,60516.26474539982
491,2460515.8003356,252.4096423,64.5417576,1,19.53580093383789,0.2217720001935959,60515.30033560004
492,2460515.7820139,252.4098268,64.5418211,2,19.411100387573242,0.16936500370502472,60515.28201390011
493,2460514.9067824,252.4095461,64.5418957,1,19.412200927734375,0.26134800910949707,60514.40678239986
494,2460514.7883218,252.4097921,64.5417461,2,19.178199768066406,0.12727899849414825,60514.288321800064
497,2460512.821956,252.4097582,64.5417567,2,19.210500717163086,0.1438010036945343,60512.321955999825
498,2460512.7198495,252.4096572,64.5418847,1,19.300600051879883,0.17463700473308563,60512.219849499874
499,2460511.8881944,252.4093986,64.5419608,1,19.183900833129883,0.23932500183582306,60511.388194399886
500,2460511.8042477,252.4098302,64.5418118,2,19.196300506591797,0.15700800716876984,60511.30424770014
502,2460510.721331,252.4096605,64.5417674,1,19.475900650024414,0.19163399934768677,60510.22133099986
503,2460509.8852894,252.4097907,64.5418685,1,19.51449966430664,0.21346299350261688,60509.385289399885
504,2460509.784456,252.4100011,64.5417863,2,19.36750030517578,0.17215000092983246,60509.2844560002
505,2460508.7802546,252.4098016,64.541812,2,19.60810089111328,0.21127499639987946,60508.280254600104
507,2460507.8453125,252.409704,64.5417851,1,19.590700149536133,0.13421699404716492,60507.34531249991
508,2460507.7751736,252.4098588,64.5418263,2,19.363399505615234,0.15748800337314606,60507.27517359983
509,2460507.7751736,252.4098588,64.5418263,2,19.363399505615234,0.15748800337314606,60507.27517359983
510,2460505.8459838,252.4097771,64.5417555,1,19.741100311279297,0.15775500237941742,60505.34598380001
512,2460504.8240046,252.4096993,64.5418394,1,19.684999465942383,0.15325799584388733,60504.324004599825
514,2460503.8284838,252.4097525,64.5418562,1,19.526899337768555,0.1730390042066574,60503.32848379994
515,2460503.7838657,252.4097587,64.5417882,2,19.569499969482422,0.14359499514102936,60503.28386570001
516,2460502.8448958,252.4098117,64.5417915,2,19.433900833129883,0.15254999697208405,60502.34489580011
517,2460502.8039236,252.4097141,64.5418489,1,19.6648006439209,0.19349700212478638,60502.30392359989
519,2460501.7386458,252.4098404,64.5417738,1,19.58609962463379,0.1023780032992363,60501.238645799924
520,2460500.8273264,252.4098804,64.541814,1,19.74090003967285,0.17380400002002716,60500.327326400205
521,2460500.8064815,252.4096896,64.5419422,2,19.449399948120117,0.2150840014219284,60500.306481500156
523,2460499.7025463,252.4100703,64.541823,1,19.550899505615234,0.15069100260734558,60499.2025462999
524,2460494.8452431,252.4099014,64.5417641,2,19.582199096679688,0.15339699387550354,60494.34524310008
525,2460494.8061806,252.4096108,64.5418814,1,19.569299697875977,0.16719800233840942,60494.30618060008
527,2460491.784456,252.409745,64.5418684,1,19.66550064086914,0.17286600172519684,60491.2844560002
528,2460490.8292245,252.4096673,64.5418564,1,19.694599151611328,0.15658900141716003,60490.329224499874
530,2460489.8431481,252.4098236,64.5417729,2,19.506000518798828,0.13932399451732635,60489.34314810019
531,2460489.7390741,252.409899,64.541794,1,19.72369956970215,0.15595999360084534,60489.23907409981
532,2460488.9083333,252.4098147,64.5417943,1,19.699199676513672,0.1593409925699234,60488.40833330015
533,2460487.8002778,252.4096966,64.5417601,2,19.562999725341797,0.14007699489593506,60487.30027779983
535,2460485.8471528,252.4097911,64.5418171,2,19.459400177001953,0.16923299431800842,60485.34715279983
537,2460484.8223958,252.4097124,64.5419154,2,19.479999542236328,0.1414330005645752,60484.32239580015
538,2460484.7644213,252.4098182,64.541728,1,19.518600463867188,0.2564370036125183,60484.26442130003
539,2460483.8863542,252.4099471,64.5419031,1,19.62350082397461,0.33333998918533325,60483.386354200076
540,2460483.7838542,252.4095237,64.5417825,2,19.417200088500977,0.19562500715255737,60483.28385420004
541,2460482.8383333,252.4097163,64.5417713,2,19.594900131225586,0.1928199976682663,60482.33833329985
542,2460482.7281597,252.4095911,64.5418093,1,19.545000076293945,0.18558800220489502,60482.228159700055
544,2460480.9314815,252.4097438,64.5418469,1,19.600799560546875,0.16505999863147736,60480.431481500156
545,2460480.9065741,252.4096745,64.5418668,1,19.48550033569336,0.2175610065460205,60480.40657409979
546,2460480.8419329,252.4094766,64.5418545,2,19.52079963684082,0.1616940051317215,60480.341932899784
547,2460477.8861111,252.4096326,64.5418638,1,19.596799850463867,0.1598680019378662,60477.386111100204
548,2460477.8452778,252.409729,64.5417921,2,19.519500732421875,0.1573909968137741,60477.345277800225
549,2460477.8180903,252.4099685,64.5418265,2,19.649599075317383,0.16054099798202515,60477.318090300076
550,2460477.7816435,252.4096611,64.5417607,1,19.7012996673584,0.17472900450229645,60477.281643500086
551,2460475.8649074,252.4099572,64.5417681,1,19.65839958190918,0.11829899996519089,60475.36490740022
552,2460475.8644097,252.4096984,64.5417974,1,19.611600875854492,0.1750829964876175,60475.364409700036
553,2460475.8295486,252.4099095,64.541831,2,19.439899444580078,0.1351429969072342,60475.32954860013
555,2460472.9096412,252.409627,64.5418359,1,19.637300491333008,0.1605059951543808,60472.40964120021
556,2460472.9081366,252.4099838,64.5418217,1,19.666799545288086,0.1615779995918274,60472.40813660016
557,2460472.8600347,252.4098063,64.5418083,2,19.537599563598633,0.11285299807786942,60472.36003470002
558,2460472.8487037,252.4097705,64.5418406,2,19.517200469970703,0.1601320058107376,60472.34870370012
559,2460470.887963,252.4097259,64.5417769,1,19.426700592041016,0.14614500105381012,60470.38796300022
560,2460470.8870023,252.4100252,64.5417846,1,19.672700881958008,0.12100999802350998,60470.387002300005
561,2460470.8415625,252.4098377,64.5419615,2,19.376300811767578,0.13242000341415405,60470.34156250022
562,2460470.7974537,252.4099806,64.5418388,2,19.546300888061523,0.1324480026960373,60470.2974537001
563,2460468.9122338,252.4096538,64.5417906,1,19.51129913330078,0.16262899339199066,60468.41223380016
564,2460468.8654398,252.4098686,64.5418052,2,19.24370002746582,0.15418200194835663,60468.36543980008
565,2460468.8649421,252.4098433,64.5418152,2,19.54360008239746,0.14636799693107605,60468.3649420999
566,2460468.8481944,252.4098937,64.5417884,1,19.52039909362793,0.13991500437259674,60468.34819439985
567,2460467.8504861,252.4097234,64.5417969,1,19.49049949645996,0.05079500004649162,60467.350486100186
568,2460467.8460185,252.4096086,64.5418154,1,19.468000411987305,0.05056999996304512,60467.34601850016
569,2460467.8393171,252.4096815,64.5418064,1,19.447500228881836,0.04252000153064728,60467.33931710012
570,2460467.8348611,252.4096625,64.5418078,1,19.445600509643555,0.05504700168967247,60467.334861100186
571,2460467.8281597,252.4097075,64.5418193,1,19.487600326538086,0.0574520006775856,60467.32815970015
572,2460467.8236921,252.4096791,64.5418121,1,19.440099716186523,0.057381998747587204,60467.32369210012
573,2460467.8169907,252.4096589,64.5418055,1,19.456499099731445,0.04329900071024895,60467.316990700085
574,2460467.8125231,252.409622,64.5417868,1,19.438100814819336,0.04671800136566162,60467.31252310006
575,2460467.8058218,252.409718,64.5418134,1,19.487199783325195,0.049118999391794205,60467.30582180014
576,2460467.8013542,252.4096531,64.5418008,1,19.466800689697266,0.05695600062608719,60467.30135420011
577,2460467.7946528,252.4096815,64.5417922,1,19.500900268554688,0.06168900057673454,60467.294652800076
578,2460467.7901968,252.4096828,64.5418114,1,19.42099952697754,0.056669000536203384,60467.29019680014
579,2460467.7834954,252.4096932,64.5417946,1,19.481700897216797,0.05204800143837929,60467.2834954001
580,2460467.7790278,252.4097088,64.5418222,1,19.407800674438477,0.04995099827647209,60467.279027800076
581,2460467.7723264,252.4096584,64.5418105,1,19.483800888061523,0.0534060001373291,60467.27232640004
582,2460467.7678588,252.4097076,64.5418399,1,19.422300338745117,0.0668409988284111,60467.26785880001
583,2460467.7611574,252.4097125,64.5418138,1,19.4507999420166,0.05196399986743927,60467.261157399975
584,2460467.7567014,252.4097007,64.5418328,1,19.461700439453125,0.07150399684906006,60467.25670140004
585,2460467.7499884,252.409658,64.5418147,1,19.485700607299805,0.06289999932050705,60467.24998839991
586,2460467.7455324,252.4096776,64.541816,1,19.44809913635254,0.0659170001745224,60467.245532399975
587,2460467.738831,252.4096746,64.5418221,1,19.494699478149414,0.068060003221035,60467.23883099994
588,2460467.7343634,252.4097157,64.5418094,1,19.467199325561523,0.06692499667406082,60467.23436339991
589,2460467.727662,252.409655,64.5418322,1,19.436199188232422,0.0616689994931221,60467.227661999874
590,2460467.7231944,252.4096774,64.5418355,1,19.467199325561523,0.06069700047373772,60467.22319439985
591,2460467.7164931,252.4097228,64.5418311,1,19.46739959716797,0.054687000811100006,60467.21649309993
592,2460467.712037,252.4097405,64.5418373,1,19.5039005279541,0.06832099705934525,60467.212036999874
593,2460467.7053356,252.4096389,64.5418093,1,19.420900344848633,0.05312599986791611,60467.205335599836
594,2460467.7008681,252.4096845,64.5418057,1,19.5093994140625,0.06266599893569946,60467.20086809993
595,2460467.6941667,252.4096474,64.5418161,1,19.498699188232422,0.07364200055599213,60467.19416669989
596,2460466.9532176,252.4097138,64.5418033,1,19.47570037841797,0.06346800178289413,60466.45321760001
598,2460466.9501389,252.4096281,64.541821,1,19.416900634765625,0.0795620009303093,60466.45013889996
600,2460466.9455208,252.4096657,64.5417862,1,19.462099075317383,0.06593000143766403,60466.44552080007
602,2460466.9424537,252.409659,64.5418341,1,19.416799545288086,0.07562299817800522,60466.44245370012
604,2460466.9378356,252.4096972,64.5418025,1,19.444499969482422,0.07775299996137619,60466.43783560023
606,2460466.9301389,252.4096554,64.5418198,1,19.44059944152832,0.06218700110912323,60466.430138899945
608,2460466.9270602,252.4096992,64.5417965,1,19.45359992980957,0.054510001093149185,60466.4270601999
610,2460466.9224421,252.4096637,64.541837,1,19.54400062561035,0.07366900146007538,60466.42244210001
612,2460466.9193634,252.4096764,64.5418179,1,19.45840072631836,0.06608200073242188,60466.41936339997
614,2460466.9147454,252.409653,64.5418317,1,19.474599838256836,0.07559999823570251,60466.414745400194
616,2460466.9116782,252.4096987,64.5417881,1,19.461000442504883,0.06007000058889389,60466.41167820012
618,2460466.9070602,252.4096716,64.5418022,1,19.48900032043457,0.07221800088882446,60466.40706019988
620,2460466.9039815,252.4096856,64.5418211,1,19.432199478149414,0.06450299918651581,60466.40398149984
622,2460466.8993634,252.4096993,64.5417916,1,19.44409942626953,0.06612899899482727,60466.39936339995
624,2460466.8962963,252.409691,64.541821,1,19.416900634765625,0.06662300229072571,60466.396296299994
626,2460466.8916782,252.4096611,64.5418136,1,19.44230079650879,0.06481199711561203,60466.3916782001
628,2460466.8886111,252.409654,64.5418266,1,19.426300048828125,0.07339400053024292,60466.38861110015
630,2460466.8839931,252.4096935,64.5418052,1,19.41309928894043,0.06064800173044205,60466.38399309991
632,2460466.8809144,252.4096868,64.5418282,1,19.43440055847168,0.05492300167679787,60466.380914399866
634,2460466.8762963,252.4097583,64.5418295,1,19.462299346923828,0.06124500185251236,60466.376296299975
636,2460466.8732176,252.409673,64.5418469,1,19.434600830078125,0.07407700270414352,60466.37321759993
638,2460466.8685995,252.4097001,64.5418305,1,19.495399475097656,0.07831300050020218,60466.36859950004
640,2460466.8655324,252.409674,64.5418124,1,19.429000854492188,0.06437700241804123,60466.36553240009
642,2460466.8609144,252.409689,64.5418009,1,19.478599548339844,0.06597399711608887,60466.36091439985
644,2460466.8578356,252.4096505,64.5418243,1,19.41950035095215,0.06459899991750717,60466.35783560015
646,2460466.8532176,252.4096624,64.5418066,1,19.459199905395508,0.061643000692129135,60466.35321759991
648,2460466.8501505,252.4096825,64.5418465,1,19.426599502563477,0.061861999332904816,60466.35015049996
650,2460466.8455324,252.4096712,64.5418038,1,19.43829917907715,0.06893099844455719,60466.34553240007
652,2460466.8424653,252.4096388,64.5418148,1,19.427099227905273,0.07307399809360504,60466.34246530011
654,2460466.8378356,252.4097226,64.541815,1,19.466100692749023,0.07060399651527405,60466.337835600134
656,2460466.8347685,252.4096976,64.5418204,1,19.44339942932129,0.06070899963378906,60466.33476850018
658,2460466.8301505,252.4096829,64.5418209,1,19.37849998474121,0.06009399890899658,60466.33015049994
660,2460466.8270833,252.4096901,64.5418224,1,19.475799560546875,0.06986799836158752,60466.32708329987
662,2460466.8224653,252.4096395,64.5418093,1,19.401599884033203,0.07814300060272217,60466.322465300094
664,2460466.8193866,252.4097048,64.5418283,1,19.448299407958984,0.07414299994707108,60466.31938660005
666,2460466.8147685,252.4096843,64.541817,1,19.496400833129883,0.07947800308465958,60466.31476850016
668,2460466.8116898,252.4097301,64.5418208,1,19.409700393676758,0.08455999940633774,60466.31168980012
670,2460466.8070718,252.4096784,64.5418283,1,19.409700393676758,0.06367400288581848,60466.30707179988
672,2460466.8040046,252.4097117,64.5418097,1,19.440000534057617,0.07588899880647659,60466.304004599806
674,2460466.7993866,252.4096339,64.5418209,1,19.507999420166016,0.07571300119161606,60466.29938660003
676,2460466.7929514,252.4097133,64.5418219,1,19.434099197387695,0.062456998974084854,60466.292951399926
678,2460466.7897338,252.4096529,64.5418046,1,19.522899627685547,0.07231999933719635,60466.289733800106
680,2460466.7866667,252.4097435,64.5418329,1,19.44770050048828,0.08044800162315369,60466.28666670015
682,2460466.7820486,252.4097257,64.5418108,1,19.39590072631836,0.07854899764060974,60466.282048599795
684,2460466.7789699,252.409719,64.5418248,1,19.468900680541992,0.0800039991736412,60466.27896990022
686,2460466.7743519,252.4096533,64.5418157,1,19.43829917907715,0.06278099864721298,60466.27435189998
688,2460466.7712731,252.4096785,64.5418197,1,19.448299407958984,0.08957900106906891,60466.27127309982
690,2460466.7666551,252.4096616,64.5418169,1,19.399799346923828,0.07250099629163742,60466.266655100044
692,2460466.7635764,252.4097109,64.5418474,1,19.404499053955078,0.06830500066280365,60466.2635764
694,2460466.7589583,252.409725,64.5418104,1,19.416400909423828,0.06826700270175934,60466.25895830011
696,2460466.7558912,252.4097414,64.5418026,1,19.384000778198242,0.07597500085830688,60466.255891200155
698,2460466.7512731,252.4096758,64.5418171,1,19.46419906616211,0.08162900060415268,60466.2512730998
700,2460466.7481944,252.4097032,64.5418391,1,19.422700881958008,0.06818699836730957,60466.24819440022
702,2460466.7435764,252.409696,64.5418484,1,19.407699584960938,0.079755999147892,60466.24357639998
704,2460466.7404977,252.409707,64.5418424,1,19.45949935913086,0.07254400104284286,60466.24049769994
706,2460466.7358796,252.4096503,64.541809,1,19.44659996032715,0.07124800235033035,60466.23587960005
708,2460466.7328009,252.4096903,64.541835,1,19.412099838256836,0.08361899852752686,60466.232800900005
710,2460466.7281829,252.4097251,64.5418341,1,19.3966007232666,0.06755000352859497,60466.22818290023
712,2460466.7251157,252.4096712,64.5418049,1,19.46339988708496,0.06588499993085861,60466.22511570016
714,2460466.7217708,252.40965,64.5418293,1,19.424699783325195,0.07394400238990784,60466.221770800184
716,2460466.7171528,252.4096888,64.5418212,1,19.43910026550293,0.06363599747419357,60466.217152799945
718,2460466.7140856,252.4096957,64.5418509,1,19.438600540161133,0.09380199760198593,60466.21408559987
720,2460466.709456,252.4096967,64.5418189,1,19.427200317382812,0.06439799815416336,60466.20945600001
722,2460466.7063889,252.4096838,64.54184,1,19.427499771118164,0.0772479996085167,60466.20638890006
724,2460466.7017593,252.4096786,64.5418494,1,19.435699462890625,0.07792100310325623,60466.201759300195
726,2460466.6986921,252.4097467,64.5418533,1,19.484500885009766,0.08299099653959274,60466.19869210012
728,2460466.6940741,252.4097154,64.5418413,1,19.43779945373535,0.06723099946975708,60466.19407409988
730,2460465.956169,252.4096668,64.5418219,1,19.42449951171875,0.14346300065517426,60465.456168999895
731,2460465.9544907,252.4097821,64.5418365,1,19.578699111938477,0.15296299755573273,60465.454490699805
732,2460465.9519444,252.4097696,64.541827,1,19.44879913330078,0.15828199684619904,60465.45194440009
733,2460465.9502662,252.4095914,64.5418424,1,19.476999282836914,0.15957599878311157,60465.45026620012
734,2460465.9477315,252.4096275,64.5418205,1,19.6023006439209,0.16363799571990967,60465.447731500026
735,2460465.9460532,252.409499,64.541792,1,19.429000854492188,0.16516199707984924,60465.446053199936
736,2460465.9435185,252.4096692,64.5418187,1,19.55769920349121,0.18576300144195557,60465.443518499844
738,2460465.939294,252.4095841,64.5418262,1,19.40049934387207,0.24145500361919403,60465.439294000156
746,2460465.922419,252.4096034,64.5417909,1,19.062599182128906,0.2950330078601837,60465.42241899995
748,2460465.918206,252.4097807,64.541836,1,19.335599899291992,0.22318999469280243,60465.41820599977
749,2460465.9165162,252.4096774,64.5418544,1,19.467599868774414,0.2092359960079193,60465.416516200174
752,2460465.9080787,252.4096355,64.5418412,1,19.40690040588379,0.12564100325107574,60465.40807869984
753,2460465.905544,252.4096032,64.5418086,1,19.298900604248047,0.196710005402565,60465.40554400021
754,2460465.9038542,252.4097636,64.5418453,1,19.4778995513916,0.16795200109481812,60465.40385420015
755,2460465.8996412,252.4096642,64.5418467,1,19.380399703979492,0.13634300231933594,60465.39964119997
756,2460465.8954167,252.4096093,64.5418454,1,19.49880027770996,0.11039800196886063,60465.395416699816
757,2460465.8912037,252.4097453,64.5418027,1,19.48110008239746,0.11811000108718872,60465.3912037001
758,2460465.8869792,252.4097526,64.541833,1,19.471399307250977,0.11810699850320816,60465.386979199946
759,2460465.8827662,252.409687,64.5418523,1,19.446500778198242,0.10579399764537811,60465.38276620023
760,2460465.8785417,252.4097497,64.5418205,1,19.426700592041016,0.12203700095415115,60465.378541700076
761,2460465.8743287,252.409887,64.5417924,1,19.45240020751953,0.28759199380874634,60465.374328699894
762,2460465.8701042,252.4096629,64.5418416,1,19.515399932861328,0.11252900213003159,60465.37010420021
763,2460465.8658912,252.4096391,64.5418949,1,19.380199432373047,0.14935100078582764,60465.365891200025
764,2460465.8633449,252.4095851,64.5418083,1,19.388700485229492,0.12493900209665298,60465.363344899844
765,2460465.8616667,252.4098137,64.54182,1,19.31909942626953,0.10203800350427628,60465.36166669987
766,2460465.8574421,252.4096615,64.5417683,1,19.513900756835938,0.14049899578094482,60465.35744210007
767,2460465.8532292,252.4097018,64.5418697,1,19.568099975585938,0.16675199568271637,60465.3532292
768,2460465.8506944,252.409561,64.5418992,1,19.644899368286133,0.1903959959745407,60465.35069439979
769,2460465.8490046,252.4095985,64.5419117,1,19.410200119018555,0.19361799955368042,60465.3490046002
770,2460465.8447801,252.409746,64.5418191,1,19.41710090637207,0.15161600708961487,60465.344780100044
771,2460465.8422454,252.4096023,64.5418506,1,19.30900001525879,0.17659400403499603,60465.34224539995
783,2460465.7171528,252.4098086,64.5418264,1,19.458499908447266,0.12604999542236328,60465.217152799945
784,2460465.7146181,252.4097502,64.5417722,1,19.382099151611328,0.13587899506092072,60465.21461809985
785,2460465.7129282,252.409695,64.541809,1,19.426799774169922,0.13628600537776947,60465.21292820014
786,2460465.7103935,252.4096792,64.541811,1,19.434999465942383,0.1687690019607544,60465.21039350005
787,2460465.7087153,252.4096733,64.5419064,1,19.40089988708496,0.17547500133514404,60465.208715300076
788,2460465.706169,252.4095436,64.5417867,1,19.41699981689453,0.1188260018825531,60465.206168999895
789,2460465.7044907,252.4098273,64.5418155,1,19.3031005859375,0.1461929976940155,60465.204490699805
790,2460465.701956,252.4095425,64.5417759,1,19.516000747680664,0.15056200325489044,60465.20195600018
791,2460465.7002662,252.4097156,64.5418125,1,19.457300186157227,0.11697299778461456,60465.20026620012
792,2460465.6977315,252.4097269,64.5417998,1,19.297399520874023,0.130854994058609,60465.197731500026
793,2460465.6960417,252.4097198,64.5418207,1,19.49020004272461,0.16954299807548523,60465.196041699965
794,2460465.6935069,252.4096056,64.5418127,1,19.399200439453125,0.13804900646209717,60465.19350690022
795,2460463.870463,252.4097721,64.5419057,2,19.215299606323242,0.15445899963378906,60463.370463000145
796,2460463.8680903,252.4097177,64.5417952,2,19.360599517822266,0.08739899843931198,60463.36809029989
797,2460463.8068287,252.4097344,64.5418205,1,19.403400421142578,0.14615899324417114,60463.306828700006
798,2460463.8044213,252.4103033,64.5419028,1,19.449399948120117,0.16179999709129333,60463.30442130007
799,2460461.9079514,252.4098339,64.541867,2,19.41469955444336,0.1281609982252121,60461.40795140015
800,2460461.9069907,252.4097642,64.5417777,2,19.40999984741211,0.1515589952468872,60461.406990699936
801,2460459.8667593,252.4097204,64.5417909,2,19.363399505615234,0.12761899828910828,60459.36675930023
802,2460459.8658102,252.4098024,64.5417816,2,19.30769920349121,0.12571899592876434,60459.365810200106
803,2460459.8259954,252.4097096,64.5417969,1,19.432300567626953,0.12011399865150452,60459.32599540008
804,2460459.8250347,252.4096698,64.5417918,1,19.390499114990234,0.12885700166225433,60459.32503469987
805,2460457.8628356,252.4097624,64.5418423,2,19.226200103759766,0.16258400678634644,60457.36283560004
806,2460457.8289931,252.409781,64.5417532,2,19.234800338745117,0.10777900367975235,60457.32899310021
807,2460457.7835532,252.4096939,64.5418389,1,19.37299919128418,0.11993400007486343,60457.28355319984
808,2460457.7807292,252.4097236,64.5417815,1,19.230899810791016,0.11797100305557251,60457.280729200225
809,2460455.7385532,252.4097386,64.5418217,1,19.217500686645508,0.1458970010280609,60455.23855319992
811,2460452.8012384,252.4098373,64.5418061,1,19.249500274658203,0.2684589922428131,60452.30123839993
812,2460451.9094907,252.4097522,64.5418567,1,19.101299285888672,0.18938399851322174,60451.40949069988
813,2460451.871331,252.4097904,64.5417373,2,19.200199127197266,0.14484600722789764,60451.37133099977
814,2460450.8936574,252.4097294,64.5417783,2,19.199399948120117,0.12290599942207336,60450.39365739981
815,2460450.8206481,252.4096249,64.5417901,1,19.141199111938477,0.19339799880981445,60450.32064810023
816,2460449.9318981,252.4096264,64.5418542,1,19.086000442504883,0.11032599955797195,60449.431898099836
817,2460449.8143519,252.4096733,64.5418028,2,19.02400016784668,0.11978299915790558,60449.314351900015
819,2460448.8541319,252.4096473,64.5418463,1,19.15880012512207,0.12537799775600433,60448.354131899774
820,2460447.9249421,252.4096924,64.541823,1,19.154399871826172,0.09436699748039246,60447.424942099955
821,2460447.8675463,252.4098002,64.5418271,2,19.096900939941406,0.12052600085735321,60447.36754629994
822,2460446.8847106,252.4098269,64.5417853,1,19.14150047302246,0.10747800022363663,60446.384710600134
823,2460446.8310764,252.4097639,64.5418134,2,19.096900939941406,0.10495000332593918,60446.33107639989
824,2460445.8287847,252.4097437,64.5418286,2,19.022300720214844,0.10627900063991547,60445.32878470002
825,2460444.9031134,252.4097053,64.541798,2,19.11949920654297,0.09222999960184097,60444.4031134001
826,2460444.8664583,252.4098374,64.5417924,1,19.14539909362793,0.07763300091028214,60444.366458300035
827,2460443.925081,252.4097026,64.5417923,1,19.19529914855957,0.1359499990940094,60443.4250810002
828,2460443.8537731,252.4096687,64.5417919,2,19.052200317382812,0.08328499644994736,60443.353773099836
829,2460442.9292593,252.4097192,64.5418246,2,19.16230010986328,0.10176499933004379,60442.42925930023
831,2460442.8597338,252.4099008,64.5417834,1,19.08489990234375,0.1145239993929863,60442.35973379994
833,2460441.9310995,252.4097447,64.5418057,2,19.165700912475586,0.11721999943256378,60441.43109950004
834,2460441.869838,252.4097333,64.5418662,1,19.06100082397461,0.10001499950885773,60441.36983799981
835,2460440.894838,252.4097498,64.5417527,2,19.172800064086914,0.09811999648809433,60440.39483800018
836,2460440.7991204,252.4098187,64.5418528,1,19.091100692749023,0.10068199783563614,60440.2991204001
837,2460439.9106713,252.4097453,64.5417899,2,18.9335994720459,0.10123500227928162,60439.41067129979
838,2460439.8453125,252.4097032,64.5418384,1,19.11400032043457,0.10214199870824814,60439.34531249991
839,2460438.928588,252.409702,64.5418323,1,18.93269920349121,0.10634499788284302,60438.428588000126
840,2460438.9115046,252.4097869,64.5418176,2,19.07819938659668,0.11980199813842773,60438.4115046002
841,2460438.852338,252.4096115,64.541819,3,18.61750030517578,0.11915399879217148,60438.3523380002
842,2460438.8499769,252.4097149,64.5417866,3,18.622400283813477,0.0854559987783432,60438.349976900034
843,2460438.8281366,252.4099783,64.5418356,1,19.115699768066406,0.11366000026464462,60438.32813660009
844,2460437.9342593,252.4097724,64.5418185,1,19.109100341796875,0.13846200704574585,60437.43425930012
845,2460437.9333102,252.4096851,64.5418543,1,19.055599212646484,0.11426199972629547,60437.433310199995
846,2460437.9163657,252.4097032,64.5418182,2,19.042200088500977,0.10630200058221817,60437.41636569984
847,2460437.8895139,252.4096929,64.5418284,2,19.125999450683594,0.1407019942998886,60437.38951390004
848,2460437.8693403,252.4097313,64.5418176,3,18.57080078125,0.08873900026082993,60437.369340300094
849,2460437.8512037,252.4098651,64.5418022,3,18.572200775146484,0.09822899848222733,60437.35120370006
850,2460436.9705556,252.4096877,64.541803,2,18.9867000579834,0.11110600084066391,60436.47055559978
852,2460436.9528935,252.4097596,64.5418245,2,19.020099639892578,0.12979300320148468,60436.452893500216
854,2460436.9250926,252.4097876,64.5417676,1,19.11039924621582,0.11653099954128265,60436.42509259982
856,2460436.9072569,252.4097634,64.5418454,1,19.15250015258789,0.11947699636220932,60436.40725689987
858,2460434.9316667,252.4098565,64.5418036,1,19.207700729370117,0.10426399856805801,60434.43166670017
859,2460434.8609606,252.4096787,64.5418415,2,19.09280014038086,0.09109199792146683,60434.360960599966
860,2460433.9549884,252.409807,64.5418198,2,19.11840057373047,0.12222900241613388,60433.454988399986
861,2460433.8878588,252.4097057,64.5417958,1,19.12179946899414,0.10663899779319763,60433.387858800124
862,2460431.8595255,252.4099287,64.5417869,1,19.200000762939453,0.10812000185251236,60431.359525499865
863,2460430.9013426,252.4098166,64.541812,2,19.101699829101562,0.11542999744415283,60430.40134260012
864,2460430.8659954,252.4096865,64.5418285,1,19.040599822998047,0.12494499981403351,60430.36599540012
865,2460429.8700347,252.4096765,64.541858,2,19.178199768066406,0.1361279934644699,60429.370034699794
866,2460429.8248843,252.4097174,64.5418086,1,19.050500869750977,0.09858399629592896,60429.32488430012
867,2460428.931412,252.4095968,64.5417645,1,19.115800857543945,0.1245030015707016,60428.43141200021
868,2460423.9442361,252.4097457,64.5417842,2,18.990100860595703,0.09968999773263931,60423.444236100186
869,2460423.7875926,252.4096256,64.5418342,1,19.02560043334961,0.20789900422096252,60423.2875926001
870,2460422.8877431,252.4097173,64.5418535,2,18.991100311279297,0.1339779943227768,60422.38774310006
872,2460421.8962153,252.4096736,64.541776,2,18.94700050354004,0.10757400095462799,60421.396215300076
873,2460421.8439005,252.4096177,64.5417518,1,18.99530029296875,0.12268900126218796,60421.343900499865
874,2460419.9122338,252.4098044,64.5419227,2,18.860200881958008,0.1350869983434677,60419.41223380016
875,2460419.8407176,252.4096555,64.541837,1,18.97100067138672,0.12766900658607483,60419.34071760019
876,2460418.9275,252.4097282,64.5418825,1,18.99519920349121,0.17300300300121307,60418.42750000022
877,2460418.8632986,252.4098294,64.5418405,2,19.08970069885254,0.1263989955186844,60418.363298600074
878,2460417.9082523,252.409673,64.5418191,1,19.000999450683594,0.15815800428390503,60417.40825230023
879,2460417.8878704,252.4097198,64.5418129,2,18.96940040588379,0.10991200059652328,60417.38787040021
880,2460416.8439468,252.4097007,64.5419113,1,19.2362003326416,0.15767699480056763,60416.3439468001
881,2460413.971713,252.409725,64.5417657,1,18.936500549316406,0.17605799436569214,60413.47171299998
882,2460413.9093403,252.4097655,64.541818,2,19.015499114990234,0.105833999812603,60413.40934030013
883,2460412.9685648,252.4097941,64.5417654,1,19.022300720214844,0.1434600055217743,60412.46856479999
884,2460412.9478588,252.4098085,64.5418109,2,18.887100219726562,0.0988370031118393,60412.44785880018
885,2460404.9999421,252.4097056,64.5418118,2,18.86829948425293,0.11384499818086624,60404.49994210014
886,2460404.998044,252.4097403,64.541841,2,18.852800369262695,0.10331699997186661,60404.49804400001
887,2460404.9372338,252.4096788,64.5418276,1,18.802099227905273,0.10460200160741806,60404.43723380007
888,2460404.9065162,252.4097996,64.5418122,1,18.926799774169922,0.09173200279474258,60404.40651619993
889,2460398.9974074,252.4097149,64.5417967,1,18.763099670410156,0.13272300362586975,60398.49740740005
890,2460398.9046065,252.4097821,64.5418245,2,18.741600036621094,0.10115800052881241,60398.404606500175
891,2460398.807037,252.4095234,64.5418659,1,18.739999771118164,0.1512089967727661,60398.30703700008
892,2460396.973588,252.4097525,64.54181,2,18.766000747680664,0.11660400032997131,60396.47358800005
893,2460396.9513079,252.4095695,64.541826,2,18.636199951171875,0.10894100368022919,60396.451307899784
894,2460396.889456,252.409694,64.5417172,1,18.614700317382812,0.1212019994854927,60396.38945600018
895,2460396.8879167,252.4096087,64.5417845,1,18.794599533081055,0.14116699993610382,60396.38791669998
896,2460391.9687847,252.4097136,64.5417828,2,18.927400588989258,0.10170800238847733,60391.46878470015
897,2460391.9317708,252.4096778,64.5418777,2,18.713199615478516,0.11226700246334076,60391.43177080015
898,2460391.8928472,252.4096506,64.5417968,1,18.863399505615234,0.12623700499534607,60391.392847199924
899,2460391.8234028,252.4097083,64.5418292,1,18.824899673461914,0.13986100256443024,60391.32340280013
900,2460389.9917824,252.4097112,64.5418158,2,18.837799072265625,0.10117299854755402,60389.491782399826
901,2460389.9756829,252.4096433,64.5417874,1,18.874399185180664,0.09956499934196472,60389.47568289982
902,2460388.9335069,252.4097014,64.5418362,1,18.83930015563965,0.11355599761009216,60388.43350689998
903,2460383.9295255,252.4096569,64.5419485,2,18.9468994140625,0.16606800258159637,60383.42952550016
904,2460379.8690394,252.4097169,64.5418616,1,19.050399780273438,0.13475699722766876,60379.369039400015
905,2460379.8276389,252.409622,64.5418139,2,18.89389991760254,0.09662199765443802,60379.32763889991
906,2460369.9945486,252.4096999,64.5418198,1,19.11009979248047,0.15415899455547333,60369.49454860017
907,2460369.9707523,252.4096056,64.5418735,1,18.983999252319336,0.1238040030002594,60369.47075230023
909,2460369.9303935,252.4098241,64.5418366,2,19.02519989013672,0.1546040028333664,60369.43039349979
914,2460356.0079977,252.4097994,64.5417771,1,19.43429946899414,0.17553800344467163,60355.50799770001
915,2460355.9686111,252.4098511,64.5419395,2,19.281700134277344,0.15111500024795532,60355.46861110022
916,2460355.9676505,252.409762,64.5417993,2,19.34320068359375,0.11426699906587601,60355.467650500126
917,2460354.0076273,252.4097062,64.5418236,1,19.269399642944336,0.12985900044441223,60353.50762729999
918,2460353.9930093,252.4095865,64.5418355,1,19.376399993896484,0.13159899413585663,60353.49300929997
919,2460352.0097917,252.4097647,64.54183,2,19.377599716186523,0.17387999594211578,60351.50979170017
920,2460352.0088426,252.4097708,64.5418049,2,19.365299224853516,0.1206429973244667,60351.508842600044
921,2460351.9364468,252.4096265,64.5418372,1,19.451499938964844,0.1971219927072525,60351.4364467999
922,2460351.9101157,252.4098437,64.5418785,1,19.500900268554688,0.17074699699878693,60351.410115700215
923,2460316.0534954,252.4097748,64.5417758,1,19.174766540527344,0.12347669154405594,60315.55349540012
924,2460312.0232176,252.409698,64.5418398,2,19.000699996948242,0.13061900436878204,60311.52321759984
925,2460268.6228125,252.4098072,64.5418056,1,18.84896469116211,0.16455380618572235,60268.12281250022
926,2460263.6224421,252.4097723,64.5418,2,18.80929946899414,0.10478600114583969,60263.1224421002
927,2460255.6565278,252.4096486,64.5418265,2,18.837400436401367,0.11557299643754959,60255.15652780002
928,2460255.6176968,252.4097308,64.5418059,1,18.78499984741211,0.10283400118350983,60255.1176967998
929,2460253.6590625,252.4098475,64.5418311,2,18.90920066833496,0.1212650015950203,60253.15906250011
930,2460253.619537,252.4098274,64.5417793,1,18.840200424194336,0.1049790009856224,60253.11953700008
931,2460250.6611574,252.4097445,64.5417563,1,18.8612003326416,0.17234599590301514,60250.16115739988
932,2460250.6147569,252.409769,64.5418931,2,18.767200469970703,0.13610200583934784,60250.114756899886
933,2460244.6793171,252.4096489,64.5417631,2,18.729700088500977,0.15490199625492096,60244.17931709997
934,2460239.6777546,252.409735,64.5418554,1,18.7539005279541,0.12201099842786789,60239.17775460007
935,2460239.6113079,252.4097115,64.5418093,2,18.75510025024414,0.10267700254917145,60239.11130789993
936,2460237.6587037,252.4097986,64.5418416,2,18.729700088500977,0.11976899951696396,60237.158703700174
937,2460237.6362153,252.4097604,64.5418096,1,18.707300186157227,0.09585399925708771,60237.13621529983
938,2460235.6590625,252.4097373,64.5417915,1,18.60930061340332,0.10615800321102142,60235.15906250011
939,2460235.6197338,252.409723,64.5418256,2,18.665199279785156,0.09510499984025955,60235.11973380018
940,2460234.6370949,252.4097468,64.5418467,2,18.78730010986328,0.08762200176715851,60234.13709490001
941,2460233.7066204,252.4097518,64.5418394,1,18.679100036621094,0.11846300214529037,60233.20662039984
942,2460233.6591319,252.4097183,64.5417757,2,18.80229949951172,0.10403800010681152,60233.15913189994
943,2460232.6716319,252.4098153,64.5417955,2,18.640899658203125,0.11584199965000153,60232.17163190013
944,2460232.6377083,252.4095446,64.5418106,1,18.625699996948242,0.08912300318479538,60232.13770829979
945,2460231.6759144,252.4097317,64.5418191,1,18.56170082092285,0.1121089980006218,60231.17591439979
946,2460231.6354861,252.4097254,64.5418024,2,18.69059944152832,0.08746600151062012,60231.13548609987
947,2460230.6382523,252.4096739,64.5418149,1,18.678699493408203,0.09734900295734406,60230.13825230021
948,2460227.7159375,252.4097324,64.5418202,1,18.651599884033203,0.1277340054512024,60227.21593749989
949,2460227.6810069,252.4097627,64.5418024,2,18.545799255371094,0.09736800193786621,60227.181006900035
950,2460224.7167361,252.4098184,64.5418385,2,18.62529945373535,0.09769199788570404,60224.21673610015
951,2460224.7024769,252.4097294,64.5417979,1,18.683799743652344,0.07937599718570709,60224.20247690007
952,2460224.6991667,252.4097106,64.5418464,1,18.633100509643555,0.10577099770307541,60224.19916669978
953,2460224.6801968,252.4097156,64.5418068,2,18.740800857543945,0.08770100027322769,60224.1801967998
954,2460222.7248727,252.4095596,64.541812,1,18.58769989013672,0.12773700058460236,60222.22487269994
955,2460222.6964931,252.4097751,64.5417783,1,18.7012996673584,0.11742600053548813,60222.19649309991
956,2460222.6392477,252.4095376,64.5418131,2,18.59749984741211,0.10196000337600708,60222.139247700106
957,2460222.6378241,252.4095297,64.5418277,2,18.557899475097656,0.11659500002861023,60222.13782409998
958,2460220.7203935,252.4095795,64.5417805,1,18.64240074157715,0.1163100004196167,60220.220393499825
959,2460220.6963194,252.4096655,64.5417989,1,18.70680046081543,0.1232919991016388,60220.19631939987
961,2460215.6751273,252.4096873,64.5418145,1,18.73430061340332,0.13000699877738953,60215.17512729997
962,2460213.6761227,252.4096648,64.5418242,2,18.817699432373047,0.10914800316095352,60213.176122699864
963,2460213.6751736,252.409644,64.5418608,2,18.92009925842285,0.16969700157642365,60213.175173600204
964,2460213.6451968,252.4097557,64.54186,1,18.83810043334961,0.14336000382900238,60213.14519680012
965,2460213.6432986,252.4096674,64.5418203,1,18.896099090576172,0.14028400182724,60213.14329859987
966,2460211.6933912,252.4097511,64.5417808,1,18.84510040283203,0.10873399674892426,60211.193391200155
967,2460211.6656134,252.4096843,64.5418379,2,18.929500579833984,0.11143200099468231,60211.16561339982
968,2460207.701875,252.4096818,64.5418218,1,18.983400344848633,0.096560999751091,60207.201874999795
969,2460207.6601852,252.4097337,64.5418053,2,18.889799118041992,0.11450300365686417,60207.16018520016
970,2460205.6813079,252.4098142,64.5418099,2,18.92449951171875,0.09298200160264969,60205.18130790023
971,2460205.6592014,252.4096559,64.5418205,1,18.86549949645996,0.07915700227022171,60205.15920139989
972,2460203.7000579,252.4097516,64.5418081,2,18.857900619506836,0.1130710020661354,60203.200057900045
973,2460203.6815394,252.4097069,64.541853,1,18.92609977722168,0.09611699730157852,60203.181539400015
974,2460201.7052546,252.409727,64.5418508,1,18.88249969482422,0.12464199960231781,60201.20525459992
975,2460201.6621528,252.4098153,64.5418083,2,18.797300338745117,0.11273600161075592,60201.16215279978
976,2460198.7627662,252.4095979,64.5417977,2,19.10540008544922,0.1264909952878952,60198.26276620012
977,2460198.7202199,252.4097307,64.5418028,1,18.973499298095703,0.1007940024137497,60198.2202198999
978,2460198.7192708,252.4097482,64.5418055,1,18.958900451660156,0.11538200080394745,60198.219270799775
979,2460198.6763079,252.4097777,64.5417871,2,18.90169906616211,0.09548100084066391,60198.17630789988
980,2460195.7211574,252.409743,64.5418196,2,18.909799575805664,0.13579300045967102,60195.22115739994
981,2460195.703125,252.4097746,64.5418227,2,18.847400665283203,0.10001300275325775,60195.203125
982,2460195.6741667,252.4097226,64.5418244,1,18.879100799560547,0.10820800065994263,60195.17416669987
983,2460195.6636227,252.4097984,64.5417908,1,18.933900833129883,0.0921119973063469,60195.16362270014
984,2460193.8290162,252.4096986,64.5418415,1,18.895000457763672,0.13075700402259827,60193.3290161998
985,2460193.804838,252.4097111,64.5418086,2,18.85219955444336,0.09227000176906586,60193.304837999865
986,2460193.7809375,252.4096497,64.5417826,2,18.97369956970215,0.09995099902153015,60193.28093749983
987,2460191.7010417,252.4097812,64.5418324,1,18.986400604248047,0.12293300032615662,60191.20104169985
988,2460191.6764583,252.4097813,64.5417771,2,18.936500549316406,0.10283199697732925,60191.17645830009
989,2460188.6628935,252.4097327,64.5418236,1,18.88629913330078,0.12118600308895111,60188.16289350018
990,2460186.7453704,252.4098353,64.5417994,2,18.993499755859375,0.14539599418640137,60186.24537040014
991,2460186.7198727,252.409715,64.5418309,2,19.00320053100586,0.12887099385261536,60186.21987270005
993,2460186.6822454,252.409821,64.5417887,1,18.86079978942871,0.12560400366783142,60186.1822453998
994,2460184.7166898,252.4096664,64.5418642,1,18.860700607299805,0.1264050006866455,60184.21668979991
995,2460184.7162037,252.4096894,64.5417995,1,18.961999893188477,0.13903799653053284,60184.21620369982
996,2460184.6855671,252.4097361,64.5418029,2,18.89069938659668,0.13647699356079102,60184.18556710007
997,2460184.685081,252.409815,64.5418738,2,18.999300003051758,0.116798996925354,60184.185080999974
998,2460182.7859144,252.4098567,64.5418018,2,18.993200302124023,0.14361800253391266,60182.28591440013
999,2460182.7840162,252.4097532,64.5417996,2,18.986299514770508,0.13227799534797668,60182.284016199876
1000,2460182.7232523,252.4096702,64.5418072,1,18.970600128173828,0.15138499438762665,60182.22325230017
1001,2460182.7203819,252.4097309,64.5418167,1,18.970600128173828,0.12168099731206894,60182.2203819002
1002,2460175.6932755,252.4096578,64.5418019,1,18.946500778198242,0.12108200043439865,60175.19327550009
1004,2460173.749294,252.4097919,64.5417779,2,18.778400421142578,0.09170900285243988,60173.24929400021
1005,2460173.7469329,252.4096753,64.5417789,2,18.961599349975586,0.09152799844741821,60173.246932900045
1006,2460173.7469329,252.4096753,64.5417789,2,18.961599349975586,0.09152799844741821,60173.246932900045
1007,2460173.7187731,252.4097107,64.5417795,1,18.977399826049805,0.09286899864673615,60173.21877310006
1008,2460173.7173264,252.4096905,64.5417888,1,18.957799911499023,0.10552100092172623,60173.21732639987
1009,2460171.8284259,252.4096695,64.5418283,1,18.94179916381836,0.11129000037908554,60171.32842590008
1010,2460171.781875,252.4096689,64.5418039,1,18.850000381469727,0.08383999764919281,60171.28187499987
1011,2460171.7580208,252.4097659,64.5418383,2,18.94059944152832,0.07038500159978867,60171.25802080007
1012,2460171.7439005,252.4096785,64.5418082,2,18.781999588012695,0.09153000265359879,60171.24390049977
1015,2460169.8041667,252.4098099,64.5417738,2,18.922800064086914,0.09170199930667877,60169.304166700225
1016,2460169.8013194,252.4097609,64.5417676,2,18.831100463867188,0.09435199946165085,60169.30131939985
1017,2460165.8204167,252.4096766,64.5418527,1,18.856599807739258,0.09187699854373932,60165.320416700095
1018,2460165.8194676,252.409772,64.5418098,1,18.89590072631836,0.10989700257778168,60165.31946759997
1019,2460165.7248958,252.4096854,64.5418055,2,18.884700775146484,0.07384800165891647,60165.2248958
1020,2460165.7225,252.4097854,64.5418255,2,18.872699737548828,0.09839999675750732,60165.22250000015
1021,2460162.8262963,252.4098572,64.541828,2,18.69879913330078,0.09978599846363068,60162.32629630016
1022,2460162.7431713,252.4097521,64.5418329,2,18.810199737548828,0.08688200265169144,60162.24317129981
1023,2460162.723912,252.4098149,64.5418123,1,18.8617000579834,0.09038099646568298,60162.22391200019
1024,2460162.7219907,252.4097732,64.5417979,1,18.846500396728516,0.08744099736213684,60162.22199069988
1025,2460160.828044,252.4096933,64.5418274,1,18.79199981689453,0.10226800292730331,60160.32804400008
1026,2460160.8270718,252.40968,64.5417962,1,18.870100021362305,0.12264099717140198,60160.3270717999
1027,2460160.6874884,252.4097802,64.5418102,2,18.82040023803711,0.10059499740600586,60160.18748839991
1028,2460160.685081,252.409745,64.5418207,2,18.810300827026367,0.10441599786281586,60160.185080999974
1030,2460158.8707407,252.409892,64.5418505,1,18.791000366210938,0.17121900618076324,60158.37074070005
1031,2460155.9240625,252.4096566,64.5418244,1,18.741899490356445,0.12047799676656723,60155.42406249978
1032,2460155.8085069,252.4097799,64.5417697,2,18.82040023803711,0.11093399673700333,60155.30850689998
1033,2460155.8070718,252.4096115,64.5417852,2,18.877399444580078,0.09855400025844574,60155.30707179988
1034,2460155.7449537,252.409734,64.5418213,1,18.74169921875,0.0971589982509613,60155.244953699876
1035,2460153.7988542,252.4097372,64.5418086,1,18.740299224853516,0.10214100033044815,60153.29885420017
1036,2460153.7802778,252.4096933,64.5418064,1,18.765600204467773,0.08450599759817123,60153.280277799815
1037,2460153.7648148,252.4098396,64.5417969,2,18.844999313354492,0.10635299980640411,60153.26481480012
1038,2460153.7367245,252.4096545,64.5418091,2,18.88290023803711,0.1118289977312088,60153.23672450008
1039,2460151.8848264,252.4097081,64.5417968,2,18.7593994140625,0.09158699959516525,60151.38482639985
1040,2460151.8688657,252.4096426,64.5418014,2,18.903400421142578,0.09204299747943878,60151.36886569997
1041,2460151.8492361,252.4097648,64.5418347,1,18.827999114990234,0.10148800164461136,60151.34923609998
1042,2460151.8439236,252.4096232,64.5417993,1,18.774900436401367,0.07750199735164642,60151.343923599925
1043,2460149.8913889,252.4097648,64.5418266,2,18.721799850463867,0.10051599889993668,60149.39138890011
1044,2460149.8455093,252.4096586,64.5417954,1,18.834800720214844,0.09905599802732468,60149.34550930001
1045,2460149.8445486,252.4097178,64.5418531,1,18.78969955444336,0.07912100106477737,60149.344548599795
1047,2460147.8246065,252.4097053,64.5418378,1,18.909000396728516,0.11675100028514862,60147.3246065001
1048,2460147.8058449,252.4097391,64.5418108,1,18.90220069885254,0.09317699819803238,60147.3058449002
1049,2460147.7822569,252.4097454,64.5418024,2,18.88050079345703,0.10046499967575073,60147.28225689987
1050,2460147.7630787,252.4097438,64.5417634,2,18.962200164794922,0.09633100032806396,60147.26307869982
1051,2460145.824213,252.4097043,64.5417943,1,18.91659927368164,0.09017899632453918,60145.324213000014
1052,2460145.8223264,252.4097859,64.5418087,1,18.908100128173828,0.09910000115633011,60145.32232639985
1053,2460145.801713,252.4097777,64.5417926,2,18.934499740600586,0.1006070002913475,60145.30171300005
1054,2460145.7840972,252.4097631,64.5418082,2,18.95669937133789,0.08217299729585648,60145.284097199794
1055,2460143.9126042,252.4097135,64.5418047,1,18.934799194335938,0.10615699738264084,60143.41260420019
1056,2460143.911169,252.4096486,64.5417994,1,18.848499298095703,0.09558100253343582,60143.41116899997
1057,2460143.8716435,252.4096712,64.5418041,2,18.86949920654297,0.0764319971203804,60143.37164349994
1058,2460143.8644907,252.4096555,64.541786,2,18.97879981994629,0.0693729966878891,60143.364490699954
1059,2460140.7863889,252.4097551,64.541822,1,18.933399200439453,0.08541200309991837,60140.28638890013
1060,2460140.7854051,252.4096791,64.541827,1,18.868900299072266,0.08782699704170227,60140.28540509986
1061,2460140.7616088,252.4098488,64.5418185,2,19.01180076599121,0.11851400136947632,60140.26160879992
1063,2460138.8912731,252.4096528,64.5417595,1,18.91629981994629,0.131181001663208,60138.39127309993
1064,2460138.8639005,252.4097655,64.5417845,2,19.085100173950195,0.1377509981393814,60138.363900499884
1065,2460138.785544,252.4097663,64.5417881,2,18.938499450683594,0.10616499930620193,60138.2855440001
1066,2460138.7454514,252.4097283,64.5418146,1,19.06599998474121,0.1763010025024414,60138.24545140006
1067,2460136.8472801,252.4097616,64.5418046,1,18.829599380493164,0.08077800273895264,60136.34728009999
1068,2460136.8441551,252.4097605,64.5418095,1,18.958099365234375,0.09628000110387802,60136.344155100174
1069,2460136.8029977,252.409825,64.5418017,2,18.86520004272461,0.08901800215244293,60136.30299769994
1070,2460136.800162,252.4097548,64.541793,2,18.949899673461914,0.09928800165653229,60136.300162000116
1071,2460134.9313889,252.4097172,64.5418182,2,18.876100540161133,0.08080100268125534,60134.43138890015
1072,2460134.8852315,252.4097317,64.5418198,1,18.750600814819336,0.10407000035047531,60134.385231500026
1073,2460134.8651852,252.4097656,64.5417824,1,18.919300079345703,0.11110299825668335,60134.36518519977
1074,2460134.7204051,252.4098276,64.5418039,2,18.90719985961914,0.0866909995675087,60134.22040509991
1075,2460128.952662,252.4096057,64.5418266,1,19.0137996673584,0.1490750014781952,60128.45266199997
1077,2460128.8434838,252.4096773,64.5418431,2,18.924800872802734,0.12267100065946579,60128.34348380007
1079,2460126.9120718,252.4096743,64.5417761,1,18.884199142456055,0.1294039934873581,60126.41207179986
1080,2460126.9073032,252.4096545,64.5418081,1,18.970399856567383,0.13319699466228485,60126.4073032001
1081,2460126.8425,252.4097183,64.5418046,2,18.94540023803711,0.1512259989976883,60126.342499999795
1082,2460126.8405787,252.4097247,64.5417904,2,19.004499435424805,0.08792699873447418,60126.34057869995
1083,2460124.9288542,252.4096968,64.5419143,2,19.100799560546875,0.1288280040025711,60124.42885420006
1084,2460124.9268403,252.4096882,64.5418171,2,18.94179916381836,0.1136389970779419,60124.426840300206
1085,2460124.8890625,252.4098703,64.5417857,1,18.972200393676758,0.10082399845123291,60124.38906250009
1086,2460124.8881134,252.4097415,64.5418242,1,18.938499450683594,0.11613199859857559,60124.38811339997
1087,2460122.9297569,252.4097182,64.5418314,1,19.034299850463867,0.1125980019569397,60122.42975689983
1088,2460122.8189236,252.4097612,64.5418574,1,18.97599983215332,0.11262799799442291,60122.31892360002
1089,2460122.7898843,252.4096045,64.5417831,2,18.923500061035156,0.14017100632190704,60122.28988429997
1090,2460122.7864931,252.4097579,64.5417978,2,18.964799880981445,0.11537200212478638,60122.286493100226
1091,2460120.8745833,252.4096507,64.5418227,2,18.972999572753906,0.08833999931812286,60120.3745833002
1092,2460120.8731481,252.4097596,64.5417894,2,19.093799591064453,0.1069599986076355,60120.373148099985
1093,2460120.853125,252.4097442,64.5418315,1,19.04800033569336,0.12349700182676315,60120.35312499991
1094,2460120.8512153,252.4099021,64.5417788,1,19.004600524902344,0.11622700095176697,60120.35121530015
1095,2460118.8866667,252.4096917,64.5418318,1,18.944000244140625,0.15015999972820282,60118.38666669978
1096,2460118.8843056,252.4098874,64.5417912,1,19.13610076904297,0.12980900704860687,60118.38430560008
1097,2460118.8651505,252.4096292,64.5418353,2,18.847400665283203,0.11914899945259094,60118.36515050009
1098,2460116.844294,252.409721,64.5418119,1,19.07990074157715,0.14839400351047516,60116.34429399995
1099,2460116.8409606,252.4096893,64.541917,1,19.029399871826172,0.14901599287986755,60116.34096059995
1100,2460116.8050347,252.4096852,64.5417968,2,19.055700302124023,0.14395199716091156,60116.30503469985
1101,2460116.7820255,252.4097402,64.5418308,2,18.957599639892578,0.12065000087022781,60116.2820255002
1102,2460114.8501273,252.4097303,64.5417952,2,19.091299057006836,0.13824599981307983,60114.35012729978
1103,2460114.8491667,252.4097117,64.5418016,2,18.907800674438477,0.11775700002908707,60114.34916670015
1104,2460114.7897917,252.409596,64.5418317,1,18.98590087890625,0.11395099759101868,60114.289791699965
1105,2460114.7625,252.4098113,64.5418331,1,19.037399291992188,0.12487500160932541,60114.262500000186
1106,2460111.9546991,252.4098014,64.5418247,2,19.02400016784668,0.09995999932289124,60111.454699099995
1107,2460111.9542245,252.409715,64.541804,2,19.042299270629883,0.10420099645853043,60111.454224499874
1108,2460111.931956,252.4097322,64.5418142,1,19.09480094909668,0.10296499729156494,60111.43195600016
1109,2460111.9314815,252.4099012,64.5417887,1,19.081499099731445,0.08232399821281433,60111.431481500156
1110,2460111.8961921,252.4095071,64.5417618,1,19.17959976196289,0.2071000039577484,60111.3961920999
1111,2460109.8474074,252.4095769,64.5418327,2,19.087499618530273,0.12964800000190735,60109.34740740014
1112,2460109.8450347,252.4097293,64.5418167,2,19.034900665283203,0.10469699651002884,60109.34503469989
1113,2460109.8070486,252.4096513,64.5418019,1,19.00749969482422,0.09120099991559982,60109.30704860017
1114,2460109.7834375,252.4098323,64.5417743,1,19.070999145507812,0.1157890036702156,60109.28343749978
1115,2460104.8679167,252.4097366,64.5418728,2,18.869199752807617,0.11247800290584564,60104.367916699965
1116,2460104.8412616,252.4097537,64.5418082,2,18.977699279785156,0.11417599767446518,60104.341261600144
1117,2460104.7779167,252.4097678,64.541781,1,18.96179962158203,0.1151989996433258,60104.27791670011
1118,2460102.7656829,252.4100064,64.5417716,1,18.765600204467773,0.2799519896507263,60102.26568289986
1120,2460102.7259838,252.4097164,64.5416911,2,18.98080062866211,0.1715089976787567,60102.2259837999
1121,2460100.790162,252.4098069,64.5417576,2,18.879600524902344,0.0867839977145195,60100.290161999874
1122,2460100.7896644,252.4097506,64.5418214,2,18.892200469970703,0.12968799471855164,60100.28966439981
1123,2460100.7058449,252.4096471,64.541825,1,18.92020034790039,0.11860799789428711,60100.205844900105
1124,2460100.7053588,252.4094659,64.5417755,1,19.031700134277344,0.18582700192928314,60100.20535880001
1125,2460098.8637384,252.4097639,64.5417876,2,18.91189956665039,0.11817999929189682,60098.36373839993
1126,2460098.8618287,252.4096642,64.5418055,2,18.974199295043945,0.14014099538326263,60098.361828700174
1128,2460098.7794676,252.4097304,64.541795,1,19.003299713134766,0.1571809947490692,60098.27946759993
1129,2460093.9489931,252.4097173,64.5418181,1,18.83810043334961,0.09085699915885925,60093.44899309985
1131,2460093.9084838,252.409777,64.5418035,2,19.035600662231445,0.10860399901866913,60093.40848380001
1132,2460093.9060185,252.4096545,64.5418435,2,18.886499404907227,0.0987820029258728,60093.406018500216
1133,2460090.9481597,252.4097663,64.5420857,2,18.635299682617188,0.14634999632835388,60090.448159699794
1134,2460090.8532407,252.4099556,64.541834,2,18.850400924682617,0.1120460033416748,60090.35324069997
1135,2460088.9418171,252.4097103,64.5418293,1,18.840700149536133,0.12376599758863449,60088.44181710016
1136,2460088.8839352,252.4098398,64.5419105,2,18.862300872802734,0.10706599801778793,60088.38393520005
1137,2460088.8637616,252.4097567,64.5418073,2,18.822999954223633,0.08780799806118011,60088.36376160011
1138,2460088.8271296,252.4098331,64.5418098,1,18.893199920654297,0.08851099759340286,60088.327129600104
1139,2460086.9111806,252.4097732,64.541788,2,18.767900466918945,0.0903640016913414,60086.41118060006
1140,2460086.8614815,252.4097574,64.5418325,2,18.77750015258789,0.11297199875116348,60086.36148149986
1141,2460086.7853704,252.4096363,64.5418278,1,18.740999221801758,0.10111799836158752,60086.285370400175
1142,2460086.7843634,252.4098163,64.5417988,1,18.90060043334961,0.11545000225305557,60086.28436340019
1143,2460084.8897106,252.4097218,64.5418208,2,18.6018009185791,0.0974780023097992,60084.38971060002
1145,2460084.8640394,252.409916,64.5418023,1,18.813899993896484,0.10859400033950806,60084.36403940013
1146,2460084.8626157,252.4097715,64.541813,1,18.822200775146484,0.10682199895381927,60084.36261569988
1147,2460082.8896644,252.4098607,64.5417509,1,18.7898006439209,0.10025300085544586,60082.3896643999
1148,2460082.8887037,252.4096541,64.54184,1,18.816699981689453,0.11291299760341644,60082.388703700155
1149,2460082.8485764,252.409764,64.5417741,2,18.82979965209961,0.10454899817705154,60082.34857639996
1150,2460082.8480787,252.4096949,64.5418135,2,18.89349937438965,0.08106999844312668,60082.34807869978
1151,2460080.7837037,252.4097563,64.5418104,1,18.871000289916992,0.10491199791431427,60080.283703700174
1152,2460079.9196296,252.4097889,64.5418569,2,18.84600067138672,0.09871599823236465,60079.4196295999
1153,2460079.8627778,252.4097621,64.5418034,1,18.88629913330078,0.1399800032377243,60079.36277779983
1154,2460078.9309259,252.4097375,64.5418163,2,18.91659927368164,0.09828600287437439,60078.43092590012
1155,2460078.8463194,252.4098543,64.5417627,1,18.88629913330078,0.09482300281524658,60078.346319399774
1156,2460077.9051968,252.4096406,64.5418255,1,18.885000228881836,0.13180899620056152,60077.4051967999
1157,2460077.8187731,252.4096904,64.5418394,2,18.85219955444336,0.11903800070285797,60077.31877310015
1158,2460076.8882755,252.4097655,64.5418131,1,18.853200912475586,0.11693499982357025,60076.38827549992
1159,2460076.8677199,252.4097549,64.5418681,2,18.923799514770508,0.12412799894809723,60076.36771989986
1160,2460073.818669,252.4097623,64.5418909,2,18.894899368286133,0.12917999923229218,60073.318669000175
1161,2460073.7846759,252.4096422,64.5418049,1,18.910600662231445,0.15063300728797913,60073.28467589989
1162,2460065.9498958,252.4096413,64.5418658,1,18.9601993560791,0.1585330069065094,60065.44989580009
1163,2460063.9700694,252.4097553,64.5418223,2,19.081499099731445,0.10339900106191635,60063.470069400035
1164,2460063.9281713,252.409891,64.5417814,1,19.083099365234375,0.12374600023031235,60063.42817129986
1165,2460062.9772222,252.4097297,64.5418477,2,18.992700576782227,0.10513400286436081,60062.47722220002
1166,2460062.9507639,252.4096695,64.5418414,1,18.898099899291992,0.10532200336456299,60062.45076389983
1167,2460061.9651389,252.4098259,64.5418224,2,19.096900939941406,0.10582499951124191,60061.465138900094
1168,2460060.9665972,252.4098305,64.541794,2,18.898500442504883,0.10096299648284912,60060.466597199906
1169,2460060.9050347,252.4096874,64.5417909,1,18.94770050048828,0.13336500525474548,60060.40503469994
1170,2460059.9339005,252.4098602,64.5417613,2,19.049400329589844,0.11456800252199173,60059.43390050018
1171,2460059.8645023,252.4099611,64.5417936,1,19.06399917602539,0.1336890012025833,60059.36450230004
1172,2460058.9739468,252.4096911,64.5417805,1,19.037599563598633,0.1309729963541031,60058.47394679999
1173,2460058.8767361,252.4097245,64.5418704,2,18.911100387573242,0.10194200277328491,60058.37673609983
1174,2460057.9462384,252.4097893,64.541785,2,19.05470085144043,0.11464300006628036,60057.44623839995
1175,2460057.8646181,252.4097121,64.5417595,1,19.013500213623047,0.10324300080537796,60057.364618100226
1176,2460056.9752778,252.4097885,64.5418247,2,19.003700256347656,0.13605700433254242,60056.47527780011
1177,2460056.925,252.4096756,64.5418315,1,18.983299255371094,0.10304299741983414,60056.424999999814
1178,2460055.9246412,252.4097456,64.5418116,1,19.00320053100586,0.11943600326776505,60055.424641199876
1179,2460055.9042361,252.4097278,64.5418103,2,18.95050048828125,0.08708199858665466,60055.40423610015
1180,2460053.9731019,252.4096878,64.54181,1,18.978700637817383,0.13422299921512604,60053.47310189996
1181,2460053.9332639,252.4097439,64.541862,2,18.984399795532227,0.13319100439548492,60053.433263900224
1182,2460053.9308912,252.4097679,64.5418775,2,18.956499099731445,0.1364859938621521,60053.43089119997
1184,2460050.9744792,252.4098514,64.5418421,1,19.089799880981445,0.15074099600315094,60050.47447919985
1185,2460050.9711806,252.4097184,64.5417953,1,18.995500564575195,0.11128599941730499,60050.471180600114
1186,2460050.948044,252.4097853,64.541829,2,18.903900146484375,0.1309950053691864,60050.44804400019
1187,2460046.944919,252.4096849,64.5418156,1,18.98889923095703,0.1548909991979599,60046.444918999914
1189,2460046.8676157,252.4097226,64.5418684,2,19.06220054626465,0.18812499940395355,60046.36761569977
1190,2460046.8052083,252.4098222,64.5417959,1,19.10700035095215,0.108924001455307,60046.305208299775
1191,2460044.9674421,252.4096712,64.5418337,1,18.953899383544922,0.12808099389076233,60044.467442099936
1192,2460044.908287,252.4097325,64.5418679,2,18.993000030517578,0.09999699890613556,60044.40828699991
1193,2460044.8847917,252.4097332,64.5418509,2,19.065399169921875,0.09131799638271332,60044.38479170017
1194,2460044.8217824,252.4096639,64.5417886,1,19.030500411987305,0.15637600421905518,60044.3217823999
1195,2460042.9315509,252.4096206,64.5419058,2,18.944900512695312,0.17084099352359772,60042.431550899986
1196,2460042.9296296,252.4096716,64.5419079,2,18.93470001220703,0.11358600109815598,60042.42962960014
1197,2460042.9094097,252.4096039,64.5418204,1,18.86400032043457,0.15718600153923035,60042.40940969996
1198,2460042.8871528,252.4097812,64.5418395,1,19.102100372314453,0.1813639998435974,60042.38715279987
1199,2460032.9373148,252.40976,64.5418218,2,18.914600372314453,0.10170699656009674,60032.43731479999
1200,2460032.8837269,252.4097912,64.541861,2,19.027099609375,0.16040100157260895,60032.38372689998
1201,2460032.8118287,252.40979,64.5417893,1,18.981399536132812,0.11740700155496597,60032.311828699894
1202,2460032.8099074,252.4097443,64.5418636,1,18.96190071105957,0.13494500517845154,60032.30990740005
1203,2460021.9777778,252.4099348,64.5419227,2,19.20800018310547,0.15488800406455994,60021.47777780006
1204,2460021.9753472,252.409692,64.5419272,2,19.16790008544922,0.15099500119686127,60021.47534719994
1205,2460021.8709028,252.4099095,64.5419605,1,19.08609962463379,0.18782399594783783,60021.3709028
1206,2460021.8446528,252.4098971,64.5419115,1,19.16080093383789,0.15920700132846832,60021.34465279989
1207,2460016.9748611,252.4095967,64.541909,2,19.1830997467041,0.18035000562667847,60016.47486109985
1209,2460016.9519213,252.4097492,64.5418403,1,19.34040069580078,0.16916300356388092,60016.45192130003
1210,2460016.9509722,252.4096681,64.5418966,1,19.418399810791016,0.1721780002117157,60016.450972199906
1211,2459996.9956713,252.4096624,64.5417956,2,19.291099548339844,0.1726209968328476,59996.49567130022
1212,2459996.9367593,252.4097025,64.5418344,1,19.24250030517578,0.12842300534248352,59996.436759300064
1214,2459985.9932755,252.4094475,64.5418662,2,19.255800247192383,0.14984700083732605,59985.4932754999
1215,2459985.9511111,252.4095519,64.5417704,1,19.338499069213867,0.19313600659370422,59985.45111110015
1217,2459977.9960417,252.4096037,64.5418831,1,19.425899505615234,0.17591500282287598,59977.49604169978
1219,2459971.9630208,252.4097199,64.5417984,2,19.208799362182617,0.17295899987220764,59971.46302080015
1220,2459970.0156019,252.4097607,64.5418257,1,19.38290023803711,0.1209539994597435,59969.51560189994
1221,2459970.0127315,252.4098172,64.5418522,1,19.42690086364746,0.15778100490570068,59969.51273149997
1222,2459969.9511458,252.4097105,64.5419071,2,19.353500366210938,0.15410000085830688,59969.45114579983
1223,2459968.0105208,252.4100435,64.541895,2,19.13629913330078,0.20203399658203125,59967.51052080002
1224,2459967.993669,252.4099037,64.5417494,1,19.589000701904297,0.26738300919532776,59967.49366899999
1226,2459957.9895833,252.4096779,64.5418213,1,18.989299774169922,0.1837719976902008,59957.48958329996
1227,2459957.0467245,252.409428,64.5418192,1,19.3351993560791,0.24109600484371185,59956.546724500135
1228,2459957.0166782,252.4096852,64.5418963,2,19.032400131225586,0.13773499429225922,59956.5166782001
1229,2459952.036875,252.4098504,64.5417589,2,19.241199493408203,0.23594999313354492,59951.53687500022
1231,2459887.6526968,252.4097643,64.5419191,1,19.33216094970703,0.1923070102930069,59887.15269679995
1233,2459878.6859259,252.4098061,64.5419192,1,19.54050064086914,0.18290500342845917,59878.185925900005
1234,2459878.6383565,252.4097953,64.5419006,2,19.467899322509766,0.1642410010099411,59878.13835649984
1235,2459874.6789352,252.4097355,64.5417978,1,19.62380027770996,0.1607770025730133,59874.178935199976
1236,2459874.6360648,252.4099615,64.5417987,2,19.326799392700195,0.12800900638103485,59874.13606479997
1237,2459872.6331366,252.4097535,64.541831,2,19.529499053955078,0.1639080047607422,59872.13313659979
1238,2459872.6212037,252.4097784,64.541697,2,19.6427001953125,0.19001099467277527,59872.12120370008
1239,2459870.6823611,252.4097051,64.5418239,2,19.57469940185547,0.21410100162029266,59870.18236109987
1240,2459870.6689352,252.4098408,64.5418393,2,19.386699676513672,0.11582300066947937,59870.1689352002
1241,2459870.6250694,252.4096699,64.5418307,1,19.569499969482422,0.14309200644493103,59870.12506939983
1242,2459870.6241088,252.4096639,64.5418397,1,19.60540008544922,0.1477549970149994,59870.1241088002
1244,2459867.6566088,252.4098097,64.5417603,2,19.572599411010742,0.15443600714206696,59867.15660879994
1245,2459867.6251273,252.4099546,64.5418301,1,19.62660026550293,0.15205299854278564,59867.125127300154
1246,2459865.6985417,252.4096349,64.5418328,1,19.653499603271484,0.22845199704170227,59865.19854169991
1248,2459865.6552778,252.4098099,64.5417989,2,19.478300094604492,0.14791299402713776,59865.155277799815
1251,2459861.6872222,252.4097147,64.5418926,1,19.34910011291504,0.2681860029697418,59861.18722219998
1252,2459861.6862616,252.4094203,64.5417887,1,19.223499298095703,0.21236200630664825,59861.18626159988
1253,2459859.7165856,252.409641,64.5417166,2,19.296300888061523,0.23074500262737274,59859.21658559982
1255,2459859.6825231,252.4098984,64.5417963,1,19.256399154663086,0.1939920037984848,59859.18252310017
1258,2459857.7010417,252.4097236,64.5418241,2,19.353099822998047,0.15654900670051575,59857.20104169985
1259,2459857.7000926,252.4095411,64.5417708,2,19.186800003051758,0.17925700545310974,59857.20009260019
1260,2459857.6403935,252.4095541,64.541801,1,19.451099395751953,0.2276570051908493,59857.140393500216
1261,2459855.657419,252.4097027,64.5418118,2,19.459800720214844,0.15941199660301208,59855.15741899982
1262,2459855.6564699,252.4096382,64.5418549,2,19.447099685668945,0.1360750049352646,59855.15646990016
1264,2459853.6956481,252.4097073,64.5417437,2,19.577899932861328,0.13485600054264069,59853.19564810023
1265,2459853.6602315,252.4096523,64.5417831,1,19.266599655151367,0.1260560005903244,59853.16023149993
1266,2459853.6370255,252.4098209,64.5418471,1,19.501699447631836,0.19430099427700043,59853.13702550018
1267,2459849.6958102,252.4097559,64.5417825,1,19.428800582885742,0.16410799324512482,59849.19581020018
1268,2459849.6322917,252.4097354,64.5418269,2,19.552200317382812,0.18559899926185608,59849.132291700225
1269,2459848.701794,252.4097554,64.5417949,2,19.493200302124023,0.16891999542713165,59848.20179399988
1270,2459848.6388773,252.409688,64.5417681,1,19.408100128173828,0.14263500273227692,59848.13887730008
1271,2459847.6843866,252.4097538,64.5418038,2,19.294700622558594,0.11286800354719162,59847.18438659981
1273,2459846.7266319,252.4098888,64.5418367,1,19.482900619506836,0.1478790044784546,59846.22663189983
1274,2459846.6453125,252.4099194,64.5418243,2,19.46739959716797,0.1044439971446991,59846.145312500186
1275,2459845.7184722,252.4098668,64.5418209,1,19.489700317382812,0.1578799933195114,59845.21847219998
1276,2459845.6558102,252.409727,64.5419281,2,19.15290069580078,0.11339300125837326,59845.15581020014
1277,2459844.7352894,252.4097123,64.541801,1,19.640600204467773,0.20767000317573547,59844.23528939998
1279,2459843.7005556,252.4096676,64.541811,1,19.46150016784668,0.15546000003814697,59843.200555600226
1280,2459843.6827431,252.4098505,64.541793,2,19.484699249267578,0.14083300530910492,59843.182743099984
1281,2459842.6974537,252.4096305,64.5418217,2,19.493600845336914,0.12494499981403351,59842.197453700006
1282,2459842.6597222,252.4098907,64.5418047,1,19.722999572753906,0.17306199669837952,59842.15972220013
1283,2459841.6665046,252.4097933,64.5418541,1,19.51219940185547,0.16678200662136078,59841.166504600085
1284,2459841.6450347,252.4098122,64.5417921,1,19.606199264526367,0.12807899713516235,59841.14503470017
1285,2459840.6978009,252.4098255,64.5418112,1,19.727699279785156,0.12589100003242493,59840.197800899856
1286,2459840.6758102,252.4098498,64.541795,1,19.581600189208984,0.13933700323104858,59840.17581020016
1287,2459839.7862963,252.4095956,64.5418664,1,19.535999298095703,0.1982479989528656,59839.286296300124
1288,2459839.676713,252.4096572,64.5418221,1,19.53019905090332,0.12347099930047989,59839.17671300005
1289,2459830.6749653,252.4096614,64.5417569,1,19.54360008239746,0.29823100566864014,59830.17496530013
1292,2459828.6566319,252.4095691,64.5419295,2,19.659299850463867,0.21241800487041473,59828.1566319
1294,2459825.7412963,252.4098579,64.5418374,1,19.752300262451172,0.20370200276374817,59825.2412963002
1295,2459825.7369907,252.40982,64.5418071,1,19.59269905090332,0.2032420039176941,59825.23699070001
1296,2459825.6749306,252.4096684,64.5418218,2,19.43429946899414,0.13284100592136383,59825.174930599984
1298,2459823.820544,252.4094038,64.5418166,1,19.578800201416016,0.20628200471401215,59823.320543999784
1300,2459823.6769907,252.4099563,64.5417607,2,19.676799774169922,0.12308599799871445,59823.176990699954
1301,2459820.6823032,252.4096281,64.5418893,1,19.72279930114746,0.2101210057735443,59820.18230320001
1302,2459818.8195718,252.4095768,64.5418465,1,20.005699157714844,0.22046099603176117,59818.319571800064
1305,2459818.701169,252.4098059,64.5417966,1,19.79640007019043,0.1449979990720749,59818.20116900001
1306,2459816.7007639,252.4096938,64.5418496,1,19.895000457763672,0.1906149983406067,59816.20076389983
1307,2459816.7002662,252.4099253,64.5418308,1,19.873600006103516,0.2403690069913864,59816.20026620012
1309,2459816.6653125,252.4098425,64.5417577,2,19.769100189208984,0.15825100243091583,59816.165312500205
1310,2459814.7871296,252.4097217,64.5417958,1,19.87310028076172,0.18135899305343628,59814.28712960007
1311,2459814.7861806,252.4097092,64.5418631,1,19.840700149536133,0.18887199461460114,59814.28618060006
1312,2459814.7397454,252.4098262,64.5418076,2,19.671100616455078,0.14108799397945404,59814.239745399915
1314,2459812.7422338,252.4096394,64.5418532,1,19.853599548339844,0.20351099967956543,59812.24223379977
1315,2459812.7412847,252.4100018,64.5418494,1,19.8164005279541,0.20717699825763702,59812.24128470011
1317,2459809.8254167,252.4095325,64.5418263,1,19.659099578857422,0.2133519947528839,59809.32541669998
1318,2459809.7901505,252.4099633,64.5417411,2,19.819299697875977,0.19784599542617798,59809.2901504999
1321,2459807.7001042,252.4097506,64.5418312,1,19.78619956970215,0.12770800292491913,59807.200104199816
1332,2459797.8270602,252.4098207,64.5417414,2,19.854799270629883,0.15508300065994263,59797.32706019981
1333,2459797.8027083,252.4095578,64.5418617,1,19.9606990814209,0.19401100277900696,59797.30270829983
1334,2459797.7894907,252.4099173,64.5418577,1,20.032800674438477,0.20381499826908112,59797.28949069977
1335,2459794.8274653,252.409743,64.5418731,1,20.13759994506836,0.27449101209640503,59794.32746529998
1342,2459790.7224653,252.4100788,64.5417234,1,20.23150062561035,0.23717300593852997,59790.2224653
1343,2459789.7803819,252.4096981,64.541818,1,20.007099151611328,0.20579999685287476,59789.28038189979
1345,2459788.805706,252.4096659,64.5418592,1,20.09830093383789,0.23103700578212738,59788.305705999956
1348,2459787.7642593,252.4096266,64.5417772,1,19.995899200439453,0.1917019933462143,59787.264259300195
1349,2459786.8075926,252.4098748,64.5418011,1,19.984699249267578,0.15726199746131897,59786.30759260012
1351,2459785.8271181,252.4098313,64.5418202,1,20.07819938659668,0.20193299651145935,59785.32711810013
1353,2459784.8446644,252.4098568,64.5417716,1,19.974899291992188,0.20885099470615387,59784.34466439998
1355,2459783.8809375,252.4099531,64.5417691,2,19.840599060058594,0.19421599805355072,59783.380937499925
1356,2459783.7991319,252.409747,64.5417383,1,20.01689910888672,0.1663690060377121,59783.29913190007
1358,2459782.7837384,252.4097767,64.5418745,1,20.216299057006836,0.2321150004863739,59782.283738399856
1359,2459781.8437037,252.4093256,64.5417353,1,19.9414005279541,0.27955201268196106,59781.34370370023
1360,2459781.7678125,252.4097632,64.5416794,1,20.1466007232666,0.2381500005722046,59781.26781249978
1377,2459770.824456,252.4096775,64.5417879,1,20.1471004486084,0.28757598996162415,59770.32445599977
1382,2459768.8455787,252.4097451,64.5418594,1,20.152299880981445,0.19719800353050232,59768.34557869984
1383,2459768.8233102,252.4096576,64.5418648,1,20.281700134277344,0.22550399601459503,59768.323310200125
1387,2459765.7812731,252.4095663,64.5418346,1,20.37660026550293,0.2484000027179718,59765.28127310006
1405,2459755.776713,252.4097814,64.5419048,1,20.424400329589844,0.24907700717449188,59755.276713000145
1428,2459708.9542593,252.4098956,64.5417126,2,19.741840362548828,0.19008499383926392,59708.45425930014
1433,2459702.9069907,252.4098887,64.5418744,2,19.767499923706055,0.16850900650024414,59702.406990699936
1434,2459702.8270833,252.4095174,64.5417993,1,19.879499435424805,0.18266600370407104,59702.32708329987
1435,2459702.8265856,252.4103908,64.5417744,1,20.004199981689453,0.18990300595760345,59702.32658560015
1437,2459700.8637847,252.4100334,64.5417369,1,20.061800003051758,0.20885400474071503,59700.36378470017
1438,2459700.8623611,252.4096916,64.541811,1,19.978599548339844,0.2094070017337799,59700.36236110004
1440,2459698.8893634,252.4099174,64.541869,2,19.85409927368164,0.24220700562000275,59698.38936340017
1441,2459697.926713,252.4096326,64.5417897,1,19.874900817871094,0.17271199822425842,59697.42671300005
1442,2459697.9123495,252.4097592,64.5417755,2,19.601699829101562,0.1702120006084442,59697.41234950023
1444,2459696.8460995,252.4103735,64.5417056,1,20.020999908447266,0.20195400714874268,59696.34609950008
1446,2459695.8889815,252.4096897,64.5418315,1,19.846900939941406,0.37348100543022156,59695.388981500175
1447,2459694.9150116,252.4099805,64.5414706,1,19.913000106811523,0.30969199538230896,59694.415011600126
1449,2459693.9487963,252.4098568,64.5417389,1,19.795299530029297,0.21619699895381927,59693.44879630022
1450,2459693.8269444,252.4097878,64.5418158,2,19.824499130249023,0.23694300651550293,59693.32694440009
1451,2459690.9259375,252.4098059,64.5417652,1,19.932899475097656,0.20196500420570374,59690.42593749985
1452,2459690.8491898,252.4098889,64.5418179,2,19.667499542236328,0.17674599587917328,59690.34918980021
1455,2459687.9546644,252.409614,64.5418325,1,19.779399871826172,0.2000489979982376,59687.45466439985
1458,2459685.8459259,252.4097542,64.541747,2,19.4778995513916,0.18914499878883362,59685.345925900154
1459,2459684.965081,252.4096118,64.5418648,1,19.687000274658203,0.29318198561668396,59684.46508099977
1463,2459682.8872801,252.4096291,64.5418465,1,19.663299560546875,0.2980549931526184,59682.387280100025
1464,2459682.8689005,252.4097618,64.542002,2,19.66230010986328,0.2513059973716736,59682.36890049977
1465,2459679.8931134,252.4098571,64.5418512,2,19.744199752807617,0.20361700654029846,59679.393113399856
1466,2459679.7860648,252.4095694,64.541857,1,19.934900283813477,0.25105100870132446,59679.286064799875
1467,2459679.7845949,252.4096887,64.541817,1,19.803499221801758,0.19785700738430023,59679.284594899975
1469,2459677.9365741,252.4100038,64.54179,2,19.702199935913086,0.1458040028810501,59677.43657410005
1471,2459677.826412,252.4099967,64.541696,1,20.053199768066406,0.3426100015640259,59677.32641200023
1473,2459675.9658449,252.4098184,64.5418286,1,20.037200927734375,0.25848498940467834,59675.46584489988
1475,2459675.9322454,252.4098366,64.5418387,2,19.829999923706055,0.21648800373077393,59675.4322453998
1476,2459675.8877662,252.4101243,64.5418309,1,20.01609992980957,0.17636999487876892,59675.38776620012
1477,2459673.9084954,252.409677,64.5419361,1,20.03510093688965,0.3001919984817505,59673.4084954001
1478,2459673.9084954,252.4096794,64.5419308,1,19.981300354003906,0.29607900977134705,59673.4084954001
1479,2459673.8655208,252.409714,64.5417923,2,19.731599807739258,0.1251869946718216,59673.3655208
1480,2459673.8655208,252.409707,64.5417883,2,19.723100662231445,0.12479499727487564,59673.3655208
1481,2459673.8442361,252.4103222,64.5418536,1,20.117900848388672,0.19854800403118134,59673.34423610009
1484,2459641.9365856,252.4097888,64.5418629,1,20.341140747070312,0.2057889997959137,59641.43658560002
1485,2459641.8922454,252.4099362,64.5417814,1,20.073400497436523,0.18990500271320343,59641.39224540023
1486,2459641.8709028,252.4098352,64.5418515,2,19.774999618530273,0.2111320048570633,59641.3709028
1488,2459640.0065856,252.4093694,64.5419172,2,19.695100784301758,0.18665699660778046,59639.506585599855
1491,2459639.8478935,252.410117,64.5417076,1,19.93549919128418,0.3016969859600067,59639.34789349977
1493,2459637.93125,252.409768,64.5417886,2,19.99720001220703,0.2152239978313446,59637.43124999991
1494,2459637.9062384,252.4097469,64.541848,2,19.888999938964844,0.2784459888935089,59637.40623839991
1496,2459631.0343981,252.4096738,64.5418173,2,19.832300186157227,0.24759499728679657,59630.53439809987
1497,2459631.0182523,252.4096765,64.5417755,2,19.865800857543945,0.20161400735378265,59630.5182523001
1499,2459630.9286806,252.4096169,64.5418689,1,20.008899688720703,0.2845050096511841,59630.42868060013
1505,2459625.930787,252.4097617,64.5417025,2,19.624500274658203,0.22824299335479736,59625.430786999874
1507,2459625.8891898,252.4096347,64.5416739,1,19.510299682617188,0.2797200083732605,59625.38918979978
1508,2459624.020544,252.4097389,64.5417893,1,19.89229965209961,0.24903899431228638,59623.52054399997
1509,2459623.951794,252.4098446,64.5417626,2,19.545799255371094,0.1727059930562973,59623.45179399988
1511,2459623.8889815,252.4094944,64.5417879,2,19.616600036621094,0.20460200309753418,59623.388981500175
1512,2459601.0311227,252.409743,64.5417365,2,19.54319953918457,0.20386900007724762,59600.531122699846
1513,2459600.9858333,252.4095969,64.5418162,2,19.447500228881836,0.20836099982261658,59600.48583329981
1514,2459600.9480671,252.4097731,64.5419005,1,19.400100708007812,0.20163099467754364,59600.44806709979
1515,2459529.6187153,252.4098497,64.5417959,1,19.515750885009766,0.18007999658584595,59529.118715300225
1516,2459527.6355324,252.4096287,64.5417714,1,19.58609962463379,0.1820169985294342,59527.135532400105
1517,2459527.6160648,252.409752,64.5418636,2,19.490999221801758,0.16509699821472168,59527.11606479995
1519,2459525.6184375,252.409748,64.5418041,1,19.6875,0.1499750018119812,59525.118437500205
1520,2459523.6560532,252.4097444,64.5418228,1,19.636999130249023,0.17744000256061554,59523.1560531999
1521,2459523.5970139,252.4097018,64.5417638,2,19.35700035095215,0.12888400256633759,59523.09701390006
1522,2459521.655,252.4098513,64.5418006,2,19.677799224853516,0.16565600037574768,59521.154999999795
1523,2459521.6208333,252.4096063,64.5418007,1,19.52869987487793,0.17259900271892548,59521.120833300054
1526,2459512.6325694,252.4098173,64.5418554,2,19.474899291992188,0.2007479965686798,59512.13256940013
1531,2459504.6994792,252.4097644,64.5416561,1,19.698699951171875,0.30731400847435,59504.199479199946
1533,2459504.6321875,252.4097472,64.5416953,2,19.40290069580078,0.21444399654865265,59504.13218750013
1534,2459502.6749769,252.4098843,64.5418216,2,19.62310028076172,0.26352500915527344,59502.17497690022
1535,2459502.655,252.4094805,64.5419751,2,19.533599853515625,0.222353994846344,59502.154999999795
1536,2459502.6339468,252.4097626,64.5418142,1,19.64229965209961,0.283488005399704,59502.13394680014
1537,2459498.6376736,252.4097752,64.541825,1,19.68429946899414,0.16486799716949463,59498.13767360011
1538,2459498.6353125,252.4096342,64.5418372,1,19.761499404907227,0.18826499581336975,59498.135312499944
1540,2459491.6403356,252.4098416,64.5417891,1,19.719999313354492,0.18497799336910248,59491.14033559989
1542,2459490.6539583,252.4098423,64.5417908,2,19.671600341796875,0.1612890064716339,59490.15395830013
1543,2459489.7028125,252.4097186,64.5417031,1,19.627399444580078,0.16744199395179749,59489.20281249983
1544,2459489.7028125,252.4097186,64.5417031,1,19.627399444580078,0.16744199395179749,59489.20281249983
1546,2459488.7253125,252.4097007,64.5418612,1,19.656700134277344,0.2175859957933426,59488.225312499795
1547,2459488.6589583,252.4096548,64.5418362,2,19.672100067138672,0.15312500298023224,59488.15895830002
1548,2459486.6854514,252.4096863,64.5418017,2,19.619600296020508,0.1824129968881607,59486.1854514
1550,2459486.6396528,252.4104937,64.5417832,1,19.997100830078125,0.241567000746727,59486.139652799815
1551,2459484.7574421,252.4098142,64.5417137,2,19.81920051574707,0.24427199363708496,59484.25744209997
1553,2459484.6799421,252.41012,64.5418527,1,20.028400421142578,0.15727399289608002,59484.17994209984
1554,2459484.678044,252.4097387,64.5418446,1,19.975200653076172,0.17815600335597992,59484.178044000175
1559,2459478.6452315,252.4097023,64.5419176,1,19.5846004486084,0.28534701466560364,59478.1452314998
1561,2459477.6573843,252.4094476,64.5418011,1,19.785400390625,0.31408199667930603,59477.15738430014
1564,2459475.7416319,252.4093434,64.5418765,1,19.51810073852539,0.2729809880256653,59475.24163189996
1567,2459473.7369676,252.4097292,64.5417812,2,19.56209945678711,0.15573400259017944,59473.23696759995
1568,2459473.7002778,252.4095156,64.5418153,1,19.798500061035156,0.1951729953289032,59473.200277800206
1569,2459470.7223958,252.4098147,64.54184,1,19.841999053955078,0.19830000400543213,59470.222395800054
1570,2459470.721412,252.4098577,64.5418128,1,19.809799194335938,0.1723410040140152,59470.22141199978
1571,2459470.6765394,252.4098958,64.5417167,2,19.603900909423828,0.1698170006275177,59470.17653940013
1574,2459468.6816667,252.4095681,64.5418214,1,19.69580078125,0.14958900213241577,59468.18166670017
1575,2459468.6802315,252.4097233,64.5418155,1,19.90559959411621,0.20546899735927582,59468.18023149995
1576,2459466.8103009,252.4096603,64.5418284,1,19.859100341796875,0.29085400700569153,59466.310300900135
1577,2459466.7226157,252.4099739,64.5418015,1,19.801599502563477,0.17879100143909454,59466.222615700215
1578,2459466.6580324,252.4097082,64.5418096,2,19.673500061035156,0.1890300065279007,59466.15803240007
1580,2459464.8054977,252.4095837,64.5418801,2,19.621999740600586,0.2009280025959015,59464.30549769988
1581,2459464.8054977,252.4095837,64.5418801,2,19.621999740600586,0.2009280025959015,59464.30549769988
1582,2459464.7860185,252.4098263,64.541818,2,19.759700775146484,0.19576600193977356,59464.286018500105
1583,2459464.7860185,252.4098263,64.541818,2,19.759700775146484,0.19576600193977356,59464.286018500105
1584,2459464.6861806,252.4096915,64.5418069,1,19.720600128173828,0.17751799523830414,59464.186180599965
1585,2459464.6861806,252.4096915,64.5418069,1,19.720600128173828,0.17751799523830414,59464.186180599965
1586,2459464.6583333,252.4098624,64.5418036,1,19.775699615478516,0.16275300085544586,59464.15833330015
1587,2459464.6583333,252.4098624,64.5418036,1,19.775699615478516,0.16275300085544586,59464.15833330015
1588,2459462.7834606,252.4096348,64.5418744,1,19.8656005859375,0.1632860004901886,59462.283460599836
1589,2459462.7820255,252.4100644,64.5418162,1,19.652099609375,0.18848499655723572,59462.2820255002
1591,2459462.718588,252.4097967,64.5418126,2,19.664100646972656,0.14906500279903412,59462.21858800016
1592,2459460.8067477,252.4098979,64.5418873,1,19.83009910583496,0.20882999897003174,59460.30674770009
1593,2459460.7797222,252.4099426,64.5418126,1,19.82939910888672,0.16136999428272247,59460.279722199775
1594,2459460.7420718,252.409873,64.541804,2,19.589399337768555,0.16948500275611877,59460.242071799934
1595,2459460.7406481,252.4100027,64.5417837,2,19.551799774169922,0.13628199696540833,59460.24064810015
1597,2459458.7033796,252.4095764,64.5416348,2,19.491600036621094,0.14414499700069427,59458.20337959984
1598,2459458.6811111,252.4096313,64.5417938,1,19.69379997253418,0.13288000226020813,59458.18111110013
1599,2459458.6656829,252.410115,64.5417396,1,19.742700576782227,0.16050000488758087,59458.16568290023
1600,2459455.7215278,252.410007,64.541776,1,19.57900047302246,0.1374949961900711,59455.221527799964
1602,2459454.8021296,252.4097211,64.5418303,2,19.222700119018555,0.11847899854183197,59454.3021296002
1603,2459454.7207407,252.409631,64.5417981,1,19.569599151611328,0.1475200057029724,59454.22074070014
1604,2459453.7908449,252.4097673,64.541818,2,19.59670066833496,0.16762199997901917,59453.29084490007
1605,2459453.6776736,252.4099399,64.5418169,1,19.56290054321289,0.1363379955291748,59453.17767360015
1606,2459452.8024074,252.409642,64.5419342,1,19.472000122070312,0.16849100589752197,59452.30240740022
1607,2459452.7177431,252.4097693,64.5418104,2,19.460899353027344,0.1770399957895279,59452.21774310013
1611,2459450.7216551,252.4095465,64.5416574,1,19.556100845336914,0.2708750069141388,59450.22165510012
1613,2459449.6850579,252.4097699,64.5418593,2,19.496299743652344,0.18898899853229523,59449.185057899915
1614,2459448.6960764,252.4093984,64.5418593,1,19.485000610351562,0.2910049855709076,59448.19607640011
1615,2459446.7900926,252.4094827,64.5419477,1,19.631200790405273,0.4054499864578247,59446.290092600044
1617,2459443.7846181,252.4096435,64.5418023,2,19.458099365234375,0.19502200186252594,59443.28461810015
1620,2459441.7592245,252.4097023,64.5417896,1,19.490400314331055,0.14671100676059723,59441.25922450004
1622,2459440.7632523,252.4096741,64.5418447,1,19.40519905090332,0.16194400191307068,59440.26325230021
1623,2459440.7632523,252.4096741,64.5418447,1,19.40519905090332,0.16194400191307068,59440.26325230021
1624,2459440.7205556,252.409682,64.5418791,2,19.287099838256836,0.14275400340557098,59440.22055559978
1625,2459440.7205556,252.409682,64.5418791,2,19.287099838256836,0.14275400340557098,59440.22055559978
1627,2459439.7212847,252.4096819,64.54182,2,19.464799880981445,0.1678909957408905,59439.22128470009
1628,2459438.7285069,252.4096882,64.5418183,1,19.388900756835938,0.16108299791812897,59438.228506899904
1629,2459438.683044,252.4097103,64.5418456,2,19.31369972229004,0.14255400002002716,59438.18304400006
1630,2459436.7595023,252.4098261,64.5418118,1,19.35700035095215,0.14324399828910828,59436.25950230006
1631,2459436.7197338,252.4098665,64.5417834,2,19.409000396728516,0.15310800075531006,59436.21973379981
1632,2459435.7441088,252.4098246,64.5418118,2,19.39310073852539,0.14478799700737,59435.244108799845
1633,2459435.6989583,252.4096557,64.5417831,1,19.371999740600586,0.1199050024151802,59435.198958300054
1634,2459434.7396759,252.4097782,64.5418417,1,19.36720085144043,0.11722400039434433,59434.23967589997
1635,2459434.6827431,252.4097254,64.5417686,2,19.37809944152832,0.14350199699401855,59434.182743099984
1636,2459430.7861921,252.4096352,64.541838,1,19.3971004486084,0.12982499599456787,59430.28619210003
1637,2459430.7443981,252.4098892,64.5418209,2,19.25670051574707,0.10385999828577042,59430.244398099836
1638,2459429.8052431,252.409818,64.5417585,1,19.382699966430664,0.09816499799489975,59429.30524310004
1639,2459428.7406713,252.4096075,64.5417904,1,19.29759979248047,0.13651199638843536,59428.24067129986
1640,2459428.7013426,252.4097833,64.5417815,2,19.356000900268555,0.15243199467658997,59428.20134259993
1641,2459427.7815625,252.4098374,64.5417717,1,19.437999725341797,0.125573992729187,59427.28156250017
1642,2459427.7199769,252.409727,64.5418039,2,19.494800567626953,0.14289699494838715,59427.219976900145
1643,2459425.8670023,252.4098457,64.5418008,1,19.159500122070312,0.16901199519634247,59425.36700229999
1644,2459425.7588542,252.409893,64.5417965,1,19.17490005493164,0.1177619993686676,59425.25885420013
1646,2459423.8517014,252.4095192,64.5417966,1,19.284299850463867,0.2001360058784485,59423.35170139978
1650,2459419.7975463,252.4097304,64.5418669,2,19.145200729370117,0.1983499974012375,59419.297546300106
1654,2459415.7766898,252.4096775,64.5417646,1,19.22610092163086,0.15118199586868286,59415.27668979997
1655,2459415.7766898,252.4096775,64.5417646,1,19.22610092163086,0.15118199586868286,59415.27668979997
1656,2459415.7766898,252.4096775,64.5417646,1,19.22610092163086,0.15118199586868286,59415.27668979997
1657,2459415.7067361,252.4097928,64.5417988,2,19.258100509643555,0.1454080045223236,59415.206736099906
1658,2459415.7067361,252.4097928,64.5417988,2,19.258100509643555,0.1454080045223236,59415.206736099906
1659,2459415.7067361,252.4097928,64.5417988,2,19.258100509643555,0.1454080045223236,59415.206736099906
1660,2459414.7896759,252.4096302,64.5418,2,19.22599983215332,0.13720199465751648,59414.28967589978
1661,2459414.7577315,252.4097263,64.5417868,1,19.233400344848633,0.1503549963235855,59414.25773150008
1662,2459412.8685995,252.4097715,64.5417782,2,19.362499237060547,0.16721999645233154,59412.36859950004
1663,2459412.8287037,252.4096502,64.5418183,1,19.124099731445312,0.13250499963760376,59412.3287037001
1664,2459411.8113889,252.4098185,64.5418065,1,19.1737003326416,0.11750300228595734,59411.31138890004
1665,2459411.7427199,252.4096926,64.5418174,2,19.06209945678711,0.08515100181102753,59411.24271989986
1666,2459410.8530093,252.4097666,64.5417785,1,19.03380012512207,0.14004699885845184,59410.35300929984
1667,2459410.7421991,252.4097703,64.5417556,2,19.170900344848633,0.11110399663448334,59410.24219910009
1668,2459409.7889352,252.4098445,64.54176,2,19.063600540161133,0.10207299888134003,59409.288935199846
1669,2459409.7435648,252.4097167,64.5418048,1,19.125900268554688,0.11885400116443634,59409.243564799894
1670,2459408.8506829,252.4097333,64.5418098,1,19.152599334716797,0.16493499279022217,59408.35068289982
1671,2459408.7424884,252.4097826,64.5417859,2,19.05299949645996,0.12259700149297714,59408.24248840008
1672,2459407.7678588,252.4097646,64.541787,1,19.166099548339844,0.10506699979305267,59407.26785880001
1673,2459406.757963,252.4097244,64.5418157,2,19.059999465942383,0.11033499985933304,59406.257962999865
1674,2459406.721088,252.4097245,64.5417778,1,19.000999450683594,0.13014400005340576,59406.22108800011
1675,2459405.8446644,252.4096988,64.5418066,2,18.93939971923828,0.14949099719524384,59405.34466439998
1676,2459405.805,252.4098024,64.5418169,1,19.174999237060547,0.15720200538635254,59405.30500000017
1677,2459404.8481134,252.4096374,64.5418161,1,19.110200881958008,0.12180700153112411,59404.34811339993
1678,2459404.8062384,252.4096445,64.5418482,2,19.06879997253418,0.09763099998235703,59404.30623839982
1679,2459403.8725926,252.4097933,64.5418291,1,19.056400299072266,0.15192599594593048,59403.37259260006
1680,2459403.8260301,252.4098348,64.5418312,2,19.112199783325195,0.08904000371694565,59403.32603010023
1681,2459402.8123958,252.4096313,64.5417952,1,19.157699584960938,0.12371800094842911,59402.312395799905
1682,2459402.7630671,252.4097473,64.5417944,2,19.14109992980957,0.12962600588798523,59402.2630671002
1683,2459401.8232986,252.4096639,64.5417169,2,19.150999069213867,0.1201149970293045,59401.32329860004
1684,2459401.756331,252.4100462,64.5418711,1,19.16950035095215,0.14028200507164001,59401.25633100001
1685,2459400.8445486,252.4097441,64.5418095,2,19.1387996673584,0.11523699760437012,59400.344548599795
1686,2459400.8084722,252.4097315,64.5418243,1,19.141399383544922,0.12212800234556198,59400.30847219983
1687,2459399.8271644,252.4097623,64.5417956,2,19.294099807739258,0.1192839965224266,59399.3271643999
1688,2459399.7869444,252.4098574,64.5417986,1,19.222200393676758,0.1084280014038086,59399.28694440005
1689,2459397.8595833,252.4097854,64.5417834,2,19.04210090637207,0.11121000349521637,59397.35958330007
1690,2459397.8088773,252.4097337,64.5417951,1,19.023700714111328,0.12285300344228745,59397.308877300005
1691,2459396.8333796,252.4096701,64.5417772,2,19.29450035095215,0.151296004652977,59396.3333796002
1692,2459396.7823495,252.4100233,64.5417405,1,19.108800888061523,0.10819999873638153,59396.282349499874
1693,2459395.7822801,252.4097617,64.5417275,1,19.02910041809082,0.19840499758720398,59395.282280100044
1694,2459394.8419329,252.4097483,64.5418238,1,19.090900421142578,0.13944199681282043,59394.341932899784
1696,2459393.8812616,252.4100386,64.5417664,2,19.239099502563477,0.10949400067329407,59393.38126160018
1697,2459393.8490509,252.4096778,64.54186,1,19.239500045776367,0.15582700073719025,59393.34905089997
1698,2459392.8445718,252.4096718,64.5417895,2,19.201799392700195,0.1292790025472641,59392.34457179997
1699,2459392.7484954,252.4097223,64.5418322,1,19.201900482177734,0.15245400369167328,59392.24849539995
1700,2459391.8095255,252.4096936,64.541828,2,19.1466007232666,0.10464499890804291,59391.30952550005
1701,2459391.728287,252.4095871,64.5418053,1,19.127700805664062,0.15171599388122559,59391.22828700021
1702,2459390.8216898,252.4095588,64.5417534,2,19.30340003967285,0.14379100501537323,59390.321689799894
1703,2459390.7667708,252.4097619,64.5417833,1,19.148099899291992,0.13787400722503662,59390.26677080011
1704,2459387.9288773,252.4096077,64.5418225,2,19.067899703979492,0.1158669963479042,59387.42887730012
1705,2459387.8461921,252.4096358,64.5418507,1,19.182899475097656,0.1583539992570877,59387.346192100085
1706,2459386.8459259,252.4096763,64.5417812,1,19.272899627685547,0.16812199354171753,59386.345925900154
1707,2459386.7184375,252.4096839,64.5417993,2,19.327600479125977,0.15858100354671478,59386.21843749983
1708,2459385.8433102,252.4099645,64.541744,2,19.18239974975586,0.17136399447917938,59385.34331020014
1709,2459385.8221181,252.4097396,64.5418651,1,19.12529945373535,0.15106000006198883,59385.32211809978
1710,2459384.8452778,252.4096852,64.5417069,2,19.361299514770508,0.1431560069322586,59384.345277800225
1711,2459383.7186343,252.4096905,64.5417935,2,19.321500778198242,0.16225400567054749,59383.218634299934
1712,2459382.8901273,252.4097722,64.5418211,1,19.42340087890625,0.17767000198364258,59382.39012729982
1713,2459382.8443634,252.4098837,64.5418271,2,19.280000686645508,0.1254190057516098,59382.34436339978
1714,2459381.8664005,252.4097469,64.5418167,2,19.29520034790039,0.2140830010175705,59381.36640049983
1716,2459380.8643634,252.4098417,64.5417932,2,19.272499084472656,0.11580999940633774,59380.3643633998
1717,2459380.803588,252.4096945,64.5416973,1,19.232999801635742,0.22730399668216705,59380.303588000126
1718,2459379.8667014,252.4097817,64.541772,2,19.353300094604492,0.12937399744987488,59379.36670139991
1719,2459379.8128009,252.4096301,64.5418148,1,19.297000885009766,0.12359300255775452,59379.31280090008
1720,2459378.8451157,252.4098376,64.5418022,1,19.493499755859375,0.14114199578762054,59378.345115699805
1721,2459378.801412,252.4097169,64.5417722,2,19.353599548339844,0.10102599859237671,59378.301411999855
1722,2459377.9045255,252.409807,64.5417453,2,19.28219985961914,0.12576499581336975,59377.40452549979
1723,2459377.8414699,252.409695,64.5418023,1,19.295700073242188,0.13703900575637817,59377.34146990022
1724,2459376.8649306,252.4097394,64.5418416,1,19.309600830078125,0.12115799635648727,59376.36493059993
1725,2459376.8063773,252.4098496,64.5417749,2,19.398500442504883,0.11841999739408493,59376.30637730006
1726,2459375.9049074,252.4096833,64.5418476,2,19.340299606323242,0.13670599460601807,59375.40490739979
1727,2459375.8732755,252.409578,64.5418274,1,19.248699188232422,0.18819500505924225,59375.37327549979
1728,2459374.9323148,252.4095167,64.5417478,2,19.29199981689453,0.2531430125236511,59374.4323148001
1729,2459374.8731134,252.4097513,64.5418006,1,19.451200485229492,0.10860700160264969,59374.37311339984
1730,2459373.9299769,252.4096511,64.5417782,1,19.442699432373047,0.15752600133419037,59373.42997690011
1731,2459373.8745718,252.4097964,64.5417845,2,19.381999969482422,0.129379004240036,59373.37457180023
1733,2459370.9098611,252.4098247,64.5417803,1,19.482099533081055,0.13485699892044067,59370.409861099906
1734,2459370.8859722,252.4099008,64.5418398,1,19.54829978942871,0.11907000094652176,59370.38597219996
1735,2459370.8598843,252.4097683,64.5417538,2,19.41230010986328,0.15071600675582886,59370.3598842998
1736,2459370.8453472,252.4097699,64.541783,2,19.59760093688965,0.12682099640369415,59370.345347200055
1737,2459368.894375,252.4098029,64.5417531,2,19.640199661254883,0.17667199671268463,59368.39437500015
1738,2459368.8938889,252.4099171,64.5417636,2,19.546600341796875,0.1347389966249466,59368.39388890006
1739,2459368.8516667,252.4097063,64.5417972,1,19.55340003967285,0.16420400142669678,59368.351666700095
1740,2459368.8498032,252.4101187,64.5418009,1,19.656299591064453,0.16225799918174744,59368.34980319999
1741,2459366.8638657,252.4097512,64.5418079,2,19.771400451660156,0.1512800008058548,59366.363865700085
1742,2459366.7986458,252.4096625,64.541807,1,19.486499786376953,0.16750800609588623,59366.29864579998
1743,2459365.956713,252.409439,64.5418037,1,19.524599075317383,0.14304900169372559,59365.45671299985
1744,2459365.9017708,252.4097116,64.5417416,2,19.662500381469727,0.156140998005867,59365.40177079989
1745,2459364.8642593,252.4096885,64.5418383,1,19.420799255371094,0.16553199291229248,59364.36425929982
1746,2459364.8472917,252.4097432,64.5417764,2,19.451099395751953,0.14816699922084808,59364.347291700076
1747,2459363.8792361,252.4096566,64.5417817,2,19.739500045776367,0.18739600479602814,59363.379236099776
1748,2459363.7826389,252.4097427,64.5418412,1,19.533000946044922,0.18163199722766876,59363.28263889998
1750,2459362.7859375,252.4098165,64.5417871,2,19.516300201416016,0.2298779934644699,59362.285937500186
1751,2459361.8844907,252.4096146,64.541778,2,19.51849937438965,0.17269399762153625,59361.38449069997
1752,2459361.8236458,252.409532,64.5418686,1,19.687400817871094,0.2163279950618744,59361.32364579989
1753,2459359.8891898,252.4097694,64.5418171,2,19.249799728393555,0.18776200711727142,59359.38918979978
1754,2459359.7973264,252.4097961,64.5418222,1,19.405000686645508,0.22794599831104279,59359.297326399945
1755,2459358.9359722,252.40983,64.5419185,1,19.572399139404297,0.2375209927558899,59358.435972199775
1757,2459356.8656597,252.4097725,64.5417641,2,19.611400604248047,0.23943400382995605,59356.365659699775
1758,2459356.8083565,252.4096158,64.5418479,1,19.623699188232422,0.21264800429344177,59356.30835650023
1761,2459353.8664815,252.4098094,64.5417813,1,19.679399490356445,0.17583300173282623,59353.36648150021
1762,2459353.8295718,252.4096616,64.5418648,2,19.542299270629883,0.1511099934577942,59353.32957179984
1763,2459352.8087384,252.409874,64.5418009,2,19.581600189208984,0.12587399780750275,59352.30873840023
1764,2459349.8934606,252.4097236,64.5418306,1,19.779199600219727,0.15807299315929413,59349.39346060017
1768,2459347.9283681,252.4096947,64.5418069,1,19.694700241088867,0.17327000200748444,59347.428368099965
1769,2459347.8674769,252.4098984,64.5417703,2,19.65239906311035,0.17107999324798584,59347.36747690011
1770,2459345.9523727,252.4098711,64.5417886,2,19.63800048828125,0.18039299547672272,59345.452372699976
1771,2459345.9495255,252.41003,64.5417904,2,19.693700790405273,0.15820400416851044,59345.44952550018
1772,2459345.9135417,252.4100335,64.5417529,1,19.83799934387207,0.1777610033750534,59345.413541700225
1773,2459345.910081,252.4097055,64.5418855,1,19.660499572753906,0.19451600313186646,59345.41008100007
1774,2459343.8909722,252.4096922,64.5418584,1,19.633100509643555,0.13196200132369995,59343.39097219985
1775,2459343.8600231,252.4096313,64.5418167,2,19.65570068359375,0.16034600138664246,59343.36002309993
1776,2459343.8241319,252.4096445,64.5417955,2,19.722000122070312,0.20856399834156036,59343.32413189998
1777,2459343.7853935,252.4101683,64.5418177,1,19.77359962463379,0.1531199961900711,59343.28539349977
1778,2459341.9358681,252.4097561,64.541746,2,19.761999130249023,0.1657949984073639,59341.4358680998
1779,2459341.8242245,252.4106245,64.5417889,1,19.879499435424805,0.18853899836540222,59341.324224499986
1782,2459339.8649074,252.4100052,64.5417583,1,19.7362003326416,0.1566690057516098,59339.36490740022
1783,2459339.8460301,252.4099077,64.5417882,2,19.580400466918945,0.16419200599193573,59339.34603009978
1784,2459339.8247106,252.4097613,64.5417609,2,19.720500946044922,0.1550319939851761,59339.32471060008
1785,2459336.9225463,252.4095498,64.5418764,1,19.68779945373535,0.22308200597763062,59336.422546300106
1786,2459336.9225463,252.4095498,64.5418764,1,19.68779945373535,0.22308200597763062,59336.422546300106
1787,2459336.9087731,252.4097095,64.5418313,1,19.691539764404297,0.163332998752594,59336.4087731
1788,2459336.9087731,252.4097095,64.5418313,1,19.691499710083008,0.163332998752594,59336.4087731
1789,2459336.9087731,252.4097095,64.5418313,1,19.691499710083008,0.163332998752594,59336.4087731
1790,2459336.8672454,252.4097079,64.5418373,2,19.667600631713867,0.17981000244617462,59336.36724539986
1791,2459336.8672454,252.4097079,64.5418373,2,19.667600631713867,0.17981000244617462,59336.36724539986
1792,2459336.8672454,252.4097079,64.5418373,2,19.667600631713867,0.17981000244617462,59336.36724539986
1793,2459336.8644213,252.4100246,64.5418073,2,19.706300735473633,0.13798999786376953,59336.364421300124
1794,2459336.8644213,252.4100246,64.5418073,2,19.706300735473633,0.13798999786376953,59336.364421300124
1795,2459336.8644213,252.4100246,64.5418073,2,19.706300735473633,0.13798999786376953,59336.364421300124
1796,2459334.8677199,252.4098962,64.5418421,2,19.585800170898438,0.13421699404716492,59334.36771989986
1797,2459334.8662963,252.4099021,64.5417683,2,19.665199279785156,0.17312900722026825,59334.3662963002
1798,2459334.7472685,252.4096346,64.5417928,1,19.832599639892578,0.19745199382305145,59334.24726849981
1799,2459334.7458218,252.4098874,64.5418366,1,19.695199966430664,0.1863110065460205,59334.24582180008
1801,2459328.8408102,252.4095821,64.5418482,1,19.66939926147461,0.19021600484848022,59328.3408102002
1804,2459324.8889699,252.4096772,64.5418388,1,19.866199493408203,0.15837299823760986,59324.38896990009
1805,2459324.8745139,252.4099046,64.5418929,1,20.080900192260742,0.24615800380706787,59324.37451389991
1806,2459324.7851736,252.4097784,64.541777,2,19.792499542236328,0.1840980052947998,59324.285173600074
1807,2459324.7851736,252.4097784,64.541777,2,19.792499542236328,0.1840980052947998,59324.285173600074
1808,2459324.7851736,252.4097784,64.541777,2,19.792499542236328,0.1840980052947998,59324.285173600074
1810,2459322.8465509,252.4096841,64.5418138,1,19.89579963684082,0.17216600477695465,59322.34655090002
1811,2459322.8455903,252.410031,64.5418136,1,19.952999114990234,0.15897800028324127,59322.34559029993
1812,2459322.8028588,252.4098452,64.5418076,2,20.056900024414062,0.16047599911689758,59322.30285880016
1815,2459320.9487847,252.4093569,64.5417888,1,20.13800048828125,0.20340299606323242,59320.44878470013
1816,2459319.9257755,252.4102671,64.541781,1,20.219600677490234,0.22553899884223938,59319.425775500014
1819,2459317.969919,252.4097397,64.5418114,1,20.06060028076172,0.18255099654197693,59317.46991899982
1820,2459317.9304282,252.4098816,64.5417507,2,20.027599334716797,0.152305006980896,59317.430428199936
1822,2459316.8661921,252.4108633,64.5417565,1,20.378299713134766,0.24199099838733673,59316.366192100104
1825,2459315.8195718,252.4096923,64.5418398,1,20.33769989013672,0.23043400049209595,59315.319571800064
1827,2459314.9077546,252.4103018,64.5418055,1,19.931299209594727,0.21741899847984314,59314.40775460005
1828,2459313.9708796,252.4094527,64.541754,1,20.096399307250977,0.20517699420452118,59313.47087959992
1829,2459313.9473032,252.4098272,64.5418307,2,19.850099563598633,0.20653000473976135,59313.44730320014
1831,2459312.8461574,252.4098863,64.5417471,1,20.43160057067871,0.3208490014076233,59312.34615739994
1832,2459311.9847569,252.4098655,64.5417638,2,19.8169002532959,0.17586199939250946,59311.4847569
1833,2459311.9486111,252.4097337,64.5418508,1,20.385499954223633,0.17316700518131256,59311.448611100204
1834,2459310.8871065,252.4103932,64.5417678,1,20.34589958190918,0.30018800497055054,59310.3871065001
1836,2459309.9886458,252.4100422,64.5418352,2,19.972900390625,0.2903189957141876,59309.488645799924
1837,2459309.8641898,252.4097612,64.5418572,1,20.08489990234375,0.22001999616622925,59309.364189799875
1839,2459308.8885069,252.4100917,64.5418187,1,20.027099609375,0.20497900247573853,59308.38850690005
1840,2459307.9370486,252.4097172,64.5417712,1,19.97330093383789,0.15044599771499634,59307.437048600055
1843,2459306.8438773,252.4097554,64.5418243,1,19.84160041809082,0.1838269978761673,59306.343877300154
1852,2459300.9527199,252.409261,64.5417591,2,19.34630012512207,0.22859600186347961,59300.452719899826
1854,2459297.9293866,252.4098425,64.5418603,2,19.772199630737305,0.20752400159835815,59297.42938659992
1855,2459297.9108102,252.4097453,64.5418777,2,19.664100646972656,0.2351289987564087,59297.41081020003
1858,2459295.9103588,252.4098518,64.5417478,2,19.79330062866211,0.24551400542259216,59295.41035880009
1861,2459294.8225116,252.409708,64.5417789,2,19.629600524902344,0.23164500296115875,59294.322511599865
1862,2459292.9736343,252.409743,64.5417881,2,19.854900360107422,0.14998100697994232,59292.47363429982
1863,2459292.9555903,252.4096802,64.5417815,1,19.98579978942871,0.21119999885559082,59292.455590299796
1864,2459290.9310764,252.4101926,64.5417648,1,19.948299407958984,0.23513799905776978,59290.43107639998
1865,2459290.8844097,252.4098516,64.5417611,2,19.9419002532959,0.1851930022239685,59290.384409700055
1866,2459283.0135417,252.4097467,64.5417325,2,19.56399917602539,0.11184900254011154,59282.51354169985
1867,2459279.0208102,252.4096039,64.541727,1,19.64459991455078,0.19003400206565857,59278.5208101999
1869,2459278.9946644,252.4097179,64.5418027,2,19.38629913330078,0.15924400091171265,59278.494664399885
1870,2459278.9706597,252.4096748,64.5418135,2,19.543699264526367,0.1584399938583374,59278.47065970022
1871,2459276.0093519,252.4097446,64.5418494,2,19.36549949645996,0.1478790044784546,59275.50935189985
1872,2459275.9772917,252.4099235,64.5418849,1,19.472000122070312,0.17793799936771393,59275.477291699965
1874,2459273.9745023,252.4098785,64.541739,2,19.1466007232666,0.16015200316905975,59273.47450229991
1876,2459271.9755208,252.4098098,64.5416771,2,19.09749984741211,0.20871800184249878,59271.47552079987
1878,2459271.9305093,252.4096321,64.5416951,1,19.236900329589844,0.249222993850708,59271.43050929997
1880,2459269.9910648,252.4095809,64.5418002,1,19.310100555419922,0.1296910047531128,59269.49106479995
1881,2459269.8881134,252.4096327,64.5417672,2,19.30389976501465,0.16054800152778625,59269.38811339997
1883,2459268.0346644,252.4098542,64.5418054,1,19.48240089416504,0.15568499267101288,59267.53466439992
1884,2459267.9122222,252.4100355,64.5418928,2,19.244199752807617,0.13277499377727509,59267.41222220007
1885,2459267.9089005,252.4094836,64.5417014,2,19.422500610351562,0.22584499418735504,59267.40890049981
1886,2459267.8699537,252.4096319,64.5418658,1,19.512699127197266,0.2703559994697571,59267.369953699876
1887,2459266.0314236,252.409804,64.541867,2,19.37030029296875,0.13715499639511108,59265.531423599925
1888,2459265.9306134,252.4098487,64.541861,1,19.439899444580078,0.16429199278354645,59265.43061339995
1889,2459265.9291898,252.4104106,64.5416719,1,19.487499237060547,0.2557620108127594,59265.42918979982
1890,2459265.8677662,252.4098953,64.5417846,2,19.355899810791016,0.1440809965133667,59265.3677662001
1891,2459263.0347801,252.4095914,64.541847,1,19.516000747680664,0.16281099617481232,59262.53478009999
1892,2459263.033831,252.41051,64.5418209,1,19.636999130249023,0.19753000140190125,59262.53383099986
1893,2459262.992963,252.4099561,64.5418506,2,19.26569938659668,0.11931099742650986,59262.4929630002
1894,2459262.9895718,252.4096421,64.5418178,2,19.37470054626465,0.16475500166416168,59262.48957179999
1895,2459259.0172338,252.4098382,64.5418359,1,19.511899948120117,0.17161500453948975,59258.51723380014
1896,2459259.0138542,252.4096765,64.5417977,1,19.537500381469727,0.15905599296092987,59258.51385420002
1897,2459256.0356829,252.4096836,64.5418147,1,19.39389991760254,0.12433899939060211,59255.53568289988
1898,2459255.9316782,252.4095002,64.5417955,2,19.442399978637695,0.11083000153303146,59255.43167820014
1902,2459254.0364005,252.4096571,64.5418236,1,19.306800842285156,0.12645399570465088,59253.53640050022
1903,2459254.0133681,252.4096656,64.5418295,2,19.249300003051758,0.11838600039482117,59253.51336809993
1904,2459253.0421181,252.4097332,64.5417846,1,19.358299255371094,0.11147700250148773,59252.542118099984
1905,2459253.0102083,252.4098091,64.5418233,2,19.338499069213867,0.0865669995546341,59252.51020829985
1906,2459252.0323958,252.4098286,64.5418207,1,19.35770034790039,0.15544700622558594,59251.53239580011
1907,2459251.9967245,252.4096947,64.5418432,2,19.30699920654297,0.13312500715255737,59251.496724499855
1908,2459251.0331713,252.4097622,64.5417975,2,19.26460075378418,0.13734200596809387,59250.533171299845
1909,2459250.9920255,252.4098182,64.5418571,1,19.273799896240234,0.1330450028181076,59250.49202550016
1910,2459250.0357523,252.4096112,64.5417654,1,19.20549964904785,0.11542399972677231,59249.53575230017
1911,2459249.9963773,252.4097506,64.5418214,2,19.25629997253418,0.1539130061864853,59249.496377300005
1912,2459249.0285764,252.4096486,64.5418023,2,19.297500610351562,0.1340080052614212,59248.52857640013
1913,2459249.0183681,252.4096894,64.5418132,1,19.224000930786133,0.12455400079488754,59248.518368099816
1914,2459233.034838,252.4096894,64.5418384,1,19.08060073852539,0.10089399665594101,59232.53483799985
1915,2459232.9926852,252.4097552,64.541805,2,19.05699920654297,0.10099700093269348,59232.49268520018
1916,2459232.0336227,252.4097323,64.5417721,2,19.299800872802734,0.094480000436306,59231.53362269979
1917,2459231.9501505,252.409658,64.541796,1,19.09320068359375,0.08973900228738785,59231.45015050005
1918,2459231.0284375,252.4097268,64.5417697,2,19.09670066833496,0.11454799771308899,59230.52843749989
1919,2459230.9949653,252.4096353,64.5418403,1,19.066200256347656,0.11572899669408798,59230.494965299964
1921,2459229.9754861,252.4103461,64.5417656,1,19.063100814819336,0.20131400227546692,59229.475486100186
1922,2459229.0115278,252.4096173,64.5418253,1,19.099599838256836,0.10688000172376633,59228.5115278
1923,2459228.0135301,252.4098598,64.5417458,2,19.096500396728516,0.1257230043411255,59227.51353010023
1924,2459227.9760764,252.4098707,64.5418116,1,19.117399215698242,0.14949500560760498,59227.47607639991
1925,2459227.0330903,252.4098336,64.5418347,1,19.20009994506836,0.12321899831295013,59226.53309029993
1926,2459227.0089468,252.4096373,64.5417301,2,19.287900924682617,0.15721899271011353,59226.50894680014
1927,2459225.9712731,252.4098702,64.5418687,1,19.109500885009766,0.20187200605869293,59225.4712731
1928,2459224.0554745,252.4097034,64.5417693,1,19.18869972229004,0.14583000540733337,59223.55547450017
1929,2459224.0327546,252.4098631,64.5418017,1,19.205299377441406,0.12761500477790833,59223.53275460005
1930,2459224.0101157,252.4098529,64.5417479,2,19.027099609375,0.1264760047197342,59223.51011569984
1931,2459224.0091551,252.4097669,64.5417508,2,18.90690040588379,0.14295999705791473,59223.50915510021
1932,2459222.0354977,252.4096301,64.5418476,2,19.108400344848633,0.17837299406528473,59221.535497699864
1933,2459221.9919907,252.4094542,64.5417828,1,19.025800704956055,0.128929004073143,59221.4919906999
1934,2459220.0370486,252.4099092,64.5418335,1,19.05620002746582,0.21088799834251404,59219.53704860015
1935,2459219.9970255,252.4098642,64.5418045,2,19.120899200439453,0.13750599324703217,59219.49702550005
1936,2459218.0314236,252.4095287,64.5417977,1,18.9601993560791,0.19410599768161774,59217.531423599925
1937,2459217.9956713,252.4095143,64.5418322,2,19.03260040283203,0.10267899930477142,59217.49567130022
1938,2459216.0279282,252.4099086,64.5416929,2,18.972900390625,0.26585400104522705,59215.527928200085
1939,2459216.0184259,252.4098,64.5416753,1,18.927200317382812,0.26193898916244507,59215.51842590002
1940,2459164.6372801,252.4097451,64.541787,2,18.878000259399414,0.1419609934091568,59164.137280100025
1941,2459157.6593634,252.4096427,64.5417933,1,19.28499984741211,0.18984700739383698,59157.15936340019
1942,2459153.6413889,252.40969,64.5417495,1,19.396900177001953,0.2767769992351532,59153.14138890011
1943,2459153.6390278,252.4095899,64.5418924,1,19.37529945373535,0.2379170060157776,59153.139027799945
1944,2459153.5988194,252.409673,64.5418419,2,19.37619972229004,0.14891000092029572,59153.098819400184
1945,2459153.5974074,252.4097631,64.5418199,2,19.087499618530273,0.1599320024251938,59153.09740740014
1946,2459151.635706,252.4096844,64.5418414,1,19.619800567626953,0.2813040018081665,59151.13570600003
1947,2459151.6347569,252.409551,64.5416999,1,19.54050064086914,0.29156699776649475,59151.134756899904
1948,2459151.5929398,252.4096464,64.5418569,2,19.369800567626953,0.1990630030632019,59151.09293980012
1949,2459151.5915162,252.4095824,64.5418509,2,19.4419002532959,0.16861799359321594,59151.09151619999
1950,2459149.5940394,252.4092308,64.5417858,2,19.305599212646484,0.1903569996356964,59149.09403940011
1951,2459149.5926273,252.4095032,64.5420073,2,19.5226993560791,0.22040599584579468,59149.09262729995
1952,2459145.6410532,252.4096694,64.5418106,1,19.36829948425293,0.1659650057554245,59145.14105319977
1953,2459145.6114583,252.4097877,64.5417752,2,19.255300521850586,0.13715000450611115,59145.11145830015
1954,2459144.6385995,252.4097383,64.5417685,1,19.290700912475586,0.1412390023469925,59144.13859950006
1955,2459143.6584144,252.4096989,64.5417745,1,19.394500732421875,0.16736599802970886,59143.15841440018
1956,2459142.6370718,252.4097559,64.5418209,2,19.3523006439209,0.11214400082826614,59142.13707179995
1957,2459142.6370718,252.4097559,64.5418209,2,19.3523006439209,0.11214400082826614,59142.13707179995
1958,2459142.6203704,252.409808,64.5418429,1,19.40169906616211,0.1473589986562729,59142.12037040014
1959,2459142.6203704,252.409808,64.5418429,1,19.40169906616211,0.1473589986562729,59142.12037040014
1960,2459141.6998264,252.4095999,64.5418115,1,19.430400848388672,0.17120599746704102,59141.199826399796
1961,2459141.6179398,252.4098983,64.541752,2,19.15530014038086,0.18738900125026703,59141.117939800024
1962,2459140.6645255,252.4098227,64.5418258,1,19.350200653076172,0.12256000190973282,59140.16452550003
1963,2459140.6234491,252.4097592,64.5418328,2,19.380800247192383,0.12564900517463684,59140.12344910018
1964,2459139.6777083,252.409596,64.5418096,1,19.40519905090332,0.1574849933385849,59139.17770829983
1965,2459139.6365741,252.4097085,64.541792,2,19.308300018310547,0.15382599830627441,59139.13657409977
1966,2459137.6570949,252.4095694,64.5418424,1,19.318199157714844,0.14677800238132477,59137.15709490003
1967,2459137.6542477,252.409808,64.5417989,1,19.42289924621582,0.13748599588871002,59137.15424769977
1968,2459137.6169097,252.4097791,64.5418126,2,19.154499053955078,0.14137400686740875,59137.11690969998
1969,2459135.7207986,252.4095181,64.5417011,1,19.300899505615234,0.16680699586868286,59135.2207986
1970,2459135.6747917,252.4096317,64.5417639,2,19.21739959716797,0.11302100121974945,59135.17479170021
1972,2459135.5944444,252.409749,64.5418172,1,19.2549991607666,0.13318400084972382,59135.094444400165
1973,2459130.6820833,252.4096426,64.5417822,1,19.263599395751953,0.1398259997367859,59130.18208329985
1974,2459130.6783218,252.410105,64.5417778,1,19.289499282836914,0.1271670013666153,59130.178321800195
1975,2459130.6393056,252.4096836,64.5417613,2,19.146099090576172,0.12182000279426575,59130.139305599965
1976,2459128.739919,252.409729,64.5418634,2,19.002700805664062,0.15305200219154358,59128.23991899984
1977,2459128.6747454,252.4096337,64.5418328,1,19.05389976501465,0.13382500410079956,59128.17474539997
1978,2459128.6547106,252.4097163,64.541801,1,19.203699111938477,0.14858700335025787,59128.15471060015
1979,2459126.7005787,252.40975,64.54186,1,19.054399490356445,0.1619269996881485,59126.20057869982
1980,2459126.6799884,252.4096742,64.5417724,2,19.064599990844727,0.13854199647903442,59126.17998840008
1981,2459124.740162,252.409703,64.5417541,2,19.154399871826172,0.1852789968252182,59124.24016200006
1982,2459124.6337847,252.409642,64.5417981,1,19.02989959716797,0.17059500515460968,59124.133784700185
1983,2459113.6864236,252.4097593,64.5418034,1,18.994400024414062,0.121629998087883,59113.186423600186
1984,2459113.6342708,252.4096569,64.5417411,2,18.85540008544922,0.10248500108718872,59113.13427079981
1985,2459112.6798032,252.4098677,64.5417872,2,19.105199813842773,0.09818799793720245,59112.179803200066
1986,2459112.657419,252.4096745,64.5418379,1,19.14940071105957,0.14887799322605133,59112.15741899982
1987,2459111.7404745,252.4098253,64.541773,2,19.093799591064453,0.13281400501728058,59111.24047450023
1988,2459111.6427894,252.4096363,64.5418032,1,19.07469940185547,0.12500600516796112,59111.14278940018
1989,2459110.6603472,252.4097133,64.5418051,1,18.991300582885742,0.15939399600028992,59110.1603472
1990,2459110.644213,252.4097756,64.5417752,2,19.047800064086914,0.13194799423217773,59110.14421299985
1991,2459109.6937269,252.4097997,64.541767,1,19.009599685668945,0.14920100569725037,59109.193726900034
1992,2459109.6514005,252.4097618,64.5418094,2,19.06439971923828,0.1568630039691925,59109.15140049998
1993,2459108.7780324,252.4097368,64.5417812,1,19.140300750732422,0.21544399857521057,59108.27803240018
1994,2459107.6571412,252.4096355,64.5418069,1,18.938600540161133,0.18422900140285492,59107.1571411998
1995,2459107.6398495,252.4097665,64.5418261,2,19.128000259399414,0.17641599476337433,59107.1398494998
1996,2459106.6922338,252.4094773,64.5417799,2,19.115400314331055,0.15583699941635132,59106.19223379996
1997,2459106.6741782,252.4097383,64.5418171,1,19.295700073242188,0.2071709930896759,59106.17417819984
1998,2459099.7232523,252.409745,64.5418237,2,18.904499053955078,0.11112400144338608,59099.22325230017
1999,2459099.6970255,252.4096231,64.5417729,2,19.104799270629883,0.09845499694347382,59099.19702549977
2000,2459099.6780787,252.4097761,64.5417605,1,19.086599349975586,0.11243800073862076,59099.17807869986
2001,2459099.6592361,252.4097163,64.541809,1,19.125699996948242,0.09804599732160568,59099.15923610004
2002,2459098.716713,252.4096855,64.5417887,1,19.023000717163086,0.1677049994468689,59098.21671300009
2003,2459098.6741435,252.4098173,64.5417417,2,19.059600830078125,0.10776499658823013,59098.17414350016
2005,2459096.681088,252.4096657,64.5418086,1,19.005399703979492,0.14015500247478485,59096.18108800007
2006,2459095.7003472,252.4095782,64.5417488,1,19.024700164794922,0.15459200739860535,59095.200347200036
2007,2459095.6993981,252.4096343,64.5418288,1,19.023500442504883,0.20144499838352203,59095.19939809991
2008,2459095.6615162,252.4096589,64.5417627,2,18.94849967956543,0.1254190057516098,59095.16151619982
2009,2459095.6591319,252.4096958,64.5418006,2,18.976600646972656,0.12621299922466278,59095.15913189994
2010,2459094.804213,252.4095788,64.5417094,2,19.1387996673584,0.20477600395679474,59094.304212999996
2011,2459094.7835764,252.4097049,64.5418034,2,18.921600341796875,0.13313600420951843,59094.28357640002
2012,2459094.6973495,252.4096423,64.5418261,1,19.1018009185791,0.1890379935503006,59094.19734949991
2013,2459094.6794329,252.409744,64.5418184,1,19.28230094909668,0.21268300712108612,59094.17943290016
2014,2459093.701169,252.4096822,64.5418307,2,19.02239990234375,0.12193500250577927,59093.20116900001
2015,2459093.7002199,252.4096652,64.5418197,2,19.142900466918945,0.19312800467014313,59093.20021989988
2016,2459093.6776736,252.4096399,64.5417314,1,19.091999053955078,0.14151999354362488,59093.17767360015
2017,2459093.6589352,252.4097944,64.54183,1,18.982999801635742,0.12871399521827698,59093.15893519996
2019,2459090.8397338,252.4096242,64.5417899,1,18.922700881958008,0.18165500462055206,59090.33973379992
2020,2459090.6877894,252.4097453,64.5417803,2,19.001399993896484,0.13940100371837616,59090.18778940011
2021,2459073.7486458,252.4097068,64.5417812,1,18.869699478149414,0.07836200296878815,59073.248645800166
2022,2459073.7477083,252.4097008,64.5417937,1,18.81570053100586,0.08235900104045868,59073.24770830013
2023,2459073.7054282,252.4097002,64.5417867,2,18.845600128173828,0.08617900311946869,59073.20542819984
2024,2459073.7024884,252.4097921,64.5417832,2,18.745899200439453,0.090549997985363,59073.20248840004
2025,2459072.7039005,252.4096815,64.5417942,2,18.80660057067871,0.08976300060749054,59072.2039005002
2026,2459071.8245602,252.40963,64.5418036,2,18.82830047607422,0.11622399836778641,59071.324560199864
2027,2459070.8226736,252.4097716,64.5418061,1,18.80739974975586,0.09889300167560577,59070.32267360017
2029,2459070.7496644,252.4097379,64.5418002,1,18.861600875854492,0.10297399759292603,59070.24966439977
2030,2459070.7033565,252.4097585,64.5418135,2,18.948200225830078,0.09299899637699127,59070.203356499784
2031,2459070.7028704,252.4097386,64.5417922,2,18.879499435424805,0.0946279987692833,59070.20287040016
2032,2459069.8051852,252.4096965,64.5418009,1,18.823999404907227,0.10775700211524963,59069.30518520018
2033,2459069.750463,252.4096793,64.5418057,2,18.78059959411621,0.10123500227928162,59069.25046300003
2034,2459068.7602778,252.4097462,64.5417895,2,18.809999465942383,0.1051660031080246,59068.260277799796
2035,2459068.7233333,252.4096622,64.5418204,1,18.784400939941406,0.12029699981212616,59068.22333330009
2036,2459067.7831481,252.4096676,64.5418189,2,18.81170082092285,0.10005400329828262,59067.283148100134
2037,2459067.7812616,252.40969,64.5418287,2,18.77720069885254,0.0879179984331131,59067.28126160009
2038,2459067.7172685,252.409644,64.5418141,1,18.844100952148438,0.10664500296115875,59067.21726850001
2039,2459066.8060648,252.4095158,64.5418021,1,19.03700065612793,0.16671699285507202,59066.306064799894
2040,2459066.8023148,252.4096776,64.541826,1,18.88330078125,0.11483500152826309,59066.30231480021
2041,2459066.7501736,252.4097116,64.5418089,2,18.7593994140625,0.13923799991607666,59066.250173599925
2042,2459065.8250579,252.4095772,64.54182,2,18.842199325561523,0.13878299295902252,59065.325057900045
2043,2459065.8241088,252.4095484,64.5417762,2,18.809099197387695,0.1543470025062561,59065.32410879992
2044,2459065.7416667,252.4096454,64.5417796,1,18.789600372314453,0.16266000270843506,59065.241666700225
2045,2459065.7157523,252.409583,64.5418003,1,18.790199279785156,0.1601240038871765,59065.215752299875
2046,2459064.8580208,252.409869,64.541863,2,18.671499252319336,0.1805720031261444,59064.358020800166
2047,2459064.8017708,252.4095749,64.5418335,2,18.741199493408203,0.15138299763202667,59064.30177079979
2048,2459064.8003241,252.409723,64.5417746,2,18.847999572753906,0.12301699817180634,59064.30032410007
2049,2459064.7267014,252.409495,64.5418505,1,18.738300323486328,0.15299299359321594,59064.22670139978
2050,2459064.7257292,252.4095109,64.5418671,1,18.895299911499023,0.19512900710105896,59064.22572920006
2051,2459063.8455787,252.409673,64.5417711,2,18.65220069885254,0.1000560000538826,59063.34557869984
2052,2459063.7883565,252.4097446,64.5417572,2,18.74329948425293,0.08832500129938126,59063.28835650021
2053,2459063.7874074,252.4097756,64.5417989,2,19.07509994506836,0.16598999500274658,59063.28740740009
2054,2459063.7712731,252.4097352,64.541835,1,18.840999603271484,0.13179199397563934,59063.27127309982
2055,2459063.7679514,252.4096581,64.541814,1,18.848499298095703,0.13344800472259521,59063.26795140002
2056,2459062.8627431,252.4097124,64.5418213,1,18.755199432373047,0.13635499775409698,59062.36274310015
2057,2459062.8455787,252.4096692,64.5418295,1,18.794599533081055,0.10186400264501572,59062.34557869984
2058,2459062.7411227,252.4096848,64.5417855,2,18.857799530029297,0.12298499792814255,59062.24112269981
2059,2459062.736875,252.4097332,64.5418324,2,18.89579963684082,0.12406899780035019,59062.236874999944
2060,2459061.7950926,252.4097497,64.5418041,2,18.918100357055664,0.13768599927425385,59061.29509259993
2061,2459059.8832292,252.4097837,64.5418191,1,18.741500854492188,0.1034569963812828,59059.3832291998
2062,2459059.8397338,252.4097218,64.5418114,2,18.800199508666992,0.07495299726724625,59059.33973379992
2063,2459057.828044,252.4096691,64.541791,2,18.82740020751953,0.1047699972987175,59057.32804400008
2064,2459057.8256944,252.4097497,64.5418179,2,18.780899047851562,0.07865899801254272,59057.325694399886
2065,2459057.7609606,252.4097988,64.5418075,1,18.861099243164062,0.10332199931144714,59057.26096059987
2066,2459057.7590394,252.4096103,64.5418462,1,18.85070037841797,0.11148200184106827,59057.259039400145
2067,2459056.8463889,252.409841,64.5418387,2,18.74839973449707,0.09108199924230576,59056.34638890019
2068,2459056.8445023,252.4097192,64.5418038,2,18.718799591064453,0.11422599852085114,59056.344502300024
2069,2459056.7792708,252.4096449,64.5417968,1,18.917499542236328,0.10383100062608719,59056.27927079983
2070,2459056.763912,252.4098645,64.5417961,1,18.856199264526367,0.08626499772071838,59056.26391200023
2071,2459055.8323727,252.4096436,64.5417907,2,18.893800735473633,0.10558100044727325,59055.332372699864
2072,2459055.8309606,252.4099239,64.541778,2,18.912500381469727,0.09205000102519989,59055.33096060017
2073,2459055.8049074,252.4098266,64.541776,1,18.802499771118164,0.07991500198841095,59055.30490740016
2074,2459055.8039583,252.4096855,64.5418124,1,18.801599502563477,0.08258499950170517,59055.303958300035
2075,2459054.8440856,252.4097033,64.5417782,2,18.818899154663086,0.0975319966673851,59054.34408560023
2076,2459054.8417361,252.4098829,64.5418071,2,18.765199661254883,0.08292900025844574,59054.34173610015
2077,2459054.7828125,252.4097046,64.541812,1,18.757200241088867,0.10989599674940109,59054.28281249991
2078,2459054.7608333,252.4098527,64.5418122,1,18.818300247192383,0.09131599962711334,59054.260833300184
2079,2459053.8496412,252.4096591,64.5418141,1,18.775400161743164,0.08550599962472916,59053.349641200155
2080,2459053.8444907,252.4099417,64.5417812,1,18.9060001373291,0.0894550010561943,59053.344490699936
2081,2459053.8277894,252.4097223,64.54179,2,18.94409942626953,0.08311600238084793,59053.32778939977
2082,2459053.8047685,252.4097814,64.5418286,2,18.80030059814453,0.0840969979763031,59053.30476849992
2083,2459052.8702894,252.4097787,64.5417919,2,18.892799377441406,0.09151700139045715,59052.37028940022
2084,2459052.8021759,252.4096822,64.5418046,1,18.798799514770508,0.10814700275659561,59052.30217589997
2085,2459052.8016782,252.4099101,64.5418188,1,18.882299423217773,0.09870599955320358,59052.30167819979
2086,2459052.764213,252.4097781,64.5417872,2,18.94219970703125,0.10884899646043777,59052.26421299996
2087,2459051.8462731,252.4097404,64.541779,2,18.85810089111328,0.07638999819755554,59051.3462731
2088,2459051.8433796,252.4097183,64.5417836,2,18.82029914855957,0.1016559973359108,59051.34337959997
2089,2459051.8249421,252.4096805,64.5418061,1,18.82349967956543,0.08851800113916397,59051.32494209986
2090,2459051.8070023,252.4097886,64.5418001,1,18.901899337768555,0.09464900195598602,59051.30700229993
2091,2459050.8708333,252.4097113,64.5418241,1,18.854999542236328,0.10743699967861176,59050.370833300054
2092,2459050.8650579,252.4098191,64.5417856,1,18.930299758911133,0.10347499698400497,59050.36505790008
2093,2459050.8053009,252.4096357,64.5418018,2,18.80419921875,0.11113999783992767,59050.30530089978
2094,2459050.8053009,252.4096357,64.5418018,2,18.80419921875,0.11113999783992767,59050.30530089978
2095,2459050.7852778,252.4097524,64.541803,2,18.921600341796875,0.10699299722909927,59050.28527780017
2096,2459050.7852778,252.4097524,64.541803,2,18.921600341796875,0.10699299722909927,59050.28527780017
2097,2459049.8103472,252.4097101,64.5417919,1,18.814599990844727,0.09663599729537964,59049.310347199906
2098,2459049.807037,252.4097635,64.5418148,1,18.93090057373047,0.0752130001783371,59049.30703700008
2099,2459048.8854745,252.4096086,64.5417541,2,18.881999969482422,0.08779200166463852,59048.38547449978
2100,2459048.7836111,252.4097846,64.5417992,1,18.88759994506836,0.08250900357961655,59048.28361110017
2101,2459048.7817014,252.4096897,64.5418113,1,18.84760093688965,0.08993099629878998,59048.281701399945
2102,2459047.9085764,252.4097845,64.541787,2,18.8080997467041,0.08880600333213806,59047.40857640002
2103,2459047.8252546,252.4097474,64.5418179,2,18.903400421142578,0.09309899806976318,59047.32525460003
2104,2459047.7672917,252.4098003,64.5417907,1,18.904499053955078,0.09025000035762787,59047.2672917
2105,2459047.7668056,252.4097165,64.5418113,1,18.867700576782227,0.09540800005197525,59047.26680559991
2106,2459046.8484491,252.4098368,64.5417907,1,18.872499465942383,0.09382399916648865,59046.34844909981
2107,2459046.8474884,252.4097378,64.5417767,1,18.877899169921875,0.08787299692630768,59046.34748840006
2108,2459046.7084606,252.4096637,64.5417987,2,18.778200149536133,0.08739300072193146,59046.208460600115
2109,2459046.7079745,252.4096718,64.5417723,2,18.951499938964844,0.08195299655199051,59046.20797450002
2110,2459045.7581597,252.4096042,64.5418195,1,18.7731990814209,0.0680989995598793,59045.25815969985
2111,2459045.757662,252.4096777,64.541793,1,18.87649917602539,0.08317500352859497,59045.257662000135
2112,2459045.7164236,252.409804,64.5417985,2,18.872900009155273,0.08263099938631058,59045.21642359998
2113,2459045.715,252.4096911,64.5418012,2,18.783899307250977,0.07701899856328964,59045.21499999985
2114,2459044.822581,252.4097095,64.5417864,1,18.770200729370117,0.09830799698829651,59044.32258100016
2115,2459044.8216319,252.4099676,64.5417899,1,18.88800048828125,0.10042200237512589,59044.321631900035
2116,2459044.7389583,252.409704,64.5418036,2,18.87689971923828,0.07997500151395798,59044.23895830009
2117,2459044.7370602,252.4096893,64.5417653,2,18.866899490356445,0.09119600057601929,59044.23706019996
2118,2459043.7606597,252.4096713,64.5417692,2,18.83639907836914,0.08042100071907043,59043.260659699794
2119,2459043.7601736,252.4097004,64.5418194,2,18.829299926757812,0.08132699877023697,59043.26017360017
2120,2459043.7260995,252.4096102,64.5417939,1,18.775800704956055,0.08916600048542023,59043.22609949997
2121,2459043.7246759,252.4097717,64.5417751,1,18.944700241088867,0.0912420004606247,59043.22467589984
2122,2459042.8058218,252.4097217,64.5418183,1,18.86240005493164,0.08381099998950958,59042.30582180014
2123,2459042.8053241,252.409819,64.5417986,1,18.861099243164062,0.08891300112009048,59042.30532409996
2124,2459042.7418866,252.4097757,64.54181,2,18.886600494384766,0.09290499985218048,59042.24188659992
2125,2459042.7404282,252.4097923,64.5418286,2,18.850500106811523,0.05955800041556358,59042.24042819999
2126,2459041.7662616,252.4096882,64.5418179,2,18.904199600219727,0.09051600098609924,59041.26626159996
2127,2459041.7615741,252.4097901,64.5418033,2,18.97330093383789,0.08974800258874893,59041.26157409977
2128,2459041.718588,252.4096266,64.5417881,1,18.849700927734375,0.08874499797821045,59041.21858800016
2129,2459041.7166898,252.4098324,64.541797,1,18.859399795532227,0.08375000208616257,59041.21668979991
2130,2459040.7856366,252.4098067,64.5417951,2,18.815099716186523,0.0946590006351471,59040.28563660011
2131,2459040.783287,252.4097401,64.5417743,2,18.835500717163086,0.08619900047779083,59040.28328699991
2132,2459040.7431597,252.4096403,64.5418139,1,18.850799560546875,0.08576299995183945,59040.243159700185
2133,2459040.7421759,252.4097223,64.5418293,1,18.885400772094727,0.07301200181245804,59040.24217589991
2134,2459039.7440509,252.4097205,64.5418101,2,18.774099349975586,0.08532699942588806,59039.244050899986
2135,2459039.7421296,252.4097773,64.5417781,2,18.922100067138672,0.08730299770832062,59039.24212960014
2136,2459039.7036458,252.4097763,64.5418024,1,18.876100540161133,0.09291800111532211,59039.203645799775
2137,2459039.7026852,252.4097396,64.541796,1,18.7908992767334,0.08146599680185318,59039.20268520014
2138,2459038.78375,252.4096629,64.5417919,1,18.87579917907715,0.11057200282812119,59038.283749999944
2139,2459038.7827894,252.4096985,64.5418291,1,18.693700790405273,0.10702099651098251,59038.28278939985
2140,2459038.7197801,252.4097197,64.5417904,2,18.795799255371094,0.08242200314998627,59038.219780100044
2141,2459038.7183333,252.4097344,64.5417931,2,18.868499755859375,0.08743900060653687,59038.2183333002
2142,2459037.7459375,252.4096943,64.5418041,1,18.76849937438965,0.10755900293588638,59037.24593750015
2143,2459037.7445255,252.4097434,64.5418339,1,18.76650047302246,0.1138020008802414,59037.24452550011
2144,2459037.7054282,252.4096747,64.541835,2,18.891399383544922,0.2262219935655594,59037.20542819984
2145,2459037.7030208,252.4097699,64.5418107,2,18.843599319458008,0.11770500242710114,59037.203020799905
2146,2459036.7860301,252.4097079,64.5416997,2,18.78700065612793,0.13198499381542206,59036.28603010019
2147,2459036.7855324,252.4097777,64.5417868,2,18.921899795532227,0.09928300231695175,59036.28553240001
2148,2459036.7239468,252.4096971,64.5418217,1,18.771499633789062,0.11551199853420258,59036.22394679999
2149,2459036.7234606,252.4096763,64.5418495,1,18.879499435424805,0.12935900688171387,59036.22346059978
2150,2459035.8240741,252.4096498,64.5418285,2,18.83329963684082,0.12721799314022064,59035.32407409977
2151,2459035.823125,252.4096385,64.5417895,2,18.856800079345703,0.1292160004377365,59035.32312500011
2152,2459034.8603704,252.409538,64.5418331,2,18.793399810791016,0.10818400233983994,59034.360370399896
2153,2459034.8257986,252.4096923,64.5417984,2,18.72599983215332,0.0964369997382164,59034.32579859998
2154,2459033.8284722,252.4096627,64.5418001,2,18.732799530029297,0.09098999947309494,59033.32847219985
2155,2459033.8244676,252.4097493,64.5418216,2,18.72209930419922,0.09290199726819992,59033.32446759986
2156,2459033.7159491,252.4096823,64.5417902,1,18.811800003051758,0.1396470069885254,59033.21594909998
2157,2459033.7154514,252.4097338,64.5418231,1,18.72879981994629,0.11344499886035919,59033.215451399796
2158,2459032.8678588,252.40969,64.5418433,1,18.72209930419922,0.08581999689340591,59032.367858800106
2159,2459032.8669097,252.409614,64.5418052,1,18.823400497436523,0.1205340027809143,59032.36690969998
2160,2459032.7383681,252.40968,64.5417859,2,18.765499114990234,0.10145000368356705,59032.23836810002
2161,2459032.7369444,252.4096343,64.5417884,2,18.785200119018555,0.08021499961614609,59032.236944399774
2162,2459031.7413426,252.4097241,64.5417557,2,18.7637996673584,0.09759099781513214,59031.24134259997
2163,2459031.72875,252.4096108,64.5418048,2,18.723100662231445,0.09186899662017822,59031.22874999978
2164,2459031.7028356,252.4096677,64.5418065,1,18.707799911499023,0.0945810005068779,59031.20283559989
2165,2459031.6989005,252.4096672,64.5417827,1,18.713199615478516,0.09728699922561646,59031.19890049985
2166,2459030.8670023,252.4096596,64.5418298,1,18.7322998046875,0.10636399686336517,59030.36700229999
2167,2459030.8433796,252.4097002,64.541781,1,18.760799407958984,0.10138099640607834,59030.34337959997
2168,2459029.765544,252.4098415,64.5417538,1,18.752899169921875,0.10466600209474564,59029.26554400008
2169,2459029.7626736,252.409685,64.5418127,1,18.769399642944336,0.12021300196647644,59029.26267360011
2170,2459028.8466782,252.41,64.5417925,1,18.79560089111328,0.1139409989118576,59028.34667820018
2171,2459028.8452546,252.4096786,64.5417848,1,18.749300003051758,0.08778399974107742,59028.34525460005
2172,2459028.7390625,252.4096548,64.5418253,2,18.70240020751953,0.07053399831056595,59028.239062500186
2173,2459028.736713,252.4096928,64.5417892,2,18.760000228881836,0.08818300068378448,59028.23671300011
2174,2459027.7842824,252.4097733,64.541797,2,18.812000274658203,0.10077100247144699,59027.28428239981
2175,2459027.7809375,252.4097183,64.5417762,2,18.695499420166016,0.09548400342464447,59027.28093749983
2176,2459027.7466435,252.4098183,64.5417831,1,18.802099227905273,0.10708999633789062,59027.24664349994
2177,2459027.7447454,252.409697,64.5417818,1,18.73780059814453,0.12514600157737732,59027.2447453998
2180,2459026.7440625,252.4096241,64.5418166,1,18.78339958190918,0.1321049928665161,59026.244062500075
2181,2459026.7405556,252.4097189,64.5418023,1,18.845199584960938,0.07116799801588058,59026.2405555998
2182,2459025.7452662,252.4096692,64.5418005,1,18.694700241088867,0.07786999642848969,59025.24526620004
2183,2459025.7433449,252.4098435,64.5417844,1,18.751699447631836,0.07186999917030334,59025.2433449002
2184,2459025.7011227,252.4097067,64.5418249,2,18.79840087890625,0.07293500006198883,59025.20112269977
2185,2459025.6991435,252.4097071,64.5417727,2,18.76180076599121,0.11795700341463089,59025.19914350007
2186,2459024.7860995,252.4097117,64.5417952,1,18.747100830078125,0.05704300105571747,59024.28609950002
2187,2459024.7832523,252.4098039,64.541804,1,18.833499908447266,0.10534299910068512,59024.28325230023
2188,2459024.7399653,252.4097556,64.5417609,2,18.749500274658203,0.11286299675703049,59024.239965300076
2189,2459024.7363889,252.4097848,64.5417987,2,18.800800323486328,0.05963199958205223,59024.23638889985
2190,2459023.805081,252.4096506,64.5418004,2,18.732799530029297,0.09339100122451782,59023.305081000086
2191,2459023.7434838,252.4097559,64.5417944,1,18.784500122070312,0.0730300024151802,59023.243483799975
2192,2459023.7415741,252.4097189,64.541798,1,18.72800064086914,0.10381799936294556,59023.24157410022
2193,2459023.7021875,252.409741,64.5417759,2,18.786500930786133,0.0982000008225441,59023.20218749996
2194,2459022.7596065,252.4097984,64.5417877,2,18.786699295043945,0.10475900024175644,59022.259606500156
2195,2459022.7468866,252.4097175,64.5417975,2,18.742300033569336,0.09707900136709213,59022.24688659981
2196,2459022.7084606,252.4098576,64.541777,1,18.77899932861328,0.08039899915456772,59022.208460600115
2197,2459022.7065394,252.4096921,64.5418065,1,18.73040008544922,0.10108499974012375,59022.20653939992
2198,2459020.7884144,252.4095969,64.5417645,2,18.805700302124023,0.07422900199890137,59020.28841440007
2199,2459020.7870023,252.4097796,64.5418317,2,18.867799758911133,0.0728129968047142,59020.28700229991
2200,2459020.7271759,252.4096786,64.5418196,1,18.73740005493164,0.07934500277042389,59020.22717589978
2201,2459020.7252662,252.4098925,64.5417638,1,18.850200653076172,0.09121599793434143,59020.225266200025
2202,2459019.7901736,252.409626,64.5418025,1,18.76180076599121,0.09592299908399582,59019.29017359996
2203,2459019.7463773,252.4096722,64.5417871,2,18.84670066833496,0.08927100151777267,59019.246377300005
2204,2459019.7428819,252.4097631,64.541797,2,18.805200576782227,0.08977500349283218,59019.242881900165
2205,2459018.8452315,252.4097408,64.5417881,1,18.81369972229004,0.10370799899101257,59018.34523149999
2206,2459018.8428819,252.4098745,64.5417667,1,18.847999572753906,0.08926799893379211,59018.34288189979
2207,2459017.8096181,252.409648,64.5418063,1,18.736099243164062,0.07745900005102158,59017.30961810006
2208,2459017.8072685,252.4098991,64.5417771,1,18.915199279785156,0.08707500249147415,59017.30726849986
2209,2459017.7863079,252.4097269,64.5418054,2,18.738500595092773,0.07434400171041489,59017.28630790021
2210,2459017.7618634,252.409819,64.5417951,2,18.80620002746582,0.07958000153303146,59017.26186340023
2211,2459016.8448843,252.4097233,64.5417924,1,18.872100830078125,0.17017799615859985,59016.34488430014
2212,2459015.8243171,252.4097775,64.5418433,2,18.81719970703125,0.11913099884986877,59015.32431709999
2213,2459015.8219676,252.4096723,64.5418019,2,18.886199951171875,0.11521600186824799,59015.32196759991
2214,2459014.8458102,252.4097017,64.5418114,1,18.805999755859375,0.09580399841070175,59014.34581020009
2215,2459014.8439005,252.4097724,64.5417884,1,18.806499481201172,0.07783599942922592,59014.343900499865
2216,2459014.7496875,252.4096557,64.5418327,2,18.751699447631836,0.08245600014925003,59014.24968749983
2217,2459014.7487384,252.409808,64.5418324,2,18.897199630737305,0.08095400035381317,59014.24873840017
2218,2459013.8245486,252.4097106,64.5418013,2,18.837600708007812,0.08070199936628342,59013.324548599776
2219,2459013.8221875,252.4096584,64.5418182,2,18.92620086669922,0.080144003033638,59013.322187500075
2220,2459013.7469676,252.4096394,64.5418108,1,18.77519989013672,0.08099599927663803,59013.24696760019
2221,2459013.7250579,252.4098602,64.5417816,1,18.8164005279541,0.08400999754667282,59013.22505789995
2222,2459012.8070949,252.4096673,64.5417977,1,18.860000610351562,0.07999300211668015,59012.30709489994
2223,2459012.8051968,252.4098774,64.5417685,1,18.878000259399414,0.08163999766111374,59012.3051967998
2224,2459012.7820718,252.4097416,64.5418014,2,18.852699279785156,0.07813499867916107,59012.28207179997
2225,2459012.7655208,252.4097733,64.5418019,2,18.86039924621582,0.08767499774694443,59012.265520799905
2226,2459011.8290972,252.4097136,64.5417939,2,18.859800338745117,0.07574299722909927,59011.329097200185
2227,2459011.8276852,252.4097274,64.5418527,2,18.8218994140625,0.09971900284290314,59011.32768520014
2228,2459011.8095718,252.4097653,64.5418154,1,18.780399322509766,0.0911720022559166,59011.30957179982
2229,2459011.7854051,252.4098077,64.541775,1,18.882400512695312,0.08222600072622299,59011.28540509986
2230,2459009.8664931,252.4097658,64.5417934,2,18.723899841308594,0.08506400138139725,59009.366493099835
2231,2459009.7207639,252.4098305,64.541757,2,18.874799728393555,0.10194399952888489,59009.22076389985
2232,2459008.845544,252.4096837,64.5418198,2,18.73040008544922,0.12696099281311035,59008.345544000156
2233,2459008.8306366,252.4096057,64.5417999,2,18.695999145507812,0.10164099931716919,59008.33063660003
2237,2459005.7205671,252.409612,64.541816,1,18.699600219726562,0.15079499781131744,59005.220567100216
2238,2459005.7041782,252.4096462,64.5417815,1,18.87310028076172,0.16065199673175812,59005.2041782001
2239,2459004.7779398,252.4097292,64.5417958,2,18.791799545288086,0.09408300369977951,59004.27793980017
2240,2459004.7765162,252.4096713,64.5417655,2,18.850900650024414,0.10544600337743759,59004.27651620004
2242,2459002.935625,252.4097212,64.5417939,1,18.792800903320312,0.10913100093603134,59002.435624999925
2243,2459002.9087616,252.4096381,64.5418447,1,18.584800720214844,0.19255000352859497,59002.40876160003
2244,2459001.8856134,252.4097135,64.5418292,1,18.760799407958984,0.08941899985074997,59001.38561340002
2245,2459001.8837384,252.4096628,64.5418035,1,18.692399978637695,0.09252999722957611,59001.38373839995
2246,2459001.735625,252.4097246,64.5418058,2,18.696800231933594,0.09753700345754623,59001.235625000205
2247,2459000.9101736,252.4097725,64.5418131,1,18.64550018310547,0.08376500010490417,59000.410173600074
2248,2459000.9054282,252.4095932,64.5418262,1,19.07900047302246,0.2787970006465912,59000.40542820003
2249,2459000.8707407,252.4095382,64.541814,2,18.794200897216797,0.10264000296592712,59000.37074070005
2250,2459000.8692824,252.4095408,64.5418276,2,18.707799911499023,0.19176800549030304,59000.36928239977
2251,2459000.8061921,252.4096407,64.5418218,1,18.739299774169922,0.09752500057220459,59000.30619210005
2252,2459000.7829861,252.4096177,64.5418237,1,18.688600540161133,0.09437599778175354,59000.28298609983
2253,2458999.8421181,252.4097021,64.5418173,2,18.78230094909668,0.10465700179338455,58999.3421180998
2254,2458999.8039352,252.4099733,64.5417582,2,18.795700073242188,0.11411499977111816,58999.303935199976
2255,2458999.7640509,252.4096362,64.5418254,1,18.80109977722168,0.10073699802160263,58999.264050900005
2256,2458999.756875,252.4097871,64.5417607,1,18.76849937438965,0.0951249971985817,58999.25687499996
2257,2458998.8468634,252.4096267,64.5418093,1,18.760000228881836,0.07120999693870544,58998.34686340019
2258,2458998.8454051,252.4098868,64.5418088,1,18.93910026550293,0.07660400122404099,58998.34540509991
2259,2458998.8217477,252.4097262,64.5417916,2,18.723899841308594,0.09005700051784515,58998.32174770022
2260,2458998.8059375,252.4097033,64.5417683,2,18.85540008544922,0.08405700325965881,58998.305937500205
2261,2458997.8939931,252.4098186,64.5417865,1,18.939699172973633,0.09294600039720535,58997.39399310015
2262,2458997.890625,252.4096486,64.5418335,1,18.74090003967285,0.07220300287008286,58997.390625
2263,2458997.8109259,252.409732,64.5417905,2,18.939800262451172,0.09602600336074829,58997.310925900005
2264,2458997.7820255,252.4097387,64.5418383,2,18.80030059814453,0.10009100288152695,58997.2820255002
2265,2458996.7829861,252.409721,64.5418132,2,18.994400024414062,0.08669000118970871,58996.28298609983
2266,2458996.7800926,252.4097226,64.541823,2,18.81209945678711,0.08932100236415863,58996.2800925998
2267,2458996.6964468,252.4096748,64.5417978,1,18.871599197387695,0.10097000002861023,58996.19644680014
2268,2458996.6945486,252.4097303,64.5418199,1,18.920499801635742,0.10077299922704697,58996.19454859989
2269,2458995.8271875,252.4096625,64.5418068,1,18.925500869750977,0.11356399953365326,58995.32718749996
2270,2458995.7846181,252.4097788,64.5417736,2,18.838699340820312,0.0908840000629425,58995.28461810015
2271,2458995.7822454,252.4096922,64.5418099,2,18.978500366210938,0.10073500126600266,58995.282245399896
2272,2458994.9084491,252.4098246,64.5418234,1,18.932899475097656,0.09295500069856644,58994.408449099865
2273,2458994.9045255,252.4097674,64.5417876,1,18.866100311279297,0.09889200329780579,58994.40452549979
2274,2458994.8201389,252.4096863,64.5417846,2,18.954299926757812,0.07800699770450592,58994.320138900075
2275,2458994.8177546,252.4097015,64.541792,2,18.9148006439209,0.10706999897956848,58994.3177546002
2276,2458993.7629051,252.4096109,64.5418124,1,18.920299530029297,0.1075339987874031,58993.262905099895
2277,2458993.7619444,252.4098561,64.5418222,1,19.016199111938477,0.10218700021505356,58993.26194440015
2278,2458992.8541551,252.409725,64.5418159,1,18.92970085144043,0.11302100121974945,58992.35415509995
2279,2458992.8299537,252.4100625,64.5417807,1,19.177799224853516,0.09107299894094467,58992.32995369984
2280,2458992.8044676,252.4098855,64.5417575,2,18.918100357055664,0.07605399936437607,58992.30446759984
2281,2458992.8011227,252.4096873,64.541796,2,18.944700241088867,0.11359299719333649,58992.301122699864
2282,2458991.8300463,252.4098201,64.541789,1,18.9867000579834,0.10063300281763077,58991.330046299845
2283,2458991.8244213,252.4096865,64.5418359,1,19.017099380493164,0.09403199702501297,58991.32442130009
2284,2458991.7777778,252.4096762,64.5418363,2,18.839399337768555,0.10397099703550339,58991.27777779987
2285,2458991.7636227,252.4097697,64.5417605,2,18.974300384521484,0.09521400183439255,58991.26362269977
2286,2458987.9315162,252.4097249,64.5417859,1,19.033300399780273,0.08337300270795822,58987.43151619984
2287,2458987.9148727,252.4099949,64.5417556,1,19.015600204467773,0.07676400244235992,58987.41487269988
2288,2458987.849456,252.4097318,64.5417884,2,18.92620086669922,0.0934239998459816,58987.34945600014
2289,2458987.8262731,252.4098208,64.5417774,2,19.05620002746582,0.09453099966049194,58987.326273099985
2290,2458986.8934838,252.4096388,64.5417791,1,18.997299194335938,0.1004749983549118,58986.39348379988
2291,2458986.8906713,252.4098942,64.5417912,1,19.038799285888672,0.121799997985363,58986.39067129977
2292,2458986.805162,252.4097518,64.5417694,2,18.927099227905273,0.07747499644756317,58986.305162000004
2293,2458986.801794,252.4098241,64.5418085,2,18.966100692749023,0.1031859964132309,58986.30179399997
2294,2458985.9016551,252.4097073,64.5418218,2,18.965599060058594,0.09665299952030182,58985.40165509982
2295,2458985.8903472,252.4097437,64.5418174,2,18.952800750732422,0.09322900325059891,58985.39034719998
2296,2458985.8053241,252.4097986,64.5418034,1,18.987899780273438,0.1063150018453598,58985.30532409996
2298,2458981.9093056,252.4097453,64.541818,2,18.98419952392578,0.10750400274991989,58981.409305599984
2299,2458981.8289468,252.4097206,64.5418333,1,19.028099060058594,0.13125500082969666,58981.32894679997
2300,2458981.8060301,252.4100121,64.5417369,1,19.149700164794922,0.15156200528144836,58981.30603010021
2301,2458981.7847569,252.4099318,64.5417461,2,18.94770050048828,0.11196000128984451,58981.28475689981
2302,2458980.9170602,252.4097538,64.5418065,1,18.97209930419922,0.11787799745798111,58980.417060200125
2303,2458980.912338,252.4097838,64.5418428,1,19.033899307250977,0.11627300083637238,58980.41233799979
2304,2458980.8171759,252.4096917,64.5418064,2,18.999300003051758,0.10821899771690369,58980.3171759001
2305,2458980.8028356,252.4096829,64.5417919,2,19.171199798583984,0.09221500158309937,58980.302835599985
2306,2458979.8311458,252.4096631,64.5418022,2,19.04800033569336,0.13917100429534912,58979.331145800184
2307,2458979.8046412,252.4097023,64.5417558,2,19.08180046081543,0.09369499981403351,58979.30464120023
2308,2458979.7581019,252.4096709,64.5417904,1,19.237699508666992,0.11816500127315521,58979.25810190011
2309,2458979.7576157,252.4096192,64.5418243,1,19.06800079345703,0.13772599399089813,58979.2576156999
2310,2458978.9326157,252.409534,64.5418396,1,19.051000595092773,0.20809799432754517,58978.43261570018
2311,2458978.8886227,252.4096337,64.5418085,1,19.13800048828125,0.2509230077266693,58978.38862269977
2312,2458978.8078125,252.409642,64.5417788,2,19.162399291992188,0.14482299983501434,58978.307812499814
2313,2458978.8014815,252.4096314,64.5418328,2,19.078500747680664,0.11796899884939194,58978.3014814998
2315,2458977.9138194,252.4097346,64.5417442,2,18.934600830078125,0.1509619951248169,58977.41381940013
2318,2458976.9913657,252.4096596,64.5417893,1,19.230199813842773,0.26614299416542053,58976.49136570003
2319,2458976.9706481,252.4097105,64.5418033,1,19.058300018310547,0.14783500134944916,58976.470648100134
2320,2458976.8494329,252.4096928,64.541705,2,19.04450035095215,0.15057599544525146,58976.34943290008
2322,2458975.8921875,252.4095438,64.5418343,2,19.03820037841797,0.1278419941663742,58975.39218749991
2323,2458975.7662269,252.4097348,64.5418133,1,18.932100296020508,0.18448400497436523,58975.26622689981
2324,2458975.7600579,252.4095644,64.541794,1,19.079700469970703,0.16332900524139404,58975.2600579001
2325,2458974.9959722,252.4097492,64.5418407,1,18.969499588012695,0.11512099951505661,58974.49597219983
2326,2458974.9699074,252.4096427,64.5418153,1,19.038799285888672,0.13170099258422852,58974.4699074002
2327,2458974.8502894,252.4096784,64.5418503,2,18.989999771118164,0.11774499714374542,58974.3502894002
2328,2458974.8479398,252.4098735,64.541793,2,19.060699462890625,0.13253800570964813,58974.347939800005
2329,2458973.9694097,252.4097213,64.5417775,1,19.087099075317383,0.09909799695014954,58973.46940970002
2330,2458973.9517014,252.4097196,64.5417598,1,19.030099868774414,0.14888300001621246,58973.45170139987
2331,2458973.8443519,252.4096591,64.5418185,2,18.895099639892578,0.09706000238656998,58973.34435189981
2332,2458973.8237963,252.4096778,64.5417904,2,18.939199447631836,0.12163300067186356,58973.32379630022
2333,2458972.9677431,252.4096704,64.5418376,1,19.02560043334961,0.09035100042819977,58972.46774310013
2334,2458972.9224653,252.4097771,64.5418049,2,19.011899948120117,0.1168610006570816,58972.42246530019
2335,2458972.8898032,252.409667,64.5417661,2,19.10300064086914,0.10564199835062027,58972.38980320003
2336,2458971.9305093,252.4096962,64.5418007,1,19.02389907836914,0.09463799744844437,58971.43050929997
2337,2458971.9262847,252.4099161,64.5417945,1,19.103500366210938,0.0956839993596077,58971.42628470017
2338,2458971.8935764,252.4097821,64.5417582,2,18.965299606323242,0.11083400249481201,58971.39357639989
2339,2458971.8907292,252.4096561,64.541788,2,19.104299545288086,0.11370400339365005,58971.390729200095
2340,2458970.9558681,252.4096704,64.5417907,1,18.931499481201172,0.08685699850320816,58970.455868099816
2341,2458970.8846296,252.4097958,64.5417865,2,19.184600830078125,0.08487000316381454,58970.384629600216
2342,2458970.8831713,252.4096687,64.5418347,2,18.91010093688965,0.0961889997124672,58970.38317129994
2343,2458970.8036343,252.4097446,64.5418202,1,19.15679931640625,0.11658699810504913,58970.3036342999
2346,2458968.9638542,252.4096426,64.5418103,1,19.001399993896484,0.11155000329017639,58968.46385420021
2347,2458968.9448611,252.4098679,64.5417898,1,19.122900009155273,0.09355899691581726,58968.444861100055
2348,2458968.9251968,252.4096952,64.5417915,2,18.96619987487793,0.09904299676418304,58968.425196799915
2349,2458968.9009259,252.4097639,64.5417825,2,19.14310073852539,0.08414100110530853,58968.400925899856
2350,2458967.9290741,252.4097477,64.5418172,1,19.011999130249023,0.10362199693918228,58967.42907410022
2351,2458967.8953241,252.409853,64.5417689,2,19.127399444580078,0.08931799978017807,58967.39532409981
2352,2458967.8645486,252.4097681,64.5418036,2,19.0216007232666,0.12386900186538696,58967.36454859981
2353,2458966.9268056,252.4096938,64.5418177,1,18.965700149536133,0.10837099701166153,58966.42680560006
2354,2458966.9066898,252.4097098,64.5418052,1,19.05459976196289,0.08103600144386292,58966.40668979986
2355,2458966.8866898,252.4097162,64.5418134,2,18.850299835205078,0.09060200303792953,58966.38668979984
2356,2458966.8848148,252.4097439,64.541823,2,18.961000442504883,0.07288599759340286,58966.38481480023
2357,2458965.9426505,252.409668,64.5417579,2,18.971200942993164,0.10788200050592422,58965.44265050022
2358,2458965.9227546,252.4096868,64.5418225,1,19.0216007232666,0.10335700213909149,58965.42275460018
2359,2458965.9139699,252.4096192,64.5418147,1,19.039100646972656,0.0995120033621788,58965.41396989999
2360,2458965.838044,252.4097169,64.5418147,2,19.051700592041016,0.11977899819612503,58965.33804399986
2361,2458964.9344676,252.4096325,64.5417684,2,19.05900001525879,0.09140600264072418,58964.43446760019
2362,2458964.9317477,252.4097,64.5417802,2,18.97410011291504,0.11787199974060059,58964.43174770009
2363,2458964.8917708,252.4096724,64.5418227,1,18.98390007019043,0.12797899544239044,58964.39177080011
2364,2458964.8899306,252.4096903,64.5418211,1,19.07110023498535,0.11135800182819366,58964.389930599835
2365,2458963.9581481,252.4096755,64.5418182,1,19.07670021057129,0.10143300145864487,58963.45814809995
2366,2458963.9354514,252.4097027,64.5418198,1,19.019699096679688,0.1001959964632988,58963.4354514
2367,2458963.8879167,252.4096775,64.5417972,1,18.979299545288086,0.0796390026807785,58963.38791669998
2368,2458963.8865278,252.4096503,64.5418089,1,18.957500457763672,0.09553699940443039,58963.3865278
2369,2458962.9961227,252.4096805,64.5418067,1,19.07069969177246,0.1277099996805191,58962.49612270016
2370,2458962.9748611,252.4097927,64.5418141,2,18.926300048828125,0.08614800125360489,58962.47486109985
2371,2458962.8649421,252.4097693,64.541784,1,18.997800827026367,0.10550100356340408,58962.3649420999
2372,2458962.8256366,252.4097276,64.5418065,2,19.06279945373535,0.12406399846076965,58962.325636600144
2373,2458961.9471644,252.4099094,64.541794,2,19.080699920654297,0.1434680074453354,58961.447164400015
2375,2458956.8844097,252.4098497,64.5418159,1,18.995800018310547,0.09144199639558792,58956.384409700055
2376,2458956.8455903,252.4097184,64.5417961,2,18.92020034790039,0.13088500499725342,58956.34559029993
2377,2458956.8238889,252.4097122,64.5418011,2,18.922700881958008,0.1296990066766739,58956.323888900224
2378,2458955.9657176,252.4097048,64.5417859,1,18.867300033569336,0.12062399834394455,58955.46571760019
2379,2458955.9536921,252.4097684,64.541734,2,18.928199768066406,0.0804309993982315,58955.45369210001
2380,2458955.9327083,252.4096832,64.5418159,2,18.82990074157715,0.09379500150680542,58955.432708300184
2381,2458955.9121065,252.4098876,64.5417937,1,19.018600463867188,0.09995800256729126,58955.41210650001
2382,2458955.0126273,252.4096861,64.5417804,2,18.91080093383789,0.12159000337123871,58954.512627299875
2383,2458954.994537,252.4096537,64.541798,2,19.009700775146484,0.12155000120401382,58954.49453700008
2384,2458954.9931597,252.4098089,64.5417656,2,18.84760093688965,0.11628600209951401,58954.493159700185
2385,2458954.9064352,252.4097962,64.5418586,1,18.942399978637695,0.17870299518108368,58954.40643520001
2386,2458954.9055093,252.4095406,64.5417527,1,18.806699752807617,0.11656499654054642,58954.405509300064
2387,2458953.9459375,252.4094853,64.5417683,2,18.88319969177246,0.10494399815797806,58953.44593749987
2388,2458945.0097454,252.4097005,64.5417743,2,18.816299438476562,0.11690399795770645,58944.50974539993
2389,2458945.0083681,252.4097393,64.5418035,2,19.023500442504883,0.1340930014848709,58944.50836810004
2390,2458944.9955324,252.4097609,64.5417925,1,18.865999221801758,0.10804399847984314,58944.495532399975
2391,2458944.9937269,252.4096831,64.5418172,1,18.868900299072266,0.11410299688577652,58944.49372689985
2392,2458943.9722917,252.4097152,64.5417982,2,18.86709976196289,0.09505999833345413,58943.472291700076
2393,2458943.9709028,252.4096775,64.5418144,2,19.036500930786133,0.09051699936389923,58943.470902800094
2394,2458943.930081,252.409562,64.5417949,1,18.867599487304688,0.1146709993481636,58943.430081000086
2395,2458943.9282292,252.4097166,64.5416995,1,18.816299438476562,0.12018399685621262,58943.42822920019
2396,2458941.9964236,252.4101926,64.5417847,1,19.061399459838867,0.12975400686264038,58941.496423599776
2397,2458941.9945718,252.409687,64.541787,1,18.932600021362305,0.13130900263786316,58941.49457179988
2398,2458941.9347685,252.4097385,64.5417535,2,18.961700439453125,0.12703800201416016,58941.43476849981
2399,2458941.9333912,252.4101336,64.5417143,2,19.050199508666992,0.1247130036354065,58941.43339119991
2400,2458941.014213,252.409816,64.5418432,2,18.927000045776367,0.10414300113916397,58940.51421299996
2401,2458940.9710301,252.4099254,64.5417788,1,18.947900772094727,0.13136300444602966,58940.47103009978
2402,2458940.9695949,252.4096763,64.5417817,1,18.900699615478516,0.0807029977440834,58940.46959490003
2406,2458939.9462616,252.4096365,64.5417687,1,18.71179962158203,0.3613249957561493,58939.446261600126
2407,2458937.0178472,252.4096756,64.5418044,2,18.840099334716797,0.11415199935436249,58936.517847199924
2408,2458937.0169097,252.4097612,64.5418193,2,18.937299728393555,0.11132100224494934,58936.51690969989
2409,2458936.9851505,252.4096687,64.5417869,1,18.89150047302246,0.10332400351762772,58936.4851505002
2410,2458936.9771759,252.4098793,64.5417908,1,19.0,0.11253199726343155,58936.47717589978
2416,2458915.0279167,252.4097649,64.5417973,2,19.211200714111328,0.12291000038385391,58914.52791670011
2417,2458915.0269907,252.4096636,64.5418366,2,18.948200225830078,0.10626199841499329,58914.52699070005
2418,2458914.9939931,252.4097194,64.5417986,1,19.122699737548828,0.17115800082683563,58914.49399309978
2419,2458914.9680093,252.4096762,64.5418207,1,19.038799285888672,0.10855899751186371,58914.468009300064
2420,2458914.0192593,252.4097174,64.5418148,1,19.079099655151367,0.1317320019006729,58913.51925930008
2421,2458914.0178125,252.4099384,64.5417817,1,19.117700576782227,0.11469099670648575,58913.51781249978
2422,2458913.9964236,252.4096181,64.5418042,2,19.072900772094727,0.11916500329971313,58913.496423599776
2423,2458913.9607176,252.4096782,64.5418112,2,19.120399475097656,0.15127499401569366,58913.46071759984
2424,2458913.0363773,252.4098852,64.5417696,1,19.023799896240234,0.12744900584220886,58912.53637730004
2425,2458913.0345255,252.4097181,64.5418191,1,19.0310001373291,0.10152500122785568,58912.534525500145
2426,2458912.9963194,252.4096992,64.5417737,2,19.010000228881836,0.09640999883413315,58912.49631940015
2427,2458912.9949306,252.4097375,64.5418085,2,19.062599182128906,0.10457299649715424,58912.494930599816
2428,2458912.0317824,252.4097733,64.5417955,1,19.01460075378418,0.1186159998178482,58911.53178239986
2429,2458912.0290625,252.4100642,64.5417975,1,19.04669952392578,0.14362600445747375,58911.52906250022
2430,2458912.0120255,252.4099053,64.5417503,2,19.0398006439209,0.14574900269508362,58911.51202550018
2431,2458912.0106481,252.4095759,64.5418249,2,19.106399536132812,0.1623769998550415,58911.51064810017
2432,2458909.053125,252.4096543,64.5417943,1,19.072200775146484,0.13396300375461578,58908.55312500009
2433,2458909.0380556,252.4098036,64.5418147,1,19.161500930786133,0.11697400361299515,58908.53805560013
2434,2458909.0091667,252.4096902,64.5418348,2,19.060300827026367,0.12287399917840958,58908.509166699834
2435,2458908.9903125,252.409779,64.5417835,2,19.07819938659668,0.1420699954032898,58908.490312499925
2436,2458907.0289815,252.4097477,64.5417848,1,19.12689971923828,0.158827006816864,58906.52898149984
2437,2458907.0280556,252.4096361,64.5418294,1,19.062299728393555,0.17986899614334106,58906.52805559989
2438,2458907.013206,252.4097924,64.5418188,2,19.097000122070312,0.14101700484752655,58906.513205999974
2439,2458906.9836111,252.4098553,64.5417689,2,19.09309959411621,0.11751099675893784,58906.48361109989
2440,2458906.0320718,252.4102035,64.5417976,1,19.009700775146484,0.16440899670124054,58905.53207179997
2441,2458906.0302199,252.4098446,64.5418283,1,18.912900924682617,0.18026599287986755,58905.530219899956
2442,2458905.0603704,252.4095877,64.5417296,1,18.896099090576172,0.1467600017786026,58904.56037040008
2443,2458905.0594329,252.4096972,64.5418157,1,19.027299880981445,0.20661799609661102,58904.559432900045
2444,2458905.0322106,252.4097443,64.541796,2,18.803499221801758,0.11828400194644928,58904.5322106001
2445,2458905.0312731,252.40984,64.5418052,2,19.127599716186523,0.10234600305557251,58904.53127310006
2446,2458904.0349537,252.4100874,64.5417697,1,19.136999130249023,0.13253000378608704,58903.53495369991
2447,2458904.0335764,252.4096154,64.5418083,1,19.011199951171875,0.10440900176763535,58903.53357640002
2448,2458904.0117014,252.4096721,64.541821,2,18.96809959411621,0.0960180014371872,58903.511701399926
2449,2458904.0112153,252.4097064,64.5417859,2,19.030399322509766,0.13169099390506744,58903.51121529983
2450,2458901.0396875,252.4096527,64.5417925,1,18.952499389648438,0.10785000026226044,58900.53968749987
2451,2458901.0358102,252.4098285,64.5418344,1,18.82819938659668,0.1448809951543808,58900.53581020003
2452,2458900.9886806,252.4097902,64.5418349,2,19.016700744628906,0.20351700484752655,58900.48868060019
2453,2458900.0380556,252.4096197,64.5418297,1,18.958200454711914,0.1047469973564148,58899.53805560013
2454,2458900.0366782,252.4098804,64.5417903,1,19.114099502563477,0.13359999656677246,58899.53667820012
2455,2458900.0094213,252.4096673,64.5418393,2,18.90399932861328,0.12706199288368225,58899.50942130014
2456,2458900.008044,252.4097439,64.5418753,2,19.01650047302246,0.10785199701786041,58899.508043999784
2457,2458899.0519213,252.4096499,64.5417892,1,18.930200576782227,0.09997499734163284,58898.551921300124
2458,2458899.050544,252.4098171,64.5417629,1,19.031200408935547,0.0868540033698082,58898.55054400023
2459,2458899.0320255,252.4098034,64.5417881,2,19.007099151611328,0.09121599793434143,58898.5320255002
2460,2458899.0310995,252.4097115,64.5418058,2,18.834199905395508,0.10044900327920914,58898.531099500135
2461,2458896.030081,252.4095789,64.5418048,1,18.871200561523438,0.10771399736404419,58895.53008100018
2462,2458896.0277894,252.4097045,64.5418091,1,18.89349937438965,0.09233400225639343,58895.52778939996
2463,2458896.0133102,252.4096972,64.5418306,2,18.9552001953125,0.14755600690841675,58895.51331020007
2464,2458895.9878588,252.4097648,64.5418191,2,18.897300720214844,0.08880399912595749,58895.48785880022
2465,2458895.0519213,252.4096728,64.5418059,1,18.956499099731445,0.1131339967250824,58894.551921300124
2466,2458895.0496181,252.4097433,64.5418337,1,18.9153995513916,0.1136690005660057,58894.549618099816
2467,2458895.037662,252.4096422,64.5418252,2,18.93939971923828,0.09894300252199173,58894.53766199993
2468,2458895.0345139,252.4096829,64.5417823,2,18.96660041809082,0.0978040024638176,58894.53451390006
2469,2458894.045463,252.4097297,64.5418189,2,18.788400650024414,0.11420899629592896,58893.54546299996
2470,2458894.0299537,252.4096472,64.5418086,2,18.952699661254883,0.09967099875211716,58893.529953700025
2471,2458893.9885648,252.4096667,64.5417952,1,18.93269920349121,0.11763399839401245,58893.488564800005
2472,2458893.9763426,252.4097078,64.5417729,1,18.842199325561523,0.11738699674606323,58893.47634259984
2473,2458893.0544329,252.4096715,64.5418051,1,18.854000091552734,0.10263600200414658,58892.55443290016
2474,2458893.0129977,252.4098094,64.5417978,2,18.840900421142578,0.11925800144672394,58892.5129976999
2475,2458893.0125116,252.4095942,64.5417928,2,19.060400009155273,0.12449099868535995,58892.51251159981
2476,2458892.8846875,252.4097407,64.5417884,1,18.903799057006836,0.1409599930047989,58892.384687500075
2477,2458891.969213,252.409575,64.5418256,1,18.893699645996094,0.13287299871444702,58891.46921300003
2478,2458891.9682755,252.4096379,64.5418281,1,18.911699295043945,0.13280899822711945,58891.468275499996
2479,2458891.0537731,252.4102894,64.5419668,1,18.984800338745117,0.2999419867992401,58890.55377310002
2480,2458890.9871644,252.4097505,64.5419591,2,18.997699737548828,0.2152400016784668,58890.48716440005
2481,2458890.9627546,252.4093992,64.5419237,2,18.750200271606445,0.20740100741386414,58890.462754600216
2483,2458888.9954051,252.4095434,64.5417664,2,18.886499404907227,0.14906400442123413,58888.49540509982
2484,2458888.0466667,252.4096354,64.5418086,2,18.98040008544922,0.1134520024061203,58887.54666669993
2485,2458887.9661921,252.4096823,64.5417994,1,18.90570068359375,0.19999200105667114,58887.4661921002
2486,2458887.956412,252.4096975,64.5418291,1,18.732500076293945,0.11921799927949905,58887.456412000116
2487,2458887.0552315,252.409758,64.5418433,2,19.060400009155273,0.13230900466442108,58886.55523149995
2488,2458887.0538542,252.4096816,64.5418077,2,19.022600173950195,0.11386200040578842,58886.55385420006
2489,2458886.9894097,252.4097056,64.5417996,1,19.016300201416016,0.14573100209236145,58886.489409700036
2490,2458886.9738889,252.4096353,64.5418303,1,19.02829933166504,0.16852299869060516,58886.47388890013
2491,2458886.0409259,252.4097357,64.5417752,2,19.101900100708008,0.10036999732255936,58885.540925899986
2492,2458886.0399884,252.4098032,64.5417877,2,19.074899673461914,0.12330199778079987,58885.53998839995
2493,2458885.971794,252.4097845,64.5417322,1,19.303800582885742,0.24577899277210236,58885.471793999895
2494,2458885.9708565,252.4095977,64.5418619,1,18.998600006103516,0.19701799750328064,58885.47085649986
2495,2458885.0552315,252.4097932,64.5417127,2,18.968299865722656,0.10253100097179413,58884.55523149995
2496,2458884.9245139,252.4098669,64.5418074,1,19.000600814819336,0.16769300401210785,58884.42451390019
2497,2458884.0562616,252.4094985,64.5418842,2,19.087499618530273,0.21494300663471222,58883.556261599995
2498,2458884.0553241,252.4097775,64.5417831,2,18.989900588989258,0.1360899955034256,58883.55532409996
2499,2458883.9878356,252.409947,64.5418235,1,19.181299209594727,0.20137299597263336,58883.48783560004
2500,2458883.9868981,252.4097621,64.5418152,1,19.022300720214844,0.17552800476551056,58883.4868981
2501,2458882.0536111,252.4098354,64.5418173,2,19.029199600219727,0.1006539985537529,58881.553611100186
2502,2458882.0498843,252.4097691,64.5418,2,18.969200134277344,0.12735199928283691,58881.54988430021
2503,2458882.017963,252.4095454,64.5418434,1,19.112899780273438,0.12700599431991577,58881.51796300011
2504,2458882.0151852,252.4098709,64.5418048,1,19.12779998779297,0.09847500175237656,58881.51518520014
2505,2458881.0364468,252.4096099,64.5418212,2,18.97760009765625,0.11705400049686432,58880.53644679999
2506,2458881.0350231,252.409902,64.5417924,2,19.05970001220703,0.10980100184679031,58880.53502310021
2507,2458880.9866435,252.409923,64.5417934,1,19.01849937438965,0.12279000133275986,58880.48664350016
2508,2458880.9852199,252.4095838,64.541824,1,19.032899856567383,0.16667799651622772,58880.48521990003
2509,2458880.0511343,252.4097154,64.5417671,2,19.523700714111328,0.46893998980522156,58879.55113429995
2510,2458880.0506481,252.4096133,64.542014,2,18.91309928894043,0.16331399977207184,58879.55064810021
2511,2458880.0142245,252.4101284,64.5417501,1,19.180400848388672,0.15789100527763367,58879.51422449993
2512,2458880.012419,252.4095609,64.5418555,1,19.09869956970215,0.16241200268268585,58879.5124189998
2513,2458879.0718981,252.4096723,64.5417766,2,18.821500778198242,0.12733499705791473,58878.571898099966
2514,2458879.0704745,252.409662,64.5416655,2,19.041400909423828,0.16935299336910248,58878.57047449984
2515,2458879.0348843,252.409667,64.5418372,1,19.095800399780273,0.12648099660873413,58878.53488430008
2517,2458879.0335069,252.4103263,64.5417807,1,19.18000030517578,0.1395840048789978,58878.53350690007
2518,2458878.0540625,252.4096633,64.5417306,1,19.226200103759766,0.18253499269485474,58877.55406250013
2519,2458878.053125,252.4101423,64.5417437,1,19.223800659179688,0.16297200322151184,58877.55312500009
2520,2458878.0163542,252.4095352,64.5417577,2,19.0093994140625,0.12471400201320648,58877.516354199965
2521,2458878.0154167,252.4096496,64.5418321,2,19.356199264526367,0.14849799871444702,58877.51541669993
2522,2458877.0569097,252.4097188,64.5417569,2,19.01420021057129,0.09929399937391281,58876.556909699924
2523,2458877.0550694,252.4097758,64.5417658,2,19.1294002532959,0.10526800155639648,58876.5550694
2524,2458877.0312384,252.4096366,64.5417937,1,18.965200424194336,0.1021609976887703,58876.53123839991
2525,2458877.0312384,252.4096333,64.5417916,1,18.964399337768555,0.10097000002861023,58876.53123839991
2526,2458877.0170602,252.409916,64.5417932,1,19.099599838256836,0.11217699944972992,58876.51706020022
2527,2458877.0170602,252.4099109,64.5417948,1,19.103099822998047,0.1109509989619255,58876.51706020022
2528,2458876.0475347,252.4101516,64.5417044,2,19.307100296020508,0.13423199951648712,58875.54753470002
2529,2458876.0452431,252.4098112,64.5417733,2,18.915700912475586,0.09864100068807602,58875.5452430998
2530,2458875.9893403,252.410178,64.5417807,1,19.037599563598633,0.11998999863862991,58875.489340300206
2531,2458875.9869676,252.4097315,64.5417876,1,19.1072998046875,0.1259790062904358,58875.48696759995
2532,2458874.0547106,252.409744,64.5417918,1,18.971799850463867,0.11185500025749207,58873.55471060006
2533,2458874.0533218,252.4098625,64.5417942,1,19.162799835205078,0.09945300221443176,58873.553321800195
2534,2458874.0318634,252.4097399,64.5418044,2,19.00349998474121,0.11834099888801575,58873.53186339978
2535,2458874.0300463,252.4096252,64.5417941,2,19.135499954223633,0.10545500367879868,58873.53004630003
2536,2458873.0667361,252.4097445,64.5417899,2,18.99650001525879,0.09374299645423889,58872.566736099776
2537,2458872.9535532,252.4098204,64.5418315,1,19.091299057006836,0.1292089968919754,58872.45355319977
2538,2458872.0335648,252.4098784,64.5418268,2,19.073299407958984,0.13506799936294556,58871.53356479993
2539,2458871.9709491,252.4101863,64.541699,1,18.988000869750977,0.13304699957370758,58871.470949099865
2540,2458867.9889583,252.4100295,64.5417892,2,19.045799255371094,0.10907600075006485,58867.48895830009
2541,2458867.9543171,252.4098653,64.541767,1,18.97570037841797,0.11972499638795853,58867.45431709988
2542,2458867.0776736,252.4095337,64.5417813,1,19.027700424194336,0.14278900623321533,58866.577673600055
2543,2458867.0626968,252.4097474,64.5417966,1,19.11400032043457,0.13725000619888306,58866.5626968001
2544,2458867.0372222,252.4097554,64.5418145,2,19.147899627685547,0.12947799265384674,58866.53722220007
2545,2458867.0362847,252.4096773,64.5418366,2,18.9375,0.12110999971628189,58866.536284700036
2546,2458865.0153125,252.4096334,64.5417594,2,19.249500274658203,0.13249599933624268,58864.51531249983
2547,2458864.9671412,252.409649,64.5418561,1,19.033199310302734,0.12880299985408783,58864.46714119986
2548,2458862.0496759,252.4095673,64.5417656,2,19.19809913635254,0.17377600073814392,58861.54967590002
2549,2458862.0491898,252.4096358,64.5417658,2,19.06329917907715,0.1910189986228943,58861.54918979993
2550,2458862.010787,252.40932,64.5418561,1,19.06999969482422,0.2674829959869385,58861.51078699995
2551,2458861.986713,252.4093616,64.5417747,1,18.78730010986328,0.3015519976615906,58861.48671300011
2552,2458859.9900579,252.4094981,64.5417748,2,18.86210060119629,0.14241500198841095,58859.49005790008
2553,2458856.0045949,252.4097823,64.5418269,1,19.233999252319336,0.13533200323581696,58855.50459490018
2554,2458855.0769907,252.4097257,64.5418086,2,18.956600189208984,0.3021570146083832,58854.57699069986
2555,2458855.0746991,252.4094786,64.5418541,2,19.008699417114258,0.2390269935131073,58854.57469910011
2557,2458855.0510648,252.4096464,64.5418227,1,19.092899322509766,0.18941199779510498,58854.551064800005
2558,2458854.0337153,252.4100018,64.5417629,1,19.244400024414062,0.12493100017309189,58853.533715299796
2559,2458854.0327778,252.4097091,64.5418134,1,19.118200302124023,0.10857100039720535,58853.532777800225
2560,2458853.0603819,252.4097921,64.5417939,2,19.12070083618164,0.11226999759674072,58852.56038190005
2561,2458853.0581019,252.4097715,64.5418096,2,19.252899169921875,0.14430299401283264,58852.55810189992
2562,2458853.0304514,252.4099858,64.5417925,1,19.24489974975586,0.13105599582195282,58852.530451400205
2563,2458853.0285764,252.4098171,64.5417814,1,19.065399169921875,0.11572899669408798,58852.52857640013
2564,2458852.05625,252.4097578,64.5418036,1,19.10540008544922,0.14146900177001953,58851.55624999991
2565,2458852.0542708,252.4098715,64.5418213,1,19.104900360107422,0.14647400379180908,58851.5542708002
2566,2458851.9997106,252.4097079,64.5418393,2,19.02400016784668,0.1843239963054657,58851.49971059989
2567,2458851.0551736,252.4100012,64.5417148,1,19.13719940185547,0.11630400270223618,58850.55517360009
2568,2458851.0542361,252.4096991,64.5418142,1,19.083599090576172,0.1367660015821457,58850.554236100055
2569,2458851.0113542,252.4099423,64.541743,2,19.081100463867188,0.13136500120162964,58850.511354200076
2571,2458805.5784954,252.4092191,64.5416536,2,19.25480079650879,0.20851899683475494,58805.07849540003
2573,2458797.6372917,252.4096778,64.5418272,1,19.38920021057129,0.29963499307632446,58797.13729170011
2575,2458796.6409722,252.4100455,64.5418494,1,18.941699981689453,0.19381499290466309,58796.14097219985
2576,2458796.5978241,252.4096105,64.5418714,2,19.159799575805664,0.17524999380111694,58796.09782409994
2577,2458795.6134375,252.4096554,64.5419097,1,19.245500564575195,0.27447301149368286,58795.11343749985
2578,2458795.6120486,252.4095607,64.5417766,1,19.253700256347656,0.21239399909973145,58795.11204859987
2579,2458795.6037384,252.4098789,64.5418189,2,19.142799377441406,0.14037300646305084,58795.103738400154
2580,2458795.58,252.4093888,64.5418395,2,19.268999099731445,0.16046400368213654,58795.080000000075
2581,2458794.6362963,252.4097464,64.5418283,1,19.092599868774414,0.1844090074300766,58794.13629630022
2582,2458794.6020602,252.4097542,64.5417995,2,19.107500076293945,0.15909400582313538,58794.10206020018
2583,2458793.6411458,252.4097127,64.5419367,1,19.125600814819336,0.19875499606132507,58793.141145799775
2584,2458793.6008102,252.4096001,64.5417557,2,19.1471004486084,0.1891150027513504,58793.100810199976
2585,2458792.6137037,252.4098061,64.5418115,2,18.98699951171875,0.1399489939212799,58792.11370369978
2586,2458791.6334375,252.4098066,64.5418188,1,19.18910026550293,0.19135600328445435,58791.13343749987
2587,2458791.5966319,252.4097368,64.5418389,2,19.108999252319336,0.1451060026884079,58791.09663189994
2588,2458790.6133681,252.4095865,64.5418448,2,19.177600860595703,0.1547120064496994,58790.11336810002
2589,2458789.6678819,252.4095156,64.5418577,1,19.082799911499023,0.18781599402427673,58789.16788189998
2590,2458789.641088,252.4097635,64.5417884,2,19.399599075317383,0.2345840036869049,58789.14108800003
2591,2458789.6392245,252.409562,64.5417997,2,19.146099090576172,0.16053299605846405,58789.13922449993
2592,2458788.6674653,252.4094994,64.5417834,1,19.282699584960938,0.18259799480438232,58788.16746529983
2593,2458787.6665394,252.4097105,64.5417263,1,19.213499069213867,0.23394499719142914,58787.166539399885
2594,2458787.6398148,252.409476,64.541938,2,19.081499099731445,0.24647699296474457,58787.13981480012
2595,2458787.6379398,252.4094316,64.5418345,2,19.029699325561523,0.21036499738693237,58787.13793980004
2596,2458786.6742245,252.4099088,64.5416945,1,19.266199111938477,0.2053689956665039,58786.17422450008
2597,2458786.6474537,252.4099103,64.5417218,2,19.012500762939453,0.15952299535274506,58786.14745370019
2598,2458786.6455903,252.409608,64.5418033,2,19.212400436401367,0.17984500527381897,58786.145590300206
2599,2458785.6677662,252.4096737,64.5418313,1,19.113000869750977,0.14221400022506714,58785.16776619991
2600,2458785.640544,252.4095057,64.5418498,2,19.202699661254883,0.15740099549293518,58785.14054400008
2601,2458785.6386806,252.4098285,64.5417847,2,19.07069969177246,0.14086699485778809,58785.138680600096
2602,2458783.6680671,252.4096194,64.5418098,1,19.06879997253418,0.16779600083827972,58783.16806709999
2603,2458783.6409028,252.4097259,64.5418346,2,19.163400650024414,0.1291780024766922,58783.14090280002
2604,2458783.6390394,252.4097882,64.5418195,2,19.17639923095703,0.126801997423172,58783.139039400034
2605,2458782.6396991,252.4097771,64.5418496,2,19.20199966430664,0.1663299947977066,58782.13969910005
2606,2458782.6378356,252.4097223,64.5417688,2,19.194700241088867,0.1525229960680008,58782.13783559995
2607,2458781.6681829,252.4094971,64.5419552,1,19.17770004272461,0.2695249915122986,58781.168182900175
2608,2458781.6405903,252.4094849,64.5419767,2,18.943700790405273,0.2752319872379303,58781.14059029985
2609,2458781.6387269,252.4090329,64.5419087,2,19.11669921875,0.2380480021238327,58781.138726899866
2610,2458779.6686921,252.40974,64.5417983,1,19.079099655151367,0.1404159963130951,58779.16869209986
2611,2458779.6668171,252.4096752,64.5417179,1,19.21820068359375,0.14676399528980255,58779.16681709979
2612,2458779.6406829,252.4095994,64.541856,2,19.21470069885254,0.1788730025291443,58779.14068289986
2613,2458779.6388194,252.4097345,64.54174,2,19.300199508666992,0.16088399291038513,58779.13881940022
2614,2458778.6688657,252.4096837,64.5418299,1,19.146900177001953,0.1667959988117218,58778.16886569979
2615,2458778.6670023,252.4097434,64.5417804,1,19.075000762939453,0.15304100513458252,58778.1670022998
2616,2458778.6408796,252.4097617,64.5418927,2,18.992900848388672,0.12937399744987488,58778.14087959984
2617,2458778.6390162,252.4097002,64.5417899,2,19.111099243164062,0.13785900175571442,58778.13901619986
2618,2458777.6686574,252.4097021,64.5418243,1,19.090299606323242,0.18374300003051758,58777.16865740018
2619,2458777.6668056,252.4097401,64.5418684,1,19.102100372314453,0.17207899689674377,58777.166805599816
2621,2458777.6388194,252.4098276,64.5417956,2,19.214000701904297,0.19739000499248505,58777.13881940022
2622,2458776.6682176,252.4097379,64.5418154,1,19.147499084472656,0.14065200090408325,58776.16821759986
2623,2458776.6663542,252.4097928,64.5417877,1,19.024999618530273,0.1381320059299469,58776.16635419987
2624,2458776.6402778,252.4097251,64.5418462,2,19.107999801635742,0.11141599714756012,58776.14027780015
2625,2458776.6384144,252.4096104,64.5418439,2,19.11440086364746,0.11064700037240982,58776.138414400164
2626,2458775.6689931,252.4097157,64.5418538,1,19.09440040588379,0.14928500354290009,58775.16899310006
2627,2458775.6671296,252.4097134,64.5417712,1,19.15570068359375,0.12422899901866913,58775.167129599955
2628,2458775.6410532,252.4096695,64.5418181,2,19.11549949645996,0.13796499371528625,58775.14105319977
2629,2458775.6391898,252.4096216,64.5417556,2,19.1737003326416,0.13422399759292603,58775.13918979978
2630,2458774.6688889,252.4096926,64.5417947,1,19.08799934387207,0.15429000556468964,58774.16888889996
2631,2458774.6670255,252.4095853,64.5417601,1,19.048999786376953,0.13625100255012512,58774.16702549998
2632,2458774.6413194,252.4095072,64.5419085,2,19.038799285888672,0.1550610065460205,58774.141319400165
2633,2458774.639456,252.4096358,64.5417915,2,19.14389991760254,0.16069500148296356,58774.13945600018
2634,2458773.6670833,252.4095226,64.5418037,1,19.00349998474121,0.15147900581359863,58773.167083300184
2635,2458773.6410301,252.4096628,64.5419026,2,19.22369956970215,0.20907500386238098,58773.141030100174
2636,2458772.6703241,252.4096998,64.5417311,1,18.953899383544922,0.14912199974060059,58772.17032410018
2637,2458772.6684606,252.4096913,64.5418111,1,19.25629997253418,0.2107740044593811,58772.16846060008
2638,2458772.6405324,252.4099134,64.5418115,2,19.19890022277832,0.1706780046224594,58772.14053239999
2639,2458771.6699769,252.4098093,64.5419343,1,19.10890007019043,0.22089500725269318,58771.169976899866
2640,2458771.6681134,252.4094461,64.5418339,1,19.135900497436523,0.2166920006275177,58771.16811340023
2641,2458771.6420833,252.4095339,64.5418916,2,19.061199188232422,0.162773996591568,58771.14208329981
2642,2458771.638588,252.409554,64.5418503,2,19.175899505615234,0.2186809927225113,58771.13858800009
2643,2458770.6697454,252.4100699,64.5419015,1,19.21739959716797,0.28157299757003784,58770.16974540008
2644,2458770.6404745,252.4097392,64.541829,2,19.07080078125,0.1664309948682785,58770.140474500135
2645,2458770.6386111,252.4096774,64.5417537,2,18.993900299072266,0.11960099637508392,58770.13861110015
2646,2458769.6696991,252.4096581,64.5417635,1,19.18400001525879,0.30226001143455505,58769.169699099846
2647,2458769.6406713,252.4099446,64.5417983,2,19.26110076904297,0.18391799926757812,58769.14067129977
2648,2458769.6388079,252.4095399,64.5418374,2,19.239999771118164,0.1592549979686737,58769.138807899784
2649,2458768.6697569,252.4096767,64.5417723,1,19.063100814819336,0.19621500372886658,58768.16975690005
2650,2458768.6678935,252.4095558,64.5417643,1,19.008100509643555,0.1315550059080124,58768.16789350007
2651,2458768.6409954,252.4096979,64.5418,2,18.932100296020508,0.130948007106781,58768.14099540003
2652,2458768.6375,252.409555,64.5417499,2,19.19879913330078,0.17746999859809875,58768.137500000186
2656,2458767.6372917,252.4098737,64.5419028,2,19.27899932861328,0.2160390019416809,58767.13729170011
2657,2458766.6716667,252.4096789,64.5417635,1,19.108600616455078,0.21270699799060822,58766.17166669993
2658,2458766.6698032,252.4096895,64.5417843,1,19.188600540161133,0.1974799931049347,58766.169803199824
2659,2458766.6389583,252.4097049,64.5418364,2,19.211700439453125,0.18605299293994904,58766.1389583
2660,2458766.6370949,252.4095144,64.5417257,2,19.018299102783203,0.1305689960718155,58766.13709490001
2662,2458765.6712384,252.4097067,64.541791,1,19.077600479125977,0.17312400043010712,58765.17123840004
2663,2458765.6404398,252.4097475,64.5417946,2,19.04800033569336,0.12032099813222885,58765.14043979999
2664,2458765.6385764,252.4097303,64.5417742,2,19.08690071105957,0.1170480027794838,58765.1385764
2665,2458764.6724074,252.409552,64.5418205,1,19.0137996673584,0.15056000649929047,58764.17240739986
2666,2458764.6705324,252.4096215,64.5418105,1,19.117000579833984,0.12356600165367126,58764.17053239979
2667,2458764.6385532,252.4097526,64.541811,2,19.177499771118164,0.14563199877738953,58764.138553199824
2668,2458764.6366898,252.409772,64.5418132,2,19.059099197387695,0.1030609980225563,58764.13668979984
2669,2458763.6810764,252.4096294,64.5418332,1,19.21649932861328,0.15352000296115875,58763.18107639998
2670,2458763.679213,252.4094841,64.5418388,1,19.182600021362305,0.13462400436401367,58763.179212999996
2671,2458763.6532639,252.409655,64.5417363,2,19.14080047607422,0.1655389964580536,58763.15326389996
2672,2458763.6514005,252.4096956,64.54182,2,19.197500228881836,0.141757994890213,58763.15140049998
2673,2458762.6797338,252.409738,64.5418123,1,19.27400016784668,0.1873130053281784,58762.17973379977
2674,2458762.6778704,252.4097213,64.5417849,1,19.029199600219727,0.11843299865722656,58762.177870399784
2676,2458762.6501389,252.4097551,64.5417892,2,19.121299743652344,0.10540200024843216,58762.15013890015
2677,2458761.6805556,252.4096634,64.5418415,1,19.23579978942871,0.18562200665473938,58761.18055560021
2678,2458761.6786921,252.4096141,64.541756,1,19.186199188232422,0.1516059935092926,58761.178692100104
2679,2458761.6522801,252.4096967,64.541772,2,19.000499725341797,0.11768600344657898,58761.152280100156
2680,2458761.6504167,252.4096581,64.5418374,2,19.11949920654297,0.1126440018415451,58761.15041670017
2681,2458760.6815394,252.4095719,64.5417993,1,19.203800201416016,0.16354499757289886,58760.181539400015
2682,2458760.6796759,252.4095996,64.5418291,1,18.97010040283203,0.103814996778965,58760.17967589991
2683,2458760.6532986,252.4097096,64.5417746,2,19.238800048828125,0.14972999691963196,58760.15329860011
2684,2458760.6514352,252.4097035,64.5418071,2,19.143299102783203,0.11998199671506882,58760.151435200125
2685,2458758.6971528,252.4097125,64.5418,1,19.03860092163086,0.17893700301647186,58758.19715279993
2686,2458758.6867824,252.4097237,64.5417691,1,19.16629981994629,0.13239699602127075,58758.186782400124
2687,2458758.6608333,252.4098773,64.5417845,2,19.097200393676758,0.1383810043334961,58758.16083330009
2688,2458758.6589699,252.4097124,64.5417957,2,19.316699981689453,0.1748110055923462,58758.158969900105
2689,2458754.6803935,252.4097793,64.5417553,1,19.38599967956543,0.18210099637508392,58754.18039349979
2690,2458754.6785301,252.4098713,64.5417935,1,19.28030014038086,0.12766900658607483,58754.1785300998
2691,2458754.6518866,252.4097242,64.5418149,2,19.22439956665039,0.1117430031299591,58754.15188660007
2692,2458754.6500231,252.4095802,64.5417903,2,19.172500610351562,0.09811100363731384,58754.150023099966
2693,2458751.6807292,252.4097211,64.5416932,1,19.337099075317383,0.18237599730491638,58751.18072920013
2694,2458751.6788657,252.4098074,64.5418037,1,19.262500762939453,0.14103899896144867,58751.17886570003
2695,2458751.6522801,252.4097492,64.5418381,2,19.366100311279297,0.13259999454021454,58751.152280100156
2696,2458751.6504167,252.4096157,64.5417843,2,19.38629913330078,0.16586199402809143,58751.15041670017
2697,2458750.6830903,252.4099985,64.5415556,1,19.862499237060547,0.3007259964942932,58750.18309029983
2698,2458750.6812269,252.409694,64.5417566,1,19.3085994720459,0.20581099390983582,58750.18122689985
2699,2458750.6546296,252.4095559,64.5418103,2,19.369400024414062,0.16412100195884705,58750.15462959977
2700,2458750.6527662,252.4097435,64.541775,2,19.363100051879883,0.14938299357891083,58750.15276619978
2701,2458749.6827894,252.4096543,64.5418099,1,19.374000549316406,0.15458500385284424,58749.18278940022
2702,2458749.6809259,252.4096313,64.5418216,1,19.234699249267578,0.13607099652290344,58749.18092590012
2703,2458749.654375,252.4097513,64.5417895,2,19.36240005493164,0.1390800029039383,58749.154374999925
2704,2458749.6510764,252.4094761,64.5417522,2,19.31220054626465,0.16069099307060242,58749.15107640019
2705,2458748.6812731,252.4095009,64.5418483,1,19.364900588989258,0.16613799333572388,58748.181273099966
2706,2458748.6794097,252.409835,64.5418238,1,19.374500274658203,0.1968419998884201,58748.17940969998
2707,2458748.6517477,252.4096916,64.5417861,2,19.145700454711914,0.14769400656223297,58748.15174769983
2708,2458748.6498843,252.4097051,64.5417902,2,19.363399505615234,0.16855500638484955,58748.14988429984
2709,2458747.6821528,252.4097347,64.5418201,1,19.496000289916992,0.17564700543880463,58747.182152799796
2710,2458747.6802894,252.4096923,64.5418266,1,19.57539939880371,0.17421899735927582,58747.18028939981
2711,2458747.6527431,252.4097763,64.5418155,2,19.482200622558594,0.14959600567817688,58747.15274310019
2712,2458747.6508796,252.4096441,64.541805,2,19.342599868774414,0.12026699632406235,58747.150879600085
2713,2458746.7067477,252.4097597,64.5419212,1,19.56439971923828,0.20193800330162048,58746.206747699995
2714,2458746.7048843,252.4096873,64.5417534,1,19.546499252319336,0.1859000027179718,58746.20488430001
2715,2458746.6528935,252.409827,64.5417898,2,19.46660041809082,0.1525849997997284,58746.15289349994
2716,2458746.6510185,252.4097349,64.5417501,2,19.546100616455078,0.14733199775218964,58746.15101849986
2717,2458745.6822685,252.4096989,64.5418145,1,19.56800079345703,0.17667700350284576,58745.18226849986
2718,2458745.6803935,252.4096475,64.5417939,1,19.38990020751953,0.14435799419879913,58745.18039349979
2720,2458745.6512616,252.4097544,64.5417713,2,19.4689998626709,0.13566599786281586,58745.1512616002
2721,2458744.6821528,252.4096478,64.541809,1,19.416500091552734,0.15848399698734283,58744.182152799796
2722,2458744.6802894,252.4097609,64.5418018,1,19.458099365234375,0.15809200704097748,58744.18028939981
2723,2458744.6530903,252.4095973,64.5418493,2,19.544200897216797,0.17872799932956696,58744.15309030004
2724,2458744.6512269,252.4097065,64.5418222,2,19.42060089111328,0.12876400351524353,58744.15122690005
2725,2458743.6831481,252.4099005,64.5417734,1,19.41900062561035,0.1963070034980774,58743.18314810004
2726,2458743.6812847,252.4096161,64.5416833,1,19.564199447631836,0.21584999561309814,58743.181284700055
2727,2458743.6541782,252.4098294,64.5418288,2,19.275400161743164,0.166035994887352,58743.154178199824
2730,2458741.682581,252.409776,64.5418339,1,19.52589988708496,0.23746399581432343,58741.18258100003
2732,2458741.6526042,252.4096773,64.5418125,2,19.302600860595703,0.16365699470043182,58741.152604199946
2733,2458741.6507407,252.4097018,64.5418356,2,19.484399795532227,0.20830999314785004,58741.15074069984
2734,2458740.6856944,252.4098897,64.541809,1,19.45840072631836,0.2556680142879486,58740.18569440022
2735,2458740.683831,252.409654,64.5418571,1,19.246299743652344,0.2003459930419922,58740.18383099977
2736,2458740.652581,252.4097131,64.5419684,2,19.401399612426758,0.22993500530719757,58740.15258099977
2737,2458740.6507176,252.4097473,64.5417997,2,19.40060043334961,0.19122299551963806,58740.15071759978
2740,2458739.652419,252.4096581,64.5417814,2,19.423999786376953,0.1983499974012375,58739.15241899993
2742,2458738.6821181,252.4096409,64.5418703,1,19.499000549316406,0.27258700132369995,58738.182118100114
2743,2458738.6802546,252.4092888,64.5417861,1,19.671600341796875,0.28436198830604553,58738.18025460001
2745,2458738.6518056,252.4097503,64.5418583,2,19.388399124145508,0.19632700085639954,58738.15180560015
2748,2458736.798912,252.4095806,64.5418998,1,19.313400268554688,0.23403500020503998,58736.29891199991
2749,2458736.7766898,252.4096213,64.5418702,2,19.53230094909668,0.24634699523448944,58736.27668979997
2750,2458736.7762037,252.409775,64.5417825,2,19.48200035095215,0.18670399487018585,58736.276203699876
2751,2458735.7904051,252.4095752,64.5418483,1,19.733600616455078,0.25314000248908997,58735.29040510021
2752,2458735.789919,252.4096352,64.5417004,1,19.636199951171875,0.19749699532985687,58735.28991900012
2753,2458735.7670023,252.4094086,64.5415884,2,19.735000610351562,0.19296300411224365,58735.267002299894
2754,2458735.7665162,252.4097014,64.5417524,2,19.38719940185547,0.13772200047969818,58735.2665161998
2755,2458734.7918287,252.4094026,64.541767,1,19.494199752807617,0.2289229929447174,58734.291828699876
2756,2458734.7913426,252.4094865,64.5418925,1,19.67620086669922,0.21765799820423126,58734.29134259978
2757,2458734.7684144,252.4094632,64.5418185,2,19.562700271606445,0.20059700310230255,58734.26841440005
2758,2458734.7679167,252.4097015,64.5418784,2,19.74679946899414,0.22251799702644348,58734.26791669987
2759,2458733.7905903,252.4095702,64.541857,1,19.437700271606445,0.1831520050764084,58733.290590300225
2760,2458733.7900926,252.4096123,64.5417612,1,19.630199432373047,0.20120500028133392,58733.290092600044
2761,2458733.7671296,252.4098891,64.5417554,2,19.57469940185547,0.18129199743270874,58733.26712960005
2762,2458733.7666435,252.4097782,64.5418098,2,19.646900177001953,0.19744400680065155,58733.266643499956
2763,2458732.7912616,252.4095935,64.5417906,1,19.503999710083008,0.18567299842834473,58732.291261599865
2764,2458732.7907639,252.4096209,64.541831,1,19.58639907836914,0.13875700533390045,58732.29076390015
2765,2458732.7675463,252.4097884,64.5418274,2,19.38680076599121,0.16453200578689575,58732.267546299845
2766,2458732.7670486,252.4096807,64.5418005,2,19.57819938659668,0.20117700099945068,58732.26704860013
2767,2458730.7929861,252.4096488,64.541899,1,19.636499404907227,0.22718800604343414,58730.292986100074
2768,2458730.7924884,252.4097841,64.5418874,1,19.507699966430664,0.15340599417686462,58730.29248839989
2769,2458730.7689931,252.4095298,64.5417876,2,19.342500686645508,0.23594099283218384,58730.26899310015
2772,2458727.7928704,252.4099075,64.541759,2,19.398300170898438,0.17444099485874176,58727.29287040001
2773,2458727.7923727,252.4096365,64.5417823,2,19.378400802612305,0.156810000538826,58727.29237269983
2774,2458726.7942824,252.4096099,64.5417494,1,19.575199127197266,0.16906200349330902,58726.29428240005
2775,2458726.7937847,252.4094991,64.5418486,1,19.492599487304688,0.13444699347019196,58726.29378469987
2776,2458726.7692014,252.4096571,64.5417717,2,19.48110008239746,0.14448599517345428,58726.269201400224
2777,2458726.7687037,252.4095797,64.5417775,2,19.46419906616211,0.11881499737501144,58726.26870370004
2778,2458725.7929861,252.4098248,64.5417736,1,19.408199310302734,0.1514119952917099,58725.292986100074
2779,2458725.7925,252.4097273,64.5417864,1,19.39229965209961,0.10833299905061722,58725.29249999998
2780,2458725.7677431,252.4098632,64.541798,2,19.369800567626953,0.1225069984793663,58725.26774309995
2781,2458725.7672454,252.4095893,64.5417426,2,19.458099365234375,0.11701499670743942,58725.26724540023
2782,2458724.8166782,252.4097302,64.5418052,1,19.401100158691406,0.19013500213623047,58724.31667819992
2783,2458724.8161921,252.4097659,64.5418492,1,19.488100051879883,0.13736499845981598,58724.316192099825
2784,2458724.7932523,252.4099097,64.5418271,2,19.40169906616211,0.1908790022134781,58724.293252300005
2785,2458724.7927546,252.4096298,64.5418561,2,19.268400192260742,0.12581400573253632,58724.292754599825
2786,2458723.8166551,252.4096197,64.5417862,1,19.16819953918457,0.1610029935836792,58723.31665509986
2787,2458723.816169,252.4096452,64.5417973,1,19.308000564575195,0.1471720039844513,58723.31616900023
2788,2458723.793206,252.409645,64.5417795,2,19.21109962463379,0.13320399820804596,58723.29320599977
2790,2458722.7946644,252.4097031,64.541817,1,19.4424991607666,0.14420300722122192,58722.294664400164
2791,2458722.7941667,252.4096546,64.5417895,1,19.341299057006836,0.12002500146627426,58722.29416669998
2792,2458722.7692477,252.4097736,64.5417571,2,19.288299560546875,0.1426369994878769,58722.269247699995
2793,2458722.7687616,252.4097999,64.5417654,2,19.40220069885254,0.13145899772644043,58722.2687615999
2797,2458721.7688657,252.4096204,64.5417544,2,19.33880043029785,0.1361439973115921,58721.26886569988
2798,2458720.8146065,252.4095466,64.5418062,1,19.381099700927734,0.16457399725914001,58720.31460649986
2799,2458720.8141088,252.4097428,64.541848,1,19.311199188232422,0.15209899842739105,58720.31410880014
2800,2458720.7902083,252.4097988,64.5418125,2,19.31290054321289,0.14875000715255737,58720.29020830011
2801,2458720.7897222,252.4096315,64.5417514,2,19.29010009765625,0.20257499814033508,58720.28972220002
2802,2458719.7963194,252.409655,64.5418299,1,19.337900161743164,0.16700999438762665,58719.29631939996
2803,2458719.7958218,252.4096417,64.5417648,1,19.288000106811523,0.14357100427150726,58719.2958217999
2804,2458719.7694213,252.4098532,64.5417377,2,19.31410026550293,0.20221099257469177,58719.26942129992
2805,2458719.7689352,252.4097914,64.5418077,2,19.329299926757812,0.13276199996471405,58719.26893519983
2806,2458718.8155671,252.409668,64.5418441,1,19.21769905090332,0.15602999925613403,58718.315567099955
2807,2458718.815081,252.4097442,64.5418305,1,19.292800903320312,0.16450899839401245,58718.31508099986
2808,2458718.790463,252.4097772,64.5418154,2,19.230300903320312,0.1461469978094101,58718.29046300007
2809,2458718.7899653,252.4096289,64.5418225,2,19.26799964904785,0.1645440012216568,58718.28996529989
2810,2458717.7957176,252.4098311,64.541822,1,19.315000534057617,0.13520699739456177,58717.2957175998
2811,2458717.7952315,252.4096892,64.5418229,1,19.333200454711914,0.14025500416755676,58717.295231500175
2812,2458717.7687616,252.4098456,64.5417785,2,19.220300674438477,0.15238599479198456,58717.2687615999
2813,2458717.7682755,252.4095888,64.5417929,2,19.249799728393555,0.12018799781799316,58717.26827549981
2814,2458716.8152431,252.4095896,64.5417599,1,19.208499908447266,0.17471499741077423,58716.315243099816
2815,2458716.8147454,252.4095093,64.5418577,1,19.324499130249023,0.15214399993419647,58716.3147454001
2816,2458716.7899537,252.4098126,64.5417882,2,19.177400588989258,0.13876299560070038,58716.2899536998
2817,2458716.7894676,252.4095685,64.5418205,2,19.1658992767334,0.10945899784564972,58716.289467600174
2818,2458715.7953819,252.4095621,64.541849,1,19.19659996032715,0.12326999753713608,58715.29538189992
2819,2458715.7948958,252.4097452,64.5417986,1,19.315099716186523,0.13863199949264526,58715.29489579983
2820,2458715.7688426,252.4096841,64.5417828,2,19.15959930419922,0.14217400550842285,58715.26884259982
2821,2458715.7683449,252.4096889,64.5418351,2,19.298900604248047,0.1333940029144287,58715.268344900105
2822,2458714.7101389,252.4096861,64.5418301,1,19.266199111938477,0.16998499631881714,58714.210138900205
2823,2458714.7096528,252.409643,64.5418164,1,19.241199493408203,0.15388800203800201,58714.20965280011
2824,2458714.6846528,252.4095917,64.5418091,2,19.311100006103516,0.13390100002288818,58714.184652800206
2825,2458714.6841551,252.4096225,64.5417897,2,19.274499893188477,0.10769899934530258,58714.184155100025
2826,2458713.7183565,252.4098576,64.5418681,1,19.038400650024414,0.20970399677753448,58713.218356499914
2829,2458711.7090741,252.4096821,64.5418529,1,19.234899520874023,0.21020400524139404,58711.209074100014
2830,2458711.6845023,252.4096824,64.5418428,2,19.25149917602539,0.18714599311351776,58711.184502299875
2831,2458711.6840046,252.4097591,64.5418083,2,19.116899490356445,0.141525998711586,58711.18400460016
2832,2458710.7101852,252.4097184,64.5417773,1,19.30769920349121,0.18320100009441376,58710.210185199976
2833,2458710.7096875,252.4096507,64.5418317,1,19.19659996032715,0.14433899521827698,58710.209687499795
2834,2458710.6846991,252.4098033,64.5418242,2,19.112300872802734,0.14451999962329865,58710.18469909998
2835,2458710.684213,252.409779,64.5418073,2,19.17930030822754,0.13276700675487518,58710.184212999884
2836,2458709.7246644,252.4097558,64.5418148,1,19.259599685668945,0.21173599362373352,58709.224664399866
2837,2458709.7228009,252.4095531,64.5417914,1,19.214399337768555,0.16183699667453766,58709.22280090023
2838,2458709.6961921,252.4096178,64.5418056,2,19.231300354003906,0.17518900334835052,58709.19619210018
2839,2458709.6943287,252.4097494,64.5417849,2,19.17460060119629,0.11273100227117538,58709.19432870019
2840,2458708.7250579,252.4095847,64.5418722,1,19.271400451660156,0.17222699522972107,58708.22505789995
2841,2458708.7231944,252.4096221,64.5418291,1,19.224899291992188,0.16584600508213043,58708.22319439985
2842,2458708.6965972,252.4097926,64.5418072,2,19.326400756835938,0.1370529979467392,58708.19659719989
2843,2458708.6947222,252.4096204,64.5417777,2,19.151500701904297,0.11822900176048279,58708.19472219981
2845,2458707.7220833,252.4096529,64.5417907,1,19.24180030822754,0.152195006608963,58707.22208329989
2846,2458707.6952315,252.4098137,64.5418035,2,19.36389923095703,0.16005900502204895,58707.19523150008
2848,2458706.727037,252.4097547,64.5418291,1,19.156600952148438,0.15538999438285828,58706.227037000004
2849,2458706.7251736,252.4097205,64.5418337,1,19.402700424194336,0.1804639995098114,58706.22517360002
2850,2458706.6965509,252.4097404,64.5417987,2,19.153099060058594,0.12346900254487991,58706.19655090012
2851,2458706.6946875,252.4096857,64.541731,2,19.16510009765625,0.12014999985694885,58706.19468750013
2852,2458705.724294,252.4097138,64.5418112,1,19.137500762939453,0.11044000089168549,58705.22429399984
2853,2458705.7224306,252.4097184,64.5418362,1,19.063400268554688,0.10890699923038483,58705.22243059985
2854,2458705.695787,252.4096787,64.5417943,2,19.247600555419922,0.13294999301433563,58705.195787000004
2855,2458705.6939236,252.4095761,64.5417972,2,19.267200469970703,0.14684399962425232,58705.19392360002
2856,2458704.8054514,252.4097354,64.5418246,1,19.324499130249023,0.13944600522518158,58704.30545140011
2857,2458704.803588,252.4097562,64.5417126,1,19.405500411987305,0.15116199851036072,58704.303588000126
2858,2458704.7779861,252.4097653,64.5417578,2,19.212299346923828,0.1599320024251938,58704.27798609994
2859,2458704.7761227,252.4095901,64.541797,2,19.182899475097656,0.11951299756765366,58704.27612269996
2860,2458703.8099884,252.4096624,64.5417993,1,19.354799270629883,0.13780899345874786,58703.30998839997
2861,2458703.808125,252.4096635,64.5418089,1,19.192699432373047,0.09837599843740463,58703.30812499998
2862,2458703.7833796,252.409852,64.5417821,2,19.114999771118164,0.10555300116539001,58703.28337959992
2863,2458703.7815162,252.4095474,64.5417963,2,19.20549964904785,0.12476299703121185,58703.28151619993
2864,2458702.8095486,252.4096852,64.541815,1,19.26180076599121,0.11881200224161148,58702.30954860011
2865,2458702.8076852,252.4096268,64.5418278,1,19.381500244140625,0.1520249992609024,58702.307685200125
2866,2458702.7815162,252.4097694,64.5417896,2,19.348499298095703,0.16792599856853485,58702.28151619993
2867,2458702.7796528,252.4096351,64.5417548,2,19.351299285888672,0.18125499784946442,58702.279652799945
2868,2458701.8103588,252.409606,64.541775,1,19.30699920654297,0.1357550024986267,58701.310358799994
2869,2458701.8084954,252.4096652,64.5417872,1,19.250999450683594,0.14090900123119354,58701.30849540001
2872,2458700.8067708,252.4096123,64.5417893,1,19.19499969482422,0.13198800384998322,58700.30677080015
2873,2458700.8049074,252.4096593,64.5417796,1,19.350099563598633,0.10806000232696533,58700.30490740016
2874,2458700.7782639,252.4097262,64.5418085,2,19.24220085144043,0.11781500279903412,58700.27826389996
2875,2458700.7764005,252.4096312,64.5418285,2,19.273399353027344,0.10402200371026993,58700.27640049998
2876,2458699.8102083,252.4095996,64.54177,1,19.167600631713867,0.12423700094223022,58699.31020830013
2877,2458699.8083449,252.4096405,64.5418186,1,19.249500274658203,0.14736899733543396,58699.30834490014
2878,2458699.7817361,252.4097639,64.5418319,2,19.239200592041016,0.12398000061511993,58699.28173610009
2879,2458699.7798727,252.4097386,64.5417756,2,19.267799377441406,0.09251999855041504,58699.279872700106
2880,2458698.8101157,252.4097086,64.5417822,1,19.08099937438965,0.18194299936294556,58698.31011570012
2883,2458697.8272801,252.409664,64.5418436,1,19.243999481201172,0.10647299885749817,58697.32728009997
2884,2458697.8254167,252.4096699,64.5417936,1,19.2903995513916,0.12279199808835983,58697.32541669998
2885,2458697.8007755,252.4097362,64.541785,2,19.23040008544922,0.10814300179481506,58697.300775500014
2886,2458697.7989005,252.4097361,64.5418214,2,19.36479949951172,0.13965100049972534,58697.29890049994
2887,2458696.8079977,252.4097206,64.5418168,1,19.329700469970703,0.12469299882650375,58696.30799769983
2888,2458696.8061343,252.409677,64.5418785,1,19.281700134277344,0.10211899876594543,58696.30613429984
2889,2458696.7787847,252.4098279,64.5418024,2,19.291000366210938,0.1281690001487732,58696.278784700204
2890,2458696.7769213,252.409762,64.5417696,2,19.21339988708496,0.09730400145053864,58696.27692130022
2891,2458695.8067014,252.4096744,64.5418302,1,19.306499481201172,0.15033599734306335,58695.30670139985
2892,2458695.804838,252.4097136,64.5418432,1,19.36669921875,0.12135700136423111,58695.304837999865
2893,2458695.777338,252.4098936,64.5417335,2,19.099899291992188,0.15561899542808533,58695.277338000014
2895,2458694.8089352,252.4096617,64.5418017,1,19.365299224853516,0.12496300041675568,58694.308935199864
2897,2458694.7041088,252.4096255,64.5417745,2,19.327600479125977,0.12204699963331223,58694.20410879981
2898,2458693.7681829,252.409656,64.5417963,1,19.338600158691406,0.10875999927520752,58693.2681828998
2899,2458693.7672454,252.409687,64.5418009,1,19.399999618530273,0.13515299558639526,58693.26724540023
2900,2458693.7165278,252.4097986,64.5417841,2,19.378000259399414,0.13753099739551544,58693.216527800076
2901,2458692.8291551,252.4096517,64.5417815,2,19.397899627685547,0.14820300042629242,58692.329155100044
2902,2458691.7055324,252.409847,64.5417464,2,19.314899444580078,0.12222400307655334,58691.20553239994
2903,2458691.6807407,252.4095466,64.5417868,2,19.440200805664062,0.1096780002117157,58691.1807407001
2905,2458690.7058796,252.4095951,64.5418344,1,19.381900787353516,0.09023500233888626,58690.20587959979
2906,2458690.6809606,252.4096332,64.5417282,2,19.419700622558594,0.11838799715042114,58690.1809605998
2907,2458689.680544,252.4095771,64.5417156,2,19.405000686645508,0.1549379974603653,58689.18054400012
2908,2458688.8865972,252.4096773,64.5417905,2,19.26919937133789,0.1130720004439354,58688.38659719983
2909,2458688.804838,252.409649,64.5417513,1,19.383699417114258,0.1367190033197403,58688.304837999865
2910,2458685.8644097,252.4099135,64.5418313,1,19.447200775146484,0.17398600280284882,58685.364409700036
2911,2458685.8625463,252.4096309,64.541817,1,19.2677001953125,0.13685700297355652,58685.36254630005
2912,2458685.8393519,252.4099005,64.5418001,2,19.298599243164062,0.1288899928331375,58685.33935189992
2913,2458685.8374769,252.4095215,64.5418794,2,19.497699737548828,0.14700299501419067,58685.33747689985
2914,2458684.7659375,252.4097018,64.5418301,1,19.276399612426758,0.18097099661827087,58684.26593750017
2915,2458684.7640741,252.4096754,64.5418533,1,19.338300704956055,0.175368994474411,58684.26407410018
2917,2458684.7360532,252.4095045,64.5417493,2,19.524700164794922,0.17345300316810608,58684.23605319997
2918,2458683.7759028,252.4095943,64.5418246,1,19.437400817871094,0.1623460054397583,58683.275902799796
2919,2458683.7740394,252.409632,64.5418224,1,19.40329933166504,0.13866400718688965,58683.27403939981
2920,2458683.7476968,252.4095499,64.5417796,2,19.42009925842285,0.10149399936199188,58683.24769680016
2921,2458683.7458333,252.4095296,64.5417858,2,19.297199249267578,0.11935699731111526,58683.245833300054
2922,2458683.7194792,252.410082,64.5418529,2,19.390899658203125,0.14476600289344788,58683.219479199965
2923,2458683.7176157,252.4095754,64.5417783,2,19.4596004486084,0.11564300209283829,58683.21761569986
2924,2458682.7601736,252.4096085,64.5417515,2,19.462499618530273,0.1832450032234192,58682.26017360017
2925,2458682.7587384,252.4095777,64.5417976,2,19.286500930786133,0.1293880045413971,58682.25873839995
2926,2458682.6809375,252.4097817,64.5418048,1,19.59910011291504,0.16905300319194794,58682.180937500205
2927,2458682.6804398,252.4096367,64.5418379,1,19.444499969482422,0.15966500341892242,58682.180439800024
2928,2458681.7583912,252.4098522,64.5418301,2,19.53809928894043,0.2128639966249466,58681.2583912001
2929,2458681.757419,252.4095529,64.5417132,2,19.450300216674805,0.15575699508190155,58681.257418999914
2930,2458681.7044444,252.4095579,64.5417953,1,19.445899963378906,0.1846420019865036,58681.204444400035
2931,2458681.7026042,252.4095466,64.541798,1,19.45599937438965,0.19383400678634644,58681.202604200225
2932,2458680.7815972,252.4098641,64.5417695,2,19.335100173950195,0.18463100492954254,58680.28159719985
2933,2458680.7583681,252.40968,64.5418803,2,19.37649917602539,0.17138800024986267,58680.25836810004
2935,2458680.683588,252.409371,64.5417132,1,19.555400848388672,0.25056999921798706,58680.183588000014
2936,2458679.7985995,252.4096845,64.5417846,1,19.432100296020508,0.19374600052833557,58679.29859950021
2937,2458679.7898032,252.409763,64.541886,1,19.619600296020508,0.22364600002765656,58679.289803199936
2938,2458679.7392245,252.4096454,64.5417397,2,19.29829978942871,0.1664929986000061,58679.23922450002
2939,2458679.721331,252.4096629,64.5417022,2,19.533599853515625,0.17725400626659393,58679.22133099986
2940,2458678.7767245,252.4096781,64.5417902,1,19.356300354003906,0.18387100100517273,58678.276724500116
2941,2458678.7757986,252.4094957,64.5418124,1,19.378000259399414,0.15023599565029144,58678.27579860017
2942,2458678.7404977,252.4096786,64.5418127,2,19.44729995727539,0.2136950045824051,58678.24049769994
2943,2458678.7255093,252.4097202,64.5417621,2,19.39579963684082,0.10952000319957733,58678.2255092999
2944,2458677.8213079,252.4096393,64.541771,1,19.516799926757812,0.20385299623012543,58677.321307899896
2945,2458677.8203704,252.4095812,64.5418482,1,19.46030044555664,0.1903419941663742,58677.32037039986
2946,2458677.7339815,252.4097836,64.5417716,2,19.295400619506836,0.16070599853992462,58677.233981499914
2947,2458677.7157292,252.4097884,64.5417722,2,19.281700134277344,0.10694699734449387,58677.215729199816
2948,2458674.8266088,252.4097302,64.5418012,1,19.54129981994629,0.15251700580120087,58674.32660879986
2949,2458674.6951157,252.4096869,64.541758,1,19.51740074157715,0.10008399933576584,58674.1951156999
2950,2458671.7914583,252.4098212,64.5418325,1,19.428499221801758,0.10151900351047516,58671.29145829985
2951,2458671.6961806,252.4098375,64.5418474,2,19.39579963684082,0.1240290030837059,58671.19618060021
2952,2458668.8270602,252.4096936,64.5417928,2,19.24250030517578,0.1247360035777092,58668.32706019981
2953,2458668.8256713,252.4096745,64.5417788,2,19.296499252319336,0.09800799936056137,58668.325671299826
2954,2458665.8514583,252.4097012,64.5417983,2,19.336299896240234,0.12900499999523163,58665.351458299905
2955,2458665.849919,252.4096891,64.5418064,2,19.137100219726562,0.11765400320291519,58665.349919000175
2956,2458665.7059259,252.4096847,64.5417707,1,19.32040023803711,0.10121999680995941,58665.20592590002
2957,2458665.704537,252.4096812,64.5418175,1,19.238500595092773,0.11859100311994553,58665.20453700004
2958,2458663.824294,252.4097477,64.5418153,2,19.185199737548828,0.09649000316858292,58663.32429399993
2959,2458663.8238079,252.4097067,64.5417891,2,19.257600784301758,0.11341799795627594,58663.32380789984
2960,2458663.7229745,252.409679,64.541808,1,19.226200103759766,0.12554499506950378,58663.22297450015
2961,2458662.7458333,252.4096794,64.5418021,2,19.18320083618164,0.1069210022687912,58662.245833300054
2962,2458662.7449074,252.4096019,64.5417696,2,19.27120018005371,0.11501900106668472,58662.244907400105
2963,2458662.7251505,252.4096308,64.5418458,1,19.288299560546875,0.10972899943590164,58662.22515049996
2964,2458662.7215278,252.4096429,64.5417978,1,19.2632999420166,0.11625199764966965,58662.221527799964
2965,2458661.8210301,252.4097691,64.5418022,2,19.2726993560791,0.12612999975681305,58661.321030099876
2966,2458660.7001273,252.4096794,64.5417859,1,19.243999481201172,0.11473699659109116,58660.200127299875
2967,2458660.6996412,252.4096461,64.5417963,1,19.251399993896484,0.07523299753665924,58660.19964119978
2968,2458658.7225347,252.4097157,64.5417787,1,19.32069969177246,0.0963200032711029,58658.22253469983
2969,2458658.7216088,252.4097205,64.541778,1,19.348499298095703,0.10103499889373779,58658.22160879988
2970,2458657.889213,252.4095777,64.5416809,2,19.420400619506836,0.17603999376296997,58657.38921299996
2971,2458657.8666782,252.4096888,64.5417804,2,19.354799270629883,0.13733699917793274,58657.3666782002
2972,2458657.7466088,252.4097042,64.5417775,1,19.313600540161133,0.1528709977865219,58657.24660879979
2973,2458657.724375,252.4096129,64.5418442,1,19.386999130249023,0.12010599672794342,58657.22437500022
2974,2458655.7663657,252.4096315,64.541805,1,19.443099975585938,0.2384749948978424,58655.266365699936
2975,2458655.7649769,252.4095728,64.5418151,1,19.369600296020508,0.16447199881076813,58655.26497690007
2976,2458655.7204398,252.4097719,64.5417551,2,19.451400756835938,0.16958999633789062,58655.22043980006
2977,2458655.7006597,252.409684,64.541759,2,19.34040069580078,0.15462200343608856,58655.200659700204
2978,2458654.7821065,252.4096031,64.5418377,1,19.46780014038086,0.1394290030002594,58654.28210650012
2979,2458654.7798148,252.4095908,64.5417927,1,19.311199188232422,0.17371000349521637,58654.27981479978
2980,2458654.7188194,252.4097438,64.5417843,2,19.236600875854492,0.13941000401973724,58654.21881939983
2981,2458654.7178935,252.4096623,64.5418647,2,19.250999450683594,0.17221599817276,58654.21789349988
2982,2458653.8210648,252.4095628,64.5418367,1,19.333900451660156,0.17702600359916687,58653.321064800024
2983,2458653.6984375,252.4097362,64.5417963,2,19.241300582885742,0.14747700095176697,58653.198437499814
2984,2458651.9504282,252.4093072,64.5417729,1,19.03420066833496,0.2146719992160797,58651.450428199954
2985,2458651.8159722,252.4097222,64.5418123,2,19.213199615478516,0.13770000636577606,58651.31597220013
2986,2458650.7835995,252.4096006,64.5417988,2,19.31439971923828,0.18248699605464935,58650.28359950008
2987,2458650.7056944,252.4096093,64.5418108,1,19.403600692749023,0.21176999807357788,58650.205694399774
2988,2458648.8505093,252.4093992,64.5417286,1,19.40999984741211,0.22219200432300568,58648.3505092999
2989,2458648.7363426,252.4099398,64.5417611,2,19.070899963378906,0.13072499632835388,58648.23634260008
2990,2458647.7635185,252.409607,64.5418132,2,19.056499481201172,0.10666000097990036,58647.26351850014
2991,2458647.7270255,252.4096567,64.5417795,1,19.140899658203125,0.1292169988155365,58647.22702550003
2992,2458645.9158449,252.4097922,64.5418279,1,19.27549934387207,0.14421899616718292,58645.41584490007
2993,2458645.8211574,252.4096222,64.5417981,2,19.350200653076172,0.12311699986457825,58645.32115740003
2994,2458644.7878704,252.4097182,64.5417501,2,19.3435001373291,0.12423700094223022,58644.28787040012
2995,2458644.6972222,252.409599,64.5417965,1,19.271499633789062,0.1481190025806427,58644.19722220022
2996,2458642.7866551,252.4096985,64.5417572,2,19.226299285888672,0.10758499801158905,58642.28665510006
2997,2458641.8227894,252.4096419,64.5417759,2,19.255199432373047,0.10711400210857391,58641.322789399885
2998,2458641.7056019,252.4095961,64.5418078,1,19.226699829101562,0.09076499938964844,58641.205601899885
2999,2458639.9234838,252.409827,64.5418282,1,19.258899688720703,0.14109599590301514,58639.42348380014
3000,2458639.8053704,252.4096249,64.5418165,2,19.240999221801758,0.11294999718666077,58639.305370400194
3001,2458638.8386343,252.4096638,64.5418,1,19.35610008239746,0.1104620024561882,58638.338634300046
3002,2458638.7584144,252.4096186,64.5417939,2,19.256900787353516,0.08470799773931503,58638.25841439981
3003,2458636.9452431,252.4097116,64.5417756,1,19.215099334716797,0.10619399696588516,58636.44524310017
3004,2458636.8293056,252.4097615,64.541801,2,19.229799270629883,0.11498600244522095,58636.32930559991
3005,2458635.7777315,252.4095862,64.5417885,2,19.324399948120117,0.10630600154399872,58635.2777315001
3006,2458635.7248495,252.4096603,64.5418376,1,19.22719955444336,0.08971499651670456,58635.22484950023
3007,2458633.953287,252.4097441,64.5417788,1,19.349300384521484,0.14201700687408447,58633.45328699984
3008,2458633.8448611,252.4096884,64.5417727,2,19.214500427246094,0.10145799815654755,58633.34486109996
3009,2458632.8519676,252.4095706,64.5417742,1,19.35260009765625,0.14068399369716644,58632.351967600174
3010,2458632.7955093,252.4095888,64.5418267,2,19.279300689697266,0.11907999962568283,58632.295509300195
3011,2458627.8927662,252.4095614,64.5417787,2,19.386499404907227,0.12187299877405167,58627.392766200006
3012,2458627.8885648,252.4097638,64.5417758,2,19.25950050354004,0.17383499443531036,58627.38856479991
3013,2458619.84375,252.4094486,64.5418633,2,19.320199966430664,0.2953839898109436,58619.34375
3014,2458616.8737847,252.4096432,64.5418162,2,19.290300369262695,0.1338990032672882,58616.37378469994
3015,2458616.8718634,252.4096217,64.5417974,2,19.442800521850586,0.12478499859571457,58616.3718634001
3016,2458616.7692245,252.4097082,64.5418818,1,19.47330093383789,0.16897599399089813,58616.26922449982
3017,2458616.7687384,252.4097183,64.5418366,1,19.416500091552734,0.2151239961385727,58616.26873840019
3018,2458612.9669907,252.4098309,64.5417872,2,19.406600952148438,0.14228199422359467,58612.46699069999
3019,2458612.9304745,252.4096725,64.5417915,2,19.445999145507812,0.10074999928474426,58612.43047450017
3020,2458612.8929398,252.4096807,64.5418014,1,19.394500732421875,0.11712399870157242,58612.39293979993
3021,2458608.8706944,252.4096435,64.5418006,2,19.449199676513672,0.18679499626159668,58608.37069439981
3022,2458608.8452662,252.4097372,64.5417852,2,19.39430046081543,0.1851010024547577,58608.34526620014
3023,2458608.8245602,252.4097159,64.5417783,1,19.449199676513672,0.1431400030851364,58608.324560199864
3024,2458608.8013079,252.4097008,64.541812,1,19.45199966430664,0.1466670036315918,58608.30130789988
3025,2458605.9360185,252.4097311,64.5417417,2,19.407100677490234,0.12887300550937653,58605.43601850001
3026,2458605.9110995,252.4095849,64.5417707,2,19.472200393676758,0.1432110071182251,58605.41109950002
3027,2458596.9749769,252.4095834,64.541773,1,19.425600051879883,0.14325599372386932,58596.474976900034
3028,2458596.9513773,252.4096538,64.5418226,1,19.287900924682617,0.14568999409675598,58596.45137730008
3029,2458596.9048843,252.4095826,64.5418456,2,19.216999053955078,0.12246300280094147,58596.404884300195
3030,2458596.8214236,252.4096473,64.5418295,2,19.385000228881836,0.1470090001821518,58596.32142359996
3031,2458592.9912963,252.4097906,64.5418318,1,19.40239906311035,0.19940899312496185,58592.4912963002
3032,2458592.9876736,252.4095165,64.5418116,1,19.441499710083008,0.20927299559116364,58592.487673600204
3033,2458592.8705324,252.4097627,64.5418558,2,19.243200302124023,0.25879600644111633,58592.370532399975
3037,2458586.9491898,252.409592,64.5418259,1,19.389699935913086,0.15056900680065155,58586.44918979984
3038,2458586.9302315,252.4097707,64.5418141,1,19.314899444580078,0.08746600151062012,58586.43023149995
3039,2458586.890463,252.4094955,64.5417777,2,19.249000549316406,0.13905499875545502,58586.39046300016
3040,2458586.8495602,252.4094921,64.5418273,2,19.380300521850586,0.11721000075340271,58586.34956019977
3041,2458583.9071991,252.4095384,64.5417808,1,19.417400360107422,0.15296100080013275,58583.407199100126
3042,2458583.8448611,252.409508,64.541736,2,19.24180030822754,0.1482190042734146,58583.34486109996
3043,2458583.8216782,252.4096974,64.5417894,2,19.32029914855957,0.14693599939346313,58583.321678199805
3044,2458581.0053819,252.4096732,64.5417904,2,19.275100708007812,0.15476800501346588,58580.505381899886
3045,2458580.972581,252.4096412,64.5418111,2,19.451000213623047,0.14924100041389465,58580.47258100007
3046,2458580.9500694,252.4097028,64.5418764,1,19.355100631713867,0.2016499936580658,58580.450069400016
3047,2458580.9274537,252.4096477,64.5417956,1,19.363500595092773,0.10269100219011307,58580.42745369999
3049,2458575.924537,252.4096803,64.5418143,2,19.365800857543945,0.102742999792099,58575.42453699978
3050,2458575.9240509,252.4097538,64.5417836,2,19.409700393676758,0.12750999629497528,58575.424050900154
3051,2458575.8473843,252.4096932,64.5417856,1,19.43079948425293,0.216279998421669,58575.34738430008
3052,2458572.9930556,252.4097251,64.5418158,1,19.474300384521484,0.19846799969673157,58572.49305560021
3053,2458572.9652199,252.4096033,64.5417732,2,19.299299240112305,0.13516199588775635,58572.46521990001
3054,2458572.9306597,252.4098104,64.5417589,2,19.367399215698242,0.11632700264453888,58572.430659700185
3055,2458572.8954977,252.4095397,64.5417947,1,19.310699462890625,0.12816299498081207,58572.3954977002
3056,2458568.0304977,252.4096379,64.5417835,2,19.220699310302734,0.14471900463104248,58567.530497699976
3057,2458567.9817245,252.4093427,64.5419819,1,19.16670036315918,0.22116899490356445,58567.48172450019
3058,2458560.9945602,252.4096745,64.5418787,1,19.140600204467773,0.13368600606918335,58560.49456019979
3059,2458560.9266204,252.4095779,64.5417866,2,19.200199127197266,0.13924799859523773,58560.426620400045
3060,2458560.9133449,252.409808,64.5417487,2,19.191999435424805,0.1666090041399002,58560.413344900124
3061,2458557.9748495,252.4098917,64.5418306,1,19.295400619506836,0.19121100008487701,58557.47484950023
3062,2458557.9491204,252.4096687,64.5417384,1,19.233999252319336,0.12390899658203125,58557.44912040001
3063,2458557.926794,252.4096005,64.5416734,2,19.399900436401367,0.17546400427818298,58557.42679399997
3064,2458557.8725926,252.4095799,64.5417997,2,18.93549919128418,0.15813399851322174,58557.37259260006
3065,2458547.8661111,252.4096921,64.541916,1,19.350299835205078,0.16107499599456787,58547.366111100186
3066,2458542.0343866,252.4097699,64.5417979,2,19.281999588012695,0.15028700232505798,58541.5343865999
3067,2458541.974375,252.4095832,64.541835,1,19.309600830078125,0.2499230057001114,58541.47437500022
3068,2458541.9729861,252.4096752,64.5418225,1,19.323400497436523,0.12052900344133377,58541.472986099776
3069,2458539.0351736,252.4097184,64.5417184,1,19.55739974975586,0.3204120099544525,58538.535173600074
3070,2458539.0333218,252.4097166,64.5418133,1,19.779399871826172,0.36813101172447205,58538.533321800176
3073,2458527.0323843,252.4096219,64.5417804,2,19.274700164794922,0.12405800074338913,58526.53238430014
3074,2458527.0139236,252.4100365,64.5418078,2,19.457799911499023,0.233597993850708,58526.51392359985
3075,2458526.9647454,252.4099155,64.5417934,1,19.36440086364746,0.15527600049972534,58526.46474540001
3076,2458513.0520602,252.409748,64.5419138,1,19.60099983215332,0.22829200327396393,58512.5520601999
3077,2458512.0496991,252.4095678,64.5417379,2,19.605300903320312,0.18368400633335114,58511.5496991002
3078,2458512.0080787,252.4096506,64.5418334,1,19.51580047607422,0.1797800064086914,58511.50807869993
3081,2458509.0099537,252.4098001,64.5418176,2,19.669599533081055,0.22275100648403168,58508.509953700006
3082,2458507.0316435,252.4096454,64.5417609,1,19.503799438476562,0.2943800091743469,58506.531643500086
3086,2458493.031412,252.4096934,64.5418669,1,19.90690040588379,0.15944699943065643,58492.53141199984
3087,2458493.0304745,252.4097118,64.5418839,1,19.773000717163086,0.18993300199508667,58492.5304744998
3088,2458488.0533449,252.4095709,64.5418186,2,19.91069984436035,0.17593200504779816,58487.55334489979
3089,2458487.9960532,252.4094523,64.5418704,1,20.058700561523438,0.18349500000476837,58487.496053200215
3093,2458365.6565394,252.4095192,64.541675,2,20.493200302124023,0.1789100021123886,58365.15653940011
