,jd,ra,dec,fid,magpsf,sigmapsf,mjd
0,2461112.0453819,318.6981458,25.2373901,2,18.62066650390625,0.17279838025569916,61111.54538189992
2,2461112.0384722,318.6979637,25.2375131,2,18.73349952697754,0.10056199878454208,61111.53847219981
3,2461111.0466204,318.6980371,25.2374725,2,18.708200454711914,0.14851899445056915,61110.54662040016
4,2461111.0427083,318.6980555,25.2374296,2,18.579099655151367,0.11571499705314636,61110.542708300054
5,2461111.0388079,318.6980708,25.2374643,2,18.574899673461914,0.09150499850511551,61110.53880790016
7,2461102.0516551,318.6980132,25.2373765,2,18.457000732421875,0.15433399379253387,61101.55165510019
10,2461101.0534259,318.6980671,25.2374542,2,18.479999542236328,0.1511410027742386,61100.55342590017
11,2461101.0498148,318.6980961,25.2374809,2,18.34709930419922,0.1529950052499771,61100.5498147998
15,2461098.0550579,318.6980765,25.2374425,2,18.08340072631836,0.09807900339365005,61097.55505790003
16,2461098.0516088,318.698037,25.237426,2,18.16629981994629,0.07146800309419632,61097.55160879996
17,2461098.0490972,318.6980045,25.2374009,2,18.116600036621094,0.08190499991178513,61097.549097199924
20,2461097.0515394,318.6981566,25.2373468,2,18.19770050048828,0.1595190018415451,61096.55153940013
23,2461096.0519676,318.6980084,25.237436,2,18.15089988708496,0.09623199701309204,61095.551967599895
25,2461095.0589583,318.6980003,25.2373808,2,18.01449966430664,0.07963299751281738,61094.558958299924
26,2461095.053831,318.6980483,25.237398,2,18.111299514770508,0.11345700174570084,61094.55383099988
27,2461030.6352894,318.6980122,25.2374296,2,18.048446655273438,0.07264826446771622,61030.135289399885
28,2461030.5932407,318.6980194,25.2374189,1,18.338899612426758,0.0701180025935173,61030.0932407002
29,2461028.6559144,318.6979894,25.2374015,1,18.27549934387207,0.09296000003814697,61028.15591439977
30,2461028.5979398,318.6980475,25.2374407,2,18.000600814819336,0.05254900082945824,61028.097939800005
31,2461026.684919,318.6980285,25.2374534,1,18.296600341796875,0.11719799786806107,61026.18491900014
32,2461026.5910532,318.6980351,25.2374428,2,17.972999572753906,0.046813998371362686,61026.091053199954
33,2461023.6594329,318.697957,25.237409,2,17.419099807739258,0.14083200693130493,61023.15943290014
34,2461023.5954051,318.6980075,25.2374607,1,18.484699249267578,0.10446199774742126,61023.09540509991
35,2461021.6111111,318.698022,25.2374247,1,18.319499969482422,0.07014500349760056,61021.11111109983
36,2461021.5899769,318.6979698,25.2374382,2,18.03030014038086,0.05336200073361397,61021.08997689979
37,2461017.7043519,318.6979974,25.2374509,2,17.96030044555664,0.05829500034451485,61017.204351900145
38,2461017.6005324,318.6980791,25.2374881,1,18.147899627685547,0.0972289964556694,61017.100532399956
39,2461015.6377894,318.6980843,25.2374644,2,17.940200805664062,0.07965199649333954,61015.13778939983
40,2461015.6167477,318.6979937,25.2374314,1,18.30590057373047,0.07329600304365158,61015.11674770014
41,2461013.6417361,318.6981006,25.2373529,2,17.987699508666992,0.1280680000782013,61013.14173609996
42,2461011.6403704,318.6980007,25.2374546,1,18.327299118041992,0.11277300119400024,61011.14037040016
43,2461011.5921875,318.697992,25.2374214,2,18.02079963684082,0.062088001519441605,61011.09218750009
44,2461009.6317824,318.697991,25.2374463,1,18.37579917907715,0.07819899916648865,61009.131782399956
45,2461009.6002894,318.6980081,25.2374683,2,18.0,0.06101600080728531,61009.1002894002
46,2461007.7183102,318.6980093,25.2374497,2,17.93829917907715,0.08153600245714188,61007.21831020014
47,2461007.6345486,318.6980118,25.2374415,1,18.41390037536621,0.05578799918293953,61007.13454859983
48,2461005.6979861,318.6979366,25.2373973,1,18.390100479125977,0.07940000295639038,61005.19798609987
49,2461005.633912,318.6980408,25.2374275,2,17.980899810791016,0.06461600214242935,61005.133911999874
50,2461003.6640741,318.6980326,25.23744,2,18.033899307250977,0.054666001349687576,61003.16407410009
51,2460990.6448032,318.6980119,25.2374658,1,18.403600692749023,0.07839400321245193,60990.14480319992
52,2460990.6088426,318.6980019,25.2374302,2,18.020700454711914,0.055741000920534134,60990.10884260014
53,2460988.6139583,318.6980222,25.2374259,1,18.34149932861328,0.06423400342464447,60988.11395830009
54,2460986.661412,318.6980243,25.2374417,2,18.094100952148438,0.06470700353384018,60986.16141200019
55,2460986.616956,318.6980156,25.2374351,1,18.405399322509766,0.07530499994754791,60986.116956000216
56,2460984.6643056,318.6980239,25.2374196,1,18.478500366210938,0.14183999598026276,60984.16430559987
58,2460980.7025231,318.6980158,25.2374439,1,18.54560089111328,0.10272900015115738,60980.20252310019
59,2460980.6356944,318.6980236,25.2374325,2,18.228500366210938,0.07560600340366364,60980.13569439994
60,2460978.7465278,318.6979844,25.2374299,1,18.56130027770996,0.08207099884748459,60978.24652779987
61,2460978.6641898,318.6979955,25.237441,2,18.240800857543945,0.07271800190210342,60978.164189800154
62,2460976.6854167,318.6979877,25.2373793,1,18.667800903320312,0.09828399866819382,60976.18541669985
63,2460976.606794,318.6980207,25.237428,2,18.215900421142578,0.059119001030921936,60976.10679400014
64,2460974.684213,318.6980182,25.2374112,1,18.597200393676758,0.08684500306844711,60974.184212999884
65,2460974.6398495,318.6980085,25.23744,2,18.259300231933594,0.07191000133752823,60974.1398494998
66,2460972.7683565,318.6979645,25.2374128,1,18.609699249267578,0.089308001101017,60972.26835650019
67,2460972.6846759,318.6980258,25.2374305,2,18.248199462890625,0.0700799971818924,60972.1846758998
68,2460969.6374769,318.6980553,25.2374321,2,18.264999389648438,0.05801999941468239,60969.13747690013
69,2460967.8390162,318.6980703,25.2374087,1,18.667400360107422,0.12508399784564972,60967.33901620004
70,2460967.7610532,318.6980136,25.2374117,2,18.308799743652344,0.07358500361442566,60967.26105319988
71,2460965.759919,318.6980602,25.2374185,2,18.31450080871582,0.07936500012874603,60965.25991899986
72,2460960.7000463,318.6979935,25.2374241,1,18.619400024414062,0.06681299954652786,60960.20004629996
73,2460960.6510301,318.6980248,25.2374239,2,18.247699737548828,0.07840800285339355,60960.15103009995
74,2460956.6837384,318.6980307,25.2374394,2,18.183799743652344,0.06798800081014633,60956.18373840023
75,2460956.6161921,318.6979929,25.2374352,1,18.574800491333008,0.10558100044727325,60956.116192100104
76,2460954.6981366,318.6979779,25.2374569,2,18.219900131225586,0.06808099895715714,60954.1981366002
77,2460954.6486111,318.6980352,25.2374164,1,18.509899139404297,0.1246270015835762,60954.148611099925
78,2460952.6784375,318.6980125,25.2374234,2,18.090900421142578,0.09017600119113922,60952.178437499795
79,2460950.7756713,318.698033,25.2374447,2,18.265499114990234,0.08494599908590317,60950.27567130001
80,2460950.7326505,318.6980099,25.2374448,1,18.635299682617188,0.09261000156402588,60950.23265049979
81,2460948.7512153,318.6980232,25.2374535,1,18.593799591064453,0.07598300278186798,60948.25121530006
82,2460948.7168519,318.6980082,25.2374236,2,18.307600021362305,0.0778689980506897,60948.216851899866
83,2460943.8014468,318.6979761,25.2374487,1,18.74209976196289,0.09983000159263611,60943.30144680012
84,2460943.739919,318.6980359,25.2374265,2,18.33180046081543,0.06673000007867813,60943.23991899984
85,2460941.7788426,318.6980273,25.2374238,1,18.686599731445312,0.08087199926376343,60941.27884260006
86,2460941.7050694,318.6980106,25.2374602,2,18.354799270629883,0.05832500010728836,60941.205069399904
87,2460938.7764352,318.6980055,25.2374542,1,18.790199279785156,0.10325299948453903,60938.276435200125
88,2460938.7073611,318.698061,25.2374175,2,18.4060001373291,0.06690700352191925,60938.207361099776
89,2460934.8266088,318.6979516,25.2374432,1,18.82040023803711,0.11694999784231186,60934.32660879986
91,2460934.7594676,318.6980033,25.2374382,2,18.427799224853516,0.09014800190925598,60934.25946759991
93,2460932.78875,318.6980327,25.2374303,1,18.723800659179688,0.08403299748897552,60932.28874999983
94,2460932.725162,318.6980699,25.2374111,2,18.4414005279541,0.07045699656009674,60932.22516199993
95,2460928.7793403,318.6979883,25.237452,1,18.81450080871582,0.12585699558258057,60928.27934029978
96,2460928.7324769,318.6980676,25.237438,2,18.441699981689453,0.0861940011382103,60928.232476899866
98,2460926.7496181,318.6979731,25.2374754,2,18.354000091552734,0.07854299992322922,60926.2496181
99,2460924.7529398,318.6980438,25.2374427,1,18.680400848388672,0.1294119954109192,60924.2529397998
100,2460924.6777199,318.6979957,25.2374194,2,18.491100311279297,0.09171000123023987,60924.17771989992
101,2460922.741331,318.6980539,25.2374255,2,18.36280059814453,0.09330900013446808,60922.24133099988
102,2460922.6804514,318.6980083,25.2374551,1,18.673099517822266,0.10345099866390228,60922.18045140011
103,2460920.8691782,318.6980396,25.2374207,2,18.42460060119629,0.060787998139858246,60920.36917820014
104,2460920.8215162,318.6980113,25.2374431,1,18.750099182128906,0.1100350022315979,60920.32151619997
105,2460918.7989352,318.6980101,25.2374231,1,18.76799964904785,0.08686599880456924,60918.29893520009
106,2460918.7055787,318.6980049,25.2374508,2,18.448699951171875,0.059349000453948975,60918.205578700174
107,2460916.8202662,318.6979916,25.2374363,1,18.76180076599121,0.08810099959373474,60916.32026620023
108,2460916.7533102,318.6980137,25.2374289,2,18.385000228881836,0.08337999880313873,60916.25331019983
109,2460913.8207523,318.6980087,25.2374441,1,18.828699111938477,0.09708599746227264,60913.32075229986
110,2460913.7808218,318.6980159,25.2374608,2,18.5314998626709,0.09143199771642685,60913.28082180023
111,2460911.7676736,318.698005,25.2374473,1,18.907100677490234,0.10550200194120407,60911.2676736
112,2460905.8911921,318.6979661,25.2374599,1,19.165199279785156,0.11631099879741669,60905.39119210001
113,2460905.8454398,318.6980733,25.2374417,2,18.82200050354004,0.07908599823713303,60905.34543980006
114,2460903.7947685,318.6979741,25.2374415,2,18.98579978942871,0.10781200230121613,60903.29476850014
115,2460903.7947685,318.6979741,25.2374415,2,18.98579978942871,0.10781200230121613,60903.29476850014
116,2460903.7280324,318.6979661,25.2374375,1,19.177099227905273,0.10164199769496918,60903.2280323999
117,2460901.7589931,318.6980075,25.2374349,1,19.210599899291992,0.12001799792051315,60901.25899309991
118,2460901.7589931,318.6980075,25.2374349,1,19.210599899291992,0.12001799792051315,60901.25899309991
119,2460901.6978356,318.6979727,25.2374861,2,19.006999969482422,0.10373499989509583,60901.1978356
120,2460901.6978356,318.6979727,25.2374861,2,19.006999969482422,0.10373499989509583,60901.1978356
121,2460898.8609375,318.6980756,25.2374157,2,19.004899978637695,0.11712200194597244,60898.36093749991
123,2460898.7051852,318.697981,25.2375117,1,19.435699462890625,0.2786000072956085,60898.20518520009
126,2460894.9281366,318.6980204,25.2375082,1,19.263999938964844,0.1383659988641739,60894.42813660018
127,2460894.7981713,318.6980162,25.2374181,2,18.841400146484375,0.10785199701786041,60894.298171299975
128,2460891.8169676,318.698062,25.237436,2,18.76799964904785,0.112295001745224,60891.316967600025
129,2460891.7850116,318.6980365,25.2374392,1,19.204299926757812,0.1433670073747635,60891.28501159977
130,2460889.8790625,318.6980028,25.2374074,1,19.268699645996094,0.09465699642896652,60889.37906249985
131,2460889.8010764,318.6980342,25.2374522,2,18.91349983215332,0.08978500217199326,60889.301076400094
132,2460887.8443634,318.6980213,25.2374289,2,19.0231990814209,0.10714799910783768,60887.34436339978
133,2460887.8067361,318.6980303,25.2374406,1,19.13290023803711,0.12385000288486481,60887.3067361
134,2460885.8254745,318.6980567,25.2374187,2,18.880699157714844,0.09910500049591064,60885.32547450019
135,2460885.7870139,318.6980142,25.2374126,1,19.236799240112305,0.154556006193161,60885.2870139
136,2460883.8304745,318.6980499,25.2374245,1,19.140300750732422,0.12140999734401703,60883.33047450008
137,2460883.7812037,318.6979462,25.2374739,2,18.97369956970215,0.0779070034623146,60883.28120370023
138,2460881.9224306,318.6980239,25.2374291,1,19.24020004272461,0.12167099863290787,60881.42243060004
140,2460879.8953935,318.6981159,25.2373638,2,18.720600128173828,0.0778919979929924,60879.395393500105
141,2460879.7953704,318.6980431,25.2374339,1,19.250499725341797,0.10345599800348282,60879.29537039995
142,2460877.8189352,318.6980014,25.2374681,2,18.94700050354004,0.09127800166606903,60877.318935200106
143,2460877.7815046,318.6979515,25.2374742,1,19.302499771118164,0.14764699339866638,60877.28150459984
144,2460875.848206,318.6980473,25.2374236,2,18.97450065612793,0.08981899917125702,60875.34820599994
145,2460875.8048958,318.6979629,25.2374431,1,19.196800231933594,0.1118139997124672,60875.30489580007
146,2460872.9110764,318.6980489,25.237406,2,18.838499069213867,0.1412239968776703,60872.41107639996
147,2460872.7633912,318.6979146,25.2373928,1,19.40049934387207,0.1619729995727539,60872.26339119999
149,2460870.7435417,318.6981842,25.237489,1,19.397499084472656,0.21225300431251526,60870.243541699834
151,2460867.8207639,318.6979904,25.237445,2,19.065500259399414,0.12732499837875366,60867.320763899945
152,2460865.8494907,318.6979952,25.2374823,1,19.61680030822754,0.2728489935398102,60865.349490699824
153,2460865.8272454,318.6980413,25.2373935,2,19.131500244140625,0.11684300005435944,60865.32724539982
154,2460862.9252431,318.698027,25.2373941,1,19.456100463867188,0.1037990003824234,60862.42524310015
155,2460862.8601968,318.6980848,25.2374418,2,19.039199829101562,0.08961000293493271,60862.36019679997
156,2460859.8580671,318.6980257,25.2374156,1,19.383899688720703,0.11416099965572357,60859.358067099936
157,2460859.8182407,318.6980286,25.2374152,2,18.862699508666992,0.08184400200843811,60859.318240699824
158,2460857.9372917,318.6980125,25.2374467,1,19.29960060119629,0.13221600651741028,60857.43729169993
160,2460857.9140856,318.6980362,25.2374434,2,18.927099227905273,0.10207600146532059,60857.41408560006
162,2460855.8935069,318.6980572,25.2373487,1,19.28420066833496,0.12488800287246704,60855.39350689994
163,2460855.8643634,318.6981728,25.2373454,2,18.906200408935547,0.11304199695587158,60855.3643633998
164,2460853.8903819,318.6980883,25.2374831,2,18.768892288208008,0.08616288751363754,60853.39038190013
166,2460853.821412,318.6980645,25.2374183,1,19.23940086364746,0.13138200342655182,60853.321411999874
167,2460853.821412,318.6980645,25.2374183,1,19.23940086364746,0.13138200342655182,60853.321411999874
168,2460851.8809954,318.6980171,25.2374093,2,18.88680076599121,0.09508500248193741,60851.380995399784
169,2460851.8742708,318.6980449,25.2374753,2,18.809499740600586,0.09792499989271164,60851.374270800035
170,2460849.7993056,318.698021,25.2374776,2,18.79129981994629,0.0806960016489029,60849.299305600114
171,2460847.8909144,318.6980333,25.2373814,1,19.241500854492188,0.11324100196361542,60847.39091440011
172,2460847.8404977,318.698034,25.2374234,2,18.809999465942383,0.08835700154304504,60847.34049770003
174,2460845.8831019,318.6979924,25.2374248,1,19.18400001525879,0.15261399745941162,60845.38310190011
175,2460845.8264236,318.6981111,25.2374825,2,18.790599822998047,0.09105899930000305,60845.32642359985
176,2460843.9251042,318.6980282,25.2374331,2,18.7460994720459,0.10040599852800369,60843.42510419991
177,2460843.8362963,318.6980288,25.2374549,1,19.170000076293945,0.16162100434303284,60843.33629629994
180,2460839.9428472,318.6980149,25.2374125,1,19.09431266784668,0.19157809019088745,60839.442847200204
182,2460839.9330903,318.6980429,25.2374074,2,18.5718994140625,0.11999700218439102,60839.43309029983
183,2460836.9612963,318.698025,25.237431,1,18.973499298095703,0.139273002743721,60836.46129629994
184,2460836.9110417,318.6979886,25.2374262,2,18.638599395751953,0.08380799740552902,60836.411041699816
185,2460834.9567014,318.6979894,25.2373996,2,18.61829948425293,0.07149899750947952,60834.456701400224
186,2460834.9354398,318.6980122,25.237461,1,19.114299774169922,0.09126000106334686,60834.43543979991
187,2460831.9237037,318.6979991,25.2374232,2,18.61009979248047,0.07009699940681458,60831.42370369984
189,2460831.8814583,318.697976,25.2374447,1,19.037200927734375,0.09511999785900116,60831.381458300166
192,2460826.9216435,318.6979938,25.2374302,1,18.98189926147461,0.10233700275421143,60826.421643500216
193,2460823.8935764,318.6979788,25.2374252,1,19.030099868774414,0.09673599898815155,60823.39357639989
194,2460823.8666088,318.6980164,25.2374326,2,18.48349952697754,0.06478700041770935,60823.3666087999
195,2460821.8912269,318.6980254,25.2374107,1,18.98550033569336,0.09205999970436096,60821.39122689981
196,2460821.8408218,318.6980857,25.2373793,2,18.49970054626465,0.09464599937200546,60821.34082179982
197,2460818.9534954,318.6980054,25.2374419,1,18.955400466918945,0.09690400213003159,60818.45349540003
198,2460818.9234144,318.6980104,25.2374399,2,18.563499450683594,0.08535800129175186,60818.42341439985
199,2460816.9635301,318.6979807,25.2374495,1,18.989700317382812,0.11876299977302551,60816.46353009995
200,2460816.9252431,318.6980149,25.2374254,2,18.5093994140625,0.10286200046539307,60816.42524310015
201,2460811.9688657,318.6979863,25.2373824,1,18.881900787353516,0.10095400363206863,60811.468865700066
202,2460811.9050926,318.6980867,25.2374623,2,18.495800018310547,0.1157890036702156,60811.4050925998
203,2460807.8923611,318.6981163,25.2374635,2,18.419200897216797,0.10778699815273285,60807.39236109983
204,2460804.9954861,318.6980452,25.2374236,2,18.48310089111328,0.07943800091743469,60804.495486100204
205,2460798.9970949,318.6979922,25.2374344,1,18.871700286865234,0.11518599838018417,60798.49709489988
206,2460798.944213,318.6980065,25.2374548,2,18.525100708007812,0.09692700207233429,60798.444213000126
207,2460795.9783102,318.6980348,25.2374367,1,18.92650032043457,0.08296199887990952,60795.47831019992
208,2460795.9336111,318.6980833,25.2373166,2,18.523700714111328,0.07757300138473511,60795.433611100074
209,2460789.9604977,318.6980088,25.2374521,1,19.083200454711914,0.11741399765014648,60789.46049770014
210,2460789.933125,318.6980094,25.2373822,2,18.602699279785156,0.09204299747943878,60789.43312499998
211,2460787.9838194,318.698027,25.237419,2,18.54640007019043,0.06838999688625336,60787.48381939996
213,2460785.9537731,318.6980191,25.2374494,2,18.589799880981445,0.09221900254487991,60785.45377309993
215,2460776.9521875,318.6980753,25.2374518,2,18.692100524902344,0.09940800070762634,60776.45218749996
216,2460775.0158449,318.6979876,25.2374322,2,18.70509910583496,0.09079500287771225,60774.51584490016
218,2460773.0175347,318.6980167,25.2374056,2,18.771799087524414,0.09200599789619446,60772.51753470022
220,2460771.0027431,318.6980595,25.2374198,1,19.0314998626709,0.16201800107955933,60770.502743099816
221,2460771.0027431,318.6980595,25.2374198,1,19.0314998626709,0.16201800107955933,60770.502743099816
222,2460770.968125,318.6980876,25.2374858,2,18.600900650024414,0.13067500293254852,60770.46812500013
225,2460745.0324306,318.6980787,25.2373586,2,19.688199996948242,0.2581369876861572,60744.53243059991
229,2460733.0501852,318.6978769,25.2374549,2,18.708736419677734,0.16006870567798615,60732.55018519983
230,2460733.0450347,318.6981377,25.2373621,2,18.507299423217773,0.0963750034570694,60732.54503470007
231,2460733.0409954,318.6980584,25.2375259,2,18.53179931640625,0.10860399901866913,60732.54099539993
232,2460732.0475347,318.6980941,25.2373962,2,18.835899353027344,0.11142999678850174,60731.54753470002
233,2460732.0440972,318.6979495,25.2374463,2,18.74410057067871,0.12769299745559692,60731.544097200036
234,2460732.0406713,318.6980939,25.2374417,2,18.74220085144043,0.1265619993209839,60731.54067130014
235,2460731.0508449,318.6979897,25.2375164,2,18.797700881958008,0.17868000268936157,60730.550844899844
237,2460731.042662,318.698143,25.2374371,2,18.61039924621582,0.1454789936542511,60730.54266199982
238,2460730.0563889,318.698061,25.2373663,2,18.74090003967285,0.14764299988746643,60729.55638890015
239,2460730.0522454,318.6977956,25.2375073,2,18.583900451660156,0.11142999678850174,60729.552245399915
240,2460730.0457523,318.6980999,25.2374251,2,18.565900802612305,0.12817199528217316,60729.54575229995
241,2460729.0575926,318.6978238,25.2374893,2,18.617000579833984,0.1511629968881607,60728.55759260012
244,2460677.6146181,318.6981005,25.2374718,2,19.137590408325195,0.1410120725631714,60677.114618100226
245,2460677.6146181,318.6981005,25.2374718,2,19.137590408325195,0.1410120725631714,60677.114618100226
246,2460674.600544,318.6980828,25.2374658,1,19.4507999420166,0.1689780056476593,60674.100544000044
250,2460668.5972338,318.6980357,25.2374934,2,19.05579948425293,0.18771499395370483,60668.09723380022
252,2460665.6043171,318.6979617,25.2374401,1,19.640199661254883,0.2156739979982376,60665.10431709979
253,2460663.6014583,318.6979662,25.2373919,1,19.6471004486084,0.22627900540828705,60663.101458299905
261,2460651.5922454,318.6979889,25.2373912,1,20.10070037841797,0.20894399285316467,60651.09224539995
267,2460643.6040625,318.6979764,25.2374475,1,19.887300491333008,0.18681900203227997,60643.104062499944
269,2460636.5921875,318.6979987,25.2373891,1,19.558300018310547,0.15399500727653503,60636.09218750009
270,2460634.6560648,318.6980639,25.2374021,1,19.703399658203125,0.15446600317955017,60634.15606479999
271,2460634.6243403,318.6979832,25.2374082,2,19.083900451660156,0.13812099397182465,60634.12434029998
272,2460632.6543056,318.6980224,25.2374198,2,18.870800018310547,0.09297599643468857,60632.154305600096
273,2460632.5952894,318.6979917,25.2374203,1,19.773099899291992,0.18566399812698364,60632.09528939985
274,2460629.6836111,318.6979567,25.2374962,1,19.17690086364746,0.19308100640773773,60629.183611100074
275,2460629.643287,318.6980189,25.2374749,2,18.990800857543945,0.12592099606990814,60629.14328699978
279,2460625.6353935,318.6980388,25.2374451,2,19.092199325561523,0.15547099709510803,60625.13539349986
281,2460620.6723495,318.6980097,25.2374127,1,19.399799346923828,0.13765700161457062,60620.172349500004
283,2460618.5964236,318.6980475,25.237454,2,18.833999633789062,0.10433200001716614,60618.09642359987
285,2460610.6420949,318.6979453,25.2374204,1,19.29990005493164,0.12076099961996078,60610.1420948999
286,2460608.7593287,318.6980373,25.2374516,1,19.388500213623047,0.13425999879837036,60608.25932870014
287,2460608.6717824,318.6980381,25.2375181,2,19.064599990844727,0.07736500352621078,60608.17178239999
288,2460606.6826389,318.6979712,25.237424,1,19.394399642944336,0.13828100264072418,60606.18263889989
289,2460606.6513889,318.6979788,25.2374095,2,19.052600860595703,0.08415000140666962,60606.15138889989
290,2460604.7464352,318.6979558,25.2374087,1,19.21820068359375,0.12695099413394928,60604.246435199864
292,2460602.7409838,318.6978639,25.237312,1,19.30139923095703,0.22299300134181976,60602.24098380003
295,2460597.7130787,318.6979799,25.2374486,1,19.633499145507812,0.258745014667511,60597.213078700006
296,2460597.6447222,318.6981116,25.2373944,2,19.027799606323242,0.12755900621414185,60597.1447222
297,2460595.700544,318.6980091,25.2374279,2,19.02359962463379,0.1289130002260208,60595.20054400014
300,2460593.6900463,318.6981064,25.2375351,2,19.312000274658203,0.16493000090122223,60593.19004630018
304,2460579.7852778,318.6979691,25.2374436,1,19.634599685668945,0.17977100610733032,60579.28527780017
307,2460576.7406597,318.6980185,25.2373691,1,19.800500869750977,0.20199799537658691,60576.240659699775
309,2460575.6721759,318.6980256,25.2374986,2,19.281700134277344,0.11020199954509735,60575.17217590008
312,2460572.7474537,318.6979623,25.2374181,2,19.373699188232422,0.1255349963903427,60572.24745369982
317,2460564.7662847,318.6979996,25.2373593,1,19.76689910888672,0.1140270009636879,60564.26628470002
319,2460562.7328935,318.697999,25.2373812,1,19.86870002746582,0.2324489951133728,60562.23289350001
322,2460558.7790278,318.6980513,25.2373303,1,20.30579948425293,0.25079798698425293,60558.279027800076
323,2460556.7740509,318.6980947,25.2373953,2,19.493999481201172,0.13530699908733368,60556.27405089978
325,2460554.7615856,318.6980988,25.2374879,1,19.995500564575195,0.21116599440574646,60554.26158560021
326,2460554.7081019,318.6979717,25.2374134,2,19.36520004272461,0.13485899567604065,60554.20810189983
328,2460552.7548727,318.6980793,25.2374228,2,19.516700744628906,0.19309300184249878,60552.2548727002
329,2460550.7902894,318.6980073,25.2373857,1,19.698999404907227,0.12918899953365326,60550.290289400145
332,2460548.7337153,318.6979946,25.2374522,2,19.168699264526367,0.12381599843502045,60548.23371529998
333,2460545.8607407,318.697947,25.2374342,2,19.18869972229004,0.11711099743843079,60545.360740699805
338,2460537.8701736,318.6980052,25.2374364,1,19.558500289916992,0.12773199379444122,60537.37017360004
340,2460535.8518171,318.6980245,25.2373953,1,19.526309967041016,0.10555842518806458,60535.35181709984
341,2460535.8518171,318.6980245,25.2373953,1,19.52630043029785,0.10555800050497055,60535.35181709984
342,2460535.7909144,318.6980073,25.2374443,2,19.146499633789062,0.11763899773359299,60535.290914400015
343,2460534.8016319,318.6980249,25.2374254,2,19.224599838256836,0.1166049987077713,60534.301631900016
344,2460534.7547338,318.6980104,25.2374327,1,19.552200317382812,0.12378700077533722,60534.25473379996
345,2460534.7547338,318.6980104,25.2374327,1,19.552200317382812,0.12378700077533722,60534.25473379996
347,2460533.755625,318.6980064,25.2373826,1,19.59480094909668,0.16017499566078186,60533.25562500022
349,2460532.7864352,318.6980415,25.2374306,1,19.46419906616211,0.14208200573921204,60532.2864351999
350,2460530.8740625,318.6980305,25.2373884,1,19.413799285888672,0.14340899884700775,60530.37406249996
351,2460530.8183681,318.6980417,25.2374251,2,19.078800201416016,0.0830100029706955,60530.318368100096
352,2460530.8183681,318.6980408,25.2374238,2,19.074399948120117,0.08176600188016891,60530.318368100096
355,2460526.8817014,318.6980425,25.2374127,2,19.248699188232422,0.09964299947023392,60526.38170140004
356,2460526.8817014,318.6980425,25.2374127,2,19.248699188232422,0.09964299947023392,60526.38170140004
357,2460526.8370602,318.6980481,25.237393,1,19.454999923706055,0.1438719928264618,60526.33706020005
358,2460526.8370602,318.6980481,25.237393,1,19.454999923706055,0.1438719928264618,60526.33706020005
363,2460519.9015741,318.6979797,25.2373948,1,19.67490005493164,0.23960399627685547,60519.4015740999
364,2460519.8478356,318.6980454,25.2374158,2,19.376399993896484,0.12009800225496292,60519.34783559991
365,2460516.8584259,318.6981351,25.2374219,2,19.285999298095703,0.16889500617980957,60516.358425899874
367,2460514.9133218,318.6979624,25.237481,1,19.591699600219727,0.2603150010108948,60514.413321800064
369,2460511.9246181,318.698045,25.2373164,1,19.3981990814209,0.1846109926700592,60511.424618099816
370,2460511.8164583,318.6980589,25.2374413,2,18.961599349975586,0.15057900547981262,60511.31645830022
372,2460507.8806713,318.6980825,25.2375067,2,19.101900100708008,0.10555700212717056,60507.380671299994
373,2460507.8375579,318.698045,25.2374284,1,19.44260025024414,0.11938200145959854,60507.33755790023
374,2460504.8797222,318.6980722,25.2373893,2,18.911100387573242,0.08454100042581558,60504.37972219987
376,2460502.9014815,318.698056,25.2374541,1,19.071399688720703,0.1127140000462532,60502.401481499895
377,2460502.8700347,318.6980467,25.2374208,2,18.76919937133789,0.1328669935464859,60502.370034699794
378,2460500.8935532,318.6980516,25.2374418,2,18.70840072631836,0.09920600056648254,60500.39355320018
379,2460500.8503472,318.6980323,25.2374077,1,19.085800170898438,0.12366499751806259,60500.35034719994
380,2460494.8998264,318.698059,25.2374299,1,18.861799240112305,0.10469400137662888,60494.39982639998
381,2460494.8609259,318.69803,25.2374141,2,18.64229965209961,0.0798960030078888,60494.36092589982
382,2460490.8900347,318.6980163,25.2374571,2,18.567699432373047,0.07522200047969818,60490.39003469981
383,2460490.8696644,318.6979943,25.2374221,1,18.824199676513672,0.091389000415802,60490.369664399885
384,2460488.9208681,318.6980053,25.2374333,1,18.85219955444336,0.10280700027942657,60488.42086810013
385,2460488.8670486,318.6980506,25.2374805,2,18.590599060058594,0.09553399682044983,60488.36704860022
387,2460485.881331,318.6979868,25.2373897,2,18.614900588989258,0.09010399878025055,60485.38133100001
388,2460483.9022338,318.6980411,25.2373556,1,18.975900650024414,0.16661199927330017,60483.40223379992
389,2460483.8519329,318.6980626,25.2374376,2,18.632099151611328,0.1280760020017624,60483.35193290003
390,2460481.9135995,318.697969,25.2374589,1,19.04759979248047,0.1410599946975708,60481.41359949997
392,2460481.8411921,318.6979969,25.2374299,2,18.557899475097656,0.08580300211906433,60481.3411921002
394,2460479.8447801,318.6980403,25.2374442,2,18.640499114990234,0.08375299721956253,60479.344780100044
395,2460476.9415046,318.6980323,25.237449,2,18.61479949951172,0.08972399681806564,60476.44150459999
396,2460476.9153819,318.698018,25.2374421,1,19.142000198364258,0.10824599862098694,60476.415381900035
397,2460473.9431019,318.6980102,25.237432,1,18.970399856567383,0.08596000075340271,60473.443101900164
398,2460473.9017245,318.6980252,25.2374165,2,18.573999404907227,0.0670820027589798,60473.401724500116
399,2460470.9407292,318.6980682,25.2374312,1,19.20009994506836,0.13396699726581573,60470.44072919991
400,2460470.8646644,318.6980328,25.2374053,2,18.73069953918457,0.08401600271463394,60470.3646644
401,2460463.9467361,318.6980113,25.2374354,1,19.437000274658203,0.13353300094604492,60463.44673610013
402,2460463.8870718,318.6980172,25.2374323,2,18.962799072265625,0.07987699657678604,60463.38707179995
403,2460460.9247338,318.6980373,25.237442,1,19.321931838989258,0.13107827305793762,60460.42473379988
404,2460460.9247338,318.6980373,25.237442,1,19.3218994140625,0.13107800483703613,60460.42473379988
405,2460460.8900116,318.6980055,25.2374458,2,18.881200790405273,0.09949599951505661,60460.39001160022
406,2460460.8900116,318.6980055,25.2374458,2,18.881200790405273,0.09949599951505661,60460.39001160022
407,2460458.9441898,318.6980043,25.2374531,1,19.326900482177734,0.15351100265979767,60458.44418979995
409,2460456.9455208,318.6979954,25.2374273,1,19.45800018310547,0.16988800466060638,60456.44552080007
410,2460456.8891667,318.697982,25.2374281,2,18.979900360107422,0.1247830018401146,60456.38916670019
411,2460451.9350463,318.6979257,25.2373799,1,19.301599502563477,0.16050000488758087,60451.435046299826
414,2460449.8822685,318.6980541,25.2373976,2,18.847900390625,0.13083000481128693,60449.38226850005
415,2460447.9474884,318.6980185,25.2374241,1,19.506500244140625,0.13116900622844696,60447.447488400154
416,2460447.8725231,318.6980142,25.2374643,2,18.948200225830078,0.0923599973320961,60447.372523100115
417,2460445.9644329,318.6979858,25.2374428,2,19.12150001525879,0.08460400253534317,60445.46443289984
418,2460433.9775116,318.6980053,25.2374477,1,19.483600616455078,0.1576550006866455,60433.477511600126
419,2460433.9473264,318.6980221,25.2374084,2,19.13990020751953,0.12723200023174286,60433.44732639985
420,2460430.975706,318.6980095,25.2374313,1,19.241500854492188,0.144213005900383,60430.47570599988
421,2460430.9491782,318.6980725,25.2374394,2,18.8927001953125,0.1200219988822937,60430.449178200215
422,2460424.964919,318.6979653,25.2374881,1,19.40369987487793,0.2777000069618225,60424.46491899993
423,2460407.9897685,318.6980437,25.2374136,2,18.60460090637207,0.11732500046491623,60407.489768499974
424,2460407.9690856,318.697982,25.2373873,1,19.138399124145508,0.1270350068807602,60407.46908560023
425,2460404.005463,318.6981432,25.2374374,2,18.729000091552734,0.09335999935865402,60403.50546299992
426,2460403.9697685,318.6979951,25.237407,1,19.160499572753906,0.16607800126075745,60403.469768499956
427,2460375.0399537,318.6979976,25.2374376,2,18.755399703979492,0.11970999836921692,60374.5399536998
428,2460375.0394907,318.6979482,25.2375023,2,18.679000854492188,0.10929299890995026,60374.53949069977
429,2460375.0390162,318.6980543,25.2374983,2,18.62820053100586,0.09571699798107147,60374.53901620023
430,2460370.0545486,318.6978967,25.2374787,2,19.31719970703125,0.2243490070104599,60369.55454860022
436,2460290.6382407,318.6980167,25.2374553,2,18.77570915222168,0.11641009896993637,60290.13824070012
437,2460288.6547917,318.6979905,25.2374791,2,18.829200744628906,0.16624699532985687,60288.15479170019
438,2460285.6325579,318.6979906,25.2374304,2,18.79759979248047,0.09423799812793732,60285.13255790016
439,2460268.6300116,318.6980413,25.2374186,2,19.054800033569336,0.09910299628973007,60268.13001159998
440,2460268.6165741,318.6979407,25.237462,1,19.523099899291992,0.19058099389076233,60268.11657410022
441,2460262.6527431,318.6980364,25.2374026,1,19.34239959716797,0.12392300367355347,60262.15274310019
442,2460260.6340394,318.6980428,25.2374309,1,19.491199493408203,0.13999800384044647,60260.134039400145
443,2460260.6209259,318.6980066,25.2374565,2,18.997400283813477,0.08559600263834,60260.12092590006
444,2460258.6341667,318.6979695,25.2373744,1,19.423099517822266,0.19863100349903107,60258.134166699834
445,2460258.6191667,318.6979712,25.2374615,2,18.918399810791016,0.1328289955854416,60258.11916670017
446,2460255.6772338,318.6980168,25.2374427,1,19.412399291992188,0.13030800223350525,60255.177233799826
447,2460255.6603704,318.6980545,25.2374334,2,19.023799896240234,0.09718500077724457,60255.160370400175
448,2460253.7018056,318.6980317,25.2374281,1,19.346500396728516,0.12090799957513809,60253.201805599965
449,2460253.6633565,318.6980188,25.2374141,2,19.06329917907715,0.12414400279521942,60253.16335650021
450,2460251.6527083,318.6980037,25.2374723,2,19.063899993896484,0.12290000170469284,60251.152708299924
451,2460251.6381829,318.6980233,25.2373996,1,19.517099380493164,0.12937800586223602,60251.138182899915
452,2460249.6628935,318.6979804,25.2374534,2,19.0625,0.10899899899959564,60249.16289350018
453,2460249.6349769,318.6980872,25.2374388,1,19.383899688720703,0.1713310033082962,60249.13497690018
454,2460247.6450116,318.6979834,25.2374979,2,18.823699951171875,0.12639999389648438,60247.14501160011
456,2460245.6816435,318.6980356,25.2374121,2,18.883699417114258,0.10017699748277664,60245.18164349999
458,2460242.7208796,318.6980624,25.2373999,2,18.978500366210938,0.13145799934864044,60242.22087959992
459,2460242.6770602,318.698022,25.2374348,1,19.30900001525879,0.16750599443912506,60242.1770601999
460,2460238.7443287,318.6980583,25.2374116,1,19.328699111938477,0.10187800228595734,60238.244328700006
462,2460236.7641088,318.6980587,25.2374476,2,18.974199295043945,0.09427099674940109,60236.26410879986
463,2460236.6959375,318.6980693,25.2373839,1,19.35650062561035,0.15029500424861908,60236.19593749987
464,2460234.6951273,318.697979,25.2374082,1,19.388200759887695,0.12461099773645401,60234.19512729999
465,2460234.6436458,318.6979627,25.2374048,2,18.896699905395508,0.0885000005364418,60234.143645800184
466,2460232.8472685,318.6980336,25.237377,2,18.975799560546875,0.13161399960517883,60232.3472684999
467,2460232.7209259,318.6979855,25.2373858,1,19.392900466918945,0.12424600124359131,60232.220925900154
468,2460230.8257639,318.6979625,25.2373754,1,19.19860076904297,0.14830400049686432,60230.32576389983
469,2460230.7048727,318.6980725,25.2374438,2,18.959999084472656,0.15014499425888062,60230.20487269992
470,2460228.7137731,318.6980881,25.2373968,1,19.32659912109375,0.12796500325202942,60228.21377310017
471,2460228.6629745,318.6980677,25.2373566,2,18.851499557495117,0.11107499897480011,60228.1629745001
472,2460226.7148611,318.6980106,25.2374087,2,18.92970085144043,0.08274800330400467,60226.214861100074
474,2460223.6850347,318.6980555,25.2374059,2,18.990699768066406,0.11253300309181213,60223.185034700204
475,2460223.6661574,318.6981265,25.237452,1,19.376699447631836,0.22685199975967407,60223.16615739977
476,2460221.7152894,318.6980078,25.237396,2,18.736900329589844,0.08732400089502335,60221.21528939996
477,2460221.7059838,318.6980224,25.2374047,1,19.274700164794922,0.12125299870967865,60221.20598379988
478,2460217.6728125,318.6980243,25.2374435,2,18.835899353027344,0.13633500039577484,60217.17281250004
480,2460215.7352083,318.6980456,25.2374622,2,18.92460060119629,0.10861299932003021,60215.23520829994
481,2460215.6857523,318.697943,25.2373904,1,19.1033992767334,0.12403500080108643,60215.18575230008
482,2460213.6995833,318.6980348,25.2374025,2,18.76799964904785,0.08660800009965897,60213.199583299924
484,2460211.7516898,318.698018,25.2374269,1,19.12150001525879,0.12975099682807922,60211.25168980006
485,2460211.6870255,318.6980455,25.2374051,2,18.764299392700195,0.12440799921751022,60211.187025499996
486,2460207.7996528,318.6980475,25.2374422,2,18.766700744628906,0.07818300276994705,60207.299652799964
488,2460205.8045718,318.6979758,25.2374784,2,18.79129981994629,0.08316300064325333,60205.304571799934
489,2460205.7617708,318.6980431,25.2374164,1,19.127700805664062,0.10464300215244293,60205.26177080022
490,2460203.7677431,318.6980255,25.237447,1,19.139999389648438,0.11684499680995941,60203.26774309995
491,2460203.711713,318.6979657,25.2374431,2,18.806699752807617,0.0798339992761612,60203.2117130002
492,2460201.8083796,318.6980521,25.2373799,1,19.061599731445312,0.07766900211572647,60201.308379599825
493,2460201.6863889,318.6979867,25.2374483,2,18.876100540161133,0.09578700363636017,60201.18638890004
494,2460198.8070718,318.6980366,25.2374174,2,18.758899688720703,0.07934299856424332,60198.30707179988
495,2460198.7346065,318.6980036,25.2374004,1,19.17289924621582,0.10927499830722809,60198.234606499784
496,2460195.8299074,318.6980049,25.2374352,1,19.179000854492188,0.09828700125217438,60195.32990740007
497,2460195.7326852,318.698012,25.2374399,2,18.871700286865234,0.10305500030517578,60195.23268519994
498,2460193.8244792,318.6980395,25.2374118,1,19.23110008239746,0.11397600173950195,60193.324479199946
499,2460193.809456,318.6979991,25.2374246,2,18.89430046081543,0.10444699972867966,60193.309456000105
500,2460191.7871528,318.6980216,25.2374579,1,19.359899520874023,0.16676999628543854,60191.28715279978
501,2460191.6823148,318.6980554,25.2374614,2,18.9512996673584,0.11059500277042389,60191.1823148001
502,2460186.7533333,318.6979997,25.2374401,2,18.93910026550293,0.1405470073223114,60186.25333329989
503,2460186.6946181,318.6979762,25.237469,1,19.276599884033203,0.18484200537204742,60186.194618099835
505,2460184.8157986,318.698056,25.237488,2,18.738500595092773,0.14815300703048706,60184.315798600204
506,2460182.8935069,318.6980785,25.2374326,1,19.348899841308594,0.14003300666809082,60182.39350689994
507,2460182.8522801,318.6979701,25.2374106,2,18.97909927368164,0.07337799668312073,60182.352280099876
509,2460180.7749537,318.6979923,25.2373819,1,19.443599700927734,0.12909500300884247,60180.27495370014
510,2460178.7709375,318.6980148,25.237451,2,18.945899963378906,0.13435900211334229,60178.270937500056
511,2460173.7966088,318.6980696,25.237455,2,18.97279930114746,0.08840099722146988,60173.29660880007
512,2460171.8384491,318.698014,25.2374401,1,19.337600708007812,0.14162400364875793,60171.33844910003
513,2460171.7664931,318.6979938,25.2374018,2,18.885499954223633,0.08951599895954132,60171.26649310021
515,2460169.8173727,318.6980142,25.2374175,2,18.825300216674805,0.09737399965524673,60169.3173727002
516,2460165.8720255,318.6979867,25.2374094,1,19.006399154663086,0.1001880019903183,60165.37202550005
517,2460161.9036111,318.6979817,25.2374273,1,19.189599990844727,0.13958799839019775,60161.40361109981
518,2460161.868912,318.6980093,25.2374008,2,18.776199340820312,0.10628599673509598,60161.36891200021
519,2460158.8792245,318.6979917,25.2374787,1,19.077499389648438,0.20193900167942047,60158.37922450015
520,2460155.9210069,318.6979916,25.2374164,1,19.332700729370117,0.11263500154018402,60155.42100689979
521,2460155.8275347,318.6981426,25.2374037,2,19.052499771118164,0.10031700134277344,60155.32753469981
522,2460152.8388657,318.6980883,25.2374047,1,19.252300262451172,0.1412619948387146,60152.33886570018
523,2460152.8253241,318.698149,25.2373716,2,18.970699310302734,0.1039699986577034,60152.32532409998
524,2460150.9078472,318.6980164,25.2374085,1,19.31439971923828,0.09705299884080887,60150.407847200055
525,2460150.8712384,318.6980581,25.2374169,2,18.896699905395508,0.08287099748849869,60150.37123840023
526,2460148.8945602,318.6980243,25.237404,2,18.877199172973633,0.09450100362300873,60148.39456020016
527,2460148.7982986,318.6979711,25.2373993,1,19.37190055847168,0.13764899969100952,60148.29829860013
528,2460146.8568981,318.6980234,25.237449,2,18.854900360107422,0.07276099920272827,60146.356898100115
529,2460144.9346528,318.6980003,25.2374154,1,19.214399337768555,0.1277340054512024,60144.434652800206
530,2460144.8068403,318.6980604,25.2374404,2,18.930999755859375,0.1022540032863617,60144.306840300094
531,2460141.9040162,318.6980143,25.2373898,2,18.79290008544922,0.07088600099086761,60141.40401619999
532,2460141.7960532,318.6980532,25.2373788,1,19.09280014038086,0.10395599901676178,60141.29605320003
533,2460139.9258796,318.6979698,25.2374299,1,18.989999771118164,0.1037760004401207,60139.42587959999
534,2460139.8781944,318.6980692,25.2374228,2,18.716699600219727,0.08835399895906448,60139.37819440011
535,2460137.9157523,318.6980383,25.2373936,2,18.7450008392334,0.09606699645519257,60137.41575230006
536,2460137.875081,318.6979864,25.2374066,1,19.015600204467773,0.10736799985170364,60137.37508099992
537,2460135.9437616,318.6980433,25.2374053,2,18.704299926757812,0.07196199893951416,60135.44376160018
538,2460135.8244444,318.6980591,25.2373831,1,18.951400756835938,0.09590999782085419,60135.32444440015
539,2460133.8992708,318.6980795,25.2373939,2,18.67099952697754,0.07287099957466125,60133.39927079994
540,2460133.8319907,318.6979637,25.237422,1,19.015600204467773,0.09306599944829941,60133.331990700215
541,2460127.9227546,318.6979903,25.2373943,1,18.878999710083008,0.11115500330924988,60127.42275460018
542,2460127.8250579,318.6980523,25.2374002,2,18.63909912109375,0.09953399747610092,60127.325057900045
543,2460125.9213657,318.6980361,25.2374074,2,18.531099319458008,0.08726099878549576,60125.4213657002
544,2460125.9002199,318.6980157,25.2374248,1,18.853200912475586,0.10445799678564072,60125.40021990007
545,2460123.9354514,318.6980174,25.2374061,2,18.564699172973633,0.08228799700737,60123.4354514
546,2460123.8598727,318.697992,25.2374296,1,18.902000427246094,0.11704300343990326,60123.35987270018
547,2460121.9153588,318.6979897,25.2374183,1,18.765899658203125,0.10425599664449692,60121.415358799975
548,2460121.8069444,318.698064,25.2374116,2,18.46380043029785,0.0807889997959137,60121.30694440007
549,2460119.923588,318.69802,25.2374176,1,18.81439971923828,0.08277100324630737,60119.42358799977
550,2460119.8539352,318.6980035,25.2374113,2,18.485300064086914,0.07586000114679337,60119.35393519979
551,2460117.9215509,318.6980358,25.2373963,1,18.726999282836914,0.1003350019454956,60117.42155090021
552,2460117.9082407,318.6980653,25.2374254,2,18.543100357055664,0.06870999932289124,60117.40824070014
553,2460114.9135532,318.6980274,25.2374401,1,18.786699295043945,0.08157599717378616,60114.4135532002
554,2460114.8882176,318.6980551,25.2374137,2,18.454299926757812,0.10554999858140945,60114.38821760006
555,2460111.9131713,318.6980287,25.2374362,1,18.800100326538086,0.07461600005626678,60111.4131713002
556,2460109.9445023,318.6979944,25.2374276,2,18.4148006439209,0.07987699657678604,60109.44450230012
557,2460109.9019676,318.6979969,25.2374469,1,18.743000030517578,0.11076000332832336,60109.40196759999
558,2460104.8831829,318.6980433,25.2374159,2,18.438800811767578,0.07901199907064438,60104.38318290003
559,2460101.9462384,318.697977,25.2374094,1,18.74880027770996,0.14190299808979034,60101.44623839995
560,2460101.9081134,318.6980302,25.2373902,2,18.55109977722168,0.09060200303792953,60101.408113399986
561,2460098.9567361,318.6980112,25.2374283,1,18.803199768066406,0.11660700291395187,60098.456736099906
562,2460098.8927778,318.6980313,25.2374038,2,18.644399642944336,0.08953700214624405,60098.392777800094
563,2460090.9539005,318.697996,25.2373887,2,18.615299224853516,0.08641199767589569,60090.4539005002
564,2460088.9435995,318.6980041,25.2374142,1,18.86440086364746,0.11051200330257416,60088.44359950023
565,2460088.9229167,318.6980164,25.2374127,2,18.56209945678711,0.07008299976587296,60088.42291670013
566,2460086.9298843,318.6979518,25.2374181,1,18.839599609375,0.10633999854326248,60086.4298843001
567,2460086.9072685,318.6980609,25.2374664,2,18.567899703979492,0.08036799728870392,60086.407268499956
568,2460084.9248264,318.6981521,25.2373928,1,19.029499053955078,0.15404300391674042,60084.42482639989
569,2460084.9072454,318.6980139,25.2374009,2,18.545799255371094,0.0767579972743988,60084.407245399896
570,2460082.9465394,318.6979577,25.2373821,2,18.619199752807617,0.11660800129175186,60082.446539400145
571,2460082.9321528,318.6979812,25.2374652,1,18.997800827026367,0.11202699691057205,60082.432152799796
572,2460079.9464699,318.6979787,25.2374168,1,18.845399856567383,0.08258900046348572,60079.4464699002
573,2460079.9278356,318.6980336,25.237392,2,18.539899826049805,0.08013299852609634,60079.427835599985
574,2460077.9408796,318.6979913,25.2374272,2,18.49169921875,0.0872960016131401,60077.44087960012
575,2460077.9214236,318.6979871,25.2374552,1,18.779199600219727,0.13425999879837036,60077.421423600055
576,2460073.9274537,318.6980565,25.237339,1,18.877500534057617,0.2438800036907196,60073.42745369999
577,2460073.903044,318.6980901,25.2373824,2,18.54490089416504,0.13852599263191223,60073.4030439998
578,2460065.9651389,318.6980477,25.237374,1,19.056900024414062,0.14009100198745728,60065.465138900094
579,2460065.9286343,318.6980369,25.2373937,2,18.71809959411621,0.08124800026416779,60065.4286342999
580,2460053.9506713,318.6980143,25.237414,2,18.449100494384766,0.06699500232934952,60053.450671299826
581,2460050.9876736,318.6979858,25.237417,1,18.73699951171875,0.09083899855613708,60050.487673600204
582,2460050.9572917,318.6980161,25.2374359,2,18.438400268554688,0.10119099915027618,60050.457291699946
583,2460045.9699074,318.6979872,25.2374183,1,18.72279930114746,0.10797300189733505,60045.4699074002
584,2460045.9479977,318.6980132,25.2374162,2,18.49489974975586,0.11552000045776367,60045.44799769996
585,2460043.946088,318.6980169,25.2373382,1,18.894699096679688,0.1627269983291626,60043.4460880002
586,2460036.9652662,318.698066,25.237459,2,18.310100555419922,0.08194400370121002,60036.46526619978
587,2460022.0297106,318.6980638,25.2373318,2,18.357099533081055,0.09258700162172318,60021.52971060015
588,2460022.0271644,318.6980734,25.2373584,2,18.348499298095703,0.11815299838781357,60021.52716440009
589,2460022.0246181,318.6978962,25.23735,2,18.431800842285156,0.08982700109481812,60021.52461809991
590,2460022.0220718,318.698202,25.2373948,2,18.24799919128418,0.10017400234937668,60021.522071800195
591,2460022.019537,318.6980157,25.2373906,2,18.108400344848633,0.1037210002541542,60021.519536999986
592,2460021.0303241,318.69803,25.2374306,2,18.357099533081055,0.0893620029091835,60020.53032410005
593,2460021.0277778,318.6979397,25.2374436,2,18.29640007019043,0.08772999793291092,60020.52777779987
594,2460021.0252315,318.6979579,25.2374334,2,18.313600540161133,0.0758960023522377,60020.525231500156
595,2460021.0226968,318.6980092,25.2375009,2,18.488300323486328,0.10416200011968613,60020.522696800064
596,2460021.0201505,318.698043,25.2374476,2,18.02199935913086,0.0935330018401146,60020.520150499884
597,2459936.6186458,318.6980045,25.2374204,1,18.677156448364258,0.11198060214519501,59936.11864579981
598,2459933.6631713,318.6980594,25.2374605,2,18.349599838256836,0.09120000153779984,59933.1631713002
599,2459928.6624537,318.6979621,25.2374196,2,18.55620002746582,0.11397700011730194,59928.16245369986
600,2459923.6924769,318.6980675,25.2374657,2,18.564199447631836,0.09709499776363373,59923.19247689983
601,2459914.6821065,318.6978226,25.2374113,1,19.534500122070312,0.19713599979877472,59914.182106500026
602,2459914.6377199,318.6980006,25.2374434,2,18.986099243164062,0.09879100322723389,59914.13771989988
604,2459909.7013889,318.6978939,25.2373941,1,19.380300521850586,0.13962799310684204,59909.20138890017
605,2459907.6434259,318.6979486,25.237461,1,19.500499725341797,0.1845259964466095,59907.14342590002
606,2459907.6025926,318.6978733,25.2373579,2,19.183700561523438,0.12176699936389923,59907.102592600044
607,2459905.6429051,318.6979356,25.2374347,2,18.7362003326416,0.10845500230789185,59905.14290509978
609,2459903.6810532,318.6979866,25.2374229,1,19.437700271606445,0.21329200267791748,59903.181053199805
610,2459903.6557639,318.6980183,25.237448,2,19.048900604248047,0.0959480032324791,59903.15576389991
611,2459901.6638542,318.6980662,25.2374271,2,18.963699340820312,0.12303400039672852,59901.16385419993
612,2459901.6154745,318.6979542,25.2374037,1,19.58769989013672,0.2827160060405731,59901.11547450023
613,2459899.6569213,318.698117,25.2374511,1,19.467599868774414,0.16211900115013123,59899.156921300106
614,2459899.6218056,318.6980035,25.2374559,2,18.987199783325195,0.09926900267601013,59899.12180559989
615,2459897.7252199,318.6979832,25.2374177,2,18.892000198364258,0.12039399892091751,59897.22521989979
616,2459897.6446875,318.6980231,25.2374136,1,19.489500045776367,0.1271120011806488,59897.14468749985
618,2459895.6404514,318.6980048,25.2373926,2,19.013500213623047,0.12039799988269806,59895.140451400075
619,2459890.6403356,318.6979756,25.2373985,1,19.23889923095703,0.1464499980211258,59890.14033559989
620,2459888.6533102,318.6979012,25.2373279,1,19.07379913330078,0.21595199406147003,59888.1533102002
621,2459888.623287,318.6980703,25.2374455,2,18.98710060119629,0.11217000335454941,59888.12328700023
622,2459883.6814352,318.6980062,25.2373937,1,19.43549919128418,0.1681089997291565,59883.18143519992
623,2459883.6244676,318.6980162,25.2373956,2,18.93429946899414,0.10233800113201141,59883.12446760014
624,2459881.6719907,318.6980477,25.237411,2,18.802400588989258,0.1067579984664917,59881.171990700066
625,2459881.6385764,318.6980382,25.2374005,1,19.25349998474121,0.12634800374507904,59881.1385764
627,2459879.6397454,318.6980458,25.2374268,2,19.034700393676758,0.12026199698448181,59879.13974539982
628,2459877.7156019,318.6980068,25.2373976,1,19.21980094909668,0.1349329948425293,59877.21560190013
629,2459877.6761343,318.6980467,25.237436,2,18.856300354003906,0.09878599643707275,59877.17613429995
631,2459874.6446991,318.6979995,25.2374044,2,18.77829933166504,0.09876099973917007,59874.14469909994
632,2459872.6825,318.6980436,25.2374294,1,19.169599533081055,0.1046070009469986,59872.18250000011
633,2459872.6296181,318.6979908,25.2374146,2,18.77790069580078,0.09585800021886826,59872.12961809989
634,2459870.8296296,318.6981189,25.237469,1,19.023399353027344,0.17274799942970276,59870.32962960005
635,2459870.6978125,318.698021,25.2374249,2,18.668100357055664,0.08472900092601776,59870.197812499944
636,2459867.6699653,318.6979889,25.2374358,2,18.72909927368164,0.08378499746322632,59867.16996529978
637,2459867.6299306,318.6980894,25.2373898,1,19.107200622558594,0.10867200046777725,59867.12993060006
638,2459865.7173495,318.6979898,25.2374126,1,19.286399841308594,0.1495160013437271,59865.21734949993
639,2459865.6454051,318.6980209,25.2374291,2,18.67259979248047,0.09137199819087982,59865.14540510019
642,2459859.7392477,318.6979994,25.2374142,2,18.76650047302246,0.12175200134515762,59859.2392477002
644,2459857.7764815,318.6979419,25.2374354,1,19.1835994720459,0.13879600167274475,59857.276481499895
645,2459857.7202662,318.697957,25.2374285,2,18.564300537109375,0.08448699861764908,59857.22026620014
646,2459855.7778588,318.6980539,25.2374081,2,18.653200149536133,0.10295800119638443,59855.27785879979
647,2459855.7365856,318.6980441,25.2374299,1,19.144800186157227,0.11601600050926208,59855.236585599836
648,2459853.7782292,318.6980112,25.2373954,1,18.982799530029297,0.1103530004620552,59853.278229199816
649,2459853.7450579,318.6980412,25.2374545,2,18.679399490356445,0.10785699635744095,59853.24505789997
650,2459851.7128241,318.6980137,25.2374457,1,19.106800079345703,0.10519299656152725,59851.21282410016
651,2459851.6471759,318.6980305,25.2374832,2,18.68779945373535,0.10076899826526642,59851.14717590017
652,2459849.7154398,318.6979884,25.237441,1,19.01799964904785,0.07521100342273712,59849.21543980017
653,2459849.6703472,318.6980252,25.2374306,2,18.566999435424805,0.08693800121545792,59849.170347199775
654,2459847.7880093,318.6979846,25.237383,1,18.91790008544922,0.11158400028944016,59847.2880092999
655,2459847.6708449,318.698003,25.2374417,2,18.648799896240234,0.08462200313806534,59847.170844899956
656,2459844.789213,318.698022,25.2374341,2,18.586299896240234,0.07287999987602234,59844.289212999865
657,2459844.7445949,318.6980295,25.2374118,1,18.942800521850586,0.09010899811983109,59844.24459489994
658,2459842.7866204,318.6980362,25.2373935,1,18.957700729370117,0.08828700333833694,59842.286620399915
659,2459842.7124074,318.6979946,25.2374447,2,18.681900024414062,0.075934998691082,59842.2124073999
660,2459840.7845949,318.6979731,25.2374294,1,19.030099868774414,0.09681399911642075,59840.284594899975
661,2459840.7150694,318.6979936,25.2373932,1,18.982500076293945,0.0918549969792366,59840.21506940015
662,2459837.6554051,318.6980249,25.2374174,1,19.086999893188477,0.09728600084781647,59837.15540509997
664,2459827.7863657,318.6980698,25.2373772,1,19.3356990814209,0.13672399520874023,59827.286365699954
665,2459825.8308449,318.6979767,25.2374186,2,18.832000732421875,0.08055400103330612,59825.330844900105
666,2459825.8062153,318.6979831,25.2374151,1,19.24880027770996,0.1410599946975708,59825.306215300225
667,2459823.8305556,318.6980046,25.2374398,1,19.215700149536133,0.128371000289917,59823.330555600114
668,2459823.7558449,318.698025,25.2373588,2,18.77829933166504,0.10361000150442123,59823.25584489992
670,2459819.7797222,318.6980459,25.2374001,1,19.290700912475586,0.09354999661445618,59819.279722199775
671,2459819.7546875,318.6980304,25.2373788,2,18.94540023803711,0.12105699628591537,59819.254687500186
672,2459817.8175579,318.6980217,25.2374334,1,19.264999389648438,0.12752200663089752,59817.31755790021
673,2459817.7466204,318.6980162,25.2373732,2,19.017799377441406,0.08590800315141678,59817.24662039988
674,2459815.7901852,318.6980155,25.2374303,2,19.039600372314453,0.10014999657869339,59815.29018520005
675,2459815.7494444,318.6981101,25.2373619,1,19.320999145507812,0.1406569927930832,59815.24944439996
676,2459813.8133449,318.6980276,25.2374382,1,19.289199829101562,0.11313600093126297,59813.31334490003
677,2459813.7578935,318.6980439,25.2374071,2,18.84709930419922,0.09532299637794495,59813.25789349992
678,2459811.8511921,318.6980135,25.2374277,2,18.8656005859375,0.13518600165843964,59811.35119209997
680,2459809.8666782,318.6979688,25.2373961,1,19.250900268554688,0.12647399306297302,59809.3666782002
681,2459809.7801042,318.6980144,25.2374097,2,19.00909996032715,0.09362400323152542,59809.28010419989
682,2459807.8927199,318.6979923,25.2374135,1,19.29949951171875,0.13230599462985992,59807.39271989977
685,2459805.8100579,318.6980646,25.2374244,2,18.858699798583984,0.15001000463962555,59805.310057899915
686,2459802.9116898,318.6980173,25.2373858,1,19.182300567626953,0.16724899411201477,59802.41168980021
687,2459802.7596875,318.6980008,25.2374517,2,18.500200271606445,0.10635200142860413,59802.259687500075
688,2459800.9319676,318.698062,25.2374002,2,18.86199951171875,0.10325100272893906,59800.43196759978
690,2459798.8829051,318.6980307,25.2373741,1,19.11720085144043,0.10114800184965134,59798.38290510001
691,2459798.8417477,318.6980372,25.2374196,2,18.779499053955078,0.09074100106954575,59798.34174769977
694,2459793.7850579,318.6979798,25.2374237,1,19.305299758911133,0.10894399881362915,59793.28505790001
696,2459790.7777778,318.6980603,25.2373951,2,18.989200592041016,0.11975599825382233,59790.27777779987
697,2459788.8877199,318.6980319,25.2374162,2,18.922000885009766,0.11747200042009354,59788.38771989988
699,2459786.8394444,318.6980343,25.2373619,1,19.294300079345703,0.12030400335788727,59786.33944439981
700,2459784.8609028,318.6980471,25.2373735,1,19.369199752807617,0.10500600188970566,59784.360902800225
701,2459784.8293519,318.6980338,25.2373631,2,19.081100463867188,0.10987299680709839,59784.329351900145
703,2459782.7984375,318.6979808,25.2373773,1,19.57040023803711,0.11795700341463089,59782.29843749991
704,2459778.8812731,318.6979609,25.2373518,2,19.109800338745117,0.11790300160646439,59778.38127310015
708,2459773.8637269,318.6980182,25.2374457,2,18.925800323486328,0.1280360072851181,59773.36372689996
709,2459771.9429861,318.6980268,25.237405,1,19.257999420166016,0.10337100178003311,59771.44298609998
712,2459769.8600116,318.6979961,25.2374342,1,19.28420066833496,0.1396609991788864,59769.36001159996
713,2459766.9125463,318.6980708,25.237409,1,19.35919952392578,0.10898800194263458,59766.41254629986
714,2459766.8631829,318.6979921,25.2374077,2,18.868600845336914,0.08076699823141098,59766.36318290001
715,2459764.8714352,318.6980198,25.237388,2,18.68709945678711,0.10078100115060806,59764.371435199864
716,2459764.8505903,318.6980045,25.2374227,1,19.098600387573242,0.12622199952602386,59764.350590299815
720,2459759.9017477,318.6980214,25.2374354,2,18.894399642944336,0.11132899671792984,59759.40174769983
721,2459757.9045486,318.6980392,25.2374126,1,19.172399520874023,0.10878399759531021,59757.40454859985
722,2459757.8612037,318.6980058,25.2373947,1,19.453699111938477,0.13749299943447113,59757.36120369984
723,2459755.9101852,318.6980438,25.2374068,1,19.195499420166016,0.1132429987192154,59755.41018520016
724,2459755.861713,318.698021,25.2373761,2,18.9330997467041,0.07689999788999557,59755.36171300011
725,2459752.9319907,318.6979956,25.2374255,1,19.220300674438477,0.12286099791526794,59752.43199069984
726,2459752.890787,318.6980168,25.2374354,2,18.907100677490234,0.09730499982833862,59752.39078699984
727,2459750.9055787,318.6979429,25.237422,1,19.223499298095703,0.15174199640750885,59750.405578699894
728,2459750.882581,318.6979909,25.2374135,2,18.899499893188477,0.09766499698162079,59750.382581000216
729,2459748.890625,318.698042,25.2373981,1,19.20240020751953,0.13558299839496613,59748.390625
730,2459748.8619213,318.6980241,25.2374387,2,18.78580093383789,0.09482599794864655,59748.36192130018
731,2459744.9442477,318.6979511,25.2374895,1,19.333099365234375,0.16908800601959229,59744.44424769981
732,2459744.9073958,318.6979884,25.2373889,2,18.859899520874023,0.11044500023126602,59744.40739580011
733,2459741.9556481,318.6980706,25.2374292,1,19.26849937438965,0.10116899758577347,59741.4556481
734,2459741.8648843,318.6979815,25.2374337,2,18.854000091552734,0.1210940033197403,59741.36488430016
735,2459739.9459259,318.6980378,25.2373947,2,18.86359977722168,0.08891099691390991,59739.44592589978
736,2459739.9096875,318.6980177,25.2374684,1,19.279300689697266,0.10894399881362915,59739.40968749998
737,2459737.9501157,318.6980119,25.2374228,2,18.854299545288086,0.08626899868249893,59737.45011569979
738,2459737.9242824,318.6979882,25.2374286,1,19.257200241088867,0.1041250005364418,59737.42428239994
739,2459735.947419,318.6980226,25.2373989,1,19.14550018310547,0.12609000504016876,59735.44741899986
740,2459735.9071991,318.698016,25.2373818,2,18.79319953918457,0.0848499983549118,59735.407199100126
741,2459733.9445023,318.6980071,25.2373955,1,19.102800369262695,0.1055700033903122,59733.44450230012
742,2459731.9430324,318.6979802,25.2374642,2,18.667600631713867,0.06414499878883362,59731.44303240022
743,2459731.9168981,318.6980665,25.2373951,1,19.17569923400879,0.1416880041360855,59731.41689810017
744,2459727.9502662,318.6980048,25.2374055,1,19.034000396728516,0.10565199702978134,59727.45026620012
745,2459727.9023958,318.6980261,25.2374261,2,18.666500091552734,0.09975899755954742,59727.40239580022
746,2459724.956331,318.698002,25.2374142,1,18.952899932861328,0.10213000327348709,59724.4563310002
747,2459724.9246759,318.6980112,25.2374349,2,18.696199417114258,0.09890200197696686,59724.42467590002
748,2459722.954919,318.698024,25.2374096,1,19.0398006439209,0.09185999631881714,59722.454919000156
749,2459722.954919,318.698024,25.2374096,1,19.039810180664062,0.09185999631881714,59722.454919000156
750,2459722.9239005,318.6979652,25.2374161,1,19.070100784301758,0.10354799777269363,59722.42390049994
751,2459722.9239005,318.6979652,25.2374161,1,19.070119857788086,0.10354799777269363,59722.42390049994
753,2459718.9651157,318.6980488,25.2374345,2,18.685800552368164,0.10541500151157379,59718.46511569992
754,2459718.9252083,318.6980101,25.2374114,2,18.73419952392578,0.0884459987282753,59718.42520829989
755,2459713.9466782,318.6980669,25.2374998,1,19.108999252319336,0.18037299811840057,59713.446678199805
756,2459713.9061343,318.698022,25.2374299,2,18.62339973449707,0.11715299636125565,59713.406134299934
757,2459710.9640741,318.6980167,25.2374321,1,18.992799758911133,0.11663900315761566,59710.4640740999
758,2459710.8862037,318.6980084,25.2375164,2,18.493999481201172,0.12687599658966064,59710.38620370021
759,2459707.9703935,318.6981463,25.2374353,2,18.54759979248047,0.09592700004577637,59707.470393499825
760,2459707.9315856,318.6980671,25.2374159,2,18.56679916381836,0.10157500207424164,59707.431585600134
761,2459701.9524537,318.6980339,25.2374264,1,19.015199661254883,0.11383199691772461,59701.452453699894
762,2459701.9032523,318.698031,25.2374023,1,18.920499801635742,0.10642699897289276,59701.403252299875
763,2459698.9733796,318.698028,25.2373936,2,18.524999618530273,0.07288700342178345,59698.47337959986
764,2459698.9497454,318.6980106,25.2374126,1,18.93670082092285,0.11166500300168991,59698.44974539988
765,2459695.9542708,318.6980035,25.2373926,2,18.64780044555664,0.11010400205850601,59695.45427080011
766,2459690.9765509,318.6980054,25.237443,2,18.705400466918945,0.10941799730062485,59690.47655089991
767,2459690.9544444,318.6980442,25.2371621,1,19.261999130249023,0.2826229929924011,59690.454444400035
768,2459688.0118287,318.6979836,25.2374447,2,18.68939971923828,0.13934600353240967,59687.51182870008
770,2459684.9620023,318.6978471,25.2373218,1,19.309799194335938,0.23035700619220734,59684.46200230019
771,2459684.9280093,318.6979869,25.2373388,2,18.74970054626465,0.1609169989824295,59684.42800930003
773,2459677.9512847,318.6978044,25.2374766,2,18.615400314331055,0.10454100370407104,59677.45128470007
774,2459674.9957755,318.6980255,25.2373359,1,19.02519989013672,0.1309570074081421,59674.49577549985
775,2459674.9706134,318.6981117,25.237385,2,18.683700561523438,0.10601799935102463,59674.470613399986
776,2459671.9978819,318.6979751,25.237436,2,18.734399795532227,0.08691199868917465,59671.49788190005
777,2459671.9978819,318.6979786,25.2374369,2,18.70170021057129,0.08638100326061249,59671.49788190005
778,2459671.9616319,318.6979349,25.2374217,1,19.041200637817383,0.14855100214481354,59671.461631900165
779,2459671.9616319,318.697934,25.2374239,1,19.061800003051758,0.15004900097846985,59671.461631900165
780,2459642.0546412,318.6980677,25.2373886,2,18.573299407958984,0.16051200032234192,59641.55464120023
781,2459642.0522454,318.6979975,25.2374777,2,18.61240005493164,0.15184099972248077,59641.552245399915
782,2459642.049838,318.697898,25.2374706,2,18.87649917602539,0.15605899691581726,59641.54983799998
783,2459642.0474421,318.698037,25.2373838,2,18.603900909423828,0.12470199912786484,59641.54744210001
784,2459642.0450463,318.6979132,25.2374913,2,18.629100799560547,0.1063309982419014,59641.54504630016
786,2459641.0503356,318.6980869,25.2373607,2,18.76219940185547,0.1261499971151352,59640.55033560004
787,2459641.0478704,318.6979446,25.2375277,2,18.740299224853516,0.1005610004067421,59640.547870399896
788,2459641.0453935,318.6979487,25.2374125,2,18.673799514770508,0.10114099830389023,59640.54539350001
789,2459641.0429167,318.6979687,25.2374175,2,18.55820083618164,0.09849900007247925,59640.54291669978
793,2459639.0572106,318.6979843,25.2376049,2,18.612499237060547,0.22783499956130981,59638.5572106
795,2459639.0522685,318.6982184,25.2375435,2,18.64900016784668,0.2740139961242676,59638.552268499974
796,2459639.0497917,318.6980495,25.2375059,2,18.826099395751953,0.23248399794101715,59638.54979170021
797,2459639.0473148,318.6978688,25.2374472,2,18.570600509643555,0.15272800624370575,59638.54731479986
803,2459637.0566782,318.6980015,25.2375131,2,18.52090072631836,0.2699669897556305,59636.55667820014
806,2459637.0492593,318.6976014,25.2374485,2,18.527000427246094,0.22125199437141418,59636.54925929988
808,2459637.046794,318.6977833,25.2373513,2,18.626399993896484,0.1619729995727539,59636.54679400008
809,2459550.6785648,318.6980013,25.2374103,1,18.843469619750977,0.09572599828243256,59550.17856479995
810,2459540.7396412,318.6979475,25.2372786,1,18.693599700927734,0.21209999918937683,59540.23964119982
811,2459540.6380208,318.6979532,25.237395,2,18.303199768066406,0.10136400163173676,59540.13802079996
812,2459537.7000347,318.6980394,25.2374443,1,18.557300567626953,0.1776600033044815,59537.20003469987
813,2459537.653669,318.698037,25.237413,2,18.512699127197266,0.174235001206398,59537.15366900014
814,2459531.6827662,318.6980983,25.2374494,1,18.685100555419922,0.1535560041666031,59531.18276620004
815,2459531.6440856,318.6980308,25.2374361,2,18.430299758911133,0.06488099694252014,59531.14408560004
816,2459529.7260532,318.6979802,25.2374181,1,18.92020034790039,0.11448799818754196,59529.2260532002
817,2459529.6439468,318.6980139,25.2373939,2,18.430599212646484,0.07557199895381927,59529.143946799915
818,2459526.6780903,318.6980009,25.2374328,1,18.778499603271484,0.11302699893712997,59526.178090299945
819,2459526.6437616,318.6980136,25.23741,2,18.42060089111328,0.07916700094938278,59526.1437615999
820,2459524.6301852,318.6979982,25.2374141,1,18.644100189208984,0.10593699663877487,59524.1301851999
821,2459524.5919792,318.6980334,25.237454,2,18.405799865722656,0.10109800100326538,59524.09197920002
822,2459522.655463,318.6979838,25.2374025,2,18.384300231933594,0.07067299634218216,59522.15546299983
823,2459522.6343519,318.6980432,25.2374234,1,18.74530029296875,0.10243300348520279,59522.13435189985
824,2459520.708588,318.6980069,25.2374321,2,18.32379913330078,0.062355998903512955,59520.20858799992
825,2459512.6853935,318.6979597,25.2374234,1,18.897600173950195,0.11767400056123734,59512.18539350014
826,2459512.6422106,318.6979948,25.2373993,2,18.56920051574707,0.07295700162649155,59512.142210599966
827,2459509.7473032,318.6980198,25.2374494,2,18.57080078125,0.0965149998664856,59509.247303199954
828,2459504.7038426,318.6980396,25.2373964,1,18.93670082092285,0.1283629983663559,59504.203842599876
829,2459504.6608333,318.6980057,25.2374265,2,18.577999114990234,0.09199400246143341,59504.16083330009
831,2459502.6987037,318.6980122,25.2374384,2,18.60099983215332,0.09496799856424332,59502.19870370021
832,2459491.7755093,318.6980181,25.2374008,1,19.028799057006836,0.1688939929008484,59491.275509300176
833,2459491.6872106,318.6980197,25.2373972,2,18.749000549316406,0.08658000081777573,59491.18721059989
834,2459489.7410069,318.6980084,25.2374334,1,19.217199325561523,0.16063399612903595,59489.24100690009
835,2459489.7410069,318.6980084,25.2374334,1,19.217199325561523,0.16063399612903595,59489.24100690009
836,2459487.7409838,318.6980519,25.2373796,2,18.842300415039062,0.11940199881792068,59487.24098380003
837,2459487.7196875,318.6981137,25.2373886,1,19.14780044555664,0.15859900414943695,59487.21968750004
838,2459484.7221181,318.6980368,25.2373778,2,18.80769920349121,0.127360999584198,59484.22211810015
840,2459480.801956,318.6980429,25.2373959,1,19.33169937133789,0.16818900406360626,59480.30195599981
842,2459478.7128356,318.6980328,25.2374307,2,18.835500717163086,0.11441200226545334,59478.212835600134
843,2459476.8241204,318.6980046,25.2374345,2,18.868600845336914,0.14006200432777405,59476.32412040001
844,2459476.7385069,318.6979427,25.2374144,1,19.417499542236328,0.16867400705814362,59476.23850690015
845,2459473.873287,318.6980199,25.237438,1,19.342300415039062,0.12599200010299683,59473.37328700023
847,2459470.8700347,318.6980965,25.2374192,1,19.340499877929688,0.17141999304294586,59470.370034699794
848,2459470.7642361,318.6980036,25.2373593,2,19.006999969482422,0.11843299865722656,59470.26423610002
849,2459468.8318866,318.6979421,25.2373955,2,19.04010009765625,0.13403600454330444,59468.33188659977
851,2459466.84875,318.6979762,25.2374228,2,19.034900665283203,0.10761799663305283,59466.34874999989
852,2459464.8208333,318.6979581,25.2374018,2,18.99959945678711,0.11785300076007843,59464.320833299775
853,2459464.8208333,318.6979581,25.2374018,2,18.99959945678711,0.11785300076007843,59464.320833299775
855,2459462.8646644,318.6980299,25.2373429,2,18.97450065612793,0.12240099906921387,59462.3646644
857,2459460.8312269,318.698156,25.2372713,2,19.15329933166504,0.13715100288391113,59460.33122690022
859,2459458.7340509,318.6980304,25.2374151,2,19.11009979248047,0.09522499889135361,59458.23405090021
860,2459454.8191667,318.6980164,25.2373687,2,19.1914005279541,0.1213579997420311,59454.31916669989
867,2459444.7771759,318.6980464,25.2373435,2,18.92449951171875,0.17809900641441345,59444.27717590006
868,2459442.7981713,318.6980704,25.2373811,1,19.523399353027344,0.12730899453163147,59442.298171299975
869,2459442.7449421,318.6980482,25.2374309,2,19.211299896240234,0.15724800527095795,59442.24494209979
870,2459440.7988194,318.6980357,25.2373949,2,19.021699905395508,0.09736199676990509,59440.298819399904
871,2459440.7988194,318.6980357,25.2373949,2,19.021699905395508,0.09736199676990509,59440.298819399904
872,2459440.7750231,318.6980622,25.237403,1,19.510900497436523,0.17440199851989746,59440.275023099966
873,2459440.7750231,318.6980622,25.237403,1,19.510900497436523,0.17440199851989746,59440.275023099966
874,2459438.8627199,318.6979797,25.2374276,1,19.592500686645508,0.1651020050048828,59438.362719899975
876,2459435.8860069,318.6980076,25.2374052,1,19.526899337768555,0.14828599989414215,59435.38600690011
877,2459435.7606713,318.6981322,25.2374732,2,19.265300750732422,0.10428299754858017,59435.26067129988
880,2459428.8545486,318.6980225,25.237373,2,18.842500686645508,0.09491100162267685,59428.35454860004
883,2459424.8297222,318.6979798,25.237363,2,19.030399322509766,0.08538000285625458,59424.329722200055
884,2459424.7791435,318.6979522,25.2373683,1,19.243099212646484,0.14409799873828888,59424.27914350014
885,2459422.8882523,318.697944,25.2373879,2,18.90999984741211,0.158393993973732,59422.38825230021
886,2459422.7882407,318.698058,25.2374563,1,19.362199783325195,0.21931900084018707,59422.28824070003
887,2459418.9359491,318.6980353,25.2373594,1,19.396400451660156,0.29607099294662476,59418.43594910018
889,2459415.933044,318.6980234,25.2374065,1,19.09280014038086,0.11140500009059906,59415.43304400006
890,2459415.933044,318.6980234,25.2374065,1,19.09280014038086,0.11140500009059906,59415.43304400006
891,2459415.933044,318.6980234,25.2374065,1,19.09280014038086,0.11140500009059906,59415.43304400006
892,2459415.8792245,318.6980689,25.237429,2,18.782100677490234,0.09482000023126602,59415.37922450015
893,2459415.8792245,318.6980689,25.237429,2,18.782100677490234,0.09482000023126602,59415.37922450015
894,2459415.8792245,318.6980689,25.237429,2,18.782100677490234,0.09482000023126602,59415.37922450015
896,2459412.8512963,318.6980079,25.2373862,1,19.04450035095215,0.11096300184726715,59412.35129630007
897,2459410.8992361,318.6980065,25.237378,2,18.70170021057129,0.08622000366449356,59410.399236099795
901,2459405.9546759,318.6980374,25.2373953,1,19.179100036621094,0.11763700097799301,59405.45467589982
902,2459405.8860648,318.6980353,25.2374369,2,18.684499740600586,0.09697800129652023,59405.38606479997
903,2459403.8893866,318.6980673,25.2373999,1,19.110599517822266,0.13172000646591187,59403.38938659988
904,2459403.8475694,318.698047,25.2373938,2,18.717599868774414,0.10531699657440186,59403.34756939998
905,2459401.9229282,318.6980033,25.2373824,2,18.67289924621582,0.07244899868965149,59401.4229282001
906,2459401.8813542,318.6980333,25.2373976,1,19.096599578857422,0.1334650069475174,59401.38135420019
907,2459399.9041551,318.697982,25.2374354,1,18.90019989013672,0.14235299825668335,59399.40415510023
908,2459396.9376852,318.6980382,25.2373966,1,19.068500518798828,0.12835800647735596,59396.43768520001
909,2459396.8907986,318.6980258,25.2373979,2,18.605300903320312,0.09215100109577179,59396.390798599925
910,2459394.9229745,318.6980029,25.2374059,2,18.697799682617188,0.1267240047454834,59394.422974499874
912,2459392.883912,318.6980506,25.2374112,2,18.68470001220703,0.09548000246286392,59392.383911999874
913,2459392.798588,318.6980104,25.2373416,1,18.950599670410156,0.15920299291610718,59392.29858799977
914,2459390.9344213,318.6979871,25.2373611,1,19.020099639892578,0.12700200080871582,59390.43442129996
915,2459390.8671644,318.6980125,25.2374241,2,18.617000579833984,0.08641999959945679,59390.36716439994
916,2459386.9416435,318.6980603,25.2373963,1,19.16510009765625,0.11147599667310715,59386.44164349977
917,2459386.9166088,318.6980367,25.2373786,2,18.829700469970703,0.08870399743318558,59386.41660880018
918,2459384.869838,318.6980458,25.2373592,2,19.094900131225586,0.1244020015001297,59384.36983799981
919,2459381.9013542,318.6980233,25.2373906,2,19.20330047607422,0.1606680005788803,59381.40135420021
920,2459378.9368056,318.6980572,25.2374228,1,19.316600799560547,0.10167700052261353,59378.436805599835
921,2459378.9044097,318.6980321,25.2373637,2,19.012699127197266,0.08793400228023529,59378.40440970007
922,2459376.9308912,318.6980115,25.2373987,2,19.016399383544922,0.14569300413131714,59376.43089119997
923,2459376.9021644,318.6980161,25.2373619,1,19.492700576782227,0.15158499777317047,59376.40216440009
925,2459374.9069444,318.6979743,25.2373722,1,19.4143009185791,0.10825400054454803,59374.406944400165
926,2459371.944294,318.6979568,25.2373778,2,19.038000106811523,0.09454700350761414,59371.444294000044
927,2459371.9101968,318.6980133,25.2373928,1,19.31999969482422,0.1353980004787445,59371.410196799785
929,2459369.8779282,318.6980542,25.2373518,1,19.457799911499023,0.17429299652576447,59369.37792820018
930,2459367.9306829,318.6979307,25.237395,1,19.553300857543945,0.1711840033531189,59367.430682899896
931,2459367.8937384,318.6980959,25.2374396,2,19.188100814819336,0.13582199811935425,59367.39373840019
932,2459364.9493634,318.697988,25.2374212,2,19.20800018310547,0.12621000409126282,59364.44936340023
933,2459364.909213,318.6979919,25.2373621,1,19.552499771118164,0.22490400075912476,59364.40921299998
934,2459362.9528356,318.6979934,25.2374139,2,19.28339958190918,0.1431719958782196,59362.45283559989
938,2459356.9626736,318.6980815,25.2374356,1,19.760700225830078,0.23069000244140625,59356.46267359983
939,2459356.9111921,318.6979471,25.2374366,2,19.380199432373047,0.17379799485206604,59356.41119210003
940,2459352.9682755,318.6979866,25.2373856,1,19.61750030517578,0.1342960000038147,59352.468275499996
941,2459352.9309375,318.6980189,25.2373887,2,19.183900833129883,0.10775599628686905,59352.430937500205
945,2459344.9255093,318.6980727,25.2374047,2,19.143600463867188,0.11021199822425842,59344.42550930008
946,2459340.9477546,318.6979808,25.237378,1,19.682600021362305,0.18661199510097504,59340.447754600085
947,2459340.9260648,318.6980776,25.237371,2,19.175500869750977,0.11731699854135513,59340.426064800005
948,2459338.9721296,318.6979919,25.2374069,2,19.066099166870117,0.1323779970407486,59338.47212960012
950,2459335.9757407,318.6981116,25.2373762,2,19.31399917602539,0.1431249976158142,59335.47574070003
952,2459329.9726505,318.6980738,25.2374262,1,19.653799057006836,0.2544969916343689,59329.472650500014
953,2459329.9726505,318.6980738,25.2374262,1,19.653799057006836,0.2544969916343689,59329.472650500014
954,2459329.9497454,318.6980317,25.2374775,2,19.254249572753906,0.1703529953956604,59329.44974539988
955,2459329.9497454,318.6980317,25.2374775,2,19.254199981689453,0.1703529953956604,59329.44974539988
956,2459329.9497454,318.6980317,25.2374775,2,19.254199981689453,0.1703529953956604,59329.44974539988
957,2459324.9885417,318.6979821,25.2374065,1,19.775999069213867,0.20893999934196472,59324.488541699946
958,2459321.9894097,318.6979952,25.2373826,2,19.1156005859375,0.11289899796247482,59321.489409700036
959,2459317.993044,318.6980515,25.2373945,1,19.533899307250977,0.1665640026330948,59317.49304400012
960,2459317.955463,318.6979005,25.2373645,2,19.202800750732422,0.15906000137329102,59317.45546300011
961,2459313.9924884,318.6979986,25.2373596,1,19.50429916381836,0.19062499701976776,59313.49248840008
962,2459313.9530787,318.6979881,25.2373554,2,19.40049934387207,0.22447200119495392,59313.45307870023
963,2459309.9968287,318.6980482,25.2373717,2,19.16230010986328,0.14727400243282318,59309.49682869995
965,2459307.9935764,318.6979759,25.2374578,1,19.5575008392334,0.17468999326229095,59307.49357639998
966,2459307.9788426,318.6979903,25.2373462,2,19.114200592041016,0.11694800108671188,59307.47884259978
968,2459305.9680787,318.6980446,25.2375114,2,18.802799224853516,0.18519499897956848,59305.468078699894
969,2459296.0262153,318.6980367,25.2373793,2,19.01140022277832,0.13383400440216064,59295.526215299964
970,2459296.0237731,318.6979933,25.237474,2,18.86840057373047,0.10506100207567215,59295.52377310023
971,2459296.0213426,318.6980514,25.2374118,2,19.076499938964844,0.19993600249290466,59295.52134260023
972,2459296.018912,318.6980297,25.2373795,2,18.87540054321289,0.1387999951839447,59295.518912000116
973,2459296.0164815,318.6983068,25.2374427,2,18.786699295043945,0.10845399647951126,59295.51648150012
974,2459293.0325463,318.6980075,25.2374195,2,18.881999969482422,0.11692299693822861,59292.532546299975
975,2459293.0300694,318.6980367,25.2373838,2,19.194900512695312,0.1298079937696457,59292.53006940009
976,2459293.027581,318.6979488,25.2374118,2,18.938899993896484,0.11210300028324127,59292.52758099977
977,2459293.0250926,318.6980213,25.2374516,2,18.895999908447266,0.11416800320148468,59292.52509259991
978,2459293.0226157,318.6980012,25.2374395,2,18.95599937438965,0.18372899293899536,59292.52261570003
979,2459292.0317708,318.6979359,25.237451,2,19.010000228881836,0.1538040041923523,59291.531770799775
980,2459292.0292245,318.6980523,25.2374103,2,18.965099334716797,0.12185300141572952,59291.52922450006
981,2459292.0266898,318.6980117,25.2374528,2,18.859899520874023,0.10702300071716309,59291.52668979997
982,2459292.0241435,318.6979877,25.2373986,2,18.88249969482422,0.11301200091838837,59291.52414349979
983,2459292.0216088,318.6979487,25.237405,2,18.965599060058594,0.11265499889850616,59291.52160880016
984,2459291.0335417,318.6979551,25.2374095,2,18.902299880981445,0.12299899756908417,59290.53354169987
985,2459291.0309954,318.6979688,25.2374197,2,19.028099060058594,0.14535799622535706,59290.53099540016
986,2459291.0284606,318.6980097,25.2374137,2,18.978900909423828,0.0929810032248497,59290.52846059995
987,2459291.0259259,318.6979059,25.2373958,2,18.966100692749023,0.12108000367879868,59290.525925899856
988,2459291.0233912,318.6980375,25.2374072,2,19.15570068359375,0.15467000007629395,59290.52339120023
990,2459277.0507523,318.6980114,25.2372795,2,18.982200622558594,0.18886999785900116,59276.55075229984
991,2459277.0484028,318.6978885,25.2374078,2,19.078899383544922,0.20402400195598602,59276.548402800225
992,2459276.0548495,318.6982265,25.237407,2,19.19610023498535,0.304284006357193,59275.55484949984
993,2459276.0524769,318.6980038,25.2373466,2,18.930200576782227,0.19609099626541138,59275.552476900164
994,2459276.0501157,318.6980023,25.2375015,2,19.042200088500977,0.22315199673175812,59275.55011569988
1002,2459273.0513542,318.6981166,25.2374209,2,18.40049934387207,0.26603999733924866,59272.55135420011
1006,2459271.0595139,318.6980052,25.2369553,2,18.909299850463867,0.3724899888038635,59270.55951389996
1008,2459271.0570833,318.6982395,25.2374656,2,18.50830078125,0.23256100714206696,59270.55708329985
1011,2459270.0587153,318.6981303,25.2374289,2,19.020599365234375,0.16868600249290466,59269.55871530017
1013,2459270.0538542,318.6979688,25.2373625,2,19.071300506591797,0.14943400025367737,59269.55385420006
1014,2459270.0514236,318.6979721,25.2373709,2,19.051700592041016,0.16648200154304504,59269.55142359994
1016,2459269.0567824,318.6979862,25.2374569,2,19.157100677490234,0.14539900422096252,59268.55678239977
1017,2459269.0543866,318.6978668,25.2375485,2,19.117599487304688,0.14205600321292877,59268.55438659992
1018,2459268.0580671,318.6981375,25.2376577,2,18.81410026550293,0.18828800320625305,59267.55806710012
1020,2459202.6586111,318.6979516,25.2372543,1,19.277000427246094,0.21342399716377258,59202.15861110017
1021,2459199.6563194,318.6980306,25.2372506,1,19.4867000579834,0.2988530099391937,59199.15631939983
1022,2459199.5953241,318.6979932,25.2373903,2,18.958999633789062,0.12764500081539154,59199.095324099995
1023,2459194.6111227,318.6980363,25.2374259,2,18.8528995513916,0.09856300055980682,59194.11112269992
1024,2459192.6122917,318.6980054,25.2373487,2,18.767000198364258,0.12190300226211548,59192.11229170021
1025,2459189.6236574,318.6979584,25.2373687,1,19.096500396728516,0.16040199995040894,59189.12365739979
1026,2459187.6764583,318.6979799,25.2373446,2,18.606399536132812,0.14348499476909637,59187.17645830009
1027,2459187.6139468,318.6979421,25.2373891,1,19.284099578857422,0.12794999778270721,59187.11394680012
1028,2459185.6323727,318.6979947,25.2374186,2,18.648700714111328,0.07503099739551544,59185.13237270014
1029,2459185.6176736,318.6979975,25.2374096,1,18.962900161743164,0.13544799387454987,59185.11767360009
1030,2459183.6371875,318.6979905,25.2374729,1,19.111900329589844,0.26532799005508423,59183.13718750002
1031,2459183.5757407,318.6979975,25.2374078,2,18.722299575805664,0.09648499637842178,59183.07574070012
1033,2459181.5702083,318.6980268,25.2373717,2,18.54319953918457,0.10068300366401672,59181.070208299905
1034,2459179.6362963,318.6979759,25.2374176,1,18.943099975585938,0.12688200175762177,59179.13629630022
1035,2459179.5988773,318.6979633,25.2374146,2,18.641700744628906,0.09812600165605545,59179.09887730004
1036,2459177.5943171,318.6979878,25.237398,2,18.640600204467773,0.11872900277376175,59177.09431710001
1037,2459175.610706,318.6980613,25.2374694,2,18.425800323486328,0.08939900249242783,59175.11070600012
1038,2459175.5930903,318.6979911,25.2374325,1,19.046199798583984,0.18540999293327332,59175.09309029998
1039,2459173.5981944,318.6980273,25.2374026,2,18.746999740600586,0.10920800268650055,59173.09819439985
1040,2459171.6536458,318.6979689,25.2374096,1,19.146299362182617,0.1208920031785965,59171.15364579996
1041,2459171.6133102,318.6980434,25.2374132,2,18.851999282836914,0.10967300087213516,59171.11331020016
1042,2459169.651412,318.6979946,25.2374541,2,18.722999572753906,0.13624000549316406,59169.15141199995
1043,2459169.6161921,318.6980668,25.237387,1,19.192699432373047,0.11421500146389008,59169.116192100104
1044,2459167.6326505,318.6980022,25.2374165,1,19.159500122070312,0.12871600687503815,59167.13265050016
1045,2459167.6150926,318.698002,25.2374082,2,18.71139907836914,0.10017699748277664,59167.11509260023
1046,2459164.707662,318.6979213,25.2374061,1,19.246700286865234,0.2237900048494339,59164.207661999855
1047,2459164.6332407,318.6979911,25.2374128,2,18.765899658203125,0.08568000048398972,59164.13324069977
1049,2459155.6447801,318.6980367,25.237417,1,19.192100524902344,0.20192000269889832,59155.14478009986
1050,2459155.6026042,318.697981,25.237355,2,18.844999313354492,0.07517000287771225,59155.10260420013
1052,2459153.5876273,318.6979938,25.2374096,2,18.847900390625,0.10017500072717667,59153.08762730006
1053,2459151.6415509,318.6980317,25.2373666,1,19.110000610351562,0.14023099839687347,59151.14155089995
1054,2459151.6145486,318.6980853,25.2374411,2,18.808900833129883,0.11738099902868271,59151.11454859981
1055,2459149.6741319,318.6980495,25.2373594,1,19.132600784301758,0.17900000512599945,59149.17413190007
1056,2459149.6195139,318.6979869,25.237431,2,18.66119956970215,0.14044299721717834,59149.11951390002
1059,2459144.701956,318.6979836,25.2373961,2,18.692899703979492,0.10512900352478027,59144.20195600018
1060,2459144.6559491,318.6979756,25.2374185,1,18.965099334716797,0.13078799843788147,59144.15594909992
1063,2459140.6589005,318.6979737,25.2374008,1,18.925600051879883,0.08993899822235107,59140.15890049981
1064,2459140.6320486,318.6980136,25.2373464,2,18.733600616455078,0.08415599912405014,59140.13204859989
1065,2459138.7008333,318.6980027,25.2373719,1,19.05419921875,0.10906100273132324,59138.20083330013
1066,2459138.6304745,318.6980667,25.2373918,2,18.66230010986328,0.11889799684286118,59138.13047449989
1067,2459136.6506713,318.6980171,25.2374136,2,18.752899169921875,0.0980909988284111,59136.15067130001
1068,2459136.6346528,318.698045,25.2374274,1,19.095300674438477,0.1281210035085678,59136.13465279993
1069,2459134.6658449,318.6980107,25.2374373,2,18.722700119018555,0.07051199674606323,59134.16584490007
1070,2459131.7270718,318.6980272,25.2373895,2,18.862300872802734,0.10369600355625153,59131.2270717998
1071,2459131.6932986,318.6980167,25.2374011,1,19.00349998474121,0.10109200328588486,59131.19329860015
1072,2459129.7827315,318.697987,25.237418,1,18.9148006439209,0.11682199686765671,59129.28273149999
1073,2459129.7019792,318.6980365,25.2373828,2,18.712600708007812,0.0659710019826889,59129.20197919989
1074,2459125.7802546,318.6979596,25.2373778,2,18.802900314331055,0.09527300298213959,59125.280254600104
1075,2459125.7255787,318.6979589,25.2373659,1,19.01799964904785,0.12952299416065216,59125.22557870019
1076,2459125.7036806,318.6980277,25.2374182,1,19.084800720214844,0.11601900309324265,59125.20368060004
1077,2459124.7952662,318.6980264,25.2373277,2,18.777700424194336,0.1262030005455017,59124.29526619986
1079,2459123.7084259,318.6980078,25.2373938,1,19.001300811767578,0.14683300256729126,59123.20842589997
1080,2459122.7676389,318.6980195,25.2373989,1,19.01740074157715,0.1758659929037094,59122.26763889985
1081,2459121.7911921,318.6980044,25.2373786,1,18.978099822998047,0.11321499943733215,59121.29119209992
1082,2459121.7028009,318.6980109,25.237407,2,18.61750030517578,0.07750800251960754,59121.20280090021
1083,2459120.7760995,318.6979815,25.2374018,1,18.947099685668945,0.13658300042152405,59120.27609949978
1085,2459118.7746528,318.6979939,25.2374197,2,18.703699111938477,0.09423600137233734,59118.27465280006
1086,2459117.7370023,318.6979616,25.2373951,1,18.966999053955078,0.1634960025548935,59117.2370023001
1087,2459116.7279745,318.6980264,25.2373922,1,19.09160041809082,0.1080159991979599,59116.22797450004
1088,2459115.7426273,318.6980789,25.2373824,1,19.062999725341797,0.12099599838256836,59115.24262729986
1089,2459115.7076505,318.6980521,25.2373605,1,19.064699172973633,0.12312500178813934,59115.207650499884
1090,2459113.8192014,318.6980519,25.2373819,2,18.681299209594727,0.08244600147008896,59113.31920140004
1091,2459112.810706,318.6980103,25.2374284,1,19.0393009185791,0.08884499967098236,59112.310705999844
1092,2459112.7844213,318.6980101,25.2374066,1,19.085399627685547,0.11857900023460388,59112.28442130005
1093,2459112.7083681,318.6980148,25.2374434,2,18.68829917907715,0.06792700290679932,59112.208368100226
1094,2459109.7254514,318.6980645,25.237424,1,18.983800888061523,0.0957539975643158,59109.22545140004
1095,2459109.6818634,318.6980383,25.237388,2,18.729000091552734,0.09574799984693527,59109.181863400154
1096,2459106.7901736,318.698061,25.2373587,1,19.16349983215332,0.19257000088691711,59106.29017359996
1097,2459106.729537,318.6979893,25.2374292,2,18.858800888061523,0.13325299322605133,59106.22953699995
1098,2459099.8190046,318.6980318,25.2373755,2,18.882600784301758,0.1313679963350296,59099.319004599936
1100,2459097.8322801,318.697953,25.2373578,1,19.14550018310547,0.14648599922657013,59097.33228009986
1101,2459097.7709722,318.6980234,25.2373718,2,18.946800231933594,0.09023500233888626,59097.270972200204
1102,2459096.796713,318.6980058,25.2373787,2,18.85420036315918,0.1198669970035553,59096.29671300016
1104,2459094.8270486,318.6980286,25.2374677,2,19.019800186157227,0.21178600192070007,59094.327048600186
1105,2459094.8209606,318.6979146,25.2373359,2,18.775699615478516,0.14789099991321564,59094.32096059993
1107,2459092.7888773,318.6979897,25.2373858,1,19.305700302124023,0.19831499457359314,59092.28887729999
1108,2459091.7949769,318.6979809,25.2374144,1,19.10610008239746,0.14389799535274506,59091.294976899866
1109,2459090.7769444,318.698017,25.2374136,1,19.271699905395508,0.17685699462890625,59090.27694439981
1110,2459089.7764236,318.6980063,25.2373563,1,19.118600845336914,0.12481100112199783,59089.27642360004
1112,2459087.7677315,318.6979599,25.2374171,2,18.863000869750977,0.08615999668836594,59087.26773149986
1113,2459086.8502546,318.6980148,25.2373708,2,18.856800079345703,0.08011800050735474,59086.350254599936
1114,2459085.8515625,318.6980168,25.2373805,1,19.223899841308594,0.09658200293779373,59085.3515625
1115,2459085.8206366,318.698008,25.2373708,2,18.917800903320312,0.08018500357866287,59085.32063659979
1116,2459085.7523495,318.6980258,25.2374229,1,19.175800323486328,0.10646399855613708,59085.25234950008
1117,2459082.8309606,318.6979338,25.2373199,1,19.290199279785156,0.14805999398231506,59082.33096060017
1118,2459081.8645718,318.6980924,25.2373894,2,19.052000045776367,0.15215399861335754,59081.36457179999
1119,2459081.8261343,318.6980288,25.237396,1,19.190000534057617,0.12337300181388855,59081.32613429986
1121,2459080.8501505,318.6980406,25.2374039,2,18.957300186157227,0.119439996778965,59080.35015049996
1122,2459079.8670486,318.6980303,25.2373928,2,18.814199447631836,0.10475700348615646,59079.36704860022
1123,2459078.8902083,318.6980304,25.2373844,1,19.3356990814209,0.17804600298404694,59078.3902083002
1124,2459078.8640625,318.6979747,25.2374028,1,19.276199340820312,0.1459289938211441,59078.364062500186
1126,2459077.8534838,318.6979827,25.2373742,1,19.402599334716797,0.10495299845933914,59077.353483799845
1128,2459076.8717245,318.6980087,25.2373938,2,18.858699798583984,0.0893850028514862,59076.371724499855
1129,2459075.8898611,318.6980214,25.2373817,1,19.193300247192383,0.11807899922132492,59075.38986109989
1130,2459075.8378704,318.6980426,25.2373736,1,19.233999252319336,0.11112800240516663,59075.33787039993
1132,2459073.8710648,318.6980324,25.2373916,1,19.247100830078125,0.10949800163507462,59073.37106479984
1133,2459072.8699769,318.6979886,25.2373725,1,19.051599502563477,0.11965899914503098,59072.36997690005
1134,2459072.8416319,318.6980331,25.2373824,1,19.18000030517578,0.11187300086021423,59072.34163190005
1135,2459072.817419,318.6980319,25.2373964,2,18.820600509643555,0.07813400030136108,59072.31741899997
1136,2459071.8720718,318.6979844,25.2374237,2,18.895099639892578,0.09298299998044968,59071.37207179982
1137,2459070.8604282,318.6980189,25.2373742,1,19.236299514770508,0.14058199524879456,59070.3604282001
1138,2459069.955706,318.6979821,25.2374415,2,18.880300521850586,0.10023300349712372,59069.45570599986
1139,2459069.8517361,318.698016,25.2374043,1,19.172800064086914,0.14447100460529327,59069.351736099925
1140,2459068.9423264,318.6979635,25.2373882,1,19.17169952392578,0.18684500455856323,59068.44232639996
1141,2459068.8647917,318.6979997,25.2374158,2,18.82040023803711,0.11158200353384018,59068.36479170015
1142,2459068.8525231,318.6979695,25.2373993,2,18.718000411987305,0.12470100075006485,59068.3525231001
1143,2459067.8918866,318.697965,25.2374618,1,19.265899658203125,0.1908310055732727,59067.39188659983
1144,2459066.8891319,318.698023,25.2373827,1,19.1737003326416,0.1438239961862564,59066.38913189992
1146,2459065.8813889,318.6979748,25.2373852,2,18.912399291992188,0.10190399736166,59065.38138889987
1147,2459065.750706,318.6979461,25.2374699,1,18.911100387573242,0.18407699465751648,59065.25070599979
1148,2459064.8618981,318.6980076,25.2373913,2,18.943199157714844,0.12195099890232086,59064.3618981
1149,2459063.8089699,318.6980175,25.237389,2,18.792999267578125,0.10785499960184097,59063.30896990001
1150,2459062.9140162,318.6980034,25.2374009,1,19.354900360107422,0.14386899769306183,59062.41401620023
1152,2459062.7955903,318.6979868,25.2374138,2,18.843700408935547,0.12013400346040726,59062.29559030011
1154,2459060.8300463,318.6980518,25.2373755,1,19.17009925842285,0.16194599866867065,59060.330046299845
1155,2459060.7704398,318.6980181,25.2374295,2,18.892900466918945,0.1334259957075119,59060.270439799875
1156,2459059.8955787,318.6979998,25.237371,1,19.28510093688965,0.125900998711586,59059.39557870012
1157,2459059.874456,318.6980084,25.2374007,2,18.903099060058594,0.07188300043344498,59059.37445600005
1158,2459059.8272569,318.6980766,25.2374216,2,19.015399932861328,0.12074200063943863,59059.32725689979
1159,2459056.9374074,318.698113,25.2373921,1,19.435800552368164,0.1798509955406189,59056.43740739999
1160,2459056.9214005,318.6980291,25.2373924,1,19.248899459838867,0.12192100286483765,59056.421400499996
1161,2459056.8696296,318.6980249,25.2373556,2,18.89389991760254,0.08374200016260147,59056.369629600085
1162,2459056.8569676,318.6980485,25.2373931,2,18.866899490356445,0.10188400000333786,59056.35696760006
1163,2459055.87375,318.6980197,25.2373858,2,18.916099548339844,0.10256300121545792,59055.373749999795
1164,2459054.8825347,318.6979595,25.2373874,2,18.907400131225586,0.1334259957075119,59054.38253469998
1165,2459053.9467477,318.6980526,25.2373858,2,18.936899185180664,0.1041100025177002,59053.44674770022
1166,2459053.8965509,318.6980277,25.2373816,1,19.356300354003906,0.1157820001244545,59053.39655089984
1167,2459052.8936111,318.6980204,25.2373876,2,18.896799087524414,0.13104699552059174,59052.39361110004
1168,2459050.9485185,318.6979537,25.2373582,2,18.86910057067871,0.10146600008010864,59050.4485185002
1169,2459050.9133796,318.697944,25.2373894,1,19.241500854492188,0.10740000009536743,59050.413379599806
1170,2459050.9129051,318.6980081,25.2374007,1,19.340900421142578,0.09237899631261826,59050.4129050998
1172,2459047.9449306,318.6980229,25.2374144,1,19.251699447631836,0.10250499844551086,59047.4449306
1173,2459047.9023264,318.6980356,25.2373645,2,18.823200225830078,0.1362680047750473,59047.402326399926
1174,2459046.9295255,318.6979693,25.2374236,2,18.75349998474121,0.10757900029420853,59046.42952550016
1175,2459044.8812384,318.6980582,25.2373947,2,18.909900665283203,0.0795769989490509,59044.381238400005
1176,2459044.8406019,318.698019,25.2373972,1,19.102100372314453,0.09754399955272675,59044.34060190013
1177,2459041.8740046,318.6979568,25.2373675,1,19.197999954223633,0.10280100256204605,59041.374004600104
1179,2459038.9785532,318.6980563,25.2373453,1,19.13290023803711,0.18507100641727448,59038.47855320014
1180,2459038.8758333,318.6980477,25.2373931,2,18.99410057067871,0.1170559972524643,59038.37583329994
1181,2459036.8723264,318.6979804,25.2373535,2,18.740400314331055,0.16948099434375763,59036.37232640013
1182,2459035.9448032,318.6979636,25.237394,1,19.107200622558594,0.1515900045633316,59035.4448032002
1183,2459035.8542245,318.6979696,25.2374186,2,18.71540069580078,0.14986899495124817,59035.35422449978
1184,2459031.958206,318.6980134,25.2374128,2,18.756799697875977,0.08358900249004364,59031.45820599981
1186,2459028.9627199,318.6980496,25.2373839,2,18.845800399780273,0.10320699959993362,59028.46271990007
1187,2459025.8814699,318.697993,25.23739,2,18.95400047302246,0.1099189966917038,59025.38146989979
1188,2459025.8534722,318.6979884,25.2373812,1,19.228599548339844,0.10219299793243408,59025.35347220022
1189,2459024.9822917,318.6980163,25.2373752,2,18.697900772094727,0.09540999680757523,59024.48229169985
1190,2459022.9627546,318.698056,25.2373596,2,18.893299102783203,0.10499300062656403,59022.462754600216
1191,2459022.8690278,318.6980903,25.237412,1,19.2106990814209,0.1390870064496994,59022.36902779993
1192,2459020.9758912,318.6980022,25.2373852,2,18.787099838256836,0.09786699712276459,59020.475891199894
1193,2459019.8539236,318.6980734,25.2374083,1,19.093399047851562,0.09512600302696228,59019.35392360017
1194,2459016.9628472,318.6980377,25.2373961,2,18.82900047302246,0.09773600101470947,59016.46284720022
1196,2459013.89125,318.6979946,25.2374324,1,19.135799407958984,0.12246499955654144,59013.39124999987
1197,2459013.8710648,318.6980484,25.2374046,2,18.892799377441406,0.0711050033569336,59013.37106479984
1198,2459010.9651968,318.6980482,25.2374133,1,19.284400939941406,0.1391180008649826,59010.46519679995
1199,2459010.8483102,318.6980311,25.2374036,2,18.820499420166016,0.15094800293445587,59010.34831020003
1200,2459004.965,318.6980299,25.2373631,1,19.220199584960938,0.1282549947500229,59004.46499999985
1202,2459001.9487731,318.6980342,25.2373565,2,19.214500427246094,0.09450499713420868,59001.44877310004
1203,2459001.9047106,318.6979794,25.2373841,1,19.22439956665039,0.18101799488067627,59001.40471060015
1204,2458998.9669907,318.6980046,25.2374076,2,19.17930030822754,0.12276799976825714,58998.46699069999
1205,2458998.958287,318.6980049,25.2373898,1,19.428800582885742,0.11562199890613556,58998.45828700019
1206,2458995.9792477,318.6980128,25.2373371,2,19.15880012512207,0.10785999894142151,58995.47924769996
1207,2458995.9499537,318.6980186,25.2373449,2,19.090099334716797,0.12092199921607971,58995.44995369995
1208,2458995.8496412,318.6979059,25.2374093,1,19.345399856567383,0.162090003490448,58995.349641200155
1209,2458993.9792361,318.6979873,25.2373807,2,18.996599197387695,0.07117699831724167,58993.47923609987
1210,2458992.9676736,318.6980079,25.2373616,1,19.361299514770508,0.13902099430561066,58992.467673600186
1211,2458992.9549421,318.6979991,25.2374221,2,19.048500061035156,0.09690199792385101,58992.454942100216
1212,2458991.9770255,318.6980879,25.2373888,2,19.023799896240234,0.09966299682855606,58991.47702550003
1213,2458986.9293519,318.6980494,25.2373974,1,19.51729965209961,0.12185800075531006,58986.42935189977
1214,2458981.9896528,318.6979146,25.2374025,1,19.303300857543945,0.2035820037126541,58981.48965279991
1215,2458981.9496528,318.6979803,25.2374424,2,19.096500396728516,0.11147300153970718,58981.44965279987
1217,2458978.9897454,318.697985,25.2374148,2,18.87700080871582,0.10038100183010101,58978.489745399915
1219,2458975.9648611,318.6980128,25.2373626,1,19.391300201416016,0.20780299603939056,58975.464861100074
1220,2458975.9420718,318.6980388,25.2374024,2,18.963199615478516,0.13654200732707977,58975.44207180012
1222,2458970.9243634,318.6980237,25.2373653,2,19.212200164794922,0.11660200357437134,58970.424363399856
1223,2458967.9436574,318.6980352,25.2374208,1,19.347400665283203,0.15351399779319763,58967.44365740009
1225,2458964.9741319,318.6980097,25.2374196,1,19.350799560546875,0.16177499294281006,58964.474131899886
1226,2458964.952662,318.6980052,25.2374033,2,18.937999725341797,0.09939000010490417,58964.45266199997
1227,2458957.0022454,318.6979511,25.2374165,2,19.04990005493164,0.14347699284553528,58956.5022454001
1230,2458836.6225347,318.6979543,25.2374349,1,19.60580062866211,0.1585340052843094,58836.122534700204
1231,2458833.6119329,318.6981481,25.2372987,1,19.686399459838867,0.19819499552249908,58833.1119328998
1232,2458829.5739352,318.6980073,25.2373588,2,19.032699584960938,0.16607899963855743,58829.073935199995
1233,2458811.5909028,318.6980185,25.2374141,1,19.550500869750977,0.17209899425506592,58811.090902800206
1235,2458805.5909491,318.6980841,25.237324,1,19.511499404907227,0.20586900413036346,58805.09094909998
1236,2458801.73375,318.6979624,25.2373764,2,18.872400283813477,0.14474999904632568,58801.23375000013
1240,2458791.6448032,318.698051,25.2374063,1,19.853700637817383,0.2222220003604889,58791.14480319992
1241,2458791.6030208,318.6980082,25.2373641,2,19.680700302124023,0.1875690072774887,58791.10302079981
1243,2458788.5984028,318.6980079,25.2374654,2,19.70709991455078,0.20411500334739685,58788.09840280004
1244,2458785.5875694,318.6979571,25.2373332,2,19.49920082092285,0.1346219927072525,58785.0875694002
1245,2458781.6866319,318.6982373,25.2374279,1,19.73509979248047,0.26892998814582825,58781.18663189979
1246,2458777.6937269,318.6979749,25.2372944,2,19.73390007019043,0.22594399750232697,58777.193726900034
1249,2458774.6854514,318.6980469,25.2374308,1,19.75,0.2542229890823364,58774.1854514
1253,2458760.7779514,318.6979523,25.2374096,2,19.532699584960938,0.20630499720573425,58760.277951399796
1254,2458757.7828472,318.6980142,25.237406,2,19.433300018310547,0.12328200042247772,58757.282847200055
1255,2458754.7573032,318.6979586,25.2374119,1,19.954599380493164,0.1639380007982254,58754.2573032002
1256,2458754.7084259,318.698019,25.2373462,2,19.472700119018555,0.11430700123310089,58754.20842589997
1257,2458747.7791088,318.6979805,25.2373934,1,19.917200088500977,0.19639800488948822,58747.279108799994
1258,2458743.6285648,318.6979731,25.2374242,1,19.760799407958984,0.21753300726413727,58743.128564800136
1259,2458740.8620255,318.6980784,25.2373744,2,19.210899353027344,0.2135390043258667,58740.36202549981
1260,2458737.7991551,318.6981141,25.2374211,1,19.6830997467041,0.31498000025749207,58737.29915509978
1261,2458736.7861806,318.6979172,25.2373788,1,19.431499481201172,0.18976899981498718,58736.28618060006
1262,2458736.7621528,318.6980087,25.2373399,2,19.127300262451172,0.13366800546646118,58736.26215279987
1263,2458735.7764583,318.6979896,25.2373774,1,19.620100021362305,0.23248699307441711,58735.276458300184
1264,2458734.7531713,318.6980334,25.2374017,2,19.215599060058594,0.1585330069065094,58734.25317130005
1265,2458733.7765625,318.6980156,25.2374395,1,19.57029914855957,0.1557759940624237,58733.276562499814
1269,2458730.7784144,318.6980284,25.2373889,1,19.548599243164062,0.13719800114631653,58730.27841439983
1276,2458725.7519213,318.6980551,25.2374535,2,19.582399368286133,0.19603300094604492,58725.251921299845
1277,2458724.8026736,318.6980146,25.2373853,1,19.624900817871094,0.15751099586486816,58724.30267360015
1281,2458722.7793519,318.6979016,25.2374264,1,19.843799591064453,0.1865759938955307,58722.279351899866
1287,2458719.7801042,318.6979673,25.2373547,1,19.590900421142578,0.18046799302101135,58719.28010419989
1289,2458718.8004861,318.6979948,25.2373974,1,19.763700485229492,0.2079869955778122,58718.300486099906
1293,2458716.7999653,318.6979605,25.2373467,1,19.787099838256836,0.21310199797153473,58716.29996530013
1297,2458714.6953125,318.698006,25.2373817,1,19.75659942626953,0.22175900638103485,58714.1953125
1306,2458706.8947454,318.697977,25.2374009,2,19.641300201416016,0.1838259994983673,58706.394745400175
1308,2458703.8723611,318.6980122,25.2373618,1,19.558000564575195,0.12615999579429626,58703.37236109981
1310,2458697.8938889,318.6979859,25.2374144,2,19.2052001953125,0.11079099774360657,58697.39388890006
1311,2458694.8527431,318.6979685,25.2374013,2,19.191499710083008,0.10061199963092804,58694.35274309991
1312,2458694.8279282,318.6979746,25.2373537,1,19.43869972229004,0.1267170011997223,58694.3279281999
1313,2458691.8748843,318.6980152,25.237247,2,19.24720001220703,0.15604400634765625,58691.374884299934
1314,2458691.8273958,318.6979913,25.2373756,1,19.46739959716797,0.1261640042066574,58691.327395800035
1315,2458688.8223727,318.6979619,25.2373781,1,19.412900924682617,0.14212700724601746,58688.32237270009
1316,2458684.9460417,318.6978949,25.2374142,2,19.645700454711914,0.22032299637794495,58684.446041699965
1317,2458684.8878356,318.6980931,25.237328,1,19.45680046081543,0.1949779987335205,58684.38783559995
1318,2458684.883125,318.6979982,25.2373708,1,19.49880027770996,0.24798999726772308,58684.38312500017
1319,2458681.9845833,318.6980101,25.2374392,1,19.49519920349121,0.25247499346733093,58681.48458330007
1320,2458678.9635417,318.698031,25.2374007,2,19.471200942993164,0.13501299917697906,58678.46354170004
1321,2458678.9262731,318.6979906,25.2374085,1,19.51569938659668,0.19927099347114563,58678.42627310008
1322,2458675.9625579,318.6979964,25.2373333,2,19.325000762939453,0.10012300312519073,58675.46255790023
1323,2458672.9789005,318.6980125,25.237359,2,19.199899673461914,0.12041399627923965,58672.47890050011
1324,2458672.8403588,318.6979787,25.2373119,1,19.62070083618164,0.1292800009250641,58672.34035879979
1326,2458666.9629051,318.6980371,25.2373724,1,19.594600677490234,0.12917500734329224,58666.46290510008
1327,2458666.8457986,318.698021,25.2374019,2,19.256099700927734,0.12436199933290482,58666.3457986
1328,2458663.9784838,318.6979309,25.2373633,1,19.511600494384766,0.16247199475765228,58663.478483799845
1329,2458663.9243171,318.6980086,25.2373427,2,19.18090057373047,0.14956599473953247,58663.424317100085
1330,2458662.9539005,318.6979725,25.2374119,1,19.364099502563477,0.16393999755382538,58662.4539005002
1333,2458657.921169,318.6980267,25.2373685,2,19.046499252319336,0.13468599319458008,58657.42116900021
1334,2458655.9047801,318.6980164,25.2373437,2,18.958999633789062,0.12953999638557434,58655.4047801001
1335,2458654.9748611,318.6979437,25.2373979,1,19.096399307250977,0.19669300317764282,58654.47486109985
1336,2458654.9291667,318.6980587,25.2374615,2,18.981399536132812,0.15830600261688232,58654.429166700225
1337,2458651.9251042,318.6979616,25.2373564,2,18.90089988708496,0.11708299815654755,58651.42510419991
1338,2458648.9712616,318.6979983,25.2373899,2,19.086000442504883,0.13525499403476715,58648.47126160003
1339,2458648.9459606,318.698025,25.2373832,1,19.09429931640625,0.13173100352287292,58648.44596059993
1341,2458642.9440162,318.6979737,25.2374025,2,19.001300811767578,0.0935249999165535,58642.444016200025
1342,2458642.9300231,318.6979481,25.2373413,1,19.29400062561035,0.13559399545192719,58642.43002310023
1343,2458639.9411921,318.6979704,25.2373952,1,19.145000457763672,0.07985600084066391,58639.441192099825
1344,2458639.9071412,318.6980246,25.2373483,2,18.884300231933594,0.10008399933576584,58639.4071411998
1345,2458636.9305324,318.6980108,25.2374142,2,19.006399154663086,0.13409599661827087,58636.43053240003
1346,2458633.9444213,318.697986,25.2373961,1,19.467899322509766,0.11300600320100784,58633.4444213002
1347,2458628.9624653,318.6980148,25.2373648,1,19.426799774169922,0.15916599333286285,58628.462465300225
1348,2458628.9045833,318.6979628,25.2373461,2,19.256099700927734,0.11588799953460693,58628.4045833
1349,2458617.9857292,318.6979829,25.2373548,2,19.543399810791016,0.17879800498485565,58617.485729199834
1350,2458617.9668981,318.6979916,25.2373835,1,19.653200149536133,0.14438800513744354,58617.466898099985
1351,2458607.9871875,318.698042,25.2374324,2,19.311800003051758,0.1405639946460724,58607.48718750011
1352,2458597.9522454,318.697933,25.2374228,2,19.014699935913086,0.1468210071325302,58597.45224539982
1354,2458593.9445949,318.6980448,25.2372688,2,19.26449966430664,0.22911900281906128,58593.444594900124
1356,2458582.9415856,318.6980034,25.2373713,2,19.04439926147461,0.17446500062942505,58582.44158559991
1359,2458482.620787,318.6979609,25.2373708,1,18.542699813842773,0.12093500047922134,58482.12078699982
1360,2458472.6431944,318.6979945,25.2374027,1,18.71269989013672,0.1330759972333908,58472.143194399774
1361,2458469.6129745,318.6979964,25.2374232,1,18.60650062561035,0.08931999653577805,58469.11297449982
1362,2458456.6419792,318.6979819,25.2373457,2,18.243999481201172,0.1331699937582016,58456.141979199834
1363,2458432.6699306,318.698003,25.2373676,1,19.253400802612305,0.11395499855279922,58432.169930600096
1364,2458432.6116667,318.6979634,25.2373552,2,18.78219985961914,0.10691700130701065,58432.11166669987
1365,2458429.6654282,318.6978967,25.2373437,1,19.401100158691406,0.13286399841308594,58429.165428199805
1368,2458423.6283218,318.6980128,25.2374182,2,19.00429916381836,0.11215600371360779,58423.128321799915
1369,2458400.6849421,318.6978976,25.2373394,2,19.197399139404297,0.0833979994058609,58400.1849421002
1370,2458400.6194213,318.6979064,25.2373652,1,19.622600555419922,0.13414399325847626,58400.11942130001
1371,2458388.7082292,318.6980519,25.2374012,2,19.262100219726562,0.1628270000219345,58388.20822919998
1372,2458382.8021528,318.6980492,25.2373744,2,19.128599166870117,0.1304820030927658,58382.30215279991
1373,2458382.7346065,318.6980118,25.2374034,1,19.440200805664062,0.1539430022239685,58382.234606499784
1374,2458379.8280556,318.6979826,25.2374179,1,19.55470085144043,0.20363199710845947,58379.32805560017
1375,2458379.773125,318.6980266,25.2374239,2,19.074800491333008,0.10689900070428848,58379.27312499983
1376,2458376.7884144,318.6979596,25.2374355,1,19.535400390625,0.19198499619960785,58376.28841440007
1377,2458376.7084259,318.6979639,25.2373881,2,19.09760093688965,0.10428600013256073,58376.20842589997
1378,2458373.776169,318.6979693,25.2373665,2,19.260099411010742,0.11789999902248383,58373.27616900019
1379,2458373.7554745,318.6979911,25.2374214,1,19.64259910583496,0.153330996632576,58373.25547449989
1380,2458370.7754514,318.6979938,25.2374089,2,19.388900756835938,0.13562999665737152,58370.27545139985
1381,2458370.7495833,318.6979625,25.2374544,1,19.638599395751953,0.15014499425888062,58370.2495833002
1382,2458367.8221065,318.6979954,25.2374095,2,19.488000869750977,0.1377599984407425,58367.322106500156
1383,2458367.7754977,318.6979734,25.2373629,1,19.856000900268555,0.16656699776649475,58367.27549770009
1384,2458364.796713,318.6979817,25.2373743,2,19.50279998779297,0.1263989955186844,58364.29671300016
1385,2458358.7526736,318.698014,25.2374696,2,19.170799255371094,0.13494600355625153,58358.25267359987
1386,2458352.7721991,318.6979892,25.2373241,2,19.654600143432617,0.18670299649238586,58352.27219909988
1387,2458349.8662731,318.697993,25.2373827,1,19.811500549316406,0.1954219937324524,58349.36627310002
1388,2458349.7940741,318.6979765,25.2374352,2,19.278200149536133,0.12501199543476105,58349.29407409998
1389,2458343.8402431,318.6979565,25.2373641,2,19.60580062866211,0.12174300104379654,58343.34024310019
1390,2458340.8823264,318.6978861,25.2372894,2,19.74410057067871,0.21396499872207642,58340.38232639991
1391,2458334.8535301,318.6980408,25.2373907,2,19.496999740600586,0.15375199913978577,58334.35353010008
1392,2458322.9240162,318.6980211,25.2374106,1,19.973100662231445,0.2079710066318512,58322.424016200006
