,jd,ra,dec,fid,magpsf,sigmapsf,mjd
0,2461195.7900463,252.1069918,14.4033168,3,18.19959831237793,0.1084374263882637,61195.29004629981
1,2461194.8609259,252.106997,14.4033164,2,18.679399490356445,0.1178869977593422,61194.36092589982
3,2461193.8826389,252.1069934,14.4033317,1,17.81049919128418,0.08163200318813324,61193.382638900075
4,2461193.8368866,252.1069535,14.4033393,2,18.69099998474121,0.1750199943780899,61193.336886600126
6,2461192.8914699,252.1069729,14.4033299,1,17.824199676513672,0.06179400160908699,61192.39146990003
7,2461192.8363542,252.1069759,14.4033204,2,18.632400512695312,0.14045999944210052,61192.3363541998
9,2461191.9001157,252.1069746,14.4033398,1,17.890499114990234,0.09571799635887146,61191.40011569997
10,2461191.8023958,252.1069533,14.4032994,2,18.581499099731445,0.11141099780797958,61191.30239580013
12,2461185.8801852,252.1069967,14.4033143,3,18.011499404907227,0.07704299688339233,61185.3801851999
13,2461185.8801852,252.1069967,14.4033143,3,18.011499404907227,0.07704299688339233,61185.3801851999
14,2461185.852963,252.1069963,14.4033212,2,18.224899291992188,0.09010300040245056,61185.35296300007
15,2461185.8281829,252.1069744,14.4032681,1,18.56060028076172,0.12371300160884857,61185.32818289986
16,2461184.8835301,252.1070086,14.4033137,3,17.782100677490234,0.06073100119829178,61184.383530099876
17,2461184.8382639,252.1070032,14.4032545,2,17.983299255371094,0.06693500280380249,61184.33826390002
18,2461184.810463,252.1070215,14.403298,1,18.06329917907715,0.08070900291204453,61184.31046300009
19,2461183.9088889,252.1070103,14.4032749,2,17.94580078125,0.06423100084066391,61183.40888890019
20,2461183.8359722,252.107021,14.40326,1,18.180299758911133,0.09150400012731552,61183.33597220015
21,2461181.9030787,252.1070001,14.4032814,2,17.442899703979492,0.06177299842238426,61181.40307869995
22,2461181.8526273,252.107001,14.4032949,1,17.663999557495117,0.051302000880241394,61181.35262730019
23,2461181.8217361,252.1070001,14.403305,3,17.462200164794922,0.05273599922657013,61181.32173610013
24,2461180.8657407,252.1070031,14.4032863,1,17.57110023498535,0.058028001338243484,61180.36574070016
25,2461180.8247222,252.1069812,14.403294,2,17.314899444580078,0.058097999542951584,61180.32472220017
26,2461180.7817477,252.1069896,14.4033078,3,17.45870018005371,0.06167899817228317,61180.28174770018
27,2461176.8935417,252.1070079,14.403296,2,17.587200164794922,0.07324200123548508,61176.39354170021
28,2461176.8605787,252.1070106,14.4033004,3,17.55299949645996,0.0596189983189106,61176.36057869997
29,2461176.8324769,252.1070027,14.4032731,1,17.746200561523438,0.07825999706983566,61176.33247689996
30,2461175.8990394,252.1069769,14.4033167,1,17.910499572753906,0.05863799899816513,61175.39903939981
32,2461175.8290625,252.1069632,14.4033108,2,18.85420036315918,0.11542999744415283,61175.32906250004
33,2461174.8945139,252.1069846,14.4033221,1,17.82270050048828,0.06714099645614624,61174.394513899926
34,2461174.8599306,252.1069737,14.4033121,2,18.634899139404297,0.10698200017213821,61174.35993060004
37,2461173.8592593,252.1069833,14.4033032,1,17.800399780273438,0.061753999441862106,61173.359259299934
38,2461173.8177083,252.1069659,14.4033021,2,18.561899185180664,0.09362500160932541,61173.31770829996
39,2461171.9287847,252.106985,14.4033227,2,18.585100173950195,0.09276899695396423,61171.42878470011
41,2461171.8577315,252.1069767,14.4033166,1,17.783300399780273,0.061872001737356186,61171.357731500175
42,2461170.9127315,252.1069758,14.4033316,2,18.61319923400879,0.10659199953079224,61170.41273149988
44,2461170.8539468,252.1069755,14.4033171,1,17.7992000579834,0.06043799966573715,61170.35394679988
45,2461169.9334375,252.1069905,14.4033199,2,18.602100372314453,0.11098399758338928,61169.43343750015
46,2461169.874537,252.1069821,14.4033174,1,17.785400390625,0.06418000161647797,61169.37453699997
48,2461168.9228588,252.1069814,14.4033201,1,17.85110092163086,0.06341800093650818,61168.42285879981
49,2461168.8927662,252.1069895,14.4033119,2,18.627599716186523,0.09374599903821945,61168.392766200006
51,2461167.9351273,252.106932,14.4032405,2,18.648700714111328,0.12045399844646454,61167.43512730021
53,2461167.8392477,252.1069913,14.4033086,1,17.855899810791016,0.07345899939537048,61167.33924769983
54,2461163.9808449,252.1069836,14.4033242,3,17.180999755859375,0.062118999660015106,61163.48084490001
55,2461163.9304398,252.1069815,14.4032977,2,17.193199157714844,0.04510800167918205,61163.430439800024
56,2461163.0058102,252.1070126,14.4033545,2,18.750699996948242,0.20195400714874268,61162.50581019977
57,2461162.9160532,252.1069999,14.4032715,1,17.84589958190918,0.10868600010871887,61162.41605320014
58,2461161.965787,252.1069828,14.4032998,1,17.776899337768555,0.060756999999284744,61161.46578700002
59,2461161.9301852,252.1070004,14.403303,2,18.63479995727539,0.10127899795770645,61161.43018520018
60,2461161.008125,252.1069733,14.4033339,2,18.49370002746582,0.14481699466705322,61160.50812500017
61,2461160.9419329,252.1069958,14.4033127,1,17.8075008392334,0.07524999976158142,61160.44193289988
62,2461158.8983102,252.1069777,14.4032808,2,18.60379981994629,0.10004399716854095,61158.398310199846
63,2461155.923588,252.1069716,14.4032759,1,17.820100784301758,0.07809700071811676,61155.42358799977
65,2461155.8955671,252.1069716,14.4032771,2,18.680999755859375,0.1398169994354248,61155.39556710003
67,2461153.9147454,252.1069671,14.4032859,2,18.6466007232666,0.1332949995994568,61153.414745400194
69,2461151.9681134,252.1069804,14.4033121,1,17.826200485229492,0.056487999856472015,61151.46811340004
71,2461150.9563889,252.1069813,14.4033274,1,17.79509925842285,0.0483039990067482,61150.45638890006
72,2461150.936713,252.106982,14.4033163,2,18.638999938964844,0.12104000151157379,61150.43671299983
74,2461148.9660301,252.1069833,14.4033168,1,17.806400299072266,0.06681899726390839,61148.466030099895
75,2461148.9213542,252.106968,14.4033116,2,18.623199462890625,0.08762600272893906,61148.421354200225
78,2461147.9579167,252.1069725,14.403313,2,18.57309913635254,0.10419400036334991,61147.457916699816
79,2461147.9140278,252.1069886,14.4033046,1,17.823400497436523,0.06058700010180473,61147.41402779985
81,2461145.9575694,252.1069748,14.4033146,2,18.579500198364258,0.11486700177192688,61145.45756939985
82,2461145.8709954,252.106987,14.4033184,1,17.799800872802734,0.08050499856472015,61145.37099540001
83,2461144.9123611,252.1069878,14.4033022,1,17.8080997467041,0.0673229992389679,61144.41236109985
84,2461140.9459375,252.106978,14.4033031,2,18.584199905395508,0.10333699733018875,61140.44593749987
85,2461140.924213,252.1069885,14.4033063,1,17.831199645996094,0.06223699823021889,61140.42421300011
88,2461130.9037037,252.1069959,14.4033378,1,17.800899505615234,0.07993199676275253,61130.40370369982
89,2461130.0014468,252.106987,14.4033162,1,18.068099975585938,0.07680600136518478,61129.50144679984
91,2461128.0039931,252.1070134,14.4032804,2,17.839099884033203,0.06173500046133995,61127.50399310002
92,2461127.9795949,252.1070159,14.4032893,1,17.964000701904297,0.07222799956798553,61127.47959489981
93,2461127.9264815,252.1069821,14.4033273,3,17.706100463867188,0.07110100239515305,61127.4264814998
95,2461126.9726157,252.1069924,14.4033471,3,18.67009925842285,0.10589700192213058,61126.472615700215
97,2461125.9996875,252.1069919,14.4033345,1,17.800199508666992,0.07834000140428543,61125.49968749983
99,2461125.9249074,252.106955,14.4032761,2,18.653799057006836,0.09405100345611572,61125.42490739981
100,2461124.0047106,252.1069841,14.4033144,1,17.7726993560791,0.07783599942922592,61123.50471059978
102,2461123.9640856,252.1069664,14.4033245,2,18.645999908447266,0.10530500113964081,61123.46408559987
103,2461122.0036111,252.1069778,14.4033116,1,17.771499633789062,0.06418599933385849,61121.503611099906
105,2461121.0061574,252.1069757,14.4033254,1,17.809999465942383,0.05753900110721588,61120.50615740009
106,2461120.9836574,252.1069806,14.4033265,2,18.60059928894043,0.10336700081825256,61120.483657400124
109,2461119.9955208,252.106961,14.4033142,2,18.54800033569336,0.09855200350284576,61119.49552079989
110,2461119.9548032,252.1069791,14.4033108,1,17.830400466918945,0.05187299847602844,61119.45480319997
111,2461119.0049653,252.1069775,14.4033055,1,17.790599822998047,0.05586700141429901,61118.504965300206
112,2461118.9822801,252.1069801,14.4033139,2,18.56329917907715,0.09385699778795242,61118.48228010023
114,2461117.9881019,252.1069804,14.4033201,1,17.813400268554688,0.05980300158262253,61117.48810190009
116,2461117.9266898,252.1069691,14.4032949,2,18.593599319458008,0.08835899829864502,61117.426689799875
117,2461117.0077778,252.1070253,14.4033234,2,18.583900451660156,0.15977400541305542,61116.50777779985
118,2461116.9976505,252.1069986,14.4032944,1,17.812400817871094,0.0716169998049736,61116.49765049992
120,2461116.0080903,252.1069756,14.4032894,1,17.839000701904297,0.06409099698066711,61115.50809030002
121,2461115.9506944,252.1069776,14.4033085,2,18.583999633789062,0.14655999839305878,61115.450694399886
122,2461115.0227894,252.1069845,14.4032743,2,18.550199508666992,0.12116800248622894,61114.52278940007
124,2461114.9476736,252.10699,14.4032762,1,17.855499267578125,0.07331299781799316,61114.44767360017
125,2461114.0037616,252.1069585,14.403336,2,18.64240074157715,0.19612200558185577,61113.50376159977
127,2461113.945,252.106978,14.403321,1,17.809600830078125,0.06264500319957733,61113.44499999983
128,2461112.0061806,252.1069923,14.4033075,1,17.802200317382812,0.06747700273990631,61111.5061805998
129,2461111.9776389,252.1069764,14.4033173,2,18.57200050354004,0.11091600358486176,61111.477638899814
130,2461111.9776389,252.1069764,14.4033173,2,18.57200050354004,0.11091600358486176,61111.477638899814
132,2461111.0548727,252.1070177,14.4032846,1,17.84869956970215,0.1020599976181984,61110.55487270001
133,2461111.0049537,252.1069789,14.4032973,2,18.655399322509766,0.11274199932813644,61110.50495370012
135,2461108.0153819,252.106965,14.4032774,1,17.860000610351562,0.09771399945020676,61107.51538190013
136,2461106.9689815,252.1070076,14.4032719,2,18.678600311279297,0.18616600334644318,61106.468981499784
138,2461106.0243287,252.1070068,14.4033244,1,17.95639991760254,0.09000500291585922,61105.5243286998
139,2461105.9444792,252.1069839,14.4033198,2,18.921499252319336,0.13761700689792633,61105.44447920006
140,2461102.0371181,252.1069995,14.4033262,1,17.827899932861328,0.07374999672174454,61101.537118100096
143,2461100.9836458,252.1069708,14.4033075,2,18.622900009155273,0.11178400367498398,61100.483645800035
144,2461100.934294,252.1069851,14.403326,1,17.846900939941406,0.07643300294876099,61100.4342939998
145,2461100.025463,252.1069826,14.403328,1,17.797000885009766,0.07970000058412552,61099.52546299994
146,2461099.9674884,252.1069677,14.4033265,2,18.58209991455078,0.11413200199604034,61099.46748840017
147,2461098.0397685,252.1069808,14.4032971,2,18.68440055847168,0.1395850032567978,61097.53976849979
148,2461098.0095486,252.1069696,14.4032783,1,17.840599060058594,0.08422700315713882,61097.50954859983
150,2461097.0322106,252.1069831,14.4032989,1,17.81760025024414,0.10503999888896942,61096.5322106001
151,2461097.0094097,252.106984,14.4033087,2,18.60059928894043,0.10475800186395645,61096.509409700055
153,2461096.0207292,252.1069742,14.4033001,1,17.840499877929688,0.06768199801445007,61095.52072919998
154,2461095.9774653,252.1069879,14.4033255,2,18.596200942993164,0.1490350067615509,61095.47746529989
156,2461095.0012731,252.1069848,14.4033154,2,18.60770034790039,0.12898199260234833,61094.5012730998
157,2461094.9782176,252.1069909,14.4032845,1,17.8572998046875,0.0829240009188652,61094.47821759991
158,2461086.0198495,252.1070151,14.4032762,2,17.876699447631836,0.07260499894618988,61085.51984950015
160,2461080.0099769,252.1069993,14.4032748,1,17.165000915527344,0.05319099873304367,61079.50997690018
161,2461079.0451042,252.1069991,14.4032811,2,16.962400436401367,0.04948300123214722,61078.54510420002
162,2461078.9991319,252.1069818,14.4032948,1,16.859600067138672,0.05740499868988991,61078.49913189979
163,2461076.0461921,252.1069698,14.4032864,2,18.681900024414062,0.11863800138235092,61075.546192099806
164,2461076.0073264,252.1069754,14.4031866,1,17.883899688720703,0.11023599654436111,61075.50732639991
165,2461074.0487963,252.1069648,14.4033201,1,17.84910011291504,0.13170400261878967,61073.548796299845
166,2461074.0168519,252.1069656,14.4033312,2,18.74220085144043,0.21649199724197388,61073.516851900145
167,2461072.0268981,252.1069304,14.4033308,2,18.697200775146484,0.17425599694252014,61071.52689810004
168,2461071.997963,252.1069499,14.4032502,1,17.75469970703125,0.10708899796009064,61071.49796300009
169,2461070.0462037,252.1069854,14.4032678,1,17.784000396728516,0.06759899854660034,61069.546203699894
170,2461069.999294,252.1069585,14.4033283,2,18.730199813842773,0.13921399414539337,61069.49929400021
173,2461062.0587037,252.107025,14.4032876,2,18.539600372314453,0.21898899972438812,61061.55870370008
174,2461062.016875,252.1070116,14.4033112,1,17.865299224853516,0.1431729942560196,61061.516875000205
175,2461060.0471181,252.1069732,14.4032955,1,17.83989906311035,0.06560000032186508,61059.54711809987
176,2461060.006088,252.1069748,14.4033297,2,18.636600494384766,0.10131599754095078,61059.50608799979
177,2461058.050162,252.1069777,14.4032561,1,17.859800338745117,0.07645999640226364,61057.550162000116
178,2461058.0056597,252.1069721,14.4032445,2,18.545700073242188,0.22022299468517303,61057.505659699906
179,2461056.0499653,252.1069965,14.4032752,1,17.84469985961914,0.08610399812459946,61055.54996530013
180,2461056.0192361,252.1069814,14.4032602,2,18.67530059814453,0.1413010060787201,61055.519236099906
188,2461029.0719329,252.1070057,14.4032731,2,18.731800079345703,0.18045499920845032,61028.57193290023
189,2461029.0689815,252.1069239,14.4033174,2,18.76490020751953,0.21053799986839294,61028.56898149988
192,2461028.0713542,252.1069304,14.4033103,2,18.41510009765625,0.2268799990415573,61027.57135420013
202,2460957.6496759,252.106992,14.4033425,2,18.571332931518555,0.1176634356379509,60957.14967590012
203,2460957.6187616,252.1069841,14.4033009,1,17.82979965209961,0.06691399961709976,60957.118761599995
204,2460955.6544792,252.1069984,14.403213,1,17.773000717163086,0.11528600007295609,60955.15447920002
205,2460955.6303125,252.1069801,14.4033415,2,18.60759925842285,0.16072699427604675,60955.130312500056
206,2460953.6664468,252.1070071,14.4033236,2,18.652999877929688,0.12469799816608429,60953.16644679988
207,2460953.6200231,252.1069749,14.4033183,1,17.778499603271484,0.06602299958467484,60953.12002310017
208,2460951.6710648,252.1069434,14.4033064,2,19.056800842285156,0.18129000067710876,60951.17106480012
209,2460951.6325347,252.1069805,14.4033262,1,18.178199768066406,0.10634999722242355,60951.13253469998
210,2460949.6513079,252.1070024,14.4033154,2,17.517499923706055,0.058671001344919205,60949.15130789997
211,2460949.6247917,252.1070287,14.4033066,1,17.577199935913086,0.058100998401641846,60949.12479169993
212,2460933.6698727,252.106978,14.403309,2,18.589799880981445,0.12025299668312073,60933.16987269977
213,2460933.6462847,252.1069763,14.40332,1,17.82069969177246,0.06487499922513962,60933.146284699906
214,2460930.6426042,252.1069857,14.4033024,1,17.79330062866211,0.06843200325965881,60930.14260420017
215,2460928.6940856,252.1069858,14.4033263,2,18.69029998779297,0.1319970041513443,60928.194085599855
216,2460926.6840856,252.1069664,14.4033246,2,18.561899185180664,0.1060900017619133,60926.18408560008
217,2460926.6638542,252.1069807,14.403336,1,17.78820037841797,0.08123999834060669,60926.16385419993
218,2460924.7143403,252.1069856,14.4033328,1,17.850400924682617,0.09792599827051163,60924.21434029983
219,2460924.7052315,252.106975,14.4033102,2,18.691099166870117,0.14019599556922913,60924.20523149986
220,2460922.6956134,252.1069905,14.403314,2,18.60449981689453,0.12977899610996246,60922.19561340008
221,2460922.6520486,252.106975,14.4033255,1,17.79599952697754,0.05631599947810173,60922.152048599906
222,2460920.7314815,252.1069851,14.4032674,1,17.79509925842285,0.099092997610569,60920.23148149997
223,2460920.650787,252.1069913,14.4033469,2,18.641799926757812,0.12085799872875214,60920.15078700008
224,2460918.6925231,252.1069585,14.4033143,2,18.76449966430664,0.13310399651527405,60918.19252309995
225,2460918.6607523,252.1069854,14.4033041,1,17.884599685668945,0.06834399700164795,60918.16075230017
226,2460916.7154051,252.1070158,14.4033309,2,18.463699340820312,0.09795200079679489,60916.215405100025
227,2460916.6753009,252.1070791,14.4032297,1,18.850400924682617,0.1504639983177185,60916.17530089989
228,2460914.694294,252.1069796,14.4033174,2,18.57430076599121,0.10092400014400482,60914.194294000044
229,2460914.6613426,252.1069871,14.4033182,1,17.79800033569336,0.07246000319719315,60914.161342599895
230,2460910.7051736,252.1069386,14.4033116,1,17.917499542236328,0.19412200152873993,60910.2051736
231,2460910.6749653,252.1069591,14.4033165,2,18.683399200439453,0.11184900254011154,60910.17496530013
232,2460905.6733912,252.1069907,14.4033144,1,17.81399917602539,0.05965099856257439,60905.17339120014
233,2460903.6944792,252.1069793,14.4033185,1,17.779499053955078,0.06156399846076965,60903.19447920006
234,2460903.6653472,252.1069713,14.4033196,2,18.594999313354492,0.13485200703144073,60903.16534719989
235,2460901.7171644,252.1069871,14.4033264,1,17.826200485229492,0.057339999824762344,60901.217164400034
236,2460901.6661921,252.1069844,14.4033295,2,18.633100509643555,0.10410699993371964,60901.16619209992
237,2460867.760706,252.1069739,14.403319,2,18.541704177856445,0.1505439281463623,60867.26070600003
238,2460867.6965741,252.1069638,14.4033165,1,17.762399673461914,0.057114001363515854,60867.19657409983
239,2460865.7826736,252.1069632,14.4033227,2,18.651100158691406,0.10177499800920486,60865.28267360013
240,2460865.6902083,252.1069802,14.4033178,1,17.800199508666992,0.074583999812603,60865.19020830002
241,2460860.8139468,252.1069918,14.4033129,2,18.625999450683594,0.1437080055475235,60860.31394679984
242,2460860.7578704,252.1069809,14.40333,1,17.79010009765625,0.07373800128698349,60860.25787039986
243,2460858.832581,252.1069825,14.4033229,1,17.77829933166504,0.05840500071644783,60858.33258099994
244,2460858.7837731,252.1069822,14.4033204,2,18.56170082092285,0.08846999704837799,60858.2837731
246,2460856.7907407,252.1069678,14.4033193,2,18.58799934387207,0.08851800113916397,60856.29074069997
247,2460854.8373148,252.1069541,14.4033231,2,18.809999465942383,0.11527000367641449,60854.337314799894
248,2460854.7991204,252.1069798,14.4033168,1,17.949800491333008,0.05997199937701225,60854.2991204001
249,2460852.8735069,252.1069819,14.403319,1,17.862600326538086,0.0805559977889061,60852.37350689992
250,2460852.7957986,252.1069865,14.4033123,2,18.80699920654297,0.12296400219202042,60852.295798600186
251,2460852.7957986,252.1069865,14.4033123,2,18.80699920654297,0.12296400219202042,60852.295798600186
252,2460850.874537,252.1069873,14.4033195,2,18.608200073242188,0.09104300290346146,60850.37453699997
253,2460850.8477546,252.1069571,14.4033101,2,18.61039924621582,0.11926300078630447,60850.34775459999
254,2460848.8383912,252.1069861,14.4033151,1,17.81559944152832,0.05604499951004982,60848.338391200174
255,2460848.8111458,252.1069863,14.4033061,2,18.57309913635254,0.08881399780511856,60848.311145800166
256,2460846.8151968,252.1069731,14.4033135,2,18.649200439453125,0.08645900338888168,60846.315196800046
257,2460846.7970255,252.1069824,14.4033173,1,17.811500549316406,0.07052599638700485,60846.297025499865
258,2460844.8151968,252.1070482,14.4032534,2,18.900100708007812,0.1573220044374466,60844.315196800046
260,2460842.8487153,252.1069873,14.4033,1,17.82872772216797,0.05116076394915581,60842.348715300206
261,2460842.8487153,252.1069873,14.4033,1,17.828699111938477,0.05116099864244461,60842.348715300206
262,2460842.7987153,252.1069819,14.4033229,2,18.631099700927734,0.11167100071907043,60842.29871529993
263,2460840.8029861,252.1069757,14.4033307,2,18.582599639892578,0.13935400545597076,60840.30298609985
264,2460840.7136227,252.1069797,14.4033123,1,17.791200637817383,0.06789799779653549,60840.21362269996
265,2460838.8338542,252.1069948,14.4033148,2,18.601699829101562,0.11071799695491791,60838.33385419985
266,2460838.7915509,252.1069513,14.4032922,1,17.848800659179688,0.07611899822950363,60838.291550899856
267,2460836.8391782,252.1069618,14.4033023,2,18.660900115966797,0.15514400601387024,60836.33917819988
268,2460836.7833333,252.1069945,14.4033293,1,17.86720085144043,0.09820199757814407,60836.28333330015
269,2460834.8816667,252.1069895,14.4033306,1,17.828699111938477,0.06373599916696548,60834.38166669989
270,2460834.8135764,252.1069559,14.4033229,2,18.59160041809082,0.14220799505710602,60834.313576399814
271,2460832.8187847,252.1069886,14.4032741,2,18.579099655151367,0.1325789988040924,60832.318784699775
272,2460829.8581019,252.106979,14.4033161,1,17.80459976196289,0.06165099889039993,60829.3581019002
273,2460829.8322338,252.1069792,14.403327,2,18.572999954223633,0.11684100329875946,60829.33223380009
274,2460824.8804514,252.106986,14.4033204,1,17.794099807739258,0.061135001480579376,60824.38045139983
275,2460824.8195718,252.106977,14.4033097,2,18.57229995727539,0.10674300044775009,60824.319571800064
276,2460822.9199653,252.1069839,14.4033213,1,17.788299560546875,0.05734499916434288,60822.41996529978
277,2460822.8944444,252.1069748,14.4033203,2,18.568599700927734,0.08978100121021271,60822.39444439998
279,2460818.8822917,252.1069795,14.4033207,2,18.56049919128418,0.1151840016245842,60818.382291700225
280,2460818.8536574,252.1069837,14.4033185,1,17.774900436401367,0.0763930007815361,60818.35365739977
281,2460816.9004861,252.1069689,14.4033164,2,18.577499389648438,0.0973299965262413,60816.4004861
282,2460816.8365741,252.1069843,14.4033178,1,17.77199935913086,0.07535500079393387,60816.33657409996
283,2460811.9211111,252.1069895,14.4032889,1,18.337499618530273,0.11764299869537354,60811.42111109989
285,2460807.931169,252.1069816,14.4032784,1,17.765100479125977,0.07191099971532822,60807.43116899999
286,2460807.8782986,252.1070105,14.4032416,2,18.661699295043945,0.1651650071144104,60807.378298600204
287,2460805.8691898,252.1070206,14.4033247,2,18.649499893188477,0.15160100162029266,60805.36918980023
288,2460805.8368519,252.1069855,14.4032758,1,17.791099548339844,0.06229700148105621,60805.33685189998
289,2460803.9227894,252.1069942,14.403311,1,17.786399841308594,0.0721839964389801,60803.42278939998
290,2460797.8998032,252.1069808,14.4033017,2,18.68910026550293,0.09539300203323364,60797.399803199805
291,2460797.8382407,252.1069827,14.4033159,1,17.849599838256836,0.06905599683523178,60797.33824069984
292,2460795.879537,252.10702,14.4032848,2,18.268699645996094,0.07613600045442581,60795.379536999855
293,2460795.8702199,252.1071001,14.4032581,1,18.970300674438477,0.15148399770259857,60795.37021989981
294,2460795.8702199,252.1069522,14.4035114,1,18.913700103759766,0.0946659967303276,60795.37021989981
295,2460789.903912,252.1069688,14.4033004,2,18.5664005279541,0.09418699890375137,60789.40391199989
296,2460789.862581,252.1069851,14.4033046,1,17.79829978942871,0.057238999754190445,60789.3625810002
297,2460787.9637963,252.1069785,14.4032954,2,18.572999954223633,0.1327590048313141,60787.46379629988
298,2460787.8934259,252.1069828,14.4033051,1,17.792499542236328,0.06926599889993668,60787.39342590002
299,2460785.9145255,252.1069362,14.4033164,2,19.13249969482422,0.18581900000572205,60785.41452550003
300,2460785.8616667,252.1069837,14.403316,1,18.086000442504883,0.07289399951696396,60785.36166669987
301,2460780.9054861,252.106971,14.4033123,2,18.582799911499023,0.10561700165271759,60780.40548609989
302,2460775.9352315,252.1069958,14.4033224,2,18.55069923400879,0.11950500309467316,60775.43523149984
304,2460773.8526042,252.1069599,14.4033028,1,18.608400344848633,0.1748490035533905,60773.35260420013
305,2460771.9208218,252.1069686,14.403325,2,18.659900665283203,0.11003399640321732,60771.4208217999
306,2460771.8612384,252.1069758,14.4032975,1,17.846599578857422,0.07952500134706497,60771.361238399986
307,2460761.9834144,252.1070456,14.4032871,1,18.014799118041992,0.10271699726581573,60761.4834143999
308,2460761.9604167,252.1069959,14.4032748,2,17.709400177001953,0.08759800344705582,60761.460416700225
309,2460759.9929398,252.1070084,14.4032818,1,17.61009979248047,0.05608300119638443,60759.492939800024
310,2460759.9605787,252.107012,14.4032559,2,17.540800094604492,0.07381000369787216,60759.46057870006
311,2460757.991956,252.1069927,14.4032614,2,17.282800674438477,0.042153000831604004,60757.491956000216
312,2460757.9203819,252.1069951,14.4033265,1,17.278099060058594,0.05919700115919113,60757.42038189992
313,2460755.0042477,252.106984,14.403304,1,17.225500106811523,0.07579000294208527,60754.504247699864
315,2460751.9227894,252.1069779,14.4032404,1,17.568899154663086,0.33315199613571167,60751.42278939998
317,2460740.0482639,252.106946,14.4033406,1,18.475900650024414,0.14737699925899506,60739.54826389998
319,2460734.0264236,252.106978,14.4033281,2,18.492900848388672,0.12266899645328522,60733.52642360004
320,2460733.9135185,252.1069867,14.4032376,1,17.84950065612793,0.09573499858379364,60733.41351850005
321,2460732.0153356,252.1069738,14.4033192,2,18.641799926757812,0.08695399761199951,60731.51533559989
322,2460731.9672917,252.106975,14.4033094,1,17.808799743652344,0.07743699848651886,60731.46729170019
323,2460730.0269676,252.1069497,14.4033468,1,19.443899154663086,0.16893799602985382,60729.52696759999
326,2460725.9845139,252.1069865,14.4033108,2,18.622299194335938,0.12967200577259064,60725.48451389978
328,2460724.0106134,252.1069328,14.403356,1,17.634000778198242,0.202892005443573,60723.51061340002
329,2460722.0042824,252.107016,14.4032583,2,18.610300064086914,0.2242089956998825,60721.50428240001
330,2460715.0440741,252.1069448,14.4033473,2,18.6697998046875,0.13722799718379974,60714.54407409998
331,2460715.0053125,252.1069872,14.4032587,1,17.789400100708008,0.10044199973344803,60714.505312500056
332,2460707.0030093,252.1069892,14.4032885,2,17.345699310302734,0.04571500048041344,60706.50300930021
333,2460706.9751273,252.1069696,14.4032993,1,17.391700744628906,0.06255699694156647,60706.47512729978
334,2460699.0247222,252.1068236,14.4032679,2,18.644699096679688,0.2247910052537918,60698.52472219989
335,2460696.0315046,252.1069864,14.4032661,1,17.837400436401367,0.11088400334119797,60695.53150459984
336,2460694.0335764,252.1070125,14.403284,1,17.812999725341797,0.07634100317955017,60693.53357640002
337,2460694.0064236,252.1069757,14.4033271,2,18.64240074157715,0.13284200429916382,60693.50642360002
338,2460692.05625,252.1069273,14.4031763,2,18.458599090576172,0.11792699992656708,60691.55624999991
339,2460692.05625,252.1069273,14.4031763,2,18.458599090576172,0.11792699992656708,60691.55624999991
340,2460692.0196991,252.1069383,14.4033195,1,17.797500610351562,0.09743700176477432,60691.51969909994
341,2460690.0386806,252.106922,14.4031494,1,17.79490089416504,0.24834099411964417,60689.5386806
343,2460676.0639583,252.107149,14.4033078,2,18.319499969482422,0.2551639974117279,60675.56395829981
344,2460676.06,252.107036,14.403233,2,18.274499893188477,0.16103799641132355,60675.560000000056
352,2460668.0663079,252.1069908,14.4028482,2,18.997499465942383,0.290679007768631,60667.56630790001
363,2460665.0677894,252.1069916,14.4033129,2,18.57699966430664,0.13805800676345825,60664.5677894
364,2460665.0666551,252.1069729,14.4033102,2,18.645599365234375,0.1332779973745346,60664.56665509986
365,2460665.0655208,252.1069814,14.4033578,2,18.62019920349121,0.137937992811203,60664.565520800184
369,2460571.6750116,252.1069671,14.4033277,2,18.560880661010742,0.12519918382167816,60571.1750115999
370,2460568.6712963,252.1069735,14.4033291,2,18.598100662231445,0.14276200532913208,60568.1712962999
371,2460566.6713426,252.1069772,14.4033054,2,18.580900192260742,0.11416900157928467,60566.17134260014
372,2460566.6358333,252.1069835,14.4033361,1,17.75309944152832,0.08540699630975723,60566.135833300184
373,2460561.6846065,252.1069707,14.4033002,2,18.575000762939453,0.1471399962902069,60561.18460649997
374,2460558.6847685,252.1069706,14.4033379,2,18.653600692749023,0.11740200221538544,60558.18476849981
376,2460556.6631829,252.107026,14.4032587,2,18.824199676513672,0.1576319932937622,60556.16318289982
377,2460554.7279861,252.1069782,14.4033274,1,17.809999465942383,0.06920000165700912,60554.22798610013
378,2460554.6719907,252.106992,14.4033036,2,18.57659912109375,0.09206999838352203,60554.171990700066
379,2460552.7283449,252.1069727,14.4033015,2,18.63089942932129,0.1325709968805313,60552.22834490007
380,2460550.6917708,252.1069713,14.4033132,2,18.606599807739258,0.11743400245904922,60550.191770799924
381,2460550.6862963,252.1069811,14.4033065,1,17.82159996032715,0.06608600169420242,60550.18629630003
382,2460548.7160185,252.1069811,14.4033253,2,18.646499633789062,0.1206040009856224,60548.21601849981
383,2460548.6871412,252.1069852,14.4033172,1,17.79599952697754,0.06497500091791153,60548.18714120006
384,2460546.7465509,252.1070061,14.4032979,2,18.655000686645508,0.12079399824142456,60546.24655089993
385,2460546.6834954,252.1069865,14.4033115,1,17.806299209594727,0.060454998165369034,60546.18349540001
386,2460544.736875,252.1069986,14.4033231,2,18.59269905090332,0.10883300006389618,60544.236874999944
387,2460544.6966551,252.1069904,14.4033163,1,17.80579948425293,0.08413899689912796,60544.19665510021
390,2460538.7453009,252.1069987,14.4032951,2,18.58370018005371,0.10576000064611435,60538.24530090019
391,2460538.7117361,252.1069787,14.4033261,1,17.817399978637695,0.08151599764823914,60538.211736099795
392,2460534.7497801,252.1069646,14.4033279,1,17.805500030517578,0.09615100175142288,60534.24978009984
393,2460534.7074537,252.1068863,14.403383,2,17.83009910583496,0.3004019856452942,60534.20745369978
394,2460533.7296065,252.1069879,14.4033249,1,17.80150032043457,0.05957600101828575,60533.229606499895
395,2460533.6826042,252.1069909,14.4033277,2,18.680400848388672,0.1584330052137375,60533.18260420021
396,2460532.7295949,252.1069828,14.4033262,1,17.82550048828125,0.07243800163269043,60532.22959489981
397,2460532.682662,252.1069848,14.4033327,2,18.650699615478516,0.08693599700927734,60532.18266199995
398,2460530.7130787,252.1070092,14.4032909,2,18.553499221801758,0.09234499931335449,60530.213078700006
399,2460528.8097106,252.1069855,14.4033247,1,17.7893009185791,0.06577999889850616,60528.30971059995
400,2460528.7341782,252.1069689,14.4033292,2,18.627500534057617,0.13530300557613373,60528.2341781999
401,2460528.7341782,252.1069689,14.4033292,2,18.627500534057617,0.13530300557613373,60528.2341781999
402,2460526.7335995,252.1069743,14.4033233,2,18.63050079345703,0.12054499983787537,60526.2335994998
403,2460526.694537,252.1069784,14.4033216,1,17.797700881958008,0.08002699911594391,60526.1945369998
404,2460524.8065741,252.1069854,14.4033301,1,17.796499252319336,0.06684000045061111,60524.30657410016
405,2460524.7500231,252.1069752,14.4033338,2,18.655099868774414,0.10601499676704407,60524.25002310006
406,2460520.7670255,252.1069765,14.4033373,2,19.04050064086914,0.13915300369262695,60520.26702550007
407,2460520.6938657,252.1069788,14.4033131,1,17.917299270629883,0.07074999809265137,60520.19386570016
408,2460518.7756597,252.1069894,14.4033231,2,18.650100708007812,0.08749999850988388,60518.275659699924
409,2460518.7756597,252.1069894,14.4033231,2,18.650100708007812,0.08749999850988388,60518.275659699924
410,2460518.7194676,252.1069803,14.4033143,1,17.83300018310547,0.060394998639822006,60518.219467599876
411,2460516.7779398,252.1069894,14.4033371,1,17.857500076293945,0.0893390029668808,60516.27793980017
412,2460516.7149421,252.1069715,14.4033135,2,18.657899856567383,0.11149200052022934,60516.21494209999
413,2460514.7774884,252.1069909,14.4033239,2,18.77680015563965,0.12478099763393402,60514.27748840023
414,2460512.757662,252.1069766,14.4033218,2,18.521900177001953,0.12617699801921844,60512.257662000135
416,2460510.7906019,252.106989,14.403313,2,18.054000854492188,0.08587100356817245,60510.29060189985
417,2460510.746713,252.1069962,14.4033308,1,18.292600631713867,0.11123000085353851,60510.246712999884
418,2460508.7761806,252.1069829,14.4033007,2,17.808500289916992,0.08553499728441238,60508.276180599816
420,2460505.8335648,252.1070031,14.4033013,1,17.271400451660156,0.04381699860095978,60505.33356480021
421,2460505.7293866,252.1069967,14.4033228,2,17.322500228881836,0.05578500032424927,60505.2293866002
422,2460503.7564931,252.1069903,14.4032888,2,17.064199447631836,0.0496320016682148,60503.256493099965
423,2460503.7104282,252.1070022,14.4032996,1,17.042699813842773,0.06398099660873413,60503.2104282002
424,2460501.8435532,252.1070142,14.4033061,2,17.154699325561523,0.04516499862074852,60501.3435531999
426,2460498.7143171,252.1069794,14.4033046,1,17.796899795532227,0.07887200266122818,60498.21431710012
427,2460491.8735417,252.1069821,14.4033326,2,18.59480094909668,0.11053100228309631,60491.37354170019
428,2460491.7758912,252.106981,14.4033126,1,17.828100204467773,0.0549129992723465,60491.275891200174
429,2460489.8081134,252.1069776,14.403288,2,18.662799835205078,0.12036000192165375,60489.30811339989
430,2460489.7687269,252.1069816,14.4033219,1,17.843399047851562,0.06129299849271774,60489.26872690022
431,2460487.9372917,252.1069797,14.4033206,2,18.66629981994629,0.11681800335645676,60487.43729169993
434,2460482.8534722,252.107007,14.4033392,1,18.64940071105957,0.12697400152683258,60482.35347220022
436,2460480.8159954,252.1069718,14.4033417,2,18.57699966430664,0.10390999913215637,60480.31599539984
437,2460480.7428588,252.1069774,14.4033189,1,17.770299911499023,0.05799499899148941,60480.242858800106
438,2460477.8792824,252.1069884,14.4033062,1,17.81879997253418,0.058228999376297,60477.37928240001
439,2460477.8298032,252.1069834,14.4033235,2,18.582599639892578,0.11176300048828125,60477.32980319997
440,2460475.8542361,252.1069856,14.4033199,1,17.81529998779297,0.06216900050640106,60475.35423609987
441,2460475.7737963,252.1069817,14.4033228,2,18.614900588989258,0.10813000053167343,60475.27379629994
442,2460472.8417593,252.1070214,14.4032825,2,17.95490074157715,0.07041899859905243,60472.34175929986
443,2460472.8123495,252.1070513,14.4032431,1,18.40049934387207,0.08854500204324722,60472.312349500135
444,2460470.8806366,252.1069816,14.4033079,1,17.790199279785156,0.06605000048875809,60470.380636599846
445,2460470.8328935,252.1069761,14.4032989,2,18.6018009185791,0.10174500197172165,60470.332893500105
446,2460464.874537,252.1069837,14.4033226,1,17.802099227905273,0.05352000147104263,60464.37453699997
447,2460464.8537963,252.1069761,14.4033061,2,18.646299362182617,0.09240300208330154,60464.35379630001
448,2460462.859456,252.1070263,14.4032687,2,18.173900604248047,0.07450799643993378,60462.35945599992
449,2460460.816331,252.1069893,14.4033043,1,17.790966033935547,0.056836847215890884,60460.31633100007
450,2460460.816331,252.1069893,14.4033043,1,17.791000366210938,0.05683699995279312,60460.31633100007
451,2460460.7884028,252.1069722,14.4033212,2,18.588600158691406,0.10104399919509888,60460.28840279998
452,2460460.7884028,252.1069722,14.4033212,2,18.588600158691406,0.10104399919509888,60460.28840279998
453,2460458.8744792,252.1069733,14.4033203,2,18.63759994506836,0.10399500280618668,60458.374479200225
454,2460458.7791088,252.1069843,14.4033135,1,17.78700065612793,0.06269299983978271,60458.279108799994
455,2460456.9009375,252.1069727,14.4033208,1,17.809600830078125,0.06307400017976761,60456.400937499944
456,2460456.8384028,252.106959,14.4033478,2,18.64240074157715,0.14806300401687622,60456.338402799796
457,2460452.8826042,252.1069631,14.4033264,2,18.685400009155273,0.17050699889659882,60452.38260419993
458,2460452.7960764,252.1069673,14.403319,1,17.91119956970215,0.09590599685907364,60452.296076400205
459,2460450.8822801,252.1069949,14.4032597,2,18.087299346923828,0.09245900064706802,60450.38228010014
460,2460448.8795602,252.1069732,14.4033007,2,18.58839988708496,0.09067799896001816,60448.37956020003
461,2460448.8724537,252.1069854,14.4033157,1,17.816299438476562,0.08292999863624573,60448.37245369982
462,2460446.8955556,252.1069805,14.4033148,1,17.799800872802734,0.05016599968075752,60446.39555560006
463,2460446.8257755,252.1069659,14.4033071,2,18.6210994720459,0.09564600139856339,60446.32577549992
464,2460444.9160301,252.1069827,14.4033131,2,18.56369972229004,0.09195899963378906,60444.41603010008
465,2460442.8735648,252.1069769,14.4033124,1,17.797800064086914,0.055952999740839005,60442.37356479978
467,2460440.9217014,252.1069879,14.4033113,1,17.79840087890625,0.05804400146007538,60440.421701400075
468,2460440.8814468,252.1069766,14.4032946,2,18.600000381469727,0.08721700310707092,60440.381446800195
469,2460438.9739699,252.1069908,14.4033388,3,18.822399139404297,0.13585999608039856,60438.47396990005
471,2460437.9515741,252.1070046,14.4033112,2,17.85099983215332,0.0976170003414154,60437.45157410018
472,2460437.9228819,252.107036,14.4033199,1,18.063100814819336,0.08525700122117996,60437.42288189987
473,2460437.8414236,252.1069948,14.4033131,3,17.741100311279297,0.07865200191736221,60437.34142359998
474,2460436.9432523,252.1069834,14.4033136,2,18.75749969482422,0.11082900315523148,60436.44325229991
475,2460436.9369444,252.1069894,14.4033197,1,17.849599838256836,0.06480199843645096,60436.43694439996
477,2460434.9411227,252.1069832,14.4033275,1,17.78689956665039,0.0702740028500557,60434.441122699995
478,2460434.8844444,252.1069623,14.403323,2,18.577899932861328,0.12457399815320969,60434.3844444002
479,2460432.9780671,252.1069825,14.403323,2,18.617700576782227,0.09599299728870392,60432.47806710005
480,2460429.8958449,252.1069644,14.4033455,2,18.93779945373535,0.137131005525589,60429.39584490005
481,2460429.8098148,252.1069708,14.4033127,1,17.848800659179688,0.07180800288915634,60429.30981480004
482,2460422.8942824,252.1069867,14.4033094,2,18.84760093688965,0.1466359943151474,60422.39428240014
483,2460422.8405787,252.1069934,14.4033086,1,17.974700927734375,0.08477000147104263,60422.34057869995
484,2460420.9227431,252.1070254,14.4033368,1,18.83930015563965,0.113755002617836,60420.42274310021
485,2460420.9146412,252.106998,14.4032942,2,18.350099563598633,0.07594799995422363,60420.4146412001
486,2460418.8753009,252.106991,14.4033213,2,18.76759910583496,0.14725400507450104,60418.37530090008
487,2460414.9790394,252.1069852,14.403309,1,17.80620002746582,0.0868310034275055,60414.479039399885
488,2460408.9881713,252.10699,14.403324,1,17.773399353027344,0.06605000048875809,60408.48817129992
489,2460408.9250463,252.1069845,14.403311,2,18.630599975585938,0.13527099788188934,60408.42504630005
490,2460404.919294,252.106982,14.4033072,1,17.79520034790039,0.05892699956893921,60404.41929400014
491,2460398.9841088,252.106973,14.4032823,1,17.83679962158203,0.10276799649000168,60398.48410880007
492,2460398.948588,252.1069803,14.4033148,2,18.63319969177246,0.16860699653625488,60398.448588000145
493,2460396.9613657,252.1070186,14.4032678,2,18.54210090637207,0.13808700442314148,60396.46136569977
494,2460391.9841319,252.1070043,14.403298,1,17.827899932861328,0.08383999764919281,60391.48413190013
495,2460391.9626042,252.1069846,14.4033128,2,18.65329933166504,0.12449900060892105,60391.4626042
496,2460388.9789352,252.1069817,14.4033152,1,17.85070037841797,0.07750999927520752,60388.47893519979
497,2460369.0222917,252.1069649,14.4033234,2,18.639400482177734,0.14645099639892578,60368.52229169989
498,2460368.9827894,252.1070113,14.4032896,1,17.778499603271484,0.09367100149393082,60368.482789400034
499,2460364.0230093,252.1069051,14.4032994,1,17.526899337768555,0.2546460032463074,60363.52300930023
501,2460356.0398148,252.1069702,14.4033216,1,17.864200592041016,0.06517300009727478,60355.539814800024
502,2460355.9733449,252.1069861,14.4033066,2,18.81410026550293,0.12370099872350693,60355.47334490018
503,2460354.0372685,252.1069844,14.403317,2,18.608400344848633,0.10785800218582153,60353.537268499844
504,2460353.9992245,252.106983,14.4032959,1,17.81559944152832,0.06892400234937668,60353.4992244998
505,2460352.0386806,252.106982,14.4032779,1,17.800100326538086,0.05627400055527687,60351.5386806
506,2460352.01875,252.106987,14.4033012,2,18.61280059814453,0.11581400036811829,60351.518749999814
507,2460315.0653472,252.107017,14.4033164,2,18.660486221313477,0.1132844015955925,60314.565347199794
508,2460315.0628472,252.1069654,14.4033349,2,18.678300857543945,0.16558100283145905,60314.56284719985
509,2460315.0603472,252.1069742,14.4032855,2,18.70680046081543,0.13864800333976746,60314.560347199906
510,2460315.0578588,252.1069412,14.4032826,2,18.638399124145508,0.11826500296592712,60314.55785880005
511,2460315.0553704,252.1069835,14.4032994,2,18.672000885009766,0.1341239959001541,60314.555370400194
512,2460307.0761574,252.1069921,14.4032656,2,18.578399658203125,0.19167199730873108,60306.57615739992
513,2460307.0737384,252.1069945,14.4033515,2,18.62540054321289,0.13147999346256256,60306.57373839989
514,2460307.0713194,252.1070114,14.4033335,2,18.485700607299805,0.12023799866437912,60306.57131939987
515,2460307.0689005,252.1069603,14.4032779,2,18.547500610351562,0.1488109976053238,60306.56890049996
517,2460223.6351157,252.1069762,14.4032764,1,18.071001052856445,0.08022569119930267,60223.13511569984
518,2460221.6657407,252.1071759,14.4033395,1,19.114500045776367,0.22887299954891205,60221.16574069997
519,2460221.6323032,252.1069412,14.403298,2,18.223400115966797,0.07489100098609924,60221.1323032002
520,2460214.6747685,252.1070012,14.4033138,2,18.631200790405273,0.11558999866247177,60214.17476850003
521,2460214.6380324,252.1069772,14.4033017,1,17.79439926147461,0.08882000297307968,60214.13803240005
524,2460209.6857986,252.1069298,14.4032375,2,18.759300231933594,0.18267899751663208,60209.18579859985
525,2460209.640706,252.1069949,14.4032834,1,17.855600357055664,0.07291500270366669,60209.14070599992
528,2460196.7065972,252.1069823,14.4033252,2,18.635099411010742,0.12678000330924988,60196.20659720013
529,2460194.6542708,252.1069849,14.4033151,1,17.79829978942871,0.06919100135564804,60194.15427079983
531,2460188.6700463,252.1069804,14.4033277,1,17.805700302124023,0.05328800156712532,60188.17004630016
532,2460186.7151273,252.1069742,14.4033,2,18.600299835205078,0.11591699719429016,60186.215127300005
533,2460186.6751042,252.1069752,14.4033299,1,17.846500396728516,0.07777400314807892,60186.17510419991
534,2460184.7069676,252.1069775,14.4033148,1,17.8174991607666,0.08626099675893784,60184.206967600156
535,2460184.6753356,252.1069621,14.4032947,2,18.61479949951172,0.14119300246238708,60184.17533560004
537,2460182.749919,252.1069846,14.4033071,1,17.84320068359375,0.07392600178718567,60182.24991900008
538,2460175.6810069,252.1069775,14.4033034,1,17.80340003967285,0.05818499997258186,60175.181006900035
539,2460173.6937037,252.1069787,14.4033209,1,17.79800033569336,0.06625399738550186,60173.19370369986
540,2460173.6660417,252.1069699,14.403321,2,18.56100082397461,0.13387399911880493,60173.16604170017
541,2460171.7496412,252.1069754,14.4033134,2,18.622800827026367,0.09969200193881989,60171.24964120006
542,2460171.6956134,252.1069878,14.4033185,1,17.774099349975586,0.04864700138568878,60171.19561340008
543,2460169.7910069,252.1069833,14.4033299,2,18.591299057006836,0.07927700132131577,60169.291006899904
544,2460165.8166204,252.1069985,14.403309,1,17.795299530029297,0.07928700000047684,60165.316620400175
545,2460165.7139352,252.1069648,14.4033237,2,18.61840057373047,0.11598499864339828,60165.213935200125
546,2460163.7579977,252.1070242,14.4032842,2,19.107900619506836,0.10926800221204758,60163.25799770001
548,2460161.6933333,252.1069792,14.4033174,1,17.788999557495117,0.09273599833250046,60161.19333329983
549,2460161.6793866,252.1069787,14.4033157,2,18.553199768066406,0.11434199661016464,60161.17938659992
550,2460158.7320833,252.1069847,14.4033247,2,18.541000366210938,0.11693400144577026,60158.23208330013
551,2460155.7751968,252.1069625,14.4033461,2,18.686899185180664,0.13785900175571442,60155.27519680001
552,2460155.7544907,252.1069838,14.4033367,1,17.795400619506836,0.07594700157642365,60155.254490700085
553,2460153.7755556,252.1069804,14.4033318,1,17.81679916381836,0.07708799839019775,60153.27555559995
554,2460153.7288079,252.1069924,14.4033231,2,18.592300415039062,0.10305099934339523,60153.2288079001
555,2460151.7740046,252.1069869,14.4033244,1,17.789400100708008,0.0666159987449646,60151.27400460001
556,2460151.6994676,252.1069776,14.40333,2,18.618200302124023,0.08922799676656723,60151.19946759986
558,2460149.7486574,252.1070136,14.4032792,2,18.83639907836914,0.13364000618457794,60149.24865739979
559,2460147.8398843,252.1069858,14.4033228,1,17.80660057067871,0.06848999857902527,60147.339884299785
560,2460147.768831,252.1069948,14.4033089,2,18.625600814819336,0.08675699681043625,60147.2688310002
561,2460145.7695833,252.1069774,14.4033205,2,18.566299438476562,0.09859699755907059,60145.26958330022
562,2460145.7466204,252.1069754,14.4033205,1,17.79319953918457,0.05778000131249428,60145.24662039988
563,2460143.7476505,252.1069783,14.4033139,2,18.611099243164062,0.07621400058269501,60143.24765049992
564,2460143.7001505,252.1069674,14.4033229,1,17.833599090576172,0.0853080004453659,60143.20015050005
565,2460141.7349306,252.1070176,14.4032267,2,18.88789939880371,0.18024000525474548,60141.23493060004
567,2460139.7684606,252.1069822,14.4033105,2,18.56920051574707,0.09862200170755386,60139.26846060017
568,2460139.7320718,252.1069849,14.4033054,1,17.79990005493164,0.05317100137472153,60139.23207180016
569,2460137.7575579,252.1069721,14.4033173,2,18.595399856567383,0.09593799710273743,60137.25755790016
570,2460137.7130671,252.1069786,14.4033191,1,17.80190086364746,0.05052600055932999,60137.21306709992
571,2460135.7974537,252.1069649,14.4033111,2,18.657400131225586,0.09973999857902527,60135.2974537001
572,2460132.7080324,252.1070425,14.4032374,2,18.290700912475586,0.07724999636411667,60132.20803239988
573,2460127.7740509,252.1069913,14.4032735,2,17.4773006439209,0.06264600157737732,60127.27405089978
574,2460127.7065509,252.1070029,14.4033241,1,17.62019920349121,0.10691999644041061,60127.20655089989
575,2460125.8159606,252.1069853,14.4033151,1,17.097299575805664,0.046643998473882675,60125.31596060004
576,2460125.7891782,252.1069914,14.4033129,2,17.347200393676758,0.05953099951148033,60125.289178200066
577,2460123.7560532,252.1069838,14.4033094,1,16.866300582885742,0.052414000034332275,60123.25605319999
578,2460121.8870255,252.1071164,14.4033076,1,19.606800079345703,0.15600800514221191,60121.38702550018
579,2460121.776331,252.1069913,14.4032911,2,19.677799224853516,0.192672997713089,60121.27633100003
580,2460119.8193981,252.1069819,14.4033206,2,18.596799850463867,0.13346199691295624,60119.31939810002
581,2460119.7912616,252.1069905,14.4033144,1,17.79789924621582,0.053373001515865326,60119.291261599865
582,2460117.9145023,252.1069829,14.4032903,1,17.792499542236328,0.07080700248479843,60117.41450229986
583,2460117.8382176,252.1069855,14.4033175,2,18.563100814819336,0.09745100140571594,60117.33821759978
584,2460115.7707407,252.1069878,14.4032792,1,17.805299758911133,0.07785800099372864,60115.270740699954
585,2460112.8584375,252.1069831,14.4033031,1,17.803199768066406,0.07970699667930603,60112.35843749996
586,2460112.7982176,252.1069796,14.4033244,2,18.625,0.14387699961662292,60112.29821760021
588,2460105.7790509,252.106974,14.4033242,2,18.61549949645996,0.13318400084972382,60105.279050900135
589,2460103.7963426,252.1069764,14.4032941,2,18.562400817871094,0.09776800125837326,60103.29634260014
592,2460094.9121065,252.1069819,14.4033195,1,17.811800003051758,0.06385199725627899,60094.41210650001
593,2460092.8730671,252.1069795,14.4032999,2,18.512699127197266,0.09765399992465973,60092.37306710007
594,2460092.8293981,252.1069933,14.4032847,1,17.783300399780273,0.08285500109195709,60092.3293980998
595,2460090.8377199,252.1069065,14.4031038,2,18.63640022277832,0.12073899805545807,60090.33771990007
596,2460088.8901852,252.1069657,14.4033,2,18.62660026550293,0.09977900236845016,60088.39018520014
597,2460088.8324421,252.1069818,14.4033128,1,17.8075008392334,0.061434999108314514,60088.33244210016
598,2460086.8395023,252.1069703,14.4033169,2,18.537099838256836,0.1158749982714653,60086.339502300136
599,2460086.7875694,252.1069752,14.4033084,1,17.790700912475586,0.07644300162792206,60086.28756939992
600,2460084.9165741,252.1069908,14.4032962,2,18.621700286865234,0.10102599859237671,60084.41657410003
601,2460084.874456,252.1069788,14.4032901,1,17.792200088500977,0.062192000448703766,60084.37445600005
602,2460081.8930787,252.1069432,14.4033292,2,18.963699340820312,0.16693900525569916,60081.393078700174
603,2460081.8480324,252.106971,14.4033023,1,17.993799209594727,0.07301399856805801,60081.34803240001
604,2460078.9017593,252.1069615,14.4033234,2,18.963199615478516,0.1357710063457489,60078.401759299915
605,2460078.8734375,252.1069797,14.403315,1,17.9060001373291,0.07927999645471573,60078.37343750009
606,2460076.8805208,252.1069885,14.4032561,1,17.816499710083008,0.07667499780654907,60076.38052080013
607,2460076.8611921,252.1069508,14.4032271,2,18.619199752807617,0.11574099957942963,60076.361192100216
608,2460067.946713,252.107003,14.4032416,1,17.834199905395508,0.1438169926404953,60067.44671300007
609,2460063.9551968,252.1069755,14.4033189,1,17.797399520874023,0.04658399894833565,60063.455196800176
610,2460063.8991088,252.1069621,14.403319,2,18.6382999420166,0.11635799705982208,60063.399108800106
611,2460061.9345949,252.1069837,14.4033228,1,17.839599609375,0.07725200057029724,60061.43459489988
612,2460059.9657755,252.1070993,14.4032855,1,18.786800384521484,0.12453600019216537,60059.46577550005
613,2460059.9366667,252.1070384,14.4032778,2,18.17329978942871,0.07291200011968613,60059.43666670006
614,2460057.9674769,252.106983,14.4033257,1,17.791900634765625,0.09338299930095673,60057.4674769002
616,2460055.9458102,252.1069786,14.4033111,1,17.800399780273438,0.08751100301742554,60055.44581020018
617,2460055.9001389,252.1069748,14.403324,2,18.613500595092773,0.11161000281572342,60055.40013890015
618,2460053.9677662,252.1069923,14.4032978,1,17.799299240112305,0.060649000108242035,60053.46776620019
619,2460053.9369329,252.106973,14.4033177,2,18.582000732421875,0.10627800226211548,60053.43693289999
620,2460051.9224537,252.1069741,14.4032701,2,18.549800872802734,0.11020500212907791,60051.4224537001
621,2460051.8699537,252.1069805,14.4032987,1,17.792600631713867,0.0672290027141571,60051.369953699876
622,2460049.9550116,252.1069793,14.4033207,1,17.796100616455078,0.05375400185585022,60049.45501160016
623,2460049.9354051,252.1069701,14.4033041,2,18.521400451660156,0.10996899753808975,60049.43540510023
625,2460045.8793287,252.1069512,14.4032846,1,19.143999099731445,0.17980700731277466,60045.37932869978
626,2460043.969375,252.1069819,14.4033054,2,18.636600494384766,0.10447400063276291,60043.46937499987
627,2460043.8858681,252.1069977,14.403271,1,17.867300033569336,0.08627899736166,60043.385868099984
628,2460032.9787847,252.1069899,14.40332,1,17.6564998626709,0.3131119906902313,60032.478784699924
629,2460032.9262847,252.1069739,14.4032966,2,18.563600540161133,0.09010899811983109,60032.42628470017
631,2460016.946713,252.1069991,14.4032742,1,17.837099075317383,0.08905500173568726,60016.44671300007
632,2459952.0605787,252.1069301,14.4033563,2,18.792888641357422,0.18541549146175385,59951.560578700155
633,2459952.0580671,252.1069811,14.4032915,2,18.8700008392334,0.18230000138282776,59951.55806710012
634,2459952.0555671,252.1069788,14.403241,2,19.005599975585938,0.19856199622154236,59951.55556710018
636,2459938.071875,252.1069727,14.4032761,2,18.757299423217773,0.2060209959745407,59937.57187499991
637,2459938.069456,252.1069204,14.4032882,2,18.583599090576172,0.13370099663734436,59937.56945599988
638,2459938.067037,252.1069404,14.4032248,2,18.675600051879883,0.14461100101470947,59937.567036999855
639,2459938.0646181,252.1069868,14.4032005,2,18.708599090576172,0.1654829978942871,59937.56461809995
640,2459937.0737616,252.1070172,14.4032598,2,18.510900497436523,0.16804400086402893,59936.57376160007
641,2459937.0713426,252.1070233,14.4032983,2,18.52199935913086,0.16896900534629822,59936.571342600044
642,2459937.0689236,252.106928,14.4031783,2,18.608800888061523,0.20771199464797974,59936.56892360002
643,2459937.0665046,252.1070375,14.4032508,2,18.65049934387207,0.14828599989414215,59936.56650459999
644,2459937.0640856,252.1069943,14.4032582,2,18.643699645996094,0.13217000663280487,59936.564085599966
647,2459936.0706134,252.1068816,14.4033399,2,18.76810073852539,0.23608000576496124,59935.57061340008
649,2459936.0657176,252.1069591,14.4033317,2,18.71820068359375,0.18839800357818604,59935.56571759982
650,2459862.6328472,252.1069512,14.403335,2,18.709367752075195,0.15916787087917328,59862.13284720015
651,2459860.6560185,252.1069734,14.4032765,2,17.84469985961914,0.0891449972987175,59860.156018500216
652,2459858.6526968,252.1069875,14.4032979,1,17.7947998046875,0.08300799876451492,59858.15269679995
653,2459855.6702315,252.1069815,14.4033122,1,17.7893009185791,0.08461800217628479,59855.170231500175
654,2459853.6741898,252.1069936,14.4033114,2,18.540800094604492,0.10442300140857697,59853.17418979993
655,2459848.6813542,252.1070323,14.4033201,2,19.065000534057617,0.14522400498390198,59848.1813542
657,2459846.6861806,252.106994,14.4033316,1,17.84000015258789,0.06646999716758728,59846.186180599965
658,2459844.6818287,252.1069869,14.4033243,1,17.825300216674805,0.0781330019235611,59844.181828700006
659,2459844.6359838,252.1069911,14.403328,2,18.65369987487793,0.10566599667072296,59844.13598380005
660,2459842.6860301,252.1069741,14.4033449,2,18.5674991607666,0.10094799846410751,59842.1860301001
661,2459842.6411921,252.1069827,14.403305,1,17.81760025024414,0.05420299991965294,59842.14119210001
662,2459840.6542361,252.1069839,14.4033248,1,17.794300079345703,0.06374099850654602,59840.15423610015
663,2459840.6376157,252.1069868,14.4033292,1,17.787900924682617,0.06334400177001953,59840.13761569979
664,2459837.6430787,252.106984,14.4033122,1,18.152000427246094,0.09903299808502197,59837.143078700174
665,2459828.711875,252.1069898,14.403297,1,17.778099060058594,0.07761000096797943,59828.21187500004
666,2459828.6642245,252.1070062,14.403278,2,18.61240005493164,0.10665600001811981,59828.16422449984
667,2459825.7127199,252.1069884,14.4033188,1,17.81369972229004,0.07867000252008438,59825.21271990007
668,2459825.6564815,252.1069754,14.4033315,2,18.6382999420166,0.12501700222492218,59825.156481499784
669,2459823.7073611,252.1069818,14.4033162,1,17.82379913330078,0.06606400012969971,59823.207361099776
670,2459823.6562616,252.1069702,14.4033232,2,18.63990020751953,0.13932499289512634,59823.15626160009
671,2459820.687037,252.1069798,14.4032819,1,17.950199127197266,0.07465799897909164,59820.18703699997
672,2459820.6574653,252.1069574,14.4032478,2,19.054399490356445,0.1561030000448227,59820.15746530006
673,2459818.715463,252.1069823,14.4033323,2,18.585500717163086,0.1360509991645813,59818.215462999884
674,2459816.6946065,252.1070047,14.4033094,1,17.78700065612793,0.0608769990503788,59816.19460650021
675,2459814.735,252.1069517,14.4033086,2,18.569700241088867,0.10065700113773346,59814.23499999987
676,2459812.7263194,252.1069834,14.4033201,1,17.77549934387207,0.08787199854850769,59812.22631940013
677,2459810.6979051,252.1069846,14.4033223,1,17.796899795532227,0.08750200271606445,59810.19790509995
678,2459808.7423495,252.1069828,14.4033293,1,17.817899703979492,0.07618500292301178,59808.24234949984
679,2459808.7247569,252.1069663,14.4033245,2,18.590200424194336,0.12902699410915375,59808.22475690022
680,2459806.6944097,252.1069543,14.4033145,2,19.353599548339844,0.17957499623298645,59806.19440970011
681,2459806.6806597,252.1069661,14.4033242,1,18.19420051574707,0.11311999708414078,59806.180659700185
682,2459804.6865856,252.1069985,14.4033261,2,18.756500244140625,0.12284000217914581,59804.18658560002
684,2459802.7228704,252.1069885,14.403334,2,18.6023006439209,0.10743799805641174,59802.222870400175
685,2459799.7294329,252.1069897,14.4033386,2,18.607900619506836,0.11260300129652023,59799.22943289997
686,2459797.7345949,252.1069837,14.4033121,1,17.79840087890625,0.07696200162172318,59797.23459490016
687,2459797.7194444,252.1069795,14.4033241,2,18.607500076293945,0.09750600159168243,59797.219444400165
688,2459794.8115046,252.1069783,14.4033214,1,17.790599822998047,0.07254599779844284,59794.311504600104
689,2459794.7339583,252.1069675,14.4033231,2,18.64459991455078,0.13220499455928802,59794.2339583002
690,2459791.6939236,252.1069596,14.403327,2,18.759199142456055,0.15513600409030914,59791.19392360002
692,2459787.7745255,252.1069714,14.4033238,2,18.60110092163086,0.10538399964570999,59787.2745254999
693,2459787.7287847,252.1069797,14.4033271,1,17.763599395751953,0.06583499908447266,59787.228784699924
694,2459785.7084722,252.1069757,14.4033105,2,18.57430076599121,0.07782299816608429,59785.208472200204
695,2459783.8079051,252.1069756,14.4033297,1,17.79360008239746,0.07008299976587296,59783.30790509982
697,2459781.748669,252.10697,14.4033259,1,17.924999237060547,0.07418300211429596,59781.24866899988
699,2459779.7333565,252.1069579,14.4033243,2,19.09149932861328,0.1901939958333969,59779.233356500044
700,2459777.7105093,252.1069706,14.4033177,2,18.552600860595703,0.11522100120782852,59777.21050930023
701,2459775.8164236,252.1069925,14.4033262,2,18.574600219726562,0.15687400102615356,59775.316423600074
702,2459775.7770023,252.1069721,14.4033198,2,18.666799545288086,0.10988400131464005,59775.277002300136
703,2459773.8144907,252.1069937,14.4033307,2,18.616600036621094,0.1503870040178299,59773.31449070014
704,2459773.756169,252.1069598,14.4032964,2,18.537200927734375,0.10704600065946579,59773.256169000175
705,2459771.8361574,252.1069858,14.4033248,1,18.486799240112305,0.1092509999871254,59771.33615740016
706,2459769.8150231,252.1069836,14.4033125,1,17.845500946044922,0.09102600067853928,59769.3150231
707,2459766.8125463,252.1069871,14.4033228,1,17.77899932861328,0.07373200356960297,59766.31254629977
708,2459766.7684375,252.1069664,14.4033303,2,18.672500610351562,0.14999200403690338,59766.26843750011
709,2459764.8179167,252.106979,14.403323,1,17.80340003967285,0.061354998499155045,59764.31791670015
710,2459764.791794,252.1069671,14.4033215,2,18.63680076599121,0.08844099938869476,59764.29179400019
712,2459762.7744213,252.1070645,14.4033446,2,18.829299926757812,0.09047900140285492,59762.27442129981
713,2459762.7744213,252.1069862,14.403321,2,18.98579978942871,0.10311400145292282,59762.27442129981
714,2459760.7909259,252.1069992,14.403304,2,18.120500564575195,0.05671999976038933,59760.290925899986
715,2459758.8116088,252.107001,14.4032977,2,17.77589988708496,0.05849599838256836,59758.3116088002
716,2459756.7914352,252.1070108,14.4032966,1,17.655899047851562,0.07021400332450867,59756.29143519979
717,2459753.7753125,252.1070019,14.4032999,1,16.869699478149414,0.06470400094985962,59753.275312500075
718,2459751.8703356,252.1070198,14.4032866,2,17.70669937133789,0.06110300123691559,59751.37033559987
719,2459751.8176852,252.1070312,14.4032861,1,18.011899948120117,0.07742500305175781,59751.3176851999
720,2459749.8167593,252.1069484,14.4033083,2,18.881099700927734,0.15735399723052979,59749.31675929995
721,2459749.7958796,252.1069772,14.4033161,1,17.8435001373291,0.07628700137138367,59749.295879600104
722,2459747.8457986,252.106992,14.4033309,2,18.576900482177734,0.12390699982643127,59747.3457986
723,2459747.8272917,252.1069798,14.4033186,1,17.81209945678711,0.05901399999856949,59747.32729170006
724,2459742.8384838,252.106998,14.4032876,1,18.454299926757812,0.1604429930448532,59742.33848380018
725,2459742.7735417,252.1070073,14.4032688,2,17.98710060119629,0.07036100327968597,59742.273541700095
726,2459740.8791551,252.1069831,14.4033292,1,17.868000030517578,0.06065500155091286,59740.37915509986
727,2459740.8170949,252.1069864,14.4033176,2,18.82900047302246,0.17857599258422852,59740.31709490018
728,2459738.8795718,252.1069835,14.4033193,1,17.78529930114746,0.07862299680709839,59738.37957180012
729,2459738.7950116,252.10703,14.4033005,2,18.853300094604492,0.12926800549030304,59738.295011600014
730,2459736.8534375,252.1069683,14.4033184,2,18.636699676513672,0.10352800041437149,59736.353437500075
731,2459736.7953009,252.1069731,14.4033072,1,17.81760025024414,0.07913000136613846,59736.295300900005
732,2459734.8157523,252.1069452,14.4032833,1,18.675600051879883,0.17141400277614594,59734.31575229997
736,2459730.858588,252.1069759,14.4033158,1,17.781999588012695,0.05827200040221214,59730.35858799983
737,2459730.7906944,252.1069612,14.403296,2,18.597400665283203,0.08770100027322769,59730.2906944002
738,2459727.8389815,252.106985,14.4032835,1,17.761600494384766,0.08590199798345566,59727.338981499895
739,2459725.8387153,252.1069608,14.4033206,1,18.1471004486084,0.07808700203895569,59725.338715299964
742,2459723.8314583,252.1070366,14.4032663,2,18.22369956970215,0.0804930031299591,59723.33145829989
743,2459719.9159259,252.1069577,14.4033098,2,18.574899673461914,0.11388300359249115,59719.415925899986
744,2459719.8425,252.1069628,14.4033016,2,18.61669921875,0.16188299655914307,59719.342499999795
745,2459717.8350926,252.1069844,14.4032918,1,17.826799392700195,0.08986300230026245,59717.33509259997
746,2459714.8581481,252.10702,14.4032736,2,18.419300079345703,0.09481599926948547,59714.358148099855
748,2459712.9242245,252.1069714,14.4033185,1,17.854900360107422,0.08408000320196152,59712.42422450008
749,2459712.8589005,252.1069332,14.403368,2,18.814300537109375,0.1641640067100525,59712.358900499996
750,2459710.9360764,252.1069855,14.4033127,1,17.808799743652344,0.05563100054860115,59710.43607639987
751,2459710.8753935,252.1069987,14.4033044,2,18.594900131225586,0.11795700341463089,59710.375393500086
752,2459708.9237616,252.1069708,14.4032568,2,18.570499420166016,0.09153199940919876,59708.42376160016
753,2459708.8584606,252.1070379,14.4032704,2,18.697599411010742,0.1222039982676506,59708.35846060002
754,2459702.9444097,252.1069269,14.4033122,1,18.72100067138672,0.1335120052099228,59702.44440970011
756,2459700.8993634,252.1069916,14.4033236,2,18.539199829101562,0.0907839983701706,59700.39936339995
757,2459700.8573958,252.1069851,14.4033083,1,17.782899856567383,0.07445400208234787,59700.35739579983
760,2459695.8961111,252.1070408,14.4032625,1,17.79050064086914,0.24319100379943848,59695.39611109998
761,2459693.9561458,252.1069833,14.4033177,1,17.959800720214844,0.08218599855899811,59693.456145800184
763,2459688.8780787,252.1069625,14.403325,2,18.50279998779297,0.14758600294589996,59688.37807870004
764,2459685.8975579,252.1070338,14.4032712,1,17.826200485229492,0.07850000262260437,59685.39755789982
765,2459685.8603356,252.1069853,14.4033228,2,18.607200622558594,0.15333199501037598,59685.3603356001
766,2459683.8989468,252.1069983,14.4033415,2,18.64579963684082,0.14906500279903412,59683.3989467998
767,2459679.8819213,252.1069682,14.4033092,2,18.55270004272461,0.10171300172805786,59679.3819213002
768,2459679.8328009,252.1069956,14.403293,1,17.784000396728516,0.06894499808549881,59679.3328009001
769,2459677.9794676,252.1069619,14.4033222,1,18.9375,0.12479600310325623,59677.47946760012
771,2459675.9414583,252.1069723,14.4033061,2,18.71139907836914,0.10582900047302246,59675.44145830022
772,2459673.9149537,252.1069827,14.4032981,1,17.765899658203125,0.05009400099515915,59673.4149536998
773,2459673.9149537,252.1069829,14.4032981,1,17.760900497436523,0.052296001464128494,59673.4149536998
774,2459673.8942361,252.1069689,14.4032585,2,18.627399444580078,0.10506899654865265,59673.394236099906
775,2459673.8942361,252.1069698,14.4032567,2,18.615800857543945,0.1035429984331131,59673.394236099906
776,2459642.0212731,252.106982,14.4033211,1,17.80660057067871,0.053481001406908035,59641.52127309982
777,2459640.0259028,252.1069555,14.4032194,2,18.7106990814209,0.1230819970369339,59639.525902799796
779,2459638.0200347,252.1070304,14.4033285,1,18.61389923095703,0.1854040026664734,59637.52003470017
780,2459631.0084259,252.1069585,14.4033106,2,18.82539939880371,0.15577800571918488,59630.50842589978
781,2459630.9447685,252.1069977,14.4033242,1,17.905799865722656,0.09089700132608414,59630.44476850005
782,2459629.0378356,252.1070226,14.4033234,2,18.474899291992188,0.12480100244283676,59628.537835599855
783,2459628.9960648,252.1069319,14.4033363,1,19.65060043334961,0.27598199248313904,59628.49606479984
784,2459626.0272454,252.1069835,14.403272,1,18.03219985961914,0.10224899649620056,59625.52724540001
785,2459625.9906944,252.1070014,14.4032526,2,17.861299514770508,0.07572100311517715,59625.49069439992
786,2459624.039294,252.106995,14.4032957,1,17.701099395751953,0.04879000037908554,59623.539293999784
787,2459623.9450347,252.1069651,14.4033124,2,17.53660011291504,0.07377099990844727,59623.44503469998
788,2459601.0484375,252.1069825,14.4032626,1,17.85569953918457,0.07805400341749191,59600.54843749991
789,2459601.0248148,252.1069883,14.4033402,2,18.651899337768555,0.15692800283432007,59600.524814799894
790,2459498.622963,252.1069858,14.4033131,1,17.8001708984375,0.06870000064373016,59498.12296300009
791,2459490.6868287,252.1069834,14.4032814,1,18.01300048828125,0.11683499813079834,59490.186828699894
792,2459490.6329977,252.1069895,14.4033394,2,18.792200088500977,0.1462700068950653,59490.13299770001
793,2459488.6646875,252.106989,14.4033264,2,18.621200561523438,0.1227250024676323,59488.16468749987
794,2459486.6554051,252.1069643,14.4033066,2,18.73349952697754,0.10442099720239639,59486.15540509997
795,2459480.6962153,252.1069697,14.403328,2,18.59079933166504,0.15358799695968628,59480.19621529989
796,2459480.6629745,252.106995,14.4033271,1,17.81909942626953,0.07778599858283997,59480.1629745001
797,2459478.6745949,252.1070136,14.4032932,2,18.99690055847168,0.1995449960231781,59478.174594900105
798,2459476.6747685,252.1069897,14.4032926,2,18.742399215698242,0.13373500108718872,59476.17476850003
799,2459476.6503935,252.1069891,14.4032998,1,17.932600021362305,0.0846169963479042,59476.15039349999
800,2459473.7069444,252.1069713,14.4033369,1,17.82229995727539,0.07711800187826157,59473.20694439998
801,2459470.7083912,252.1069886,14.4033329,1,17.819599151611328,0.06665699928998947,59470.20839119982
802,2459470.6635648,252.1069577,14.4033253,2,18.58690071105957,0.12908299267292023,59470.16356479982
803,2459468.7265741,252.1069946,14.4033135,2,18.445100784301758,0.08866900205612183,59468.22657410009
804,2459468.6657523,252.1070758,14.4033282,1,18.868600845336914,0.12432699650526047,59468.16575230006
805,2459466.7278241,252.1069937,14.403316,1,17.811899185180664,0.07763899862766266,59466.22782409983
806,2459466.6495023,252.1069823,14.4033175,2,18.558700561523438,0.11728700250387192,59466.14950230019
807,2459464.7271644,252.1069821,14.4033289,2,18.61989974975586,0.12493900209665298,59464.22716439981
808,2459464.7271644,252.1069821,14.4033289,2,18.61989974975586,0.12493900209665298,59464.22716439981
809,2459462.6941435,252.106993,14.4033128,2,18.524200439453125,0.09525500237941742,59462.19414350018
810,2459460.7663657,252.1069921,14.4033206,1,17.823200225830078,0.07897800207138062,59460.266365699936
811,2459460.7082986,252.1069697,14.4033138,2,18.62660026550293,0.10183600336313248,59460.20829859981
812,2459457.7065278,252.1069833,14.4033235,1,17.780399322509766,0.06563299894332886,59457.20652779983
813,2459454.771169,252.1069755,14.4033183,2,18.58169937133789,0.12909699976444244,59454.27116899984
814,2459454.6873843,252.1069842,14.4033266,1,17.807100296020508,0.07477600127458572,59454.187384299934
815,2459452.6943866,252.1070512,14.4032915,2,19.153600692749023,0.1236950010061264,59452.19438660005
816,2459450.6934259,252.1069846,14.4033267,1,17.863800048828125,0.07421199977397919,59450.19342589984
817,2459450.6738889,252.106998,14.403326,2,18.59160041809082,0.12345600128173828,59450.17388889985
818,2459447.6820255,252.106996,14.4033154,1,17.791500091552734,0.07795900106430054,59447.18202550011
819,2459443.7611806,252.1070005,14.4033243,2,18.610599517822266,0.1609639972448349,59443.26118060015
820,2459443.6925,252.1069771,14.4033229,1,17.772899627685547,0.08369600027799606,59443.19249999989
821,2459441.7458565,252.1069839,14.4033236,1,17.78969955444336,0.07929699867963791,59441.24585650023
822,2459441.7072685,252.1069804,14.4033338,2,18.623300552368164,0.14718200266361237,59441.20726849977
823,2459439.7289468,252.1070014,14.4033228,2,18.763099670410156,0.1325020045042038,59439.22894679988
824,2459439.6757523,252.1069785,14.4033227,1,17.94610023498535,0.0647829994559288,59439.17575229984
825,2459436.7345833,252.1069797,14.4033299,1,17.792600631713867,0.06351800262928009,59436.23458330007
826,2459436.7086111,252.1069789,14.4033114,2,18.608699798583984,0.09463699907064438,59436.20861109998
827,2459434.7146644,252.1069887,14.4033284,1,17.82309913635254,0.05963899940252304,59434.21466440009
828,2459429.7540856,252.1069837,14.4033194,1,17.806400299072266,0.08358000218868256,59429.25408559991
829,2459427.7320718,252.106972,14.4033229,1,17.846799850463867,0.08085700124502182,59427.23207180016
830,2459427.6928472,252.106983,14.4033248,2,18.658899307250977,0.14697599411010742,59427.192847200204
832,2459425.6930208,252.1069932,14.4032619,2,18.331199645996094,0.07947299629449844,59425.19302080013
834,2459423.7127778,252.1069768,14.4033193,1,17.790800094604492,0.06086599826812744,59423.21277779993
835,2459418.8173958,252.1069822,14.403358,1,17.702199935913086,0.11049000173807144,59418.31739579979
836,2459418.7115162,252.1069462,14.4033238,2,18.56999969482422,0.203248992562294,59418.2115162001
837,2459415.7729745,252.1069647,14.4033499,1,18.760499954223633,0.1226620003581047,59415.27297449997
838,2459415.7729745,252.1069647,14.4033499,1,18.760499954223633,0.1226620003581047,59415.27297449997
839,2459415.7729745,252.1069647,14.4033499,1,18.760499954223633,0.1226620003581047,59415.27297449997
841,2459412.8739236,252.1069781,14.4033069,2,18.677799224853516,0.11851999908685684,59412.373923600186
842,2459412.7340741,252.1069844,14.4033335,1,17.80590057373047,0.06641799956560135,59412.23407409992
843,2459410.7480903,252.1069882,14.4033124,2,18.57740020751953,0.08423800021409988,59410.24809029978
844,2459410.6917245,252.1069743,14.4033283,1,17.818500518798828,0.0602479986846447,59410.19172450015
845,2459408.7126042,252.1069566,14.4033383,2,19.254199981689453,0.18591900169849396,59408.2126042
846,2459408.7072106,252.106971,14.4033396,1,18.160200119018555,0.07952100038528442,59408.20721059991
847,2459406.7668056,252.1069539,14.403328,2,18.691699981689453,0.13673900067806244,59406.26680559991
848,2459406.7135417,252.1069774,14.4032955,1,17.83060073852539,0.06212399899959564,59406.21354170004
849,2459404.8170833,252.1069815,14.4033159,1,17.788999557495117,0.06112400069832802,59404.31708330009
850,2459404.7956134,252.1069846,14.403316,2,18.66939926147461,0.12315099686384201,59404.29561340017
851,2459402.7976968,252.1069838,14.4033196,1,17.797100067138672,0.08277300000190735,59402.29769679997
852,2459402.7566898,252.1069717,14.4033126,2,18.676799774169922,0.09637299925088882,59402.25668979995
853,2459400.7914352,252.1069841,14.4033277,1,17.840499877929688,0.05509300157427788,59400.29143519979
854,2459400.7273843,252.1069628,14.4033179,2,18.776199340820312,0.1538809984922409,59400.22738429997
855,2459397.8381134,252.1069987,14.4033052,2,18.19930076599121,0.06909199804067612,59397.338113400154
856,2459397.7902662,252.1070415,14.4032294,1,18.814899444580078,0.08745399862527847,59397.29026619997
857,2459395.7881597,252.1070375,14.4032979,1,18.394100189208984,0.11226499825716019,59395.28815970011
858,2459393.774213,252.1070053,14.4033139,1,17.540599822998047,0.06009700149297714,59393.2742130002
859,2459393.7504167,252.1070099,14.4032897,2,17.679500579833984,0.060189999639987946,59393.2504166998
860,2459391.798831,252.1069846,14.4033142,2,17.305599212646484,0.06128299981355667,59391.29883099999
861,2459387.8390046,252.1069927,14.4033034,1,17.386699676513672,0.05892600119113922,59387.339004599955
862,2459387.7309954,252.1069993,14.4032849,2,17.369699478149414,0.05566300079226494,59387.23099539988
863,2459385.8329051,252.1069929,14.4033067,1,17.822599411010742,0.0775969997048378,59385.33290510019
864,2459383.7543634,252.106986,14.4033227,1,17.78230094909668,0.08242800086736679,59383.25436339993
865,2459381.8593056,252.1070011,14.4033009,2,18.634599685668945,0.17872300744056702,59381.35930560017
866,2459381.795544,252.1069891,14.4033073,1,17.773399353027344,0.07389400154352188,59381.29554399988
867,2459379.8713079,252.1069747,14.4033167,2,18.60219955444336,0.11897300183773041,59379.371307900175
868,2459379.7951042,252.1069767,14.4033245,1,17.77750015258789,0.07584899663925171,59379.29510420002
869,2459377.8357639,252.10698,14.4033258,1,17.807899475097656,0.07325699925422668,59377.335763900075
870,2459377.7698495,252.1069705,14.4033102,2,18.53619956970215,0.09564399719238281,59377.26984950015
871,2459375.880625,252.1069625,14.4033092,2,18.63949966430664,0.09994199872016907,59375.38062500022
872,2459371.8663426,252.1069857,14.4033228,1,17.819000244140625,0.049424998462200165,59371.36634259997
873,2459371.8203356,252.1069757,14.4033189,2,18.66010093688965,0.08845899999141693,59371.32033560006
874,2459369.8724421,252.1071241,14.4032425,1,18.78499984741211,0.1212259978055954,59369.3724421002
875,2459369.8324653,252.1070288,14.4032766,2,18.158300399780273,0.07331400364637375,59369.33246529987
876,2459367.8579745,252.1069789,14.4033195,2,18.56060028076172,0.0973839983344078,59367.35797449993
877,2459367.79625,252.1069813,14.4033209,1,17.795799255371094,0.07229600101709366,59367.29625000013
878,2459365.8377315,252.1069782,14.4033263,2,18.56999969482422,0.11427000164985657,59365.337731500156
879,2459365.8152894,252.1069877,14.4033067,1,17.80389976501465,0.059822000563144684,59365.31528940005
880,2459363.8563773,252.1069806,14.4033209,2,18.600099563598633,0.10895899683237076,59363.356377299875
881,2459361.8753472,252.1070016,14.4033247,2,18.663299560546875,0.13756799697875977,59361.37534719985
882,2459361.827963,252.1069861,14.4033294,1,17.813499450683594,0.07478400319814682,59361.32796300016
883,2459358.921169,252.1070028,14.4032955,1,18.220199584960938,0.08869899809360504,59358.42116900021
884,2459358.8399074,252.1070259,14.4032582,2,19.66069984436035,0.2480749934911728,59358.339907399844
885,2459354.9160532,252.1069468,14.4032485,2,18.641799926757812,0.10632599890232086,59354.41605320014
886,2459354.8792824,252.1069754,14.4033044,1,17.782499313354492,0.06389199942350388,59354.37928240001
887,2459352.8415162,252.1069936,14.4032783,1,17.7893009185791,0.056405000388622284,59352.34151619999
891,2459345.8993634,252.1069839,14.4033129,1,17.796199798583984,0.05803399905562401,59345.39936339995
892,2459345.8445023,252.1069781,14.4033075,2,18.580400466918945,0.10832999646663666,59345.344502300024
893,2459343.8819213,252.1069778,14.4033215,1,17.81209945678711,0.06961999833583832,59343.3819213002
894,2459343.8542593,252.1069802,14.4033112,2,18.625600814819336,0.11887700110673904,59343.354259300046
895,2459341.9168171,252.1071095,14.403262,2,18.766199111938477,0.10405299812555313,59341.41681709979
896,2459339.8787731,252.1069807,14.4033287,1,17.829200744628906,0.05444899946451187,59339.37877310021
897,2459339.8200347,252.1069784,14.4033173,2,18.674100875854492,0.10337299853563309,59339.32003469998
898,2459336.9307639,252.1069781,14.4033185,1,17.81245994567871,0.06756000220775604,59336.430763899814
899,2459336.9307639,252.1069781,14.4033185,1,17.8125,0.06756000220775604,59336.430763899814
900,2459336.9307639,252.1069781,14.4033185,1,17.8125,0.06756000220775604,59336.430763899814
901,2459336.8922801,252.1069728,14.4033261,2,18.605600357055664,0.1134369969367981,59336.39228009991
902,2459336.8922801,252.1069728,14.4033261,2,18.605600357055664,0.1134369969367981,59336.39228009991
903,2459336.8922801,252.1069728,14.4033261,2,18.605600357055664,0.1134369969367981,59336.39228009991
904,2459334.9521644,252.1069921,14.4033043,1,17.832599639892578,0.07360699772834778,59334.4521643999
905,2459334.8782639,252.1069827,14.4033059,2,18.6299991607666,0.10017000138759613,59334.37826390006
906,2459328.8514583,252.1069771,14.4033085,1,17.859899520874023,0.06323199719190598,59328.351458299905
907,2459328.8121644,252.1069988,14.4033205,2,18.6117000579834,0.11592700332403183,59328.31216439977
908,2459324.8993403,252.1069849,14.4033087,1,17.789100646972656,0.060662999749183655,59324.39934029989
909,2459324.7756829,252.106978,14.4033101,2,18.615100860595703,0.11755000054836273,59324.2756829001
910,2459324.7756829,252.106978,14.4033101,2,18.615100860595703,0.11755000054836273,59324.2756829001
911,2459324.7756829,252.106978,14.4033101,2,18.615100860595703,0.11755000054836273,59324.2756829001
912,2459322.9225463,252.1069851,14.4032968,1,17.820100784301758,0.06021299958229065,59322.422546300106
913,2459322.7763079,252.1069859,14.4033162,2,18.66819953918457,0.16366900503635406,59322.27630789997
914,2459319.9344792,252.1069813,14.4033049,1,17.820600509643555,0.06695199757814407,59319.434479199816
915,2459319.8920255,252.1069862,14.4032962,2,18.6643009185791,0.12698900699615479,59319.39202550007
916,2459315.9787384,252.1069896,14.4032796,1,18.189300537109375,0.37332600355148315,59315.478738400154
918,2459313.9809954,252.1069806,14.4032974,1,17.83880043029785,0.06599699705839157,59313.48099539988
919,2459313.9410995,252.1069677,14.4033376,2,18.715200424194336,0.20134499669075012,59313.44109949982
920,2459311.9437731,252.1069837,14.4033093,1,17.79669952392578,0.06436300277709961,59311.44377310015
921,2459309.9732986,252.1069689,14.403299,2,18.61720085144043,0.1072470024228096,59309.47329859994
922,2459309.8570833,252.106979,14.4033103,1,17.79560089111328,0.06297700107097626,59309.35708330013
923,2459307.9829977,252.1069837,14.4033069,1,17.842300415039062,0.05936099961400032,59307.482997700106
924,2459307.9427199,252.1069685,14.4033262,2,18.583200454711914,0.13706199824810028,59307.44271990005
925,2459304.985162,252.1069166,14.4031646,1,18.03849983215332,0.1704770028591156,59304.48516200017
927,2459304.9436227,252.1069649,14.4032875,2,18.77669906616211,0.2165219932794571,59304.44362269994
930,2459302.8776736,252.1070452,14.403325,1,18.980899810791016,0.2293979972600937,59302.37767359987
931,2459300.9971991,252.1069897,14.4032878,1,17.791099548339844,0.0628490000963211,59300.49719909998
932,2459300.9611227,252.1069792,14.4033265,2,18.712099075317383,0.11799000203609467,59300.46112270001
933,2459297.9208333,252.1069905,14.4033238,2,18.71150016784668,0.12514899671077728,59297.42083329987
934,2459297.8491898,252.1069911,14.4032169,1,17.908899307250977,0.14265599846839905,59297.34918980021
935,2459295.9820833,252.1069644,14.4032991,2,18.680999755859375,0.11255999654531479,59295.48208330013
937,2459291.8829745,252.107029,14.4033062,2,18.92020034790039,0.11052799969911575,59291.38297449984
938,2459283.0067824,252.1069659,14.4033159,2,18.68429946899414,0.09692300111055374,59282.506782399956
939,2459279.0239352,252.1069802,14.4032841,1,18.306499481201172,0.08701100200414658,59278.52393520018
940,2459278.9828819,252.1069759,14.4033115,2,19.517799377441406,0.19449399411678314,59278.48288189992
941,2459275.9889468,252.1069981,14.4033037,1,17.784500122070312,0.0818139985203743,59275.48894680012
943,2459273.9236343,252.1069218,14.4032941,1,17.818599700927734,0.13298299908638,59273.42363430001
945,2459271.9862153,252.1070541,14.4032447,2,18.87070083618164,0.18920400738716125,59271.48621529993
946,2459270.0103356,252.10698,14.4032999,2,18.122600555419922,0.08944699913263321,59269.5103356
947,2459269.9993171,252.1069679,14.4032692,1,18.6205997467041,0.12716299295425415,59269.499317099806
948,2459268.0279398,252.1070133,14.4032595,1,17.999500274658203,0.06804399937391281,59267.52793980017
949,2459267.915081,252.1069718,14.403245,2,17.56599998474121,0.0800589993596077,59267.415080999956
950,2459266.0251852,252.1070044,14.403283,2,17.42340087890625,0.057927001267671585,59265.52518519992
951,2459266.0193056,252.1070085,14.4032851,1,17.626800537109375,0.058361999690532684,59265.51930559985
952,2459263.9999884,252.1069958,14.4032531,2,17.016399383544922,0.049821000546216965,59263.49998839991
953,2459259.038206,252.1069995,14.4032926,1,17.802400588989258,0.10225600004196167,59258.53820599988
954,2459255.0417014,252.1069564,14.4033092,1,17.715900421142578,0.12158200144767761,59254.54170140019
955,2459252.0419213,252.1070203,14.4032606,1,18.47010040283203,0.10114999860525131,59251.54192129988
956,2459251.9895949,252.1070199,14.4032153,2,17.982999801635742,0.08953999727964401,59251.48959490005
957,2459250.0290741,252.1069981,14.403301,1,17.820199966430664,0.08004900068044662,59249.529074099846
958,2459233.0448611,252.1069826,14.403318,1,17.80780029296875,0.07586800307035446,59232.54486110015
959,2459233.0090394,252.1069778,14.4033239,2,18.5718994140625,0.09827599674463272,59232.509039400145
960,2459231.0466551,252.1069578,14.4032824,2,18.552400588989258,0.11037000268697739,59230.54665509984
961,2459229.0153356,252.1069888,14.4032821,1,17.79509925842285,0.08747100085020065,59228.51533559989
963,2459222.0662037,252.1069925,14.4032774,2,18.522899627685547,0.13624699413776398,59221.56620369991
965,2459222.0613426,252.1070884,14.4033556,2,18.54640007019043,0.22866900265216827,59221.5613425998
967,2459220.0783102,252.1069652,14.4032833,2,18.60379981994629,0.16630299389362335,59219.57831020001
968,2459220.0759259,252.1069969,14.403251,2,18.469600677490234,0.14132599532604218,59219.575925900135
969,2459220.0735417,252.1069893,14.4033261,2,18.734699249267578,0.14481599628925323,59219.57354169991
970,2459220.0711574,252.1070027,14.4033025,2,18.589399337768555,0.128493994474411,59219.57115740003
971,2459219.0759491,252.1069848,14.4033193,2,18.704299926757812,0.16577200591564178,59218.575949099846
972,2459219.0735301,252.1069769,14.4033276,2,18.549299240112305,0.13183900713920593,59218.57353009982
973,2459219.0711111,252.1069852,14.4033458,2,18.662700653076172,0.1711069941520691,59218.571111099795
974,2459218.0730208,252.1070009,14.403308,2,18.654300689697266,0.1402290016412735,59217.57302080002
975,2459218.0706019,252.1069874,14.4033353,2,18.49139976501465,0.10899999737739563,59217.57060190011
977,2459130.6222917,252.1070047,14.4033189,2,18.5674991607666,0.11066100001335144,59130.12229169998
978,2459128.6504051,252.1069869,14.4033177,1,17.773500442504883,0.07060900330543518,59128.15040510008
980,2459095.6735995,252.1069886,14.4033232,1,17.84440040588379,0.0652879998087883,59095.17359950021
981,2459079.6605671,252.1069801,14.4033308,1,17.771900177001953,0.0562950000166893,59079.16056710016
982,2459075.7454282,252.106988,14.4033176,2,18.635400772094727,0.12487799674272537,59075.24542819988
983,2459069.7133796,252.1069793,14.4033171,2,18.55150032043457,0.1156499981880188,59069.213379600085
984,2459069.6751736,252.1069764,14.4033272,1,17.786500930786133,0.05931499972939491,59069.175173600204
985,2459066.742963,252.1070014,14.4033127,2,18.608800888061523,0.12612800300121307,59066.2429630002
986,2459066.6923264,252.1069797,14.4033316,1,17.83449935913086,0.07232300192117691,59066.19232639996
988,2459063.6868981,252.1069835,14.4032975,2,18.759300231933594,0.10797400027513504,59063.18689810019
989,2459057.7561806,252.1069818,14.4033175,1,17.827299118041992,0.06957200169563293,59057.2561805998
990,2459057.6696644,252.1070032,14.4033274,2,18.65130043029785,0.1028280034661293,59057.169664400164
991,2459053.689456,252.1069811,14.403327,1,17.795799255371094,0.07767900079488754,59053.18945599999
992,2459050.7742708,252.106982,14.4033222,2,18.55900001525879,0.10162699967622757,59050.27427079994
993,2459050.6884375,252.1069782,14.403308,1,17.782699584960938,0.0683009997010231,59050.18843750004
994,2459047.741088,252.1069879,14.4033176,1,17.786699295043945,0.06509300321340561,59047.241088000126
995,2459047.7120023,252.1069721,14.4033288,2,18.614999771118164,0.14875799417495728,59047.21200230019
996,2459044.7307407,252.1069673,14.4033219,2,18.757999420166016,0.13464200496673584,59044.23074069992
997,2459044.6936227,252.106981,14.4033234,1,17.850400924682617,0.056891001760959625,59044.19362269994
998,2459041.7538657,252.1069739,14.4033185,2,18.590599060058594,0.10786499828100204,59041.253865700215
999,2459041.7102662,252.1069827,14.403317,1,17.80470085144043,0.07439900189638138,59041.210266199894
1000,2459038.7528704,252.1069861,14.4033249,1,17.829700469970703,0.09218399971723557,59038.25287039997
1001,2459038.7108218,252.1069698,14.4033164,2,18.618799209594727,0.11557000130414963,59038.210821799934
1003,2459031.7307523,252.1069897,14.4033051,2,17.812700271606445,0.07460500299930573,59031.230752300005
1004,2459031.6912384,252.1069891,14.4032674,1,17.96179962158203,0.07841899991035461,59031.19123840006
1005,2459027.7887037,252.1069951,14.4033057,2,17.319000244140625,0.043143000453710556,59027.28870370006
1006,2459027.7320949,252.1070056,14.4032875,1,17.229799270629883,0.0511149987578392,59027.23209490022
1007,2459024.7910648,252.1070329,14.4032996,1,17.83009910583496,0.09029500186443329,59024.29106480023
1008,2459024.7438542,252.1070109,14.403269,2,17.685300827026367,0.05516500025987625,59024.2438542
1009,2459018.8379398,252.1069802,14.4033207,1,17.7632999420166,0.07354500144720078,59018.33793980023
1010,2459015.8170949,252.1069869,14.4033114,2,18.551000595092773,0.07556500285863876,59015.31709490018
1012,2459009.7696759,252.1069799,14.4032907,1,17.861099243164062,0.059620000422000885,59009.26967590023
1013,2459009.7293403,252.1069637,14.4033098,2,18.733200073242188,0.11856599897146225,59009.229340299964
1015,2459005.7110301,252.1070044,14.403329,1,17.861099243164062,0.07726000249385834,59005.21103010001
1016,2459000.8983796,252.1069745,14.403302,1,17.796499252319336,0.07266800105571747,59000.39837960014
1018,2459000.7875,252.1069765,14.4033175,1,17.805400848388672,0.07455199956893921,59000.28750000009
1019,2458997.8821412,252.1070738,14.4032825,1,18.187000274658203,0.07527299970388412,58997.382141199894
1020,2458997.79625,252.1070184,14.4032822,2,17.900100708007812,0.06463100016117096,58997.29625000013
1021,2458994.9168866,252.1069847,14.4033182,1,17.812700271606445,0.05117199942469597,58994.4168866002
1022,2458991.8163657,252.1069831,14.4033073,1,17.803499221801758,0.05507899820804596,58991.316365700215
1023,2458991.7896296,252.1069842,14.4033224,2,18.594900131225586,0.09782800078392029,58991.28962960001
1025,2458987.8374537,252.1069696,14.4033199,2,18.598100662231445,0.09305799752473831,58987.33745370014
1026,2458984.9011227,252.1070066,14.4033183,2,18.123899459838867,0.06909999996423721,58984.40112269996
1027,2458980.9195486,252.1069844,14.4033116,1,17.81909942626953,0.07181400060653687,58980.41954859998
1028,2458980.8134144,252.1069731,14.4033015,2,18.613800048828125,0.11246299743652344,58980.31341439998
1029,2458977.8981829,252.1070025,14.4032839,2,18.587200164794922,0.13083399832248688,58977.39818290016
1030,2458977.8751389,252.1069837,14.403296,1,17.883399963378906,0.1489659994840622,58977.37513889978
1031,2458973.9422801,252.1069994,14.4033148,1,17.789899826049805,0.08166000247001648,58973.44228010019
1032,2458973.8754282,252.1069603,14.4033214,2,18.653799057006836,0.1401039958000183,58973.37542819977
1033,2458972.8736343,252.1069766,14.4033098,2,18.534000396728516,0.0937659963965416,58972.373634300195
1035,2458970.9161806,252.1069812,14.4033102,2,18.545000076293945,0.09009899944067001,58970.41618059995
1036,2458968.9138194,252.1069783,14.4033078,2,18.518999099731445,0.0821399986743927,58968.41381940013
1037,2458967.9371875,252.1069834,14.4033281,1,17.784900665283203,0.06107800081372261,58967.43718749983
1038,2458967.878912,252.1069886,14.4033032,2,18.56290054321289,0.08807399868965149,58967.378911999986
1040,2458964.8787847,252.1069691,14.4033173,1,18.17569923400879,0.07122199982404709,58964.37878469983
1041,2458961.89375,252.1069762,14.4032687,1,17.787900924682617,0.06780599802732468,58961.393749999814
1042,2458954.959838,252.1070383,14.403282,2,18.466999053955078,0.11946599930524826,58954.459838000126
1043,2458954.9006597,252.1071041,14.4032958,1,19.224700927734375,0.1771100014448166,58954.400659699924
1044,2458943.9762847,252.1069719,14.4033153,2,18.609100341796875,0.12053299695253372,58943.47628469998
1045,2458943.9400347,252.1069898,14.4033093,1,17.842199325561523,0.07481899857521057,58943.44003470009
1047,2458939.9606134,252.1069788,14.4033442,1,18.62380027770996,0.23263399302959442,58939.46061340021
1048,2458937.0028935,252.1069694,14.4033103,2,18.587400436401367,0.125792995095253,58936.50289350003
1050,2458915.0386921,252.1070141,14.4032812,2,17.299400329589844,0.06431400030851364,58914.53869209997
1051,2458914.9631481,252.1069708,14.403314,1,17.348800659179688,0.06519900262355804,58914.463148099836
1052,2458912.0406829,252.1070079,14.4032762,1,17.059999465942383,0.04879099875688553,58911.54068290023
1053,2458912.0182407,252.1070057,14.4032639,2,17.26580047607422,0.06138699874281883,58911.51824070001
1054,2458909.0156829,252.1069822,14.4033051,2,18.662399291992188,0.10634399950504303,58908.51568289986
1055,2458905.0493171,252.1069857,14.4032744,1,17.819400787353516,0.10255999863147736,58904.549317100085
1056,2458905.0224074,252.1069889,14.4033225,2,18.626699447631836,0.11602500081062317,58904.522407399956
1057,2458900.0425231,252.1069888,14.4033029,1,17.79010009765625,0.0755470022559166,58899.54252310004
1058,2458900.0172338,252.1069831,14.4033093,2,18.61359977722168,0.12882000207901,58899.51723380014
1060,2458895.0270602,252.1070028,14.4032609,2,18.853700637817383,0.16896499693393707,58894.527060199995
1061,2458891.9769329,252.1070018,14.4032914,1,17.809799194335938,0.10430999845266342,58891.47693290003
1062,2458889.0088889,252.1069987,14.4033309,2,18.731000900268555,0.23760800063610077,58888.508888899814
1063,2458886.0478356,252.1069856,14.4033163,2,18.635299682617188,0.08868400007486343,58885.5478356001
1064,2458885.9654398,252.1069981,14.4032662,1,17.764999389648438,0.08707500249147415,58885.46543980017
1065,2458880.0446759,252.1070567,14.4033086,2,18.858400344848633,0.1490750014781952,58879.544675900135
1067,2458877.0754514,252.1069729,14.4033207,2,18.562400817871094,0.1285959929227829,58876.57545140013
1068,2458877.0385301,252.1069858,14.4033281,1,17.770200729370117,0.06554000079631805,58876.53853010014
1069,2458877.0385301,252.1069856,14.4033281,1,17.780000686645508,0.06601700186729431,58876.53853010014
1070,2458874.0373148,252.1069843,14.4033217,2,18.55940055847168,0.10627900063991547,58873.53731480008
1071,2458855.0595833,252.1069733,14.4031426,1,17.95479965209961,0.11391200125217438,58854.55958329979
1072,2458852.0488194,252.1069843,14.403253,1,17.789400100708008,0.13274699449539185,58851.548819399904
1073,2458783.6088426,252.1069978,14.4032627,1,17.79450035095215,0.09008900076150894,58783.10884260014
1074,2458783.5865278,252.1069595,14.4033242,2,18.69930076599121,0.17082999646663666,58783.08652780019
1075,2458778.6143287,252.1070092,14.4033397,1,18.572999954223633,0.10538599640130997,58778.11432870012
1076,2458775.6130671,252.1069849,14.403329,1,17.845600128173828,0.07815200090408325,58775.113067099825
1077,2458775.5925694,252.1069738,14.4033114,2,18.64859962463379,0.11132699996232986,58775.09256940009
1078,2458772.6166435,252.1069964,14.4032995,1,17.79439926147461,0.07233499735593796,58772.11664350005
1079,2458768.6179745,252.1069981,14.4033146,2,18.729799270629883,0.13632699847221375,58768.11797450017
1081,2458765.6010764,252.1069638,14.4033308,1,18.198200225830078,0.0822409987449646,58765.10107639991
1082,2458761.608912,252.1070006,14.4033194,2,18.621299743652344,0.12449099868535995,58761.10891199997
1083,2458758.6298495,252.1069799,14.4033146,1,17.777099609375,0.07828699797391891,58758.12984950002
1084,2458750.6368634,252.1069885,14.4032987,1,17.839399337768555,0.08311299979686737,58750.13686340023
1085,2458745.6328588,252.1069787,14.4033208,1,17.798599243164062,0.05956000089645386,58745.13285879977
1086,2458742.6447338,252.1070134,14.4033408,1,18.489999771118164,0.16736499965190887,58742.14473380009
1087,2458742.6190741,252.1069823,14.4032765,2,18.10849952697754,0.11096099764108658,58742.11907410016
1088,2458737.6711458,252.1070049,14.4033217,2,18.52280044555664,0.11439500004053116,58737.171145800035
1089,2458737.6271644,252.1069888,14.4033224,1,17.814599990844727,0.08035600185394287,58737.12716440018
1090,2458733.7115046,252.1069723,14.403335,2,18.587499618530273,0.1414259970188141,58733.21150460001
1091,2458724.6878356,252.1069818,14.4033336,1,17.867799758911133,0.06736599653959274,58724.18783560023
1092,2458721.6508912,252.1070028,14.4033438,1,17.74799919128418,0.26524999737739563,58721.150891200174
1093,2458718.672581,252.1069862,14.4033268,1,17.79400062561035,0.061156999319791794,58718.17258099979
1094,2458715.6509954,252.1069897,14.4033175,1,17.8656005859375,0.06104400008916855,58715.1509953998
1095,2458712.7351505,252.1069857,14.4033134,2,18.63640022277832,0.1065249964594841,58712.2351505002
1096,2458712.6466435,252.1069871,14.4033144,1,17.770599365234375,0.06418099999427795,58712.146643499844
1097,2458709.7575,252.1069874,14.4033124,2,18.39889907836914,0.10234899818897247,58709.25749999983
1098,2458706.6698264,252.1069901,14.4033368,1,17.787399291992188,0.08309999853372574,58706.1698264
1099,2458700.6735417,252.1069804,14.4033209,2,18.60770034790039,0.11059100180864334,58700.1735417
1100,2458699.683044,252.1069828,14.4033292,1,17.935800552368164,0.06571999937295914,58699.18304400006
1101,2458697.7074537,252.1069704,14.4033469,1,18.423200607299805,0.0853089988231659,58697.20745369978
1102,2458697.6685185,252.1070202,14.403339,2,19.77429962158203,0.24774600565433502,58697.16851849994
1103,2458694.728287,252.1069857,14.4033274,1,17.829599380493164,0.07326100021600723,58694.22828700021
1104,2458694.6787384,252.1069969,14.4033254,2,18.654499053955078,0.12248600274324417,58694.178738399874
1105,2458691.7280093,252.1069777,14.4033369,1,17.927600860595703,0.06624799966812134,58691.22800929984
1106,2458685.6894213,252.1069805,14.4033163,1,18.018400192260742,0.09584199637174606,58685.189421299845
1107,2458682.7327199,252.1069626,14.403288,2,17.425899505615234,0.05468999966979027,58682.23271990009
1108,2458678.7100347,252.1069833,14.4033083,2,17.034500122070312,0.043953001499176025,58678.21003470011
1109,2458675.7957755,252.1069905,14.4033243,1,17.814699172973633,0.07280799746513367,58675.295775500126
1110,2458675.7457523,252.1069645,14.4033197,2,18.55229949951172,0.10772799700498581,58675.245752300136
1111,2458672.7999074,252.1069898,14.4033245,1,17.799100875854492,0.055298998951911926,58672.29990739981
1112,2458672.7093634,252.1069773,14.4033178,2,18.559600830078125,0.12282700091600418,58672.209363400005
1113,2458669.8151736,252.1069864,14.4033268,2,18.582700729370117,0.11868999898433685,58669.31517359987
1114,2458666.7543403,252.1069841,14.4033248,2,18.640300750732422,0.10176700353622437,58666.25434029987
1115,2458666.7118634,252.1069832,14.403322,1,17.794700622558594,0.08835099637508392,58666.21186339995
1116,2458663.8016088,252.1069939,14.4033201,2,18.587200164794922,0.10160499811172485,58663.30160879996
1117,2458660.7061574,252.1069872,14.4033217,1,17.798200607299805,0.05230800062417984,58660.20615739981
1118,2458657.8410417,252.1069968,14.4033053,2,18.6200008392334,0.11006200313568115,58657.34104169998
1119,2458657.731331,252.1069863,14.4033141,1,17.809200286865234,0.07363300025463104,58657.231331000105
1120,2458653.7271065,252.1069794,14.4033226,2,18.648500442504883,0.1440889984369278,58653.22710649995
1123,2458647.7717477,252.1069792,14.4033329,2,18.72209930419922,0.1593630015850067,58647.27174769994
1124,2458647.7140625,252.1069893,14.403318,1,17.833499908447266,0.07189200073480606,58647.214062499814
1125,2458644.7739931,252.1069766,14.4033276,2,18.583599090576172,0.08737699687480927,58644.27399310004
1126,2458644.711713,252.1069833,14.4033274,1,17.81920051574707,0.06690700352191925,58644.2117130002
1127,2458641.7098727,252.1069828,14.4033317,1,17.81760025024414,0.058152999728918076,58641.20987269981
1128,2458638.8512153,252.1069955,14.4033113,1,17.818599700927734,0.06559699773788452,58638.35121530015
1129,2458638.7910417,252.1069829,14.4033302,2,18.641300201416016,0.12246999889612198,58638.29104170017
1131,2458635.788912,252.1069657,14.4032564,2,18.952499389648438,0.15746699273586273,58635.288912000135
1132,2458632.8389468,252.1069917,14.4033147,1,17.800199508666992,0.08063499629497528,58632.33894680021
1133,2458632.8328356,252.1069861,14.4033223,2,18.622499465942383,0.10879799723625183,58632.33283559978
1134,2458628.8591319,252.10699,14.4033128,2,18.541900634765625,0.11191699653863907,58628.35913190013
1135,2458616.8565278,252.1069962,14.4033042,2,18.558000564575195,0.0907450020313263,58616.356527800206
1136,2458616.7759838,252.1069871,14.4033136,1,17.819299697875977,0.06691599637269974,58616.27598380018
1137,2458612.9206713,252.1069593,14.4032079,2,19.909400939941406,0.21576400101184845,58612.42067130003
1138,2458608.8995023,252.106991,14.40331,1,17.811899185180664,0.05755599960684776,58608.39950230019
1139,2458608.8767477,252.1069939,14.4033156,2,18.56760025024414,0.11447799950838089,58608.37674769992
1140,2458605.8970602,252.1069848,14.4033159,2,18.587400436401367,0.12429899722337723,58605.397060200106
1141,2458600.8973032,252.1069861,14.4033205,1,17.786100387573242,0.07450000196695328,58600.39730319986
1142,2458597.9629745,252.1069885,14.4033232,1,17.826000213623047,0.07451499998569489,58597.46297449991
1143,2458597.9317014,252.1069933,14.4033126,2,18.62190055847168,0.11350200325250626,58597.43170139985
1145,2458586.9885995,252.1069973,14.4033074,2,18.59429931640625,0.09389100223779678,58586.48859950015
1146,2458583.9184954,252.1069901,14.403299,1,17.83329963684082,0.06896699965000153,58583.41849539988
1147,2458580.9614583,252.1069739,14.4032975,2,18.47279930114746,0.11149699985980988,58580.461458299775
1148,2458575.958044,252.1069837,14.4033216,2,18.662099838256836,0.11752299964427948,58575.45804399997
1149,2458572.9827315,252.1069785,14.4033287,1,18.00320053100586,0.06349299848079681,58572.482731500175
1150,2458572.9783102,252.1069991,14.4033244,2,19.021400451660156,0.11796800047159195,58572.47831019992
1151,2458568.9827315,252.1069681,14.4033057,2,17.936399459838867,0.12630000710487366,58568.482731500175
1152,2458568.9177778,252.1069622,14.4032885,1,18.23979949951172,0.10728800296783447,58568.4177778
1153,2458560.9843056,252.1069896,14.4033095,1,16.983400344848633,0.03781000152230263,58560.48430560017
1154,2458560.9394676,252.1069766,14.4032939,2,17.047800064086914,0.045448001474142075,58560.43946760008
1155,2458557.9813773,252.1070027,14.4032823,1,17.834199905395508,0.06886900216341019,58557.481377299875
1156,2458548.0232176,252.106982,14.4033215,2,18.590599060058594,0.08946000039577484,58547.52321759984
1157,2458544.0238889,252.1069957,14.4033046,1,17.792499542236328,0.0710190013051033,58543.523888899945
1158,2458544.0238889,252.1069957,14.4033046,1,17.792499542236328,0.0710190013051033,58543.523888899945
1159,2458543.9785301,252.1069732,14.4033298,2,18.654199600219727,0.19626599550247192,58543.47853010008
1160,2458543.9785301,252.1069732,14.4033298,2,18.654199600219727,0.19626599550247192,58543.47853010008
1161,2458527.0475,252.1069808,14.4032632,1,17.855100631713867,0.06391099840402603,58526.54749999987
1162,2458513.0280903,252.1069587,14.4032918,2,17.92650032043457,0.10398600250482559,58512.52809030004
1163,2458509.9921181,252.1069596,14.4033066,2,18.62619972229004,0.2110850065946579,58509.49211810017
1164,2458508.0566435,252.1070027,14.4032801,1,17.809200286865234,0.06313300132751465,58507.55664349999
1165,2458507.025706,252.1070006,14.4033064,1,17.819599151611328,0.1619040071964264,58506.52570600016
1167,2458493.0577546,252.1069988,14.4033239,1,17.802600860595703,0.0809049978852272,58492.557754599955
1168,2458372.6296644,252.1069809,14.4033086,2,18.559900283813477,0.08886799961328506,58372.12966440013
1169,2458369.729213,252.106979,14.4033232,1,17.837799072265625,0.07071100175380707,58369.22921299981
1170,2458369.6266319,252.1069829,14.4032916,2,18.57270050048828,0.07818999886512756,58369.1266319002
1171,2458365.7114931,252.1069808,14.4033157,1,18.16830062866211,0.08249499648809433,58365.21149310004
1172,2458362.6515509,252.1069945,14.4032969,2,18.670499801635742,0.08467300236225128,58362.15155090019
1173,2458359.7110301,252.1069901,14.4033189,2,18.68280029296875,0.12965700030326843,58359.21103010001
1174,2458356.7098148,252.1070018,14.4033319,2,18.70490074157715,0.1365630030632019,58356.20981479995
1175,2458353.7302778,252.107005,14.4032413,2,18.52829933166504,0.13464200496673584,58353.2302778
1176,2458350.6459838,252.1069903,14.403305,2,17.79319953918457,0.08186200261116028,58350.145983799826
1177,2458347.6982755,252.1070033,14.4033283,1,17.51889991760254,0.061007000505924225,58347.19827549998
1178,2458344.6863542,252.1069834,14.4033055,2,17.269500732421875,0.059574998915195465,58344.18635419989
1179,2458344.6623495,252.1069833,14.4033055,1,17.300100326538086,0.05933000147342682,58344.16234950023
1180,2458336.7462153,252.1069957,14.4032905,1,17.7987003326416,0.056804001331329346,58336.24621530017
1181,2458336.7113426,252.1069855,14.4033174,2,18.59670066833496,0.10460299998521805,58336.211342600174
1182,2458332.7723032,252.1069818,14.4033203,2,18.59320068359375,0.08137399703264236,58332.27230319986
1183,2458332.6718634,252.1069931,14.4032813,1,17.829500198364258,0.07215599715709686,58332.17186339991
1184,2458329.6611574,252.1069829,14.4032765,1,17.797199249267578,0.0803999975323677,58329.16115739988
1185,2458321.7106019,252.1069934,14.4033307,2,18.616199493408203,0.12929800152778625,58321.21060189977
1186,2458321.7072917,252.1070011,14.4032747,1,17.832300186157227,0.07406900078058243,58321.207291699946
1187,2458315.7339236,252.1069895,14.4033386,2,18.58139991760254,0.12446899712085724,58315.233923600055
1188,2458311.6901042,252.1069872,14.4032837,2,19.344999313354492,0.12850800156593323,58311.19010420004
1189,2458308.7311343,252.1069783,14.4033192,2,18.569000244140625,0.13033300638198853,58308.23113430012
1190,2458297.7919792,252.1069673,14.4033037,2,18.653799057006836,0.13253100216388702,58297.29197920021
1191,2458294.7726736,252.1069769,14.4032889,2,18.838300704956055,0.18262700736522675,58294.27267359989
1192,2458291.7733681,252.1069742,14.4033077,2,18.617700576782227,0.11101499944925308,58291.27336810017
1193,2458288.7967593,252.1069946,14.4033097,2,18.62070083618164,0.11183000355958939,58288.296759299934
1194,2458282.7947801,252.1070065,14.4033044,2,18.721900939941406,0.05129000172019005,58282.29478010023
1195,2458279.7768866,252.1069806,14.4032974,2,18.661399841308594,0.043032001703977585,58279.27688660007
1196,2458276.8162963,252.1069762,14.4032854,2,18.437700271606445,0.03570900112390518,58276.31629629992
1197,2458270.75,252.106964111328,14.403327941895,2,18.57979965209961,0.08586599677801132,58270.25
