,jd,ra,dec,fid,magpsf,sigmapsf,mjd
0,2461077.034537,223.2676396,34.1356384,1,18.05557632446289,0.07909941673278809,61076.534537000116
5,2461075.0075116,223.2676158,34.1356049,1,18.074600219726562,0.08893299847841263,61074.50751159992
6,2461075.007037,223.2674741,34.1354713,1,18.17959976196289,0.10602100193500519,61074.5070369998
7,2461073.0374769,223.26777,34.1356277,2,17.718599319458008,0.0934310033917427,61072.537476900034
14,2461070.9871759,223.2677891,34.1356335,2,18.092199325561523,0.100491002202034,61070.48717590002
17,2461066.0337616,223.2677607,34.1355906,1,17.59600067138672,0.054457999765872955,61065.53376160003
18,2461066.033287,223.2676983,34.1355634,1,17.484500885009766,0.057642001658678055,61065.53328699991
20,2461061.0568634,223.2676371,34.1356405,1,18.074399948120117,0.07604499906301498,61060.556863400154
21,2461061.0564005,223.267627,34.1356519,1,17.975200653076172,0.07297500222921371,61060.55640049977
26,2461058.9511921,223.2676296,34.1356227,1,17.880800247192383,0.060412999242544174,61058.45119210007
27,2461058.9493056,223.2676807,34.1356109,1,18.037799835205078,0.06778600066900253,61058.44930560002
28,2461057.0570023,223.2678101,34.1356556,1,18.66390037536621,0.0880580022931099,61056.55700229993
29,2461057.0317361,223.267647,34.1356321,1,17.964099884033203,0.06958500295877457,61056.53173610009
30,2461056.9942014,223.2677884,34.1356217,2,17.664100646972656,0.07564599812030792,61056.49420139985
31,2461056.9937269,223.2678442,34.1356187,2,17.757600784301758,0.05271799862384796,61056.49372689985
35,2461054.9737269,223.2677545,34.135751,1,18.45599937438965,0.11397399753332138,61054.47372689983
36,2461053.0389699,223.267621,34.1355461,1,18.593799591064453,0.1104620024561882,61052.53896989999
40,2461050.0561343,223.2676797,34.1355831,1,17.986099243164062,0.08521000295877457,61049.55613429984
41,2461050.028287,223.267825,34.1356009,2,17.770200729370117,0.06806100159883499,61049.52828700002
42,2461050.0079398,223.2676987,34.1356007,2,17.66900062561035,0.06916800141334534,61049.507939800154
43,2461038.0572917,223.2676799,34.1354123,2,18.499799728393555,0.15415899455547333,61037.55729170004
44,2461038.0568171,223.2675755,34.1354176,2,18.265300750732422,0.11411699652671814,61037.55681709992
45,2461038.0073495,223.2676384,34.1355219,1,17.83530044555664,0.1299629956483841,61037.50734949997
47,2461031.0548611,223.2676278,34.135606,2,18.408899307250977,0.07821899652481079,61030.554861099925
49,2461030.9876042,223.2676428,34.1356183,1,18.13610076904297,0.07527200132608414,61030.48760419991
50,2461030.9866551,223.2676748,34.1356036,1,18.296100616455078,0.0788630023598671,61030.48665509978
53,2461027.9873032,223.2676251,34.1355543,1,18.516000747680664,0.14155100286006927,61027.48730320018
54,2461027.9706597,223.2678323,34.1355179,1,18.810400009155273,0.1851769983768463,61027.47065970022
55,2461026.0471296,223.267643,34.1356381,1,18.09830093383789,0.099371999502182,61025.54712959984
56,2461026.0461921,223.2676217,34.1355375,1,18.16230010986328,0.1039619967341423,61025.546192099806
57,2461026.0196644,223.2675434,34.1356408,2,18.80229949951172,0.1425579935312271,61025.51966439979
58,2461026.0184954,223.2676126,34.1355216,2,18.778499603271484,0.1428530067205429,61025.51849539997
59,2461023.0451505,223.2675471,34.1356917,1,19.0585994720459,0.1597370058298111,61022.54515049979
60,2461023.0336458,223.2675992,34.1354859,1,19.274700164794922,0.2049420028924942,61022.53364579985
66,2460948.6509028,223.267584,34.1355829,2,18.693599700927734,0.14263281226158142,60948.150902799796
70,2460923.631412,223.2676509,34.135662,1,18.008499145507812,0.10002200305461884,60923.13141199993
75,2460902.7566667,223.2676337,34.1355872,1,18.2731990814209,0.12023100256919861,60902.25666669989
76,2460902.7561921,223.2675948,34.1356188,1,17.984100341796875,0.09169799834489822,60902.25619209977
78,2460902.6752315,223.2675778,34.1356432,2,18.715700149536133,0.21240800619125366,60902.17523150006
81,2460900.6927199,223.2675887,34.1356617,1,17.912799835205078,0.10767500102519989,60900.19271990005
82,2460900.6751273,223.2675979,34.135591,1,18.284400939941406,0.10666900128126144,60900.17512729997
83,2460858.8269097,223.2675892,34.1356082,1,18.02565574645996,0.08103276789188385,60858.32690969994
86,2460858.7803472,223.2675646,34.1356047,2,18.887500762939453,0.14940400421619415,60858.28034720011
87,2460856.8073495,223.2676401,34.1356338,1,17.82430076599121,0.09419500082731247,60856.30734949978
89,2460856.7821065,223.2676648,34.1356127,2,18.537799835205078,0.08312799781560898,60856.28210650012
90,2460854.8322222,223.2677432,34.1355655,2,17.846099853515625,0.08645600080490112,60854.3322222
92,2460852.7581019,223.2677307,34.1355934,1,17.517799377441406,0.07874199748039246,60852.25810190011
97,2460848.8516319,223.2675684,34.1356074,1,18.43090057373047,0.11229699850082397,60848.35163189983
102,2460846.8189699,223.267523,34.1356087,2,19.244699478149414,0.12120400369167328,60846.31896989979
103,2460846.8102546,223.2675925,34.1356355,1,18.216299057006836,0.08592800050973892,60846.3102545999
104,2460846.7839236,223.2676008,34.1356346,1,18.610300064086914,0.08385100215673447,60846.28392359987
105,2460844.8194444,223.2675722,34.1355999,2,18.964399337768555,0.09012100100517273,60844.31944439979
106,2460844.7881829,223.2676462,34.1356784,1,18.205299377441406,0.06747499853372574,60844.28818289982
109,2460842.7765278,223.2675933,34.135655,1,18.09869956970215,0.09504199773073196,60842.27652780013
111,2460840.704919,223.2675881,34.1356599,1,18.019100189208984,0.10023300349712372,60840.204919000156
117,2460837.7187616,223.2675662,34.1356046,1,18.51020050048828,0.12047100067138672,60837.21876160009
119,2460836.7791204,223.2676844,34.1354777,1,18.24370002746582,0.12977400422096252,60836.27912040008
120,2460835.9025926,223.2676593,34.1356313,1,17.986600875854492,0.09814199805259705,60835.40259259986
122,2460834.8932986,223.2675993,34.1356649,1,18.496299743652344,0.14814400672912598,60834.39329859987
125,2460833.7112616,223.2676557,34.1356729,1,18.2322998046875,0.08885200321674347,60833.21126159979
126,2460832.8665046,223.2676377,34.135582,1,18.181699752807617,0.09792199730873108,60832.366504599806
129,2460831.7340972,223.2676455,34.1355936,1,17.98819923400879,0.09403900057077408,60831.23409719998
130,2460828.8485995,223.2676116,34.1356282,1,18.033700942993164,0.0899209976196289,60828.34859950002
131,2460828.8168403,223.2676597,34.1355841,1,18.215700149536133,0.0891529992222786,60828.31684029987
134,2460824.7854745,223.2676261,34.1356159,1,17.79669952392578,0.10023699700832367,60824.28547450015
139,2460822.8214583,223.2678396,34.1355402,1,17.9685001373291,0.06831300258636475,60822.32145830011
151,2460814.8215278,223.2676498,34.1355779,1,18.015399932861328,0.07781600207090378,60814.32152780006
159,2460804.9465046,223.2676646,34.1355187,1,18.744400024414062,0.12125899642705917,60804.44650459988
160,2460804.9460301,223.267622,34.135594,1,18.2406005859375,0.11252599954605103,60804.446030099876
165,2460798.8612269,223.2676123,34.1356526,1,18.026399612426758,0.11229600012302399,60798.361226900015
168,2460796.8507639,223.2676655,34.1356156,1,17.823699951171875,0.07269400358200073,60796.350763900205
185,2460775.8531713,223.2676313,34.1356474,1,18.152299880981445,0.10287299752235413,60775.35317130014
186,2460775.8424421,223.2676203,34.1356691,1,18.023099899291992,0.10471999645233154,60775.342442099936
188,2460773.8424653,223.2676381,34.1356486,1,18.003000259399414,0.08112800121307373,60773.34246530011
189,2460773.8219329,223.2676444,34.1356286,1,18.250499725341797,0.10443700104951859,60773.32193290023
193,2460764.9878704,223.2678871,34.1355854,1,18.150699615478516,0.09087199717760086,60764.48787039984
199,2460758.9350579,223.2676344,34.1355979,1,18.661699295043945,0.1222120001912117,60758.435057899915
200,2460758.9344097,223.2676233,34.135616,1,18.27739906311035,0.11056099832057953,60758.43440969987
202,2460756.8595486,223.2677007,34.135593,1,18.595199584960938,0.1270730048418045,60756.359548599925
205,2460755.8396296,223.267658,34.1355423,1,18.5531005859375,0.10496699810028076,60755.339629599825
211,2460750.8913889,223.2676393,34.1356347,1,17.846500396728516,0.08433599770069122,60750.39138890011
214,2460743.9506713,223.2676089,34.1356408,1,18.28380012512207,0.08681999891996384,60743.450671299826
215,2460743.9068634,223.267621,34.1355611,2,18.211599349975586,0.09596599638462067,60743.40686339978
216,2460739.9284722,223.2677954,34.1356078,1,18.504899978637695,0.10690700262784958,60739.42847219994
217,2460735.9020833,223.2676134,34.1356304,1,18.158599853515625,0.1605760008096695,60735.402083300054
220,2460733.8495718,223.267632,34.1356464,1,18.343799591064453,0.1099649965763092,60733.34957179986
224,2460731.9542014,223.2676121,34.1356412,1,18.15019989013672,0.07849200069904327,60731.454201399814
228,2460729.9315741,223.2676316,34.1356273,1,17.985300064086914,0.08476100116968155,60729.43157410016
230,2460728.9346296,223.2675855,34.1355129,1,18.607999801635742,0.17520199716091156,60728.43462960003
234,2460726.948669,223.2676702,34.135633,1,18.25979995727539,0.0937030017375946,60726.44866900006
236,2460725.9247685,223.2677896,34.1356043,1,17.7637996673584,0.08421900123357773,60725.42476850003
238,2460724.9448958,223.2676706,34.1356066,1,18.156200408935547,0.0836469978094101,60724.4448958002
241,2460722.9990625,223.267674,34.1355573,2,18.25079917907715,0.17999599874019623,60722.49906249996
243,2460716.0539583,223.2676505,34.1356313,1,17.99880027770996,0.2005230039358139,60715.553958300035
244,2460716.0479514,223.2677023,34.1355888,1,17.850200653076172,0.11988800019025803,60715.547951399814
254,2460699.9518403,223.2676739,34.1355802,1,18.17840003967285,0.08226600289344788,60699.45184030011
258,2460694.9956597,223.2676644,34.1356116,1,18.19700050354004,0.10836800187826157,60694.49565970013
261,2460692.9786806,223.2676202,34.1356243,1,18.123300552368164,0.10716699808835983,60692.47868059995
262,2460692.9777431,223.2676068,34.1356239,1,18.10300064086914,0.09357800334692001,60692.47774309991
263,2460691.0401852,223.267654,34.1355508,1,17.980100631713867,0.11277800053358078,60690.54018520005
264,2460691.0397106,223.2678522,34.1355304,1,18.06730079650879,0.09558500349521637,60690.53971059993
265,2460691.0157407,223.2678066,34.1356602,2,18.577299118041992,0.13358600437641144,60690.515740700066
266,2460691.0152778,223.2679566,34.1356538,2,18.60059928894043,0.1788800060749054,60690.51527780015
268,2460688.0099884,223.2676295,34.1355615,2,18.84630012512207,0.17202900350093842,60687.509988400154
269,2460681.0599884,223.2676607,34.1355455,1,18.304399490356445,0.09404399991035461,60680.55998839997
270,2460681.0595139,223.2676947,34.1355841,1,18.037599563598633,0.09094499796628952,60680.55951389996
271,2460679.0181713,223.267647,34.1356426,1,18.122800827026367,0.09759599715471268,60678.51817130018
272,2460679.0110648,223.2677355,34.135608,1,18.094100952148438,0.1311189979314804,60678.51106479997
275,2460675.9631713,223.2677648,34.1355551,1,19.282499313354492,0.1861400008201599,60675.46317130001
276,2460674.0497222,223.2676522,34.1356409,1,18.034400939941406,0.06842699646949768,60673.549722199794
277,2460674.0492593,223.2676632,34.1355862,1,18.09309959411621,0.10389000177383423,60673.54925929988
288,2460665.0190046,223.2677263,34.1356043,1,18.210100173950195,0.11837100237607956,60664.51900460012
289,2460665.0185417,223.2676357,34.1356318,1,18.006099700927734,0.10600899904966354,60664.51854170021
290,2460664.9907523,223.2676022,34.1355575,2,18.7091007232666,0.11456099897623062,60664.49075229978
295,2460651.0387616,223.2677755,34.135527,1,18.188800811767578,0.07782799750566483,60650.53876159992
298,2460647.0190741,223.267737,34.1355776,1,18.026899337768555,0.0930820032954216,60646.51907410007
299,2460566.6434028,223.2676148,34.1356396,1,18.04534339904785,0.09443043172359467,60566.143402799964
301,2460557.6753704,223.2676709,34.135681,1,17.92140007019043,0.08427900075912476,60557.17537039984
304,2460555.7116435,223.2675982,34.1356185,1,17.86680030822754,0.08830700069665909,60555.21164349979
307,2460553.6879167,223.2675351,34.1356429,1,18.515899658203125,0.14617300033569336,60553.1879166998
312,2460534.7169907,223.2677073,34.1355879,1,18.313100814819336,0.11854299902915955,60534.21699069999
313,2460534.716169,223.2675808,34.1356379,1,18.070999145507812,0.13117100298404694,60534.21616900014
325,2460530.6818171,223.2676428,34.1355888,1,18.49209976196289,0.1374419927597046,60530.18181709992
328,2460528.6969213,223.2677622,34.135643,1,17.667699813842773,0.06529700011014938,60528.19692130014
329,2460528.6964583,223.2678448,34.1356232,1,17.816499710083008,0.09752900153398514,60528.19645830011
342,2460519.6917824,223.2678163,34.1356101,1,18.447799682617188,0.08227699995040894,60519.19178240001
347,2460515.8089931,223.2676048,34.1356562,1,18.05430030822754,0.12392300367355347,60515.30899310019
352,2460513.760162,223.2675663,34.135615,2,18.545799255371094,0.189628005027771,60513.26016200008
353,2460513.7378125,223.2676671,34.1356797,1,18.187999725341797,0.12080100178718567,60513.23781249998
354,2460513.7378125,223.2676671,34.1356797,1,18.187999725341797,0.12080100178718567,60513.23781249998
355,2460513.7181597,223.2675983,34.135637,1,18.0585994720459,0.13580800592899323,60513.21815969981
356,2460513.7181597,223.2675983,34.135637,1,18.0585994720459,0.13580800592899323,60513.21815969981
358,2460511.7804745,223.2675775,34.1355976,2,18.24370002746582,0.1283629983663559,60511.2804744998
359,2460511.6990972,223.2676073,34.135668,1,18.023700714111328,0.12036199867725372,60511.19909719983
360,2460511.6986227,223.2676722,34.135668,1,18.205400466918945,0.09224700182676315,60511.19862269983
363,2460509.7249074,223.267639,34.1356443,1,17.872100830078125,0.08558999747037888,60509.22490740009
364,2460509.7244444,223.2676125,34.1356405,1,18.024999618530273,0.10604500025510788,60509.22444440005
370,2460504.7344792,223.2676542,34.135578,2,17.84309959411621,0.07823599874973297,60504.234479200095
373,2460502.6834375,223.2676436,34.1356872,1,18.251699447631836,0.07652699947357178,60502.18343750015
375,2460501.7445602,223.267553,34.1356678,1,18.482500076293945,0.1297290027141571,60501.24456019979
379,2460494.725081,223.2676157,34.1356445,1,18.799999237060547,0.19902299344539642,60494.22508100001
382,2460490.6945949,223.2676214,34.1356273,1,18.27549934387207,0.07263699918985367,60490.194594900124
383,2460490.6941204,223.2675957,34.1356525,1,18.046600341796875,0.10099799931049347,60490.19412040012
386,2460488.7565394,223.2675962,34.1356823,1,18.12030029296875,0.09554000198841095,60488.2565394002
387,2460488.7341782,223.2675789,34.1356757,1,18.35740089416504,0.10759499669075012,60488.2341781999
388,2460486.7416551,223.2676063,34.1356092,1,18.26259994506836,0.18922899663448334,60486.24165510014
389,2460486.7411806,223.2676359,34.1355987,1,18.125499725341797,0.10879900306463242,60486.24118060013
392,2460484.7465162,223.2678402,34.1355609,1,17.819900512695312,0.10334199666976929,60484.24651619978
393,2460484.7460417,223.2677228,34.1355921,1,17.498699188232422,0.07377000153064728,60484.24604169978
396,2460482.7377315,223.2678162,34.1355645,1,18.198299407958984,0.10467799752950668,60482.23773150006
402,2460477.8214352,223.2677431,34.1355858,2,17.798599243164062,0.07704900205135345,60477.32143520005
403,2460477.8115162,223.267789,34.1355526,2,17.97279930114746,0.09407500177621841,60477.31151620019
404,2460477.7800116,223.267767,34.1355622,1,17.613399505615234,0.06961099803447723,60477.28001159988
405,2460477.7665856,223.2678007,34.1355747,1,17.90839958190918,0.0680759996175766,60477.2665856001
409,2460475.7268287,223.2677428,34.1356241,1,17.779699325561523,0.07568400353193283,60475.22682869993
417,2460471.7243056,223.2675716,34.1356983,1,18.847000122070312,0.22762499749660492,60471.22430559993
418,2460469.8443634,223.2676437,34.1356121,1,18.104700088500977,0.07777299731969833,60469.34436339978
419,2460469.8434144,223.2676099,34.1356382,1,18.022499084472656,0.09584800153970718,60469.34341439977
425,2460464.7869097,223.2676964,34.1356196,1,18.999000549316406,0.16289499402046204,60464.286909699906
428,2460462.787662,223.2676206,34.1356457,1,18.050399780273438,0.09887100011110306,60462.28766199993
430,2460460.8105093,223.2676216,34.1356427,1,18.033628463745117,0.06976336985826492,60460.31050929986
431,2460460.8105093,223.2676216,34.1356427,1,18.033599853515625,0.06976299732923508,60460.31050929986
432,2460460.8100463,223.2676959,34.1356082,1,18.160499572753906,0.06652499735355377,60460.310046299826
433,2460460.8100463,223.2676959,34.1356082,1,18.160499572753906,0.06652499735355377,60460.310046299826
438,2460458.7916667,223.2676314,34.1356314,1,17.962299346923828,0.08523199707269669,60458.29166670004
439,2460458.7560764,223.2676346,34.135631,1,18.24690055847168,0.07354100048542023,60458.25607640017
447,2460450.8426736,223.2676187,34.1355134,1,19.071500778198242,0.18881599605083466,60450.342673600186
448,2460450.8422106,223.2675494,34.135619,1,18.889999389648438,0.1397009938955307,60450.34221060015
450,2460448.8470949,223.2675627,34.1356458,1,18.335800170898438,0.09385400265455246,60448.347094899975
451,2460448.8466204,223.2675769,34.135664,1,18.16670036315918,0.11083699762821198,60448.34662039997
454,2460446.8880093,223.2676344,34.1356537,1,18.036500930786133,0.06666599959135056,60446.38800929999
455,2460446.8668981,223.2677472,34.1356363,1,18.199800491333008,0.07796300202608109,60446.36689809989
458,2460444.8714352,223.2676634,34.1356275,1,18.093900680541992,0.0787540003657341,60444.371435199864
459,2460444.8700231,223.2676202,34.1356423,1,17.95989990234375,0.060440998524427414,60444.37002310017
463,2460442.8444676,223.267621,34.1356392,1,17.998899459838867,0.07029200345277786,60442.344467599876
464,2460442.8273611,223.2676534,34.1356276,1,17.946500778198242,0.051587000489234924,60442.32736109989
468,2460440.8456134,223.2677454,34.1355993,1,17.559200286865234,0.07180500030517578,60440.345613399986
469,2460440.8451389,223.2678097,34.1355811,1,17.74020004272461,0.06564600020647049,60440.34513889998
473,2460438.8194329,223.2677783,34.1355904,1,18.195600509643555,0.09952399879693985,60438.31943289982
477,2460437.8019676,223.2676178,34.1356334,1,17.94529914855957,0.11022000014781952,60437.301967599895
478,2460437.8015046,223.2676382,34.1356085,1,18.17490005493164,0.0800509974360466,60437.30150459986
479,2460437.7641782,223.2675646,34.1355904,2,18.69260025024414,0.10523500293493271,60437.26417820016
481,2460434.9046412,223.2676121,34.1356447,1,18.20009994506836,0.09255699813365936,60434.40464119986
486,2460431.8382407,223.2678237,34.1356187,1,18.09779930114746,0.08216899633407593,60431.33824069984
495,2460423.8790972,223.2676451,34.1356069,1,17.99839973449707,0.09240899980068207,60423.3790972
496,2460423.8786227,223.2676531,34.1356118,1,18.252399444580078,0.13583900034427643,60423.378622699995
497,2460421.9075463,223.2676317,34.1356436,2,18.071399688720703,0.10003600269556046,60421.407546299975
499,2460421.8472106,223.2676161,34.1356412,1,18.129899978637695,0.08987099677324295,60421.34721060004
500,2460421.8467361,223.2676414,34.135657,1,17.90559959411621,0.10421500355005264,60421.34673610004
501,2460419.8232755,223.2676306,34.1356358,1,17.883800506591797,0.075825996696949,60419.32327549998
502,2460419.8020139,223.2676716,34.1355949,1,18.023099899291992,0.06573300063610077,60419.30201390013
507,2460416.8295949,223.267661,34.1356056,1,17.8612003326416,0.07831799983978271,60416.3295948999
510,2460412.9638426,223.2678168,34.1355485,1,17.643600463867188,0.05248099938035011,60412.46384260012
513,2460408.8378819,223.2677579,34.1356612,1,17.99180030822754,0.08163399994373322,60408.337881899904
515,2460407.8383449,223.2676547,34.135628,1,18.104900360107422,0.08915799856185913,60407.33834489994
516,2460404.9147685,223.2676899,34.135605,1,18.34939956665039,0.0818059965968132,60404.41476849979
519,2460403.943287,223.2678139,34.1355447,1,17.98310089111328,0.09548699855804443,60403.44328700006
520,2460398.9017245,223.2675793,34.1355407,2,18.29560089111328,0.09488700330257416,60398.401724500116
521,2460398.8431366,223.2676317,34.1355714,1,18.184200286865234,0.09094800055027008,60398.34313660022
522,2460397.9779167,223.2675981,34.1356532,1,18.08049964904785,0.13483500480651855,60397.477916699834
526,2460392.8629514,223.2678797,34.1354662,2,18.644399642944336,0.17458200454711914,60392.362951400224
527,2460391.887963,223.267611,34.1355879,1,18.262399673461914,0.06963299959897995,60391.38796300022
529,2460390.9458333,223.2676107,34.1356481,1,18.265300750732422,0.1341480016708374,60390.445833299775
531,2460388.9529051,223.2676744,34.1356192,1,18.218900680541992,0.08547399938106537,60388.45290509984
534,2460379.8493287,223.267672,34.1356127,1,18.27079963684082,0.08567100018262863,60379.34932869999
543,2460363.8941319,223.2676975,34.1355972,1,18.20680046081543,0.14986500144004822,60363.39413189981
544,2460363.8936574,223.2676142,34.1355367,1,18.070600509643555,0.11745700240135193,60363.39365739981
549,2460353.9896065,223.2675912,34.1356259,1,18.58639907836914,0.10515999794006348,60353.48960650014
553,2460351.9862037,223.2675025,34.1356194,2,18.747400283813477,0.09359700232744217,60351.48620369984
555,2460351.9312731,223.2676346,34.135664,1,18.333599090576172,0.1040479987859726,60351.431273099966
556,2460351.9307986,223.2676642,34.1355753,1,18.544300079345703,0.08455000072717667,60351.43079859996
559,2460326.9931829,223.2677126,34.1356079,1,18.132999420166016,0.095940001308918,60326.493182899896
560,2460326.9927083,223.2676433,34.1356417,1,18.13050079345703,0.09256599843502045,60326.492708299775
561,2460316.0487153,223.2678565,34.1356061,1,18.654499053955078,0.1063460037112236,60315.54871529993
562,2460315.978588,223.2675997,34.1355778,2,18.267499923706055,0.09462200105190277,60315.47858799994
563,2460315.9767014,223.2675708,34.1356083,2,18.11590003967285,0.08670199662446976,60315.47670139978
564,2460315.9419213,223.2676955,34.1355959,1,18.082700729370117,0.07749100029468536,60315.44192129979
568,2460311.97625,223.2677186,34.1356065,1,18.274900436401367,0.11154799908399582,60311.47624999983
569,2460291.0400926,223.2677828,34.1356403,2,17.930099487304688,0.07572700083255768,60290.540092600044
570,2460291.016794,223.2676811,34.135576,1,17.720399856567383,0.07196900248527527,60290.51679399982
571,2460291.0158565,223.2676659,34.13563,1,17.654699325561523,0.06175899878144264,60290.515856499784
572,2460289.0434838,223.2679364,34.1358338,2,18.7593994140625,0.15041199326515198,60288.54348379979
573,2460194.7044792,223.2676058,34.1355903,2,18.321977615356445,0.10820452868938446,60194.204479199834
574,2460194.6752315,223.2675835,34.1356131,2,18.17530059814453,0.12037599831819534,60194.17523150006
575,2460194.6659954,223.2676092,34.1356464,1,17.913400650024414,0.09517599642276764,60194.16599539993
578,2460188.6728704,223.2677262,34.1355473,1,17.386199951171875,0.11909099668264389,60188.172870399896
579,2460183.7278819,223.2679951,34.1355689,1,18.16939926147461,0.11458099633455276,60183.227881900035
580,2460183.6769907,223.2678152,34.1356289,2,17.91469955444336,0.09624099731445312,60183.176990699954
584,2460174.702338,223.2679156,34.1356588,1,18.563499450683594,0.12913000583648682,60174.20233799983
585,2460173.7075,223.2676479,34.135638,1,17.99049949645996,0.10831400007009506,60173.20750000002
590,2460171.7022222,223.2676578,34.1356521,1,17.78260040283203,0.07036300003528595,60171.20222220011
591,2460170.7444213,223.267672,34.1356366,1,18.452499389648438,0.10816500335931778,60170.24442130001
594,2460166.6817593,223.2676169,34.1356508,1,17.949499130249023,0.09982699900865555,60166.181759300176
597,2460163.8012963,223.2676545,34.1356143,1,17.976900100708008,0.10883300006389618,60163.30129629979
600,2460163.7374074,223.2675893,34.1356463,1,18.675800323486328,0.12407899647951126,60163.23740739981
601,2460161.7785532,223.2676072,34.135618,1,18.234500885009766,0.09986799955368042,60161.278553199954
602,2460161.7066204,223.2676248,34.1356211,1,18.04990005493164,0.07680200040340424,60161.20662039984
603,2460159.7865394,223.2676836,34.1356268,1,18.213600158691406,0.12755200266838074,60159.2865394
605,2460155.7789699,223.2678152,34.1354772,2,17.98590087890625,0.15386700630187988,60155.27896990022
608,2460153.7869097,223.2679115,34.1355443,1,18.521299362182617,0.08948399871587753,60153.286909699906
611,2460151.7877315,223.2675037,34.1356555,1,19.015600204467773,0.19810600578784943,60151.28773149988
613,2460149.784919,223.2675719,34.135671,1,18.31879997253418,0.1388159990310669,60149.28491900023
616,2460147.7466898,223.2676194,34.1355623,2,18.843299865722656,0.1911190003156662,60147.24668980017
618,2460147.7033681,223.2675938,34.1356485,1,18.292499542236328,0.11328200250864029,60147.20336809987
619,2460145.728287,223.2675985,34.1356637,1,17.965999603271484,0.11163599789142609,60145.22828700021
620,2460145.7210648,223.2676446,34.135608,1,18.210399627685547,0.09686099737882614,60145.22106479993
622,2460143.7276968,223.267594,34.1356009,2,18.77630043029785,0.11716300249099731,60143.22769680014
625,2460140.6976852,223.2676368,34.1356551,1,18.48699951171875,0.14912599325180054,60140.19768519979
626,2460138.7239005,223.2676396,34.1356342,1,18.322799682617188,0.0974470004439354,60138.22390050022
627,2460138.7234259,223.267644,34.1356436,1,17.999900817871094,0.13918699324131012,60138.2234259001
631,2460136.7789468,223.2676376,34.1356027,2,18.417299270629883,0.13822999596595764,60136.27894680016
632,2460136.7005324,223.2676034,34.1356351,1,18.229700088500977,0.11751300096511841,60136.20053240005
633,2460136.7000579,223.267632,34.1356545,1,17.960800170898438,0.09548100084066391,60136.200057900045
634,2460134.8632292,223.2678384,34.1356214,1,17.63920021057129,0.06400199979543686,60134.36322919978
635,2460134.744537,223.2676516,34.135637,1,17.860000610351562,0.08778499811887741,60134.24453700008
638,2460128.8578819,223.2676911,34.1356305,1,18.788299560546875,0.2552349865436554,60128.35788189992
642,2460126.8904282,223.2676454,34.135607,1,17.992399215698242,0.09340199828147888,60126.3904281999
643,2460126.8894907,223.2675252,34.135582,1,18.181900024414062,0.1364690065383911,60126.38949069986
646,2460124.768287,223.2676037,34.1355724,1,18.2096004486084,0.09925500303506851,60124.26828699978
647,2460124.7678125,223.2676129,34.1356629,1,18.087600708007812,0.08320300281047821,60124.26781249978
650,2460122.8015625,223.2676741,34.1354957,1,18.29960060119629,0.09320800006389618,60122.301562500186
651,2460122.801088,223.2676552,34.1355306,1,18.101499557495117,0.10201600193977356,60122.30108800018
653,2460122.7686806,223.2674897,34.1354764,2,18.82539939880371,0.10422699898481369,60122.268680599984
654,2460120.8296528,223.2676422,34.1356267,1,17.83049964904785,0.07692000269889832,60120.329652800225
655,2460120.8291782,223.2676664,34.135593,1,18.045900344848633,0.06220199912786484,60120.3291782001
658,2460118.8011343,223.2678147,34.135606,2,18.616899490356445,0.13874399662017822,60118.30113429995
660,2460118.753912,223.2676556,34.1356056,1,17.94059944152832,0.07039999961853027,60118.253911999986
661,2460118.7534375,223.2676978,34.1355686,1,18.17020034790039,0.08239799737930298,60118.25343749998
662,2460116.8218981,223.2678566,34.1356531,1,18.372100830078125,0.10411500185728073,60116.321898099966
669,2460113.7902894,223.2676782,34.1356434,1,18.2185001373291,0.06025400012731552,60113.290289400145
670,2460111.9026968,223.2679133,34.1355244,1,17.980600357055664,0.08889500051736832,60111.40269679995
673,2460111.7796875,223.2676497,34.1356149,1,17.936199188232422,0.09461300075054169,60111.27968750009
674,2460111.779213,223.2676302,34.1356225,1,18.084999084472656,0.06321100145578384,60111.27921300009
676,2460109.8212847,223.2677738,34.1356114,2,17.888099670410156,0.058701999485492706,60109.321284700185
677,2460109.7910532,223.267841,34.1355612,1,17.731199264526367,0.07077299803495407,60109.29105320014
678,2460109.7905903,223.2677519,34.1355872,1,17.537700653076172,0.05559200048446655,60109.290590300225
681,2460104.7753588,223.2676483,34.1356194,1,17.934499740600586,0.06590600311756134,60104.275358799845
682,2460104.7552778,223.2676198,34.1356415,1,17.849000930786133,0.08690100163221359,60104.25527779991
684,2460102.7341204,223.2676508,34.1355249,1,18.255199432373047,0.0976170003414154,60102.23412040016
688,2460100.7538542,223.2677421,34.1356382,2,17.825899124145508,0.08944199979305267,60100.25385419978
689,2460100.7155208,223.2677666,34.1355858,1,17.821300506591797,0.07733599841594696,60100.21552080009
693,2460093.9325,223.2675026,34.135662,1,19.055099487304688,0.22067999839782715,60093.43250000011
696,2460092.8251389,223.2676131,34.1356084,1,18.247900009155273,0.09881100058555603,60092.32513889996
697,2460091.9129861,223.2675418,34.1356166,1,18.413700103759766,0.12298499792814255,60091.412986100186
699,2460090.7881829,223.2676868,34.135557,1,18.19260025024414,0.07463499903678894,60090.28818289982
700,2460088.7996644,223.2676018,34.1356317,1,18.492000579833984,0.16288800537586212,60088.29966440005
701,2460088.7797106,223.2676545,34.135613,1,17.9906005859375,0.07572399824857712,60088.27971060015
702,2460088.7675926,223.2676768,34.1355547,2,18.168399810791016,0.1322840005159378,60088.26759260008
704,2460086.8585069,223.2678017,34.1355589,2,18.3656005859375,0.06713999807834625,60086.35850689979
705,2460086.8585069,223.2678483,34.1355184,2,18.394899368286133,0.14340099692344666,60086.35850689979
707,2460086.7865278,223.2677943,34.1355608,1,17.743600845336914,0.09793499857187271,60086.28652779991
708,2460086.7796644,223.2677358,34.1355678,1,17.611299514770508,0.07465899735689163,60086.279664400034
711,2460084.7883333,223.267748,34.1355777,2,18.080699920654297,0.13054899871349335,60084.288333300035
713,2460082.8934375,223.2676275,34.1356323,1,18.180200576782227,0.09518899768590927,60082.39343750011
718,2460080.787963,223.2677072,34.1355839,1,16.922800064086914,0.11009299755096436,60080.287963000126
719,2460078.8431481,223.2676432,34.1356362,1,17.968299865722656,0.0864500030875206,60078.34314810019
720,2460078.8268056,223.2676565,34.1356391,1,18.143199920654297,0.10481899976730347,60078.326805599965
723,2460076.894838,223.2676736,34.1356301,1,17.9424991607666,0.07092899829149246,60076.39483800018
724,2460076.894375,223.2676366,34.1356429,1,17.794300079345703,0.08993200212717056,60076.39437500015
725,2460076.8727778,223.2675948,34.1356216,2,18.247400283813477,0.1212330013513565,60076.372777800076
726,2460076.8718287,223.2676483,34.1355977,2,18.43549919128418,0.12818700075149536,60076.37182869995
727,2460067.8393519,223.267663,34.1355802,1,17.912099838256836,0.08193700015544891,60067.33935189992
728,2460067.8384028,223.2676263,34.1356169,1,17.82379913330078,0.09833899885416031,60067.338402799796
730,2460064.7596875,223.2675954,34.1356087,1,18.826799392700195,0.16081899404525757,60064.259687500075
733,2460062.9259144,223.2676304,34.1356184,1,18.02899932861328,0.08322799950838089,60062.42591439979
736,2460061.9070139,223.26762,34.1355838,1,18.657100677490234,0.15643300116062164,60061.40701390011
737,2460060.8835648,223.2676921,34.1356061,1,17.940900802612305,0.09610100090503693,60060.383564800024
738,2460060.8293171,223.2676196,34.1356592,2,18.529199600219727,0.1135139986872673,60060.32931709988
740,2460059.8669444,223.2676558,34.1356088,1,18.31999969482422,0.10492900013923645,60059.36694440013
741,2460058.8654745,223.2677843,34.1355635,2,18.431299209594727,0.10326699912548065,60058.36547450023
744,2460057.8411343,223.2676403,34.135653,1,18.04759979248047,0.11024300009012222,60057.34113429999
747,2460055.9355787,223.2676319,34.1356289,1,17.957399368286133,0.08423600345849991,60055.435578700155
748,2460055.8578819,223.2676263,34.1356192,2,18.503599166870117,0.16440999507904053,60055.35788189992
749,2460054.8353704,223.2677542,34.1355265,1,19.356700897216797,0.19712500274181366,60054.33537039999
751,2460053.8806713,223.2676347,34.135593,1,17.859500885009766,0.07384800165891647,60053.380671299994
752,2460053.8235301,223.2674869,34.1355709,2,18.60110092163086,0.12321700155735016,60053.32353009982
753,2460052.8511227,223.2675998,34.1355788,1,18.95509910583496,0.11066699773073196,60052.35112270014
754,2460050.9659606,223.2676344,34.1356275,1,18.03580093383789,0.08168800175189972,60050.46596059995
756,2460050.8613889,223.2675885,34.135627,1,18.24449920654297,0.10802300274372101,60050.36138889985
757,2460046.8512963,223.2676948,34.1355529,2,18.046300888061523,0.12907299399375916,60046.35129630007
759,2460046.7989352,223.2676466,34.1356346,1,17.988000869750977,0.08545199781656265,60046.29893520009
760,2460046.7984606,223.2676431,34.1356128,1,18.122499465942383,0.1096389964222908,60046.298460599966
761,2460044.8260532,223.2676564,34.1356409,1,17.998600006103516,0.07149200141429901,60044.326053199824
762,2460044.8255787,223.2676688,34.1356438,1,17.861299514770508,0.09096799790859222,60044.32557869982
763,2460044.7808796,223.2676538,34.135592,2,18.544700622558594,0.16820700466632843,60044.28087959997
764,2460044.7804051,223.2676611,34.1356816,2,18.720500946044922,0.16540999710559845,60044.28040509997
765,2460042.957037,223.2677755,34.1355832,2,18.223499298095703,0.09626500308513641,60042.457036999986
766,2460042.9565741,223.2679825,34.1354904,2,18.583099365234375,0.12932699918746948,60042.45657410007
767,2460042.8644097,223.2677858,34.1355964,1,17.849199295043945,0.12428399920463562,60042.364409700036
768,2460042.8639468,223.2677591,34.1355291,1,17.70050048828125,0.09156700223684311,60042.36394680012
769,2460032.9087037,223.2676399,34.135567,2,18.347200393676758,0.14458100497722626,60032.408703700174
770,2460032.9082407,223.2675838,34.1355116,2,18.69659996032715,0.1050880029797554,60032.40824070014
771,2460032.8250347,223.2676314,34.1356417,1,18.065000534057617,0.07860200107097626,60032.32503469987
772,2460032.804213,223.2676667,34.1355626,1,18.15730094909668,0.09640000015497208,60032.304212999996
773,2460021.956169,223.2678644,34.1356581,2,17.903200149536133,0.09348099678754807,60021.456168999895
774,2460021.8649306,223.2676857,34.1355481,1,18.007099151611328,0.0678580030798912,60021.36493059993
775,2460021.8417708,223.2677205,34.1356304,1,17.76219940185547,0.07461199909448624,60021.34177079983
776,2460016.9716667,223.267612,34.1356191,2,18.138999938964844,0.09107299894094467,60016.47166670021
777,2460016.9336574,223.2676079,34.1356093,2,18.343900680541992,0.10454899817705154,60016.433657399844
778,2460016.9099653,223.2676423,34.1356286,1,17.980600357055664,0.09551099687814713,60016.4099653
779,2460016.9095023,223.2676339,34.1356178,1,18.11989974975586,0.10059799998998642,60016.40950229997
782,2459993.9730787,223.2676606,34.1356286,1,17.910400390625,0.08588100224733353,59993.47307869978
785,2459985.0109838,223.2677809,34.1355319,2,17.8351993560791,0.07412700355052948,59984.51098380005
786,2459984.9978241,223.2677797,34.1355612,1,18.07029914855957,0.07548999786376953,59984.497824099846
788,2459977.9735648,223.267595,34.1356128,2,18.62619972229004,0.1756719946861267,59977.473564799875
797,2459967.9988773,223.2677775,34.1355657,1,18.097999572753906,0.07030099630355835,59967.49887729995
798,2459967.9879282,223.2676845,34.1356049,1,18.044599533081055,0.08990199863910675,59967.48792820005
799,2459967.9330671,223.2676666,34.1353942,2,18.837600708007812,0.18654899299144745,59967.43306710012
800,2459967.8982176,223.2674558,34.1356024,2,19.092199325561523,0.25407400727272034,59967.39821759984
801,2459957.0504051,223.2676632,34.1355564,1,18.128700256347656,0.09767699986696243,59956.55040509999
802,2459957.0095718,223.2676027,34.1355647,2,18.41230010986328,0.10643000155687332,59956.50957180001
803,2459957.0081597,223.2676368,34.1356147,2,18.240400314331055,0.07867500185966492,59956.50815969985
804,2459938.0381019,223.267649,34.1356116,1,18.039600372314453,0.07916799932718277,59937.5381018999
805,2459938.0371528,223.2677005,34.1356032,1,18.138700485229492,0.07885900139808655,59937.53715279978
808,2459935.9945139,223.2676617,34.1356353,1,17.961000442504883,0.08412399888038635,59935.49451390002
809,2459935.9926273,223.2676716,34.1356233,1,18.154800415039062,0.11564499884843826,59935.49262729986
812,2459931.0328009,223.2676826,34.1355999,1,18.025999069213867,0.1074490025639534,59930.53280089982
813,2459931.0323264,223.2677785,34.1355861,1,18.270000457763672,0.10241899639368057,59930.532326399814
814,2459924.0154051,223.2676705,34.1355963,1,18.508499145507812,0.13324299454689026,59923.51540509984
815,2459924.0149421,223.2677789,34.1355518,1,18.114999771118164,0.1349630057811737,59923.514942099806
817,2459825.7179051,223.2676006,34.1355602,1,18.199865341186523,0.10500621050596237,59825.21790509997
818,2459823.6979167,223.2675957,34.1355884,1,18.008899688720703,0.0894709974527359,59823.19791670004
819,2459809.7457407,223.2676498,34.1356581,1,18.003000259399414,0.09518200159072876,59809.24574070005
820,2459807.6968056,223.2676375,34.1356465,1,17.97330093383789,0.08385200053453445,59807.19680560008
821,2459807.6874074,223.2676004,34.1356068,2,18.57200050354004,0.21512199938297272,59807.18740739999
822,2459805.7408565,223.267626,34.1356147,1,17.943199157714844,0.07976900041103363,59805.24085649988
823,2459805.7076042,223.267551,34.1356603,2,18.42460060119629,0.11231599748134613,59805.20760420011
828,2459794.7476042,223.2678193,34.1355515,2,17.93000030517578,0.10833700001239777,59794.24760420015
831,2459791.7367014,223.2676912,34.1355647,1,18.145999908447266,0.08125299960374832,59791.23670140002
832,2459791.7060648,223.2675723,34.1356641,2,18.65049934387207,0.1938609927892685,59791.2060647998
837,2459786.7139352,223.2676646,34.1356231,1,18.308399200439453,0.11235199868679047,59786.213935200125
840,2459784.7609028,223.2675772,34.1356425,2,18.602699279785156,0.1680240035057068,59784.26090280013
841,2459784.736713,223.2676063,34.13565,1,17.854799270629883,0.09547100216150284,59784.23671300011
843,2459782.7491898,223.2676327,34.1355863,2,18.133100509643555,0.15727700293064117,59782.24918980012
845,2459782.7001157,223.2676341,34.1356625,1,18.086200714111328,0.0741880014538765,59782.20011569979
851,2459775.8221181,223.2675928,34.1355959,2,18.21179962158203,0.0843610018491745,59775.32211809978
852,2459775.7878819,223.2676431,34.1356791,2,18.48040008544922,0.10756199806928635,59775.28788190009
861,2459771.7865972,223.2677276,34.1355971,1,17.741600036621094,0.06971599906682968,59771.286597200204
862,2459771.784213,223.2678563,34.1355618,1,17.94610023498535,0.07590699940919876,59771.28421299998
865,2459769.7610185,223.2679211,34.1355762,1,18.78380012512207,0.15539200603961945,59769.2610185002
867,2459766.7867824,223.2675852,34.1356489,1,18.0664005279541,0.10679499804973602,59766.28678240022
868,2459766.7781481,223.2676382,34.1356313,1,18.118999481201172,0.08597200363874435,59766.27814809978
869,2459766.7593866,223.2676218,34.1356224,2,18.33169937133789,0.1303579956293106,59766.259386599995
872,2459764.7649769,223.2677565,34.1355931,2,17.80470085144043,0.053631000220775604,59764.26497690007
875,2459762.7449074,223.2677636,34.135581,2,18.000699996948242,0.06805899739265442,59762.244907400105
876,2459762.7215394,223.267758,34.1356044,1,17.69569969177246,0.06633500009775162,59762.22153940005
877,2459762.7210648,223.2677301,34.1355162,1,18.080400466918945,0.11982099711894989,59762.22106479993
884,2459756.7765046,223.2676472,34.1356453,1,18.063600540161133,0.09230300039052963,59756.276504599955
885,2459756.7643981,223.2676562,34.135652,1,18.29949951171875,0.08068899810314178,59756.264398099855
892,2459751.8292245,223.2676351,34.1356562,1,18.185400009155273,0.09722299873828888,59751.329224499874
896,2459749.831088,223.2675765,34.1356256,2,18.63170051574707,0.10797200351953506,59749.33108799998
897,2459749.7804514,223.2676545,34.1356014,1,18.327499389648438,0.06752700358629227,59749.280451400205
898,2459749.7799769,223.2676172,34.1356521,1,18.06719970703125,0.09037499874830246,59749.2799769002
900,2459747.8107176,223.2676094,34.135644,1,17.944799423217773,0.10830800235271454,59747.31071759993
901,2459747.7890856,223.2676778,34.1356334,1,18.170900344848633,0.10241600126028061,59747.28908560006
902,2459747.735706,223.267602,34.1356375,2,18.59309959411621,0.11451400071382523,59747.23570600012
904,2459743.7771759,223.2676877,34.1356075,1,17.946300506591797,0.06027799844741821,59743.27717590006
905,2459743.7624537,223.2676559,34.135625,1,18.00029945373535,0.08073300123214722,59743.26245369995
906,2459743.7233565,223.2676508,34.1356338,2,18.439800262451172,0.102913998067379,59743.2233564998
907,2459743.713831,223.2676348,34.1356285,2,18.254600524902344,0.10605499893426895,59743.21383100003
908,2459741.8004398,223.2677499,34.1356106,2,17.656600952148438,0.07837499678134918,59741.300439800136
915,2459739.7548264,223.2676375,34.1354982,2,18.614200592041016,0.17124199867248535,59739.25482639996
917,2459737.7241319,223.2679676,34.1355353,2,18.977500915527344,0.23363900184631348,59737.224131899886
919,2459737.6926389,223.2677802,34.135577,1,18.587099075317383,0.13009099662303925,59737.19263890013
920,2459735.7758102,223.2675792,34.1355889,1,18.57710075378418,0.13538099825382233,59735.27581019979
921,2459735.7753356,223.2676484,34.135678,1,18.386999130249023,0.09068000316619873,59735.275335600134
923,2459733.8040046,223.2676611,34.1356451,1,18.119699478149414,0.09379500150680542,59733.304004599806
924,2459733.8035301,223.2676474,34.1356324,1,18.028900146484375,0.0968329980969429,59733.3035300998
927,2459731.8234722,223.2676734,34.1356102,1,18.221399307250977,0.06932900100946426,59731.32347219996
928,2459731.8220602,223.2676504,34.1356419,1,18.059999465942383,0.08565499633550644,59731.32206019992
930,2459729.8802431,223.267869,34.1357387,1,19.085399627685547,0.16376100480556488,59729.380243100226
933,2459726.8271644,223.2676425,34.1356406,1,17.997499465942383,0.06867700070142746,59726.3271643999
934,2459726.8195949,223.2676503,34.135684,1,18.30270004272461,0.08315200358629227,59726.319594900124
935,2459724.9044444,223.2676723,34.1356098,2,18.243999481201172,0.12131299823522568,59724.40444440022
936,2459724.8741667,223.2676031,34.1356469,1,17.940000534057617,0.1254590004682541,59724.37416670006
937,2459724.8452431,223.2676348,34.1356411,1,18.21929931640625,0.07586599886417389,59724.34524310008
940,2459722.8423264,223.2676966,34.1355616,1,17.918800354003906,0.06855899840593338,59722.34232639987
941,2459722.8423264,223.2676966,34.1355616,1,17.91880989074707,0.06855899840593338,59722.34232639987
942,2459722.8208218,223.2677882,34.1355285,1,17.956300735473633,0.07868000119924545,59722.3208217998
943,2459722.8208218,223.2676615,34.135636,1,18.019500732421875,0.0397690013051033,59722.3208217998
944,2459722.8208218,223.2676615,34.135636,1,18.019479751586914,0.0397690013051033,59722.3208217998
946,2459722.8193981,223.2676642,34.1356281,1,17.840900421142578,0.08086699992418289,59722.31939810002
947,2459722.8193981,223.2676642,34.1356281,1,17.840930938720703,0.08086699992418289,59722.31939810002
949,2459719.8526157,223.2675653,34.1355569,2,18.672800064086914,0.12063000351190567,59719.3526157001
950,2459719.8521528,223.2677467,34.1356195,2,18.796100616455078,0.1039469987154007,59719.35215280019
953,2459717.8306481,223.2676583,34.135595,1,18.043899536132812,0.08768700063228607,59717.3306481
957,2459713.8444097,223.2678465,34.1355792,1,18.768199920654297,0.1857050061225891,59713.34440970002
958,2459713.7868634,223.267595,34.1356528,2,18.3966007232666,0.12097500264644623,59713.286863400135
959,2459712.8724421,223.2675816,34.1356202,2,18.640300750732422,0.23238399624824524,59712.3724421002
960,2459712.7744676,223.2676265,34.1356691,1,18.314800262451172,0.16043700277805328,59712.274467600044
961,2459711.8448032,223.2676955,34.1355815,2,17.90690040588379,0.07054299861192703,59711.3448032001
963,2459710.7846181,223.2676599,34.1355843,1,17.936199188232422,0.09796500205993652,59710.28461810015
964,2459710.7642593,223.2675598,34.1354312,2,18.865100860595703,0.12333299964666367,59710.264259300195
967,2459708.8400926,223.2676001,34.1355344,2,18.42799949645996,0.11271599680185318,59708.34009259986
968,2459708.8196759,223.2676356,34.1354968,2,18.639400482177734,0.10761699825525284,59708.31967590004
973,2459702.8035069,223.2677682,34.1355599,1,18.297199249267578,0.08933000266551971,59702.30350690009
974,2459702.7874653,223.267704,34.1355575,1,17.877199172973633,0.05685900151729584,59702.287465299945
979,2459698.8710417,223.2675402,34.1356642,2,19.29949951171875,0.14866000413894653,59698.37104169978
980,2459697.9334954,223.2678767,34.1355319,1,18.32469940185547,0.08898700028657913,59697.43349540001
981,2459697.8620023,223.2678177,34.1355559,2,17.767799377441406,0.09777600318193436,59697.3620023001
982,2459696.8518403,223.2676686,34.135611,1,18.226200103759766,0.08662000298500061,59696.35184030002
985,2459694.8818634,223.2676818,34.135601,1,18.246400833129883,0.09014900028705597,59694.381863399874
987,2459693.9321528,223.2675805,34.135679,1,18.644800186157227,0.1357409954071045,59693.432152799796
990,2459690.8089699,223.2677024,34.1356209,1,18.158700942993164,0.08435499668121338,59690.30896990001
992,2459688.8587731,223.2678425,34.1355436,2,18.0841007232666,0.09723600000143051,59688.35877310019
993,2459687.8866319,223.2675315,34.1356593,2,18.740800857543945,0.1314609944820404,59687.38663189998
994,2459685.8923958,223.2676981,34.1356112,1,17.907499313354492,0.09145300090312958,59685.39239579998
995,2459685.8493287,223.2675935,34.1355965,2,18.42289924621582,0.15952500700950623,59685.34932869999
996,2459684.9465509,223.2676997,34.1356019,1,18.408300399780273,0.0914120003581047,59684.44655090012
998,2459683.8892708,223.2679495,34.1354709,2,18.49959945678711,0.1528259962797165,59683.389270800166
999,2459683.8086458,223.2676384,34.1356423,1,17.818899154663086,0.07135599851608276,59683.30864580022
1000,2459682.8830903,223.2676936,34.135609,1,18.364900588989258,0.0920569971203804,59682.38309030002
1001,2459682.8418981,223.2675912,34.135548,2,19.536399841308594,0.1977040022611618,59682.341898099985
1003,2459679.8068634,223.2677119,34.1355669,1,18.10540008544922,0.07217399775981903,59679.306863400154
1004,2459679.7777199,223.2677711,34.1355931,1,17.806499481201172,0.06717400252819061,59679.27771990001
1005,2459679.7367708,223.2677726,34.1355952,2,17.708599090576172,0.07469899952411652,59679.23677079985
1010,2459675.914456,223.2676432,34.1356089,2,18.784500122070312,0.1571660041809082,59675.414456000086
1011,2459675.8701157,223.2676458,34.135693,1,18.47640037536621,0.14583399891853333,59675.37011570018
1012,2459675.8696412,223.2676262,34.1356058,1,18.138900756835938,0.09871000051498413,59675.369641200174
1015,2459672.8295255,223.2676882,34.1355632,1,17.983200073242188,0.07664100080728531,59672.32952550007
1017,2459641.9475347,223.2676492,34.1356549,2,18.412769317626953,0.16492800414562225,59641.447534699924
1018,2459641.9312269,223.2676991,34.135641,1,18.219900131225586,0.04786999896168709,59641.43122689985
1019,2459641.9312269,223.2678444,34.1355803,1,18.245500564575195,0.0846560001373291,59641.43122689985
1020,2459641.9307523,223.2676562,34.1356529,1,18.04960060119629,0.09845399856567383,59641.43075230019
1021,2459641.9074306,223.2675894,34.135597,2,18.95050048828125,0.1302579939365387,59641.40743059991
1022,2459639.9652315,223.2678673,34.1356149,2,18.786300659179688,0.0968099981546402,59639.4652315001
1024,2459639.9344213,223.2676874,34.1355772,1,18.05579948425293,0.08346399664878845,59639.43442129996
1025,2459639.9059954,223.2677087,34.1355585,1,17.93950080871582,0.06968999654054642,59639.40599540016
1027,2459637.9476505,223.267769,34.1355861,2,17.79050064086914,0.09526500105857849,59637.44765050011
1028,2459637.9272685,223.2677515,34.1356306,2,17.665000915527344,0.04310600087046623,59637.427268499974
1029,2459637.885544,223.2676954,34.1356281,1,18.443899154663086,0.10954099893569946,59637.38554400019
1030,2459630.9930556,223.267757,34.1355426,2,17.75189971923828,0.08350600302219391,59630.49305560021
1031,2459630.9925694,223.2677491,34.1355568,2,17.928699493408203,0.06486999988555908,59630.4925694
1032,2459630.9925694,223.2677391,34.1355178,2,17.90959930419922,0.12726500630378723,59630.4925694
1033,2459630.952581,223.2677478,34.1355605,1,17.770200729370117,0.08752399682998657,59630.45258100005
1034,2459630.9311227,223.2677431,34.1355767,1,17.966800689697266,0.07599800080060959,59630.43112270022
1035,2459628.9680787,223.26785,34.1356383,2,18.49679946899414,0.1498579978942871,59628.468078699894
1036,2459628.9455093,223.267677,34.1356262,2,18.23509979248047,0.1351580023765564,59628.4455093001
1037,2459628.8868403,223.2677374,34.1356864,1,17.6742000579834,0.09874100238084793,59628.38684030017
1038,2459628.8713079,223.2677483,34.1355788,1,17.74250030517578,0.08111000061035156,59628.371307900175
1039,2459625.9658565,223.2676488,34.1356084,2,18.193700790405273,0.12352199852466583,59625.46585649997
1040,2459625.9475694,223.2676386,34.1355683,2,18.467599868774414,0.11675400286912918,59625.44756940007
1041,2459625.8744213,223.2677061,34.135663,1,18.420000076293945,0.10565300285816193,59625.3744212999
1042,2459625.8677083,223.2676297,34.1356323,1,18.23080062866211,0.10416500270366669,59625.367708299775
1043,2459624.0068981,223.2677564,34.1355525,1,17.741300582885742,0.06830800324678421,59623.50689810002
1044,2459624.006412,223.2677204,34.1355774,1,17.594600677490234,0.04612800106406212,59623.50641199993
1045,2459623.9707639,223.2677166,34.1355708,2,18.078800201416016,0.09807399660348892,59623.47076389985
1047,2459601.0392824,223.2678643,34.1355727,2,18.08769989013672,0.08466500043869019,59600.53928240016
1048,2459601.0156829,223.2676941,34.1356042,2,17.717100143432617,0.07008600234985352,59600.51568289986
1049,2459600.9523843,223.267852,34.1354333,1,18.642799377441406,0.10944800078868866,59600.452384300064
1050,2459600.9320602,223.2676276,34.1356394,1,19.210899353027344,0.23567700386047363,59600.43206019979
1051,2459488.6623264,223.2676902,34.1356056,2,18.133819580078125,0.09793099761009216,59488.16232640017
1052,2459486.6577662,223.2678442,34.1356003,2,18.397600173950195,0.09047999978065491,59486.15776620014
1054,2459480.658206,223.267608,34.1355752,1,18.48539924621582,0.15134400129318237,59480.15820599999
1056,2459478.6561574,223.2675633,34.1356211,1,18.21739959716797,0.1123879998922348,59478.15615739999
1058,2459476.6604051,223.2676386,34.1355958,1,18.11669921875,0.12155500054359436,59476.16040509986
1060,2459471.6666088,223.2677072,34.1355912,1,18.282100677490234,0.13946199417114258,59471.16660880018
1062,2459462.7233681,223.2676039,34.1355672,2,18.309099197387695,0.16708500683307648,59462.22336809989
1063,2459462.6766435,223.2676176,34.1356603,1,18.06570053100586,0.10530500113964081,59462.176643500105
1064,2459460.7256713,223.2676385,34.1355175,2,18.44059944152832,0.11199100315570831,59460.2256713002
1065,2459460.6815278,223.267592,34.1356333,1,18.079599380493164,0.10342299938201904,59460.18152779993
1067,2459458.7003704,223.2676978,34.1356408,2,18.324899673461914,0.12554000318050385,59458.20037040021
1068,2459454.673669,223.2677612,34.1355765,1,17.859100341796875,0.0740400031208992,59454.173669000156
1069,2459454.673206,223.2678473,34.1355453,1,18.01609992980957,0.08437400311231613,59454.17320600012
1074,2459447.716794,223.2677588,34.135615,2,18.14240074157715,0.09637399762868881,59447.21679400001
1075,2459447.6985532,223.2679168,34.1355542,2,18.047000885009766,0.09577000141143799,59447.19855319988
1079,2459441.7193519,223.2677634,34.1355625,1,18.367900848388672,0.14557400345802307,59441.21935189981
1080,2459441.7165162,223.2676669,34.1356401,1,18.051599502563477,0.1334879994392395,59441.21651619999
1083,2459439.7066667,223.2675576,34.1356617,2,18.64900016784668,0.12587200105190277,59439.206666700076
1085,2459439.681412,223.267637,34.1356355,1,17.978900909423828,0.09782399982213974,59439.18141200021
1086,2459436.7638194,223.2675108,34.1356692,1,18.311399459838867,0.1669279932975769,59436.26381940022
1087,2459436.7435764,223.2676552,34.1356135,1,19.0718994140625,0.1554419994354248,59436.24357639998
1091,2459434.7255787,223.2676117,34.1356817,1,18.169700622558594,0.13393999636173248,59434.22557870019
1094,2459429.7812616,223.2676024,34.1356599,1,18.533100128173828,0.1264979988336563,59429.28126160009
1096,2459427.7441204,223.2675708,34.1356625,1,18.2012996673584,0.109436996281147,59427.24412039993
1097,2459427.7417708,223.2676444,34.1355946,1,18.59160041809082,0.1358879953622818,59427.2417708002
1100,2459425.722338,223.2676522,34.1356512,1,18.212200164794922,0.08712799847126007,59425.22233799985
1101,2459425.7156366,223.2676387,34.1356208,1,18.068700790405273,0.1045290008187294,59425.21563659981
1103,2459423.7877431,223.2676603,34.1356394,2,18.549299240112305,0.1602579951286316,59423.287743099965
1105,2459423.7040162,223.2676288,34.1356727,1,17.972200393676758,0.11189699918031693,59423.2040161998
1106,2459423.6973611,223.2676717,34.1355998,1,18.120399475097656,0.07881899923086166,59423.1973611
1110,2459419.6875694,223.2676607,34.1356509,1,17.99519920349121,0.09048499912023544,59419.18756939983
1119,2459412.716875,223.2676086,34.1356092,2,18.518299102783203,0.21594299376010895,59412.216874999925
1121,2459410.7452083,223.2677426,34.1356325,2,17.7106990814209,0.09556400030851364,59410.245208300184
1122,2459410.7215046,223.2678092,34.1355317,2,17.75309944152832,0.05369500070810318,59410.22150459979
1123,2459410.7215046,223.2678039,34.1355041,2,17.781600952148438,0.10733699798583984,59410.22150459979
1124,2459410.697037,223.2677563,34.1355198,1,17.986600875854492,0.0886949971318245,59410.19703700021
1125,2459410.6965741,223.2677666,34.1355904,1,17.7593994140625,0.09649699926376343,59410.19657409983
1127,2459408.7234375,223.2679092,34.1355512,2,18.52440071105957,0.12190300226211548,59408.223437500186
1128,2459408.6933912,223.2678389,34.1355629,1,18.161100387573242,0.08511299639940262,59408.193391200155
1129,2459408.6929167,223.2678559,34.135498,1,18.3257999420166,0.10908900201320648,59408.19291670015
1134,2459404.8327894,223.2676354,34.1356378,1,18.059499740600586,0.1071000024676323,59404.33278940013
1135,2459404.8294907,223.2676905,34.1356225,1,18.200700759887695,0.09332899749279022,59404.329490699805
1138,2459402.7793403,223.2676471,34.1356271,1,17.995399475097656,0.07440099865198135,59402.27934029978
1139,2459402.7788657,223.2677079,34.1356084,1,18.203399658203125,0.08887600153684616,59402.27886570012
1140,2459402.7454861,223.2676115,34.1357304,2,18.653099060058594,0.2064729928970337,59402.245486100204
1142,2459400.7688426,223.2676171,34.1356489,1,18.062599182128906,0.10597299784421921,59400.26884259982
1143,2459400.7683681,223.2677104,34.1356412,1,18.213499069213867,0.09128700196743011,59400.268368099816
1147,2459397.7696412,223.2676296,34.1356511,1,18.386999130249023,0.08096200227737427,59397.26964120008
1150,2459395.8006944,223.2676995,34.1356707,2,17.958799362182617,0.27847498655319214,59395.30069439998
1151,2459395.7572222,223.2676402,34.1356821,1,18.031299591064453,0.1275389939546585,59395.25722219981
1152,2459395.7361227,223.2676371,34.1356221,1,18.311399459838867,0.09740699827671051,59395.23612269992
1154,2459393.7841898,223.2676616,34.1356725,1,18.407100677490234,0.08792900294065475,59393.2841897998
1155,2459393.7631829,223.2676245,34.1356761,1,18.037900924682617,0.09991200268268585,59393.263182899915
1158,2459391.7791551,223.2676479,34.1356867,2,18.21540069580078,0.09324300289154053,59391.27915510023
1159,2459391.7570949,223.2677255,34.1355918,2,18.40920066833496,0.09339799731969833,59391.257094900124
1160,2459391.7158102,223.2676873,34.1356659,1,18.224199295043945,0.10353200137615204,59391.2158102002
1161,2459391.7153356,223.2676356,34.1356263,1,18.016700744628906,0.08558099716901779,59391.21533560008
1163,2459387.8086806,223.2677247,34.1355739,1,18.5216007232666,0.14877299964427948,59387.30868060002
1164,2459387.7496412,223.2677247,34.1355323,2,17.827600479125977,0.06483200192451477,59387.24964120006
1165,2459387.7482176,223.2677509,34.1355208,2,17.876699447631836,0.08481600135564804,59387.24821759993
1166,2459387.7482176,223.2678857,34.135486,2,17.92530059814453,0.10550300031900406,59387.24821759993
1169,2459385.7570602,223.2677754,34.135536,2,18.58169937133789,0.13063399493694305,59385.257060199976
1170,2459385.7565972,223.2678318,34.1357193,2,18.86709976196289,0.15856100618839264,59385.25659719994
1176,2459381.8004398,223.2675864,34.1356909,1,18.028799057006836,0.12066899985074997,59381.300439800136
1177,2459381.7893287,223.267696,34.1356247,1,18.225000381469727,0.12785300612449646,59381.28932869993
1178,2459379.8389699,223.2676053,34.1356724,2,18.582300186157227,0.2134000062942505,59379.33896989981
1179,2459379.7998148,223.2676179,34.1356742,1,17.98590087890625,0.11947199702262878,59379.2998147998
1180,2459379.7883796,223.2676392,34.1356491,1,18.228099822998047,0.09123700112104416,59379.288379599806
1181,2459379.7484259,223.2676538,34.1357343,2,18.78219985961914,0.160631000995636,59379.248425900005
1182,2459377.8182523,223.2676275,34.135639,1,17.818899154663086,0.10597199946641922,59377.31825229991
1183,2459377.7978009,223.2676941,34.1355901,1,18.147300720214844,0.0810599997639656,59377.29780089995
1185,2459377.7566782,223.2676089,34.1356703,2,18.67889976501465,0.18861599266529083,59377.25667819986
1186,2459375.7787616,223.2677161,34.1356138,1,18.19659996032715,0.07740399986505508,59375.278761600144
1187,2459375.7782986,223.2676268,34.1356186,1,18.04789924621582,0.08010700345039368,59375.27829860011
1188,2459375.7458449,223.2676434,34.135593,2,18.241500854492188,0.09593100100755692,59375.24584490014
1189,2459375.7453704,223.2676735,34.1356014,2,18.302900314331055,0.07602299749851227,59375.24537040014
1190,2459373.749213,223.2678167,34.1355309,2,18.03849983215332,0.07023400068283081,59373.24921299983
1194,2459371.7061111,223.2677316,34.1355886,1,17.770700454711914,0.0740870013833046,59371.20611110004
1196,2459370.7449769,223.2676717,34.1356517,1,18.264299392700195,0.07144200056791306,59370.24497690005
1197,2459369.8604167,223.2675673,34.1356981,1,18.42650032043457,0.11706099659204483,59369.36041670013
1199,2459368.7984838,223.2677241,34.1355895,2,18.489299774169922,0.09787800163030624,59368.29848380014
1200,2459368.7063542,223.2676612,34.1356713,1,18.218299865722656,0.0900150015950203,59368.20635419991
1202,2459367.8085995,223.2676046,34.1356794,1,18.23870086669922,0.09466800093650818,59367.308599499986
1203,2459366.8451389,223.2677349,34.1355487,2,17.906600952148438,0.07817500084638596,59366.34513889998
1204,2459366.7789352,223.26775,34.1355632,1,17.93429946899414,0.07077600061893463,59366.27893520007
1206,2459365.7979745,223.2676538,34.135654,1,18.08489990234375,0.08686699718236923,59365.297974499874
1208,2459364.7900926,223.2677682,34.1355589,1,18.231599807739258,0.09271900355815887,59364.290092600044
1210,2459362.7810764,223.2678099,34.1355134,2,19.077699661254883,0.1402450054883957,59362.281076400075
1211,2459362.7047569,223.2677872,34.1355273,1,18.32390022277832,0.07777900248765945,59362.2047569002
1213,2459361.8096296,223.2676284,34.1356533,1,17.87980079650879,0.07927700132131577,59361.30962960003
1215,2459359.7387847,223.2675481,34.135642,2,18.536699295043945,0.140516996383667,59359.23878470017
1216,2459358.9011111,223.2676417,34.1356768,1,18.056800842285156,0.11813300102949142,59358.40111109987
1217,2459358.8238889,223.2675374,34.1356229,2,18.54990005493164,0.1311729997396469,59358.323888900224
1218,2459356.801169,223.2676794,34.135614,1,18.220500946044922,0.09205599874258041,59356.3011690001
1219,2459356.7769097,223.2676407,34.1356504,2,18.720399856567383,0.10276000201702118,59356.27690970013
1221,2459353.8602315,223.2676461,34.1356459,1,18.22369956970215,0.10734699666500092,59353.36023150012
1222,2459353.8494676,223.2676518,34.1356077,1,18.63629913330078,0.10710100084543228,59353.34946760023
1225,2459349.8680787,223.2675992,34.135661,1,18.20400047302246,0.07362499833106995,59349.3680786998
1227,2459349.7366319,223.2676695,34.135645,1,18.240699768066406,0.0805789977312088,59349.23663190007
1228,2459345.8807986,223.2678351,34.1355606,1,17.82550048828125,0.06973700225353241,59345.38079860015
1229,2459345.8753125,223.2677441,34.1355962,1,17.734100341796875,0.056519001722335815,59345.37531250017
1232,2459342.9154977,223.2675537,34.135641,2,18.652299880981445,0.169173002243042,59342.41549770022
1233,2459342.8596644,223.267778,34.1355947,1,18.119600296020508,0.061195001006126404,59342.35966440011
1234,2459342.8592014,223.2676192,34.1356483,1,18.07390022277832,0.08818899840116501,59342.359201400075
1235,2459340.8603472,223.2677127,34.1355731,1,18.11520004272461,0.05814699828624725,59340.360347200185
1236,2459340.8598843,223.267642,34.1356447,1,17.949399948120117,0.07756400108337402,59340.3598842998
1238,2459338.9149653,223.267842,34.1355158,1,17.775299072265625,0.06269100308418274,59338.41496529989
1239,2459338.9145023,223.2677333,34.1355787,1,17.621599197387695,0.05665700137615204,59338.41450229986
1240,2459338.8838194,223.2677387,34.135593,2,18.44499969482422,0.09069400280714035,59338.38381939987
1241,2459338.8833565,223.267818,34.135592,2,18.60409927368164,0.10821499675512314,59338.38335649995
1242,2459335.8221412,223.2675846,34.1356196,2,18.93160057067871,0.13672800362110138,59335.32214119984
1243,2459335.8216782,223.2676238,34.1356287,2,18.69610023498535,0.1855590045452118,59335.321678199805
1244,2459335.7870949,223.2676876,34.1356573,1,18.343299865722656,0.06847400218248367,59335.28709489992
1245,2459335.7866319,223.2676492,34.1356426,1,18.068199157714844,0.090379998087883,59335.286631899886
1246,2459329.8507755,223.2677052,34.1355994,1,17.633989334106445,0.07217899709939957,59329.35077549983
1247,2459329.8507755,223.2677052,34.1355994,1,17.634000778198242,0.07217899709939957,59329.35077549983
1248,2459329.8507755,223.2677052,34.1355994,1,17.634000778198242,0.07217899709939957,59329.35077549983
1249,2459329.840162,223.2677962,34.1355652,1,18.17169952392578,0.08688700199127197,59329.34016200015
1250,2459329.840162,223.2677962,34.1355652,1,18.17169952392578,0.08688700199127197,59329.34016200015
1251,2459329.840162,223.2677962,34.1355652,1,18.17169952392578,0.08688700199127197,59329.34016200015
1255,2459325.8128588,223.2678008,34.1355471,2,18.766599655151367,0.1305920034646988,59325.31285879994
1261,2459321.8835648,223.267672,34.1356264,1,18.183300018310547,0.055629998445510864,59321.383564800024
1262,2459317.9205787,223.2676247,34.1356214,2,18.2460994720459,0.10815700143575668,59317.420578700025
1263,2459317.9066088,223.2676538,34.1356041,2,18.17930030822754,0.04842099919915199,59317.40660879994
1264,2459317.9066088,223.2677926,34.1355399,2,18.278600692749023,0.07338500022888184,59317.40660879994
1265,2459317.7875694,223.2676451,34.1356517,1,18.078899383544922,0.07121499627828598,59317.28756939992
1266,2459317.7875694,223.2676451,34.1356517,1,18.078899383544922,0.07121499627828598,59317.28756939992
1267,2459317.7582176,223.2678455,34.13558,1,18.084400177001953,0.0611100010573864,59317.258217600174
1268,2459317.7582176,223.2677013,34.1356235,1,18.095199584960938,0.041092000901699066,59317.258217600174
1269,2459317.7582176,223.2678455,34.13558,1,18.084400177001953,0.0611100010573864,59317.258217600174
1270,2459317.7582176,223.2677013,34.1356235,1,18.095199584960938,0.041092000901699066,59317.258217600174
1271,2459315.8701736,223.2679327,34.1356024,2,18.702499389648438,0.21326600015163422,59315.37017360004
1273,2459315.8257292,223.2676377,34.1356607,1,17.897499084472656,0.09822499752044678,59315.32572920015
1274,2459315.8068403,223.2676878,34.1356384,1,17.804500579833984,0.10992100089788437,59315.306840300094
1276,2459313.8523495,223.2677359,34.1355858,2,17.734600067138672,0.055649999529123306,59313.35234950017
1280,2459311.8638773,223.2678537,34.1355023,1,19.194400787353516,0.11282599717378616,59311.36387730017
1281,2459311.8264931,223.2678029,34.1355101,2,18.310100555419922,0.08634199947118759,59311.3264930998
1286,2459307.8873495,223.2676159,34.1356519,1,18.13360023498535,0.08703599870204926,59307.387349499855
1290,2459305.9067014,223.2676293,34.1356468,1,18.02630043029785,0.08624500036239624,59305.406701399945
1293,2459305.8289236,223.2676436,34.1356181,1,18.3971004486084,0.09778100252151489,59305.328923599795
1298,2459300.926875,223.267512,34.135518,2,18.757200241088867,0.16962599754333496,59300.42687499989
1300,2459300.8685417,223.2676612,34.1356006,1,18.383399963378906,0.11127199977636337,59300.368541699834
1301,2459300.8680787,223.2679022,34.1356737,1,18.72260093688965,0.1608169972896576,59300.3680786998
1302,2459297.907419,223.2678074,34.1355983,2,18.340900421142578,0.10259000211954117,59297.40741899982
1303,2459297.8883796,223.2678868,34.1355385,2,18.510499954223633,0.10927300155162811,59297.3883795999
1304,2459297.8420833,223.2677892,34.1355062,1,18.073200225830078,0.09500399976968765,59297.3420833
1305,2459297.8416088,223.2676883,34.1355774,1,17.85610008239746,0.07497400045394897,59297.341608799994
1307,2459295.7814583,223.2679963,34.1355048,1,18.5039005279541,0.10604500025510788,59295.28145830007
1308,2459294.8219329,223.2676808,34.1355695,2,18.83329963684082,0.10343000292778015,59294.32193290023
1309,2459291.9977662,223.2676743,34.135642,1,18.529399871826172,0.08173800259828568,59291.49776619999
1310,2459291.9977662,223.2677533,34.1356253,1,18.48579978942871,0.08473300188779831,59291.49776619999
1311,2459291.8906366,223.2675977,34.1356189,2,19.001800537109375,0.17979000508785248,59291.39063660009
1313,2459290.8906481,223.2678429,34.1354844,2,18.1028995513916,0.10499399900436401,59290.39064810006
1314,2459281.7689236,223.2676641,34.1356207,2,16.986400604248047,0.15452200174331665,59281.268923600204
1315,2459278.9876042,223.267782,34.1355365,2,17.783199310302734,0.06102199852466583,59278.48760419991
1316,2459278.9535764,223.2677288,34.1356044,2,18.131500244140625,0.08534199744462967,59278.453576399945
1317,2459278.8434838,223.2676433,34.1355814,1,18.0846004486084,0.08991900086402893,59278.34348380007
1318,2459275.9585995,223.2676536,34.135624,1,18.266300201416016,0.08645699918270111,59275.45859949989
1319,2459275.9276273,223.2677274,34.1356275,2,18.943599700927734,0.12737800180912018,59275.42762729991
1320,2459275.9271644,223.2675091,34.1355803,2,18.827899932861328,0.15069299936294556,59275.4271644
1321,2459273.9690972,223.2676071,34.1356206,2,18.305099487304688,0.12451999634504318,59273.46909719985
1322,2459273.9255208,223.2676762,34.1356515,1,18.175899505615234,0.10608399659395218,59273.425520800054
1323,2459273.9016319,223.2676485,34.1354981,1,18.316299438476562,0.1540450006723404,59273.40163190011
1326,2459271.9275926,223.26763,34.1356372,1,18.166400909423828,0.10234200209379196,59271.42759260023
1327,2459269.9553009,223.2677047,34.1356101,1,17.666500091552734,0.062352001667022705,59269.455300900154
1328,2459269.954838,223.2677665,34.1355792,1,17.747499465942383,0.08004999905824661,59269.45483799977
1330,2459269.8904745,223.2678424,34.1355687,2,18.27989959716797,0.15114900469779968,59269.390474500135
1331,2459267.9263194,223.2677494,34.135579,2,18.404399871826172,0.13172300159931183,59267.42631939985
1332,2459267.9258565,223.2677151,34.1356042,2,18.275699615478516,0.09833600372076035,59267.42585649993
1333,2459267.8857407,223.2677097,34.1356486,1,18.016799926757812,0.07841899991035461,59267.38574070018
1334,2459267.8838426,223.2676862,34.1356559,1,17.725099563598633,0.10001599788665771,59267.383842600044
1337,2459265.8630671,223.2678039,34.1356237,2,18.67639923095703,0.09306000173091888,59265.363067099825
1339,2459264.0158449,223.2676366,34.1355622,1,18.102100372314453,0.08965200185775757,59263.51584490016
1340,2459263.9749884,223.2674571,34.1353298,2,19.273000717163086,0.17493799328804016,59263.474988400005
1341,2459263.026956,223.2676924,34.1355183,1,18.33970069885254,0.08667200058698654,59262.5269559999
1342,2459262.9973032,223.267734,34.1355772,2,17.90570068359375,0.06497099995613098,59262.497303199954
1343,2459259.0205324,223.2675818,34.1356947,1,18.67690086364746,0.1375660002231598,59258.52053239988
1351,2459254.0094676,223.2678948,34.1354974,2,18.450199127197266,0.12323199957609177,59253.50946759991
1356,2459251.9724769,223.2677018,34.1356715,2,18.849700927734375,0.15467900037765503,59251.47247690009
1359,2459251.9288426,223.2677453,34.1356963,1,19.107999801635742,0.15584899485111237,59251.42884259997
1360,2459250.0414931,223.2676134,34.1356722,1,18.221099853515625,0.08541399985551834,59249.541493100114
1365,2459249.9472685,223.2674845,34.1354826,1,19.122499465942383,0.17738699913024902,59249.44726849999
1366,2459233.9942824,223.2675573,34.1356522,2,19.343700408935547,0.15148800611495972,59233.49428239977
1367,2459233.0537731,223.2678263,34.1355304,1,18.259899139404297,0.06019600108265877,59232.55377310002
1368,2459233.015,223.2677776,34.1355057,2,17.860000610351562,0.07996100187301636,59232.51500000013
1369,2459233.015,223.2677895,34.1355155,2,17.851600646972656,0.04445299878716469,59232.51500000013
1370,2459232.037037,223.2676564,34.1354778,2,18.75670051574707,0.10121899843215942,59231.53703700006
1371,2459231.9477662,223.2677872,34.1355773,1,18.279300689697266,0.05682700127363205,59231.447766200174
1372,2459231.9477662,223.2677215,34.1356243,1,18.282499313354492,0.05530700087547302,59231.447766200174
1374,2459230.9836921,223.2678646,34.1355016,1,18.851699829101562,0.13427700102329254,59230.483692099806
1375,2459230.0566319,223.2676553,34.135577,1,18.12299919128418,0.09859699755907059,59229.556631899904
1376,2459230.0289699,223.2676428,34.1355789,2,18.615999221801758,0.1029369980096817,59229.52896990022
1380,2459227.9860995,223.2676909,34.1355981,1,17.97920036315918,0.061170000582933426,59227.48609950021
1381,2459225.9702546,223.2676855,34.1357866,1,19.22450065612793,0.20336799323558807,59225.47025460005
1382,2459225.0466319,223.2677041,34.1355587,1,18.223600387573242,0.07263000309467316,59224.54663190013
1383,2459225.0074421,223.2676484,34.1355886,2,18.84589958190918,0.14240600168704987,59224.50744209997
1384,2459224.0124769,223.2678761,34.1355741,2,18.29960060119629,0.09203100204467773,59223.51247690013
1389,2459219.9486227,223.2677292,34.1355512,1,19.238500595092773,0.21247200667858124,59219.44862269983
1390,2459218.0356829,223.267659,34.1356219,1,18.333599090576172,0.11845000088214874,59217.53568289988
1391,2459218.0352199,223.2676421,34.1356499,1,18.102699279785156,0.11515200138092041,59217.535219899844
1394,2459216.0587153,223.2676059,34.135508,2,18.777599334716797,0.15278999507427216,59215.55871530017
1395,2459216.0346644,223.2675283,34.1356537,2,18.943700790405273,0.20814800262451172,59215.53466439992
1396,2459216.0137037,223.2677009,34.1356379,1,18.12190055847168,0.09530500322580338,59215.513703700155
1397,2459216.0132407,223.2678367,34.135523,1,18.227800369262695,0.09984199702739716,59215.51324070012
1399,2459205.0164931,223.2676184,34.1356335,2,18.260499954223633,0.08741500228643417,59204.51649310021
1400,2459204.04875,223.2677149,34.1355383,1,18.388200759887695,0.09730000048875809,59203.548750000075
1402,2459203.0349074,223.2677661,34.1356377,2,17.879899978637695,0.1103300005197525,59202.53490740014
1403,2459203.0045255,223.2677351,34.1355348,1,17.850500106811523,0.07665099948644638,59202.504525499884
1405,2459200.9795833,223.267571,34.1356604,1,17.678600311279297,0.19959600269794464,59200.479583300184
1406,2459200.0448958,223.2676496,34.1356177,1,18.153099060058594,0.09585399925708771,59199.54489579983
1407,2459200.0169444,223.2676495,34.135517,2,18.784299850463867,0.13699400424957275,59199.516944400035
1409,2459198.9960532,223.2676418,34.1357713,2,19.061899185180664,0.13530699908733368,59198.496053200215
1410,2459195.044919,223.2677477,34.135596,1,18.233699798583984,0.10052499920129776,59194.54491900001
1412,2459194.04625,223.2677355,34.135602,1,18.736000061035156,0.1416199952363968,59193.54625000013
1413,2459194.0299537,223.2677251,34.1355706,2,18.167600631713867,0.0843769982457161,59193.529953700025
1414,2459193.0438889,223.2677258,34.1355311,1,18.277700424194336,0.18755699694156647,59192.54388889996
1415,2459193.0154398,223.2676197,34.1355223,2,18.99340057373047,0.16601499915122986,59192.51543979999
1416,2459190.0159722,223.2675461,34.1356351,1,18.73889923095703,0.14996500313282013,59189.51597219985
1417,2459188.043588,223.2676232,34.1356361,1,18.49220085144043,0.15475499629974365,59187.543587999884
1420,2459093.6632176,223.2677099,34.1355706,1,18.026100158691406,0.10026899725198746,59093.16321759997
1421,2459093.6527894,223.2678312,34.1355666,1,18.07069969177246,0.08728200197219849,59093.15278939996
1422,2459093.6360532,223.2677146,34.1355876,2,17.878000259399414,0.08109799772500992,59093.13605319988
1423,2459093.6351157,223.2677685,34.1355852,2,17.98539924621582,0.12982800602912903,59093.13511569984
1424,2459067.7014352,223.2676509,34.1356326,1,17.907100677490234,0.07473199814558029,59067.20143519994
1427,2459065.670544,223.2678685,34.1355614,2,18.436899185180664,0.10604900121688843,59065.17054399988
1429,2459064.6840046,223.2676584,34.1356128,1,18.29560089111328,0.09998899698257446,59064.18400460016
1430,2459064.6835301,223.2676138,34.1356251,1,18.151199340820312,0.09072700142860413,59064.183530100156
1432,2459063.6798727,223.2678316,34.1355605,2,18.135400772094727,0.08241599798202515,59063.17987270001
1433,2459063.6798727,223.2678102,34.1355482,2,18.125499725341797,0.08064799755811691,59063.17987270001
1434,2459062.7254745,223.2676073,34.1356465,2,18.66069984436035,0.18027199804782867,59062.2254745001
1435,2459062.6962731,223.2676072,34.1356786,1,18.1299991607666,0.08528800308704376,59062.1962731001
1436,2459056.6951736,223.2678018,34.1355624,2,17.858299255371094,0.08152700215578079,59056.19517360022
1437,2459053.7072917,223.2676101,34.1356514,1,17.97330093383789,0.10094700008630753,59053.207291699946
1438,2459053.6959954,223.267759,34.1355062,1,18.10449981689453,0.0860769972205162,59053.195995400194
1439,2459053.6959954,223.2676535,34.1356391,1,18.107799530029297,0.0420910008251667,59053.195995400194
1440,2459052.8107176,223.2676163,34.1356494,1,18.186199188232422,0.09738299995660782,59052.31071759993
1441,2459052.789456,223.2676342,34.1356414,1,18.37820053100586,0.09097599983215332,59052.289456000086
1446,2459051.6789005,223.2676697,34.1356436,1,18.079200744628906,0.07216499745845795,59051.17890049983
1447,2459051.6784375,223.2676107,34.1356527,1,17.961299896240234,0.077394999563694,59051.178437499795
1448,2459050.7601852,223.2675382,34.1356759,2,18.878799438476562,0.15725600719451904,59050.26018519979
1449,2459050.7597222,223.2675375,34.1356221,2,18.694599151611328,0.15477299690246582,59050.25972220022
1450,2459050.7060648,223.2675705,34.1356433,1,18.17140007019043,0.11864899843931198,59050.2060647998
1451,2459050.7060648,223.2675705,34.1356433,1,18.17140007019043,0.11864899843931198,59050.2060647998
1452,2459050.7056019,223.2677168,34.1356704,1,18.379600524902344,0.07357600331306458,59050.205601899885
1453,2459050.7056019,223.2677168,34.1356704,1,18.379600524902344,0.07357600331306458,59050.205601899885
1454,2459049.6949769,223.2677395,34.1355701,1,17.516700744628906,0.0599059984087944,59049.19497689977
1456,2459049.6748495,223.2676701,34.1356182,2,17.719100952148438,0.05812700092792511,59049.17484949995
1458,2459048.7605903,223.2676737,34.1356157,1,18.2544002532959,0.08592399954795837,59048.260590299964
1459,2459048.7573264,223.2676099,34.1356766,1,18.112199783325195,0.09240899980068207,59048.25732639991
1460,2459048.6954167,223.2675963,34.135667,2,18.75749969482422,0.22137600183486938,59048.195416700095
1464,2459046.7260069,223.2676123,34.1356376,1,18.024999618530273,0.09466499835252762,59046.22600689996
1465,2459046.725544,223.2677416,34.1355358,1,18.1564998626709,0.08112099766731262,59046.225544000044
1466,2459046.725544,223.2676695,34.1356308,1,18.152599334716797,0.04527999833226204,59046.225544000044
1467,2459046.6956944,223.2676263,34.1356077,2,18.87540054321289,0.14962099492549896,59046.1956944
1469,2459045.7537153,223.267612,34.1357001,1,18.71430015563965,0.12269800156354904,59045.2537153
1470,2459045.7357407,223.2675706,34.1356333,1,19.153099060058594,0.17634999752044678,59045.235740699805
1472,2459044.7184259,223.2675824,34.1357021,2,18.685699462890625,0.14472800493240356,59044.21842590021
1473,2459044.7179514,223.2675817,34.135637,2,18.615999221801758,0.14523500204086304,59044.217951400205
1474,2459044.6974884,223.2676518,34.135629,1,17.8966007232666,0.06644999980926514,59044.197488400154
1477,2459043.7155208,223.2675868,34.1357099,1,18.350000381469727,0.14261600375175476,59043.21552080009
1478,2459043.7049306,223.2676804,34.1356452,1,18.52869987487793,0.0935330018401146,59043.20493059978
1479,2459042.7163194,223.2677344,34.1355538,2,17.654699325561523,0.05872900038957596,59042.216319399886
1480,2459042.6990972,223.2677784,34.1355825,1,17.64389991760254,0.06388399749994278,59042.19909719983
1481,2459041.7479282,223.267637,34.1356696,2,18.776500701904297,0.16293300688266754,59041.247928199824
1483,2459040.7293519,223.267808,34.1355093,1,18.706499099731445,0.09273499995470047,59040.22935190005
1484,2459040.7013773,223.2677592,34.1356187,2,18.044200897216797,0.08305999636650085,59040.20137730008
1487,2459039.6987847,223.2676417,34.135681,1,18.23579978942871,0.07866500318050385,59039.19878470013
1490,2459037.7273495,223.2676632,34.1356062,1,17.907699584960938,0.0738769993185997,59037.22734950017
1491,2459037.7268866,223.2676701,34.135578,1,18.016000747680664,0.07765199989080429,59037.22688659979
1492,2459037.6951042,223.2677026,34.1356102,2,18.36549949645996,0.07688400149345398,59037.19510419993
1493,2459037.6941319,223.2676821,34.1355847,2,18.23189926147461,0.09166699647903442,59037.19413190009
1496,2459035.7971296,223.2677126,34.135715,2,17.95639991760254,0.07187999784946442,59035.29712959984
1497,2459035.7272338,223.2677556,34.1355736,1,17.622499465942383,0.08191800117492676,59035.227233800106
1498,2459035.7225579,223.2677722,34.1355408,1,17.910499572753906,0.06993299722671509,59035.22255790001
1499,2459034.8153588,223.2675872,34.135599,2,18.77989959716797,0.14636799693107605,59034.31535879988
1501,2459034.6993171,223.2676583,34.1356188,1,18.39900016784668,0.11255600303411484,59034.19931709999
1502,2459034.6983449,223.2676232,34.1356874,1,18.08009910583496,0.11839500069618225,59034.19834489981
1505,2459031.6760648,223.267876,34.1355303,1,18.92169952392578,0.1460929960012436,59031.176064800005
1508,2459028.716875,223.2677771,34.1355141,2,18.596500396728516,0.11215399950742722,59028.216874999925
1512,2459025.7351273,223.2676815,34.1356517,1,18.129199981689453,0.07823800295591354,59025.235127300024
1513,2459025.7341551,223.2676155,34.1356468,1,18.032800674438477,0.09019199758768082,59025.23415509984
1517,2459019.7585069,223.2677597,34.1355898,1,17.882200241088867,0.06121499836444855,59019.258506900165
1518,2459019.758044,223.2678248,34.1355951,1,18.04680061340332,0.05967700108885765,59019.258043999784
1519,2459019.7341782,223.2678118,34.1355583,2,17.88990020751953,0.04586999863386154,59019.2341781999
1520,2459019.7341782,223.267822,34.1355344,2,17.8927001953125,0.09173200279474258,59019.2341781999
1521,2459019.7147801,223.2677668,34.1355829,2,17.60810089111328,0.0800900012254715,59019.214780100156
1522,2459016.7389005,223.2676113,34.1355675,2,18.537900924682617,0.17323000729084015,59016.238900499884
1524,2459016.7035532,223.267646,34.1356367,1,18.040199279785156,0.08985599875450134,59016.20355319977
1525,2459016.7025926,223.2676463,34.1356195,1,18.193700790405273,0.07621800154447556,59016.20259260014
1526,2459012.7989583,223.2677775,34.1355901,1,17.978900909423828,0.07748600095510483,59012.29895830015
1527,2459012.7984954,223.2678904,34.1355208,1,18.181100845336914,0.05686600133776665,59012.29849540023
1528,2459012.7984954,223.2678812,34.1355195,1,18.181800842285156,0.049449000507593155,59012.29849540023
1529,2459012.7563773,223.2678362,34.1354996,2,17.946300506591797,0.09068500250577927,59012.25637729978
1530,2459012.7563773,223.2677977,34.1355734,2,17.897600173950195,0.04188000038266182,59012.25637729978
1531,2459012.7359954,223.2677205,34.1356174,2,17.677900314331055,0.08094199746847153,59012.23599540023
1532,2459009.7580903,223.2676831,34.1355646,1,18.212600708007812,0.08747000247240067,59009.25809030002
1533,2459009.7471065,223.2676875,34.1355796,1,18.300100326538086,0.08356499671936035,59009.24710649997
1536,2459000.7772917,223.2676575,34.1356447,1,17.9606990814209,0.06193799898028374,59000.27729169978
1537,2459000.7768171,223.267621,34.1356429,1,17.909299850463867,0.07289600372314453,59000.27681710012
1538,2459000.7618866,223.2676826,34.135627,1,18.050100326538086,0.06060599908232689,59000.26188659994
1539,2458999.7445949,223.26765,34.1356276,1,18.86709976196289,0.13328100740909576,58999.24459489994
1540,2458998.7710995,223.2679567,34.1355048,2,18.41189956665039,0.15376000106334686,58998.27109949989
1541,2458998.7710995,223.2678434,34.1355741,2,18.37849998474121,0.06775400042533875,58998.27109949989
1542,2458997.7900694,223.267593,34.1355753,2,18.996000289916992,0.1352829933166504,58997.29006939987
1543,2458997.7273148,223.2676329,34.1356449,1,18.22170066833496,0.09968200325965881,58997.227314800024
1544,2458997.7263426,223.2676841,34.1357084,1,18.37619972229004,0.12803199887275696,58997.22634259984
1545,2458997.7263426,223.2677095,34.1357455,1,18.31559944152832,0.05392200127243996,58997.22634259984
1549,2458991.8044444,223.2678035,34.1356313,1,18.247299194335938,0.07625800371170044,58991.30444440013
1550,2458991.8039699,223.2677414,34.135564,1,18.036800384521484,0.06666299700737,58991.303969900124
1553,2458985.8090856,223.2675848,34.1356781,1,18.71430015563965,0.1417279988527298,58985.30908560008
1557,2458981.7973264,223.2676184,34.1356161,1,18.04360008239746,0.07779300212860107,58981.297326399945
1558,2458981.7531944,223.2675633,34.1356842,2,18.830699920654297,0.18385100364685059,58981.25319440011
1559,2458981.7527315,223.2676979,34.135708,2,18.9783992767334,0.1267949938774109,58981.25273150019
1560,2458980.9052315,223.2676035,34.1356697,1,19.053300857543945,0.15064199268817902,58980.405231500044
1562,2458980.7260185,223.2677284,34.1355564,1,17.889299392700195,0.06679300218820572,58980.22601850005
1563,2458979.8004514,223.2676283,34.1356669,2,18.73900032043457,0.139382004737854,58979.300451400224
1564,2458979.7440046,223.2676862,34.1356924,1,18.28660011291504,0.0822490006685257,58979.244004600216
1565,2458979.7435301,223.2676207,34.1356688,1,18.07550048828125,0.08577299863100052,58979.24353010021
1566,2458978.8839236,223.2675642,34.1357028,1,18.377700805664062,0.15060700476169586,58978.38392359996
1568,2458978.6968171,223.2677666,34.1354856,1,18.729299545288086,0.11834599822759628,58978.19681710005
1579,2458975.883669,223.2677502,34.1356008,2,18.295400619506836,0.10473299771547318,58975.38366900012
1580,2458975.7728241,223.2677821,34.1355647,1,18.13450050354004,0.08604799956083298,58975.27282410022
1581,2458975.7723611,223.267717,34.1355883,1,17.95050048828125,0.09324300289154053,58975.272361100186
1584,2458974.9522454,223.2676198,34.1356378,1,18.14859962463379,0.09369300305843353,58974.45224539982
1585,2458974.9517824,223.2676586,34.1356695,1,17.959199905395508,0.09756600111722946,58974.45178239979
1591,2458973.806169,223.267743,34.1354715,2,18.357200622558594,0.09571100026369095,58973.30616899999
1592,2458973.7674421,223.267736,34.135549,1,17.995100021362305,0.08108700066804886,58973.267442100216
1594,2458972.8814583,223.2676835,34.1357628,2,18.26219940185547,0.07669000327587128,58972.381458300166
1595,2458972.8814583,223.2676353,34.1356735,2,18.27750015258789,0.16390599310398102,58972.381458300166
1596,2458972.7759144,223.2675933,34.1356487,1,18.11750030517578,0.09080100059509277,58972.275914399885
1597,2458972.7754514,223.2676561,34.1356844,1,18.322999954223633,0.11866199970245361,58972.27545139985
1598,2458971.9220486,223.2676068,34.1356522,1,18.387699127197266,0.1047699972987175,58971.422048599925
1601,2458970.8989236,223.2678561,34.1355626,2,17.933500289916992,0.06520800292491913,58970.39892360009
1603,2458970.7969213,223.2676263,34.1356578,1,17.9512996673584,0.06979700177907944,58970.29692129977
1606,2458969.886088,223.2676666,34.1356484,1,18.38559913635254,0.15398800373077393,58969.386088000145
1609,2458968.8820023,223.267824,34.1355446,2,18.038999557495117,0.049323998391628265,58968.38200230012
1610,2458968.8126736,223.2677141,34.135574,1,17.721399307250977,0.05409599840641022,58968.312673599925
1612,2458968.7881366,223.2677201,34.1355248,1,18.578500747680664,0.08748400211334229,58968.28813660005
1614,2458967.7767593,223.2676346,34.135641,1,18.140300750732422,0.08981599658727646,58967.276759299915
1615,2458967.7762963,223.2676804,34.1356494,1,18.09819984436035,0.10984600335359573,58967.27629629988
1620,2458965.9051273,223.267635,34.1356487,1,17.867900848388672,0.09958299994468689,58965.40512729995
1621,2458965.8483102,223.2675748,34.1356537,2,18.656700134277344,0.1218079999089241,58965.34831020003
1622,2458965.814294,223.2676527,34.1356744,2,18.712499618530273,0.0861390009522438,58965.314294000156
1623,2458965.814294,223.2676595,34.1355927,2,18.881799697875977,0.14990900456905365,58965.314294000156
1626,2458964.8745833,223.2675753,34.1356275,1,18.759199142456055,0.17888900637626648,58964.3745833002
1628,2458964.7848032,223.2677385,34.1355125,2,18.60849952697754,0.10107199847698212,58964.28480320005
1630,2458963.8045486,223.267664,34.1356561,1,17.913400650024414,0.0987280011177063,58963.30454860022
1632,2458962.8551505,223.2676887,34.1356098,1,18.396799087524414,0.11935999989509583,58962.35515049985
1635,2458961.9091667,223.2677013,34.1356346,2,17.931100845336914,0.06742899864912033,58961.40916670021
1636,2458961.9087037,223.2679143,34.135664,2,18.138500213623047,0.09369199723005295,58961.408703700174
1637,2458956.8621065,223.2676825,34.135628,1,17.898500442504883,0.11493799835443497,58956.36210650019
1638,2458956.8337037,223.2676046,34.1356319,2,18.38789939880371,0.17026899755001068,58956.33370369999
1640,2458955.9233796,223.2675673,34.1356473,2,19.048500061035156,0.2136169970035553,58955.42337960005
1641,2458955.9015278,223.2677296,34.1356375,1,18.34670066833496,0.07609099894762039,58955.40152780013
1642,2458955.9010648,223.2676053,34.1356349,1,18.2322998046875,0.13499599695205688,58955.4010648001
1643,2458954.962662,223.2678746,34.1355513,2,18.263900756835938,0.12682700157165527,58954.46266200021
1644,2458954.9555556,223.2676942,34.1356068,2,18.018999099731445,0.07636599987745285,58954.455555600114
1645,2458954.8826273,223.2676521,34.1355739,1,17.58989906311035,0.0604109987616539,58954.38262729999
1646,2458944.9741088,223.2676843,34.1355833,1,18.22369956970215,0.08259899914264679,58944.474108799826
1652,2458941.9775926,223.2676457,34.1356238,1,18.112600326538086,0.08956500142812729,58941.477592600044
1653,2458941.9771296,223.2677724,34.1355816,1,18.237699508666992,0.08692599833011627,58941.47712960001
1656,2458939.9540972,223.2677304,34.1356366,1,18.036300659179688,0.150067999958992,58939.454097200185
1657,2458939.9536343,223.2676817,34.1356431,1,17.96310043334961,0.14295700192451477,58939.4536342998
1658,2458939.9306944,223.2676261,34.1356168,2,18.838199615478516,0.22861400246620178,58939.43069439987
1664,2458915.0100116,223.2676825,34.1355667,2,18.332500457763672,0.06124100089073181,58914.510011599865
1665,2458915.0100116,223.2676908,34.1355187,2,18.467100143432617,0.07828199863433838,58914.510011599865
1666,2458915.0095486,223.2676507,34.1356208,2,18.40369987487793,0.11598800122737885,58914.50954859983
1667,2458914.9842593,223.2676217,34.135622,1,18.053199768066406,0.10860200226306915,58914.484259299934
1668,2458912.0542708,223.2676103,34.1356058,1,18.143299102783203,0.08619499951601028,58911.5542708002
1669,2458911.9771412,223.2676689,34.1356249,2,19.22719955444336,0.18287399411201477,58911.4771412001
1670,2458911.9284375,223.2678159,34.1356457,1,18.918899536132812,0.12045300006866455,58911.428437499795
1671,2458911.9274769,223.2675882,34.1356985,1,18.885900497436523,0.12049999833106995,58911.427476900164
1672,2458907.0408912,223.2676425,34.135441,1,18.783300399780273,0.15717299282550812,58906.54089119984
1673,2458907.0404282,223.2676943,34.1356056,1,19.0718994140625,0.16803200542926788,58906.540428199805
1677,2458903.9972454,223.2677216,34.1355982,2,17.877700805664062,0.08333899825811386,58903.49724540021
1678,2458898.9975231,223.2677831,34.1355572,2,18.321399688720703,0.1145939975976944,58898.497523100115
1679,2458898.9965625,223.267611,34.1356273,2,18.327299118041992,0.11243200302124023,58898.49656250002
1680,2458898.9441551,223.2676454,34.1356314,1,18.125600814819336,0.0792350023984909,58898.4441550998
1682,2458895.9954861,223.267585,34.1356823,2,18.91390037536621,0.15153799951076508,58895.495486100204
1683,2458895.9950347,223.2677224,34.1356071,2,19.072200775146484,0.12796799838542938,58895.495034699794
1685,2458893.9997454,223.2677383,34.1356056,1,18.205799102783203,0.09745900332927704,58893.49974540016
1686,2458893.9992824,223.2676746,34.135641,1,18.146400451660156,0.10149800032377243,58893.499282400124
1687,2458891.0219676,223.2677608,34.1355416,1,18.57939910888672,0.19111299514770508,58890.5219676001
1690,2458888.0333449,223.2677038,34.1356299,2,17.994400024414062,0.11256899684667587,58887.53334489977
1691,2458888.0328819,223.2678007,34.1355213,2,18.24720001220703,0.17010000348091125,58887.5328819002
1692,2458888.0328819,223.2677796,34.1355629,2,18.097700119018555,0.08025000244379044,58887.5328819002
1693,2458887.9756019,223.2676884,34.1355905,1,17.540599822998047,0.08010099828243256,58887.4756018999
1694,2458887.9629051,223.2677458,34.135554,1,17.93910026550293,0.08618699759244919,58887.46290510008
1695,2458885.0566667,223.267646,34.1355275,2,18.31760025024414,0.08284799754619598,58884.55666670017
1696,2458885.0395833,223.2677248,34.1356176,2,18.34950065612793,0.10847000032663345,58884.539583299775
1697,2458884.9758565,223.2677325,34.1356174,1,18.212499618530273,0.10331500321626663,58884.47585650021
1698,2458884.9667593,223.2676703,34.135603,1,18.15130043029785,0.10003100335597992,58884.46675929986
1699,2458882.0461574,223.2675527,34.1356382,2,18.91469955444336,0.15062500536441803,58881.546157400124
1701,2458882.0073264,223.2676224,34.1356825,1,18.377099990844727,0.11070799827575684,58881.50732639991
1702,2458882.006875,223.2677144,34.1356506,1,18.4906005859375,0.08373899757862091,58881.50687499996
1703,2458879.0582407,223.2676013,34.1356099,2,18.811800003051758,0.09991499781608582,58878.55824070005
1704,2458879.0568981,223.2678009,34.1356655,2,18.7908992767334,0.13565999269485474,58878.556898099836
1707,2458872.9484375,223.2676838,34.1356386,1,18.263500213623047,0.1066569983959198,58872.448437499814
1708,2458872.9452546,223.2677762,34.1355468,1,18.406999588012695,0.12380900233983994,58872.44525460014
1709,2458872.9452546,223.2677219,34.1356307,1,18.51689910888672,0.09115000069141388,58872.44525460014
1710,2458865.0189468,223.2678373,34.1355522,2,17.899499893188477,0.09590300172567368,58864.518946799915
1711,2458864.9635301,223.2677155,34.1355936,1,18.027700424194336,0.08948799967765808,58864.46353009995
1712,2458863.9538542,223.2677085,34.1356102,1,18.387300491333008,0.11414200067520142,58863.453854199965
1713,2458859.9969792,223.2676862,34.1356469,2,18.333200454711914,0.10768300294876099,58859.496979199816
1715,2458857.0671065,223.2675809,34.1356501,2,18.701499938964844,0.10369600355625153,58856.5671064998
1716,2458857.0580903,223.2677604,34.1355945,1,18.226499557495117,0.06603000313043594,58856.55809029983
1717,2458857.0485995,223.2676522,34.1356398,1,18.0674991607666,0.08120200037956238,58856.54859950021
1722,2458851.0574653,223.2677613,34.1355473,1,17.696699142456055,0.07488100230693817,58850.557465299964
1723,2458851.0480093,223.2675954,34.1355902,1,17.559200286865234,0.06954099982976913,58850.54800930014
1724,2458851.0164931,223.2677251,34.1356055,2,18.043699264526367,0.12216400355100632,58850.51649310021
1725,2458851.0086227,223.2677934,34.1356382,2,18.465599060058594,0.10220599919557571,58850.50862269988
1731,2458838.9862037,223.2677039,34.1353834,1,18.29840087890625,0.40683698654174805,58838.48620369984
1736,2458761.6025231,223.2676059,34.1356647,1,18.181699752807617,0.09899400174617767,58761.1025231001
1737,2458749.6347569,223.2675575,34.1356233,1,18.308700561523438,0.10343299806118011,58749.134756899904
1738,2458749.6333796,223.2675972,34.1356693,1,18.16160011291504,0.1176690012216568,58749.13337960001
1739,2458749.616794,223.2675924,34.1355755,2,18.750200271606445,0.19463799893856049,58749.116793999914
1743,2458734.6737269,223.2677564,34.1355607,1,17.686599731445312,0.07040899991989136,58734.173726900015
1744,2458734.6629861,223.2678256,34.1355451,1,17.741300582885742,0.07835199683904648,58734.162986100186
1745,2458734.6283449,223.2677541,34.1356097,2,18.012500762939453,0.08477400243282318,58734.128344899975
1746,2458734.6278819,223.2678239,34.135528,2,18.047800064086914,0.09743800014257431,58734.12788189994
1747,2458726.6610764,223.2676599,34.1355942,1,18.204999923706055,0.08719000220298767,58726.16107639996
1748,2458726.6403704,223.2675691,34.1356323,2,19.042400360107422,0.18859699368476868,58726.14037040016
1749,2458724.6733796,223.2676815,34.1356589,1,17.9773006439209,0.1276240050792694,58724.17337960005
1750,2458724.6565972,223.26758,34.1356078,2,18.69499969482422,0.14793600142002106,58724.15659719985
1754,2458718.6623495,223.267775,34.1355299,1,17.981599807739258,0.09575700014829636,58718.16234950023
1755,2458718.6586806,223.2677357,34.1355506,1,17.796100616455078,0.059438999742269516,58718.158680600114
1756,2458718.6461458,223.2677383,34.1355673,2,17.697900772094727,0.05353600159287453,58718.14614580013
1762,2458708.6582407,223.2676589,34.1356448,1,18.32309913635254,0.09947899729013443,58708.15824070014
1763,2458708.6573264,223.2676589,34.1356493,1,18.137699127197266,0.1069369986653328,58708.157326399814
1771,2458697.6727083,223.2678503,34.1354808,2,18.392900466918945,0.1469780057668686,58697.17270829994
1772,2458694.7250347,223.26772,34.1356948,1,18.203500747680664,0.0890439972281456,58694.225034699775
1773,2458694.7245718,223.2675408,34.1353835,1,18.26740074157715,0.14472700655460358,58694.22457179986
1774,2458691.7223843,223.2676332,34.1356656,1,18.423099517822266,0.09491600096225739,58691.22238430008
1775,2458691.7219213,223.2676049,34.1356526,1,18.70039939880371,0.12167900055646896,58691.22192130005
1778,2458685.6922685,223.267629,34.1356671,1,18.099700927734375,0.07742899656295776,58685.192268500105
1779,2458682.6724653,223.2676177,34.1356612,1,18.347999572753906,0.12163399904966354,58682.17246530019
1780,2458682.6710764,223.2676674,34.1357016,1,18.564599990844727,0.10763999819755554,58682.171076400205
1782,2458679.6935417,223.2677627,34.1355804,2,18.341999053955078,0.10190500319004059,58679.19354170002
1783,2458679.6762616,223.2677759,34.1355431,1,18.417299270629883,0.1284160017967224,58679.17626160011
1784,2458676.7953125,223.267705,34.1355414,1,17.556400299072266,0.05671200156211853,58676.29531250009
1785,2458676.7948495,223.2677791,34.1355077,1,17.625499725341797,0.06571900099515915,58676.29484950006
1786,2458676.7162847,223.2676667,34.1357282,2,18.663400650024414,0.1549849957227707,58676.216284700204
1787,2458676.7101736,223.26784,34.1356728,2,18.410400390625,0.10142400115728378,58676.21017359989
1788,2458676.7101736,223.2677222,34.1356298,2,18.623199462890625,0.13196900486946106,58676.21017359989
1789,2458673.8001157,223.2676321,34.1356193,1,18.176599502563477,0.0724250003695488,58673.30011569988
1792,2458673.6762731,223.2676685,34.1356745,1,18.366600036621094,0.11145900189876556,58673.17627310008
1796,2458666.7083681,223.2676464,34.1356457,1,18.271299362182617,0.08530399948358536,58666.208368100226
1797,2458666.7069792,223.267643,34.1356835,1,18.130399703979492,0.10427899658679962,58666.20697919978
1800,2458663.6976157,223.2678132,34.1355863,2,18.823200225830078,0.13538600504398346,58663.19761569984
1801,2458663.6962384,223.2678659,34.1355356,2,19.069900512695312,0.1808750033378601,58663.19623839995
1802,2458660.6926042,223.2676438,34.1356944,1,18.71310043334961,0.12178300321102142,58660.19260419998
1803,2458660.6916551,223.2676186,34.1357133,1,18.482900619506836,0.1327349990606308,58660.19165509986
1804,2458657.7585648,223.2676704,34.1356149,2,18.86090087890625,0.1539050042629242,58657.258564800024
1805,2458657.7581019,223.2675077,34.1355686,2,18.820499420166016,0.14246900379657745,58657.25810190011
1806,2458657.6945602,223.2676886,34.135633,1,18.15839958190918,0.07653699815273285,58657.194560199976
1812,2458644.7575231,223.2677727,34.1355987,2,17.843799591064453,0.07937999814748764,58644.25752309989
1813,2458644.7570602,223.267728,34.1355979,2,17.623199462890625,0.058736998587846756,58644.257060199976
1814,2458641.7829282,223.267623,34.1356457,2,18.575700759887695,0.16471600532531738,58641.28292819997
1815,2458641.7815509,223.2678073,34.1355987,2,18.574399948120117,0.13062800467014313,58641.28155090008
1816,2458641.7815509,223.267671,34.1356177,2,18.48979949951172,0.06547100096940994,58641.28155090008
1817,2458641.693669,223.2676363,34.1356694,1,18.040199279785156,0.11047299951314926,58641.193669000175
1819,2458638.8213657,223.2676968,34.1356049,1,18.306699752807617,0.0902480036020279,58638.3213657001
1820,2458638.8209028,223.2676192,34.1356359,1,18.135400772094727,0.09812700003385544,58638.32090280019
1822,2458635.7621644,223.2677156,34.1355755,2,18.355600357055664,0.07271800190210342,58635.26216439996
1823,2458635.7519676,223.2678431,34.1354771,2,18.35689926147461,0.11933399736881256,58635.25196760008
1825,2458632.782037,223.2676639,34.1355979,2,18.305700302124023,0.09268300235271454,58632.28203700017
1826,2458632.7642245,223.2677326,34.135522,2,18.172100067138672,0.10169299691915512,58632.26422449993
1827,2458628.8284838,223.2677319,34.135536,2,18.561800003051758,0.12273599952459335,58628.32848379994
1831,2458616.7999653,223.2677761,34.1354363,2,18.781200408935547,0.12226100265979767,58616.29996530013
1832,2458616.779213,223.2676455,34.1357012,1,18.34600067138672,0.13768500089645386,58616.27921300009
1833,2458616.7358102,223.2676796,34.1356473,1,18.006000518798828,0.07688499987125397,58616.23581020022
1836,2458612.7771412,223.2677442,34.135473,1,18.644100189208984,0.09140799939632416,58612.27714119991
1837,2458612.7451042,223.2677154,34.1355478,2,18.026100158691406,0.06898599863052368,58612.24510420021
1841,2458606.8018519,223.2676928,34.1355789,2,18.904199600219727,0.1395680010318756,58606.30185189983
1842,2458606.7566782,223.2676859,34.1355822,2,18.716699600219727,0.1636829972267151,58606.25667819986
1843,2458602.768287,223.267473,34.1355827,2,16.864599227905273,0.41353899240493774,58602.26828699978
1844,2458600.8249074,223.2677066,34.1355983,2,17.5575008392334,0.07451699674129486,58600.32490740018
1845,2458596.9587269,223.2676399,34.1356806,1,18.23200035095215,0.10672000050544739,58596.458726900164
1846,2458596.7771181,223.2677,34.1355385,2,18.716299057006836,0.11072199791669846,58596.27711809985
1847,2458592.9516898,223.2676189,34.1356286,1,18.341400146484375,0.15205499529838562,58592.45168979978
1848,2458592.9366898,223.2676742,34.1356552,1,18.10070037841797,0.1332779973745346,58592.43668980012
1853,2458589.7385764,223.2676744,34.1356068,2,18.389799118041992,0.16123799979686737,58589.238576400094
1854,2458586.9015046,223.267737,34.1355739,1,17.5625,0.05047700181603432,58586.401504599955
1855,2458586.9001273,223.2677633,34.1355576,1,17.643699645996094,0.0664530023932457,58586.40012730006
1856,2458586.8538542,223.2677931,34.1355658,2,18.37339973449707,0.0841049998998642,58586.35385419987
1858,2458583.8951389,223.2677203,34.1356453,1,18.341699600219727,0.08983500301837921,58583.395138899796
1859,2458583.8722222,223.267644,34.1356259,1,18.20840072631836,0.085207000374794,58583.372222200036
1860,2458583.8486111,223.2676307,34.1355953,2,18.714399337768555,0.11824200302362442,58583.34861110011
1861,2458583.8189236,223.267642,34.1355065,2,18.886999130249023,0.1274159997701645,58583.31892360002
1862,2458580.902419,223.267652,34.1356417,1,18.56100082397461,0.09718099981546402,58580.40241899993
1868,2458572.9368171,223.2677781,34.135532,2,17.75979995727539,0.08470799773931503,58572.436817099806
1871,2458572.8396181,223.2677025,34.1356733,1,18.077999114990234,0.09771899878978729,58572.33961809985
1872,2458567.9590625,223.2677049,34.1356007,1,17.866199493408203,0.07393600046634674,58567.459062499925
1873,2458567.9379861,223.2676037,34.1355624,1,17.881000518798828,0.07340200245380402,58567.43798610009
1874,2458567.8808681,223.2676697,34.1356846,2,18.701799392700195,0.17098499834537506,58567.380868100096
1875,2458567.8794907,223.2677056,34.1356571,2,18.777999877929688,0.11445800215005875,58567.379490700085
1876,2458561.0204745,223.2676163,34.1356904,1,18.425399780273438,0.10018400102853775,58560.52047450002
1877,2458560.8809259,223.2676419,34.1356374,2,18.839000701904297,0.15812499821186066,58560.38092589984
1879,2458560.7875694,223.2677437,34.135596,1,18.179000854492188,0.10123799741268158,58560.28756939992
1880,2458556.9593171,223.2676719,34.1355849,1,17.747699737548828,0.07842899858951569,58556.45931709977
1881,2458556.9358681,223.2676992,34.135583,2,17.70829963684082,0.0555259995162487,58556.4358680998
1882,2458556.9344907,223.2677764,34.1355777,2,17.75749969482422,0.06354700028896332,58556.43449069979
1883,2458547.9996181,223.267869,34.1355319,2,19.0580997467041,0.19728000462055206,58547.4996181
1884,2458547.9996181,223.267869,34.1355319,2,19.0580997467041,0.19728000462055206,58547.4996181
1885,2458547.9784375,223.2677177,34.1355277,2,18.618799209594727,0.10232000052928925,58547.478437500075
1886,2458547.9151852,223.2676967,34.1355573,1,17.988100051879883,0.08354300260543823,58547.41518520005
1887,2458547.893125,223.2676982,34.1355673,1,17.825599670410156,0.09380000084638596,58547.393124999944
1888,2458541.9855671,223.2676832,34.1356888,2,18.609899520874023,0.265841007232666,58541.48556709988
1890,2458541.9396065,223.2676864,34.1356659,1,18.059900283813477,0.10715799778699875,58541.43960649986
1894,2458527.0105903,223.26775,34.1355102,2,18.06529998779297,0.08315999805927277,58526.510590299964
1897,2458527.0101389,223.2676786,34.1355905,2,18.09320068359375,0.07668899744749069,58526.51013890002
1899,2458526.9689468,223.2676564,34.1355883,1,17.527000427246094,0.06407500058412552,58526.4689468001
1900,2458526.9684838,223.2677669,34.1355384,1,17.665700912475586,0.07468900084495544,58526.46848380007
1903,2458523.0161458,223.2676702,34.1355184,1,18.733200073242188,0.17256499826908112,58522.516145799775
1904,2458523.0156944,223.2676795,34.1355335,1,18.462400436401367,0.14734399318695068,58522.51569439983
1905,2458511.9898495,223.267719,34.1356502,1,18.20560073852539,0.07579699903726578,58511.48984949989
1906,2458511.9893866,223.2677021,34.1356461,1,18.020599365234375,0.07072500139474869,58511.48938659998
1908,2458509.0052894,223.267701,34.1355423,2,19.39069938659668,0.19499899446964264,58508.5052894
1909,2458506.050162,223.2677362,34.1355649,2,17.64299964904785,0.06390699744224548,58505.550162000116
1911,2458505.9858796,223.2676797,34.135668,1,18.617599487304688,0.16874800622463226,58505.48587960005
1912,2458503.0582523,223.2677023,34.1356906,2,18.724599838256836,0.11198800057172775,58502.558252300136
1913,2458502.9863542,223.2676439,34.1355918,1,17.956100463867188,0.09416600316762924,58502.48635420017
1914,2458502.9858912,223.2676485,34.1356199,1,18.173599243164062,0.13093100488185883,58502.48589120014
1917,2458492.0520949,223.2676875,34.1355841,2,18.7268009185791,0.10650300234556198,58491.55209490005
1918,2458492.0139583,223.2677244,34.1355909,1,18.05620002746582,0.07113099843263626,58491.5139583
1919,2458492.0134954,223.2677604,34.1355529,1,18.175399780273438,0.10093999654054642,58491.51349540008
1920,2458488.0570949,223.2676836,34.1354744,2,18.75670051574707,0.0908840000629425,58487.55709489994
1921,2458488.0496412,223.267818,34.1355074,2,18.8981990814209,0.17968200147151947,58487.549641199876
1922,2458488.0078819,223.2677259,34.1355154,1,18.68910026550293,0.10823900252580643,58487.50788189983
1923,2458488.007419,223.267625,34.1355493,1,18.423900604248047,0.08055499941110611,58487.507418999914
1924,2458481.0477315,223.267745,34.1357195,2,18.020999908447266,0.09728000313043594,58480.54773150012
1925,2458481.0269097,223.2677641,34.135698,1,18.020200729370117,0.10976500064134598,58480.52690970013
1926,2458481.0128241,223.2676526,34.1355315,1,18.052200317382812,0.08095800131559372,58480.51282409998
1929,2458473.0371528,223.2677111,34.1355775,1,18.2283992767334,0.07808800041675568,58472.53715279978
1930,2458473.0366898,223.2676858,34.1356035,1,18.09269905090332,0.07562799751758575,58472.53668980021
1932,2458450.0369792,223.2677289,34.1356722,2,18.754100799560547,0.15739299356937408,58449.53697919985
1933,2458370.674213,223.2676726,34.1356316,1,17.909700393676758,0.08584199845790863,58370.17421300011
1934,2458370.637037,223.26751,34.1356291,2,18.769399642944336,0.10082200169563293,58370.13703700015
1935,2458365.7174653,223.2676872,34.1355637,1,18.130199432373047,0.07886499911546707,58365.21746530011
1936,2458362.6930093,223.2675932,34.1355979,1,18.820100784301758,0.1319980025291443,58362.19300930016
1937,2458354.7046065,223.2676228,34.1356276,2,18.450199127197266,0.10122700035572052,58354.20460649999
1938,2458350.6521991,223.2678543,34.1355267,2,17.820999145507812,0.08315400034189224,58350.15219909977
1939,2458350.6521991,223.2676717,34.1355634,2,17.789600372314453,0.059404999017715454,58350.15219909977
1940,2458347.7039352,223.2676884,34.1355676,1,17.972200393676758,0.06840900331735611,58347.20393519988
1941,2458344.6809722,223.2676958,34.1357342,2,19.438499450683594,0.20243899524211884,58344.18097219989
1942,2458343.6736111,223.267737,34.1355914,1,17.73080062866211,0.09293299913406372,58343.17361109983
1943,2458343.6540278,223.267775,34.1355404,2,17.852399826049805,0.10118299722671509,58343.154027800076
1944,2458340.6866667,223.2677239,34.1356374,2,18.5718994140625,0.10270600020885468,58340.18666670006
1945,2458340.6861921,223.2676674,34.1356414,2,18.518199920654297,0.0971049964427948,58340.186192099936
1946,2458337.6925579,223.2677932,34.1355444,2,19.186599731445312,0.16673199832439423,58337.19255790021
1947,2458337.6815394,223.2676867,34.1356389,1,18.309200286865234,0.056251998990774155,58337.181539400015
1948,2458337.6725463,223.2676577,34.1355571,1,18.560199737548828,0.11665000021457672,58337.172546300106
1949,2458334.6788426,223.2677896,34.1357286,1,18.574899673461914,0.17153699696063995,58334.17884259997
1950,2458334.6579398,223.2677688,34.1355626,2,18.13450050354004,0.0909700021147728,58334.15793980006
1951,2458334.6574769,223.2677229,34.1356002,2,18.14459991455078,0.12741400301456451,58334.157476900145
1952,2458331.7743287,223.2678024,34.1356645,1,17.984100341796875,0.10183700174093246,58331.2743286998
1953,2458331.6856019,223.2676471,34.1356409,2,18.1737003326416,0.13252900540828705,58331.185601899866
1954,2458331.6642361,223.2676402,34.1356904,2,18.26180076599121,0.07327699661254883,58331.164236099925
1955,2458331.6642361,223.2676435,34.1356691,2,18.341699600219727,0.0703049972653389,58331.164236099925
1956,2458326.7758102,223.2676792,34.1355618,2,18.591299057006836,0.1562740057706833,58326.27581019979
1957,2458324.7545949,223.2676112,34.1355337,1,18.412900924682617,0.1325789988040924,58324.25459490018
1958,2458322.7501736,223.2677703,34.1355942,2,17.716299057006836,0.07440400123596191,58322.250173599925
1959,2458321.7149653,223.2677138,34.1355467,2,18.882299423217773,0.1408510059118271,58321.21496530017
1960,2458321.6733102,223.2676563,34.1356155,1,18.245399475097656,0.10290399938821793,58321.17331020022
1961,2458319.7272338,223.2676415,34.1356391,2,18.885000228881836,0.1442040055990219,58319.227233800106
1962,2458319.6869097,223.2677006,34.135449,1,18.249399185180664,0.10058999806642532,58319.18690969981
1963,2458314.7328588,223.2676284,34.1355335,1,18.364500045776367,0.10643699765205383,58314.23285879986
1964,2458311.6748611,223.2677974,34.1355448,2,18.32159996032715,0.08556800335645676,58311.17486110004
1965,2458311.6743866,223.2677774,34.1355058,2,18.483699798583984,0.15537799894809723,58311.17438660003
1966,2458311.6743866,223.2677882,34.1355028,2,18.458999633789062,0.09096500277519226,58311.17438660003
1967,2458308.6932523,223.2676552,34.1355538,1,18.11400032043457,0.09751400351524353,58308.19325229991
1968,2458300.693287,223.2676868,34.1356725,1,18.561500549316406,0.09969200193881989,58300.19328700006
1969,2458297.788125,223.2677105,34.1356529,2,18.89109992980957,0.14263500273227692,58297.28812499996
1970,2458296.6767361,223.2676928,34.1356501,1,18.177099227905273,0.09497100114822388,58296.17673610011
1971,2458294.7692477,223.2676601,34.1356258,2,18.556400299072266,0.12684600055217743,58294.269247699995
1972,2458291.7573611,223.2677078,34.1355893,2,18.667299270629883,0.1663919985294342,58291.257361100055
1973,2458290.755,223.2677385,34.1357331,2,18.17140007019043,0.11749400198459625,58290.25499999989
1974,2458290.6904977,223.2677108,34.135568,1,17.571300506591797,0.10258399695158005,58290.190497700125
1975,2458287.7549074,223.2676894,34.1355167,2,18.302799224853516,0.03703799843788147,58287.25490739988
1976,2458284.734537,223.2676701,34.1356266,1,18.481399536132812,0.03933800011873245,58284.23453699984
1977,2458282.7863079,223.2676697,34.1356392,1,18.084699630737305,0.02966799959540367,58282.28630790021
1978,2458282.7291088,223.2677681,34.1355965,2,18.694499969482422,0.05714699998497963,58282.22910880018
1979,2458281.7338657,223.2676948,34.1355462,1,18.856700897216797,0.05886700004339218,58281.2338657002
1980,2458279.8099537,223.2676782,34.1356353,1,18.271499633789062,0.06197400018572807,58279.30995369982
1981,2458278.7277894,223.2676405,34.135611,1,18.13360023498535,0.028255999088287354,58278.227789400145
1982,2458276.7593056,223.2677678,34.1355263,1,17.68400001525879,0.020865000784397125,58276.25930560008
1983,2458275.768125,223.2676753,34.1355508,1,18.231300354003906,0.029323000460863113,58275.268124999944
1984,2458273.8194213,223.2676792,34.1356156,2,18.19260025024414,0.040362998843193054,58273.3194213002
1985,2458273.7560301,223.2676959,34.1356423,1,18.1875,0.029286999255418777,58273.25603009993
1986,2458269.75,223.267715454102,34.135581970215,1,17.509199142456055,0.032898999750614166,58269.25
1987,2458266.75,223.267684936523,34.13565826416,1,18.2278995513916,0.07844100147485733,58266.25
1988,2458266.75,223.267700195312,34.135673522949,1,17.9689998626709,0.05872499942779541,58266.25
1989,2458266.75,223.267623901367,34.135570526123,2,18.97010040283203,0.15274299681186676,58266.25
1990,2458266.75,223.267623901367,34.13561630249,2,18.975000381469727,0.1398259997367859,58266.25
