,jd,ra,dec,fid,magpsf,sigmapsf,mjd
0,2461031.0293634,238.4325643,80.0858225,2,19.396909713745117,0.1790998876094818,61030.52936339984
2,2461030.9899769,238.4320051,80.0856163,1,19.140199661254883,0.13552799820899963,61030.489976900164
4,2461028.0318056,238.4326993,80.0856074,2,18.60460090637207,0.10853900015354156,61027.53180560004
6,2461027.9896759,238.4324941,80.0856588,1,19.193199157714844,0.16392000019550323,61027.48967589997
8,2461026.0370023,238.4331628,80.0855922,1,19.052400588989258,0.16663900017738342,61025.53700229991
9,2461026.0365278,238.4326522,80.0857141,1,19.423500061035156,0.14149099588394165,61025.53652779991
11,2461025.9690162,238.4321223,80.085837,2,18.95639991760254,0.1276330053806305,61025.46901619993
12,2461023.0470949,238.4320227,80.0858225,1,19.278099060058594,0.12227299809455872,61022.54709490016
13,2461023.0369792,238.4326534,80.0855996,1,18.93199920654297,0.153096005320549,61022.53697919985
17,2461021.0345486,238.4321339,80.0858321,1,19.55299949645996,0.147023007273674,61020.534548600204
27,2461010.0151736,238.4328296,80.0857765,1,19.22439956665039,0.16155600547790527,61009.515173600055
28,2461008.0355093,238.4320236,80.0858558,1,19.2185001373291,0.1041409969329834,61007.53550929995
29,2461008.0119213,238.4324831,80.0857767,2,18.955900192260742,0.12526200711727142,61007.51192130009
32,2460950.6340741,238.4322373,80.0857083,1,19.14971923828125,0.21189351379871368,60950.13407409983
33,2460948.7458565,238.4325835,80.0857339,1,19.486799240112305,0.15230299532413483,60948.24585650023
35,2460948.6570833,238.4320547,80.08568,2,19.042499542236328,0.09651699662208557,60948.15708329994
36,2460948.6404745,238.4319757,80.0856925,1,19.06879997253418,0.13442499935626984,60948.140474500135
38,2460934.6566898,238.4320093,80.0857724,1,19.649999618530273,0.19927899539470673,60934.15668979986
41,2460928.7866551,238.4316986,80.0857591,1,19.439800262451172,0.21629199385643005,60928.28665510006
42,2460928.6998032,238.4322168,80.0858098,2,19.02090072631836,0.15530000627040863,60928.199803200085
45,2460924.7168403,238.4323605,80.0858794,1,19.148300170898438,0.17125900089740753,60924.21684029978
48,2460923.7002315,238.4324933,80.0858617,2,18.874300003051758,0.12925399839878082,60923.20023149997
49,2460923.6763542,238.431684,80.0857586,1,19.318199157714844,0.20905500650405884,60923.17635420011
52,2460922.6756829,238.4321723,80.085805,1,19.26959991455078,0.17622600495815277,60922.17568290001
53,2460920.7984144,238.4319407,80.0858361,1,17.988800048828125,0.2069139927625656,60920.29841439985
55,2460918.8224653,238.4321394,80.085808,1,18.978900909423828,0.13057400286197662,60918.322465300094
57,2460916.746169,238.4325451,80.0858244,2,19.010000228881836,0.09897100180387497,60916.24616899993
58,2460916.6792708,238.4321282,80.0858202,1,18.904199600219727,0.10932999849319458,60916.1792708002
59,2460913.8367361,238.4321653,80.0858139,1,19.084299087524414,0.09964700043201447,60913.336736099795
60,2460910.8370718,238.432152,80.0857968,1,18.924999237060547,0.1327269971370697,60910.33707180014
62,2460910.7669329,238.4319362,80.0857117,2,18.932300567626953,0.151638001203537,60910.266932900064
63,2460910.7261458,238.4317673,80.0856948,1,18.74169921875,0.08839800208806992,60910.2261458002
64,2460908.735625,238.4320065,80.0857118,2,18.597700119018555,0.11997699737548828,60908.235625000205
65,2460908.6812037,238.4318796,80.0857417,1,18.688499450683594,0.11919300258159637,60908.18120370014
66,2460904.7837963,238.4318822,80.0858608,1,18.881887435913086,0.1308681070804596,60904.28379630018
67,2460904.7837963,238.4318822,80.0858608,1,18.881900787353516,0.13086800277233124,60904.28379630018
68,2460904.7415046,238.4322068,80.085864,2,19.246599197387695,0.13847599923610687,60904.241504599806
69,2460904.7415046,238.4322068,80.085864,2,19.246599197387695,0.13847599923610687,60904.241504599806
70,2460902.7586227,238.431649,80.085706,1,18.795499801635742,0.1155489981174469,60902.25862269988
71,2460902.7581481,238.4320506,80.0858082,1,18.878299713134766,0.10165899991989136,60902.25814810023
72,2460902.7012269,238.4319893,80.0857379,2,19.17609977722168,0.16491800546646118,60902.201226899866
73,2460902.7007523,238.4319944,80.0857798,2,18.82900047302246,0.0959940031170845,60902.20075230021
76,2460900.6950926,238.4317682,80.0859305,1,18.972700119018555,0.08339700102806091,60900.19509259984
77,2460900.6794792,238.4320458,80.0857495,1,18.877199172973633,0.16164900362491608,60900.17947919993
78,2460887.7771528,238.4320043,80.0858007,1,19.164600372314453,0.14515900611877441,60887.2771528
81,2460875.703912,238.4320059,80.0858322,1,18.837299346923828,0.11071699857711792,60875.20391200017
82,2460872.9046875,238.4319041,80.0858081,2,18.938669204711914,0.14268086850643158,60872.40468750009
84,2460872.7172801,238.4320921,80.0857623,1,18.804500579833984,0.10775300115346909,60872.2172801001
86,2460870.7626389,238.4322243,80.0858618,2,19.152645111083984,0.19667065143585205,60870.26263889996
87,2460870.7626389,238.4322243,80.0858618,2,19.152599334716797,0.1966709941625595,60870.26263889996
88,2460870.7414468,238.4322169,80.0858686,1,18.9060001373291,0.16081799566745758,60870.241446800064
89,2460870.7414468,238.4322169,80.0858686,1,18.9060001373291,0.16081799566745758,60870.241446800064
90,2460868.8607292,238.4322364,80.0858502,2,19.031200408935547,0.1342879980802536,60868.360729199834
91,2460868.8607292,238.4322364,80.0858502,2,19.031200408935547,0.1342879980802536,60868.360729199834
92,2460868.7008681,238.4320536,80.0858635,1,18.725099563598633,0.14520299434661865,60868.20086809993
93,2460868.7008681,238.4320536,80.0858635,1,18.725099563598633,0.14520299434661865,60868.20086809993
94,2460866.7784259,238.4319552,80.0858845,2,18.66512107849121,0.11294145882129669,60866.2784258998
95,2460866.7784259,238.4319552,80.0858845,2,18.66510009765625,0.11294099688529968,60866.2784258998
96,2460866.699838,238.4321392,80.0858262,1,18.67099952697754,0.12244600057601929,60866.199837999884
97,2460866.699838,238.4321392,80.0858262,1,18.67099952697754,0.12244600057601929,60866.199837999884
98,2460864.923669,238.4318752,80.0858212,1,18.60371971130371,0.10491744428873062,60864.423669000156
99,2460864.923669,238.4318752,80.0858212,1,18.603700637817383,0.1049169972538948,60864.423669000156
100,2460864.8734028,238.4321748,80.0858331,2,18.861000061035156,0.1373559981584549,60864.373402799945
101,2460864.8734028,238.4321748,80.0858331,2,18.861000061035156,0.1373559981584549,60864.373402799945
102,2460861.9425347,238.4320537,80.0858407,1,18.737600326538086,0.09458000212907791,60861.442534700036
104,2460859.8690625,238.4318982,80.0858405,1,18.748300552368164,0.09918499737977982,60859.369062500075
106,2460859.8016319,238.4320018,80.0858187,2,18.579500198364258,0.08871500194072723,60859.301631900016
107,2460859.8011574,238.4317857,80.0857219,2,18.724599838256836,0.11033300310373306,60859.30115740001
108,2460859.7426157,238.4318162,80.0858456,1,18.560699462890625,0.09968800097703934,60859.24261569977
109,2460859.7421528,238.4319192,80.0858357,1,18.61720085144043,0.14243699610233307,60859.24215279985
110,2460857.8422801,238.4321495,80.085848,2,18.603364944458008,0.08270124346017838,60857.3422801001
111,2460857.8422801,238.4321495,80.085848,2,18.6033992767334,0.08270099759101868,60857.3422801001
113,2460857.8412269,238.4321721,80.085836,2,18.980073928833008,0.1498384177684784,60857.3412269
114,2460857.8412269,238.4321721,80.085836,2,18.980100631713867,0.14983800053596497,60857.3412269
116,2460857.8200926,238.432254,80.0858727,1,18.84510040283203,0.10469400137662888,60857.32009259984
117,2460857.8200926,238.432254,80.0858727,1,18.84510040283203,0.10469400137662888,60857.32009259984
119,2460857.8007292,238.4317424,80.0857893,1,18.591699600219727,0.11310199648141861,60857.30072919978
120,2460857.8002662,238.4320848,80.0858446,1,18.726299285888672,0.07777799665927887,60857.30026620021
121,2460857.8002662,238.4320848,80.0858446,1,18.726299285888672,0.07777799665927887,60857.30026620021
122,2460857.7426157,238.4318897,80.0858289,2,18.685400009155273,0.09886100143194199,60857.24261569977
124,2460855.820162,238.4316557,80.0857627,2,18.47879981994629,0.10887400060892105,60855.320162000135
125,2460855.7989236,238.4318258,80.0857413,2,18.80590057373047,0.11828099936246872,60855.2989236
126,2460855.7840625,238.4320157,80.0857987,1,18.70840072631836,0.104264996945858,60855.28406250011
127,2460855.7825579,238.432299,80.0858529,1,18.64080047607422,0.10322599858045578,60855.282557900064
128,2460855.7585648,238.4321327,80.0857242,1,18.742599487304688,0.11267700046300888,60855.258564800024
129,2460853.8458912,238.4320196,80.0858504,2,18.993314743041992,0.1357443928718567,60853.345891200006
130,2460853.8458912,238.4320196,80.0858504,2,18.99329948425293,0.13574400544166565,60853.345891200006
131,2460853.8086343,238.4319091,80.085691,1,18.661800384521484,0.09437199681997299,60853.308634299785
132,2460853.8081597,238.4319896,80.0859073,1,18.891599655151367,0.11036700010299683,60853.30815970013
133,2460853.8081597,238.4319896,80.0859073,1,18.891599655151367,0.11036700010299683,60853.30815970013
134,2460853.7891319,238.4323364,80.0858462,2,18.737300872802734,0.09795700013637543,60853.28913189983
135,2460853.7529167,238.4318779,80.0859808,2,18.644500732421875,0.08600199967622757,60853.25291670021
136,2460853.7122454,238.4317204,80.0858713,1,18.78030014038086,0.0920960009098053,60853.212245400064
137,2460853.7122454,238.4317204,80.0858713,1,18.78030014038086,0.0920960009098053,60853.212245400064
138,2460851.8487847,238.4322848,80.0858295,2,18.80074119567871,0.11653012037277222,60851.348784700036
139,2460851.8487847,238.4322795,80.0858288,2,18.782100677490234,0.11671499907970428,60851.348784700036
140,2460851.8208912,238.4318498,80.085804,2,18.65559959411621,0.09760899841785431,60851.3208912001
141,2460851.8204282,238.4315246,80.0859379,2,18.424699783325195,0.07849700003862381,60851.320428200066
142,2460851.7518519,238.4322162,80.0859859,2,18.47450065612793,0.16225500404834747,60851.251851900015
143,2460851.7324074,238.4343675,80.0856941,2,18.786800384521484,0.20965099334716797,60851.23240739992
145,2460849.7809606,238.4321662,80.0858318,2,18.71820068359375,0.07656999677419662,60849.28096059989
146,2460849.7561227,238.431842,80.0858564,2,18.55780029296875,0.07005699723958969,60849.25612269994
147,2460849.7432639,238.4319906,80.0857833,2,18.7189998626709,0.09575100243091583,60849.243263899814
148,2460849.7237153,238.4321082,80.0858195,1,18.68400001525879,0.0755079984664917,60849.223715300206
149,2460849.7226505,238.4320601,80.0858424,1,18.66349983215332,0.10448300093412399,60849.222650500014
150,2460849.7080093,238.431915,80.0857653,1,18.545299530029297,0.09167599678039551,60849.20800929982
151,2460847.7993056,238.4319427,80.0859294,2,19.0293025970459,0.12058991193771362,60847.299305600114
153,2460847.7729514,238.4320563,80.0858319,2,18.558300018310547,0.13005900382995605,60847.27295139991
154,2460847.7640741,238.4319954,80.0858165,2,18.441699981689453,0.055323000997304916,60847.26407410018
155,2460847.7468403,238.4320733,80.0858531,1,18.718399047851562,0.0818220004439354,60847.24684030004
156,2460847.7463773,238.4319601,80.0857254,1,18.474700927734375,0.08881799876689911,60847.246377300005
157,2460847.7434259,238.4321249,80.0858271,1,18.66360092163086,0.09301900118589401,60847.24342590012
159,2460845.8059722,238.4320363,80.0858308,2,18.41069984436035,0.06514500081539154,60845.30597219989
160,2460845.804919,238.4320824,80.085804,2,18.703399658203125,0.09808299690485,60845.304918999784
161,2460845.7606481,238.4315863,80.0859712,2,18.412700653076172,0.08316700160503387,60845.26064810017
162,2460845.7406944,238.4320704,80.0858387,1,18.533899307250977,0.08224599808454514,60845.24069439992
163,2460845.7377431,238.4318412,80.0857829,1,18.375099182128906,0.09019500017166138,60845.23774310015
164,2460845.7227894,238.4322062,80.0858235,1,18.615699768066406,0.06705799698829651,60845.22278939979
165,2460843.779375,238.4320475,80.0858342,1,18.56800079345703,0.10818599909543991,60843.279374999925
166,2460843.7778125,238.431745,80.0857105,1,18.39579963684082,0.0783189982175827,60843.27781250002
167,2460843.7451736,238.4321418,80.0859029,2,18.662399291992188,0.08190800249576569,60843.24517360004
168,2460843.7441667,238.4319474,80.0857965,2,18.493600845336914,0.1075420007109642,60843.24416670017
169,2460843.7436921,238.4318985,80.0858694,2,18.49920082092285,0.08062899857759476,60843.24369210005
170,2460843.7202546,238.432022,80.0858392,1,18.519800186157227,0.0622670017182827,60843.22025460005
171,2460841.826331,238.431828,80.0858662,2,18.85540008544922,0.15929000079631805,60841.326330999844
172,2460841.8253241,238.4320182,80.0858273,2,18.45800018310547,0.11931400001049042,60841.32532409998
173,2460839.9277662,238.4318634,80.0858092,1,18.65489959716797,0.14052699506282806,60839.427766200155
174,2460839.8673264,238.4321367,80.0858697,2,18.604299545288086,0.07968000322580338,60839.36732639978
176,2460839.8169792,238.4320445,80.0858298,2,18.443199157714844,0.135234996676445,60839.31697920011
178,2460839.8005556,238.431754,80.0858115,2,18.353300094604492,0.09036999940872192,60839.30055559985
179,2460839.8005556,238.431754,80.0858115,2,18.353300094604492,0.09036999940872192,60839.30055559985
180,2460839.7404745,238.4319735,80.085836,1,18.636899948120117,0.12383399903774261,60839.24047450023
181,2460839.7404745,238.4319735,80.085836,1,18.636899948120117,0.12383399903774261,60839.24047450023
182,2460837.7649074,238.4321219,80.0858293,2,18.48740005493164,0.0874050036072731,60837.264907400124
183,2460836.945,238.4320786,80.0858071,1,18.46380043029785,0.1441420018672943,60836.44499999983
184,2460836.9430208,238.4321754,80.0856532,1,18.353099822998047,0.10089799761772156,60836.44302080013
185,2460836.8028472,238.4322818,80.0858453,2,18.38010025024414,0.139274001121521,60836.30284720007
186,2460836.7999884,238.4318759,80.0857557,2,18.550399780273438,0.14230599999427795,60836.29998840019
187,2460835.9300463,238.431778,80.0858287,1,18.547500610351562,0.08390100300312042,60835.43004629994
188,2460834.9138079,238.431813,80.0857684,1,18.583900451660156,0.1012519970536232,60834.41380790016
189,2460834.9118866,238.4320546,80.0858537,1,18.6697998046875,0.1056319996714592,60834.411886599846
190,2460834.8466435,238.4324196,80.0858413,2,18.845199584960938,0.10418199747800827,60834.34664350003
191,2460834.7486458,238.4322037,80.0859535,2,18.64550018310547,0.10280600190162659,60834.248645800166
193,2460832.871331,238.4320984,80.0858351,1,18.778099060058594,0.12626199424266815,60832.37133099977
194,2460832.8355093,238.4323394,80.0857293,1,18.500200271606445,0.1130099967122078,60832.33550930023
195,2460832.7954977,238.4320198,80.0857753,2,18.736099243164062,0.1079690009355545,60832.295497700106
196,2460831.8439699,238.4318741,80.0858622,2,18.628799438476562,0.06796800345182419,60831.34396990016
197,2460831.7369792,238.4318506,80.0858671,1,18.791799545288086,0.11541800200939178,60831.23697920004
198,2460830.8935764,238.4314922,80.0857476,1,18.576200485229492,0.12082400172948837,60830.39357639989
202,2460828.8203009,238.4318191,80.0858115,1,18.811100006103516,0.08878999948501587,60828.32030089991
205,2460824.824375,238.4316456,80.0858572,2,18.85540008544922,0.08286400139331818,60824.32437499985
207,2460824.7796065,238.4322469,80.0857749,1,18.81730079650879,0.13484600186347961,60824.279606500175
208,2460824.7791319,238.4315215,80.0858049,1,19.087099075317383,0.09357699751853943,60824.27913190005
209,2460822.9302546,238.4318811,80.0858494,1,19.009199142456055,0.06832599639892578,60822.43025460001
210,2460822.9297801,238.4319347,80.0857214,1,18.897300720214844,0.10530800372362137,60822.42978010001
211,2460822.8881944,238.4322171,80.0858955,2,18.9507999420166,0.08410199731588364,60822.388194399886
214,2460822.8258681,238.4318254,80.0858502,1,19.01799964904785,0.11016599833965302,60822.32586809993
215,2460820.9130556,238.4319723,80.0859125,2,18.82670021057129,0.08313100039958954,60820.41305560013
216,2460820.9125926,238.4320104,80.0858208,2,18.84429931640625,0.13717900216579437,60820.4125926001
217,2460820.9069792,238.4327795,80.0858182,2,19.188800811767578,0.1538960039615631,60820.406979199965
218,2460820.8680324,238.4320432,80.0858321,1,19.032800674438477,0.12599100172519684,60820.36803240003
219,2460820.8645602,238.4317675,80.085879,1,19.014299392700195,0.07384499907493591,60820.3645601999
220,2460820.8413079,238.4319146,80.0858009,1,18.772199630737305,0.10840900242328644,60820.341307899915
221,2460818.906331,238.432131,80.0858556,2,18.814199447631836,0.07154999673366547,60818.40633099992
223,2460818.8690741,238.4320123,80.085855,1,18.864099502563477,0.07387500256299973,60818.36907410016
225,2460818.8268403,238.4319368,80.0857791,1,18.585500717163086,0.08717700093984604,60818.32684030011
226,2460818.8066204,238.4321204,80.0858062,2,18.797100067138672,0.12926700711250305,60818.30662039993
227,2460816.9518981,238.4317839,80.085748,1,18.76289939880371,0.11248700320720673,60816.451898099855
228,2460816.8919676,238.4318401,80.0857839,2,18.7721004486084,0.08502499759197235,60816.39196760021
229,2460816.8914931,238.4318091,80.0856643,2,18.893800735473633,0.13004399836063385,60816.39149310021
231,2460816.8478704,238.4317031,80.0857525,1,19.06089973449707,0.09803000092506409,60816.347870400175
232,2460816.8454051,238.4320108,80.0858293,1,18.934799194335938,0.10582700371742249,60816.34540509991
233,2460814.845544,238.4317386,80.0858559,2,18.91990089416504,0.1287350058555603,60814.345544000156
235,2460814.7850579,238.4318784,80.085926,1,19.20549964904785,0.35481101274490356,60814.28505790001
236,2460811.9542593,238.4323979,80.0858931,1,19.071699142456055,0.15732699632644653,60811.45425930014
239,2460810.7664931,238.4319165,80.0858314,1,18.921499252319336,0.09505099803209305,60810.26649310021
240,2460810.7660185,238.4322737,80.0856871,1,18.803499221801758,0.177387997508049,60810.266018500086
242,2460807.7250231,238.432144,80.0857844,1,19.109600067138672,0.14250800013542175,60807.22502310015
245,2460806.7813079,238.4317768,80.0858835,2,18.939199447631836,0.19968900084495544,60806.28130789986
247,2460805.8028241,238.4320267,80.0858135,1,19.1023006439209,0.17859600484371185,60805.302824100014
248,2460804.949375,238.4322331,80.0858369,1,19.34429931640625,0.16384699940681458,60804.44937499985
249,2460804.9340509,238.4322873,80.0856452,1,18.797800064086914,0.19023199379444122,60804.43405089993
251,2460804.9090162,238.4322472,80.0857445,2,19.352800369262695,0.20840400457382202,60804.409016199876
253,2460798.8961458,238.4319247,80.0858515,1,19.418100357055664,0.10930900275707245,60798.39614580013
254,2460798.8244444,238.4311953,80.0858126,1,19.330400466918945,0.18828800320625305,60798.32444440015
256,2460796.8807176,238.4318753,80.0858228,1,19.774999618530273,0.14326700568199158,60796.38071760023
257,2460796.8653588,238.4315025,80.0857419,1,19.21470069885254,0.15796199440956116,60796.36535880016
262,2460790.8878356,238.4320078,80.0857397,1,19.13759994506836,0.14832599461078644,60790.38783559995
264,2460789.8397222,238.4319795,80.0857853,1,19.51889991760254,0.1349709928035736,60789.33972219983
265,2460789.8265278,238.4319762,80.0858242,1,19.299100875854492,0.19031399488449097,60789.326527799945
267,2460788.8076968,238.4324113,80.0857457,1,19.30900001525879,0.17163300514221191,60788.30769680021
270,2460787.7585417,238.4325628,80.0859155,1,19.426000595092773,0.1918099969625473,60787.258541699965
273,2460786.8168866,238.4321424,80.0857782,1,19.315500259399414,0.16436100006103516,60786.31688660011
274,2460785.8218287,238.4323774,80.0858489,1,19.380300521850586,0.12439499795436859,60785.32182870014
275,2460785.8212153,238.4323338,80.0857811,1,19.68829917907715,0.12957699596881866,60785.32121529989
296,2460771.8449884,238.4322482,80.0857202,1,19.58609962463379,0.2969120144844055,60771.34498840012
301,2460761.7854861,238.4317047,80.0856503,1,19.878000259399414,0.17282499372959137,60761.285486099776
306,2460759.7848611,238.4322916,80.0857213,1,19.95789909362793,0.1910029947757721,60759.284861099906
309,2460758.9060301,238.432392,80.0858367,1,19.295299530029297,0.19409899413585663,60758.40603009984
313,2460756.9198958,238.4325732,80.0857481,1,19.385000228881836,0.20430800318717957,60756.41989579983
314,2460756.8752431,238.4331849,80.0857666,2,19.295700073242188,0.2248779982328415,60756.37524309987
315,2460755.8228009,238.4324369,80.0857778,1,18.67530059814453,0.16228100657463074,60755.322800899856
319,2460754.8314931,238.4328637,80.0857363,1,19.284799575805664,0.281823992729187,60754.33149310015
320,2460753.8744907,238.4319331,80.0859036,1,19.6476993560791,0.20660200715065002,60753.3744907002
325,2460743.8773611,238.4325843,80.0857461,2,19.33650016784668,0.1687459945678711,60743.37736110017
329,2460739.9265162,238.4320919,80.0858315,1,19.28420066833496,0.23835299909114838,60739.42651619995
333,2460733.8613889,238.4332134,80.0860438,2,18.953899383544922,0.12782299518585205,60733.36138889985
334,2460733.8201157,238.4331807,80.0854897,1,18.95359992980957,0.19631600379943848,60733.3201156999
337,2460731.908588,238.4321247,80.0858625,2,19.03070068359375,0.13719399273395538,60731.40858800011
339,2460729.9153125,238.4320528,80.0858486,1,19.462799072265625,0.1354140043258667,60729.415312500205
341,2460729.8893981,238.4322964,80.0857916,2,19.015300750732422,0.1584399938583374,60729.389398099855
342,2460729.8481944,238.4326383,80.085599,1,18.886899948120117,0.13539600372314453,60729.34819439985
344,2460727.9293171,238.4319349,80.0857695,1,19.020099639892578,0.15917399525642395,60727.42931709997
345,2460727.9278472,238.4333539,80.0855749,1,19.015399932861328,0.15112599730491638,60727.42784720007
348,2460725.9223727,238.4320938,80.0857211,1,19.125499725341797,0.18229800462722778,60725.42237270018
349,2460725.9033565,238.4320923,80.0858667,1,19.04210090637207,0.13383600115776062,60725.40335649997
363,2460710.926713,238.4321985,80.0856717,2,18.023000717163086,0.15862800180912018,60710.42671300005
365,2460710.8902431,238.4323602,80.0856288,2,18.969200134277344,0.17080099880695343,60710.3902431
366,2460706.0309491,238.4323287,80.0857011,1,19.084800720214844,0.14447399973869324,60705.53094909992
367,2460706.0113889,238.4321365,80.0858286,1,19.27720069885254,0.12989400327205658,60705.511388900224
369,2460705.8376505,238.4334221,80.0857708,2,18.802600860595703,0.16687999665737152,60705.33765049977
372,2460698.9708333,238.4339321,80.0858939,2,18.581899642944336,0.11278600245714188,60698.47083330015
374,2460696.9942361,238.4338864,80.0854709,1,18.963899612426758,0.18762800097465515,60696.4942361
376,2460695.914456,238.4320094,80.0857795,1,19.20490074157715,0.19366799294948578,60695.414456000086
377,2460695.8896296,238.432053,80.085935,2,19.139999389648438,0.09713300317525864,60695.389629600104
378,2460694.9902662,238.4328504,80.085808,1,18.84749984741211,0.14890700578689575,60694.490266200155
379,2460694.9257523,238.4324107,80.0857275,2,18.90130043029785,0.13073399662971497,60694.42575229984
380,2460693.9906713,238.4327179,80.0858326,2,19.127899169921875,0.1427990049123764,60693.49067129986
381,2460693.9900579,238.4319385,80.0858654,2,18.838699340820312,0.13624000549316406,60693.49005790008
382,2460693.9324306,238.4315838,80.085777,1,19.29759979248047,0.14918099343776703,60693.432430599816
386,2460691.9986806,238.4327093,80.0858871,2,18.754899978637695,0.13387200236320496,60691.498680599965
399,2460684.9135995,238.4324496,80.0860192,2,18.943899154663086,0.15435799956321716,60684.41359949997
401,2460682.9549421,238.432681,80.0858727,2,19.17770004272461,0.16744999587535858,60682.454942100216
403,2460682.9094444,238.4330197,80.0858229,1,19.60740089416504,0.20921100676059723,60682.40944440011
404,2460680.9523727,238.4311752,80.0856169,1,19.368099212646484,0.2292180061340332,60680.452372699976
407,2460679.0300579,238.4322061,80.0860022,2,19.153099060058594,0.17242500185966492,60678.53005790012
410,2460677.039375,238.4318587,80.0857645,2,18.796899795532227,0.13677600026130676,60676.53937500017
411,2460677.039375,238.4318587,80.0857645,2,18.796899795532227,0.13677600026130676,60676.53937500017
413,2460675.0384838,238.4324204,80.0856254,1,18.95439910888672,0.14627300202846527,60674.5384837999
414,2460675.0380093,238.431856,80.0858686,1,19.238399505615234,0.12427700310945511,60674.5380092999
421,2460665.0157176,238.4327561,80.0856898,1,19.36520004272461,0.24194900691509247,60664.51571760001
429,2460653.0391782,238.4324061,80.0858112,2,18.929000854492188,0.12410199642181396,60652.539178200066
430,2460653.0185301,238.4327103,80.0856218,1,18.876399993896484,0.17304599285125732,60652.51853010012
431,2460652.9896296,238.4322218,80.0858306,1,18.944499969482422,0.1165279969573021,60652.4896296002
433,2460651.0340278,238.4316302,80.0855939,1,18.888999938964844,0.13544000685214996,60650.534027799964
435,2460651.0113542,238.4327799,80.0857944,1,19.015899658203125,0.12252900004386902,60650.511354200076
436,2460650.9912384,238.4323262,80.0858137,2,18.833999633789062,0.10134000331163406,60650.491238399874
437,2460649.011088,238.4313173,80.0858653,1,19.179500579833984,0.12569600343704224,60648.511088000145
438,2460647.0379167,238.4324229,80.0858076,2,18.932100296020508,0.09862399846315384,60646.53791669989
439,2460647.0166782,238.4319244,80.0858583,1,19.050899505615234,0.11474800109863281,60646.5166782001
444,2460625.6009491,238.4313343,80.0857317,1,19.460500717163086,0.19441300630569458,60625.10094910022
445,2460622.6372801,238.4312987,80.0858754,2,19.226999282836914,0.24285000562667847,60622.137280100025
448,2460618.6149537,238.4319947,80.0858367,1,18.690099716186523,0.12714800238609314,60618.11495369999
450,2460610.6366204,238.4320426,80.0858067,1,18.98040008544922,0.0934389978647232,60610.13662040001
451,2460608.6753819,238.4316889,80.0856152,2,19.41069984436035,0.22074900567531586,60608.17538189981
452,2460608.6170139,238.4320226,80.0858677,1,18.854700088500977,0.11036799848079681,60608.117013900075
453,2460606.6768056,238.4318883,80.0858255,1,18.955900192260742,0.13378700613975525,60606.17680560006
454,2460606.6568287,238.4324967,80.0857954,2,19.145299911499023,0.21182699501514435,60606.1568287001
456,2460604.6336574,238.4320734,80.0858516,1,18.750099182128906,0.12542499601840973,60604.13365740003
459,2460597.6910995,238.4319666,80.0857978,1,18.990400314331055,0.13501599431037903,60597.19109949982
462,2460595.6330324,238.4325344,80.0857018,1,18.99449920654297,0.2339870035648346,60595.13303240016
463,2460577.747338,238.4325608,80.0858059,1,19.4862003326416,0.17528000473976135,60577.24733800022
466,2460576.6811111,238.432379,80.0856491,2,19.265995025634766,0.11296527832746506,60576.18111110013
470,2460576.6337037,238.4322138,80.0857815,1,19.092300415039062,0.10911999642848969,60576.1337036998
473,2460575.6795949,238.4319556,80.0856823,2,19.150699615478516,0.16165900230407715,60575.17959489999
478,2460571.6548264,238.4314644,80.085731,1,18.98069953918457,0.19541199505329132,60571.15482639987
479,2460571.6543519,238.4328574,80.0856851,1,18.769800186157227,0.20921699702739716,60571.154351899866
480,2460568.7811806,238.4310301,80.0856783,1,19.65369987487793,0.25136300921440125,60568.28118060017
481,2460568.7811806,238.4310737,80.085687,1,19.62179946899414,0.24219700694084167,60568.28118060017
483,2460568.697581,238.4317499,80.0855788,2,19.1387996673584,0.22588999569416046,60568.19758100016
484,2460568.6765856,238.4322086,80.0858466,2,19.124399185180664,0.11650999635457993,60568.17658559978
486,2460568.6613889,238.432094,80.0856865,1,18.81559944152832,0.10923299938440323,60568.16138890013
490,2460566.6577662,238.4320364,80.0856914,1,19.000499725341797,0.17418499290943146,60566.15776620014
491,2460564.7390394,238.4328007,80.0858018,1,19.250099182128906,0.14197799563407898,60564.23903940013
492,2460562.7184838,238.4321527,80.0858079,1,18.824499130249023,0.1361519992351532,60562.21848380007
494,2460558.762963,238.4320557,80.0858933,1,19.20199966430664,0.1619260013103485,60558.26296300022
495,2460558.6978819,238.4316993,80.0857317,2,19.088699340820312,0.1348010003566742,60558.197881899774
496,2460558.6593056,238.4319759,80.0857203,1,18.864599227905273,0.1525990068912506,60558.159305599984
497,2460556.7193981,238.4322898,80.0858627,1,19.170799255371094,0.13111700117588043,60556.21939809993
499,2460556.6990046,238.4315481,80.0857289,1,19.219600677490234,0.15955999493598938,60556.199004599825
500,2460556.6792361,238.4320834,80.0857925,2,19.326400756835938,0.15141500532627106,60556.179236100055
503,2460554.7405208,238.4318414,80.0857277,1,19.224000930786133,0.19183099269866943,60554.2405208
504,2460554.7390394,238.4320501,80.0858491,1,19.29560089111328,0.1300320029258728,60554.23903940013
509,2460552.8222801,238.4321551,80.0857419,1,19.36039924621582,0.1665869951248169,60552.32228010008
511,2460550.803669,238.4319358,80.0857951,1,19.518999099731445,0.14881399273872375,60550.303669000044
513,2460548.8379167,238.4320945,80.0857695,1,19.066699981689453,0.14524999260902405,60548.33791670017
516,2460547.7034144,238.4320331,80.0857289,1,18.88800048828125,0.10860700160264969,60547.20341440011
517,2460546.825706,238.431399,80.0856798,1,19.10580062866211,0.23853300511837006,60546.325705999974
520,2460544.705081,238.4321258,80.0858608,1,19.222900390625,0.15352000296115875,60544.20508099999
521,2460540.8402546,238.4325326,80.0856661,1,19.381399154663086,0.24175000190734863,60540.34025460016
523,2460538.8453704,238.4317987,80.0857919,1,19.075700759887695,0.12219800055027008,60538.34537040023
525,2460536.8004977,238.4320624,80.0858231,1,19.38319969177246,0.16980299353599548,60536.300497699995
530,2460530.7604745,238.4315182,80.0856991,1,19.153499603271484,0.17031900584697723,60530.26047449978
531,2460530.7388889,238.4316167,80.0858181,2,19.257600784301758,0.14885100722312927,60530.238888899796
534,2460528.8040394,238.4319041,80.0857156,1,19.341699600219727,0.19642700254917145,60528.30403940007
539,2460526.8255324,238.431809,80.0856908,1,19.17020034790039,0.13797800242900848,60526.32553240005
542,2460526.7791088,238.4317295,80.0859355,2,19.207000732421875,0.10426899790763855,60526.279108799994
544,2460524.8828125,238.4337749,80.0856502,2,19.568099975585938,0.20048299431800842,60524.3828125
546,2460524.8588426,238.4320905,80.0858525,1,19.351200103759766,0.13429699838161469,60524.35884260014
547,2460524.8264931,238.4318623,80.0857357,1,18.8700008392334,0.151201993227005,60524.3264930998
549,2460524.7607639,238.4320102,80.0858348,2,19.14240074157715,0.11821699887514114,60524.26076389989
551,2460521.8431481,238.4319923,80.085832,1,19.005199432373047,0.1116349995136261,60521.34314810019
553,2460520.8204398,238.4316761,80.0857111,1,18.713699340820312,0.12355899810791016,60520.320439800154
554,2460520.8204398,238.4316761,80.0857111,1,18.713699340820312,0.12355899810791016,60520.320439800154
555,2460520.7636458,238.4312407,80.0858184,2,19.042999267578125,0.11536800116300583,60520.26364579983
558,2460519.8090509,238.431875,80.0858113,2,18.69890022277832,0.09584499895572662,60519.30905089993
559,2460519.7452315,238.4322026,80.0857418,1,19.079599380493164,0.12346299737691879,60519.245231499895
560,2460518.8045023,238.4319699,80.0857421,2,18.850299835205078,0.11525599658489227,60518.30450229999
561,2460518.7698495,238.4316094,80.0857488,1,18.848800659179688,0.14762699604034424,60518.26984950015
562,2460517.7155324,238.431997,80.0858458,1,19.253799438476562,0.13740499317646027,60517.21553240018
563,2460516.8800926,238.4323476,80.0857431,2,19.156099319458008,0.15299199521541595,60516.380092599895
565,2460516.7829745,238.4321649,80.0857275,1,18.767099380493164,0.1262030005455017,60516.28297450021
566,2460516.7652662,238.4318087,80.0857077,2,18.928600311279297,0.13168099522590637,60516.26526620006
567,2460515.8056481,238.4322758,80.085852,1,18.88629913330078,0.13212700188159943,60515.3056481001
568,2460515.7809606,238.4319059,80.0858931,2,18.745399475097656,0.12618699669837952,60515.28096059989
569,2460514.9233912,238.4320188,80.0858763,1,18.87299919128418,0.15672199428081512,60514.42339120014
570,2460514.8267593,238.4325074,80.0857998,2,18.970300674438477,0.20065300166606903,60514.326759300195
573,2460513.7851736,238.4317399,80.0858892,2,18.736099243164062,0.13796600699424744,60513.285173600074
574,2460513.740706,238.4321803,80.08582,1,19.05430030822754,0.17902100086212158,60513.24070600001
576,2460512.7203588,238.4318598,80.085797,1,18.880300521850586,0.17593200504779816,60512.22035880014
577,2460511.9089352,238.4323184,80.0857435,1,18.931400299072266,0.17440199851989746,60511.40893519996
578,2460511.822963,238.4323972,80.0858446,2,18.617399215698242,0.1370439976453781,60511.32296299981
579,2460511.8223495,238.432483,80.0857469,2,18.904600143432617,0.18994300067424774,60511.32234949991
580,2460511.717963,238.4323089,80.0858527,1,18.97610092163086,0.139957994222641,60511.21796299983
582,2460510.7413194,238.4318779,80.0856688,1,18.731599807739258,0.1453070044517517,60510.24131939979
583,2460509.8833912,238.4321267,80.0858391,1,18.864099502563477,0.15281499922275543,60509.3833912001
585,2460509.7854051,238.4318759,80.0859579,2,19.058799743652344,0.1657709926366806,60509.28540509986
587,2460508.7797338,238.4318028,80.0857684,2,18.628299713134766,0.09933699667453766,60508.27973379986
588,2460507.9123611,238.4320057,80.0857846,1,18.867300033569336,0.10581199824810028,60507.41236109985
589,2460507.8212269,238.431654,80.0858497,1,18.7898006439209,0.08072199672460556,60507.32122689998
590,2460507.7781019,238.4318754,80.085905,2,18.783599853515625,0.09563200175762177,60507.27810190013
591,2460507.7737153,238.4318524,80.0858819,2,18.689300537109375,0.1387680023908615,60507.27371530002
592,2460505.845463,238.4318938,80.0857595,1,18.53890037536621,0.09079000353813171,60505.34546299977
593,2460505.7165741,238.431536,80.0858774,2,18.75979995727539,0.09792400151491165,60505.216574099846
594,2460504.8738657,238.4318979,80.0858861,2,19.083499908447266,0.18827399611473083,60504.37386569986
596,2460504.8489815,238.4320943,80.0858297,1,18.675399780273438,0.10171099752187729,60504.34898150014
597,2460504.7828819,238.4317771,80.0858369,2,18.518400192260742,0.0896880030632019,60504.2828819002
598,2460503.8290046,238.4320427,80.0855583,1,18.460399627685547,0.16684000194072723,60503.32900460018
599,2460503.7833449,238.4320021,80.0857538,2,18.68090057373047,0.13108399510383606,60503.28334489977
600,2460502.9058796,238.4320394,80.0858274,1,18.589000701904297,0.11249999701976776,60502.40587959997
601,2460502.8534491,238.4323939,80.0858413,2,18.944700241088867,0.11580999940633774,60502.35344910016
602,2460502.8505903,238.4317385,80.0858798,2,18.600500106811523,0.1008559986948967,60502.350590299815
603,2460502.6756019,238.4319732,80.085906,1,18.800500869750977,0.10888099670410156,60502.17560190009
604,2460501.8232523,238.4317081,80.085727,2,18.611499786376953,0.12017399817705154,60501.3232522998
605,2460501.718287,238.4316463,80.0857995,1,18.476900100708008,0.07744000107049942,60501.21828699997
607,2460500.8434375,238.4321054,80.0858172,1,18.534099578857422,0.11488299816846848,60500.34343749983
608,2460494.9099537,238.4317548,80.0858422,1,18.811100006103516,0.12475299835205078,60494.40995369991
609,2460494.8622338,238.4317903,80.0859026,2,18.46619987487793,0.0899910032749176,60494.36223379988
610,2460494.8442824,238.4320946,80.0857677,2,18.797100067138672,0.13464699685573578,60494.34428239986
611,2460494.8051736,238.4318801,80.085716,1,18.40839958190918,0.08411800116300583,60494.30517360009
612,2460494.7806134,238.4320422,80.0858169,1,18.81130027770996,0.1170559972524643,60494.28061340004
614,2460490.9070718,238.431844,80.0857939,2,18.918399810791016,0.12359599769115448,60490.40707179997
615,2460490.8594676,238.4320154,80.0858428,1,18.9158992767334,0.1034649983048439,60490.35946760001
616,2460490.8583681,238.4317079,80.0857846,1,18.53059959411621,0.08654999732971191,60490.35836810013
617,2460490.8578935,238.4316912,80.0858567,1,18.755699157714844,0.08573800325393677,60490.35789350001
618,2460490.7802778,238.431784,80.0858507,2,18.525100708007812,0.07636699825525284,60490.280277799815
619,2460490.7613426,238.4314996,80.085867,2,18.585899353027344,0.10535699874162674,60490.26134259999
620,2460488.9098843,238.4324142,80.085822,1,18.663700103759766,0.1340170055627823,60488.40988430008
621,2460488.8252431,238.4315566,80.0858767,2,18.96739959716797,0.16288399696350098,60488.32524310006
622,2460488.8237616,238.4317528,80.0859606,2,18.705900192260742,0.08068300038576126,60488.32376160007
623,2460488.823287,238.4316459,80.0858756,2,18.528400421142578,0.08064600080251694,60488.32328699995
624,2460488.7611111,238.4320041,80.0858332,1,18.622600555419922,0.11053700000047684,60488.261111100204
625,2460488.7600579,238.4317539,80.085821,1,18.57509994506836,0.08593899756669998,60488.2600579001
626,2460486.7372569,238.431676,80.085764,1,17.64900016784668,0.14774100482463837,60486.23725689994
627,2460485.8466319,238.432262,80.0858107,2,18.927000045776367,0.12452699989080429,60485.34663189994
628,2460485.8460185,238.431787,80.085761,2,18.56130027770996,0.08899000287055969,60485.34601850016
630,2460485.7459838,238.4322159,80.0857762,1,18.966299057006836,0.1622679978609085,60485.24598379992
633,2460484.6981944,238.4319274,80.0857393,1,18.498699188232422,0.1458519995212555,60484.19819439994
634,2460483.8902546,238.4321752,80.0858517,1,18.625,0.14170099794864655,60483.39025459997
635,2460483.8887731,238.4322579,80.0857874,1,18.986499786376953,0.1995600014925003,60483.388773099985
636,2460483.8183218,238.4326316,80.0858869,2,18.699100494384766,0.13549500703811646,60483.31832179986
638,2460483.8177083,238.4319304,80.0857683,2,18.98080062866211,0.18070299923419952,60483.31770829996
639,2460482.8230787,238.4316491,80.0859995,2,18.748199462890625,0.12774500250816345,60482.323078699876
640,2460482.7267014,238.4319298,80.0857998,1,18.652799606323242,0.15930399298667908,60482.22670139978
641,2460481.8511574,238.4323681,80.0858139,2,18.488000869750977,0.1162709966301918,60481.351157399826
643,2460481.8501157,238.4315045,80.0858088,2,19.327199935913086,0.16045799851417542,60481.35011570016
645,2460481.7652894,238.4319628,80.0858683,1,18.725900650024414,0.12744200229644775,60481.26528939977
647,2460481.7433449,238.4320542,80.0858476,1,18.618900299072266,0.11427100002765656,60481.2433449002
649,2460480.9070949,238.4321021,80.0857019,1,18.54990005493164,0.13314199447631836,60480.40709490003
650,2460480.841412,238.4320033,80.0858303,2,18.690900802612305,0.12736700475215912,60480.34141199989
652,2460479.8866088,238.4322815,80.0858724,1,18.832599639892578,0.12092900276184082,60479.38660879992
653,2460479.8503588,238.4315269,80.085886,2,19.000600814819336,0.14466699957847595,60479.35035880003
654,2460479.8215509,238.4321359,80.0858664,2,18.736900329589844,0.11100800335407257,60479.32155090012
655,2460477.8598032,238.4320986,80.0857485,2,18.52400016784668,0.15082600712776184,60477.35980319977
656,2460477.7826505,238.4323543,80.0858292,1,18.525800704956055,0.14846299588680267,60477.28265050007
657,2460476.9054167,238.4319301,80.0858773,1,18.777799606323242,0.1084659993648529,60476.40541670006
659,2460476.8865509,238.4317891,80.0858371,1,18.725900650024414,0.07174400240182877,60476.38655090006
660,2460476.7960532,238.4320734,80.0858751,2,18.572999954223633,0.10066600143909454,60476.29605320003
661,2460475.9279282,238.4318704,80.0856798,1,18.631500244140625,0.10004200041294098,60475.42792819999
662,2460475.7634606,238.4323248,80.0858223,2,18.66900062561035,0.137581005692482,60475.26346059982
663,2460474.9154514,238.4328456,80.0857859,1,18.786399841308594,0.1014069989323616,60474.41545139998
664,2460474.9149769,238.4313652,80.0857662,1,18.51300048828125,0.08665800094604492,60474.41497689998
665,2460473.9285532,238.4320479,80.085838,1,18.668500900268555,0.11708100140094757,60473.42855319986
666,2460473.8846296,238.4316794,80.0857686,2,19.128700256347656,0.14896799623966217,60473.384629600216
667,2460472.9462384,238.4317953,80.0860599,1,18.676000595092773,0.13077600300312042,60472.44623839995
668,2460472.9287269,238.4321976,80.0857079,1,18.6427001953125,0.09860700368881226,60472.4287268999
669,2460472.8594792,238.4317801,80.0858679,2,18.75279998779297,0.09655600041151047,60472.359479200095
670,2460472.8462847,238.4319555,80.0857834,2,18.757600784301758,0.10265800356864929,60472.34628470009
671,2460470.9553356,238.4326993,80.0857762,2,18.844999313354492,0.120619997382164,60470.455335599836
672,2460470.9109954,238.4321915,80.0858484,1,19.147300720214844,0.10765299946069717,60470.410995400045
673,2460470.9099537,238.4318851,80.0858383,1,18.875699996948242,0.11344999819993973,60470.40995369991
674,2460470.885544,238.4320857,80.0857628,1,18.65959930419922,0.09820099920034409,60470.38554400019
675,2460470.7889236,238.4318149,80.0858817,2,18.681299209594727,0.09044600278139114,60470.28892360022
679,2460464.9045139,238.4320787,80.0858523,2,19.138999938964844,0.10518400371074677,60464.40451390017
680,2460464.8664931,238.4315129,80.0857677,1,19.411800384521484,0.14273999631404877,60464.366493099835
682,2460463.8300579,238.4320026,80.0857744,1,18.805200576782227,0.1107420027256012,60463.33005789993
683,2460463.7608333,238.4320834,80.0858269,2,19.078800201416016,0.13864700496196747,60463.260833300184
685,2460462.890081,238.4322441,80.0859066,2,19.0851993560791,0.1007160022854805,60462.39008100005
687,2460462.7669097,238.4319835,80.0858406,1,19.173900604248047,0.08914799988269806,60462.26690969989
688,2460461.8031366,238.4318612,80.0858087,2,19.671199798583984,0.27803799510002136,60461.30313660018
689,2460461.759456,238.4318278,80.0857258,1,19.135099411010742,0.13450099527835846,60461.259455999825
692,2460460.7788079,238.4318068,80.0857995,2,19.212400436401367,0.10200200229883194,60460.278807899915
693,2460460.7393171,238.4319475,80.0857877,1,19.651100158691406,0.15376299619674683,60460.23931710003
695,2460459.8288773,238.4318544,80.0857965,1,19.02549934387207,0.10502400249242783,60459.328877300024
697,2460458.8666551,238.4319538,80.0859313,2,19.202699661254883,0.15750199556350708,60458.36665510014
700,2460457.8360648,238.4319928,80.0858301,2,18.999300003051758,0.1500599980354309,60457.336064800154
701,2460457.7409144,238.4319587,80.0858169,1,18.71660041809082,0.11609300225973129,60457.2409144002
703,2460456.8232639,238.4319393,80.0858964,2,18.887100219726562,0.1495780050754547,60456.32326389989
704,2460455.7120718,238.4322523,80.0856449,1,18.8257999420166,0.17397800087928772,60455.21207180014
706,2460451.9583565,238.431883,80.0858136,1,19.059099197387695,0.11784499883651733,60451.45835650014
709,2460451.9075347,238.4318433,80.0857099,1,18.95490074157715,0.1491820067167282,60451.40753469989
711,2460451.8693866,238.4319172,80.0857886,2,19.051300048828125,0.18663400411605835,60451.369386599865
713,2460451.868912,238.4320241,80.0858251,2,19.109100341796875,0.1584160029888153,60451.36891200021
716,2460449.9131829,238.4317432,80.085877,1,18.993799209594727,0.12733599543571472,60449.41318289982
717,2460449.911713,238.431826,80.0857082,1,18.789400100708008,0.15855999290943146,60449.41171299992
718,2460449.9112384,238.4322483,80.0858821,1,19.1919002532959,0.18583500385284424,60449.4112383998
719,2460449.868588,238.4318206,80.0859113,2,18.927099227905273,0.118648000061512,60449.36858800007
723,2460447.8453704,238.4320981,80.0858919,2,18.85059928894043,0.09529399871826172,60447.34537040023
724,2460447.8448958,238.4319247,80.0860203,2,19.108400344848633,0.14778800308704376,60447.34489580011
725,2460447.781794,238.4321193,80.0858174,1,19.14739990234375,0.1298689991235733,60447.28179399995
726,2460447.7812153,238.4320288,80.0858182,1,18.899200439453125,0.18672199547290802,60447.28121529985
727,2460447.7807523,238.4319369,80.0857877,1,19.17530059814453,0.10598299652338028,60447.28075229982
728,2460445.8481366,238.4319906,80.0860076,2,18.869800567626953,0.09633500128984451,60445.34813660011
731,2460445.7823032,238.4320561,80.085781,1,18.681499481201172,0.1543080061674118,60445.2823032001
733,2460445.7441667,238.431915,80.0859244,2,18.720199584960938,0.12600600719451904,60445.24416670017
734,2460443.9240394,238.4317127,80.0857799,1,18.86240005493164,0.10141299664974213,60443.42403940018
735,2460443.9110532,238.4319515,80.0857359,1,18.56220054626465,0.11017400026321411,60443.41105319979
737,2460443.8642014,238.4322148,80.0859326,2,18.688600540161133,0.1036359965801239,60443.36420139996
738,2460443.8542824,238.4321224,80.0858033,2,18.840900421142578,0.12818700075149536,60443.354282400105
739,2460443.8489931,238.4317841,80.0856971,2,18.73150062561035,0.10271800309419632,60443.348993100226
740,2460441.9320486,238.4322173,80.0857994,2,19.19300079345703,0.18603399395942688,60441.43204860017
741,2460441.8851736,238.4319524,80.0857377,2,18.968000411987305,0.16271600127220154,60441.38517360017
742,2460441.8847106,238.4319517,80.0858846,2,18.648300170898438,0.129721000790596,60441.384710600134
743,2460441.8452315,238.4318863,80.0858308,1,18.74920082092285,0.10084900259971619,60441.34523149999
744,2460441.8437037,238.4317345,80.085767,1,18.681900024414062,0.13048799335956573,60441.34370370023
745,2460441.8432292,238.4316443,80.085811,1,18.92099952697754,0.11377300322055817,60441.343229200225
746,2460439.8443634,238.4321127,80.0858683,1,18.61520004272461,0.10954000055789948,60439.34436339978
747,2460439.8065278,238.432174,80.0857608,1,18.562299728393555,0.12582199275493622,60439.30652779993
748,2460439.8060648,238.4319522,80.085886,1,18.838600158691406,0.11880999803543091,60439.306064799894
749,2460439.7804861,238.4322654,80.0858897,2,18.766700744628906,0.12522199749946594,60439.28048609989
750,2460439.7800116,238.4317051,80.0857998,2,18.694499969482422,0.08461099863052368,60439.28001159988
751,2460438.9275463,238.4318683,80.0858188,1,18.82390022277832,0.07949399948120117,60438.427546299994
754,2460438.8079051,238.4323428,80.0857907,1,18.650400161743164,0.13111500442028046,60438.30790509982
755,2460438.7588542,238.4317418,80.0857961,2,18.854799270629883,0.14524999260902405,60438.25885420013
756,2460438.7583912,238.432371,80.0858706,2,18.72279930114746,0.09310600161552429,60438.2583912001
757,2460437.944838,238.4319135,80.0858332,1,19.00830078125,0.1250070035457611,60437.444837999996
758,2460437.9356713,238.4319971,80.0858677,1,18.742900848388672,0.11798299849033356,60437.43567130016
759,2460437.8885648,238.4320812,80.085905,2,18.740400314331055,0.10142599791288376,60437.38856479991
762,2460437.8263889,238.4321122,80.0857819,3,18.87929916381836,0.15171200037002563,60437.32638890017
763,2460437.7852199,238.4320579,80.0857758,1,18.768699645996094,0.1863590031862259,60437.285219899844
764,2460437.7622338,238.4322741,80.0857849,2,18.680700302124023,0.10154099762439728,60437.26223379979
765,2460437.7418634,238.4319259,80.0858528,2,18.673799514770508,0.08308800309896469,60437.24186340021
766,2460436.9711227,238.4316728,80.0859228,2,18.678499221801758,0.09645800292491913,60436.47112269979
767,2460436.9696065,238.4322902,80.0858528,2,18.7549991607666,0.1185929998755455,60436.46960650012
768,2460436.9518866,238.43223,80.085797,2,18.709699630737305,0.11720599979162216,60436.45188659988
769,2460433.9340046,238.4317135,80.085822,2,18.661699295043945,0.07265099883079529,60433.43400460016
770,2460433.9083912,238.4316477,80.0859299,2,18.795499801635742,0.12302500009536743,60433.408391200006
771,2460433.889838,238.4317977,80.0858012,1,18.60700035095215,0.10045599937438965,60433.38983799983
772,2460433.865625,238.4318924,80.0858157,1,18.900299072265625,0.07198599725961685,60433.36562500009
773,2460431.8220833,238.4317787,80.0858449,1,19.075000762939453,0.1037139967083931,60431.32208329998
774,2460431.7600694,238.4320846,80.0858302,2,18.885900497436523,0.07519599795341492,60431.26006940007
775,2460430.8931019,238.431775,80.0858522,2,18.60540008544922,0.1478540003299713,60430.393101899885
776,2460430.8925347,238.4319543,80.085839,2,18.828100204467773,0.1698870062828064,60430.39253470022
778,2460430.8264931,238.4319931,80.0857711,1,18.782100677490234,0.15807299315929413,60430.3264930998
779,2460429.8816435,238.4320785,80.0857993,2,18.75550079345703,0.09603399783372879,60429.38164350018
780,2460429.7839352,238.4317339,80.0858369,1,18.913000106811523,0.09235899895429611,60429.28393519996
781,2460424.9712153,238.4320258,80.0858492,1,18.880300521850586,0.1613219976425171,60424.471215299796
782,2460424.92625,238.4325984,80.0857365,1,18.69849967956543,0.16396699845790863,60424.42625000002
783,2460424.7687616,238.4322446,80.0858754,2,18.716999053955078,0.12056999653577805,60424.2687615999
784,2460424.7681829,238.4319712,80.085839,2,18.880399703979492,0.17843200266361237,60424.2681828998
785,2460423.9292014,238.4318211,80.0858442,2,18.590900421142578,0.07900000363588333,60423.42920139991
786,2460423.855463,238.4319673,80.0858896,1,18.915599822998047,0.16389000415802002,60423.355463000014
787,2460421.9764931,238.4320535,80.0857722,1,18.58530044555664,0.12261199951171875,60421.47649310017
788,2460421.9759144,238.4320608,80.0858523,1,18.87980079650879,0.1294659972190857,60421.47591440007
789,2460421.9332176,238.4318347,80.0858751,2,18.572799682617188,0.1144770011305809,60421.43321759999
790,2460421.9327431,238.4319023,80.0859131,2,18.598400115966797,0.1199290007352829,60421.432743099984
791,2460421.8572801,238.4321865,80.0857873,1,18.970699310302734,0.1341319978237152,60421.35728010023
792,2460419.8255671,238.4320265,80.0858094,1,18.708999633789062,0.1257060021162033,60419.3255671002
793,2460419.786875,238.4320683,80.0858158,1,18.858299255371094,0.11942599713802338,60419.28687500022
794,2460419.7862616,238.4318123,80.0858148,1,18.862899780273438,0.11325400322675705,60419.28626159998
795,2460419.7619792,238.4317917,80.0858743,2,18.779699325561523,0.14263899624347687,60419.261979199946
796,2460419.761412,238.4319752,80.0859206,2,18.68199920654297,0.12433800101280212,60419.26141199982
797,2460419.7133449,238.431919,80.085824,2,18.606300354003906,0.10229399800300598,60419.21334489994
798,2460417.9087616,238.4320678,80.085851,1,18.678199768066406,0.11758899688720703,60417.40876160003
799,2460417.871412,238.4320313,80.0858633,2,18.43600082397461,0.13817299902439117,60417.37141200015
800,2460417.8703819,238.4317621,80.0857872,2,18.760700225830078,0.1327899992465973,60417.37038190011
801,2460417.8485185,238.4322144,80.0857891,1,18.568700790405273,0.1037840023636818,60417.348518500105
803,2460417.8114931,238.4314721,80.0858122,2,18.853200912475586,0.12209200114011765,60417.31149310013
804,2460413.9736343,238.4320268,80.0856828,1,18.83370018005371,0.16413700580596924,60413.47363429982
805,2460413.9712037,238.4323997,80.0857977,1,18.90719985961914,0.13137699663639069,60413.471203700174
806,2460413.9259722,238.4319302,80.0858594,2,18.73270034790039,0.1143689975142479,60413.4259722
807,2460413.8845602,238.432181,80.0858835,2,19.014799118041992,0.16453300416469574,60413.38456019992
808,2460408.9546065,238.4315852,80.08584,2,18.9158992767334,0.10206100344657898,60408.45460649999
810,2460408.8398032,238.4321084,80.085847,1,19.005300521850586,0.1393660008907318,60408.339803200215
811,2460408.8252431,238.4318763,80.0858632,1,19.321199417114258,0.16039599478244781,60408.32524310006
812,2460404.8875694,238.4320516,80.0858451,1,18.906700134277344,0.15306200087070465,60404.387569400016
813,2460404.8683218,238.4327118,80.0858769,2,19.09589958190918,0.15500299632549286,60404.36832180014
814,2460404.8430324,238.4323026,80.0859026,2,18.770099639892578,0.10314200073480606,60404.343032400124
815,2460404.8054051,238.431712,80.0859802,1,18.916200637817383,0.12062200158834457,60404.305405099876
816,2460398.9075347,238.4321866,80.0859109,2,18.98430061340332,0.1457509994506836,60398.40753469989
818,2460398.8065278,238.432237,80.0857561,1,18.675100326538086,0.11021199822425842,60398.30652779993
819,2460398.8054977,238.4323386,80.0858234,1,18.978300094604492,0.20893199741840363,60398.30549769988
820,2460398.8050231,238.4315488,80.0857732,1,19.140399932861328,0.17905299365520477,60398.30502310023
821,2460396.8913889,238.4322538,80.0856677,1,19.0757999420166,0.21731700003147125,60396.39138890011
824,2460391.8244329,238.4321235,80.0857872,1,18.75279998779297,0.14003999531269073,60391.324432900175
825,2460391.8228935,238.4316997,80.0857673,1,19.36639976501465,0.16621500253677368,60391.32289349986
827,2460391.7422106,238.4319464,80.0858533,2,18.888999938964844,0.15279899537563324,60391.24221060006
828,2460389.7232986,238.4323439,80.0858483,1,18.89419937133789,0.13514399528503418,60389.22329859994
829,2460388.9123958,238.4318351,80.0858289,1,18.935300827026367,0.17081600427627563,60388.4123958
831,2460379.805787,238.4325149,80.0857439,2,18.8174991607666,0.15734300017356873,60379.305786999874
832,2460374.9918866,238.4316779,80.0858026,1,19.570999145507812,0.11768600344657898,60374.49188659992
833,2460374.9457986,238.4321926,80.0858796,2,18.994199752807617,0.11367599666118622,60374.44579860009
835,2460369.784375,238.4330751,80.0856709,1,19.278799057006836,0.2053540050983429,60369.284374999814
843,2460355.9066088,238.432464,80.08572,1,19.3799991607666,0.22072100639343262,60355.40660879994
848,2460353.9302199,238.4321542,80.0858353,1,19.345199584960938,0.1404229998588562,60353.43021989986
849,2460353.8838079,238.4320467,80.0857133,1,19.2455997467041,0.17452499270439148,60353.383807899896
850,2460353.0470949,238.4325526,80.0858005,2,19.200700759887695,0.19981299340724945,60352.54709490016
851,2460353.0269676,238.4320956,80.0857743,1,19.377700805664062,0.14173200726509094,60352.52696759999
853,2460351.8885532,238.4318707,80.0857281,1,19.46470069885254,0.23930199444293976,60351.388553199824
854,2460341.8639236,238.4325806,80.0858618,2,18.713726043701172,0.08410868793725967,60341.36392359994
855,2460341.8639236,238.4325806,80.0858618,2,18.713699340820312,0.08410900086164474,60341.36392359994
857,2460328.8827662,238.4326262,80.085843,2,18.5841007232666,0.08936899900436401,60328.38276620023
858,2460327.996331,238.4319589,80.0857896,1,18.807199478149414,0.19063900411128998,60327.49633099977
860,2460326.9453819,238.4322955,80.0857166,1,19.011699676513672,0.20617100596427917,60326.44538189983
862,2460316.0520139,238.4318868,80.0857968,1,18.857099533081055,0.17429199814796448,60315.55201390013
864,2460315.9724537,238.4324543,80.0858921,2,18.79960060119629,0.16575300693511963,60315.47245369991
865,2460315.9386111,238.4326186,80.0857497,1,19.019399642944336,0.16312000155448914,60315.43861109996
868,2460311.9828472,238.4321809,80.0855989,1,18.939199447631836,0.2192479968070984,60311.482847199775
869,2460311.9188542,238.4323345,80.0858193,1,19.049800872802734,0.1339379996061325,60311.418854199816
871,2460292.0335532,238.4318289,80.0859529,2,18.9512996673584,0.10853700339794159,60291.53355319984
872,2460291.9923958,238.4322916,80.0858225,1,19.415599822998047,0.15020500123500824,60291.49239580007
877,2460288.0158449,238.4328413,80.0856668,1,19.383899688720703,0.22415800392627716,60287.51584490016
878,2460288.0153704,238.4327341,80.0854843,1,18.750699996948242,0.1513500064611435,60287.51537040016
880,2460287.9904398,238.4329604,80.0857538,2,18.899900436401367,0.1565759927034378,60287.49043980008
881,2460254.6359954,238.4326494,80.0856993,2,19.23760414123535,0.1868343949317932,60254.13599540014
886,2460244.6593866,238.4321977,80.0858191,1,19.18400001525879,0.2125519961118698,60244.1593865999
887,2460239.676794,238.431999,80.0857945,1,19.050800323486328,0.12162800133228302,60239.17679399997
890,2460237.6367361,238.4319927,80.0858276,1,18.93470001220703,0.11417499929666519,60237.136736100074
894,2460231.6986458,238.4319257,80.0857487,1,19.579099655151367,0.1656699925661087,60231.19864579989
899,2460224.7010648,238.4321218,80.0858028,1,18.956300735473633,0.15240299701690674,60224.20106479991
900,2460222.7258218,238.4318312,80.0858248,1,18.907699584960938,0.14997200667858124,60222.225821800064
902,2460221.6370718,238.4319521,80.0858059,2,19.17156982421875,0.17714624106884003,60221.13707179995
906,2460212.717662,238.4317065,80.0858216,1,19.266000747680664,0.1469379961490631,60212.2176620001
909,2460209.6566551,238.4313646,80.0858768,1,19.059900283813477,0.19277599453926086,60209.156655100174
910,2460206.7420255,238.4319049,80.0858467,1,19.056499481201172,0.1289599984884262,60206.24202550016
912,2460204.72625,238.4319939,80.0858456,1,19.367700576782227,0.15879200398921967,60204.22624999983
916,2460200.7634606,238.4316383,80.0857599,1,19.68160057067871,0.2122430056333542,60200.26346059982
925,2460194.6612384,238.4319537,80.085727,1,19.5137996673584,0.1815059930086136,60194.1612383998
928,2460188.7211111,238.4316245,80.0857091,2,19.138700485229492,0.1990160048007965,60188.22111110017
930,2460188.6643866,238.4315961,80.0856798,1,19.106800079345703,0.20167100429534912,60188.16438659979
932,2460187.6669792,238.4321772,80.085673,1,19.300500869750977,0.20488199591636658,60187.16697920021
935,2460184.7366898,238.4316448,80.0855882,1,19.51759910583496,0.327210009098053,60184.23668979993
939,2460182.7395255,238.4319936,80.0857091,1,19.396099090576172,0.17718300223350525,60182.23952550022
940,2460181.8450579,238.4314737,80.0857876,1,19.74970054626465,0.1862040013074875,60181.345057900064
942,2460179.8459606,238.43195,80.0855932,1,19.5939998626709,0.2202720046043396,60179.345960599836
944,2460175.6926968,238.4317285,80.0857503,1,19.16309928894043,0.11948800086975098,60175.19269679999
950,2460173.7192824,238.4313403,80.0857311,1,19.246200561523438,0.16173599660396576,60173.21928239986
952,2460172.6819213,238.4321146,80.0859086,2,19.492399215698242,0.18981300294399261,60172.18192130001
953,2460171.8415394,238.4318962,80.0857867,1,19.470399856567383,0.16951900720596313,60171.341539400164
954,2460171.7833333,238.4317781,80.0856987,1,19.309799194335938,0.15706099569797516,60171.28333330015
962,2460166.6880208,238.4319873,80.0857662,1,19.731300354003906,0.26854100823402405,60166.188020799775
963,2460165.7435532,238.4313204,80.0857701,1,19.696500778198242,0.15117999911308289,60165.243553199805
967,2460163.7979861,238.4319316,80.085694,1,19.46269989013672,0.20810799300670624,60163.29798609996
971,2460161.7818634,238.431523,80.0856132,1,19.527599334716797,0.18798699975013733,60161.28186339978
974,2460160.8902662,238.4318103,80.0856486,1,19.62619972229004,0.256168007850647,60160.39026620006
977,2460159.7591435,238.4321498,80.0858364,2,19.21430015563965,0.15985000133514404,60159.25914350012
982,2460155.7444329,238.4319362,80.0857308,1,19.187299728393555,0.1867620050907135,60155.2444329001
985,2460153.8177778,238.4317702,80.0856682,1,19.26799964904785,0.12998400628566742,60153.31777779991
988,2460153.7357407,238.4315269,80.0858364,2,19.513599395751953,0.15273700654506683,60153.235740699805
990,2460151.8472917,238.4319065,80.0858396,1,19.624300003051758,0.18605400621891022,60151.347291700076
991,2460151.8444444,238.431439,80.0856732,1,19.29599952697754,0.16610799729824066,60151.344444400165
995,2460149.8564815,238.432279,80.0858357,1,19.591999053955078,0.1924159973859787,60149.35648149997
996,2460149.8440278,238.4312999,80.0857737,1,19.304100036621094,0.14989399909973145,60149.34402780002
1000,2460147.909919,238.4320299,80.0858084,1,19.75510025024414,0.2082509994506836,60147.40991900023
1001,2460147.8270255,238.432142,80.0857321,1,19.908100128173828,0.19409500062465668,60147.327025500126
1002,2460147.8265509,238.4313288,80.0857013,1,19.50790023803711,0.1463019996881485,60147.326550900005
1005,2460145.8414468,238.4316872,80.0859956,1,19.31369972229004,0.192330002784729,60145.34144680016
1007,2460145.8218056,238.4317306,80.085753,1,19.156299591064453,0.17052699625492096,60145.32180560008
1010,2460145.7595486,238.4317936,80.0858206,2,19.122800827026367,0.11474999785423279,60145.25954859983
1011,2460143.9297106,238.4320473,80.0858283,1,19.068500518798828,0.09889200329780579,60143.42971060006
1012,2460143.8650116,238.4317313,80.0856877,2,19.230300903320312,0.22707200050354004,60143.365011599846
1015,2460143.764919,238.4318807,80.08582,1,19.34040069580078,0.09969600290060043,60143.26491900021
1016,2460143.7644444,238.4315998,80.0856747,1,19.011600494384766,0.1270119994878769,60143.26444440009
1017,2460141.8043171,238.4320331,80.0857589,1,18.942699432373047,0.10589999705553055,60141.30431709997
1018,2460141.8038426,238.4317765,80.0858536,1,19.20599937438965,0.10338199883699417,60141.30384259997
1019,2460141.7617708,238.4321115,80.0858558,2,19.065099716186523,0.10198900103569031,60141.26177080022
1020,2460141.7612963,238.4317952,80.0857866,2,19.182600021362305,0.18104100227355957,60141.26129630022
1021,2460140.8651736,238.4320654,80.0858306,1,18.995399475097656,0.10824199765920639,60140.36517360015
1022,2460140.8309375,238.4321215,80.0858619,1,18.997800827026367,0.12387199699878693,60140.33093750011
1023,2460139.78375,238.432351,80.0858315,2,19.044700622558594,0.126119002699852,60139.283749999944
1024,2460139.7593519,238.4317056,80.0857949,2,19.219100952148438,0.16158899664878845,60139.25935189985
1026,2460139.7239468,238.4314802,80.0858195,1,18.959199905395508,0.14318299293518066,60139.22394679999
1027,2460138.9050579,238.431941,80.0857997,1,19.117000579833984,0.15711699426174164,60138.40505790012
1029,2460137.7798843,238.4320134,80.0858082,1,18.979700088500977,0.14214199781417847,60137.279884300195
1030,2460137.7794213,238.4315293,80.0857679,1,19.17460060119629,0.09430500119924545,60137.27942130016
1033,2460136.9505556,238.4319927,80.0857613,1,19.371700286865234,0.11812300235033035,60136.450555600226
1036,2460135.7866551,238.4321178,80.0858424,2,18.963600158691406,0.08931899815797806,60135.28665510006
1037,2460135.7622454,238.4317847,80.0858289,1,19.32349967956543,0.11957599967718124,60135.26224539988
1038,2460135.7429977,238.431973,80.0857577,1,18.859500885009766,0.125,60135.24299769988
1040,2460134.9023958,238.4320989,80.0858295,1,19.06559944152832,0.11029499769210815,60134.40239580022
1041,2460132.7017361,238.4326292,80.0859166,2,19.10099983215332,0.21354800462722778,60132.20173610002
1042,2460132.7012616,238.4321801,80.0858148,2,19.12929916381836,0.11507199704647064,60132.201261600014
1045,2460127.7790741,238.4318483,80.085748,2,19.505199432373047,0.21156400442123413,60127.279074099846
1047,2460127.7199653,238.4321305,80.0857449,1,19.06909942626953,0.17578700184822083,60127.21996530006
1048,2460127.7194907,238.4323185,80.0856971,1,19.28350067138672,0.17388400435447693,60127.219490699936
1051,2460125.8795255,238.4318091,80.0857472,1,19.275299072265625,0.20696499943733215,60125.379525499884
1057,2460123.8377662,238.4320471,80.0857802,1,19.576400756835938,0.1761000007390976,60123.33776619984
1058,2460123.7776852,238.4316679,80.0857698,1,19.24720001220703,0.12323399633169174,60123.277685199864
1060,2460122.9281713,238.4319571,80.0857847,1,19.789899826049805,0.18359200656414032,60122.42817129986
1062,2460121.8951042,238.4316597,80.0856911,1,19.141599655151367,0.1368190050125122,60121.39510420011
1105,2460100.7068171,238.4324319,80.0856598,1,19.068500518798828,0.2558920085430145,60100.206817099825
1106,2460100.7006134,238.4318794,80.085866,1,19.454099655151367,0.21041099727153778,60100.20061339997
1107,2460098.8694792,238.4321208,80.0857521,2,19.265499114990234,0.19190199673175812,60098.36947919987
1109,2460098.7863194,238.432179,80.0856517,1,18.917499542236328,0.23718899488449097,60098.286319400184
1111,2460097.9559028,238.4316646,80.085783,1,19.355600357055664,0.14746199548244476,60097.455902799964
1113,2460093.9549653,238.4318491,80.0857954,1,19.160200119018555,0.12678800523281097,60093.45496529993
1117,2460092.8140856,238.4320456,80.0858631,1,19.241199493408203,0.15630599856376648,60092.314085599966
1118,2460092.8126736,238.4318768,80.0858016,1,19.410200119018555,0.12708599865436554,60092.312673599925
1120,2460092.7873611,238.4319235,80.0858847,2,19.046199798583984,0.09269999712705612,60092.28736109985
1122,2460091.9322106,238.4319832,80.0857805,1,19.263200759887695,0.1040169969201088,60091.4322106
1123,2460091.8628472,238.431876,80.0858355,2,19.10810089111328,0.09865500032901764,60091.36284720013
1126,2460089.8427315,238.4321458,80.0858757,2,19.12019920349121,0.09711900353431702,60089.342731500044
1127,2460089.759537,238.4319258,80.0858314,1,19.286699295043945,0.11029800027608871,60089.25953700021
1130,2460088.8266204,238.4323651,80.0858576,1,19.338600158691406,0.14237099885940552,60088.32662039995
1131,2460088.7841667,238.431865,80.0857473,1,18.97640037536621,0.1390949934720993,60088.28416670021
1132,2460087.8610648,238.4320111,80.0858796,2,19.3518009185791,0.14330899715423584,60087.36106480006
1133,2460087.764456,238.4313494,80.0858183,1,19.521799087524414,0.14596299827098846,60087.26445600018
1134,2460086.8633796,238.4322671,80.0858139,2,19.619600296020508,0.2745620012283325,60086.36337959999
1136,2460086.7626505,238.4323194,80.0857989,1,19.110599517822266,0.21006999909877777,60086.26265050005
1144,2460085.833044,238.4320798,80.0859953,1,19.46489906311035,0.1341799944639206,60085.33304399997
1145,2460085.7823148,238.4323626,80.0857556,2,19.12579917907715,0.12362299859523773,60085.28231480019
1147,2460084.8659606,238.4321342,80.0857885,1,19.148399353027344,0.21992699801921844,60084.365960599855
1149,2460083.8444444,238.4323186,80.0857978,1,19.45509910583496,0.10619500279426575,60083.344444400165
1150,2460082.9064005,238.4318066,80.0858227,1,19.110300064086914,0.16123199462890625,60082.406400499865
1151,2460082.8876968,238.4319319,80.0858044,1,19.58180046081543,0.1653590053319931,60082.38769679982
1155,2460081.8395255,238.4320311,80.0858335,1,19.675199508666992,0.14162400364875793,60081.33952549985
1156,2460080.760081,238.4318113,80.0858321,1,19.205900192260742,0.19625799357891083,60080.26008100016
1158,2460078.9380208,238.4316915,80.0858595,1,19.669099807739258,0.12097900360822678,60078.438020799775
1160,2460078.8677894,238.432073,80.0857448,1,19.41629981994629,0.1769299954175949,60078.36778939981
1164,2460076.9587847,238.4319466,80.0857531,2,19.767900466918945,0.15493500232696533,60076.458784699906
1166,2460076.8898032,238.4319358,80.0857741,1,19.447200775146484,0.16070300340652466,60076.38980320003
1169,2460076.788912,238.4323363,80.0857533,1,19.684499740600586,0.18359099328517914,60076.288912000135
1173,2460064.956794,238.4319039,80.0857948,2,19.22369956970215,0.09532500058412552,60064.45679400023
1178,2460063.9272106,238.4322057,80.0858498,1,19.975799560546875,0.19857199490070343,60063.427210600115
1179,2460062.9496875,238.4321081,80.0857776,1,20.01289939880371,0.21671800315380096,60062.44968750002
1182,2460062.8886921,238.4322711,80.085816,2,19.5487003326416,0.14862200617790222,60062.38869210007
1185,2460061.9271412,238.4320294,80.0858633,1,19.828100204467773,0.20342600345611572,60061.42714119982
1188,2460060.9039931,238.432224,80.0856935,1,19.5093994140625,0.23372800648212433,60060.40399309993
1190,2460059.8413542,238.4320813,80.0858804,1,19.452299118041992,0.2181120067834854,60059.34135420015
1194,2460058.8447569,238.4319028,80.08595,1,19.672399520874023,0.16617700457572937,60058.34475689987
1195,2460058.8260185,238.4326262,80.0858214,1,19.161300659179688,0.2890700101852417,60058.32601850014
1198,2460056.951088,238.4319181,80.0857905,1,19.363000869750977,0.16162100434303284,60056.45108800009
1199,2460056.8402083,238.4322912,80.0859073,2,19.553199768066406,0.13310100138187408,60056.340208299924
1201,2460056.7168287,238.4323162,80.085739,1,19.598800659179688,0.1775050014257431,60056.216828700155
1204,2460054.9025347,238.4320704,80.0858962,2,19.54210090637207,0.2599300146102905,60054.4025347
1205,2460054.8664815,238.4319404,80.0858101,1,19.576400756835938,0.1416199952363968,60054.36648150021
1206,2460054.8660069,238.4319758,80.0859352,1,19.350099563598633,0.23396900296211243,60054.36600690009
1207,2460054.8243981,238.4322356,80.0859083,2,19.21780014038086,0.13580699265003204,60054.32439809991
1208,2460053.9323032,238.4318936,80.0857844,2,19.157699584960938,0.17544199526309967,60053.43230320001
1209,2460053.8894213,238.4325854,80.0859182,1,19.342300415039062,0.16159400343894958,60053.38942130003
1210,2460052.8505324,238.4323866,80.0857873,1,19.163999557495117,0.21932299435138702,60052.350532399956
1211,2460052.8500579,238.4316702,80.0858109,1,19.387300491333008,0.14456899464130402,60052.35005789995
1214,2460050.8960417,238.4317535,80.0858498,2,19.283100128173828,0.21462799608707428,60050.39604170015
1215,2460050.8955671,238.431971,80.0858238,2,19.081499099731445,0.0986659973859787,60050.39556710003
1218,2460046.8657176,238.4315799,80.0857729,2,18.39419937133789,0.15796400606632233,60046.3657176001
1219,2460046.8260185,238.4324689,80.0858454,2,19.446399688720703,0.11902199685573578,60046.32601850014
1220,2460046.784838,238.4317627,80.0857025,1,19.392099380493164,0.26972898840904236,60046.28483799985
1221,2460046.7651505,238.4321157,80.0858388,1,19.669099807739258,0.1668359935283661,60046.265150499996
1222,2460046.764537,238.4321368,80.0857798,1,19.53529930114746,0.12287800014019012,60046.2645370001
1224,2460044.8430556,238.4322415,80.0858179,1,19.378299713134766,0.16564899682998657,60044.343055599835
1225,2460044.8415162,238.4325353,80.0857934,1,19.034299850463867,0.15591099858283997,60044.34151619999
1227,2460044.6832176,238.4318038,80.0858743,2,19.266300201416016,0.13895200192928314,60044.18321759999
1228,2460044.6617477,238.4317923,80.0858142,1,19.582599639892578,0.1888429969549179,60044.16174770007
1233,2460042.8472338,238.4321439,80.0858922,2,19.38170051574707,0.19713599979877472,60042.34723380022
1237,2460032.8402662,238.4321346,80.0858545,2,19.222400665283203,0.16380999982357025,60032.34026619978
1238,2460032.8128009,238.4324583,80.0858649,1,19.463600158691406,0.19967900216579437,60032.31280090008
1240,2460029.9956366,238.4317715,80.0858138,1,19.32740020751953,0.12932200729846954,60029.49563660007
1242,2460021.8441319,238.4323203,80.0856569,1,19.087200164794922,0.21205399930477142,60021.3441319
1243,2460021.8177662,238.4319243,80.0858527,1,18.999399185180664,0.16879400610923767,60021.31776619982
1244,2460021.0050347,238.4319682,80.0858753,1,19.157499313354492,0.10266900062561035,60020.505034700036
1245,2460020.8792708,238.4319067,80.0858851,2,18.913400650024414,0.1124809980392456,60020.379270799924
1246,2460016.9578588,238.4320064,80.0858154,1,18.878799438476562,0.21333299577236176,60016.45785879996
1249,2460016.8871065,238.4324151,80.0858188,2,19.092899322509766,0.15440499782562256,60016.3871065001
1251,2459996.93625,238.4320588,80.0858242,1,18.898799896240234,0.12513400614261627,59996.436249999795
1254,2459993.9343519,238.4324971,80.0858101,1,18.855199813842773,0.19482499361038208,59993.43435190013
1257,2459985.9304745,238.4330628,80.0859666,1,19.315000534057617,0.17041899263858795,59985.43047450017
1259,2459984.9251852,238.4325107,80.085862,2,19.004199981689453,0.1910790055990219,59984.42518519983
1263,2459977.9696644,238.4317743,80.0858787,2,18.94529914855957,0.19332300126552582,59977.46966439998
1267,2459972.863206,238.4321043,80.0858178,1,19.005800247192383,0.1310259997844696,59972.36320600007
1268,2459971.9635301,238.4326051,80.0858566,2,18.67340087890625,0.12427999824285507,59971.46353009995
1270,2459970.8830556,238.4320508,80.0861522,1,19.256900787353516,0.23980900645256042,59970.38305559987
1272,2459968.9058449,238.4320587,80.0857264,1,19.386899948120117,0.21305599808692932,59968.405844899826
1273,2459968.8737963,238.4322426,80.0856829,2,19.05109977722168,0.1491589993238449,59968.37379630003
1274,2459968.0114815,238.4328744,80.0858215,2,18.613500595092773,0.1185849979519844,59967.51148150023
1275,2459967.9922569,238.4326319,80.0857915,1,18.88920021057129,0.14671500027179718,59967.49225689983
1276,2459966.908912,238.43239,80.0855194,1,18.973499298095703,0.15657900273799896,59966.40891199978
1279,2459965.9088889,238.4317027,80.0857734,1,19.107900619506836,0.17304900288581848,59965.40888890019
1281,2459957.9517361,238.4322968,80.0857497,1,18.986900329589844,0.24428300559520721,59957.45173610002
1282,2459957.0284954,238.4317547,80.0858833,1,19.015300750732422,0.15822799503803253,59956.52849540021
1283,2459957.0278935,238.4317576,80.0859169,1,19.250900268554688,0.17400699853897095,59956.52789349994
1284,2459957.016169,238.4324356,80.0858816,2,19.039899826049805,0.1323069930076599,59956.51616899995
1286,2459937.9922222,238.4320254,80.0856839,1,18.90049934387207,0.16095399856567383,59937.49222220015
1287,2459937.9796181,238.4317342,80.085807,2,19.200199127197266,0.12412499636411667,59937.479618099984
1288,2459937.9515856,238.432004,80.0858638,1,19.156700134277344,0.12771299481391907,59937.45158560015
1289,2459935.9987731,238.4318632,80.0857913,1,18.8710994720459,0.16687199473381042,59935.498773099855
1291,2459935.9774306,238.4319565,80.0858433,2,18.915700912475586,0.10455500334501266,59935.47743060021
1292,2459935.9494676,238.4320913,80.0858064,1,19.13789939880371,0.1239520013332367,59935.44946759986
1294,2459932.0316898,238.4328634,80.0856604,1,18.812999725341797,0.14545300602912903,59931.53168979986
1296,2459930.996956,238.4332657,80.0855171,1,18.72369956970215,0.1432259976863861,59930.496956000105
1299,2459924.0335995,238.4331019,80.0856627,2,18.918399810791016,0.1398490071296692,59923.53359950008
1300,2459924.012581,238.4325529,80.0856829,1,18.646099090576172,0.16145500540733337,59923.512581000105
1301,2459922.9863194,238.4319041,80.0858395,2,18.781099319458008,0.11852999776601791,59922.486319399904
1304,2459890.6369213,238.4321157,80.0858206,1,18.9876708984375,0.17686355113983154,59890.13692130009
1309,2459878.6378472,238.4327784,80.0857329,2,19.37809944152832,0.16811800003051758,59878.137847200036
1312,2459872.6723843,238.4327117,80.0857272,1,19.18939971923828,0.1302260011434555,59872.1723842998
1317,2459865.6562384,238.4320595,80.0857317,2,19.321199417114258,0.20147299766540527,59865.15623839991
1319,2459861.7073032,238.4317931,80.08584,1,18.523099899291992,0.1199209988117218,59861.20730319992
1320,2459859.7047569,238.4322371,80.0858166,1,18.81760025024414,0.10699799656867981,59859.2047569002
1324,2459855.6583796,238.431732,80.0858798,2,19.00160026550293,0.1387930065393448,59855.15837959992
1325,2459853.6583218,238.4318511,80.0858648,1,18.534000396728516,0.10986100137233734,59853.158321800176
1326,2459850.7132292,238.4317242,80.085899,2,18.94890022277832,0.11732199788093567,59850.21322919987
1327,2459850.6611111,238.4319645,80.085837,1,18.92180061340332,0.10571300238370895,59850.16111110011
1328,2459848.7012847,238.4320292,80.0858481,2,19.07990074157715,0.14653000235557556,59848.20128470007
1329,2459848.6567245,238.4319545,80.0858264,1,18.720199584960938,0.14918699860572815,59848.156724500004
1330,2459846.736088,238.432323,80.0858891,1,19.020200729370117,0.12028700113296509,59846.23608799977
1331,2459846.6596759,238.4320292,80.0858157,2,19.027799606323242,0.12557800114154816,59846.15967589989
1332,2459844.7587847,238.4317494,80.0858162,1,18.911399841308594,0.1169859990477562,59844.258784700185
1333,2459844.6578125,238.4325351,80.0858772,2,19.278600692749023,0.1486549973487854,59844.15781249991
1335,2459842.7672106,238.4320215,80.085762,2,19.2189998626709,0.1695909947156906,59842.267210599966
1336,2459840.7806597,238.4320642,80.0858501,1,19.230899810791016,0.12326300144195557,59840.28065969981
1337,2459840.7408912,238.4319613,80.0858307,1,18.974300384521484,0.09759099781513214,59840.240891200025
1338,2459837.657581,238.4319066,80.0858229,1,19.002099990844727,0.15588000416755676,59837.15758100012
1339,2459829.658912,238.4320159,80.0856935,2,19.094770431518555,0.14901743829250336,59829.15891199978
1344,2459825.7375,238.4317881,80.0857564,1,18.84980010986328,0.10405699908733368,59825.237499999814
1345,2459823.8233796,238.4320033,80.0857408,1,19.491100311279297,0.20313699543476105,59823.323379599955
1347,2459823.7491204,238.4310282,80.0856598,1,19.12470054626465,0.16951900720596313,59823.24912039982
1348,2459823.667419,238.4320514,80.085798,2,19.200300216674805,0.1960259974002838,59823.16741900006
1349,2459821.7540856,238.4321467,80.0858308,2,19.42729949951172,0.1838880032300949,59821.25408559991
1350,2459821.6767245,238.4319244,80.0858169,1,19.055500030517578,0.10351499915122986,59821.17672450002
1351,2459819.7032986,238.4320479,80.0858012,2,19.54159927368164,0.19184300303459167,59819.203298599925
1352,2459819.6628009,238.4319501,80.085841,1,19.10569953918457,0.15592700242996216,59819.16280090017
1354,2459815.7460648,238.4317338,80.0858273,1,19.127700805664062,0.09657300263643265,59815.24606479984
1355,2459813.7827662,238.4315538,80.0857911,1,18.73270034790039,0.12427199631929398,59813.28276620014
1357,2459812.7407639,238.4314172,80.0857506,1,18.77989959716797,0.14526599645614624,59812.24076389987
1358,2459812.6832407,238.4316514,80.0858651,2,19.30190086364746,0.22489799559116364,59812.18324070005
1360,2459809.8626273,238.4325835,80.0858108,1,19.201900482177734,0.18021400272846222,59809.36262729997
1361,2459809.7995718,238.4328574,80.0856558,2,19.231599807739258,0.1227710023522377,59809.299571800046
1363,2459809.7438079,238.4318294,80.0857641,1,18.857799530029297,0.11225699633359909,59809.24380790023
1366,2459807.7623958,238.431952,80.085833,1,19.36590003967285,0.17301900684833527,59807.26239580009
1367,2459807.7604051,238.4315685,80.0857391,1,19.091699600219727,0.13338400423526764,59807.26040509995
1371,2459802.8035301,238.4318408,80.0857561,1,18.875200271606445,0.1510010063648224,59802.3035300998
1372,2459801.7086227,238.4318988,80.0858033,2,18.94659996032715,0.13864600658416748,59801.20862270007
1373,2459799.7260532,238.4315895,80.0857843,2,19.037700653076172,0.14050500094890594,59799.2260532002
1376,2459797.79,238.4315773,80.0857709,1,18.808900833129883,0.1745000034570694,59797.29000000004
1377,2459797.7284722,238.431385,80.0859651,2,19.076499938964844,0.1285409927368164,59797.22847220022
1380,2459793.7638194,238.4317759,80.0858224,1,18.993900299072266,0.13230399787425995,59793.26381940022
1381,2459791.7198495,238.4317003,80.0858958,2,18.88520050048828,0.12316499650478363,59791.219849499874
1383,2459789.8682639,238.4321208,80.0858355,1,18.713600158691406,0.10592500120401382,59789.368263899814
1384,2459789.7837384,238.4318316,80.0858797,1,18.930099487304688,0.1065400019288063,59789.283738399856
1385,2459789.7832755,238.4318564,80.0857549,1,18.63610076904297,0.10131700336933136,59789.28327549994
1386,2459789.7644676,238.4318417,80.0858724,2,18.701799392700195,0.11772199720144272,59789.2644675998
1388,2459789.7389352,238.432409,80.0858641,2,18.824399948120117,0.10798399895429611,59789.23893520003
1389,2459787.8201273,238.4324708,80.0858192,2,19.039899826049805,0.09658700227737427,59787.32012729999
1391,2459787.808588,238.4318676,80.0858749,2,18.837200164794922,0.14485999941825867,59787.308588000014
1393,2459787.7393981,238.4316271,80.0858205,1,18.676799774169922,0.09902100265026093,59787.23939809995
1394,2459787.7389236,238.4319976,80.0858537,1,18.893999099731445,0.08367499709129333,59787.23892359994
1395,2459785.8502083,238.4319824,80.0857967,1,18.668899536132812,0.10711800307035446,59785.350208300166
1396,2459785.8252199,238.4320342,80.0857871,1,18.886199951171875,0.10871899873018265,59785.32521989988
1397,2459785.8237153,238.4324725,80.0858236,1,18.8356990814209,0.13467800617218018,59785.32371529983
1399,2459785.7989583,238.4316478,80.0858719,2,18.895700454711914,0.15727800130844116,59785.29895830015
1400,2459785.7855324,238.431499,80.0858109,2,18.700599670410156,0.10955499857664108,59785.28553240001
1401,2459783.901794,238.4316919,80.085861,2,18.86319923400879,0.1579580008983612,59783.40179400006
1402,2459783.8217824,238.4320074,80.0858546,1,18.809999465942383,0.09408500045537949,59783.3217823999
1403,2459783.821169,238.43179,80.0858615,1,18.97450065612793,0.08971299976110458,59783.32116900012
1404,2459783.8006134,238.4316966,80.0857564,1,18.737699508666992,0.093688003718853,59783.30061340006
1405,2459783.7628009,238.4318384,80.0858651,2,18.91320037841797,0.0947910025715828,59783.2628008998
1406,2459783.7623264,238.4315821,80.0858719,2,18.90060043334961,0.09757199883460999,59783.262326399796
1407,2459781.8719676,238.4319023,80.0858234,1,18.932100296020508,0.10913299769163132,59781.37196760019
1408,2459781.8426968,238.4320914,80.0857933,1,18.739900588989258,0.16698099672794342,59781.3426967999
1409,2459781.7840856,238.4318338,80.0858523,1,18.75349998474121,0.10797400027513504,59781.28408560017
1410,2459781.7395255,238.4315351,80.0858429,1,18.96619987487793,0.11167900264263153,59781.23952550022
1411,2459779.8271065,238.4323313,80.0857007,2,19.23979949951172,0.14569999277591705,59779.327106500044
1412,2459779.8213426,238.4318929,80.0858384,2,18.896699905395508,0.11596299707889557,59779.321342600044
1414,2459779.7650694,238.432633,80.085799,2,19.184200286865234,0.2076520025730133,59779.26506939996
1415,2459779.7640509,238.4316503,80.0857752,2,18.962200164794922,0.14526300132274628,59779.264050900005
1416,2459779.7635764,238.431799,80.0858809,2,18.901100158691406,0.08849100023508072,59779.2635764
1419,2459776.8404514,238.4314724,80.0858665,2,18.985200881958008,0.10946500301361084,59776.340451399796
1421,2459776.7614699,238.4314544,80.0858516,2,19.428600311279297,0.19260099530220032,59776.26146990014
1422,2459776.7610069,238.4318333,80.0858756,2,18.97760009765625,0.12670500576496124,59776.26100690011
1425,2459774.7754514,238.4321553,80.085797,2,18.865299224853516,0.12624700367450714,59774.27545139985
1428,2459774.71875,238.4320962,80.0858338,2,18.97010040283203,0.15532700717449188,59774.21875
1435,2459770.8229977,238.4321673,80.0858894,1,19.28179931640625,0.13300199806690216,59770.32299769996
1436,2459770.8210185,238.432176,80.0858459,1,19.499900817871094,0.1641719937324524,59770.32101849979
1437,2459770.8076157,238.4324014,80.0857079,1,18.978099822998047,0.1537970006465912,59770.30761570018
1438,2459770.7214931,238.4315609,80.0858127,1,19.22279930114746,0.14187100529670715,59770.221493099816
1439,2459770.7210301,238.4321682,80.0857654,1,18.831199645996094,0.13948799669742584,59770.22103009978
1440,2459770.7181829,238.432187,80.0858377,1,19.3164005279541,0.22114400565624237,59770.21818289999
1441,2459768.927338,238.4318603,80.0858425,1,19.071800231933594,0.11707399785518646,59768.42733799992
1442,2459768.8927083,238.4319358,80.0858005,1,19.06290054321289,0.13776899874210358,59768.39270830015
1443,2459768.8485069,238.4317548,80.0856914,1,18.920000076293945,0.10532400012016296,59768.348506900016
1444,2459768.8480324,238.4315927,80.085816,1,19.302499771118164,0.11223500221967697,59768.34803240001
1445,2459768.8049074,238.4319958,80.0857853,1,19.048099517822266,0.10979899764060974,59768.30490740016
1446,2459765.8886806,238.4319757,80.0858572,1,18.987300872802734,0.14288699626922607,59765.388680600096
1448,2459765.843588,238.4317869,80.0857942,2,19.055700302124023,0.09477200359106064,59765.34358800016
1449,2459765.8309259,238.4316461,80.085737,2,19.173999786376953,0.12291699647903442,59765.33092590002
1450,2459765.7418634,238.43193,80.0858523,1,19.053300857543945,0.15612700581550598,59765.24186340021
1451,2459763.8821065,238.4320678,80.0858203,1,19.337499618530273,0.1204959973692894,59763.38210650021
1452,2459763.8810648,238.430785,80.0859125,1,19.463300704956055,0.16634799540042877,59763.38106480008
1453,2459763.8665046,238.4317327,80.0857016,1,19.190399169921875,0.12432800233364105,59763.366504599806
1454,2459763.8175463,238.4319688,80.0858792,2,19.316499710083008,0.1500380039215088,59763.317546300124
1455,2459763.8100231,238.4319177,80.0857843,2,19.206100463867188,0.17520099878311157,59763.310023100115
1456,2459763.8095486,238.4317351,80.0857902,2,19.250499725341797,0.11694899946451187,59763.30954860011
1458,2459761.8076505,238.4317479,80.0858481,1,19.563400268554688,0.20182499289512634,59761.30765049998
1459,2459761.8028819,238.4316661,80.0858166,1,19.126800537109375,0.1382250040769577,59761.30288190022
1460,2459761.8017708,238.4319221,80.0858577,1,19.38279914855957,0.1251329928636551,59761.30177079979
1464,2459759.7841898,238.4321533,80.0858201,1,19.54960060119629,0.13702300190925598,59759.2841897998
1465,2459759.7644907,238.431996,80.0858026,1,18.995800018310547,0.11563300341367722,59759.26449069986
1466,2459759.7587616,238.4319168,80.085816,1,19.024700164794922,0.13487400114536285,59759.258761600126
1467,2459757.8076736,238.4319845,80.0857859,1,19.201200485229492,0.09759099781513214,59757.30767360004
1468,2459757.8071991,238.4313518,80.0857602,1,18.82469940185547,0.08495199680328369,59757.30719910003
1469,2459757.8028819,238.4320009,80.0858632,1,19.223499298095703,0.15099799633026123,59757.30288190022
1470,2459757.7654977,238.4319658,80.0857913,1,19.008100509643555,0.12145400047302246,59757.265497699846
1471,2459757.7455093,238.431632,80.0858182,1,18.902700424194336,0.10804200172424316,59757.245509299915
1472,2459757.7450347,238.4318323,80.0858373,1,19.221900939941406,0.08312500268220901,59757.245034699794
1473,2459755.8175463,238.4322594,80.0858457,2,19.430200576782227,0.19678999483585358,59755.317546300124
1474,2459755.8169329,238.432169,80.0858867,2,18.954500198364258,0.08631700277328491,59755.31693289988
1475,2459755.8108681,238.4322531,80.085788,2,18.924400329589844,0.1409820020198822,59755.3108680998
1476,2459755.7843171,238.4317274,80.0857945,1,19.16990089416504,0.10028599947690964,59755.284317099955
1478,2459755.7712153,238.4317746,80.085771,1,18.839000701904297,0.09893599897623062,59755.271215300076
1479,2459752.8086458,238.4321515,80.0858394,1,19.238500595092773,0.12772299349308014,59752.30864580022
1480,2459752.8057407,238.4316113,80.0858661,1,19.01919937133789,0.14800399541854858,59752.3057407001
1481,2459752.8052662,238.4320147,80.0858172,1,19.26849937438965,0.12299200147390366,59752.3052662001
1483,2459750.8640972,238.4323745,80.0857843,2,19.072900772094727,0.16499899327754974,59750.36409719987
1484,2459750.8636227,238.4315997,80.0858198,2,18.95170021057129,0.1115109995007515,59750.363622699864
1485,2459750.7850116,238.4319276,80.0858079,1,18.957500457763672,0.11289200186729431,59750.28501159977
1486,2459750.7620023,238.4321423,80.0856784,1,18.97920036315918,0.1513260006904602,59750.262002300005
1487,2459750.7615278,238.4318602,80.085833,1,19.2731990814209,0.1253180056810379,59750.2615278
1488,2459748.8508218,238.4316976,80.0858761,2,19.047500610351562,0.08934900164604187,59748.350821800064
1489,2459748.8502083,238.4323306,80.0858503,2,19.05389976501465,0.13817399740219116,59748.350208300166
1490,2459748.8278472,238.4327789,80.0858773,2,19.088699340820312,0.1896200031042099,59748.32784719998
1491,2459748.7649537,238.431674,80.0858448,1,18.942399978637695,0.16652700304985046,59748.264953699894
1492,2459748.761169,238.4319318,80.0858543,1,18.880699157714844,0.1358249932527542,59748.26116900006
1493,2459748.7606944,238.4320762,80.0858279,1,19.17449951171875,0.11069899797439575,59748.26069439994
1495,2459743.8859144,238.4332046,80.0855512,1,19.052200317382812,0.2238609939813614,59743.38591440022
1496,2459743.8848611,238.4317503,80.0857345,1,18.957300186157227,0.2107519954442978,59743.3848611
1497,2459743.8064352,238.4321934,80.0857768,2,19.029300689697266,0.1764809936285019,59743.30643519992
1498,2459743.7182639,238.432041,80.0858426,2,18.93560028076172,0.13070400059223175,59743.21826389991
1499,2459742.9273148,238.4324125,80.0855631,1,18.823299407958984,0.14333100616931915,59742.42731480021
1501,2459741.9439468,238.4318708,80.0857946,1,19.131999969482422,0.11046600341796875,59741.443946800195
1502,2459741.8177546,238.4318463,80.0858118,2,18.885900497436523,0.12880299985408783,59741.3177546002
1503,2459741.8167014,238.432118,80.0858523,2,19.128599166870117,0.1633549928665161,59741.316701400094
1504,2459741.7238426,238.4319763,80.0858004,1,19.06599998474121,0.16285699605941772,59741.223842599895
1505,2459740.8873611,238.4315743,80.085716,1,18.94499969482422,0.15484599769115448,59740.38736109994
1506,2459740.826412,238.4320525,80.0857809,2,19.1658992767334,0.13839399814605713,59740.32641200023
1509,2459739.7768981,238.4320197,80.0858075,2,18.954599380493164,0.13994200527668,59739.27689810004
1510,2459739.7758449,238.4318036,80.0858242,2,18.94700050354004,0.09175200015306473,59739.27584489994
1511,2459738.8875694,238.4314997,80.0858007,1,19.20840072631836,0.15257999300956726,59738.387569400016
1512,2459738.7831713,238.4319157,80.0857718,2,19.273399353027344,0.15836100280284882,59738.283171299845
1514,2459737.6996528,238.4323444,80.0858952,1,18.995100021362305,0.11354999989271164,59737.19965279987
1515,2459736.9525116,238.4317522,80.0858415,1,19.224899291992188,0.12289199978113174,59736.45251160022
1516,2459736.9321991,238.4316267,80.0859237,2,18.934999465942383,0.07939299941062927,59736.43219910003
1517,2459736.7803241,238.4319102,80.0858276,1,19.067399978637695,0.13203300535678864,59736.28032410005
1519,2459735.7816551,238.431948,80.0858554,1,19.074100494384766,0.14222800731658936,59735.281655100174
1520,2459735.7625579,238.4319623,80.0858476,2,18.922100067138672,0.14325599372386932,59735.262557900045
1521,2459734.8055671,238.4315934,80.0858415,1,18.966999053955078,0.18735800683498383,59734.30556710018
1523,2459734.7022454,238.4318358,80.0858161,1,19.100200653076172,0.1607860028743744,59734.20224539982
1524,2459733.7562269,238.4320478,80.085948,2,19.247600555419922,0.16080200672149658,59733.256226900034
1525,2459732.9268519,238.4317911,80.0858172,1,19.28730010986328,0.12107200175523758,59732.42685189983
1526,2459732.9089699,238.431798,80.0857841,1,19.050600051879883,0.11391600221395493,59732.408969900105
1530,2459730.9137847,238.431461,80.0858249,2,19.219200134277344,0.10654400289058685,59730.41378469998
1533,2459730.8704514,238.4320119,80.0857832,1,19.262699127197266,0.09599799662828445,59730.37045140006
1534,2459730.8699769,238.4318285,80.0858464,1,18.956600189208984,0.14931200444698334,59730.36997690005
1535,2459727.8673495,238.4323541,80.0859358,1,19.553600311279297,0.2677060067653656,59727.36734949984
1537,2459727.8459375,238.4326818,80.0856828,1,18.761600494384766,0.2375580072402954,59727.34593749978
1541,2459725.9035764,238.4321647,80.0858089,2,19.206300735473633,0.2016579955816269,59725.40357640013
1542,2459725.886875,238.4319138,80.0858348,2,18.93549919128418,0.0961500033736229,59725.38687499985
1544,2459725.8269792,238.4315867,80.0859598,2,19.42340087890625,0.150627002120018,59725.32697919989
1545,2459725.8047222,238.4317585,80.0858223,1,19.033300399780273,0.12306500226259232,59725.30472220015
1546,2459725.8042477,238.4319293,80.0858566,1,19.210500717163086,0.10416900366544724,59725.30424770014
1547,2459723.8857639,238.4315306,80.0857911,1,19.18720054626465,0.12919700145721436,59723.38576389989
1548,2459723.8683449,238.431367,80.085852,1,18.85059928894043,0.11758899688720703,59723.3683449002
1549,2459723.8658796,238.4318096,80.0858432,1,18.92650032043457,0.11777299642562866,59723.365879599936
1550,2459723.8049074,238.4319033,80.0858689,2,18.83209991455078,0.15843600034713745,59723.30490740016
1551,2459723.8010301,238.4314292,80.0859215,2,18.99329948425293,0.17129500210285187,59723.30103009986
1552,2459723.800544,238.4320661,80.0859184,2,18.910200119018555,0.08991199731826782,59723.30054400023
1555,2459719.9037731,238.4321085,80.085844,2,19.13159942626953,0.16451899707317352,59719.403773100115
1557,2459719.8682986,238.4318075,80.0858123,2,19.44860076904297,0.2505280077457428,59719.36829859996
1558,2459719.8678241,238.4327898,80.0858531,2,19.198699951171875,0.16246700286865234,59719.36782409996
1559,2459717.826412,238.4320802,80.0856771,1,19.669700622558594,0.2752070128917694,59717.32641200023
1563,2459714.8428472,238.4320018,80.0858517,2,19.260900497436523,0.20672599971294403,59714.34284720011
1564,2459714.8423843,238.4316893,80.0857641,2,19.192899703979492,0.16699500381946564,59714.342384300195
1565,2459714.7820486,238.4323553,80.0857734,1,19.33930015563965,0.24553799629211426,59714.282048599795
1567,2459713.8127083,238.4324089,80.0857687,2,19.13409996032715,0.16442599892616272,59713.31270830007
1570,2459712.8677662,238.4318296,80.0857614,2,19.20789909362793,0.18173100054264069,59712.3677662001
1571,2459712.7760185,238.43174,80.0858233,1,19.306800842285156,0.24844400584697723,59712.27601849986
1572,2459711.8515856,238.4327086,80.0857992,2,19.204299926757812,0.18985100090503693,59711.35158560006
1573,2459711.7258565,238.4321867,80.0858372,1,18.815900802612305,0.11896099895238876,59711.22585650021
1575,2459710.7830093,238.4323061,80.0859338,1,18.94059944152832,0.1323859989643097,59710.28300930001
1576,2459710.7609375,238.4323705,80.0859447,2,19.02589988708496,0.2105180025100708,59710.260937499814
1577,2459710.760463,238.4318288,80.0856191,2,19.01289939880371,0.156700998544693,59710.26046299981
1578,2459709.9146991,238.4319729,80.0858845,2,18.7367000579834,0.11681400239467621,59709.41469909996
1579,2459709.8546412,238.4320545,80.0858945,2,18.724899291992188,0.1274069994688034,59709.35464120004
1580,2459708.8218403,238.4331893,80.0857536,2,18.670499801635742,0.17346499860286713,59708.321840300225
1581,2459708.8212616,238.4333044,80.0859654,2,18.601200103759766,0.15747299790382385,59708.321261600126
1582,2459708.8009375,238.4325462,80.085881,2,18.6653995513916,0.09431400150060654,59708.30093749985
1583,2459708.7896875,238.4326544,80.0858023,2,19.18429946899414,0.16527999937534332,59708.28968749987
1585,2459708.7877083,238.4321034,80.0857949,2,18.800100326538086,0.1463640034198761,59708.287708300166
1586,2459702.8712153,238.4322667,80.0859252,2,19.244800567626953,0.15850600600242615,59702.37121530017
1587,2459702.8672685,238.4321582,80.0857925,2,19.310100555419922,0.13410399854183197,59702.36726849992
1589,2459702.8126273,238.4316829,80.0858489,1,19.54669952392578,0.16777899861335754,59702.312627300154
1590,2459702.8121528,238.4322564,80.0858057,1,19.298599243164062,0.19397300481796265,59702.31215280015
1591,2459702.8059606,238.4320734,80.0858521,1,19.22330093383789,0.14899800717830658,59702.3059605998
1593,2459700.8433796,238.4315205,80.085677,1,19.243000030517578,0.18543599545955658,59700.34337959997
1594,2459700.8049421,238.4321186,80.0858571,2,19.363399505615234,0.2070630043745041,59700.30494209984
1595,2459700.7859375,238.4324087,80.0858944,2,19.148300170898438,0.13950300216674805,59700.285937500186
1597,2459700.7584722,238.4321335,80.0858753,1,19.18199920654297,0.12259399890899658,59700.25847220002
1598,2459698.8922338,238.4326945,80.0859161,2,19.336999893188477,0.13078300654888153,59698.39223380014
1599,2459698.8874653,238.4318821,80.0858849,2,19.361900329589844,0.18987399339675903,59698.38746530004
1600,2459698.8869907,238.4322787,80.0858698,2,18.79800033569336,0.10818000137805939,59698.38699069992
1601,2459696.7917824,238.4329021,80.0858214,2,19.14109992980957,0.17511899769306183,59696.291782400105
1602,2459696.7654861,238.431435,80.0858499,2,18.672800064086914,0.16893699765205383,59696.26548610022
1603,2459696.7276042,238.4323206,80.0857658,1,19.06599998474121,0.1393119990825653,59696.22760420013
1604,2459696.7270255,238.4320234,80.0858621,1,18.975000381469727,0.10934299975633621,59696.22702550003
1605,2459696.6995718,238.4315545,80.0858101,1,19.291900634765625,0.11742600053548813,59696.19957179995
1606,2459694.9271528,238.4325281,80.0858177,1,19.173599243164062,0.12715299427509308,59694.42715279991
1607,2459694.9116782,238.432216,80.0857338,1,19.038999557495117,0.1772170066833496,59694.41167820012
1608,2459694.9112037,238.4317512,80.0859079,1,19.000900268554688,0.14755700528621674,59694.41120370012
1609,2459694.8108681,238.4318407,80.085751,2,19.260000228881836,0.17200499773025513,59694.3108680998
1610,2459694.7785764,238.4322061,80.0858216,2,18.924800872802734,0.10246499627828598,59694.27857640013
1611,2459690.9711458,238.4321587,80.0858396,2,19.654699325561523,0.2111310064792633,59690.47114579985
1612,2459690.9681597,238.4318845,80.0859273,2,19.317699432373047,0.169855996966362,59690.46815969981
1613,2459690.9278472,238.4317629,80.085738,1,19.841999053955078,0.17508499324321747,59690.42784720007
1614,2459690.9273727,238.4320026,80.0857799,1,19.22920036315918,0.1496330052614212,59690.42737270007
1615,2459690.9245139,238.4321954,80.0858564,1,19.319900512695312,0.1791290044784546,59690.42451390019
1616,2459690.8477546,238.4322778,80.0857291,2,19.43939971923828,0.1670680046081543,59690.34775459999
1618,2459687.9082176,238.4318395,80.0857718,2,19.130199432373047,0.12651599943637848,59687.40821760008
1620,2459684.9656366,238.4324476,80.0858932,1,19.27239990234375,0.23835699260234833,59684.46563659981
1621,2459684.963669,238.4318141,80.0858533,1,18.937700271606445,0.17121799290180206,59684.46366900019
1622,2459684.9437037,238.4320365,80.0858022,1,18.731800079345703,0.17221499979496002,59684.44370369986
1623,2459684.9039352,238.4317193,80.0858832,2,19.086299896240234,0.1579129993915558,59684.40393520007
1624,2459684.9010185,238.4320472,80.0858927,2,19.034900665283203,0.16006900370121002,59684.40101849986
1625,2459684.8832639,238.4321542,80.0858694,2,19.29330062866211,0.24264200031757355,59684.383263899945
1626,2459682.8867593,238.4320107,80.0858522,1,18.889299392700195,0.13265100121498108,59682.386759299785
1627,2459682.8698495,238.4327191,80.0858899,2,18.996000289916992,0.14050400257110596,59682.36984949978
1628,2459682.8679051,238.4316209,80.0859329,2,19.159299850463867,0.16313999891281128,59682.367905099876
1630,2459682.7200231,238.4321771,80.0856865,1,18.911399841308594,0.18296299874782562,59682.2200230998
1631,2459682.7195486,238.4325575,80.0859163,1,19.20870018005371,0.17133599519729614,59682.219548599795
1632,2459679.8643171,238.4321533,80.0857219,2,19.296300888061523,0.14940400421619415,59679.36431710003
1633,2459679.7692014,238.4321579,80.0858485,1,19.171199798583984,0.1118139997124672,59679.269201400224
1634,2459679.7687153,238.4320127,80.0856714,1,18.96419906616211,0.17432600259780884,59679.26871530013
1635,2459679.7677083,238.4321082,80.0858094,1,19.213300704956055,0.17631399631500244,59679.26770830015
1636,2459679.722037,238.4324624,80.0858322,2,18.57309913635254,0.09532000124454498,59679.222037000116
1639,2459677.8899884,238.4309932,80.0858156,2,19.456100463867188,0.1911270022392273,59677.38998840004
1640,2459677.8062847,238.4322474,80.0857614,1,19.34469985961914,0.16684800386428833,59677.306284700055
1641,2459677.8058102,238.4325214,80.0857095,1,19.15089988708496,0.19179099798202515,59677.30581020005
1642,2459677.8052315,238.4321242,80.0857813,1,19.176700592041016,0.10908400267362595,59677.30523149995
1644,2459675.8670833,238.4322745,80.0858855,1,19.011899948120117,0.1158519983291626,59675.367083299905
1645,2459675.8665046,238.4313514,80.0857708,1,19.038799285888672,0.11379499733448029,59675.366504599806
1646,2459675.845081,238.4325971,80.0858574,2,19.190399169921875,0.11667899787425995,59675.34508100012
1647,2459675.8271528,238.4317864,80.08589,1,19.35689926147461,0.1589220017194748,59675.327152799815
1649,2459675.7009028,238.4320619,80.0859062,2,18.813199996948242,0.09830699861049652,59675.200902800076
1650,2459672.8231944,238.431911,80.0858234,1,19.5669002532959,0.141416996717453,59672.32319439994
1651,2459672.8231944,238.4317783,80.0858186,1,19.071399688720703,0.11092100292444229,59672.32319439994
1652,2459672.8221528,238.4318454,80.0858979,1,19.231800079345703,0.13965299725532532,59672.32215279993
1653,2459672.8221528,238.431837,80.0858983,1,19.195499420166016,0.13476599752902985,59672.32215279993
1654,2459672.8076157,238.4322146,80.0858196,1,19.212299346923828,0.10493700206279755,59672.30761570018
1655,2459672.8076157,238.4322009,80.0858223,1,19.203800201416016,0.10498999804258347,59672.30761570018
1656,2459641.8927546,238.4322738,80.0858525,1,19.320690155029297,0.11113499850034714,59641.39275459992
1657,2459641.8694329,238.4321612,80.0859183,2,19.2268009185791,0.12052799761295319,59641.3694329001
1658,2459641.8462731,238.4319563,80.0856952,1,19.136619567871094,0.1699489951133728,59641.3462731
1659,2459641.8457986,238.4321278,80.0858106,1,19.313100814819336,0.12327300012111664,59641.3457986
1661,2459641.8033565,238.4321123,80.085856,2,18.711599349975586,0.11001399904489517,59641.30335649988
1662,2459639.948588,238.4325272,80.0857727,2,19.146699905395508,0.19119000434875488,59639.448588000145
1664,2459639.8488889,238.4314777,80.0859093,1,19.14539909362793,0.14569899439811707,59639.34888890013
1665,2459639.8484144,238.4316178,80.085517,1,18.961999893188477,0.14560499787330627,59639.34841440013
1667,2459639.7604167,238.4335517,80.0859499,2,18.582300186157227,0.10199800133705139,59639.26041670004
1668,2459637.9067593,238.4326043,80.0859192,2,19.029600143432617,0.1717280000448227,59637.4067592998
1669,2459637.8909606,238.432299,80.0857178,1,18.964399337768555,0.1414089947938919,59637.39096060023
1670,2459637.8903819,238.4315428,80.0858705,1,19.2903995513916,0.16885699331760406,59637.39038190013
1672,2459637.0095949,238.43232,80.0859747,1,19.3075008392334,0.13735200464725494,59636.50959490007
1673,2459631.0168056,238.4319082,80.0859581,2,19.276599884033203,0.13239499926567078,59630.51680559991
1674,2459630.9119329,238.4317231,80.0857781,1,18.999000549316406,0.1522279977798462,59630.41193290008
1675,2459630.9113542,238.4321885,80.0858525,1,19.215200424194336,0.11705700308084488,59630.41135419998
1676,2459629.9919907,238.4323205,80.0859107,2,19.068500518798828,0.12770000100135803,59629.4919906999
1677,2459629.9285995,238.4313565,80.085801,1,19.409799575805664,0.2571829855442047,59629.4285995001
1681,2459628.8684028,238.4321022,80.0854893,1,18.984600067138672,0.157383993268013,59628.36840280006
1688,2459625.8470833,238.433289,80.0855136,1,18.860599517822266,0.20674699544906616,59625.34708329989
1690,2459625.0142477,238.4317206,80.0857919,1,19.330400466918945,0.13163800537586212,59624.514247700106
1691,2459624.8874421,238.4325223,80.0858954,2,18.69179916381836,0.13293999433517456,59624.38744209986
1693,2459623.9275463,238.4329361,80.0859258,1,19.427000045776367,0.16479399800300598,59623.427546299994
1696,2459623.0298032,238.4317234,80.0859468,2,19.144899368286133,0.1620039939880371,59622.52980320016
1698,2459601.052338,238.4320573,80.085854,1,18.82110023498535,0.11927299946546555,59600.55233799992
1699,2459600.986794,238.4320453,80.0858391,2,18.867799758911133,0.12071599811315536,59600.486794000026
1700,2459600.9852546,238.4316809,80.0858167,2,18.788700103759766,0.1301340013742447,59600.48525460018
1701,2459600.9087384,238.4318115,80.08572,1,18.60449981689453,0.14319400489330292,59600.408738399856
