,jd,ra,dec,fid,magpsf,sigmapsf,mjd
0,2461192.9900694,281.4070347,8.5787657,2,18.691471099853516,0.21051347255706787,61192.49006940005
2,2461192.902419,281.4071997,8.5786179,1,19.666000366210938,0.23225100338459015,61192.40241899993
7,2461191.8778472,281.4071156,8.5786448,2,18.63249969482422,0.149167001247406,61191.377847199794
8,2461186.9537269,281.4072656,8.5786325,3,17.82200050354004,0.17429199814796448,61186.45372689981
12,2461185.9034144,281.4071443,8.5787412,1,20.098100662231445,0.19576099514961243,61185.40341439983
13,2461185.9034144,281.4071443,8.5787412,1,20.098100662231445,0.19576099514961243,61185.40341439983
14,2461185.8872454,281.407222,8.578735,3,18.054399490356445,0.15986600518226624,61185.38724539988
15,2461185.8872454,281.407222,8.578735,3,18.054399490356445,0.15986600518226624,61185.38724539988
19,2461184.9053704,281.4071776,8.5786095,1,20.208999633789062,0.22828899323940277,61184.40537039982
20,2461184.9053704,281.4071776,8.5786095,1,20.208999633789062,0.22828899323940277,61184.40537039982
23,2461183.9202431,281.4071417,8.5786705,2,18.638700485229492,0.11995399743318558,61183.4202430998
24,2461183.8852431,281.4071565,8.5785705,3,17.895099639892578,0.09873899817466736,61183.385243100114
25,2461182.94375,281.4071972,8.5786353,1,20.09309959411621,0.20281000435352325,61182.44375000009
28,2461181.96375,281.4072695,8.5787528,3,17.777999877929688,0.12217900156974792,61181.46375000011
29,2461181.96375,281.4072695,8.5787528,3,17.777999877929688,0.12217900156974792,61181.46375000011
30,2461181.9440046,281.4071968,8.5787185,1,20.01020050048828,0.20466099679470062,61181.444004599936
32,2461181.9206829,281.4071852,8.5787001,2,18.50320053100586,0.089369997382164,61181.42068290012
33,2461181.9206829,281.4071852,8.5787001,2,18.50320053100586,0.089369997382164,61181.42068290012
34,2461181.9110301,281.4072666,8.5785799,2,18.359899520874023,0.10649800300598145,61181.41103010019
35,2461180.9694792,281.4071909,8.5786997,3,17.51490020751953,0.08063100278377533,61180.469479199965
36,2461180.9398264,281.4072786,8.5786388,2,18.21430015563965,0.08964899927377701,61180.43982640002
40,2461179.9673032,281.4071722,8.5786121,3,17.574399948120117,0.06608100235462189,61179.46730320016
41,2461179.9392708,281.4073103,8.5785571,2,18.256399154663086,0.10388500243425369,61179.43927079998
42,2461179.9236111,281.4071002,8.5786204,2,18.433000564575195,0.08619800209999084,61179.42361109983
45,2461176.958588,281.4071745,8.5786541,1,20.225000381469727,0.24695900082588196,61176.45858799992
47,2461176.9189699,281.4073844,8.578553,2,18.552583694458008,0.17463086545467377,61176.41896989988
48,2461176.9189699,281.4073844,8.578553,2,18.552600860595703,0.1746309995651245,61176.41896989988
49,2461176.9036574,281.4071724,8.5786635,2,18.38599967956543,0.07413899898529053,61176.40365740005
50,2461176.865787,281.4072445,8.5787155,3,17.665700912475586,0.101173996925354,61176.36578699993
51,2461176.865787,281.4072445,8.5787155,3,17.665700912475586,0.101173996925354,61176.36578699993
52,2461175.9649306,281.4071919,8.5785715,3,17.605199813842773,0.06452400237321854,61175.46493060002
55,2461175.849213,281.4071358,8.5786574,2,18.405399322509766,0.08671800047159195,61175.34921299992
57,2461174.9445602,281.4071987,8.5786417,2,18.58650016784668,0.09182299673557281,61174.444560199976
58,2461174.928287,281.4073146,8.5786533,3,17.697900772094727,0.09859400242567062,61174.42828699993
61,2461173.9545602,281.4071123,8.5786336,2,18.438100814819336,0.08652500063180923,61173.45456020022
64,2461173.8827662,281.4072497,8.5786592,1,20.194499969482422,0.2428009957075119,61173.38276620023
65,2461172.9575926,281.4070783,8.5787151,2,18.49650001525879,0.1088619977235794,61172.457592600025
66,2461172.9347222,281.4073159,8.5785443,2,18.40489959716797,0.0918240025639534,61172.434722200036
67,2461172.8889236,281.407222,8.5785991,1,19.978300094604492,0.18539799749851227,61172.38892359985
70,2461171.9586343,281.4070883,8.5786142,2,18.65180015563965,0.08797500282526016,61171.45863430016
72,2461171.8884144,281.4071205,8.5785492,3,17.703800201416016,0.09864400327205658,61171.388414400164
74,2461170.9648032,281.4072432,8.5786823,1,19.96820068359375,0.23033900558948517,61170.464803200215
75,2461170.9643287,281.4071304,8.5786979,1,20.19729995727539,0.23160399496555328,61170.46432870021
79,2461169.9658333,281.4072315,8.578749,3,17.688400268554688,0.15643799304962158,61169.46583329979
81,2461169.9429282,281.4071512,8.5786531,2,18.542200088500977,0.12283699959516525,61169.44292820012
82,2461169.9001042,281.4072764,8.5786718,1,19.888500213623047,0.2329079955816269,61169.4001042
84,2461168.9681019,281.4072152,8.5785857,3,17.5575008392334,0.08478400111198425,61168.46810190007
88,2461168.8870255,281.4071665,8.5786596,2,18.55030059814453,0.12703700363636017,61168.38702550018
89,2461167.961169,281.4070026,8.5786201,2,18.7721004486084,0.19622300565242767,61167.461168999784
94,2461163.9731597,281.4072081,8.5786765,3,17.714799880981445,0.12964199483394623,61163.47315970017
97,2461162.9702662,281.4071869,8.5786983,3,17.78969955444336,0.13244499266147614,61162.47026620014
99,2461162.9536574,281.4073435,8.5785517,2,18.377599716186523,0.09003300219774246,61162.45365739986
104,2461161.9548727,281.4070866,8.578701,2,18.756900787353516,0.11114399880170822,61161.45487269992
109,2461160.9150231,281.4072829,8.5786271,2,18.516199111938477,0.14210599660873413,61160.4150231001
114,2461158.9291667,281.407379,8.5785709,2,18.433399200439453,0.1347000002861023,61158.429166700225
115,2461158.9063889,281.4070993,8.5786945,2,18.524200439453125,0.12906399369239807,61158.40638889978
116,2461155.9093403,281.4072459,8.5786534,3,17.486299514770508,0.0666700005531311,61155.40934030013
117,2461154.9809144,281.407406,8.578583,2,18.47960090637207,0.12043099850416183,61154.48091439996
118,2461154.9728356,281.4070907,8.5787243,2,18.621400833129883,0.14055000245571136,61154.47283559991
121,2461153.9850347,281.4072075,8.5786475,1,19.809999465942383,0.2605170011520386,61153.48503470002
122,2461153.9845602,281.4071354,8.5787285,1,20.22760009765625,0.2167000025510788,61153.48456020001
123,2461153.9540856,281.4072382,8.5786909,3,17.677799224853516,0.08139900118112564,61153.4540856001
125,2461153.9251736,281.4071769,8.5786719,2,18.476299285888672,0.07196400314569473,61153.425173600204
128,2461151.9499421,281.407239,8.5787002,3,17.77630043029785,0.13738299906253815,61151.44994209986
129,2461151.9360995,281.4071624,8.5786721,2,18.4862003326416,0.09327699989080429,61151.43609949993
130,2461151.935625,281.4073536,8.5785784,2,18.3966007232666,0.11871399730443954,61151.435624999925
136,2461148.9827894,281.4071744,8.5786187,1,19.9867000579834,0.2420700043439865,61148.482789400034
138,2461148.9417014,281.4071684,8.5786331,2,18.56920051574707,0.12031999975442886,61148.441701400094
139,2461147.9882176,281.4072238,8.5787181,3,17.458999633789062,0.08200299739837646,61147.488217600156
142,2461147.9267824,281.407279,8.5787289,1,20.051599502563477,0.19850300252437592,61147.42678239988
144,2461145.9911227,281.407199,8.5787524,3,17.786100387573242,0.08114100247621536,61145.49112269981
147,2461145.9473264,281.4071472,8.5786495,2,18.596799850463867,0.11423499882221222,61145.44732639985
149,2461140.9634375,281.4071443,8.5786891,2,18.576099395751953,0.13185900449752808,61140.463437499944
155,2461138.9911574,281.4071413,8.5786944,3,17.933000564575195,0.15867699682712555,61138.491157399956
156,2461138.9688542,281.4071216,8.578726,2,18.6205997467041,0.11689300090074539,61138.468854200095
161,2461137.9872338,281.4071522,8.5786083,2,18.539600372314453,0.09662999957799911,61137.48723379988
165,2461135.9896296,281.4072718,8.5785888,3,17.850099563598633,0.13255900144577026,61135.4896296002
168,2461135.9356829,281.4072231,8.5786528,2,18.44219970703125,0.11090199649333954,61135.435682899784
174,2461133.9843287,281.4071888,8.578767,3,17.507600784301758,0.08949600160121918,61133.48432870023
175,2461132.9519329,281.4072146,8.5786824,3,17.497400283813477,0.07461400330066681,61132.45193290012
179,2461130.0076968,281.4072841,8.5786422,1,19.96269989013672,0.2656030058860779,61129.507696799934
182,2461129.9461806,281.4072337,8.5786503,2,18.486600875854492,0.10269299894571304,61129.44618060021
183,2461128.0123958,281.4072517,8.5787416,2,18.59469985961914,0.08300399780273438,61127.51239580009
188,2461126.9545602,281.4072321,8.5786497,2,18.60650062561035,0.10312200337648392,61126.45456020022
191,2461125.9548148,281.4071924,8.5787113,2,18.357200622558594,0.09828600287437439,61125.45481480006
196,2461124.9502662,281.4072583,8.5785836,2,18.558399200439453,0.10194099694490433,61124.45026620012
198,2461124.0094213,281.4071803,8.5786501,1,19.945999145507812,0.20509499311447144,61123.50942130014
200,2461123.9788079,281.407151,8.5786548,2,18.537399291992188,0.1076980009675026,61123.4788079001
203,2461123.0158218,281.4072598,8.5786774,1,20.042299270629883,0.18744699656963348,61122.5158218001
204,2461122.9468866,281.4071718,8.5786484,2,18.14310073852539,0.11826100200414658,61122.446886599995
206,2461122.0200694,281.4073195,8.5786326,1,20.173500061035156,0.19654400646686554,61121.52006939985
210,2461121.9649884,281.4072865,8.5786537,2,18.544599533081055,0.11572399735450745,61121.46498840023
213,2461120.9936458,281.407209,8.5786393,2,18.498199462890625,0.1014150008559227,61120.49364579981
216,2461119.0205324,281.4073212,8.5786961,1,19.904699325561523,0.18388399481773376,61118.52053239988
217,2461118.9972685,281.4071978,8.5787195,2,18.434900283813477,0.10633400082588196,61118.49726849981
218,2461116.0231944,281.4071725,8.5786609,1,19.93560028076172,0.20530100166797638,61115.52319440013
221,2461115.9708102,281.407221,8.5786473,2,18.52239990234375,0.13449600338935852,61115.47081020009
222,2461115.0247222,281.4071852,8.5785822,2,18.420299530029297,0.11684899777173996,61114.52472219989
223,2461115.0247222,281.4071852,8.5785822,2,18.420299530029297,0.11684899777173996,61114.52472219989
228,2461111.0300694,281.4072558,8.5786099,2,18.510799407958984,0.13453899323940277,61110.53006940009
232,2461106.9840972,281.4074127,8.5784576,2,17.956899642944336,0.2286199927330017,61106.48409719998
233,2461101.0295949,281.4072095,8.5786716,3,17.538700103759766,0.08716999739408493,61100.52959490009
234,2461096.0340509,281.4072393,8.5786512,3,16.76609992980957,0.13629400730133057,61095.53405090002
237,2461072.0705671,281.4074096,8.5786088,2,18.098600387573242,0.15062899887561798,61071.57056709984
238,2461072.0653241,281.4073594,8.5785982,2,18.081499099731445,0.1763859987258911,61071.5653241002
240,2461071.0703704,281.4072685,8.5786627,2,18.061800003051758,0.12576399743556976,61070.57037039986
241,2461071.0669792,281.4075205,8.5786766,2,18.0393009185791,0.15963199734687805,61070.56697920011
242,2461071.0669792,281.4075205,8.5786766,2,18.0393009185791,0.15963199734687805,61070.56697920011
251,2461061.0743171,281.4071424,8.5785821,2,18.545400619506836,0.18150299787521362,61060.57431709999
259,2460989.5894792,281.4070845,8.5786512,2,18.276765823364258,0.09497791528701782,60989.089479200076
260,2460987.608125,281.4071393,8.5786627,1,20.008499145507812,0.21198000013828278,60987.108124999795
268,2460978.6300579,281.4071423,8.5786359,2,18.412799835205078,0.11415600031614304,60978.13005790021
269,2460978.6007755,281.4071522,8.5786708,1,20.00779914855957,0.2053530067205429,60978.10077549983
271,2460976.6096644,281.4070611,8.5786725,2,18.423200607299805,0.1200530007481575,60976.10966440011
273,2460974.6024421,281.4071017,8.5786551,2,18.405899047851562,0.11766500025987625,60974.10244210018
274,2460972.6531597,281.4072092,8.5786557,2,18.262699127197266,0.09220100194215775,60972.15315969987
276,2460969.6247338,281.4071084,8.5787022,2,18.516700744628906,0.12472300231456757,60969.12473380007
278,2460967.6244329,281.4070986,8.5785765,2,18.3710994720459,0.11843399703502655,60967.12443289999
280,2460960.6534144,281.4070666,8.5786153,2,18.521299362182617,0.12813900411128998,60960.15341439983
285,2460953.6726389,281.4070513,8.5786413,2,18.528200149536133,0.13195599615573883,60953.17263890011
287,2460951.6513773,281.4071426,8.5786815,2,18.531200408935547,0.09143800288438797,60951.1513772998
290,2460948.7351852,281.4070859,8.5786676,1,19.940799713134766,0.29376301169395447,60948.23518519988
293,2460942.6878472,281.4072321,8.5786708,2,18.381900787353516,0.08101499825716019,60942.18784719985
296,2460939.7019329,281.4071447,8.5784126,1,20.289600372314453,0.2909649908542633,60939.20193290012
297,2460935.6975231,281.4071858,8.5787817,2,18.410900115966797,0.11385300010442734,60935.197523099836
299,2460934.6625231,281.4072933,8.5785498,1,20.21150016784668,0.3057610094547272,60934.16252310015
300,2460933.6929861,281.4071948,8.5786798,2,18.47759246826172,0.08544397354125977,60933.19298609998
301,2460933.6929861,281.4071948,8.5786798,2,18.47760009765625,0.08544400334358215,60933.19298609998
305,2460931.6421065,281.4071476,8.5786637,2,18.534900665283203,0.09225799888372421,60931.14210649999
309,2460929.7259954,281.4071936,8.5786611,2,18.477500915527344,0.11456699669361115,60929.22599539999
312,2460927.6774884,281.4071312,8.5785728,1,19.94700050354004,0.2708609998226166,60927.177488400135
317,2460925.6498611,281.4069939,8.5786914,2,18.944499969482422,0.23637600243091583,60925.14986110013
327,2460919.7066319,281.4070492,8.578767,2,18.627300262451172,0.19409500062465668,60919.20663189981
329,2460917.7631597,281.4071705,8.5787107,1,20.00790023803711,0.28428199887275696,60917.263159700204
330,2460917.7631597,281.4071705,8.5787107,1,20.00790023803711,0.28428199887275696,60917.263159700204
331,2460917.7617361,281.4073237,8.5786029,1,20.081300735473633,0.227851003408432,60917.261736100074
337,2460914.6738079,281.4071857,8.5786727,1,19.940799713134766,0.23089399933815002,60914.17380789993
338,2460910.764375,281.4070761,8.5787368,2,18.679399490356445,0.12384100258350372,60910.264374999795
341,2460910.7406019,281.407305,8.5785084,1,20.041799545288086,0.21290700137615204,60910.240601900034
342,2460908.7892245,281.4071187,8.5787101,1,20.213899612426758,0.284171998500824,60908.28922449984
347,2460903.6740625,281.4073285,8.5785682,2,18.30064582824707,0.1668422669172287,60903.17406249978
348,2460903.6740625,281.4073285,8.5785682,2,18.300600051879883,0.1668419986963272,60903.17406249978
350,2460901.8057407,281.4071858,8.5786059,2,18.437400817871094,0.13003399968147278,60901.3057407001
351,2460901.8057407,281.4071858,8.5786059,2,18.437400817871094,0.13003399968147278,60901.3057407001
360,2460890.8297454,281.4072019,8.5787204,1,19.94879913330078,0.2164659947156906,60890.32974540023
361,2460890.6790162,281.4072166,8.5786447,2,18.412900924682617,0.11436200141906738,60890.179016199894
362,2460889.7520718,281.4072416,8.5786415,2,18.1653995513916,0.14146000146865845,60889.252071800176
363,2460889.7332292,281.4072613,8.5786429,1,19.934099197387695,0.243025004863739,60889.23322919989
364,2460888.7779861,281.4070999,8.5786581,2,18.534099578857422,0.08803799748420715,60888.27798609994
365,2460888.7779861,281.4070999,8.5786581,2,18.534099578857422,0.08803799748420715,60888.27798609994
366,2460888.7560648,281.4071956,8.578675,1,19.95709991455078,0.15712900459766388,60888.25606480008
367,2460888.7560648,281.4071956,8.578675,1,19.95709991455078,0.15712900459766388,60888.25606480008
370,2460886.7622917,281.4071157,8.5786391,1,20.09670066833496,0.25156599283218384,60886.26229170011
371,2460886.717037,281.4072037,8.5785993,2,18.2731990814209,0.09414000064134598,60886.21703700023
372,2460885.779294,281.4072127,8.5786969,1,19.827699661254883,0.14691099524497986,60885.27929400001
374,2460884.7657292,281.407192,8.5786528,2,18.38800048828125,0.11185400187969208,60884.265729200095
375,2460884.6915856,281.4071879,8.5787183,1,19.963600158691406,0.1744769960641861,60884.19158559991
376,2460884.6915856,281.4071879,8.5787183,1,19.963600158691406,0.1744769960641861,60884.19158559991
377,2460884.6915856,281.4071879,8.5787183,1,19.963600158691406,0.1744769960641861,60884.19158559991
378,2460883.7977894,281.4072434,8.5786164,1,19.959699630737305,0.20042499899864197,60883.29778939998
379,2460883.7977894,281.4072434,8.5786164,1,19.959699630737305,0.20042499899864197,60883.29778939998
380,2460883.7977894,281.4072434,8.5786164,1,19.959699630737305,0.20042499899864197,60883.29778939998
381,2460882.7653935,281.4071759,8.5786655,2,18.417715072631836,0.07922294735908508,60882.265393500216
383,2460882.7121528,281.407172,8.5787425,1,19.877300262451172,0.1615619957447052,60882.21215280006
386,2460881.7344097,281.4071512,8.5786793,1,19.94729995727539,0.2046239972114563,60881.23440970015
387,2460880.7968866,281.4071908,8.5787217,1,20.121444702148438,0.17267483472824097,60880.29688660009
388,2460880.7968866,281.4071908,8.5787217,1,20.121400833129883,0.1726749986410141,60880.29688660009
389,2460880.7675694,281.4071272,8.5786455,2,18.487899780273438,0.08041299879550934,60880.267569399904
390,2460880.7675694,281.4071272,8.5786455,2,18.487899780273438,0.08041299879550934,60880.267569399904
391,2460879.7761343,281.407184,8.5786931,1,19.768299102783203,0.2251880019903183,60879.276134300046
394,2460878.7571412,281.4071638,8.5786167,2,18.37190055847168,0.09208899736404419,60878.257141199894
396,2460877.7673032,281.4072484,8.5786448,1,20.10968017578125,0.20791979134082794,60877.26730319997
400,2460875.782037,281.4071414,8.5786802,1,19.959299087524414,0.1935569941997528,60875.28203700017
402,2460873.7338426,281.4071513,8.5787733,1,19.79680061340332,0.19056500494480133,60873.23384260014
407,2460870.7145833,281.407255,8.5786254,1,19.791900634765625,0.2207060009241104,60870.214583300054
408,2460869.8026042,281.4072028,8.5786041,2,18.349300384521484,0.11545900255441666,60869.30260419985
409,2460869.6919676,281.4071967,8.5786736,1,19.983699798583984,0.21743899583816528,60869.191967600025
410,2460869.6919676,281.4071967,8.5786736,1,19.983699798583984,0.21743899583816528,60869.191967600025
413,2460867.778912,281.4071306,8.5786451,2,18.34160041809082,0.11406300216913223,60867.27891199989
417,2460865.8215741,281.4071773,8.5785845,2,18.50629997253418,0.10405600070953369,60865.32157409983
419,2460864.9306019,281.4071732,8.5786211,1,19.87030029296875,0.2772270143032074,60864.43060189998
423,2460862.9129282,281.407213,8.5786173,1,19.584999084472656,0.1566929966211319,60862.41292819986
426,2460861.8181366,281.4071496,8.5787069,2,18.377599716186523,0.08813700079917908,60861.318136599846
427,2460859.9051157,281.4073004,8.5784813,2,18.153099060058594,0.10206399857997894,60859.40511569986
428,2460859.874456,281.4071717,8.5786726,1,19.88290023803711,0.15829099714756012,60859.37445600005
429,2460859.8541088,281.4072355,8.5786525,1,19.96489906311035,0.212785005569458,60859.35410880018
430,2460859.8115046,281.407186,8.5786572,2,18.316600799560547,0.058125998824834824,60859.311504600104
431,2460857.8448958,281.4070838,8.5786823,2,18.345922470092773,0.11993131786584854,60857.34489580011
433,2460857.829294,281.4072492,8.5787027,1,19.634000778198242,0.17799200117588043,60857.32929399982
435,2460857.8126389,281.4072279,8.5786598,1,20.01140022277832,0.22616299986839294,60857.31263889978
437,2460855.8818634,281.4072793,8.5786001,1,19.43869972229004,0.24022899568080902,60855.381863399874
438,2460855.8395949,281.407179,8.578644,2,18.17970085144043,0.1091419979929924,60855.33959490014
439,2460855.8381713,281.4072398,8.5786157,2,17.991300582885742,0.07467199862003326,60855.33817130001
440,2460855.8010764,281.4071855,8.5787848,1,19.997400283813477,0.1788869947195053,60855.301076400094
441,2460853.8385995,281.4071662,8.5786324,2,18.212902069091797,0.06903818994760513,60853.33859949978
442,2460853.8385995,281.4071662,8.5786324,2,18.212900161743164,0.06903800368309021,60853.33859949978
443,2460853.8371759,281.4072697,8.5786283,2,18.01930046081543,0.104823999106884,60853.33717590012
444,2460853.8371759,281.4072697,8.5786283,2,18.01930046081543,0.104823999106884,60853.33717590012
445,2460853.7989583,281.4072227,8.5787013,1,19.53700065612793,0.16425800323486328,60853.29895830015
446,2460853.7989583,281.4072227,8.5787013,1,19.53700065612793,0.16425800323486328,60853.29895830015
447,2460853.797037,281.4071597,8.5786865,1,19.938400268554688,0.21802200376987457,60853.29703699984
448,2460853.797037,281.4071597,8.5786865,1,19.938400268554688,0.21802200376987457,60853.29703699984
449,2460851.8375694,281.4071512,8.5786747,2,18.285364151000977,0.09533344954252243,60851.3375694002
450,2460851.8375694,281.407152,8.5786737,2,18.27280044555664,0.09349499642848969,60851.3375694002
451,2460851.7978588,281.4073574,8.5786277,2,18.15920066833496,0.0838479995727539,60851.29785879981
452,2460851.7978588,281.4073589,8.5786258,2,18.170799255371094,0.0823030024766922,60851.29785879981
453,2460851.7963889,281.407203,8.5786281,2,18.210899353027344,0.07849200069904327,60851.29638889991
454,2460849.8191782,281.4072411,8.5786275,1,19.89189910888672,0.21354299783706665,60849.31917819986
455,2460849.8182292,281.4072082,8.5787354,1,20.006799697875977,0.2058899998664856,60849.31822919985
457,2460847.8743403,281.4072181,8.5786554,1,19.83249855041504,0.1526094228029251,60847.37434029998
459,2460847.8733912,281.4072988,8.5786298,1,19.78968620300293,0.21686838567256927,60847.37339119986
462,2460847.8197801,281.4071877,8.5786252,2,18.259300231933594,0.07162600010633469,60847.31978010014
465,2460845.8169676,281.4073008,8.5785905,2,18.091699600219727,0.11397100239992142,60845.316967600025
466,2460845.7967593,281.4072149,8.5787127,2,18.275699615478516,0.06914100050926208,60845.296759299934
467,2460845.7668519,281.4071918,8.5787003,1,19.80590057373047,0.14962700009346008,60845.266851900145
468,2460843.7914005,281.407186,8.5786865,1,19.9242000579834,0.1732890009880066,60843.29140050011
471,2460843.7569097,281.4071818,8.5786054,2,18.20560073852539,0.08687499910593033,60843.25690970011
473,2460840.8359259,281.4071125,8.5786493,2,18.22170066833496,0.10110300034284592,60840.33592589991
474,2460840.7621875,281.407264,8.5787153,1,19.60460090637207,0.1996379941701889,60840.26218750002
479,2460838.8846296,281.4071027,8.5786442,2,18.161300659179688,0.09960299730300903,60838.384629600216
487,2460832.9369329,281.4070993,8.5786474,2,18.342899322509766,0.14904099702835083,60832.43693289999
488,2460832.9147801,281.407235,8.5786482,1,19.880699157714844,0.18989500403404236,60832.414780099876
489,2460832.9138426,281.4072324,8.5786055,1,19.68950080871582,0.1356000006198883,60832.41384259984
491,2460830.9014699,281.407264,8.5787105,1,19.941200256347656,0.2102929949760437,60830.40146989981
492,2460830.9014699,281.407264,8.5787105,1,19.941200256347656,0.2102929949760437,60830.40146989981
493,2460830.8649537,281.4072099,8.578583,2,17.931400299072266,0.10463500022888184,60830.36495369999
494,2460830.8649537,281.4072099,8.578583,2,17.931400299072266,0.10463500022888184,60830.36495369999
495,2460830.8640046,281.4071159,8.5785713,2,18.269800186157227,0.07770299911499023,60830.36400459986
496,2460830.8640046,281.4071159,8.5785713,2,18.269800186157227,0.07770299911499023,60830.36400459986
497,2460826.9159375,281.407275,8.5786599,1,20.07229995727539,0.19272500276565552,60826.415937500075
498,2460826.9159375,281.407275,8.5786599,1,20.07229995727539,0.19272500276565552,60826.415937500075
499,2460826.915463,281.4073293,8.578657,1,19.828500747680664,0.14702600240707397,60826.41546300007
500,2460826.8875347,281.4071291,8.5786627,2,18.481599807739258,0.09494800120592117,60826.38753469987
501,2460826.8875347,281.4071291,8.5786627,2,18.481599807739258,0.09494800120592117,60826.38753469987
503,2460823.8792593,281.4072084,8.5786213,1,20.096500396728516,0.15192900598049164,60823.37925929995
504,2460823.8444329,281.4073882,8.5786069,2,18.149999618530273,0.1194470003247261,60823.344432900194
506,2460821.8491088,281.4072839,8.5786427,2,18.436899185180664,0.12165000289678574,60821.349108799826
507,2460821.8491088,281.4072839,8.5786427,2,18.436899185180664,0.12165000289678574,60821.349108799826
509,2460821.8178356,281.4073019,8.5786511,1,19.77239990234375,0.1860859990119934,60821.317835600115
517,2460817.8587847,281.4072213,8.5787113,1,19.868000030517578,0.18028900027275085,60817.35878469981
526,2460804.982963,281.4071025,8.5786368,2,18.541500091552734,0.0948989987373352,60804.48296299996
527,2460804.9815394,281.4073234,8.5786877,2,18.22570037841797,0.08036699891090393,60804.48153939983
529,2460804.9605324,281.4071418,8.5785354,1,19.983400344848633,0.18317799270153046,60804.460532399826
530,2460802.9637384,281.4071803,8.5785628,2,18.53700065612793,0.08361399918794632,60802.46373840002
532,2460802.9456597,281.4072188,8.5786104,1,19.930099487304688,0.15324899554252625,60802.44565969985
534,2460797.9603472,281.407229,8.5786455,1,20.027000427246094,0.1721940040588379,60797.46034719981
535,2460797.9216204,281.4073537,8.5786297,2,18.30109977722168,0.080424003303051,60797.42162040016
538,2460794.9804745,281.40723,8.5787269,1,19.873699188232422,0.20652000606060028,60794.480474499986
540,2460789.9594213,281.4071755,8.5786636,1,20.192399978637695,0.1986519992351532,60789.45942129986
541,2460789.9221296,281.4071882,8.5786359,2,18.512399673461914,0.0811609998345375,60789.42212959984
543,2460787.9747338,281.4071831,8.5785979,2,18.572599411010742,0.11015100032091141,60787.47473380016
547,2460785.9266088,281.4070505,8.5786691,2,18.600900650024414,0.13620899617671967,60785.42660879996
549,2460776.9569097,281.407255,8.5787418,2,18.537799835205078,0.1145709976553917,60776.45690969983
564,2460758.0030671,281.4070585,8.5786597,2,18.613399505615234,0.13402700424194336,60757.503067099955
567,2460755.9657407,281.4071843,8.578587,1,19.608400344848633,0.23284700512886047,60755.46574069979
569,2460754.9833796,281.4071925,8.5786045,2,18.69300079345703,0.14508800208568573,60754.483379600104
575,2460744.9542477,281.4072237,8.5785173,2,18.554000854492188,0.15897999703884125,60744.45424770005
576,2460740.027662,281.4072471,8.5786392,1,20.111799240112305,0.21687699854373932,60739.52766200015
582,2460732.0386227,281.4072036,8.5785682,2,18.735200881958008,0.13640199601650238,60731.53862270014
585,2460730.0195949,281.4072441,8.578665,2,18.261600494384766,0.11490499973297119,60729.519594899844
586,2460728.020162,281.4070713,8.5786976,2,18.54199981689453,0.15607699751853943,60727.520161999855
590,2460726.0124537,281.4073796,8.5786043,2,18.3351993560791,0.10448499768972397,60725.51245369995
591,2460725.9926852,281.406992,8.5787086,2,18.491199493408203,0.13047100603580475,60725.49268520018
593,2460706.0664468,281.4071449,8.5786657,2,18.218000411987305,0.1041480004787445,60705.566446799785
595,2460706.0625694,281.4070236,8.5787145,2,18.561500549316406,0.17859899997711182,60705.56256939983
596,2460706.0600579,281.4072428,8.5787159,2,18.467199325561523,0.08968000113964081,60705.560057899915
598,2460706.0567014,281.4072866,8.5785607,2,18.464099884033203,0.09776800125837326,60705.55670139985
601,2460700.0704514,281.4073212,8.5787151,2,18.100799560546875,0.15214699506759644,60699.57045139978
604,2460700.0601736,281.4070262,8.5788098,2,18.41119956970215,0.16834299266338348,60699.56017359998
615,2460637.6139931,281.4073229,8.5786686,2,18.427125930786133,0.13302239775657654,60637.11399309989
616,2460637.5931944,281.4072617,8.5786517,1,19.813899993896484,0.21973000466823578,60637.09319439996
620,2460629.6102546,281.4071068,8.5786032,2,18.347900390625,0.12045499682426453,60629.11025460018
621,2460628.6320602,281.4073188,8.5786807,2,18.3882999420166,0.15267600119113922,60628.132060199976
622,2460628.5950116,281.4071574,8.5786482,1,19.646499633789062,0.30000001192092896,60628.09501159983
624,2460627.5852662,281.4070751,8.578686,2,18.462900161743164,0.1277420073747635,60627.085266199894
625,2460625.6132755,281.407073,8.5786118,2,18.544700622558594,0.11525599658489227,60625.113275500014
627,2460623.6393866,281.4072839,8.578642,2,18.050800323486328,0.12040200084447861,60623.13938659988
628,2460623.6393866,281.4072839,8.578642,2,18.050800323486328,0.12040200084447861,60623.13938659988
629,2460623.6389236,281.4071272,8.5785919,2,18.505699157714844,0.08808399736881256,60623.13892359985
630,2460623.5971759,281.4071119,8.5786204,1,19.978200912475586,0.2896150052547455,60623.09717589989
631,2460623.5967014,281.4072687,8.5786663,1,19.672100067138672,0.1977519989013672,60623.09670139989
633,2460621.5948727,281.4071983,8.5786565,2,18.1343994140625,0.12565599381923676,60621.09487270005
634,2460621.5934606,281.4071809,8.5787439,2,18.257699966430664,0.13224099576473236,60621.09346059989
635,2460619.6210185,281.407231,8.5786915,1,19.74180030822754,0.17186599969863892,60619.12101850007
637,2460619.5957523,281.4072973,8.578707,2,18.2283992767334,0.1300159990787506,60619.09575230023
638,2460619.5952894,281.4071766,8.578554,2,18.1156005859375,0.09737599641084671,60619.09528939985
641,2460610.6517245,281.4072721,8.5786066,2,18.22960090637207,0.13377399742603302,60610.151724500116
642,2460610.6307986,281.4073309,8.5785689,1,19.76020050048828,0.13182300329208374,60610.13079860015
643,2460609.6330324,281.4070456,8.5786055,2,18.36199951171875,0.09455700218677521,60609.13303240016
645,2460608.6521759,281.4073051,8.5786269,2,18.13789939880371,0.07236500084400177,60608.15217590006
646,2460608.6521759,281.4073051,8.5786269,2,18.13789939880371,0.07236500084400177,60608.15217590006
648,2460607.6654398,281.4071706,8.5787547,2,18.327600479125977,0.09047400206327438,60607.165439799894
651,2460604.6731597,281.4073501,8.5786085,2,18.318500518798828,0.12128499895334244,60604.17315969989
652,2460604.6139005,281.4071617,8.5786786,1,20.072599411010742,0.2594969868659973,60604.113900499884
657,2460597.6666667,281.4072335,8.5785533,1,19.747100830078125,0.2167070060968399,60597.16666670004
658,2460597.6286921,281.4071884,8.5786459,2,18.261499404907227,0.15397599339485168,60597.128692099825
659,2460595.7048264,281.4071988,8.5786319,2,18.27560043334961,0.1107809990644455,60595.20482640015
663,2460594.6319213,281.4071739,8.5786361,1,19.74449920654297,0.1957309991121292,60594.1319213002
665,2460593.6721875,281.407187,8.5785912,2,18.36370086669922,0.13815200328826904,60593.17218750017
670,2460572.6712731,281.4071298,8.5786573,2,18.50779914855957,0.1536320000886917,60572.17127310019
674,2460569.6490741,281.4071146,8.5786334,1,19.832599639892578,0.26844000816345215,60569.14907409996
677,2460567.6976852,281.4071002,8.5786596,2,18.33919906616211,0.14317399263381958,60567.19768519979
679,2460565.7690278,281.4072123,8.5786047,2,18.246000289916992,0.1171879991889,60565.26902779983
680,2460565.7680787,281.4071168,8.5786399,2,18.139999389648438,0.10596299916505814,60565.268078700174
681,2460565.7139931,281.407112,8.5786645,1,19.834400177001953,0.21144600212574005,60565.213993099984
686,2460561.7364931,281.407181,8.5786108,1,19.72599983215332,0.25834599137306213,60561.23649309995
687,2460561.7364931,281.407181,8.5786108,1,19.72599983215332,0.25834599137306213,60561.23649309995
690,2460559.7178935,281.4071626,8.5786496,2,18.229900360107422,0.07559499889612198,60559.21789349988
691,2460559.6527894,281.407172,8.5786963,1,20.02720069885254,0.19048599898815155,60559.15278939996
694,2460557.7893981,281.4071292,8.5787676,1,19.882999420166016,0.20241600275039673,60557.28939810023
695,2460557.7151389,281.4071228,8.5787156,2,18.423200607299805,0.11557500064373016,60557.215138900094
696,2460556.6903125,281.4072134,8.5786541,1,19.853599548339844,0.16446299850940704,60556.19031250011
697,2460556.6903125,281.4072134,8.5786541,1,19.853599548339844,0.16446299850940704,60556.19031250011
700,2460554.7107523,281.4072006,8.5786684,1,19.95170021057129,0.16433000564575195,60554.21075229999
702,2460553.7499653,281.4070869,8.5787409,2,18.25200080871582,0.10422699898481369,60553.24996529985
703,2460553.7079167,281.4072153,8.5785144,1,20.07469940185547,0.21429599821567535,60553.207916699816
704,2460552.7898958,281.4072326,8.5786361,1,19.95490074157715,0.23552200198173523,60552.28989579994
705,2460552.7107986,281.4072899,8.5787793,2,18.247100830078125,0.11141800135374069,60552.21079860022
706,2460551.7156944,281.4071945,8.5786924,2,18.347900390625,0.10846800357103348,60551.215694400016
707,2460551.7093056,281.4071718,8.5787003,1,20.03179931640625,0.1928360015153885,60551.2093055998
708,2460550.8473611,281.4073594,8.5786516,2,18.075300216674805,0.09849599748849869,60550.347361099906
709,2460550.7683449,281.4071382,8.5786117,1,19.838600158691406,0.18684999644756317,60550.268344900105
710,2460549.6716782,281.4071646,8.5787035,1,20.253299713134766,0.24559399485588074,60549.1716781999
711,2460549.6716782,281.4071646,8.5787035,1,20.253299713134766,0.24559399485588074,60549.1716781999
712,2460548.7534491,281.4072642,8.5785988,1,19.831899642944336,0.15341299772262573,60548.25344910007
713,2460548.7141088,281.4073498,8.5785818,2,18.215200424194336,0.15085700154304504,60548.21410880005
714,2460547.7135185,281.4071329,8.5786538,2,18.269699096679688,0.09883199632167816,60547.21351849986
717,2460546.7076042,281.4072312,8.5786002,1,19.85070037841797,0.19430600106716156,60546.20760420011
718,2460545.7603472,281.4071772,8.5786507,2,18.28499984741211,0.09716100245714188,60545.26034720009
720,2460544.7833796,281.4073436,8.5783928,2,18.230300903320312,0.10863800346851349,60544.28337959992
724,2460543.6917824,281.4071883,8.5786965,2,18.462078094482422,0.14533473551273346,60543.19178240001
725,2460543.6917824,281.4071883,8.5786965,2,18.462099075317383,0.14533500373363495,60543.19178240001
728,2460539.8223611,281.4071818,8.5786004,2,18.317699432373047,0.12334299832582474,60539.3223611
731,2460537.740544,281.4070879,8.5787251,2,18.218299865722656,0.12785300612449646,60537.240544000175
733,2460537.691956,281.4071887,8.5786916,1,20.22909927368164,0.28749099373817444,60537.19195599994
735,2460535.7968287,281.4071792,8.5786438,1,19.91360092163086,0.1647000014781952,60535.29682870023
737,2460535.7479398,281.4070672,8.5787074,2,18.271099090576172,0.11687599867582321,60535.24793979991
740,2460531.770081,281.4071279,8.5786581,2,18.364700317382812,0.1265210062265396,60531.27008099994
742,2460530.7878704,281.4072677,8.5785641,1,19.681100845336914,0.16305099427700043,60530.28787040012
745,2460529.7513657,281.4071776,8.578688,1,20.003320693969727,0.17650091648101807,60529.251365699805
746,2460529.7513657,281.4071776,8.578688,1,20.003299713134766,0.17650100588798523,60529.251365699805
747,2460528.8160417,281.407151,8.5786157,1,19.92639923095703,0.2008969932794571,60528.316041700076
749,2460527.7338542,281.4071866,8.578685,2,18.565799713134766,0.13360899686813354,60527.233854200225
751,2460526.8173958,281.4072678,8.5786894,1,19.83919906616211,0.15728400647640228,60526.31739579979
752,2460526.8173958,281.4072678,8.5786894,1,19.83919906616211,0.15728400647640228,60526.31739579979
755,2460525.7502199,281.4071455,8.5787377,1,19.975099563598633,0.1978210061788559,60525.25021990016
756,2460524.7945255,281.4072594,8.5785881,1,19.898000717163086,0.1812720000743866,60524.29452549992
758,2460522.8094097,281.4071927,8.5787027,1,20.098499298095703,0.2569600045681,60522.30940969987
759,2460521.8373843,281.4071888,8.5786188,1,19.744400024414062,0.22276000678539276,60521.33738429984
760,2460520.8150579,281.4071344,8.5786539,1,19.820199966430664,0.13511599600315094,60520.3150578998
761,2460520.8150579,281.4071344,8.5786539,1,19.820199966430664,0.13511599600315094,60520.3150578998
762,2460520.7527315,281.4071988,8.5786456,2,18.339500427246094,0.06142900139093399,60520.25273150019
763,2460519.7673843,281.4072293,8.5786617,1,19.80660057067871,0.17405200004577637,60519.26738430001
764,2460519.7673843,281.4072293,8.5786617,1,19.80660057067871,0.17405200004577637,60519.26738430001
765,2460518.8204745,281.4071611,8.5786875,2,18.316299438476562,0.11088299751281738,60518.32047449984
766,2460518.8204745,281.4071611,8.5786875,2,18.316299438476562,0.11088299751281738,60518.32047449984
767,2460518.7551389,281.4072043,8.5786395,1,19.865100860595703,0.1636819988489151,60518.25513890013
768,2460516.8723495,281.4073373,8.5784722,2,18.158899307250977,0.15115199983119965,60516.37234950019
771,2460516.76125,281.4071345,8.5786654,2,18.400100708007812,0.13301099836826324,60516.26124999998
782,2460509.8953009,281.40718,8.5786122,1,19.55299949645996,0.18178200721740723,60509.3953009001
784,2460508.8048495,281.4071647,8.578669,2,18.20989990234375,0.08150199800729752,60508.30484949984
786,2460505.8165625,281.4070778,8.5787257,1,19.83139991760254,0.17863400280475616,60505.31656249985
790,2460503.7747685,281.407181,8.5786357,2,18.224700927734375,0.09324800223112106,60503.27476850012
791,2460502.7952546,281.4071699,8.5786708,1,19.851699829101562,0.19269299507141113,60502.29525459977
792,2460501.8838773,281.4070898,8.5787042,1,19.695199966430664,0.20199699699878693,60501.38387730019
793,2460501.8154861,281.4070964,8.5785705,2,18.280399322509766,0.09798000007867813,60501.31548610004
795,2460500.835544,281.4071787,8.5786243,1,19.75779914855957,0.2092200070619583,60500.335543999914
796,2460499.8378588,281.4071617,8.5786718,1,19.9596004486084,0.2174910008907318,60499.337858799845
797,2460499.7958912,281.4071526,8.5786316,2,18.340299606323242,0.10531400144100189,60499.29589120019
798,2460495.9646759,281.4073699,8.5785401,2,18.28689956665039,0.11203599721193314,60495.46467590006
799,2460495.9642014,281.4072695,8.5784755,2,18.278499603271484,0.10741200298070908,60495.46420140006
800,2460495.9637269,281.4072225,8.5785827,2,18.01129913330078,0.12871499359607697,60495.46372690005
804,2460495.9618519,281.4072785,8.5786466,2,18.23710060119629,0.08051099628210068,60495.46185189998
808,2460495.9604398,281.4073487,8.5787656,2,18.2908992767334,0.0865280032157898,60495.46043979982
809,2460495.9599653,281.4072788,8.5786034,2,18.190500259399414,0.0988750010728836,60495.459965299815
813,2460495.9580787,281.4072967,8.5786355,2,18.24799919128418,0.09087300300598145,60495.45807870012
814,2460495.9576157,281.4072947,8.5786374,2,18.103099822998047,0.08678200095891953,60495.457615700085
821,2460495.9543171,281.4073471,8.5786503,2,18.107900619506836,0.08920600265264511,60495.45431709988
822,2460495.9538542,281.4073941,8.5785859,2,18.174400329589844,0.08896999806165695,60495.453854199965
825,2460495.9524421,281.4073276,8.5786141,2,18.151500701904297,0.08879800140857697,60495.452442099806
827,2460495.9514931,281.4072627,8.5785936,2,18.18239974975586,0.07984299957752228,60495.4514930998
828,2460495.9510301,281.4073115,8.5784477,2,18.032100677490234,0.0898049995303154,60495.45103010023
829,2460495.9505556,281.4072429,8.5785736,2,18.062599182128906,0.09307699650526047,60495.450555600226
832,2460495.9491435,281.4072632,8.5785902,2,18.183000564575195,0.09493999928236008,60495.44914350007
836,2460495.9472569,281.4073044,8.5784783,2,18.08650016784668,0.12768499553203583,60495.447256899904
839,2460495.9458449,281.4072748,8.5785303,2,18.305500030517578,0.09156499803066254,60495.44584489986
841,2460495.9448958,281.4071621,8.5787018,2,17.952899932861328,0.14684799313545227,60495.4448958002
842,2460495.9444329,281.4072783,8.578491,2,18.13629913330078,0.12610700726509094,60495.44443289982
843,2460495.9439583,281.4073232,8.5784941,2,18.118999481201172,0.12654399871826172,60495.443958300166
848,2460495.9416088,281.4072631,8.5786133,2,18.053199768066406,0.12640100717544556,60495.44160880009
853,2460495.9392477,281.407322,8.5784996,2,18.162900924682617,0.09879899770021439,60495.43924769992
858,2460495.9368981,281.4071873,8.5785851,2,18.058700561523438,0.14334699511528015,60495.43689810019
861,2460495.9354861,281.4073062,8.578593,2,18.03569984436035,0.1198040023446083,60495.43548610015
862,2460495.9350116,281.407413,8.5786332,2,18.079500198364258,0.08740399777889252,60495.435011600144
863,2460495.934537,281.4072657,8.5784711,2,18.086200714111328,0.1293189972639084,60495.43453700002
864,2460495.9340625,281.4072662,8.5785284,2,18.13159942626953,0.09102000296115875,60495.43406250002
870,2460495.9312269,281.4072442,8.5785335,2,18.1481990814209,0.10832300037145615,60495.43122689985
871,2460495.9307639,281.4073715,8.5784948,2,18.15220069885254,0.10009700059890747,60495.430763899814
873,2460495.9298264,281.4072864,8.5786047,2,18.15730094909668,0.10716799646615982,60495.42982639978
875,2460495.9288773,281.407326,8.5785664,2,18.133100509643555,0.1000170037150383,60495.42887730012
876,2460495.9284028,281.4073459,8.5785583,2,18.065200805664062,0.09291599690914154,60495.42840280011
879,2460495.9269907,281.4073589,8.5785269,2,18.165000915527344,0.08848299831151962,60495.426990699954
880,2460495.9265162,281.4072912,8.5786173,2,18.010900497436523,0.09879700094461441,60495.42651619995
893,2460495.9204051,281.407333,8.5785567,2,18.214099884033203,0.08292499929666519,60495.4204051001
894,2460495.9199306,281.4073432,8.5785762,2,18.118999481201172,0.08779300004243851,60495.419930600096
895,2460495.919456,281.4073318,8.5785546,2,18.085500717163086,0.08788400143384933,60495.419455999974
898,2460495.918044,281.4073603,8.5785176,2,18.206899642944336,0.08317899703979492,60495.41804399993
900,2460495.9170949,281.4072583,8.5785616,2,18.124300003051758,0.09342300146818161,60495.41709489981
903,2460495.9156829,281.4073433,8.5786001,2,18.197099685668945,0.07349900156259537,60495.41568290023
908,2460495.9133333,281.4073,8.5786348,2,18.089399337768555,0.12324599921703339,60495.413333300035
909,2460495.9128588,281.4071945,8.5785506,2,18.02039909362793,0.13064299523830414,60495.41285880003
914,2460495.9105093,281.4073388,8.5785875,2,18.13089942932129,0.09617599844932556,60495.41050929995
915,2460495.9100347,281.407284,8.578555,2,18.210800170898438,0.12202099710702896,60495.41003469983
917,2460495.9090972,281.4073486,8.5785559,2,18.235300064086914,0.09271000325679779,60495.409097199794
924,2460495.9058102,281.4073086,8.5785366,2,18.085899353027344,0.1142909973859787,60495.40581020014
930,2460495.9029861,281.4072999,8.5786216,2,18.08799934387207,0.07426699995994568,60495.40298609994
938,2460495.899213,281.4073011,8.5785299,2,18.14579963684082,0.09669700264930725,60495.3992130002
939,2460495.8987384,281.4072449,8.5785562,2,18.2544002532959,0.10903500020503998,60495.39873840008
940,2460495.8982755,281.4072588,8.5785576,2,18.16550064086914,0.10100899636745453,60495.39827550016
944,2460495.8963889,281.4072936,8.5785654,2,18.044200897216797,0.09400899708271027,60495.3963889
945,2460495.8959144,281.4072309,8.5785554,2,18.219499588012695,0.09805499762296677,60495.3959144
955,2460495.8912037,281.4072173,8.5785598,2,18.103599548339844,0.13672299683094025,60495.3912037001
956,2460495.8907292,281.4073536,8.5785803,2,18.151500701904297,0.07347899675369263,60495.390729200095
957,2460495.8902662,281.4073155,8.5785911,2,18.101900100708008,0.07470399886369705,60495.39026620006
958,2460495.8897917,281.4073195,8.5785451,2,18.178300857543945,0.12627899646759033,60495.38979170006
963,2460495.8869676,281.4073002,8.5785027,2,18.118799209594727,0.11340899765491486,60495.38696759986
966,2460495.8855556,281.4073558,8.5785229,2,18.099000930786133,0.08475200086832047,60495.385555599816
967,2460495.885081,281.4072925,8.5785568,2,18.131799697875977,0.09055300056934357,60495.38508100016
969,2460495.8841319,281.4073857,8.5786069,2,18.113000869750977,0.10785800218582153,60495.384131900035
977,2460495.8803588,281.4072854,8.578576,2,18.14780044555664,0.06585799902677536,60495.380358799826
979,2460495.8794213,281.4072829,8.5785813,2,18.08639907836914,0.1310350000858307,60495.37942129979
982,2460495.8780093,281.407287,8.5785513,2,18.131200790405273,0.08909100294113159,60495.37800930021
984,2460495.8770718,281.4073295,8.5785568,2,18.052900314331055,0.09517800062894821,60495.377071800176
985,2460495.8765972,281.4072891,8.5785575,2,18.101200103759766,0.07894500344991684,60495.376597200055
997,2460495.8709491,281.4072914,8.5786037,2,18.255800247192383,0.09675999730825424,60495.37094909977
1010,2460495.8648264,281.407353,8.5785355,2,18.19059944152832,0.10089299827814102,60495.36482639983
1011,2460495.8643519,281.4073667,8.5785396,2,18.12070083618164,0.10782600194215775,60495.36435189983
1012,2460495.8638773,281.4073521,8.5785597,2,18.151599884033203,0.10359399765729904,60495.36387730017
1015,2460495.8624653,281.4072767,8.5785443,2,18.216999053955078,0.11070500314235687,60495.36246530013
1017,2460495.8615278,281.4072995,8.5786153,2,18.2814998626709,0.09026399999856949,60495.361527800094
1022,2460495.8591667,281.4072512,8.5785741,2,18.05739974975586,0.11298699676990509,60495.35916669993
1050,2460495.8459838,281.4073122,8.5785493,2,18.188499450683594,0.10902000218629837,60495.34598380001
1054,2460495.8436343,281.4073361,8.5785855,2,18.161100387573242,0.09425400197505951,60495.343634299934
1055,2460495.8422222,281.4072839,8.578592,2,18.1299991607666,0.12006799876689911,60495.342222199775
1056,2460495.8417477,281.4073299,8.5785655,2,18.14780044555664,0.1264059990644455,60495.34174769977
1058,2460495.8408102,281.4072985,8.5785936,2,18.125,0.1062920019030571,60495.3408102002
1063,2460495.8384606,281.4073317,8.5786155,2,18.054500579833984,0.09301699697971344,60495.3384606
1064,2460495.8379861,281.4073498,8.5786098,2,18.171600341796875,0.09662599861621857,60495.3379861
1070,2460495.835162,281.4073189,8.5785943,2,18.148099899291992,0.11740999668836594,60495.3351619998
1071,2460495.8346875,281.4073598,8.5785909,2,18.172700881958008,0.11800599843263626,60495.334687499795
1072,2460495.834213,281.4073518,8.5786098,2,18.2810001373291,0.11926300078630447,60495.33421299979
1074,2460495.8332755,281.4073182,8.5785734,2,18.173500061035156,0.11839199811220169,60495.33327550022
1084,2460495.8285648,281.4073455,8.5785807,2,18.194900512695312,0.10480400174856186,60495.32856479986
1085,2460495.8281019,281.4073231,8.5785801,2,18.15180015563965,0.11570999771356583,60495.32810189994
1093,2460495.8224421,281.4072963,8.5786172,2,18.1643009185791,0.08051499724388123,60495.32244209992
1102,2460495.8181944,281.4072963,8.5785653,2,18.0856990814209,0.09840500354766846,60495.31819440005
1105,2460495.8167824,281.4073346,8.5785583,2,18.17840003967285,0.07588899880647659,60495.31678240001
1109,2460495.8144329,281.4072721,8.5786276,2,18.1018009185791,0.1028050035238266,60495.31443289993
1111,2460495.8130093,281.4073125,8.5785701,2,18.091100692749023,0.10512199997901917,60495.3130092998
1112,2460495.8125463,281.4073164,8.5786069,2,18.100200653076172,0.10588700324296951,60495.31254629977
1113,2460495.8120718,281.4073337,8.5785933,2,18.14150047302246,0.08222699910402298,60495.31207180023
1116,2460495.8101968,281.4072751,8.578581,2,18.184200286865234,0.08177500218153,60495.31019680016
1118,2460495.8092477,281.4072895,8.5785822,2,18.1294002532959,0.08699599653482437,60495.30924770003
1119,2460495.8087731,281.4073038,8.5785265,2,18.162700653076172,0.1043889969587326,60495.30877309991
1120,2460495.8083102,281.4073285,8.5785927,2,18.089099884033203,0.08776199817657471,60495.308310199995
1121,2460495.8078356,281.4073118,8.5785525,2,18.067800521850586,0.09623000025749207,60495.30783559987
1124,2460495.8064236,281.4072617,8.578554,2,18.249799728393555,0.10983800143003464,60495.30642359983
1125,2460495.8059491,281.4073009,8.5785877,2,18.20949935913086,0.10498099774122238,60495.30594909983
1126,2460495.8054745,281.4073014,8.5786154,2,18.135900497436523,0.08011700212955475,60495.30547450017
1127,2460495.8050116,281.4072811,8.5785891,2,18.170799255371094,0.07911500334739685,60495.30501159979
1132,2460495.801713,281.4073411,8.578634,2,18.11949920654297,0.07185400277376175,60495.30171300005
1134,2460495.8007755,281.4072514,8.5785547,2,18.26460075378418,0.12239000201225281,60495.300775500014
1135,2460495.8003009,281.4073102,8.5785946,2,18.106300354003906,0.0895560011267662,60495.30030089989
1136,2460495.7993634,281.4073039,8.5786358,2,18.149999618530273,0.10430800169706345,60495.299363399856
1138,2460495.7984259,281.4073172,8.5785435,2,18.137300491333008,0.10164900124073029,60495.29842589982
1143,2460495.7960764,281.4073382,8.5786138,2,18.14419937133789,0.09832800179719925,60495.296076400205
1144,2460495.7956019,281.4073829,8.5785655,2,18.178300857543945,0.09106399863958359,60495.2956019002
1145,2460495.7951273,281.4073336,8.5785757,2,18.118999481201172,0.0845550000667572,60495.29512730008
1147,2460495.7946528,281.4073228,8.57858,2,18.17770004272461,0.08406399935483932,60495.294652800076
1149,2460495.7937153,281.4073189,8.5785793,2,18.15760040283203,0.08122500032186508,60495.29371530004
1150,2460495.7932407,281.4073249,8.5786125,2,18.151199340820312,0.07369700074195862,60495.29324069992
1151,2460495.7927662,281.4072998,8.5786062,2,18.146799087524414,0.08758900314569473,60495.29276619991
1153,2460495.7918287,281.4072738,8.5786267,2,18.141700744628906,0.086046002805233,60495.291828699876
1158,2460495.7890046,281.4072532,8.5785953,2,18.135299682617188,0.1016630008816719,60495.28900460014
1166,2460495.784294,281.4073436,8.5785995,2,18.14419937133789,0.10372699797153473,60495.284293999895
1171,2460495.7824074,281.4073589,8.578624,2,18.148500442504883,0.08462399989366531,60495.2824074002
1172,2460495.7809954,281.4072864,8.5787126,2,18.17300033569336,0.08067800104618073,60495.28099540016
1177,2460495.7786343,281.4073136,8.5786345,2,18.08530044555664,0.08150699734687805,60495.27863429999
1179,2460495.7776968,281.4073416,8.5786484,2,18.121700286865234,0.08085399866104126,60495.27769679995
1184,2460495.7748611,281.4072973,8.5785654,2,18.073400497436523,0.09002900123596191,60495.27486110013
1186,2460495.7739236,281.4073007,8.5786032,2,18.07390022277832,0.0823569968342781,60495.27392360009
1187,2460495.7729861,281.407345,8.5786496,2,18.1289005279541,0.09276100248098373,60495.272986100055
1188,2460495.7725116,281.4073493,8.5786687,2,18.063600540161133,0.09825599938631058,60495.27251160005
1193,2460495.7701505,281.4072623,8.5786197,2,18.15410041809082,0.1043820008635521,60495.270150499884
1197,2460495.7677894,281.4073358,8.5785998,2,18.19849967956543,0.07362300157546997,60495.26778940018
1198,2460495.7673264,281.4073346,8.5785922,2,18.152099609375,0.0679050013422966,60495.26732640015
1202,2460495.7654398,281.4073189,8.5785481,2,18.154300689697266,0.12273000180721283,60495.26543979999
1206,2460495.7635532,281.4073637,8.578574,2,18.126100540161133,0.07635500282049179,60495.263553199824
1216,2460495.7583681,281.4073698,8.5785953,2,18.18790054321289,0.06300400197505951,60495.25836810004
1217,2460495.7578935,281.40734,8.5785959,2,18.134000778198242,0.08145800232887268,60495.25789349992
1219,2460495.7564815,281.4072467,8.5785675,2,18.1299991607666,0.09559600055217743,60495.25648149988
1221,2460495.755544,281.4073452,8.5785765,2,18.18440055847168,0.08731299638748169,60495.25554399984
1224,2460495.7546065,281.407291,8.5786502,2,18.247699737548828,0.08493900299072266,60495.2546064998
1228,2460495.7527199,281.4073415,8.5786444,2,18.14550018310547,0.060047000646591187,60495.252719900105
1231,2460495.7513079,281.4073756,8.5786412,2,18.16390037536621,0.08651600033044815,60495.251307900064
1232,2460495.7508333,281.4072835,8.5785483,2,18.23080062866211,0.07687199860811234,60495.25083329994
1236,2460495.7489468,281.4072752,8.5785374,2,18.226600646972656,0.10555300116539001,60495.2489467999
1240,2460495.7470718,281.4073073,8.5786191,2,18.184799194335938,0.07488200068473816,60495.24707179982
1243,2460495.7456481,281.407392,8.5785972,2,18.154800415039062,0.09361699968576431,60495.24564810004
1248,2460495.743287,281.4073344,8.5786389,2,18.162599563598633,0.08973000198602676,60495.243286999874
1250,2460495.741875,281.407315,8.5786598,2,18.015100479125977,0.10124000161886215,60495.24187499983
1252,2460495.7409375,281.4073225,8.5785793,2,18.0841007232666,0.10067100077867508,60495.240937499795
1253,2460495.7399884,281.4073595,8.5786409,2,18.179899215698242,0.07991199940443039,60495.239988400135
1255,2460495.7390509,281.4073625,8.5786441,2,18.14780044555664,0.07060299813747406,60495.2390509001
1259,2460495.7376389,281.4073761,8.5785418,2,18.135099411010742,0.09182299673557281,60495.23763890006
1260,2460495.7371644,281.4073464,8.5785945,2,18.168800354003906,0.0811690017580986,60495.23716440005
1267,2460495.7315162,281.4073742,8.5787042,2,18.127700805664062,0.0765480026602745,60495.23151620012
1268,2460495.7310417,281.4072889,8.5785793,2,18.132099151611328,0.08150800317525864,60495.23104170011
1269,2460495.7305671,281.4073369,8.578598,2,18.25,0.10165099799633026,60495.23056709999
1281,2460495.724919,281.4073859,8.5785919,2,18.136199951171875,0.10247000306844711,60495.224919000175
1282,2460495.7244444,281.4073565,8.5786112,2,18.251399993896484,0.09271399676799774,60495.22444440005
1287,2460495.7220949,281.4073443,8.5786367,2,18.114599227905273,0.08309599757194519,60495.222094899975
1292,2460495.7187963,281.4073359,8.578657,2,18.174400329589844,0.06372399628162384,60495.21879629977
1293,2460495.7183218,281.4072803,8.5786542,2,18.13759994506836,0.09027499705553055,60495.21832180023
1295,2460495.7169097,281.4073233,8.5786111,2,18.18440055847168,0.09780299663543701,60495.21690970007
1298,2460495.7145486,281.4072945,8.5786331,2,18.111299514770508,0.09852500259876251,60495.214548599906
1300,2460495.7131481,281.4073644,8.5785947,2,18.132099151611328,0.0975549966096878,60495.213148099836
1305,2460495.710787,281.4073559,8.5786241,2,18.201900482177734,0.08094900101423264,60495.210787000135
1308,2460495.7089005,281.4073491,8.5785777,2,18.143999099731445,0.1126519963145256,60495.20890050009
1309,2460495.7065509,281.407284,8.5785818,2,18.163799285888672,0.10553800314664841,60495.20655089989
1310,2460495.7060764,281.4073212,8.5786306,2,18.193199157714844,0.08270200341939926,60495.20607639989
1311,2460495.7032523,281.407336,8.5786393,2,18.153400421142578,0.10682100057601929,60495.203252300154
1314,2460495.6976042,281.4072659,8.5786775,2,18.29050064086914,0.09849900007247925,60495.19760419987
1318,2460495.6952431,281.4073165,8.5785933,2,18.12350082397461,0.09122499823570251,60495.19524310017
1321,2460495.6928819,281.4072624,8.5786497,2,18.132299423217773,0.13387200236320496,60495.192881899886
1322,2460494.8122106,281.4072479,8.578728,1,19.894800186157227,0.1470700055360794,60494.31221059989
1324,2460491.7950926,281.4072044,8.5786281,1,20.041000366210938,0.19338199496269226,60491.29509259993
1325,2460490.8947685,281.4073305,8.578504,2,18.000600814819336,0.10745300352573395,60490.39476849977
1326,2460490.8363194,281.4072433,8.5786561,1,19.75119972229004,0.17043599486351013,60490.3363194
1327,2460489.8693519,281.4071993,8.5786508,2,18.194900512695312,0.1088939979672432,60489.36935190018
1328,2460489.7544792,281.4071909,8.5786568,1,19.865100860595703,0.1715950071811676,60489.25447920011
1329,2460488.9011806,281.4072239,8.578657,1,19.84320068359375,0.1830960065126419,60488.401180599816
1338,2460482.8670139,281.4071396,8.5786517,2,18.47719955444336,0.14279000461101532,60482.367013900075
1341,2460480.9402431,281.4071575,8.5786724,1,19.649700164794922,0.19072000682353973,60480.440243099816
1342,2460480.8476505,281.4071455,8.5786596,2,18.289199829101562,0.1273760050535202,60480.347650500014
1343,2460479.901956,281.4072475,8.5786543,1,19.599599838256836,0.23228299617767334,60479.4019559999
1344,2460479.8394213,281.4073026,8.5786169,2,18.054899215698242,0.06704899668693542,60479.33942130022
1345,2460477.8357523,281.4071297,8.5786722,2,18.269399642944336,0.06034399941563606,60477.33575229999
1347,2460475.8734375,281.4071347,8.5787262,1,19.673200607299805,0.13772200047969818,60475.37343750009
1349,2460473.8792593,281.4072723,8.5785806,2,18.064800262451172,0.08297599852085114,60473.37925929995
1350,2460472.8692593,281.4071373,8.5786712,2,18.241500854492188,0.06665100157260895,60472.369259300176
1351,2460471.9154051,281.4072878,8.5786482,1,19.82360076904297,0.17621499300003052,60471.41540510021
1352,2460470.9289005,281.4070569,8.5785704,1,19.747100830078125,0.17815999686717987,60470.42890049983
1353,2460470.8574074,281.4071429,8.5786362,2,18.180700302124023,0.08136899769306183,60470.35740739992
1354,2460469.9212384,281.4072141,8.5786533,1,19.61829948425293,0.1526930034160614,60469.42123840004
1355,2460469.8792824,281.4072411,8.5786168,2,18.071699142456055,0.0690699964761734,60469.37928240001
1357,2460463.900625,281.4072619,8.5786796,2,18.17530059814453,0.07210399955511093,60463.40062499978
1358,2460463.8473843,281.4072536,8.5785951,1,19.597000122070312,0.19789299368858337,60463.34738430008
1359,2460462.9214352,281.4071459,8.5786563,1,19.783300399780273,0.15671099722385406,60462.42143520014
1360,2460462.9164583,281.4071079,8.5786685,2,18.24449920654297,0.07824499905109406,60462.41645829985
1361,2460461.9402546,281.407197,8.5786487,1,19.77381134033203,0.19849030673503876,60461.44025459979
1362,2460461.9402546,281.407197,8.5786487,1,19.773799896240234,0.1984899938106537,60461.44025459979
1363,2460460.8747801,281.4071453,8.5786886,2,18.32379913330078,0.08142150193452835,60460.37478009984
1364,2460460.8747801,281.4071453,8.5786886,2,18.32379913330078,0.08142100274562836,60460.37478009984
1366,2460460.8535532,281.4072975,8.5787051,1,19.792400360107422,0.16404500603675842,60460.35355320014
1367,2460460.8535532,281.4072975,8.5787051,1,19.792400360107422,0.16404500603675842,60460.35355320014
1370,2460458.9216204,281.4072751,8.5786518,1,19.83370018005371,0.19478300213813782,60458.42162040016
1373,2460455.8923958,281.4071692,8.5786541,2,18.257299423217773,0.14783699810504913,60455.39239579998
1375,2460452.9002894,281.4073357,8.5786038,2,18.085100173950195,0.1339229941368103,60452.400289400015
1377,2460451.881169,281.4071448,8.578609,2,18.221900939941406,0.1001650020480156,60451.381169000175
1378,2460450.9379514,281.4072432,8.5786531,1,19.62689971923828,0.20819100737571716,60450.437951399945
1379,2460450.8998032,281.4073143,8.5786269,2,17.97410011291504,0.1072010025382042,60450.399803199805
1380,2460449.9208449,281.4071483,8.5786528,1,19.71969985961914,0.16136300563812256,60449.420844899956
1381,2460449.8798727,281.4071885,8.5786491,2,18.309900283813477,0.0932449996471405,60449.3798727002
1382,2460447.939919,281.4071615,8.5786643,1,19.6210994720459,0.12431000173091888,60447.439919000026
1383,2460445.8407755,281.4071762,8.5786575,2,18.22450065612793,0.07631999999284744,60445.34077550005
1384,2460444.9414236,281.4071658,8.5786906,1,19.583799362182617,0.21593500673770905,60444.441423600074
1385,2460444.9360648,281.4073402,8.5786041,2,17.98110008239746,0.07190799713134766,60444.43606479978
1386,2460443.9416435,281.4072116,8.5786681,1,19.81839942932129,0.17489300668239594,60443.44164349977
1387,2460443.8711111,281.4071633,8.5786703,2,18.194900512695312,0.08776000142097473,60443.371111100074
1388,2460441.9586921,281.4072449,8.5786404,1,19.625499725341797,0.14285199344158173,60441.4586920999
1389,2460441.9408912,281.4072522,8.5787512,1,19.76799964904785,0.16283200681209564,60441.44089120021
1390,2460441.9241782,281.407374,8.5786677,2,17.976499557495117,0.08273100107908249,60441.42417819984
1391,2460441.9199306,281.4071296,8.578628,2,18.125,0.07227300107479095,60441.419930600096
1392,2460439.9613657,281.4071592,8.5786898,1,19.734899520874023,0.12745200097560883,60439.46136569977
1393,2460439.9604282,281.4072434,8.5786521,1,19.608299255371094,0.14471499621868134,60439.4604282002
1394,2460439.9168403,281.4073534,8.5786436,2,17.99839973449707,0.064239002764225,60439.416840299964
1395,2460438.9498843,281.4071967,8.5786533,1,19.773799896240234,0.17368599772453308,60438.44988430012
1396,2460437.9633449,281.4072138,8.578653,1,19.648300170898438,0.13392199575901031,60437.46334489994
1397,2460437.8927546,281.4071549,8.5786144,2,18.17690086364746,0.09148299694061279,60437.39275459992
1398,2460436.975081,281.407134,8.5786458,2,18.045400619506836,0.08772899955511093,60436.47508100001
1399,2460436.9335995,281.4071421,8.5786564,1,19.79330062866211,0.16786900162696838,60436.433599499986
1400,2460433.9630208,281.4071819,8.5786903,1,19.873199462890625,0.15746399760246277,60433.46302080015
1401,2460433.9390509,281.4071055,8.5786818,2,18.215200424194336,0.10216400027275085,60433.43905089982
1403,2460430.9627894,281.4071429,8.5786399,1,19.762800216674805,0.17979000508785248,60430.462789400015
1404,2460430.8956713,281.4071082,8.5786955,2,18.00950050354004,0.1086219996213913,60430.395671300124
1405,2460428.9615625,281.4072962,8.5786707,2,17.918100357055664,0.10532599687576294,60428.46156249987
1407,2460423.9654167,281.4072368,8.5786887,1,19.76609992980957,0.27575600147247314,60423.46541670011
1408,2460423.957662,281.4071205,8.5786602,2,18.046300888061523,0.10517299920320511,60423.457661999855
1409,2460422.9684028,281.4071137,8.5785433,1,19.940099716186523,0.22387300431728363,60422.46840280015
1410,2460422.9058102,281.4072982,8.5785649,2,18.064199447631836,0.09875299781560898,60422.40581020014
1411,2460420.961875,281.4071959,8.5786953,1,19.824899673461914,0.19195899367332458,60420.46187500004
1412,2460420.9546991,281.4072321,8.5786758,1,19.63089942932129,0.19986100494861603,60420.454699099995
1413,2460420.9122685,281.4071932,8.5786716,2,18.077699661254883,0.08829499781131744,60420.412268499844
1415,2460417.9660532,281.4071771,8.5786416,1,19.620100021362305,0.13802100718021393,60417.466053199954
1416,2460417.9637037,281.4071121,8.5786276,1,19.702299118041992,0.13990099728107452,60417.463703699876
1417,2460417.8844329,281.4072825,8.5786207,2,17.960800170898438,0.0756239965558052,60417.38443290023
1418,2460417.8839699,281.4072365,8.5786502,2,17.979000091552734,0.06784400343894958,60417.3839699002
1419,2460408.9481597,281.4072759,8.5786483,2,17.898353576660156,0.06834906339645386,60408.448159699794
1420,2460408.9481597,281.4072759,8.5786483,2,17.898399353027344,0.06834899634122849,60408.448159699794
1421,2460405.0217593,281.4072083,8.5786336,1,19.585100173950195,0.2060990035533905,60404.52175930003
1422,2460404.9884028,281.4073121,8.5786607,2,17.88450050354004,0.08755700290203094,60404.48840280017
1423,2460404.9884028,281.4073121,8.5786607,2,17.88450050354004,0.08755700290203094,60404.48840280017
1424,2460404.9759606,281.4071314,8.5786701,2,18.136499404907227,0.09938199818134308,60404.47596060019
1425,2460399.0062037,281.4071724,8.5786959,1,19.457700729370117,0.20249499380588531,60398.50620369986
1426,2460398.9688889,281.4071983,8.5786727,2,17.877500534057617,0.10402700304985046,60398.46888889978
1427,2460398.9679514,281.4073609,8.5786629,2,17.89349937438965,0.09498599916696548,60398.467951400205
1428,2460396.9847569,281.4073274,8.5785961,2,18.003999710083008,0.10658600181341171,60396.4847569
1429,2460396.9847569,281.4073274,8.5785961,2,18.003999710083008,0.10658600181341171,60396.4847569
1430,2460396.984294,281.4071795,8.5786357,2,17.986400604248047,0.10338299721479416,60396.48429400008
1433,2460392.0083681,281.4072265,8.5786303,1,19.78619956970215,0.2732990086078644,60391.50836810004
1434,2460391.9778125,281.4071909,8.5786938,2,18.058500289916992,0.06858199834823608,60391.477812500205
1435,2460391.977338,281.4073191,8.5786393,2,17.807199478149414,0.10463400185108185,60391.4773380002
1436,2460391.977338,281.4073191,8.5786393,2,17.807199478149414,0.10463400185108185,60391.4773380002
1438,2460390.0171528,281.4071468,8.5786486,2,17.9773006439209,0.08476600050926208,60389.517152800225
1439,2460389.9479398,281.4072968,8.5785992,1,19.47279930114746,0.22363899648189545,60389.4479398001
1440,2460389.9469907,281.4071084,8.5787005,1,19.458099365234375,0.29611700773239136,60389.44699069997
1441,2460388.0167708,281.4072337,8.5786456,2,17.80579948425293,0.08898299932479858,60387.51677080011
1442,2460388.0167708,281.4072337,8.5786456,2,17.805767059326172,0.08898285776376724,60387.51677080011
1443,2460387.9989236,281.4070887,8.578731,2,18.10004425048828,0.0933496356010437,60387.498923600186
1445,2460387.9727894,281.4071652,8.5787158,1,19.394134521484375,0.15946723520755768,60387.47278939979
1447,2460387.9723148,281.4073753,8.5785924,1,19.414058685302734,0.15858030319213867,60387.472314800136
1449,2460369.0370139,281.4071985,8.5786233,2,17.895999908447266,0.05713199824094772,60368.5370139
1453,2460357.0406366,281.4071737,8.5786659,2,18.01729965209961,0.07452300190925598,60356.540636599995
1454,2460357.0105903,281.4072844,8.5786203,1,19.498199462890625,0.16384199261665344,60356.510590299964
1455,2460356.0499074,281.4073035,8.578631,2,17.819799423217773,0.09045899659395218,60355.54990739981
1456,2460356.0494329,281.4072915,8.5786545,2,17.78019905090332,0.08321700245141983,60355.5494328998
1459,2460355.0502199,281.4072954,8.5786531,2,17.891300201416016,0.06378600001335144,60354.550219899975
1460,2460355.0497569,281.4073094,8.5787103,2,17.829700469970703,0.07449699938297272,60354.54975689994
1461,2460355.0083333,281.4072308,8.578673,1,19.395999908447266,0.1570730060338974,60354.508333299775
1462,2460353.0348495,281.4071988,8.5787301,1,19.464799880981445,0.22133900225162506,60352.53484949982
1463,2460328.0775,281.4071718,8.5786847,2,17.670299530029297,0.16942700743675232,60327.57750000013
1464,2460328.0750926,281.4072448,8.5787178,2,17.90019989013672,0.15601299703121185,60327.57509260019
1465,2460328.0726736,281.4070832,8.5786222,2,18.007299423217773,0.14361199736595154,60327.57267360017
1467,2460328.0678472,281.407109,8.5786785,2,17.72719955444336,0.09516599774360657,60327.567847200204
1469,2460268.6370833,281.4071637,8.5785716,2,17.64683723449707,0.10008640587329865,60268.137083299924
1470,2460262.663206,281.4072262,8.5785701,1,19.26460075378418,0.23409999907016754,60262.16320599988
1471,2460260.6449074,281.4072138,8.5785722,1,19.221599578857422,0.2281150072813034,60260.14490740001
1472,2460260.6416204,281.4070644,8.5786726,1,19.25200080871582,0.21511800587177277,60260.141620399896
1473,2460260.6128704,281.4071859,8.578675,2,17.61090087890625,0.07977300137281418,60260.11287039984
1476,2460255.6320833,281.4071638,8.5786571,2,17.795499801635742,0.0662980005145073,60255.132083300035
1477,2460255.6311458,281.4072071,8.5786281,2,17.710100173950195,0.08226899802684784,60255.1311458
1478,2460255.6125116,281.4071403,8.5786756,1,19.18160057067871,0.1314699947834015,60255.1125115999
1479,2460255.612037,281.4071949,8.5786928,1,19.19179916381836,0.12061800062656403,60255.11203699978
1480,2460253.6303009,281.4072132,8.578727,2,17.771400451660156,0.06029000133275986,60253.13030089997
1481,2460253.629838,281.4072172,8.5786388,2,17.69890022277832,0.09087999910116196,60253.12983800005
1482,2460253.6128819,281.4072646,8.5786682,1,19.220500946044922,0.16152900457382202,60253.11288189981
1483,2460251.6646528,281.407253,8.5785413,2,17.68389129638672,0.10131540149450302,60251.16465280019
1485,2460251.6641782,281.4071411,8.5786423,2,17.744600296020508,0.0584460012614727,60251.164178200066
1486,2460251.6337384,281.4071569,8.5786835,1,19.23819923400879,0.19242000579833984,60251.13373839995
1487,2460249.6821296,281.4070772,8.5786368,2,17.751800537109375,0.1059660017490387,60249.182129600085
1488,2460249.6547222,281.4071827,8.5787523,2,17.696699142456055,0.1276240050792694,60249.154722199775
1490,2460249.6227083,281.4072243,8.5786418,1,19.25079917907715,0.15108199417591095,60249.12270830013
1491,2460249.6222338,281.4070689,8.5787023,1,19.39539909362793,0.16330599784851074,60249.122233800124
1493,2460245.6546875,281.4071618,8.578643,2,17.61870002746582,0.0772090032696724,60245.15468750009
1495,2460245.6307523,281.4071604,8.5787371,1,19.290300369262695,0.24743600189685822,60245.13075229991
1496,2460245.6162847,281.4070932,8.5786857,1,19.37700080871582,0.19751399755477905,60245.11628470011
1497,2460242.6497917,281.407127,8.5786782,1,19.460899353027344,0.20099100470542908,60242.149791699834
1498,2460242.6493287,281.407164,8.578627,1,19.220500946044922,0.2032719999551773,60242.1493286998
1499,2460242.6170023,281.4071918,8.5786889,2,17.772199630737305,0.055858999490737915,60242.11700229999
1501,2460239.6504745,281.4071109,8.5786719,1,19.281600952148438,0.13888700306415558,60239.15047449991
1502,2460239.65,281.4071669,8.5786899,1,19.15760040283203,0.11435700207948685,60239.14999999991
1504,2460239.6204051,281.4071398,8.5786749,2,17.67799949645996,0.07925699651241302,60239.12040509982
1505,2460237.6816551,281.4071486,8.5786554,2,17.90329933166504,0.0650629997253418,60237.18165510008
1507,2460237.6300579,281.4071275,8.5786392,1,19.30500030517578,0.175246000289917,60237.13005790021
1508,2460237.6295833,281.4071632,8.5786571,1,19.3262996673584,0.1653120070695877,60237.12958330009
1509,2460235.6666319,281.4071294,8.5786085,1,19.364299774169922,0.13228699564933777,60235.166631899774
1510,2460235.6542708,281.407201,8.5786684,1,19.31060028076172,0.1721230000257492,60235.15427079983
1511,2460235.6311111,281.407272,8.5785802,2,17.689599990844727,0.09993299841880798,60235.13111109985
1512,2460233.6414583,281.4072602,8.5786025,2,17.593442916870117,0.0828847661614418,60233.14145829994
1514,2460233.6409838,281.4071459,8.5786876,2,17.828800201416016,0.05763699859380722,60233.14098379994
1515,2460233.6208681,281.4071541,8.5786635,1,19.637100219726562,0.19052399694919586,60233.12086809985
1516,2460233.6203935,281.4072423,8.5786608,1,19.30660057067871,0.15117999911308289,60233.1203935002
1517,2460231.7221759,281.4071173,8.5786536,1,19.25670051574707,0.1995690017938614,60231.22217589989
1518,2460231.7075231,281.4071507,8.5786153,1,19.181900024414062,0.16673000156879425,60231.20752310008
1519,2460231.6445139,281.4072983,8.5785926,2,17.767799377441406,0.12048300355672836,60231.144513899926
1520,2460231.6440509,281.4071388,8.5786651,2,17.753999710083008,0.10022599995136261,60231.14405089989
1521,2460227.7066204,281.4072246,8.5786582,1,19.272600173950195,0.21245400607585907,60227.20662039984
1522,2460227.7032407,281.4071566,8.5786231,1,19.30270004272461,0.1447480022907257,60227.203240700066
1523,2460227.6528588,281.4071546,8.5786,2,17.724899291992188,0.05854000151157379,60227.15285879979
1524,2460227.6514236,281.4072954,8.5786269,2,17.575199127197266,0.08188199996948242,60227.15142360004
1525,2460224.6716667,281.407266,8.5786616,2,17.625999450683594,0.08459500223398209,60224.17166669993
1526,2460223.6734028,281.4071753,8.5786674,2,17.65019989013672,0.06443300098180771,60223.173402800225
1527,2460223.6435764,281.4071767,8.5786873,1,19.382400512695312,0.12911100685596466,60223.14357639989
1529,2460222.6912153,281.4072037,8.5785977,1,19.19860076904297,0.1794620007276535,60222.1912153
1530,2460222.6285532,281.4072538,8.5786665,2,17.555200576782227,0.06926500052213669,60222.12855320005
1531,2460222.6285532,281.4072538,8.5786665,2,17.555200576782227,0.06926500052213669,60222.12855320005
1532,2460220.7146296,281.4071994,8.5786296,1,19.169099807739258,0.17374199628829956,60220.214629599825
1533,2460220.6925347,281.4071134,8.5786025,1,19.206600189208984,0.14119599759578705,60220.192534700036
1534,2460216.7009722,281.4072828,8.5786544,1,19.25749969482422,0.2086009979248047,60216.200972199906
1535,2460216.6943634,281.4071836,8.5786781,1,19.28580093383789,0.19843600690364838,60216.194363399874
1536,2460216.6375463,281.4071153,8.5786613,2,17.933900833129883,0.13484099507331848,60216.13754629996
1537,2460216.6328125,281.4072803,8.5786276,2,17.75790023803711,0.12947499752044678,60216.1328125
1538,2460214.6958102,281.4071385,8.5786685,2,17.747400283813477,0.05916700139641762,60214.19581020018
1539,2460214.6871181,281.4072482,8.5785368,2,17.70210075378418,0.11977899819612503,60214.1871181
1540,2460214.6871181,281.4072482,8.5785368,2,17.70210075378418,0.11977899819612503,60214.1871181
1541,2460214.6332986,281.4071075,8.5786747,1,19.529800415039062,0.22738899290561676,60214.13329860009
1542,2460214.6318866,281.40721,8.5786748,1,19.308000564575195,0.16077299416065216,60214.13188660005
1544,2460212.7457292,281.4071859,8.5786577,1,19.36639976501465,0.28585800528526306,60212.245729200076
1545,2460212.71125,281.4071519,8.5786336,1,19.28569984436035,0.18733100593090057,60212.21125000017
1546,2460209.7021528,281.4072405,8.578616,2,17.64039421081543,0.16240274906158447,60209.202152799815
1547,2460209.7021528,281.4072405,8.578616,2,17.640399932861328,0.16240300238132477,60209.202152799815
1548,2460209.6728935,281.40718,8.5786578,2,17.739599227905273,0.05423099920153618,60209.172893499956
1549,2460209.6728935,281.40718,8.5786578,2,17.739599227905273,0.05423099920153618,60209.172893499956
1550,2460209.6670949,281.4072246,8.5786242,1,19.185300827026367,0.1639309972524643,60209.16709489981
1551,2460209.6670949,281.4072246,8.5786242,1,19.185300827026367,0.1639309972524643,60209.16709489981
1552,2460209.6507292,281.4071047,8.5787096,1,19.298200607299805,0.19270800054073334,60209.15072919987
1554,2460207.6659028,281.4071465,8.578682,2,17.733200073242188,0.09884300082921982,60207.16590279993
1555,2460205.6931019,281.4071659,8.5786298,2,17.828800201416016,0.07147499918937683,60205.193101900164
1556,2460205.6727778,281.4073158,8.5786264,2,17.638099670410156,0.06768099963665009,60205.17277779989
1557,2460205.6668866,281.4072261,8.5786846,1,19.44890022277832,0.08788300305604935,60205.1668866002
1558,2460205.641088,281.4072454,8.5786543,1,19.428300857543945,0.11069899797439575,60205.14108800003
1559,2460203.7077546,281.4072194,8.5785875,2,17.624099731445312,0.08486299961805344,60203.20775459986
1560,2460203.7072801,281.4071634,8.5786254,2,17.750999450683594,0.0673229992389679,60203.20728009986
1561,2460203.6739699,281.4071305,8.5786967,1,19.45210075378418,0.1117129996418953,60203.17396989977
1562,2460203.6734954,281.4071757,8.5786466,1,19.30459976196289,0.11488600075244904,60203.17349540023
1563,2460201.7177083,281.4072159,8.5786758,1,19.30686378479004,0.15182682871818542,60201.21770829987
1565,2460201.6951968,281.4071891,8.5786883,1,19.34309959411621,0.11346399784088135,60201.195196799934
1566,2460201.6951968,281.4071891,8.5786883,1,19.34309959411621,0.11346399784088135,60201.195196799934
1567,2460201.6951968,281.4071891,8.5786883,1,19.34309959411621,0.11346399784088135,60201.195196799934
1568,2460201.6525579,281.4071257,8.5787111,2,17.86370086669922,0.09045500308275223,60201.152557900175
1570,2460201.6520833,281.4073206,8.5785823,2,17.671600341796875,0.10241100192070007,60201.152083300054
1571,2460201.6520833,281.4073206,8.5785823,2,17.671600341796875,0.10241100192070007,60201.152083300054
1572,2460201.6520833,281.4073206,8.5785823,2,17.671600341796875,0.10241100192070007,60201.152083300054
1573,2460198.7423495,281.4072036,8.5786733,1,19.322599411010742,0.14822599291801453,60198.24234949984
1574,2460198.7136111,281.4072081,8.5787225,1,19.30389976501465,0.12047900259494781,60198.21361109987
1575,2460198.6843519,281.4073455,8.5784757,2,17.748300552368164,0.07589499652385712,60198.18435190013
1576,2460198.6829398,281.4071337,8.5787036,2,17.84149932861328,0.08745899796485901,60198.18293979997
1577,2460195.7139583,281.4072089,8.5787171,2,17.905046463012695,0.05591932311654091,60195.213958300184
1578,2460195.7139583,281.4072089,8.5787171,2,17.905000686645508,0.05591899901628494,60195.213958300184
1579,2460195.6831597,281.4071921,8.5786719,1,19.21489906311035,0.12802299857139587,60195.18315970013
1580,2460195.6831597,281.4071921,8.5786719,1,19.21489906311035,0.12802299857139587,60195.18315970013
1581,2460195.6826852,281.4072086,8.5786448,1,19.322599411010742,0.14077900350093842,60195.182685200125
1582,2460193.7903819,281.4071999,8.5786875,2,17.758499145507812,0.06752999871969223,60193.290381900035
1584,2460193.7344213,281.4072216,8.5786613,1,19.313800811767578,0.10850899666547775,60193.23442129977
1585,2460191.6929745,281.4072111,8.5787003,1,19.34709930419922,0.11435600370168686,60191.19297449989
1586,2460191.6915278,281.4072377,8.5786603,1,19.20509910583496,0.12767300009727478,60191.19152780017
1587,2460191.652037,281.407164,8.5786605,2,17.769100189208984,0.06704600155353546,60191.15203699982
1588,2460187.6965278,281.4073243,8.5785646,2,17.688199996948242,0.14956599473953247,60187.19652780006
1589,2460187.6951157,281.4071716,8.578647,2,17.784500122070312,0.09370999783277512,60187.1951156999
1590,2460187.6857755,281.4072434,8.5786951,1,19.2367000579834,0.23005199432373047,60187.18577549979
1591,2460187.684838,281.4071553,8.5785557,1,19.196300506591797,0.22676900029182434,60187.18483800022
1592,2460185.6932986,281.4071909,8.5786423,2,17.74139976501465,0.08909899741411209,60185.19329860015
1594,2460185.6874769,281.4072378,8.5787123,1,19.424800872802734,0.19521600008010864,60185.18747689994
1595,2460185.6696759,281.407138,8.5786059,1,19.68000030517578,0.21889199316501617,60185.169675900135
1596,2460183.7578241,281.4071517,8.5786535,2,17.817399978637695,0.054253000766038895,60183.25782410009
1597,2460183.7134954,281.4072305,8.5787261,1,19.30229949951172,0.14939099550247192,60183.2134953998
1598,2460183.7120833,281.407239,8.5786611,1,19.337299346923828,0.15794099867343903,60183.21208330011
1600,2460181.8335069,281.4073072,8.5786095,1,19.377899169921875,0.19901399314403534,60181.333506899886
1601,2460181.7565972,281.4071435,8.5786526,2,17.639999389648438,0.05998300015926361,60181.25659719994
1603,2460181.7075116,281.4071294,8.5786644,1,19.5137996673584,0.14827600121498108,60181.20751160011
1605,2460179.7113773,281.4072381,8.5786656,1,19.344999313354492,0.13010600209236145,60179.21137729986
1606,2460179.6935764,281.4071923,8.5786865,1,19.26689910888672,0.1397559940814972,60179.19357640017
1607,2460179.6716667,281.4071614,8.5786465,2,17.766700744628906,0.08896899968385696,60179.17166669993
1608,2460174.7887384,281.4072536,8.5787149,1,19.34280014038086,0.12386000156402588,60174.28873840021
1609,2460174.7333449,281.4071874,8.5786772,2,17.77750015258789,0.051040999591350555,60174.233344899956
1610,2460173.7546759,281.4072529,8.5787017,1,19.344900131225586,0.1500989943742752,60173.2546759001
1611,2460173.7359144,281.4072555,8.5785688,2,17.65169906616211,0.08339899778366089,60173.23591439985
1612,2460173.7359144,281.4072555,8.5785688,2,17.65169906616211,0.08339899778366089,60173.23591439985
1613,2460172.7360648,281.4072252,8.5787115,1,19.328699111938477,0.11947000026702881,60172.23606480006
1614,2460172.6914468,281.4071708,8.5786585,2,17.740100860595703,0.05587700009346008,60172.191446799785
1615,2460171.8226968,281.4072535,8.5786507,1,19.16510009765625,0.11608199775218964,60171.32269679988
1616,2460171.7712384,281.4073085,8.5783969,2,17.97170066833496,0.11942999809980392,60171.271238400135
1617,2460171.7712384,281.4073085,8.5783969,2,17.97170066833496,0.11942999809980392,60171.271238400135
1618,2460170.7808565,281.407179,8.5786284,2,17.82830047607422,0.06310199946165085,60170.280856499914
1619,2460170.7318981,281.4071773,8.578654,1,19.43280029296875,0.12301699817180634,60170.231898100115
1621,2460169.7953819,281.407279,8.5786302,2,17.670700073242188,0.07086899876594543,60169.29538189992
1622,2460169.7953819,281.407279,8.5786302,2,17.670700073242188,0.07086899876594543,60169.29538189992
1623,2460168.8214236,281.4071189,8.5786548,2,17.84429931640625,0.07505899667739868,60168.32142359996
1624,2460165.711088,281.4071386,8.5786839,2,18.00279998779297,0.06369300186634064,60165.211087999865
1626,2460161.9020718,281.4072268,8.5786405,1,19.415800094604492,0.21180999279022217,60161.40207180008
1627,2460161.8938079,281.407217,8.578654,1,19.318500518798828,0.20426499843597412,60161.39380790014
1628,2460161.8578356,281.4072308,8.5786706,2,17.629600524902344,0.07228899747133255,60161.35783560015
1629,2460161.8542593,281.4071799,8.5786567,2,17.71470069885254,0.05743499845266342,60161.354259300046
1630,2460159.7938194,281.4072088,8.5787271,1,19.266799926757812,0.1717749983072281,60159.293819400016
1632,2460158.8678009,281.4070333,8.5787204,1,19.164100646972656,0.27533599734306335,60158.36780089978
1634,2460155.8295949,281.4071542,8.5786753,2,17.846099853515625,0.13696999847888947,60155.3295948999
1636,2460155.7702315,281.4072161,8.5786397,1,19.287700653076172,0.18062999844551086,60155.2702314998
1637,2460155.769294,281.4072333,8.5786808,1,19.393699645996094,0.2211579978466034,60155.26929400023
1638,2460152.7484954,281.4071832,8.5786815,2,17.887699127197266,0.0660260021686554,60152.24849539995
1639,2460152.7259954,281.4072821,8.5786492,1,19.44070053100586,0.17903199791908264,60152.22599539999
1640,2460151.8594213,281.4072724,8.5785949,2,17.61639976501465,0.08499900251626968,60151.35942129977
1641,2460151.823831,281.4071942,8.5786621,1,19.23780059814453,0.1029840037226677,60151.3238309999
1642,2460150.7289352,281.4071718,8.5786667,1,19.344600677490234,0.10222399979829788,60150.22893519979
1643,2460150.7065625,281.4071628,8.578669,2,17.820499420166016,0.07259999960660934,60150.20656249998
1644,2460149.8808681,281.4072988,8.5786247,2,17.601999282836914,0.12102200090885162,60149.380868100096
1645,2460149.8296412,281.4072564,8.578722,1,19.329500198364258,0.1037139967083931,60149.32964120014
1646,2460148.7748032,281.4071985,8.5786916,1,19.3302001953125,0.1026189997792244,60148.274803199805
1647,2460148.7537037,281.4071589,8.5786504,2,17.841699600219727,0.08369799703359604,60148.25370369991
1648,2460147.8160069,281.4072776,8.5786055,1,19.340299606323242,0.10467000305652618,60147.31600689981
1649,2460146.7735532,281.4071472,8.5786549,2,17.668899536132812,0.08047100156545639,60146.273553200066
1650,2460146.7096528,281.4071253,8.5786526,2,17.867300033569336,0.07347699999809265,60146.20965280011
1651,2460145.8497685,281.4071934,8.5786493,1,19.26919937133789,0.1288740038871765,60145.349768499844
1652,2460144.7961458,281.4071387,8.5786937,2,17.879100799560547,0.059105999767780304,60144.296145800035
1653,2460144.7756597,281.4071622,8.5786887,1,19.374000549316406,0.11377199739217758,60144.275659699924
1654,2460143.902662,281.4072184,8.5786803,1,19.279499053955078,0.14785699546337128,60143.40266200015
1655,2460143.8878472,281.4072785,8.578572,2,17.69890022277832,0.09074799716472626,60143.387847200036
1656,2460141.8173495,281.4071619,8.5786697,1,19.423099517822266,0.13125699758529663,60141.31734950002
1657,2460141.7536458,281.4071571,8.5786479,2,17.826000213623047,0.07108599692583084,60141.253645800054
1658,2460139.774375,281.407098,8.5787055,2,17.759000778198242,0.046599000692367554,60139.27437500004
1659,2460139.7482407,281.4072476,8.5787053,1,19.379899978637695,0.11384599655866623,60139.24824069999
1660,2460139.7472917,281.4072475,8.5786193,1,19.35580062866211,0.12302400171756744,60139.24729169998
1661,2460137.8601968,281.4072164,8.5786458,1,19.359699249267578,0.12944400310516357,60137.36019679997
1662,2460137.7910069,281.4071895,8.5787032,1,19.542200088500977,0.17728300392627716,60137.291006899904
1663,2460135.8178125,281.4072198,8.5786588,1,19.40730094909668,0.11835800111293793,60135.317812500056
1664,2460135.8124884,281.4072745,8.5785947,2,17.747100830078125,0.08231200277805328,60135.31248839991
1665,2460134.9253356,281.4071592,8.578683,2,17.824399948120117,0.07658100128173828,60134.42533560004
1666,2460134.8945718,281.4071546,8.5787018,1,19.37299919128418,0.16344599425792694,60134.394571799785
1669,2460128.8378819,281.4071507,8.5786312,2,17.689599990844727,0.08196000009775162,60128.337881899904
1672,2460126.9352315,281.4071339,8.5786575,1,19.359800338745117,0.14260900020599365,60126.43523149984
1673,2460126.8278125,281.4071872,8.578665,2,17.73200035095215,0.09623699635267258,60126.32781249983
1674,2460125.9358565,281.4072931,8.5786297,2,17.65719985961914,0.0838249996304512,60125.435856500175
1675,2460125.8638657,281.407251,8.5786743,1,19.31130027770996,0.16504700481891632,60125.363865700085
1676,2460124.9349769,281.4071313,8.5786504,2,17.753000259399414,0.04665299877524376,60124.4349769
1677,2460124.9026157,281.4071955,8.5787062,1,19.327800750732422,0.1454779952764511,60124.40261569992
1678,2460123.9234722,281.4072389,8.5785957,2,17.653200149536133,0.07504300028085709,60123.423472200055
1679,2460123.8559491,281.4072285,8.5786541,1,19.217899322509766,0.1020909994840622,60123.35594910011
1680,2460122.9340972,281.4071782,8.578637,1,19.356800079345703,0.09882800281047821,60122.43409720017
1681,2460122.7810648,281.4071802,8.5786563,2,17.68269920349121,0.06366000324487686,60122.28106479999
1682,2460121.9014468,281.4071916,8.5786657,1,19.20709991455078,0.10852000117301941,60121.40144680021
1683,2460120.8784259,281.4071368,8.5786457,2,17.82469940185547,0.05776900053024292,60120.37842589989
1684,2460120.8402199,281.4072094,8.5786958,1,19.269800186157227,0.11595100164413452,60120.34021990001
1685,2460118.8587616,281.4071585,8.5786611,2,17.711599349975586,0.05663299933075905,60118.35876160022
1686,2460117.8681597,281.4072746,8.578632,2,17.706600189208984,0.0490959994494915,60117.368159700185
1687,2460117.8328935,281.4072199,8.5786457,1,19.23200035095215,0.10980699956417084,60117.332893500105
1688,2460115.9366435,281.4071707,8.5786344,2,17.741199493408203,0.05207600072026253,60115.43664349988
1689,2460115.8935764,281.4071032,8.5786832,1,19.36829948425293,0.1047390028834343,60115.39357639989
1690,2460114.8985069,281.4072337,8.5786589,1,19.295400619506836,0.12010399997234344,60114.39850689983
1691,2460114.8556366,281.4073157,8.5786054,2,17.73110008239746,0.05616899952292442,60114.35563659994
1692,2460112.9352662,281.4071809,8.5787122,1,19.296899795532227,0.11005000025033951,60112.43526619999
1693,2460112.8792593,281.407123,8.5786571,2,17.738500595092773,0.05478399991989136,60112.37925929995
1694,2460111.9471644,281.4071896,8.5786145,1,19.262100219726562,0.09331300109624863,60111.447164400015
1696,2460111.8701736,281.4072365,8.5786451,2,17.141000747680664,0.1677519977092743,60111.37017360004
1697,2460110.857963,281.4071712,8.5786815,1,19.36639976501465,0.10557500272989273,60110.35796299996
1698,2460110.8325,281.4071577,8.5786761,2,17.76059913635254,0.07094699889421463,60110.33250000002
1700,2460108.8872454,281.4072172,8.578674,1,19.167200088500977,0.11135900020599365,60108.38724539988
1703,2460103.8206944,281.4072294,8.578688,1,19.45050048828125,0.15724599361419678,60103.3206944
1704,2460102.9427199,281.4071312,8.5786405,2,17.62540054321289,0.07392100244760513,60102.44271990005
1705,2460101.8765741,281.4072728,8.5786338,2,17.718299865722656,0.09392999857664108,60101.376574099995
1706,2460099.8784144,281.4072776,8.5786225,2,17.709999084472656,0.08820900321006775,60099.37841439992
1707,2460099.8774653,281.4071563,8.578677,2,17.8533992767334,0.0758029967546463,60099.377465299796
1708,2460094.9499421,281.407276,8.5786375,2,17.730300903320312,0.07598999887704849,60094.44994209986
1709,2460094.905463,281.4071754,8.5787151,1,19.411100387573242,0.12191200256347656,60094.40546299983
1710,2460094.9040394,281.4072528,8.5786644,1,19.475799560546875,0.1325709968805313,60094.404039400164
1711,2460093.9450926,281.407157,8.5786898,1,19.340200424194336,0.120278000831604,60093.44509259984
1712,2460091.9244097,281.4072282,8.5786704,1,19.295900344848633,0.1470469981431961,60091.42440970009
1713,2460091.9010301,281.4071854,8.5786728,1,19.484600067138672,0.10967300087213516,60091.40103009995
1714,2460089.9415625,281.4072839,8.5786509,2,17.67970085144043,0.06530100107192993,60089.44156249985
1715,2460089.9200694,281.4071988,8.5786865,1,19.325899124145508,0.13625100255012512,60089.42006940022
1716,2460089.9148032,281.4071448,8.5786647,1,19.42169952392578,0.10519400238990784,60089.414803199936
1717,2460089.8832407,281.407179,8.5786478,2,17.811399459838867,0.05013899877667427,60089.38324069977
1718,2460087.9434259,281.4071811,8.578691,1,19.353900909423828,0.11209099739789963,60087.44342589984
1720,2460087.8870949,281.4071541,8.5786786,2,17.805099487304688,0.05213499814271927,60087.38709490001
1721,2460085.9406829,281.4071322,8.5786728,2,17.838300704956055,0.05999499931931496,60085.44068290014
1722,2460085.9397338,281.4072418,8.5785929,2,17.66510009765625,0.0833510011434555,60085.43973380001
1723,2460085.8787963,281.4072288,8.5786664,1,19.32830047607422,0.13631300628185272,60085.37879629992
1724,2460085.86875,281.4072226,8.5786193,1,19.25469970703125,0.13604600727558136,60085.36874999991
1725,2460083.9454514,281.4071643,8.5786354,2,17.765899658203125,0.06666799634695053,60083.44545139978
1727,2460083.9245139,281.4071806,8.5786452,1,19.475200653076172,0.1111299991607666,60083.42451390019
1731,2460078.9151736,281.4071723,8.5786621,2,17.84709930419922,0.056143999099731445,60078.41517359996
1732,2460078.887662,281.4071799,8.5786713,1,19.35460090637207,0.15061600506305695,60078.38766200002
1733,2460078.8853009,281.4072462,8.5785749,1,19.377500534057617,0.11880400031805038,60078.385300899856
1734,2460076.9470833,281.4071401,8.5786362,2,17.845699310302734,0.06075499951839447,60076.44708329998
1735,2460076.9084722,281.4071842,8.5786462,1,19.548900604248047,0.16171500086784363,60076.408472199924
1736,2460076.9070486,281.4072203,8.578628,1,19.321699142456055,0.13857699930667877,60076.407048599795
1737,2460072.9197685,281.4072176,8.5785852,1,19.768299102783203,0.29295700788497925,60072.41976850014
1738,2460067.9365741,281.4073308,8.5786689,2,17.79829978942871,0.07990100234746933,60067.43657410005
1739,2460064.9657292,281.4072153,8.57863,1,19.72260093688965,0.1263040006160736,60064.465729199816
1740,2460064.9453009,281.407131,8.5786963,2,17.876800537109375,0.08871299773454666,60064.44530089991
1741,2460063.9475926,281.4072421,8.5786276,1,19.450599670410156,0.10233999788761139,60063.44759259978
1742,2460062.9653241,281.4071436,8.5786457,2,17.859899520874023,0.05996000021696091,60062.46532410011
1743,2460062.9449421,281.4072058,8.5786686,1,19.50119972229004,0.13931000232696533,60062.44494209997
1744,2460061.9747454,281.4072773,8.5785611,2,17.846799850463867,0.0913660004734993,60061.474745399784
1745,2460061.9379977,281.4072147,8.5786448,1,19.46619987487793,0.1400900036096573,60061.43799770018
1746,2460060.960787,281.4071555,8.5786712,2,17.849199295043945,0.05369200184941292,60060.460787000135
1747,2460060.923912,281.4071731,8.5786485,1,19.5393009185791,0.1241459995508194,60060.42391199991
1748,2460058.9799769,281.407224,8.5786774,1,19.425399780273438,0.11188100278377533,60058.47997689992
1751,2460058.9418287,281.4071512,8.578664,2,17.789899826049805,0.07545699924230576,60058.44182869978
1752,2460056.9802778,281.4073091,8.578614,2,17.82430076599121,0.08212999999523163,60056.4802778
1753,2460056.9652778,281.4071458,8.5786349,2,17.861799240112305,0.06646899878978729,60056.46527779987
1754,2460056.9433912,281.40728,8.5786728,1,19.52400016784668,0.15429000556468964,60056.443391200155
1755,2460056.9424421,281.4072376,8.5786846,1,19.523399353027344,0.12940900027751923,60056.44244210003
1757,2460054.9791319,281.4071525,8.5786556,2,17.862699508666992,0.054760999977588654,60054.479131899774
1758,2460054.9456134,281.4072269,8.5786457,1,19.369800567626953,0.14941300451755524,60054.44561340008
1759,2460054.9446644,281.4072137,8.5786928,1,19.40130043029785,0.12862800061702728,60054.44466440007
1760,2460051.9806481,281.4071746,8.5786841,1,19.54050064086914,0.12771500647068024,60051.48064809991
1761,2460051.9777431,281.4071978,8.5786718,1,19.467300415039062,0.11924699693918228,60051.47774309991
1762,2460051.9427083,281.4071518,8.5786316,2,17.9237003326416,0.05211900174617767,60051.44270829996
1763,2460049.9825579,281.4071174,8.5786524,2,18.091899871826172,0.09050200134515762,60049.482557899784
1764,2460049.9608449,281.4072602,8.5786888,1,19.78420066833496,0.15389800071716309,60049.46084489999
1765,2460049.9507176,281.4071944,8.5786802,1,19.44540023803711,0.1554110050201416,60049.45071760006
1766,2460045.9665856,281.4072043,8.5786326,1,19.706199645996094,0.1905200034379959,60045.46658559982
1767,2460045.9656366,281.4072238,8.5786355,1,19.52899932861328,0.16076000034809113,60045.46563659981
1768,2460045.9455208,281.4072866,8.5786554,2,17.77389907836914,0.05812700092792511,60045.44552080007
1769,2460045.9441088,281.4071418,8.5786815,2,17.825199127197266,0.05693700164556503,60045.44410880003
1770,2460042.9959144,281.4071808,8.5787264,1,19.383399963378906,0.17394499480724335,60042.49591440009
1771,2460042.9949653,281.4072268,8.5786884,1,19.57390022277832,0.224699005484581,60042.494965299964
1773,2460042.9616551,281.4071416,8.5787091,2,17.92930030822754,0.07727599889039993,60042.461655099876
1774,2460032.9447338,281.4071693,8.578657,2,17.8075008392334,0.06048699840903282,60032.4447337999
1775,2460032.9437963,281.4073009,8.5786705,2,17.69420051574707,0.06293399631977081,60032.44379629986
1776,2460030.0019907,281.4072373,8.5787015,1,19.466299057006836,0.15273000299930573,60029.50199070014
1777,2460021.9692593,281.4073346,8.5785309,2,17.643800735473633,0.11213900148868561,60021.4692592998
1778,2460021.0100579,281.4071811,8.5787079,1,19.614299774169922,0.21310299634933472,60020.5100579001
1779,2460017.0063657,281.4072914,8.5785888,2,17.75279998779297,0.07152599841356277,60016.50636570016
1780,2460016.9963426,281.4072303,8.5787059,1,19.501100540161133,0.21101999282836914,60016.49634259986
1781,2459997.0366551,281.4071923,8.5787174,1,19.474599838256836,0.1487559974193573,59996.53665510006
1782,2459997.0077083,281.4071022,8.5786347,2,17.83449935913086,0.05347299948334694,59996.507708299905
1784,2459995.0184838,281.4072422,8.5787397,2,17.719499588012695,0.06688900291919708,59994.51848379988
1785,2459994.055787,281.4072891,8.5786658,2,17.744199752807617,0.07727500051259995,59993.555786999874
1786,2459994.0532176,281.4072774,8.5785938,2,17.66900062561035,0.08324199914932251,59993.5532176001
1787,2459994.0506481,281.4073591,8.5786244,2,17.780500411987305,0.0836310014128685,59993.55064810021
1788,2459994.0480903,281.4073317,8.5785869,2,17.818300247192383,0.061788998544216156,59993.54809030006
1789,2459994.0455324,281.4072189,8.5786742,2,17.68829917907715,0.11085300147533417,59993.54553239979
1790,2459988.0598958,281.4072663,8.5786345,2,17.623199462890625,0.07031100243330002,59987.55989579996
1791,2459988.0573611,281.4072663,8.5786746,2,17.62849998474121,0.08562900125980377,59987.55736109987
1792,2459988.0548264,281.4072429,8.5786565,2,17.70789909362793,0.08307400345802307,59987.55482639978
1793,2459988.0523032,281.407245,8.5786795,2,17.64229965209961,0.10814400017261505,59987.55230320012
1794,2459988.0497685,281.4072649,8.5786398,2,17.68090057373047,0.06470900028944016,59987.54976850003
1795,2459985.0562037,281.4069012,8.5787685,2,17.93910026550293,0.08167000114917755,59984.55620370014
1797,2459985.0537037,281.4071779,8.5785779,2,17.824199676513672,0.10569900274276733,59984.55370370019
1798,2459985.0512153,281.4071716,8.5786549,2,17.839500427246094,0.08897799998521805,59984.55121529987
1799,2459985.0487269,281.4071548,8.578725,2,17.589799880981445,0.1094060018658638,59984.548726900015
1800,2459985.0462384,281.407028,8.5787205,2,17.791900634765625,0.0709799975156784,59984.54623840004
1801,2459980.0598611,281.4071567,8.5786402,2,17.825199127197266,0.08425100147724152,59979.55986109981
1802,2459980.0573495,281.4071675,8.5786512,2,17.911800384521484,0.0981139987707138,59979.55734949978
1803,2459980.054838,281.4071408,8.5786235,2,17.904499053955078,0.09769599884748459,59979.554837999865
1804,2459980.0523264,281.4071296,8.5786525,2,17.87420082092285,0.08754800260066986,59979.55232639983
1805,2459980.0498264,281.4071591,8.5786809,2,17.926799774169922,0.09535299986600876,59979.54982639989
1806,2459978.0724653,281.4072843,8.5786518,2,17.70800018310547,0.10629899799823761,59977.572465300094
1807,2459978.0700347,281.4073166,8.5786076,2,17.662599563598633,0.08201000094413757,59977.57003469998
1809,2459978.0675926,281.4073447,8.5786199,2,17.622400283813477,0.09008599817752838,59977.567592599895
1811,2459978.0651505,281.4072346,8.5786875,2,17.683399200439453,0.07657299935817719,59977.56515049981
1812,2459978.0627199,281.4073065,8.5786456,2,17.69529914855957,0.06922800093889236,59977.56271990016
1814,2459978.0617708,281.4071558,8.5786866,2,17.80299949645996,0.08793500065803528,59977.561770800035
1815,2459978.0591898,281.407177,8.5786629,2,17.752700805664062,0.07417599856853485,59977.55918980017
1816,2459978.0566088,281.40731,8.5786705,2,17.856300354003906,0.09057500213384628,59977.556608799845
1817,2459978.0540394,281.4070974,8.5786919,2,17.702999114990234,0.09149999916553497,59977.55403940007
1818,2459978.0514583,281.4070934,8.5785998,2,17.84760093688965,0.07079999893903732,59977.55145830009
1819,2459973.0734259,281.4072906,8.5786587,2,17.63949966430664,0.09750500321388245,59972.57342590019
1820,2459973.0710532,281.4073297,8.5786524,2,17.696699142456055,0.08929499983787537,59972.571053199936
1822,2459973.0686921,281.4073956,8.5786557,2,17.701499938964844,0.09088499844074249,59972.56869209977
1824,2459973.0663194,281.4073766,8.578616,2,17.69890022277832,0.08282700181007385,59972.56631939998
1826,2459973.0639583,281.407254,8.5785334,2,17.707500457763672,0.06791400164365768,59972.56395829981
1828,2459972.0758218,281.4071767,8.5787286,2,17.66069984436035,0.1146479994058609,59971.57582180016
1829,2459972.0734259,281.4072678,8.578654,2,17.622299194335938,0.11092899739742279,59971.57342590019
1830,2459972.0710301,281.407489,8.5786056,2,17.73819923400879,0.10542699694633484,59971.571030099876
1832,2459972.0686458,281.4073177,8.5785997,2,17.921100616455078,0.10986900329589844,59971.5686458
1834,2459972.06625,281.4072932,8.5787425,2,17.773300170898438,0.09626699984073639,59971.56625000015
1835,2459970.075081,281.4072468,8.5786534,2,17.8523006439209,0.09944599866867065,59969.575081000105
1836,2459970.0726157,281.4071929,8.5786084,2,18.078899383544922,0.11993099749088287,59969.57261569984
1837,2459970.0701505,281.4071882,8.5786213,2,17.899099349975586,0.08179199695587158,59969.57015050016
1838,2459970.0676968,281.4071328,8.5786458,2,17.89109992980957,0.07026399672031403,59969.56769679999
1839,2459970.0652431,281.4071564,8.5786298,2,17.898700714111328,0.05445700138807297,59969.565243099816
1840,2459969.0762963,281.4071366,8.5785656,2,17.759199142456055,0.13593700528144836,59968.57629630016
1841,2459969.0739352,281.4070636,8.5786275,2,17.7726993560791,0.10856900364160538,59968.573935199995
1843,2459969.0715625,281.4073765,8.5785595,2,17.845800399780273,0.14638300240039825,59968.571562500205
1845,2459969.0691898,281.4070323,8.5787282,2,17.938400268554688,0.09248200058937073,59968.56918979995
1848,2459903.6437847,281.4071263,8.578649,2,17.859899520874023,0.15055017173290253,59903.14378469996
1851,2459899.6387963,281.4070426,8.5785794,1,18.950700759887695,0.27623599767684937,59899.13879630016
1852,2459899.6150231,281.4071867,8.5786132,2,18.02280044555664,0.11161799728870392,59899.11502309982
1853,2459899.6027662,281.4072219,8.57874,2,17.800500869750977,0.08494400233030319,59899.10276619997
1854,2459896.6488426,281.4072455,8.5787133,1,19.650999069213867,0.22734500467777252,59896.148842600174
1855,2459896.6093403,281.4072684,8.5786623,2,17.766000747680664,0.07733999937772751,59896.10934029985
1856,2459896.6038889,281.4071202,8.5786551,2,17.807899475097656,0.08775699883699417,59896.10388890002
1857,2459894.6603009,281.4072406,8.5786831,2,17.816200256347656,0.1092120036482811,59894.16030090023
1858,2459894.6442708,281.4070497,8.5786037,2,17.656400680541992,0.09455599635839462,59894.144270800054
1859,2459889.6410764,281.4073004,8.5785806,2,17.959400177001953,0.09679699689149857,59889.141076399945
1860,2459889.632037,281.4071085,8.5786627,2,17.94059944152832,0.07032900303602219,59889.1320369998
1861,2459889.6154398,281.4070636,8.5786995,1,19.44260025024414,0.21814799308776855,59889.11543980008
1864,2459887.6135417,281.4072922,8.5786429,2,18.031299591064453,0.11442600190639496,59887.113541699946
1865,2459883.6541319,281.4071988,8.578692,1,19.38479995727539,0.21325400471687317,59883.15413190005
1866,2459881.6833796,281.4071029,8.5785725,2,17.98550033569336,0.1067660003900528,59881.183379599825
1867,2459881.6829051,281.407057,8.5786193,2,17.772899627685547,0.08778700232505798,59881.18290509982
1868,2459881.6158681,281.4072094,8.5787097,1,19.518800735473633,0.13263699412345886,59881.115868099965
1869,2459881.6153935,281.4071978,8.5786761,1,19.613300323486328,0.1927489936351776,59881.115393499844
1870,2459879.6629977,281.407166,8.578784,1,19.574199676513672,0.2279209941625595,59879.16299769981
1871,2459879.6620602,281.4071206,8.5786516,1,19.484800338745117,0.17121300101280212,59879.16206019977
1872,2459879.6134606,281.4071591,8.5786536,2,17.899700164794922,0.08941999822854996,59879.11346059991
1875,2459877.6131134,281.4071842,8.5786717,2,17.97279930114746,0.06290700286626816,59877.11311340006
1877,2459874.6713773,281.4071521,8.5786642,1,19.598499298095703,0.13699600100517273,59874.17137729982
1878,2459873.6407407,281.407234,8.5786347,2,17.76490020751953,0.0912339985370636,59873.140740700066
1880,2459871.6632986,281.4071232,8.5786781,2,18.07229995727539,0.06848599761724472,59871.16329859989
1882,2459870.6179514,281.4071765,8.5786919,1,19.615100860595703,0.1519940048456192,59870.11795140011
1883,2459867.6528009,281.4071708,8.5786606,2,17.98040008544922,0.05802199989557266,59867.15280089993
1884,2459867.6203472,281.4071645,8.578723,1,19.6919002532959,0.12691499292850494,59867.12034719996
1885,2459866.6432986,281.4072133,8.5786261,1,19.464000701904297,0.16016699373722076,59866.14329859987
1886,2459865.6708912,281.4071552,8.5786341,1,19.680099487304688,0.21168899536132812,59865.17089120019
1887,2459865.6227894,281.407139,8.5786606,2,17.944700241088867,0.05320199951529503,59865.122789400164
1888,2459864.6291319,281.4071467,8.5786999,1,19.621200561523438,0.20087799429893494,59864.12913190015
1891,2459862.6419676,281.4070637,8.5787081,2,18.033199310302734,0.12063299864530563,59862.14196760021
1892,2459862.6215625,281.4071844,8.5786541,2,17.868499755859375,0.09257800132036209,59862.12156250002
1894,2459860.6593519,281.4071256,8.5786384,2,18.03260040283203,0.08094000071287155,59860.15935190022
1897,2459858.6833449,281.4070737,8.5786218,2,18.018600463867188,0.07454399764537811,59858.18334490014
1898,2459858.6603704,281.4070968,8.5787304,1,19.79319953918457,0.30461400747299194,59858.160370400175
1899,2459857.7333681,281.4070995,8.5785884,1,19.44260025024414,0.27801400423049927,59857.23336810013
1900,2459857.6934144,281.4072567,8.5785642,2,17.885499954223633,0.15024399757385254,59857.193414399866
1903,2459855.6521991,281.4071933,8.5786517,2,18.08880043029785,0.09204600006341934,59855.15219909977
1904,2459853.6913079,281.407101,8.5786498,2,17.976299285888672,0.0757559984922409,59853.19130790001
1905,2459853.6659144,281.4071436,8.5786763,1,19.935400009155273,0.22669200599193573,59853.165914400015
1906,2459853.6307755,281.407246,8.5786928,1,19.60110092163086,0.1917089968919754,59853.13077550009
1907,2459850.6562037,281.4072703,8.5786475,1,19.63330078125,0.12892000377178192,59850.15620370023
1908,2459850.6538542,281.4071706,8.5786277,1,19.458200454711914,0.13067099452018738,59850.15385420015
1909,2459850.6419213,281.4072687,8.5785943,2,17.832500457763672,0.12967699766159058,59850.141921299975
1910,2459848.7047338,281.4072461,8.5785564,2,17.940099716186523,0.11061199754476547,59848.20473380014
1911,2459848.6731713,281.4072098,8.5786396,2,18.188100814819336,0.1349709928035736,59848.173171299975
1912,2459846.72375,281.4071893,8.5785949,1,19.500900268554688,0.2324409931898117,59846.22374999989
1913,2459846.6714699,281.4071551,8.5786664,1,19.67180061340332,0.12538999319076538,59846.171469899826
1915,2459846.6334954,281.4071456,8.5786954,2,18.099300384521484,0.08613000065088272,59846.133495400194
1916,2459844.7288889,281.4072125,8.578627,1,19.379899978637695,0.15956099331378937,59844.22888890002
1917,2459844.6699884,281.4071703,8.5787031,1,19.616600036621094,0.1593409925699234,59844.16998839984
1918,2459844.663669,281.4072601,8.5785777,2,17.909700393676758,0.12269999831914902,59844.163668999914
1920,2459842.6712963,281.4071717,8.5786512,2,18.083200454711914,0.08936300128698349,59842.1712962999
1922,2459840.7207523,281.407193,8.5786754,1,19.529600143432617,0.1496880054473877,59840.22075230023
1923,2459840.7054514,281.4070987,8.5786572,1,19.824100494384766,0.15157000720500946,59840.20545140002
1926,2459828.7616204,281.4075049,8.5784366,2,18.2593994140625,0.13588100671768188,59828.26162040001
1928,2459828.7104398,281.4071226,8.5788047,1,19.471900939941406,0.23408600687980652,59828.21043979982
1929,2459826.6983218,281.4071718,8.5786584,1,20.01460075378418,0.2820959985256195,59826.19832180021
1930,2459826.6973727,281.4070791,8.5786965,1,19.86050033569336,0.16510699689388275,59826.19737270009
1931,2459826.6714352,281.4072811,8.5785739,2,17.901199340820312,0.1661819964647293,59826.17143520014
1932,2459826.6522801,281.4072038,8.5786144,2,18.247600555419922,0.10540500283241272,59826.152280100156
1933,2459824.7004167,281.407089,8.5787012,1,19.75,0.162323996424675,59824.20041669998
1936,2459822.7216551,281.4073561,8.5784004,2,18.140199661254883,0.12126000225543976,59822.22165510012
1937,2459822.6730093,281.4072079,8.578653,1,19.685800552368164,0.14592699706554413,59822.17300930014
1938,2459820.6732639,281.4073161,8.5786864,1,19.886499404907227,0.2206840068101883,59820.17326389998
1939,2459820.6723148,281.407324,8.5785697,1,19.777799606323242,0.23544800281524658,59820.17231479986
1940,2459818.7648495,281.4070973,8.5787493,2,18.144100189208984,0.07146099954843521,59818.2648494998
1943,2459816.717963,281.407244,8.578633,1,19.67889976501465,0.12896999716758728,59816.21796299983
1944,2459816.7174884,281.4071373,8.5786535,1,20.005599975585938,0.2307099997997284,59816.21748840017
1945,2459816.6714583,281.4071307,8.5787024,2,18.18440055847168,0.05691500008106232,59816.1714583002
1947,2459814.7296991,281.4071427,8.5786805,2,18.151599884033203,0.08244899660348892,59814.2296990999
1949,2459809.7535185,281.4073086,8.5785948,2,18.07939910888672,0.08051999658346176,59809.2535184999
1950,2459809.6758681,281.4071677,8.578639,2,18.202800750732422,0.08215899765491486,59809.17586810002
1951,2459807.8114236,281.4071892,8.5785927,2,18.056499481201172,0.15538500249385834,59807.311423600186
1953,2459807.7457407,281.4072107,8.5786876,1,19.946500778198242,0.23848499357700348,59807.24574070005
1954,2459807.7443171,281.4071998,8.5786249,1,19.641000747680664,0.17689499258995056,59807.24431709992
1962,2459799.7136111,281.4071753,8.5786395,2,18.240299224853516,0.08598099648952484,59799.21361109987
1963,2459797.8190046,281.4071435,8.5786639,2,18.117000579833984,0.08289899677038193,59797.319004599936
1965,2459797.8103125,281.4072428,8.5786281,1,19.784099578857422,0.16328799724578857,59797.31031250022
1967,2459794.8196991,281.4071106,8.5786929,1,19.763999938964844,0.16901299357414246,59794.31969910022
1971,2459791.7115625,281.4071056,8.5786587,2,18.233999252319336,0.06567499786615372,59791.21156249987
1972,2459789.7910185,281.4072252,8.5786072,1,19.695100784301758,0.18438999354839325,59789.29101849999
1975,2459789.7538194,281.4071179,8.578651,2,18.218000411987305,0.08289700001478195,59789.25381939998
1977,2459787.7984375,281.4073316,8.5785663,2,18.100299835205078,0.10804200172424316,59787.29843749991
1978,2459787.7705671,281.407229,8.5786672,1,19.854299545288086,0.17918699979782104,59787.27056710003
1979,2459787.7542361,281.4072156,8.5786328,1,19.768199920654297,0.1257849931716919,59787.254236099776
1980,2459785.8323264,281.407292,8.5786722,1,19.8927001953125,0.16976599395275116,59785.332326400094
1983,2459783.8611227,281.407128,8.5786986,2,18.383800506591797,0.09346800297498703,59783.36112269992
1985,2459783.8118519,281.4072101,8.5786322,1,19.710500717163086,0.1939619928598404,59783.31185190007
1986,2459783.8109144,281.4071024,8.5787124,1,19.99720001220703,0.18274399638175964,59783.310914400034
1987,2459781.8515162,281.4072508,8.5786521,1,19.661800384521484,0.20800499618053436,59781.35151620023
1988,2459781.8491551,281.4069742,8.5787628,1,19.929000854492188,0.23204800486564636,59781.34915510006
1989,2459781.7918634,281.4071347,8.5786608,1,19.990699768066406,0.1782670021057129,59781.29186340002
1991,2459779.7942824,281.4071056,8.578704,2,18.28660011291504,0.07565800100564957,59779.29428240005
1992,2459779.7938079,281.4072419,8.5785451,2,18.223100662231445,0.10528299957513809,59779.293807900045
1995,2459776.8502546,281.4073524,8.578533,2,18.072599411010742,0.16004300117492676,59776.350254599936
1997,2459776.7681829,281.4071278,8.5787262,2,18.36079978942871,0.10701599717140198,59776.2681828998
1999,2459774.8886921,281.4071696,8.5785802,2,18.274900436401367,0.23251299560070038,59774.38869210007
2000,2459774.8882176,281.4071014,8.5786555,2,18.230199813842773,0.14844100177288055,59774.38821760006
2002,2459774.7945139,281.4071127,8.5787289,2,18.468299865722656,0.14056099951267242,59774.29451389983
2003,2459772.899838,281.4072075,8.5786384,2,18.40369987487793,0.13663199543952942,59772.39983800007
2006,2459772.793588,281.4070804,8.5787316,2,18.414100646972656,0.12143299728631973,59772.293587999884
2007,2459770.8604861,281.4072238,8.5786514,1,19.77560043334961,0.19243299961090088,59770.36048609996
2008,2459770.8600116,281.4072361,8.5786508,1,19.61549949645996,0.21601100265979767,59770.36001159996
2009,2459770.7949537,281.4072861,8.5785639,1,19.895599365234375,0.22792400419712067,59770.294953700155
2010,2459770.7940162,281.4072482,8.5786509,1,19.6156005859375,0.16711300611495972,59770.29401620012
2011,2459768.862419,281.4072345,8.5787084,1,20.12540054321289,0.17680799961090088,59768.362418999895
2012,2459768.8610069,281.4072377,8.5786446,1,19.85300064086914,0.1700659990310669,59768.3610069002
2013,2459768.8415741,281.4071379,8.5786543,1,19.903600692749023,0.20065200328826904,59768.341574099846
2015,2459765.883206,281.407104,8.5787428,1,20.19580078125,0.1642249971628189,59765.383206000086
2017,2459765.8171412,281.4071323,8.5785828,2,18.40959930419922,0.08792799711227417,59765.31714119995
2018,2459763.8899421,281.4071377,8.578638,1,19.764299392700195,0.23021799325942993,59763.389942099806
2019,2459763.8574306,281.4071828,8.5786675,1,19.869600296020508,0.1715950071811676,59763.357430600096
2020,2459763.8265278,281.4071376,8.5786402,2,18.279699325561523,0.07229500263929367,59763.326527799945
2026,2459759.8699653,281.4070515,8.5786441,1,20.060100555419922,0.19326700270175934,59759.369965299964
2027,2459759.8176273,281.4073335,8.5785716,2,18.25819969177246,0.10636299848556519,59759.31762730004
2028,2459759.8166898,281.4070888,8.578634,2,18.315500259399414,0.0873349979519844,59759.316689800005
2030,2459757.8365509,281.4072537,8.5786958,1,20.043899536132812,0.20466800034046173,59757.33655089978
2031,2459757.8169444,281.4072237,8.5786314,1,19.770700454711914,0.12412899732589722,59757.31694439985
2032,2459757.8164815,281.407224,8.5785746,1,20.122900009155273,0.20161199569702148,59757.31648149993
2034,2459755.8941319,281.4071474,8.5786795,1,20.07360076904297,0.1875160038471222,59755.39413189981
2036,2459755.8375116,281.4071718,8.5786065,2,18.312299728393555,0.05501199886202812,59755.337511599995
2037,2459752.8169097,281.4072036,8.5786571,1,19.758800506591797,0.14487400650978088,59752.31690970017
2038,2459752.8159722,281.4071861,8.5786326,1,20.09779930114746,0.22359700500965118,59752.31597220013
2039,2459750.8368519,281.4072912,8.578672,2,18.15060043334961,0.08051600307226181,59750.33685189998
2040,2459750.8359028,281.4071477,8.5785833,2,18.332500457763672,0.09352099895477295,59750.33590279985
2041,2459750.8328819,281.4072389,8.5785861,1,19.66860008239746,0.16941000521183014,59750.332881900016
2042,2459748.8379745,281.4073253,8.5785839,2,18.246299743652344,0.07603500038385391,59748.33797449991
2043,2459748.8370255,281.40716,8.5786674,2,18.343799591064453,0.06328800320625305,59748.3370254999
2044,2459748.7753819,281.4073314,8.5786541,1,19.722000122070312,0.25898298621177673,59748.275381899904
2045,2459748.7749074,281.407252,8.5786248,1,19.835800170898438,0.19422200322151184,59748.2749073999
2048,2459743.8204861,281.407309,8.5785734,2,18.202800750732422,0.08823300153017044,59743.320486099925
2049,2459743.8200116,281.4071424,8.5786739,2,18.338499069213867,0.11132100224494934,59743.32001159992
2050,2459741.9182755,281.4072056,8.578695,1,19.4822998046875,0.18437199294567108,59741.41827550018
2052,2459741.8365509,281.4070882,8.5786926,2,18.312000274658203,0.1268319934606552,59741.33655089978
2053,2459739.9242245,281.4071494,8.5786835,2,18.38330078125,0.07800000160932541,59739.42422450008
2055,2459739.8788889,281.4071574,8.5787109,1,19.93429946899414,0.17800100147724152,59739.378888899926
2056,2459739.8779398,281.4071927,8.5786992,1,19.506200790405273,0.1930360049009323,59739.3779397998
2057,2459737.9170718,281.4072339,8.5786753,1,19.635299682617188,0.1964610069990158,59737.41707180021
2059,2459737.8104977,281.4070888,8.5787163,2,18.330299377441406,0.07580800354480743,59737.31049769977
2060,2459735.935,281.4072088,8.5786601,1,19.552600860595703,0.15585599839687347,59735.435000000056
2061,2459735.9340509,281.4070875,8.5787402,1,19.942699432373047,0.16162000596523285,59735.43405089993
2062,2459735.8791435,281.4071651,8.5786561,2,18.263399124145508,0.08505699783563614,59735.37914349977
2063,2459733.8520255,281.4073253,8.5785312,2,18.142499923706055,0.0843219980597496,59733.35202550003
2064,2459733.8397222,281.4071518,8.5787469,2,18.324399948120117,0.0518609993159771,59733.33972219983
2065,2459733.831875,281.4072344,8.5787092,1,19.789600372314453,0.1572140008211136,59733.33187500015
2066,2459733.8176505,281.4071779,8.5786917,1,19.6481990814209,0.22196799516677856,59733.31765050022
2067,2459731.9218866,281.4072986,8.5786868,2,18.22480010986328,0.07983899861574173,59731.42188660009
2068,2459731.8792361,281.4072673,8.5786444,1,19.80739974975586,0.25229400396347046,59731.379236099776
2069,2459731.8787616,281.4071488,8.5786756,1,20.18280029296875,0.2181680053472519,59731.37876159977
2070,2459731.8753009,281.407139,8.5786874,2,18.240699768066406,0.07286600023508072,59731.37530090008
2072,2459727.9207523,281.4071624,8.5786765,1,20.033000946044922,0.18619799613952637,59727.42075229995
2073,2459727.8952546,281.4071413,8.5786456,2,18.228599548339844,0.08957300335168839,59727.39525459986
2075,2459725.9421065,281.4072604,8.5786265,1,20.0625,0.14250600337982178,59725.4421064998
2078,2459725.8733681,281.4072148,8.5786844,1,19.989999771118164,0.15457099676132202,59725.3733680998
2079,2459723.9564352,281.4072947,8.5785708,2,18.152999877929688,0.0940369963645935,59723.45643519983
2080,2459723.9008565,281.4072488,8.5786908,1,19.685699462890625,0.21222500503063202,59723.400856500026
2082,2459723.8510069,281.4070809,8.5786317,2,18.30030059814453,0.08805199712514877,59723.35100689996
2085,2459721.8511574,281.4071039,8.5786323,2,18.301000595092773,0.1056469976902008,59721.351157399826
2086,2459718.9121181,281.4071457,8.5786791,2,18.34480094909668,0.11016900092363358,59718.412118100096
2088,2459718.8192245,281.4073165,8.5786069,2,18.204299926757812,0.09205099940299988,59718.3192245001
2089,2459718.81875,281.4070048,8.5786836,2,18.286800384521484,0.10228999704122543,59718.31875000009
2092,2459714.9034028,281.4071584,8.5786589,2,18.17099952697754,0.11111199855804443,59714.403402800206
2095,2459712.9022685,281.4071755,8.5786197,2,18.161500930786133,0.1030300036072731,59712.40226850007
2096,2459710.9607639,281.4072333,8.5786329,1,19.662500381469727,0.1961269974708557,59710.460763900075
2097,2459710.9400463,281.4071264,8.5786302,1,19.97909927368164,0.17897099256515503,59710.44004630018
2098,2459710.901088,281.4073206,8.5786794,2,18.17919921875,0.06627999991178513,59710.40108799981
2099,2459710.9001389,281.4071938,8.5785676,2,18.170700073242188,0.08918099850416183,59710.40013890015
2100,2459709.9577778,281.4072709,8.5786255,2,18.05389976501465,0.08890800178050995,59709.45777780004
2101,2459708.9416898,281.4071203,8.5786526,2,18.190099716186523,0.07936199754476547,59708.441689800005
2102,2459708.8785764,281.4071217,8.5785275,2,18.187000274658203,0.07645399868488312,59708.378576400224
2103,2459707.9564583,281.4073128,8.5786257,2,18.174400329589844,0.08146800100803375,59707.45645829989
2104,2459707.9146296,281.4073263,8.5786252,2,18.01919937133789,0.06165799871087074,59707.41462960001
2105,2459702.9606944,281.4071483,8.5786727,1,19.900100708007812,0.16113600134849548,59702.46069440013
2106,2459702.9235301,281.4071219,8.5786352,2,18.277999877929688,0.08496599644422531,59702.42353009991
2108,2459701.8994792,281.4072748,8.5785592,1,19.82390022277832,0.20287899672985077,59701.39947920013
2109,2459700.9524537,281.4071476,8.578631,1,20.05620002746582,0.17565299570560455,59700.452453699894
2110,2459700.9211806,281.407136,8.578706,2,18.306299209594727,0.07380300015211105,59700.421180599835
2111,2459698.9638889,281.4073808,8.5786458,2,18.16320037841797,0.11454399675130844,59698.46388889989
2112,2459698.9629398,281.4071109,8.5786473,2,18.335399627685547,0.07439099997282028,59698.46293980023
2113,2459698.943125,281.4072438,8.5786489,1,19.684900283813477,0.14952600002288818,59698.44312500022
2114,2459698.9421759,281.4071894,8.5786774,1,19.77560043334961,0.17894800007343292,59698.4421759001
2115,2459696.9617824,281.4073211,8.5786075,2,18.134300231933594,0.07757899910211563,59696.46178240003
2116,2459696.9608449,281.4071356,8.5786733,2,18.251800537109375,0.07515700161457062,59696.46084489999
2117,2459696.9368403,281.4072107,8.5786614,1,19.773700714111328,0.1958490014076233,59696.43684029998
2118,2459694.9648032,281.4073567,8.5786404,2,18.231300354003906,0.09374699741601944,59694.464803200215
2119,2459694.9643287,281.4071488,8.5786218,2,18.2455997467041,0.09764400124549866,59694.46432870021
2120,2459694.9418171,281.4073109,8.5787408,1,19.640199661254883,0.24601000547409058,59694.44181710016
2122,2459689.9653241,281.4072879,8.5787351,1,19.34760093688965,0.2925710082054138,59689.46532410011
2124,2459689.9446528,281.4073099,8.5785957,2,18.03660011291504,0.12162599712610245,59689.44465279998
2125,2459689.9248958,281.4071777,8.5785351,2,18.131799697875977,0.13301099836826324,59689.424895800184
2126,2459686.9143519,281.4071387,8.5786696,2,18.34830093383789,0.14373299479484558,59686.41435190011
2130,2459683.9667593,281.4072619,8.5786196,1,19.67620086669922,0.29158100485801697,59683.46675929986
2131,2459683.9276968,281.407309,8.5786059,2,18.13640022277832,0.11264800280332565,59683.42769679986
2132,2459683.9234375,281.4071525,8.5786802,2,18.500699996948242,0.10597699880599976,59683.42343749991
2133,2459679.969294,281.4072375,8.578615,2,18.01799964904785,0.10160399973392487,59679.46929399995
2134,2459679.9688194,281.4071659,8.5787282,2,18.167400360107422,0.09040000289678574,59679.46881939983
2135,2459677.9950579,281.4073138,8.5786641,1,19.896099090576172,0.23292900621891022,59677.49505789997
2136,2459677.9838426,281.4072292,8.5786451,1,19.942100524902344,0.2035219967365265,59677.48384260014
2138,2459677.9429514,281.4072264,8.5786495,2,18.323699951171875,0.10316900163888931,59677.44295139983
2139,2459675.9917361,281.4072224,8.578631,1,19.84149932861328,0.16345399618148804,59675.491736100055
2140,2459675.9903009,281.4071266,8.5787038,1,19.83690071105957,0.15578800439834595,59675.49030089984
2141,2459675.957419,281.4070693,8.5786444,2,18.462200164794922,0.10420600324869156,59675.4574190001
2142,2459675.9569329,281.4072681,8.5785482,2,18.20870018005371,0.06274999678134918,59675.45693290001
2143,2459673.9864468,281.4073297,8.578636,2,18.11840057373047,0.11681599915027618,59673.486446800176
2144,2459673.9864468,281.407329,8.578635,2,18.119400024414062,0.1164959967136383,59673.486446800176
2145,2459673.985,281.407417,8.5786619,2,18.398799896240234,0.09045299887657166,59673.48499999987
2146,2459673.985,281.4074164,8.5786646,2,18.38800048828125,0.08867800235748291,59673.48499999987
2147,2459673.9640394,281.4073839,8.5787301,1,19.750999450683594,0.22998200356960297,59673.46403940022
2148,2459673.9640394,281.4073831,8.5787393,1,19.757699966430664,0.2348030060529709,59673.46403940022
2150,2459670.9995718,281.4072168,8.578661,1,20.036800384521484,0.15818899869918823,59670.49957180023
2151,2459670.9995718,281.4072157,8.5786623,1,20.040700912475586,0.16403600573539734,59670.49957180023
2154,2459639.0022338,281.4071953,8.5786004,2,18.395700454711914,0.11034800112247467,59638.50223380001
2156,2459630.0021065,281.4072485,8.5786391,2,18.286300659179688,0.10159499943256378,59629.50210649986
2158,2459629.0521528,281.4073183,8.5786009,2,18.415700912475586,0.12062499672174454,59628.55215279991
2159,2459629.0495949,281.4073756,8.5787011,2,18.278200149536133,0.10158900171518326,59628.549594900105
2160,2459629.047037,281.4072986,8.5786581,2,18.259599685668945,0.10037100315093994,59628.54703699984
2161,2459629.0444676,281.407192,8.5786646,2,18.21489906311035,0.11455699801445007,59628.54446760006
2162,2459629.0418981,281.4071864,8.5786724,2,18.258699417114258,0.10653699934482574,59628.54189810017
2164,2459628.0496181,281.4071535,8.5786247,2,18.44230079650879,0.23715099692344666,59627.549618099816
2165,2459628.0470486,281.407353,8.5786003,2,18.085599899291992,0.17428499460220337,59627.547048599925
2166,2459628.0444676,281.407266,8.5786673,2,17.984100341796875,0.1460839956998825,59627.54446760006
2167,2459628.0418981,281.4072634,8.5787562,2,17.913000106811523,0.16149699687957764,59627.54189810017
2168,2459626.0554282,281.4072232,8.5786362,2,17.987699508666992,0.1485310047864914,59625.555428199936
2169,2459626.0528472,281.407384,8.5786517,2,18.05120086669922,0.1499679982662201,59625.55284720007
2170,2459626.0502778,281.407356,8.5786194,2,18.081199645996094,0.14286300539970398,59625.55027779983
2171,2459626.0476968,281.4073971,8.5786654,2,17.978300094604492,0.1585800051689148,59625.54769679997
2172,2459626.0451273,281.4073169,8.5786791,2,18.13319969177246,0.1299770027399063,59625.54512730008
2174,2459625.0551968,281.4072973,8.5785816,2,18.23110008239746,0.09861999750137329,59624.5551967998
2176,2459625.050081,281.4074553,8.5787216,2,18.262300491333008,0.12196499854326248,59624.5500810002
2177,2459625.0475231,281.4072685,8.5786677,2,18.226200103759766,0.09644199907779694,59624.54752309993
2178,2459625.0449653,281.4072676,8.5787149,2,18.599599838256836,0.16162100434303284,59624.54496529978
2179,2459624.0562269,281.4073338,8.5786673,2,18.451900482177734,0.14193199574947357,59623.55622689985
2180,2459624.0536806,281.4073041,8.5785786,2,18.196699142456055,0.10048899799585342,59623.55368060013
2181,2459624.0511227,281.4073293,8.5786537,2,18.187599182128906,0.12985900044441223,59623.551122699864
2182,2459624.0485648,281.4073103,8.5786314,2,18.246999740600586,0.11040499806404114,59623.54856480006
2183,2459624.0460069,281.4072142,8.5786066,2,18.167699813842773,0.14598999917507172,59623.54600689979
2184,2459623.055081,281.4072762,8.578577,2,18.06209945678711,0.11811599880456924,59622.555081000086
2185,2459623.0525231,281.4073111,8.5784997,2,17.994699478149414,0.14951099455356598,59622.55252309982
2186,2459623.0499653,281.40735,8.578569,2,18.20319938659668,0.10358499735593796,59622.54996530013
2187,2459623.0474074,281.4071897,8.5787191,2,18.4689998626709,0.19333000481128693,59622.54740739986
2188,2459623.0448611,281.4072843,8.5785316,2,18.014400482177734,0.1389559954404831,59622.54486110015
2189,2459623.0425694,281.4072064,8.5785405,2,18.531200408935547,0.14248999953269958,59622.54256939981
2191,2459622.0556019,281.4073369,8.5786634,2,18.280899047851562,0.12731899321079254,59621.55560189998
2192,2459622.0556019,281.4073378,8.5786632,2,18.29290008544922,0.13530699908733368,59621.55560189998
2193,2459622.0530093,281.4073949,8.5785759,2,18.303199768066406,0.1027119979262352,59621.55300930003
2194,2459622.0530093,281.4073977,8.5785766,2,18.322799682617188,0.11037900298833847,59621.55300930003
2195,2459622.0504051,281.4073098,8.5787363,2,18.23710060119629,0.12001600116491318,59621.55040509999
2196,2459622.0504051,281.4072948,8.5787368,2,18.316999435424805,0.13344700634479523,59621.55040509999
2197,2459622.0478125,281.4073142,8.5786219,2,18.366199493408203,0.09721200168132782,59621.54781250004
2198,2459622.0478125,281.4073215,8.5786175,2,18.442899703979492,0.10578200221061707,59621.54781250004
2199,2459622.0451968,281.4073157,8.5786274,2,18.190399169921875,0.0961029976606369,59621.54519680003
2200,2459622.0451968,281.4073097,8.5786291,2,18.208499908447266,0.10069099813699722,59621.54519680003
2204,2459601.0703704,281.4071149,8.5787675,2,18.46139907836914,0.17253899574279785,59600.57037039986
2206,2459529.6323958,281.4070883,8.5785937,2,18.440160751342773,0.09417299926280975,59529.1323958002
2207,2459529.6286343,281.4071981,8.5785769,2,18.49679946899414,0.13501699268817902,59529.12863430008
2210,2459527.6118171,281.4071252,8.5786463,2,18.666799545288086,0.11605899780988693,59527.111817100085
2212,2459525.6462847,281.4072623,8.578619,2,18.46929931640625,0.1338219940662384,59525.146284699906
2213,2459525.6448727,281.4070219,8.5786591,2,18.54360008239746,0.07795500010251999,59525.144872699864
2218,2459523.6027546,281.4071713,8.5787285,2,18.496400833129883,0.10439299792051315,59523.10275459988
2219,2459523.5899421,281.4070785,8.578606,2,18.730600357055664,0.10638300329446793,59523.08994209999
2221,2459521.6346759,281.4072961,8.5785784,2,18.500600814819336,0.11383099853992462,59521.134675899986
2227,2459512.6154398,281.4072237,8.5786048,2,18.520099639892578,0.1365399956703186,59512.11543980008
2235,2459504.616794,281.40716,8.5786735,2,18.593700408935547,0.11376699805259705,59504.116793999914
2236,2459502.6716435,281.4071556,8.5785803,2,18.57390022277832,0.17257100343704224,59502.171643500216
2237,2459502.671169,281.4070791,8.5786067,2,18.724899291992188,0.1398410052061081,59502.17116900021
2240,2459498.6501852,281.4073599,8.5786009,2,18.73859977722168,0.1846349984407425,59498.15018519992
2242,2459497.6777894,281.4071683,8.5786963,2,18.825599670410156,0.20410999655723572,59497.177789399866
2250,2459487.6529398,281.4070914,8.5786154,2,18.67639923095703,0.10489600151777267,59487.15293980017
2251,2459485.6921528,281.4071104,8.5786362,2,18.654399871826172,0.12404000014066696,59485.19215280004
2257,2459477.7165741,281.4071149,8.5785752,2,18.57200050354004,0.17252899706363678,59477.216574099846
2266,2459471.6922106,281.4072053,8.5787096,2,18.63800048828125,0.11183500289916992,59471.19221059978
2270,2459469.6879167,281.4071016,8.578687,2,18.412799835205078,0.09408000111579895,59469.1879166998
2275,2459466.6815509,281.4070436,8.578702,2,18.74920082092285,0.21861599385738373,59466.181550899986
2276,2459464.810706,281.40717,8.5785751,2,18.5009708404541,0.14136700332164764,59464.310705999844
2277,2459464.810706,281.40717,8.5785751,2,18.500999450683594,0.14136700332164764,59464.310705999844
2278,2459464.7765856,281.4071615,8.5786819,2,18.66320037841797,0.10588599741458893,59464.27658559987
2279,2459464.7765856,281.4071615,8.5786819,2,18.66320037841797,0.10588599741458893,59464.27658559987
2284,2459462.71375,281.4071715,8.5786772,2,18.658700942993164,0.09868600219488144,59462.21375000011
2299,2459450.7904167,281.4071297,8.5786915,2,18.654399871826172,0.19713300466537476,59450.290416699834
2304,2459447.7294213,281.4070845,8.578668,2,18.66230010986328,0.20034700632095337,59447.22942129988
2313,2459440.7483565,281.4071162,8.5786913,2,18.293800354003906,0.09947600215673447,59440.248356500175
2314,2459440.7483565,281.4071162,8.5786913,2,18.293800354003906,0.09947600215673447,59440.248356500175
2315,2459438.737419,281.4071303,8.5785798,2,18.5846004486084,0.1536789983510971,59438.237418999895
2323,2459430.734838,281.4073395,8.5785514,2,18.523799896240234,0.15501299500465393,59430.23483800003
2324,2459430.7320139,281.4070864,8.5786702,2,18.520200729370117,0.06572499871253967,59430.23201389983
2325,2459427.8328241,281.4072933,8.5784917,2,18.42530059814453,0.14726600050926208,59427.33282409981
2326,2459427.7906944,281.4072237,8.5786203,1,20.088600158691406,0.21512199938297272,59427.2906944002
2329,2459425.8322801,281.4071068,8.5787308,2,18.481599807739258,0.08340699970722198,59425.33228009986
2343,2459414.7968519,281.4070569,8.5786397,2,18.63450050354004,0.17263199388980865,59414.29685189994
2349,2459409.7970602,281.4071044,8.578622,2,18.56089973449707,0.09183099865913391,59409.29706020001
2351,2459407.7971875,281.4070402,8.5787761,2,18.616199493408203,0.12512199580669403,59407.29718750017
2352,2459407.7769792,281.4072352,8.57881,1,20.164600372314453,0.23245200514793396,59407.276979200076
2355,2459405.8184375,281.4070787,8.5787409,1,20.131900787353516,0.18253999948501587,59405.318437499925
2356,2459404.8401389,281.4072668,8.5786135,1,20.224199295043945,0.21157999336719513,59404.340138900094
2359,2459403.8182292,281.407092,8.5786725,2,18.44659996032715,0.09983699768781662,59403.31822919985
2362,2459401.8732407,281.4069205,8.5786546,1,20.17690086364746,0.21165800094604492,59401.37324069999
2371,2459396.8167014,281.4070521,8.5787349,2,18.498899459838867,0.09762299805879593,59396.316701400094
2372,2459396.7951389,281.4070888,8.5787754,1,20.204099655151367,0.2083590030670166,59396.29513890017
2377,2459392.875,281.4069946,8.5786919,2,18.59160041809082,0.12906000018119812,59392.375
2388,2459381.893206,281.4072562,8.5785047,2,18.45509910583496,0.2297690063714981,59381.39320599986
2389,2459381.8913426,281.4070568,8.578719,2,18.62980079650879,0.14133599400520325,59381.391342599876
2391,2459379.8732755,281.4070687,8.5786725,2,18.50189971923828,0.12410800158977509,59379.37327549979
2394,2459377.8803241,281.4069314,8.5788027,2,18.63129997253418,0.09762000292539597,59377.380324100144
2399,2459373.937581,281.4071842,8.5786298,1,20.052099227905273,0.2387710064649582,59373.43758099992
2405,2459370.8702778,281.4071049,8.5787168,2,18.52090072631836,0.08467400074005127,59370.37027780013
2406,2459368.862338,281.407353,8.5786466,1,20.179899215698242,0.21651199460029602,59368.36233799998
2408,2459368.8609144,281.4070348,8.5786826,1,20.419599533081055,0.2413720041513443,59368.36091439985
2409,2459366.8949306,281.4070724,8.5786381,2,18.633100509643555,0.10347899794578552,59366.39493060019
2415,2459363.8987963,281.4071673,8.5786071,2,18.641399383544922,0.1363610029220581,59363.39879629994
2424,2459356.8984259,281.4073779,8.5786589,2,18.658000946044922,0.13170599937438965,59356.39842589991
2428,2459353.9202662,281.4071589,8.5786706,2,18.627700805664062,0.09037599712610245,59353.42026619986
2430,2459353.8983102,281.4071698,8.5787451,1,20.16629981994629,0.2203730046749115,59353.398310199846
2436,2459346.957419,281.4072015,8.5787216,1,20.314800262451172,0.21836499869823456,59346.4574190001
2438,2459346.9218171,281.4071239,8.578645,2,18.653900146484375,0.07626699656248093,59346.42181710014
2443,2459341.9637153,281.4071595,8.5787206,1,20.25860023498535,0.24195900559425354,59341.463715299964
2444,2459341.9435648,281.4073118,8.5787426,2,18.530399322509766,0.12032400071620941,59341.44356480008
2445,2459341.9431019,281.4071297,8.5785526,2,18.7893009185791,0.11235799640417099,59341.443101900164
2455,2459329.9408333,281.4073102,8.5786315,2,18.8045597076416,0.1738400012254715,59329.44083329989
2456,2459329.9408333,281.4073102,8.5786315,2,18.80459976196289,0.1738400012254715,59329.44083329989
2461,2459322.980625,281.4071998,8.5786378,2,19.05030059814453,0.14228400588035583,59322.48062499985
2462,2459322.9782639,281.4073112,8.5786302,2,18.513200759887695,0.10654900223016739,59322.47826390015
2465,2459320.9824884,281.4072788,8.5786002,2,18.869400024414062,0.11490900069475174,59320.48248839984
2469,2459316.9846759,281.4073159,8.5786866,2,18.930999755859375,0.10594099760055542,59316.48467590008
2472,2459315.9583218,281.4073308,8.578588,2,18.760799407958984,0.28247299790382385,59315.45832179999
2474,2459314.9626157,281.4071086,8.5786562,2,18.88290023803711,0.10944099724292755,59314.46261569997
2475,2459314.9626157,281.4071086,8.5786562,2,18.88290023803711,0.10944099724292755,59314.46261569997
2478,2459311.9971875,281.4073157,8.578762,2,19.10059928894043,0.12844400107860565,59311.49718749989
2479,2459310.0001157,281.407321,8.5785638,2,18.646499633789062,0.14313000440597534,59309.500115700066
2497,2459296.0035301,281.4071074,8.5785832,2,18.77389907836914,0.12989500164985657,59295.50353009999
2505,2459276.9861574,281.4074335,8.5785469,2,19.007099151611328,0.18414999544620514,59276.48615740007
2506,2459276.9856829,281.4070243,8.5787799,2,18.958499908447266,0.206045001745224,59276.485682900064
2534,2459259.0460185,281.4074445,8.5786893,2,18.103300094604492,0.2798680067062378,59258.54601849988
2542,2459256.0581713,281.4072938,8.5785536,2,19.08679962158203,0.14966100454330444,59255.55817130022
2544,2459256.052037,281.407265,8.5785832,2,18.960800170898438,0.14163899421691895,59255.55203700019
2552,2459254.0569213,281.4073505,8.5786797,2,18.949899673461914,0.12288299947977066,59253.55692130001
2554,2459254.0509954,281.4072553,8.5786136,2,19.213600158691406,0.17524099349975586,59253.550995400175
2578,2459249.0571296,281.4072021,8.5786526,2,19.12220001220703,0.19398599863052368,59248.557129600085
2579,2459249.0541088,281.4071748,8.5787121,2,18.662700653076172,0.24759900569915771,59248.5541087999
