,jd,ra,dec,fid,magpsf,sigmapsf,mjd
0,2461192.9512037,294.1299637,8.1049257,3,16.205768585205078,0.08948662877082825,61192.451203700155
3,2461192.8617477,294.1299935,8.1049152,2,18.297500610351562,0.08224800229072571,61192.36174769979
4,2461192.8612731,294.1299824,8.1048807,2,18.33799934387207,0.09973199665546417,61192.361273100134
7,2461191.8894676,294.1300119,8.104916,2,18.251699447631836,0.08873499929904938,61191.3894675998
8,2461191.8889931,294.130011,8.1049351,2,18.299100875854492,0.09010999649763107,61191.3889930998
9,2461186.9928472,294.1299689,8.1049161,2,18.36319923400879,0.10301899909973145,61186.49284720002
11,2461186.9546644,294.1300048,8.1049092,3,16.451200485229492,0.09154299646615982,61186.45466439985
14,2461185.9428935,294.1300119,8.1048907,2,18.568199157714844,0.06620299816131592,61185.442893499974
15,2461185.8896065,294.1299706,8.1049188,3,16.494400024414062,0.07737299799919128,61185.389606500044
18,2461184.9656019,294.1299611,8.1049417,3,16.4591007232666,0.09394700080156326,61184.46560190013
19,2461184.9656019,294.1299611,8.1049417,3,16.4591007232666,0.09394700080156326,61184.46560190013
26,2461182.9150694,294.1300002,8.1048882,2,18.701000213623047,0.0829629972577095,61182.41506939987
28,2461181.9646991,294.129988,8.1048609,3,16.557300567626953,0.06674599647521973,61181.46469909977
31,2461181.9235185,294.1300116,8.1048887,2,18.487499237060547,0.07671300321817398,61181.423518499825
32,2461181.9230556,294.1299966,8.1048932,2,18.636499404907227,0.08734799921512604,61181.42305559991
33,2461180.9685301,294.1299576,8.1048812,3,16.40839958190918,0.057787999510765076,61180.46853009984
35,2461180.9358333,294.1300462,8.1048811,2,18.685800552368164,0.08825299888849258,61180.4358333
36,2461180.9353588,294.1299824,8.1049127,2,18.553600311279297,0.07535000145435333,61180.435358799994
39,2461179.9663657,294.1299618,8.1049369,3,16.356399536132812,0.061987001448869705,61179.46636570012
41,2461179.9351736,294.1300216,8.104884,2,18.493099212646484,0.0777370035648346,61179.43517359998
42,2461179.9346991,294.1300177,8.1048865,2,18.431499481201172,0.09905999898910522,61179.43469909998
47,2461176.9269676,294.1300214,8.1048747,2,18.38549041748047,0.09959257394075394,61176.426967599895
48,2461176.9269676,294.1300214,8.1048747,2,18.385499954223633,0.09959299862384796,61176.426967599895
50,2461176.8662616,294.129992,8.1048778,3,16.50670051574707,0.06561899930238724,61176.36626160005
51,2461176.8662616,294.129992,8.1048778,3,16.50670051574707,0.06561899930238724,61176.36626160005
52,2461175.9658681,294.1299815,8.1049311,3,16.54360008239746,0.07107599824666977,61175.46586810006
53,2461175.9658681,294.1299815,8.1049311,3,16.54360008239746,0.07107599824666977,61175.46586810006
54,2461175.945787,294.1300365,8.104887,2,18.674299240112305,0.08895999938249588,61175.445787000004
58,2461174.9487963,294.1300132,8.1048561,2,18.755800247192383,0.09291499853134155,61174.44879630022
59,2461174.9487963,294.1300132,8.1048561,2,18.755800247192383,0.09291499853134155,61174.44879630022
60,2461174.92875,294.1300268,8.1049278,3,16.5802001953125,0.06313800066709518,61174.42874999996
61,2461173.952662,294.1300161,8.1048881,2,18.488000869750977,0.06265199929475784,61173.45266199997
62,2461173.9521875,294.1300146,8.1049048,2,18.689699172973633,0.08711899816989899,61173.45218749996
63,2461173.9310301,294.1300345,8.1048682,3,16.53510093688965,0.05158200114965439,61173.43103010021
66,2461172.9634259,294.1299572,8.1049106,3,16.745500564575195,0.05978500097990036,61172.463425899856
67,2461172.9561574,294.1299937,8.1048962,2,18.56089973449707,0.09144599735736847,61172.45615739981
68,2461172.9556944,294.130005,8.1049066,2,18.7185001373291,0.08703900128602982,61172.455694399774
73,2461171.9449306,294.1299577,8.1048655,2,18.58169937133789,0.07946699857711792,61171.4449306
74,2461171.944456,294.1300437,8.1049114,2,18.764999389648438,0.08966600149869919,61171.44445599988
75,2461171.8888889,294.1300032,8.10485,3,16.707000732421875,0.04680800065398216,61171.38888890017
78,2461170.9340972,294.1300215,8.1049028,2,18.694499969482422,0.10739099979400635,61170.43409720017
79,2461170.8820602,294.1299943,8.1048897,3,16.718599319458008,0.07848499715328217,61170.382060199976
80,2461169.9991551,294.1299651,8.104885,2,18.578800201416016,0.11184100061655045,61169.49915509997
81,2461169.9667824,294.1299685,8.1049369,3,16.713600158691406,0.07961200177669525,61169.46678239992
82,2461169.9438773,294.1300237,8.1049126,2,18.71299934387207,0.09409199655056,61169.44387729978
85,2461168.9690509,294.1300011,8.1049244,3,16.5669002532959,0.07137999683618546,61168.46905090008
88,2461168.9046181,294.1299856,8.1049146,2,18.595199584960938,0.10667099803686142,61168.4046180998
89,2461168.9041435,294.1300528,8.1049269,2,18.505399703979492,0.0960799977183342,61168.40414350014
90,2461167.9694676,294.1299759,8.1048824,2,18.61520004272461,0.10806100070476532,61167.469467599876
95,2461163.9447685,294.1299808,8.1048709,2,18.731800079345703,0.17511600255966187,61163.44476850005
96,2461163.9443056,294.129972,8.1048734,2,18.59510040283203,0.1582150012254715,61163.44430560013
97,2461162.9712037,294.1299987,8.1050139,3,16.64940071105957,0.09741000086069107,61162.471203700174
98,2461162.9517708,294.1300527,8.1048654,2,18.527599334716797,0.10901299864053726,61162.451770800166
99,2461162.9513079,294.1300026,8.1048787,2,18.522899627685547,0.12956400215625763,61162.451307899784
104,2461161.9501736,294.130001,8.1048849,2,18.492000579833984,0.10041200369596481,61161.45017360011
105,2461161.9496991,294.1300247,8.1048711,2,18.598100662231445,0.1160850003361702,61161.44969910011
108,2461160.9332755,294.1300476,8.1048485,2,18.619400024414062,0.10647399723529816,61160.43327549985
109,2461160.9217245,294.1300223,8.1048985,2,18.560400009155273,0.14337299764156342,61160.421724500135
112,2461159.9337037,294.1300176,8.1048951,2,18.721500396728516,0.10904400050640106,61159.43370370008
113,2461159.9332292,294.130045,8.1048636,2,18.68560028076172,0.12135100364685059,61159.433229200076
114,2461158.9286921,294.1300051,8.1048842,2,18.7367000579834,0.1304910033941269,61158.428692100104
116,2461154.9890625,294.1300042,8.1049122,2,18.790199279785156,0.10476300120353699,61154.489062500186
118,2461154.9112384,294.1299868,8.1048935,3,16.69379997253418,0.06780199706554413,61154.4112383998
121,2461153.9545602,294.1299857,8.1048938,3,16.63800048828125,0.049630001187324524,61153.45456020022
122,2461153.9285995,294.1300067,8.1048895,2,18.580799102783203,0.08080700039863586,61153.4285995001
123,2461153.928125,294.1300471,8.1049157,2,18.583999633789062,0.10374599695205688,61153.42812500009
126,2461151.9504167,294.1299703,8.1049248,3,16.634599685668945,0.08153200149536133,61151.45041669998
127,2461151.9237269,294.1300134,8.1048924,2,18.548900604248047,0.0833439975976944,61151.423726900015
128,2461151.9232639,294.1300411,8.1048542,2,18.67340087890625,0.08020199835300446,61151.42326389998
131,2461150.9263194,294.1300497,8.1048837,2,18.64430046081543,0.09508500248193741,61150.42631939985
134,2461148.9437153,294.1300124,8.1048936,2,18.518999099731445,0.10678400099277496,61148.443715299945
135,2461147.9886921,294.1300073,8.1048641,3,16.42569923400879,0.06379500031471252,61147.48869210016
136,2461147.9674306,294.1300036,8.1048912,2,18.545000076293945,0.09425599873065948,61147.467430599965
138,2461145.9915972,294.1300041,8.1049236,3,16.439300537109375,0.08010400086641312,61145.49159719981
141,2461145.9449769,294.1300362,8.1048804,2,18.650699615478516,0.09953299909830093,61145.44497689977
146,2461139.0021991,294.1299748,8.104923,3,16.387500762939453,0.06554199755191803,61138.502199099865
147,2461138.0011458,294.1299785,8.1048974,2,18.384599685668945,0.10085000097751617,61137.50114580011
148,2461137.9886458,294.1300318,8.1048945,2,18.604999542236328,0.11991000175476074,61137.488645799924
151,2461136.0086111,294.1300139,8.1048989,2,18.33650016784668,0.1042179986834526,61135.508611099795
152,2461135.9891551,294.1299913,8.1049602,3,16.18600082397461,0.0707940012216568,61135.48915510019
154,2461135.9337963,294.1300175,8.1048743,2,18.309900283813477,0.1091340035200119,61135.43379630009
159,2461129.9480671,294.1300508,8.1048894,2,18.356000900268555,0.11325299739837646,61129.44806709979
160,2461129.9475926,294.1300851,8.1048568,2,18.55190086364746,0.13447199761867523,61129.44759259978
161,2461128.0105093,294.129999,8.104909,2,18.334800720214844,0.08315899968147278,61127.510509300046
163,2461127.0196875,294.1300234,8.1049021,2,18.5039005279541,0.07975800335407257,61126.51968749985
164,2461125.014919,294.1299647,8.1049257,3,16.23979949951172,0.0625389963388443,61124.51491900021
165,2461123.9941435,294.13005,8.1048642,3,16.264400482177734,0.07825099676847458,61123.49414349999
167,2461120.9902662,294.1300123,8.1048687,2,18.3843994140625,0.08048400282859802,61120.490266200155
168,2461119.0284606,294.1299905,8.1049014,2,18.503599166870117,0.11263500154018402,61118.52846059995
169,2461116.0328241,294.1300052,8.1048777,2,18.52088165283203,0.09855886548757553,61115.532824099995
170,2461116.0328241,294.1300052,8.1048777,2,18.52090072631836,0.09855899959802628,61115.532824099995
171,2461115.0332755,294.1299689,8.1048689,2,18.457599639892578,0.09715399891138077,61114.53327549994
173,2461101.0291204,294.1300375,8.1049238,3,16.41029930114746,0.05899700149893761,61100.52912040008
175,2461095.0569097,294.1300062,8.104877,2,18.722900390625,0.1150669977068901,61094.556909699924
176,2461095.0523611,294.1300417,8.1048756,2,18.85059928894043,0.11990900337696075,61094.55236109998
178,2461086.0668519,294.130074,8.104741,2,18.822900772094727,0.1888049989938736,61085.56685189996
179,2461086.0663773,294.1300555,8.104946,2,18.64539909362793,0.16220800578594208,61085.56637729984
180,2461086.0628241,294.1300757,8.1048223,2,18.841699600219727,0.17266200482845306,61085.56282409979
181,2461086.0623495,294.1300147,8.1049112,2,18.676300048828125,0.16832199692726135,61085.562349500135
182,2461086.0587963,294.1299424,8.1048869,2,18.856300354003906,0.12246699631214142,61085.55879630009
188,2461080.0627431,294.1302393,8.1047267,2,18.589500427246094,0.1769540011882782,61079.56274309987
193,2461079.066169,294.1300401,8.1048385,2,18.651500701904297,0.1625950038433075,61078.56616900023
196,2461078.0732176,294.1300382,8.1048832,2,18.44070053100586,0.23571500182151794,61077.57321760012
198,2461078.0722801,294.1301127,8.1048647,2,18.53529930114746,0.20822300016880035,61077.57228010008
199,2461078.0670139,294.1300802,8.1048643,2,18.603200912475586,0.17449800670146942,61077.567013899796
200,2461078.0636343,294.1301271,8.1047859,2,18.570100784301758,0.14785699546337128,61077.56363430014
207,2461005.6128009,294.1300168,8.1048308,2,18.560312271118164,0.13891644775867462,61005.11280089989
213,2460990.5691204,294.1299261,8.1048648,2,18.243900299072266,0.11524199694395065,60990.06912040012
214,2460990.5686574,294.1299445,8.1048988,2,18.14259910583496,0.09979300200939178,60990.06865740009
218,2460986.628912,294.1299336,8.1048891,2,18.17060089111328,0.08292700350284576,60986.128911999986
219,2460986.6284375,294.1299461,8.1048889,2,18.182100296020508,0.07135099917650223,60986.12843749998
226,2460982.5971528,294.1299014,8.104988,2,18.1033992767334,0.29232901334762573,60982.09715279983
230,2460980.6066551,294.1299645,8.1048851,2,18.173999786376953,0.08406999707221985,60980.106655099895
231,2460980.5970023,294.1299741,8.1049192,2,18.018199920654297,0.09602800011634827,60980.09700229997
232,2460978.6471759,294.1299529,8.1049153,2,18.00659942626953,0.10050900280475616,60978.14717590017
235,2460976.6305093,294.1299492,8.1048843,2,18.145599365234375,0.07064399868249893,60976.13050930016
237,2460976.6077546,294.1299645,8.104901,2,18.112899780273438,0.06726200133562088,60976.10775459977
240,2460974.6417361,294.1299863,8.1049091,2,18.061199188232422,0.08320800215005875,60974.14173609996
241,2460974.6311111,294.1299609,8.1048832,2,18.103200912475586,0.05965299904346466,60974.13111109985
243,2460972.670544,294.1299263,8.1048703,2,18.14620018005371,0.07358399778604507,60972.17054399988
244,2460972.6493981,294.1299693,8.1049243,2,18.04290008544922,0.09576400369405746,60972.1493981001
248,2460969.6277083,294.1299369,8.1049025,2,18.14419937133789,0.059716999530792236,60969.12770830002
249,2460969.6272338,294.1299731,8.1049075,2,18.20639991760254,0.08245799690485,60969.12723380001
252,2460967.6292245,294.129956,8.1048818,2,18.07509994506836,0.0755229964852333,60967.12922450015
254,2460967.6287616,294.1299627,8.1048925,2,18.188600540161133,0.08574099838733673,60967.12876159977
258,2460965.6406944,294.1299358,8.1049159,2,18.32550048828125,0.08872400224208832,60965.14069439983
259,2460965.6081829,294.1299492,8.1049064,2,18.32939910888672,0.07554499804973602,60965.10818290012
262,2460960.6500694,294.1299823,8.1048809,2,18.376699447631836,0.06363800168037415,60960.1500694002
263,2460956.6852546,294.1299697,8.1048643,2,18.233400344848633,0.09794300049543381,60956.1852545999
264,2460956.6496759,294.1299506,8.1048917,2,18.28030014038086,0.08174099773168564,60956.14967590012
269,2460954.6288079,294.1299658,8.1048663,2,18.443199157714844,0.11144199967384338,60954.12880790001
270,2460954.6185069,294.1299527,8.10492,2,18.384899139404297,0.09365999698638916,60954.118506900035
271,2460952.6808102,294.1299977,8.1048314,2,18.314899444580078,0.10416600108146667,60952.18081020005
275,2460950.689919,294.1299678,8.1049012,2,18.415300369262695,0.11308100074529648,60950.189919000026
278,2460948.7048727,294.1299573,8.1048675,2,18.36989974975586,0.06142599880695343,60948.20487269992
279,2460948.6696528,294.1299729,8.1048874,2,18.50819969177246,0.08720000088214874,60948.169652800076
280,2460943.7811227,294.1299427,8.1049515,2,18.385400772094727,0.06995700299739838,60943.281122699846
286,2460941.7036458,294.1299773,8.1048997,2,18.42300033569336,0.08462099730968475,60941.203645799775
289,2460938.6979051,294.1299878,8.1048877,2,18.50079917907715,0.06621900200843811,60938.19790509995
290,2460938.6979051,294.1299878,8.1048877,2,18.50079917907715,0.06621900200843811,60938.19790509995
291,2460934.6935301,294.1299769,8.1049114,2,18.44729995727539,0.11448600143194199,60934.19353009993
294,2460932.7103819,294.1299856,8.1048972,2,18.325000762939453,0.08774600178003311,60932.21038189996
295,2460932.6955324,294.1299697,8.1049048,2,18.231199264526367,0.06627800315618515,60932.19553240016
298,2460929.7490509,294.1299617,8.1049025,2,18.16299057006836,0.08674057573080063,60929.249050899874
299,2460929.7490509,294.1299617,8.1049025,2,18.163000106811523,0.08674100041389465,60929.249050899874
301,2460928.7280671,294.1299828,8.1048828,2,18.290300369262695,0.11839299649000168,60928.22806710005
304,2460927.7113657,294.1299605,8.1048986,2,18.140600204467773,0.060545001178979874,60927.21136569977
305,2460927.7113657,294.1299605,8.1048986,2,18.140600204467773,0.060545001178979874,60927.21136569977
310,2460924.7041204,294.1299754,8.1048734,2,18.063400268554688,0.08261100202798843,60924.204120399896
311,2460923.7525463,294.1299604,8.104893,2,17.951099395751953,0.08997199684381485,60923.25254630018
314,2460922.7179861,294.1299831,8.1048997,2,18.104900360107422,0.07797200232744217,60922.21798609989
317,2460920.7199074,294.1299837,8.1049164,2,17.909000396728516,0.06406600028276443,60920.2199074002
319,2460918.7164583,294.1299918,8.1049076,2,18.056499481201172,0.06642899662256241,60918.21645830013
320,2460917.7607986,294.129989,8.1049414,1,20.31089973449707,0.2056179940700531,60917.26079860004
321,2460917.7607986,294.129989,8.1049414,1,20.31089973449707,0.2056179940700531,60917.26079860004
322,2460916.7475231,294.1299711,8.1048778,2,17.975400924682617,0.06970799714326859,60916.247523100115
324,2460914.6723727,294.1299625,8.1049018,1,20.27120018005371,0.22470299899578094,60914.17237270018
325,2460910.7596528,294.1299663,8.1048927,2,17.958200454711914,0.08157700300216675,60910.25965279993
326,2460910.7377778,294.1300392,8.104927,1,20.215599060058594,0.21479099988937378,60910.23777779983
328,2460908.7327894,294.1299889,8.1048994,2,17.980899810791016,0.05178999900817871,60908.232789400034
330,2460903.796713,294.129988,8.1049157,2,18.059904098510742,0.08760222792625427,60903.29671300016
331,2460903.796713,294.129988,8.1049157,2,18.059900283813477,0.08760199695825577,60903.29671300016
332,2460903.715081,294.1300478,8.1048836,1,20.295799255371094,0.23043400049209595,60903.21508099977
333,2460903.715081,294.1300478,8.1048836,1,20.295799255371094,0.23043400049209595,60903.21508099977
335,2460901.788125,294.1299769,8.1049213,1,20.083900451660156,0.26593899726867676,60901.28812499996
336,2460901.788125,294.1299769,8.1049213,1,20.083900451660156,0.26593899726867676,60901.28812499996
337,2460901.6716204,294.1300071,8.1049113,2,17.88360023498535,0.06278300285339355,60901.17162040016
338,2460901.6716204,294.1300071,8.1049113,2,17.88360023498535,0.06278300285339355,60901.17162040016
339,2460899.7512847,294.1299669,8.1049036,2,17.875043869018555,0.06993816792964935,60899.25128469989
340,2460899.7512847,294.1299669,8.1049036,2,17.875,0.06993799656629562,60899.25128469989
341,2460899.7167245,294.1299857,8.104899,2,17.97909927368164,0.06072799861431122,60899.21672450006
344,2460897.7347454,294.1299785,8.1048967,2,17.921213150024414,0.09811243414878845,60897.23474540003
345,2460897.7347454,294.1299785,8.1048967,2,17.921199798583984,0.09811200201511383,60897.23474540003
346,2460897.7347454,294.1299785,8.1048967,2,17.921199798583984,0.09811200201511383,60897.23474540003
347,2460897.7342708,294.1299947,8.10491,2,17.9419002532959,0.0844929963350296,60897.234270799905
350,2460895.7433796,294.1299678,8.1049004,2,17.846187591552734,0.0869564563035965,60895.24337959988
351,2460895.7433796,294.1299678,8.1049004,2,17.846200942993164,0.08695600181818008,60895.24337959988
355,2460892.781331,294.1299747,8.1049141,2,17.9864444732666,0.08058550953865051,60892.28133099992
356,2460892.781331,294.1299747,8.1049141,2,17.986400604248047,0.08058600127696991,60892.28133099992
357,2460892.7808565,294.1299531,8.1049029,2,17.913442611694336,0.052092235535383224,60892.280856499914
358,2460892.7808565,294.1299531,8.1049029,2,17.913400650024414,0.05209200084209442,60892.280856499914
359,2460890.8750463,294.129968,8.1048867,2,17.974700927734375,0.06864000111818314,60890.37504629977
360,2460890.8648727,294.1299611,8.1049015,2,17.94230079650879,0.06740400195121765,60890.36487270007
364,2460888.8097685,294.1299607,8.1049137,2,18.059999465942383,0.06561499834060669,60888.30976849981
365,2460888.8097685,294.1299607,8.1049137,2,18.059999465942383,0.06561499834060669,60888.30976849981
366,2460888.8097685,294.1299607,8.1049137,2,18.059999465942383,0.06561499834060669,60888.30976849981
368,2460886.8005903,294.1299924,8.1049235,2,18.104799270629883,0.06100200116634369,60886.3005903
374,2460880.8393981,294.1299619,8.1049153,2,18.159757614135742,0.07834763079881668,60880.33939810004
375,2460880.8393981,294.1299619,8.1049153,2,18.159799575805664,0.07834800332784653,60880.33939810004
377,2460880.7656597,294.1299811,8.1048934,2,18.12190055847168,0.05332700163125992,60880.26565970015
378,2460880.7656597,294.1299811,8.1048934,2,18.12190055847168,0.05332700163125992,60880.26565970015
381,2460878.7970255,294.1299747,8.1049142,2,18.245100021362305,0.06021299958229065,60878.297025499865
384,2460876.7776389,294.1299841,8.1048958,2,18.30120086669922,0.05085400119423866,60876.277638900094
385,2460873.8094792,294.1299779,8.1048774,2,18.185100555419922,0.07468300312757492,60873.309479199816
387,2460871.8013426,294.1299758,8.1048765,2,18.152999877929688,0.09375700354576111,60871.301342600025
388,2460871.8008681,294.1299997,8.1049231,2,18.157100677490234,0.1131419986486435,60871.30086810002
392,2460869.7992824,294.1299651,8.1048814,2,18.170637130737305,0.06695675849914551,60869.29928239994
393,2460869.7992824,294.1299651,8.1048814,2,18.17060089111328,0.06695699691772461,60869.29928239994
397,2460867.8169907,294.1299808,8.1048794,2,18.146650314331055,0.07643138617277145,60867.316990700085
398,2460867.8169907,294.1299808,8.1048794,2,18.146699905395508,0.07643099874258041,60867.316990700085
399,2460867.7944444,294.1299966,8.1049267,2,18.147300720214844,0.10533999651670456,60867.294444399886
403,2460865.8187037,294.129974,8.1048921,2,18.298599243164062,0.09803400188684464,60865.31870369986
404,2460863.82625,294.1300082,8.1048988,2,18.250200271606445,0.08038900047540665,60863.326249999925
409,2460859.8090509,294.1299903,8.1048728,2,18.205799102783203,0.06706999987363815,60859.30905089993
415,2460855.8372338,294.13,8.1048951,2,17.98259925842285,0.06494700163602829,60855.337233799975
417,2460854.8587037,294.1299723,8.1049194,2,18.042299270629883,0.06057700142264366,60854.358703699894
418,2460853.8999653,294.1299843,8.1048864,2,18.135074615478516,0.0588364414870739,60853.399965300225
421,2460851.8767593,294.1299903,8.104916,2,18.076648712158203,0.05855517461895943,60851.37675930001
422,2460851.8767593,294.1299898,8.1049165,2,18.066699981689453,0.05768800154328346,60851.37675930001
423,2460851.839456,294.1299774,8.1048862,2,18.07670021057129,0.06105799973011017,60851.3394559999
424,2460851.839456,294.1299772,8.1048866,2,18.080400466918945,0.06089400127530098,60851.3394559999
427,2460848.7956713,294.1300112,8.1048957,2,17.884000778198242,0.05939599871635437,60848.29567130003
429,2460847.8216782,294.130013,8.1048972,2,17.977130889892578,0.061305850744247437,60847.321678199805
433,2460843.9202778,294.1299779,8.1048949,2,18.023700714111328,0.0757170021533966,60843.420277799945
434,2460843.8974074,294.1299678,8.1049009,2,17.850000381469727,0.05589300021529198,60843.397407399956
438,2460841.8739931,294.1299774,8.1048977,2,18.017000198364258,0.06907299906015396,60841.37399310013
442,2460839.888831,294.1299762,8.1048749,2,17.99079704284668,0.08495793491601944,60839.388830999844
446,2460836.9153241,294.1299823,8.1048917,2,17.874900817871094,0.06843599677085876,60836.41532409983
448,2460834.9417477,294.12997,8.1049131,2,17.930200576782227,0.057507000863552094,60834.441747699864
454,2460826.8841782,294.1299894,8.1048994,2,17.837900161743164,0.06318400055170059,60826.384178199805
455,2460826.8837153,294.1299667,8.1049394,2,17.781099319458008,0.06936399638652802,60826.38371529989
456,2460826.8837153,294.1299667,8.1049394,2,17.781099319458008,0.06936399638652802,60826.38371529989
457,2460823.8200463,294.1300315,8.1048462,1,20.306400299072266,0.21747300028800964,60823.32004630007
458,2460823.8200463,294.1300315,8.1048462,1,20.306400299072266,0.21747300028800964,60823.32004630007
459,2460821.8589931,294.1299947,8.1049021,2,17.866100311279297,0.07124000042676926,60821.3589931
460,2460821.8585185,294.1299934,8.1049061,2,17.890499114990234,0.06931000202894211,60821.35851849988
466,2460817.9181597,294.1299622,8.1049071,2,17.99850082397461,0.07086800038814545,60817.4181597
467,2460817.8982755,294.1300012,8.1049125,2,18.077499389648438,0.051190998405218124,60817.39827550016
468,2460817.8982755,294.1300012,8.1049125,2,18.077499389648438,0.051190998405218124,60817.39827550016
473,2460814.9194329,294.1299856,8.1049021,2,18.002599716186523,0.09471999853849411,60814.419432899915
475,2460811.8994213,294.1299949,8.1049157,2,18.1387996673584,0.07377800345420837,60811.39942129981
477,2460807.8979167,294.1299736,8.1048816,2,18.05229949951172,0.09010100364685059,60807.397916700225
480,2460805.922581,294.1299741,8.1048934,2,18.31130027770996,0.0857589989900589,60805.42258099979
481,2460803.0003356,294.13,8.1048971,2,18.32110023498535,0.10104099661111832,60802.50033560023
482,2460802.9826736,294.1299728,8.1048989,2,18.294099807739258,0.07357099652290344,60802.48267359985
485,2460797.9369329,294.1300052,8.1048975,2,18.56279945373535,0.07619599997997284,60797.43693289999
488,2460795.9211111,294.1300091,8.1049084,2,18.4424991607666,0.06999199837446213,60795.42111109989
490,2460789.9288542,294.1300359,8.1049089,2,18.400400161743164,0.10224200040102005,60789.42885420006
491,2460789.9283796,294.1300348,8.1048756,2,18.39780044555664,0.06755699962377548,60789.428379599936
492,2460787.9814583,294.1300018,8.1049327,2,18.36669921875,0.1018190011382103,60787.48145829979
495,2460786.9436343,294.1299996,8.1049107,2,18.536500930786133,0.1109749972820282,60786.44363430003
498,2460776.954537,294.1300204,8.1048746,2,18.506399154663086,0.12846699357032776,60776.45453700004
500,2460775.9581597,294.1299822,8.1048844,2,18.37649917602539,0.10459300130605698,60775.458159700036
501,2460775.9581597,294.1299822,8.1048844,2,18.37649917602539,0.10459300130605698,60775.458159700036
502,2460775.0152662,294.1300129,8.1048987,2,18.635499954223633,0.09338100254535675,60774.51526620006
506,2460771.9760648,294.1300391,8.1049054,2,18.36829948425293,0.07599300146102905,60771.47606479982
509,2460761.9713773,294.1299975,8.1049137,2,17.99139976501465,0.25139299035072327,60761.4713773001
511,2460759.0142361,294.1299863,8.1049144,2,18.25480079650879,0.0927010029554367,60758.51423610002
512,2460759.0044097,294.1299894,8.1048621,2,18.14389991760254,0.06903199851512909,60758.50440970017
515,2460757.0130093,294.1300078,8.1048966,2,18.083799362182617,0.06123799830675125,60756.51300929999
516,2460756.0348843,294.1300229,8.1049118,2,18.133899688720703,0.0731630027294159,60755.53488430008
525,2460739.9940972,294.1299373,8.1049499,2,17.960500717163086,0.23289400339126587,60739.49409720022
526,2460731.049375,294.1300092,8.1048893,2,18.241199493408203,0.08049599826335907,60730.549374999944
527,2460731.0436458,294.1300123,8.1049081,2,18.35759925842285,0.07361800223588943,60730.54364580009
528,2460731.0407523,294.1300346,8.1048514,2,18.27280044555664,0.10953599959611893,60730.54075230006
529,2460730.054919,294.1300309,8.104899,2,18.28860092163086,0.1251620054244995,60729.554918999784
530,2460730.0438426,294.1300715,8.1048843,2,18.210100173950195,0.09008199721574783,60729.54384260019
532,2460729.0454282,294.1300326,8.1048836,2,18.22170066833496,0.11264099925756454,60728.54542820016
544,2460722.0492361,294.1299934,8.1048089,2,18.061599731445312,0.1742440015077591,60721.54923610017
546,2460706.072662,294.1300513,8.1048311,2,18.41119956970215,0.23463299870491028,60705.57266200008
547,2460706.0721875,294.1301875,8.1047886,2,18.238500595092773,0.174577996134758,60705.572187500075
548,2460643.6108912,294.1299567,8.1048349,2,18.51468276977539,0.11562196910381317,60643.11089120014
552,2460636.6085301,294.129947,8.1048693,2,18.52560043334961,0.0737060010433197,60636.10853009997
553,2460636.6075926,294.1299725,8.1048667,2,18.565900802612305,0.10961999744176865,60636.10759259993
558,2460629.6078935,294.1299409,8.104874,2,18.46540069580078,0.0942860022187233,60629.10789350001
559,2460629.607419,294.1299764,8.1049125,2,18.347000122070312,0.12357500195503235,60629.10741900001
561,2460627.5838542,294.1299798,8.1048887,2,18.440399169921875,0.09728699922561646,60627.08385419985
562,2460625.6104514,294.1299452,8.1048891,2,18.353599548339844,0.09655100107192993,60625.110451399814
563,2460625.6080903,294.1299557,8.1049122,2,18.421300888061523,0.08662799745798111,60625.10809030011
565,2460623.6417593,294.129952,8.1048853,2,18.27400016784668,0.08327899873256683,60623.14175930014
566,2460623.6412847,294.1299558,8.1048851,2,18.313199996948242,0.07649199664592743,60623.14128470002
572,2460619.6353241,294.1299595,8.1048893,2,18.1924991607666,0.0888959988951683,60619.13532410003
575,2460619.5948148,294.1299616,8.1049052,2,18.256999969482422,0.13938100636005402,60619.09481480019
576,2460614.5970255,294.1299577,8.1049136,2,18.260000228881836,0.07551000267267227,60614.097025500145
577,2460610.649375,294.1299608,8.1048914,2,18.165199279785156,0.08639699965715408,60610.14937500004
580,2460608.6503009,294.1299923,8.1048913,2,18.170900344848633,0.06202699989080429,60608.150300899986
581,2460608.6493519,294.1299312,8.1049083,2,18.135700225830078,0.08568499982357025,60608.14935189998
583,2460606.6494907,294.1299662,8.1048896,2,18.2716007232666,0.07111000269651413,60606.1494907001
584,2460606.6301042,294.1299352,8.1049137,2,18.10409927368164,0.07074800133705139,60606.13010419998
587,2460604.6930787,294.1299385,8.104906,2,18.133800506591797,0.06804999709129333,60604.19307869999
588,2460604.6717361,294.1299476,8.1048715,2,18.131799697875977,0.07213599979877472,60604.17173610022
593,2460602.6959028,294.1299592,8.1048503,2,18.156400680541992,0.08753400295972824,60602.19590280019
595,2460599.6446065,294.12996,8.1048795,2,18.24720001220703,0.08965899795293808,60599.14460649993
596,2460597.723831,294.1299269,8.1048695,2,18.125900268554688,0.07878299802541733,60597.22383099981
597,2460597.7194213,294.1299501,8.1048932,2,18.226999282836914,0.08435499668121338,60597.219421300106
601,2460595.7038773,294.1299062,8.1048631,2,18.054800033569336,0.06928600370883942,60595.203877300024
602,2460595.6697801,294.1299377,8.1048611,2,18.040700912475586,0.08248700201511383,60595.16978010023
606,2460593.6818056,294.1299399,8.1048978,2,18.11039924621582,0.05928000062704086,60593.18180559995
607,2460593.6654861,294.1299519,8.1048957,2,18.094499588012695,0.11439500004053116,60593.16548610013
610,2460591.646169,294.1299529,8.1049164,2,18.211700439453125,0.07012899965047836,60591.14616899984
611,2460591.6456944,294.1299548,8.1049013,2,18.111099243164062,0.07552199810743332,60591.145694400184
614,2460579.7339468,294.1299036,8.1048723,2,18.246599197387695,0.08400800079107285,60579.23394680023
615,2460579.7330093,294.1299586,8.1048911,2,18.24049949645996,0.09604000300168991,60579.233009300195
618,2460571.7157755,294.1299321,8.1049073,2,18.313207626342773,0.09694354981184006,60571.21577550005
619,2460571.7157755,294.1299321,8.1049073,2,18.313199996948242,0.09694399684667587,60571.21577550005
620,2460571.6922222,294.1299971,8.1048854,2,18.327600479125977,0.09006000310182571,60571.19222219987
621,2460568.8039005,294.1299366,8.1049266,2,18.289499282836914,0.12416700273752213,60568.30390049983
622,2460568.8039005,294.1299376,8.104926,2,18.285900115966797,0.12395799905061722,60568.30390049983
623,2460568.8034259,294.1299273,8.1048641,2,18.312299728393555,0.10384000092744827,60568.30342590017
624,2460568.8034259,294.129928,8.104864,2,18.321300506591797,0.10491599887609482,60568.30342590017
630,2460566.7139352,294.1299691,8.1048976,2,18.342300415039062,0.09973300248384476,60566.213935200125
635,2460559.7169329,294.1299944,8.1049115,2,18.6387996673584,0.08487000316381454,60559.216932899784
638,2460557.7351042,294.1300501,8.1048922,2,18.860700607299805,0.13139300048351288,60557.235104199965
640,2460555.7246065,294.1299419,8.1049229,2,18.58880043029785,0.16034899652004242,60555.22460650001
642,2460554.6922917,294.129948,8.1048525,2,18.491300582885742,0.10442499816417694,60554.192291699816
643,2460553.7577315,294.1299362,8.1048652,2,18.702499389648438,0.10477899760007858,60553.25773150008
645,2460552.8325579,294.1299366,8.104865,2,18.593599319458008,0.10452499985694885,60552.33255789988
648,2460551.7469792,294.1299851,8.1048948,2,18.73069953918457,0.1257379949092865,60551.246979199816
651,2460549.7262153,294.1299872,8.1048904,2,18.61680030822754,0.07240399718284607,60549.22621530015
652,2460548.8309606,294.1299362,8.1048702,2,18.60110092163086,0.09279700368642807,60548.33096060017
654,2460547.7351389,294.1299689,8.1048758,2,18.688100814819336,0.08503200113773346,60547.23513890011
656,2460546.730625,294.1299559,8.1048587,2,18.529300689697266,0.0909150019288063,60546.23062499985
657,2460545.758912,294.1300229,8.1048915,2,18.574100494384766,0.1189349964261055,60545.258911999874
662,2460540.7520023,294.1299592,8.1049086,2,18.438600540161133,0.08095800131559372,60540.25200230023
663,2460540.7520023,294.1299592,8.1049086,2,18.438600540161133,0.08095800131559372,60540.25200230023
664,2460539.8116319,294.1299869,8.1048978,2,18.484800338745117,0.13287000358104706,60539.31163189979
665,2460539.793912,294.1299415,8.1048793,2,18.675399780273438,0.12143000215291977,60539.29391200002
668,2460537.797662,294.1299639,8.1049002,2,18.538373947143555,0.10864756256341934,60537.29766200017
669,2460537.797662,294.1299639,8.1049002,2,18.538400650024414,0.10864800214767456,60537.29766200017
672,2460535.767963,294.1299714,8.1048919,2,18.5667781829834,0.07884793728590012,60535.26796300011
673,2460535.767963,294.1299714,8.1048919,2,18.56679916381836,0.07884799689054489,60535.26796300011
674,2460535.7674884,294.1299738,8.1048834,2,18.420299530029297,0.07463499903678894,60535.267488399986
675,2460535.7674884,294.1299738,8.1048834,2,18.420299530029297,0.07463499903678894,60535.267488399986
679,2460528.777662,294.1299593,8.104869,2,18.439016342163086,0.07326817512512207,60528.27766200015
680,2460528.777662,294.1299593,8.104869,2,18.43899917602539,0.07326799631118774,60528.27766200015
683,2460526.7907986,294.1299607,8.1049138,2,18.58989906311035,0.08895000070333481,60526.29079859983
684,2460526.7907986,294.1299607,8.1049138,2,18.58989906311035,0.08895000070333481,60526.29079859983
685,2460524.8803009,294.1299319,8.1048877,2,18.655899047851562,0.10590299963951111,60524.38030089997
688,2460521.7956019,294.12995,8.1049156,2,18.590700149536133,0.09198600053787231,60521.2956019002
689,2460519.8523611,294.1300524,8.1048709,2,18.781099319458008,0.13766999542713165,60519.352361099795
690,2460519.8523611,294.1300524,8.1048709,2,18.781099319458008,0.13766999542713165,60519.352361099795
693,2460517.7746412,294.1299511,8.1048858,2,18.510900497436523,0.09159599989652634,60517.27464119997
694,2460516.8747222,294.1299571,8.1048834,2,18.56920051574707,0.122250996530056,60516.37472219998
696,2460515.8648148,294.1298994,8.1049246,2,18.73780059814453,0.12484599649906158,60515.36481480021
699,2460514.8352662,294.1300254,8.1048954,2,18.760299682617188,0.12896999716758728,60514.335266199894
700,2460513.8145949,294.1299406,8.1049144,2,18.60479164123535,0.1364506632089615,60513.31459489977
701,2460513.8145949,294.1299406,8.1049144,2,18.604799270629883,0.13645100593566895,60513.31459489977
704,2460512.8154398,294.1299929,8.1049232,2,18.66790008544922,0.15118899941444397,60512.3154397998
707,2460510.7839931,294.1299493,8.1049026,2,18.666000366210938,0.09456700086593628,60510.283993099816
709,2460509.7944213,294.1299553,8.1048953,2,18.5408992767334,0.1091499999165535,60509.294421299826
710,2460508.8058218,294.1299837,8.104866,2,18.402585983276367,0.09874946624040604,60508.30582180014
711,2460508.8058218,294.1299837,8.104866,2,18.402599334716797,0.09874899685382843,60508.30582180014
713,2460505.8792245,294.1299494,8.1048591,2,18.77090072631836,0.1130789965391159,60505.37922450015
715,2460503.8800116,294.1299676,8.1049096,2,18.629199981689453,0.11130400002002716,60503.38001159998
719,2460501.8359722,294.1299664,8.1049157,2,18.59469985961914,0.08785499632358551,60501.33597220015
721,2460499.8180556,294.1300012,8.1048872,2,18.810800552368164,0.10409799963235855,60499.31805559993
722,2460497.8226042,294.1299528,8.1049011,2,18.606399536132812,0.09080000221729279,60497.32260419987
723,2460497.8221296,294.1299709,8.1048689,2,18.576400756835938,0.0906900018453598,60497.322129600216
724,2460497.8216667,294.1299889,8.1048825,2,18.472299575805664,0.07910100370645523,60497.321666699834
725,2460497.8211921,294.1299556,8.1049037,2,18.620800018310547,0.08662799745798111,60497.32119210018
726,2460497.8207176,294.1299652,8.1048856,2,18.53860092163086,0.09413699805736542,60497.320717600174
727,2460497.8202546,294.1299481,8.1048819,2,18.551599502563477,0.09625899791717529,60497.32025460014
728,2460497.8197801,294.1299489,8.1049006,2,18.687599182128906,0.07808899879455566,60497.31978010014
730,2460497.8193056,294.1299773,8.1049053,2,18.55270004272461,0.07499600201845169,60497.31930560013
731,2460497.818831,294.1299644,8.1048823,2,18.583999633789062,0.09991800040006638,60497.31883100001
732,2460497.8183681,294.129964,8.1049303,2,18.58919906616211,0.07402200251817703,60497.318368100096
733,2460497.8178935,294.129965,8.1049057,2,18.58799934387207,0.08257000148296356,60497.317893499974
734,2460497.8174306,294.1299864,8.1048748,2,18.533899307250977,0.09515800327062607,60497.31743060006
735,2460497.816956,294.1299663,8.1048683,2,18.580400466918945,0.08693599700927734,60497.31695599994
736,2460497.8164815,294.1299622,8.1049404,2,18.567399978637695,0.0826139971613884,60497.31648149993
737,2460497.8160185,294.1299852,8.10488,2,18.586299896240234,0.09113699942827225,60497.3160184999
738,2460497.815544,294.1299861,8.1048822,2,18.51300048828125,0.10358300060033798,60497.315543999895
739,2460497.815081,294.1299857,8.1048857,2,18.561500549316406,0.08542799949645996,60497.31508099986
740,2460497.8146065,294.1299875,8.104911,2,18.51180076599121,0.07165899872779846,60497.31460649986
741,2460497.8141319,294.1299683,8.104911,2,18.55500030517578,0.07734700292348862,60497.3141319002
742,2460497.8136574,294.1299619,8.1048957,2,18.569599151611328,0.07462199777364731,60497.3136574002
743,2460497.8131944,294.129992,8.1048647,2,18.59280014038086,0.08879200369119644,60497.313194400165
744,2460497.8127199,294.1299716,8.1049139,2,18.54400062561035,0.0890209972858429,60497.31271990016
745,2460497.8122454,294.1299516,8.1048626,2,18.544599533081055,0.08292300254106522,60497.31224540016
746,2460497.8117708,294.1299715,8.104917,2,18.504600524902344,0.11525899916887283,60497.311770800035
747,2460497.8113079,294.1300076,8.1048682,2,18.574499130249023,0.08779899775981903,60497.31130790012
748,2460497.8108333,294.1299768,8.1049215,2,18.56369972229004,0.08804400265216827,60497.3108333
749,2460497.8103588,294.1299688,8.104884,2,18.555299758911133,0.07910200208425522,60497.310358799994
750,2460497.8098843,294.1299848,8.1048647,2,18.490999221801758,0.07834699749946594,60497.30988429999
751,2460497.8094097,294.1299754,8.104854,2,18.568700790405273,0.08835499733686447,60497.30940969987
752,2460497.8089468,294.1299875,8.1048306,2,18.557600021362305,0.08753500133752823,60497.30894679995
753,2460497.8084722,294.1299856,8.10489,2,18.568199157714844,0.1116499975323677,60497.30847219983
754,2460497.8080093,294.1299488,8.1049182,2,18.620800018310547,0.08423899859189987,60497.308009299915
755,2460497.8075347,294.1299571,8.1049043,2,18.51569938659668,0.08215600252151489,60497.307534699794
756,2460497.8070602,294.1299763,8.1048823,2,18.55139923095703,0.09805099666118622,60497.30706019979
757,2460497.8065972,294.1299803,8.1048742,2,18.606000900268555,0.08722999691963196,60497.30659720022
758,2460497.8061227,294.1299784,8.1049213,2,18.57539939880371,0.08488000184297562,60497.30612270022
759,2460497.8056481,294.1300033,8.1048438,2,18.600099563598633,0.12244199961423874,60497.3056481001
760,2460497.8051852,294.1299618,8.104904,2,18.545299530029297,0.0878940001130104,60497.30518520018
761,2460497.8047106,294.129966,8.1048827,2,18.593000411987305,0.08657799661159515,60497.30471060006
762,2460497.8042361,294.129986,8.1048798,2,18.540000915527344,0.08162400126457214,60497.304236100055
763,2460497.8037731,294.1299811,8.1049014,2,18.63129997253418,0.09335900098085403,60497.30377310002
764,2460497.8032986,294.1299732,8.1048535,2,18.546100616455078,0.08006100356578827,60497.30329860002
765,2460497.8028241,294.1299953,8.1048567,2,18.56999969482422,0.09160500019788742,60497.302824100014
766,2460497.8023495,294.1299741,8.1049053,2,18.46310043334961,0.09180799871683121,60497.30234949989
767,2460497.8018866,294.1299843,8.1048778,2,18.57819938659668,0.08427800238132477,60497.30188659998
768,2460497.801412,294.1299598,8.1048951,2,18.613500595092773,0.07888100296258926,60497.301411999855
769,2460497.8009375,294.1299744,8.1048869,2,18.524099349975586,0.06722600013017654,60497.30093749985
770,2460497.8004745,294.1299787,8.1048787,2,18.51020050048828,0.06982000172138214,60497.30047449982
771,2460497.8,294.1299623,8.104895,2,18.55660057067871,0.07506900280714035,60497.299999999814
772,2460497.7995255,294.1299911,8.1049104,2,18.627599716186523,0.07601100206375122,60497.29952549981
773,2460497.7990625,294.1299882,8.1048847,2,18.485700607299805,0.08596500009298325,60497.29906249978
774,2460497.798588,294.1300097,8.104879,2,18.631999969482422,0.08943700045347214,60497.29858799977
775,2460497.7981134,294.1299889,8.1048855,2,18.58609962463379,0.0971900001168251,60497.29811340012
776,2460497.7976389,294.1299819,8.1048669,2,18.54159927368164,0.0813940018415451,60497.29763890011
777,2460497.7971644,294.1299802,8.1048807,2,18.513900756835938,0.095490001142025,60497.29716440011
778,2460497.7967014,294.1299839,8.1048691,2,18.596900939941406,0.07874400168657303,60497.296701400075
779,2460497.7962269,294.130004,8.1049039,2,18.583799362182617,0.09339600056409836,60497.29622690007
780,2460497.7957523,294.1299927,8.1048825,2,18.59869956970215,0.10083100199699402,60497.29575229995
781,2460497.7952894,294.1299794,8.1049124,2,18.617700576782227,0.07811599969863892,60497.295289400034
782,2460497.7948148,294.129989,8.1048828,2,18.58690071105957,0.10230399668216705,60497.29481479991
783,2460497.7943519,294.1299748,8.1048875,2,18.58679962158203,0.08671600371599197,60497.2943519
784,2460497.7938773,294.1299766,8.1048618,2,18.53619956970215,0.07415200024843216,60497.293877299875
785,2460497.7934028,294.1299528,8.1049266,2,18.54330062866211,0.08580300211906433,60497.29340279987
787,2460497.7929398,294.1299802,8.1048762,2,18.59119987487793,0.093811996281147,60497.29293979984
788,2460497.7924653,294.1299745,8.1048951,2,18.61009979248047,0.08431100100278854,60497.29246529983
789,2460497.7919907,294.1300019,8.1048987,2,18.580699920654297,0.08796700090169907,60497.29199070018
790,2460497.7915162,294.1299834,8.1048736,2,18.553800582885742,0.08217699825763702,60497.291516200174
791,2460497.7910532,294.1299884,8.1049004,2,18.513900756835938,0.07180800288915634,60497.29105320014
792,2460497.7905787,294.1299826,8.104872,2,18.609500885009766,0.09186399728059769,60497.29057870014
793,2460497.7901157,294.1300146,8.1048683,2,18.510099411010742,0.10711299628019333,60497.2901157001
795,2460497.7896412,294.1299959,8.1049098,2,18.581499099731445,0.11286800354719162,60497.2896412001
796,2460497.7891667,294.1299993,8.1048817,2,18.61079978942871,0.08867699652910233,60497.289166700095
797,2460497.7887037,294.1299693,8.1049144,2,18.601299285888672,0.07915499806404114,60497.28870370006
798,2460497.7882292,294.1299563,8.1048862,2,18.565000534057617,0.07702499628067017,60497.28822920006
799,2460497.7877546,294.1300041,8.1048917,2,18.56399917602539,0.0749410018324852,60497.287754599936
800,2460497.7872917,294.1299919,8.1048928,2,18.58209991455078,0.07775399833917618,60497.28729170002
801,2460497.7868171,294.1299958,8.1048574,2,18.53339958190918,0.08066099882125854,60497.2868170999
802,2460497.7863426,294.129957,8.1048799,2,18.486299514770508,0.08387599885463715,60497.286342599895
803,2460497.7858796,294.1299953,8.1048747,2,18.580799102783203,0.08064199984073639,60497.28587959986
804,2460497.7854051,294.1299961,8.1049056,2,18.513700485229492,0.1086679995059967,60497.28540509986
805,2460497.7849306,294.1300027,8.104853,2,18.500499725341797,0.08717899769544601,60497.28493059985
806,2460497.7844676,294.1300113,8.1048721,2,18.503000259399414,0.09259700030088425,60497.28446759982
807,2460497.7839931,294.129995,8.104908,2,18.639699935913086,0.100491002202034,60497.283993099816
808,2460497.7835185,294.1299786,8.104931,2,18.532899856567383,0.09614700078964233,60497.28351850016
809,2460497.7830556,294.1299655,8.1048782,2,18.52739906311035,0.08538799732923508,60497.28305559978
810,2460497.782581,294.1299714,8.1048691,2,18.570100784301758,0.09245199710130692,60497.28258100012
811,2460497.7821065,294.1299838,8.1048808,2,18.535400390625,0.09728299826383591,60497.28210650012
812,2460497.7816319,294.1299787,8.1048929,2,18.479900360107422,0.08557900041341782,60497.2816319
813,2460497.781169,294.1299873,8.104875,2,18.61479949951172,0.09913499653339386,60497.28116900008
814,2460497.7806944,294.1300107,8.1048814,2,18.504100799560547,0.08523400127887726,60497.28069439996
815,2460497.7802199,294.1299791,8.1048928,2,18.557199478149414,0.08440999686717987,60497.280219899956
816,2460497.7797569,294.1299487,8.1048864,2,18.533700942993164,0.10697299987077713,60497.27975689992
817,2460497.7792824,294.1299886,8.1048487,2,18.539100646972656,0.09219399839639664,60497.27928239992
818,2460497.7788194,294.1299834,8.1048556,2,18.492799758911133,0.091669000685215,60497.278819399886
819,2460497.7783449,294.1299479,8.1048996,2,18.637399673461914,0.07511000335216522,60497.27834489988
820,2460497.7778704,294.1300103,8.1048589,2,18.585800170898438,0.08113499730825424,60497.27787039988
821,2460497.7774074,294.1299757,8.1048786,2,18.56909942626953,0.08668699860572815,60497.277407399844
822,2460497.7769329,294.1299846,8.104863,2,18.598499298095703,0.07678099721670151,60497.27693289984
823,2460497.7764583,294.1299837,8.1048839,2,18.551700592041016,0.08407899737358093,60497.276458300184
824,2460497.7759838,294.1299795,8.1049066,2,18.466400146484375,0.07884100079536438,60497.27598380018
825,2460497.7755093,294.1299441,8.1048999,2,18.59980010986328,0.10890000313520432,60497.275509300176
826,2460497.7750463,294.1299936,8.10486,2,18.574199676513672,0.08363799750804901,60497.27504630014
827,2460497.7745718,294.1299938,8.1048575,2,18.538999557495117,0.09928999841213226,60497.27457180014
828,2460497.7740972,294.129957,8.1048848,2,18.643299102783203,0.07914099842309952,60497.27409720002
829,2460497.7736343,294.1299427,8.1049208,2,18.63159942626953,0.07543600350618362,60497.2736343001
830,2460497.7731597,294.1300012,8.1049016,2,18.52739906311035,0.08007200062274933,60497.27315969998
831,2460497.7726852,294.1299912,8.1048871,2,18.5447998046875,0.07232599705457687,60497.272685199976
832,2460497.7722222,294.1299921,8.1048618,2,18.663299560546875,0.0913819968700409,60497.27222219994
833,2460497.7717477,294.1300013,8.1048797,2,18.613300323486328,0.0817829966545105,60497.27174769994
834,2460497.7712731,294.1300173,8.1048722,2,18.585100173950195,0.06939200311899185,60497.27127309982
835,2460497.7708102,294.1299759,8.1048766,2,18.577999114990234,0.08067700266838074,60497.2708101999
836,2460497.7703356,294.1299852,8.1048846,2,18.576900482177734,0.09580899775028229,60497.27033559978
838,2460497.7698611,294.1299973,8.1048905,2,18.50119972229004,0.09741199761629105,60497.269861099776
839,2460497.7693981,294.1300128,8.1048699,2,18.630599975585938,0.08350300043821335,60497.26939810021
840,2460497.7689236,294.1299907,8.1048746,2,18.496999740600586,0.0770220011472702,60497.268923600204
841,2460497.7684606,294.1299505,8.1048883,2,18.542299270629883,0.08267699927091599,60497.26846060017
842,2460497.7679861,294.1299794,8.104907,2,18.519899368286133,0.08199699968099594,60497.26798610017
843,2460497.7675116,294.1299623,8.1048993,2,18.523500442504883,0.10213200002908707,60497.26751160016
844,2460497.767037,294.1300135,8.1048652,2,18.547500610351562,0.08278500288724899,60497.26703700004
845,2460497.7665741,294.1299867,8.1048925,2,18.643299102783203,0.08804500102996826,60497.266574100126
846,2460497.7660995,294.1299986,8.1048784,2,18.54789924621582,0.08207199722528458,60497.266099500004
847,2460497.765625,294.130005,8.1048649,2,18.52680015563965,0.13957299292087555,60497.265625
848,2460497.7651505,294.1299774,8.1048886,2,18.528600692749023,0.08483000099658966,60497.265150499996
849,2460497.7646875,294.1299619,8.1048698,2,18.556400299072266,0.07433299720287323,60497.26468749996
850,2460497.764213,294.1300124,8.1048769,2,18.614299774169922,0.08439099788665771,60497.26421299996
851,2460497.76375,294.1299905,8.1048604,2,18.560300827026367,0.08246500045061111,60497.263749999925
852,2460497.7632755,294.1300041,8.1048887,2,18.573999404907227,0.08418300002813339,60497.26327549992
853,2460497.7628009,294.1299847,8.1048986,2,18.570100784301758,0.07319600135087967,60497.2628008998
854,2460497.762338,294.1299916,8.1048863,2,18.587400436401367,0.08441899716854095,60497.262337999884
855,2460497.7618634,294.1299994,8.1048587,2,18.55970001220703,0.08583799749612808,60497.26186340023
856,2460497.7614005,294.1299729,8.1048808,2,18.538299560546875,0.1004360020160675,60497.26140049985
857,2460497.7609259,294.1300005,8.104846,2,18.575599670410156,0.0872109979391098,60497.26092590019
858,2460497.7604514,294.1299925,8.1048803,2,18.601900100708008,0.07813700288534164,60497.26045140019
859,2460497.7599769,294.1300004,8.1049139,2,18.59939956665039,0.06671000272035599,60497.25997690018
860,2460497.7595139,294.1299779,8.1048665,2,18.550500869750977,0.07708899676799774,60497.25951390015
861,2460497.7590394,294.1299981,8.1048989,2,18.602100372314453,0.0786449983716011,60497.259039400145
862,2460497.7585648,294.1300139,8.1048866,2,18.578699111938477,0.07721400260925293,60497.258564800024
863,2460497.7581019,294.1299951,8.1048873,2,18.472000122070312,0.09359999746084213,60497.25810190011
864,2460497.7576273,294.1299705,8.1048815,2,18.694299697875977,0.10772299766540527,60497.25762729999
865,2460497.7571644,294.129999,8.1048688,2,18.464599609375,0.08318299800157547,60497.25716440007
866,2460497.7566898,294.1299914,8.1048991,2,18.55820083618164,0.09724800288677216,60497.25668979995
867,2460497.7562153,294.1299865,8.1048775,2,18.559200286865234,0.08425000309944153,60497.256215299945
869,2460497.7557407,294.1299873,8.1048747,2,18.596099853515625,0.07429700344800949,60497.255740699824
870,2460497.7552778,294.1299922,8.104875,2,18.533000946044922,0.08942899852991104,60497.25527779991
872,2460497.7548032,294.1299776,8.1048809,2,18.552799224853516,0.08432500064373016,60497.25480319979
873,2460497.7543287,294.1299661,8.1048561,2,18.560300827026367,0.06711900234222412,60497.25432869978
874,2460497.7538657,294.1300415,8.1048251,2,18.473600387573242,0.08215700089931488,60497.253865700215
875,2460497.7533912,294.1299881,8.104889,2,18.59670066833496,0.09667699784040451,60497.25339120021
876,2460497.7529167,294.1300016,8.1048798,2,18.593799591064453,0.09278099983930588,60497.25291670021
877,2460497.7524537,294.1299576,8.1048857,2,18.636999130249023,0.07677000015974045,60497.252453700174
878,2460497.7519792,294.1300099,8.1048977,2,18.645599365234375,0.09274200350046158,60497.25197920017
879,2460497.7515046,294.1300013,8.1048556,2,18.579500198364258,0.08455699682235718,60497.25150460005
880,2460497.7510417,294.1300045,8.1048959,2,18.566099166870117,0.07046899944543839,60497.25104170013
881,2460497.7505671,294.1299987,8.1048764,2,18.55150032043457,0.07412499934434891,60497.25056710001
882,2460497.7500926,294.1299996,8.1048599,2,18.60569953918457,0.08548600226640701,60497.25009260001
883,2460497.7496181,294.130009,8.104882,2,18.628799438476562,0.0779229998588562,60497.2496181
884,2460497.7491435,294.1299556,8.1049405,2,18.70680046081543,0.10787499696016312,60497.24914349988
886,2460497.748206,294.1299831,8.10487,2,18.67259979248047,0.0910710021853447,60497.248205999844
887,2460497.7477315,294.1299857,8.1048945,2,18.61090087890625,0.07954499870538712,60497.24773149984
888,2460497.7472685,294.1300184,8.1048855,2,18.52079963684082,0.09577900171279907,60497.24726849981
890,2460497.746794,294.1300103,8.1048685,2,18.546100616455078,0.07704299688339233,60497.2467939998
892,2460497.7463194,294.1299559,8.1048775,2,18.544599533081055,0.08225700259208679,60497.24631940015
893,2460497.7458565,294.1299722,8.1048987,2,18.594900131225586,0.08454500138759613,60497.24585650023
894,2460497.7453704,294.1299854,8.1048928,2,18.601299285888672,0.09043999761343002,60497.24537040014
895,2460497.7449074,294.1299966,8.1049146,2,18.593399047851562,0.09714800119400024,60497.244907400105
896,2460497.7444329,294.1299751,8.1048797,2,18.590700149536133,0.0960640013217926,60497.2444329001
897,2460497.7439583,294.1299865,8.104904,2,18.537799835205078,0.08308999985456467,60497.24395829998
898,2460497.7434954,294.1300009,8.1048512,2,18.577600479125977,0.09675399959087372,60497.243495400064
899,2460497.7430208,294.1299857,8.1048829,2,18.503400802612305,0.0812230035662651,60497.24302079994
900,2460497.7425463,294.1300061,8.1048726,2,18.530399322509766,0.08442199975252151,60497.24254629994
901,2460497.7420718,294.1299792,8.1048465,2,18.601499557495117,0.08950000256299973,60497.242071799934
902,2460497.7416088,294.1300069,8.1048843,2,18.520999908447266,0.088687002658844,60497.2416087999
903,2460497.7411343,294.1299611,8.1049151,2,18.57939910888672,0.10474299639463425,60497.2411342999
904,2460497.7406713,294.1300083,8.1048697,2,18.5310001373291,0.0919950008392334,60497.24067129986
905,2460497.7401968,294.1300136,8.1048646,2,18.571800231933594,0.09431499987840652,60497.24019679986
906,2460497.7397222,294.1299685,8.104908,2,18.54640007019043,0.08718600124120712,60497.239722200204
907,2460497.7392477,294.1299691,8.1048635,2,18.569799423217773,0.09115099906921387,60497.2392477002
908,2460497.7387847,294.1300246,8.1048488,2,18.559499740600586,0.07596699893474579,60497.23878470017
909,2460497.7383102,294.1299722,8.1048926,2,18.4512996673584,0.07175499945878983,60497.23831020016
910,2460497.7378356,294.1300068,8.104866,2,18.598499298095703,0.09301400184631348,60497.23783560004
911,2460497.7373727,294.1299881,8.1048755,2,18.587600708007812,0.08173900097608566,60497.237372700125
912,2460497.7368981,294.1299608,8.1049023,2,18.63640022277832,0.08966899663209915,60497.2368981
913,2460497.7364352,294.1299698,8.1048669,2,18.55069923400879,0.07657799869775772,60497.23643520009
914,2460497.7359606,294.1299786,8.1048852,2,18.51609992980957,0.09439200162887573,60497.235960599966
915,2460497.7354861,294.1299987,8.1049023,2,18.591299057006836,0.0935479998588562,60497.23548609996
916,2460497.7350116,294.1300248,8.1048892,2,18.596399307250977,0.10401599854230881,60497.23501159996
917,2460497.7345486,294.1299907,8.1048985,2,18.564300537109375,0.0901390016078949,60497.234548599925
918,2460497.7340741,294.1300009,8.104879,2,18.553499221801758,0.06518500298261642,60497.23407409992
919,2460497.7335995,294.1299765,8.1049167,2,18.608600616455078,0.086837999522686,60497.2335994998
921,2460497.7331366,294.1300206,8.1048673,2,18.526399612426758,0.08236200362443924,60497.23313659988
922,2460497.732662,294.129977,8.1048584,2,18.650800704956055,0.09971500188112259,60497.23266200023
923,2460497.7321875,294.1300148,8.1048398,2,18.547500610351562,0.10326000303030014,60497.23218750022
924,2460497.731713,294.1299694,8.1048968,2,18.563600540161133,0.0893929973244667,60497.23171300022
925,2460497.73125,294.1300062,8.1048521,2,18.574399948120117,0.07851000130176544,60497.231250000186
926,2460497.7307755,294.1299943,8.1048934,2,18.53860092163086,0.09192799776792526,60497.23077550018
927,2460497.7303009,294.1300127,8.1048608,2,18.510099411010742,0.08080299943685532,60497.23030090006
928,2460497.729838,294.1299775,8.1048942,2,18.56220054626465,0.09322699904441833,60497.229838000145
929,2460497.7293634,294.1299837,8.1048801,2,18.71769905090332,0.11676300317049026,60497.22936340002
930,2460497.7288889,294.1300131,8.1048771,2,18.59819984436035,0.10459300130605698,60497.22888890002
931,2460497.7284144,294.130011,8.1048861,2,18.506500244140625,0.08800099790096283,60497.228414400015
932,2460497.7279514,294.1299674,8.1048799,2,18.583900451660156,0.0746299996972084,60497.22795139998
933,2460497.7274769,294.1299633,8.1049006,2,18.565399169921875,0.07944999635219574,60497.22747689998
934,2460497.7270139,294.1300606,8.104833,2,18.484100341796875,0.1024240031838417,60497.227013899945
935,2460497.7265394,294.1300003,8.1048928,2,18.565200805664062,0.07228399813175201,60497.22653939994
936,2460497.7260648,294.1299876,8.1048488,2,18.55470085144043,0.1040790006518364,60497.22606479982
937,2460497.7256019,294.1300045,8.1048479,2,18.485300064086914,0.08862999826669693,60497.2256018999
938,2460497.7251273,294.130006,8.1048527,2,18.642499923706055,0.08408399671316147,60497.22512729978
939,2460497.7246528,294.1300281,8.1048691,2,18.532499313354492,0.08612299710512161,60497.22465279978
940,2460497.7241782,294.1299925,8.1048852,2,18.60700035095215,0.07323899865150452,60497.22417820012
941,2460497.7237153,294.1300013,8.1048577,2,18.54319953918457,0.08678700029850006,60497.223715300206
942,2460497.7232407,294.1300258,8.1048709,2,18.609899520874023,0.10418199747800827,60497.223240700085
943,2460497.7227662,294.1300058,8.1048536,2,18.58970069885254,0.08131399750709534,60497.22276620008
944,2460497.7223032,294.1300063,8.1048522,2,18.61199951171875,0.08922100067138672,60497.22230320005
945,2460497.7218287,294.1300158,8.1048931,2,18.5093994140625,0.08973599970340729,60497.22182870004
946,2460497.7213542,294.1300171,8.1048526,2,18.515499114990234,0.09204299747943878,60497.22135420004
947,2460497.7208912,294.1299967,8.1048696,2,18.51849937438965,0.0840890035033226,60497.220891200006
949,2460497.7199421,294.1300257,8.1048694,2,18.540800094604492,0.09499599784612656,60497.21994209988
950,2460497.7194792,294.1300201,8.1048761,2,18.511600494384766,0.084197998046875,60497.219479199965
951,2460497.7190046,294.1300064,8.1048695,2,18.495800018310547,0.10027000308036804,60497.21900459984
952,2460497.7185301,294.13001,8.10486,2,18.50480079650879,0.07709100097417831,60497.21853009984
953,2460497.7180671,294.1300117,8.1048532,2,18.481599807739258,0.07904200255870819,60497.218067099806
954,2460497.7175926,294.1300116,8.1048598,2,18.56410026550293,0.0893540009856224,60497.2175925998
955,2460497.7171181,294.1300127,8.1048455,2,18.611499786376953,0.10434900224208832,60497.2171180998
956,2460497.7166551,294.1300182,8.1048511,2,18.524900436401367,0.10802499949932098,60497.21665510023
957,2460497.7161806,294.1300448,8.1048566,2,18.523399353027344,0.08591599762439728,60497.216180600226
958,2460497.715706,294.1300465,8.1048371,2,18.468399047851562,0.0881510004401207,60497.215706000105
959,2460497.7152431,294.1300035,8.1048511,2,18.44540023803711,0.07974199950695038,60497.21524310019
960,2460497.7147685,294.1300143,8.1048582,2,18.538799285888672,0.08923599869012833,60497.21476850007
961,2460497.7143056,294.1299929,8.1048882,2,18.658100128173828,0.10508699715137482,60497.21430560015
962,2460497.713831,294.1300209,8.1048584,2,18.539199829101562,0.10582800209522247,60497.21383100003
963,2460497.7133565,294.1300085,8.1048491,2,18.54759979248047,0.08907199651002884,60497.213356500026
964,2460497.7128935,294.1300046,8.1048728,2,18.51449966430664,0.0780080035328865,60497.21289349999
965,2460497.712419,294.130007,8.1048449,2,18.553699493408203,0.09516999870538712,60497.21241899999
966,2460497.711956,294.1299694,8.1048812,2,18.502899169921875,0.10535900294780731,60497.211955999956
967,2460497.7114815,294.1300483,8.1048316,2,18.512699127197266,0.08243999630212784,60497.21148149995
968,2460497.7110069,294.1299957,8.1048778,2,18.486900329589844,0.08963900059461594,60497.21100689983
969,2460497.7105324,294.1300521,8.1048312,2,18.59589958190918,0.08576200157403946,60497.210532399826
971,2460497.7100694,294.1300016,8.1048816,2,18.506799697875977,0.08264700323343277,60497.21006939979
972,2460497.7095949,294.1300224,8.1048647,2,18.64459991455078,0.08754699677228928,60497.20959489979
973,2460497.7091204,294.1299925,8.104883,2,18.507600784301758,0.12632299959659576,60497.209120399784
975,2460497.7086574,294.1300414,8.104849,2,18.609600067138672,0.09115199744701385,60497.20865740022
976,2460497.7081829,294.1299884,8.1048618,2,18.605600357055664,0.08330000191926956,60497.20818290021
978,2460497.7077083,294.1300388,8.1048338,2,18.410400390625,0.09387499839067459,60497.20770830009
980,2460497.7072338,294.1299766,8.1049091,2,18.620800018310547,0.0874210000038147,60497.20723380009
981,2460497.7067708,294.1300444,8.1048797,2,18.50790023803711,0.08906999975442886,60497.206770800054
983,2460497.7062963,294.1300275,8.1048591,2,18.56879997253418,0.11442600190639496,60497.20629630005
984,2460497.7058218,294.1300299,8.1048699,2,18.543100357055664,0.08177100121974945,60497.205821800046
985,2460497.7053472,294.1300161,8.1048826,2,18.580400466918945,0.09173499792814255,60497.205347199924
987,2460497.7048843,294.1299915,8.1048926,2,18.63520050048828,0.08786199986934662,60497.20488430001
988,2460497.7044097,294.129998,8.1048803,2,18.539499282836914,0.09274300187826157,60497.20440969989
989,2460497.7039352,294.1300274,8.104829,2,18.494199752807617,0.08943899720907211,60497.20393519988
990,2460497.7034606,294.1300115,8.1048676,2,18.576000213623047,0.10026299953460693,60497.20346060023
991,2460497.7029977,294.1300428,8.1048228,2,18.508499145507812,0.09422600269317627,60497.202997699846
992,2460497.7025231,294.1299831,8.1049305,2,18.617700576782227,0.09959299862384796,60497.20252310019
994,2460497.7020486,294.1300024,8.1048504,2,18.552900314331055,0.07804100215435028,60497.202048600186
995,2460497.7015856,294.1300353,8.1048551,2,18.604000091552734,0.08005499839782715,60497.20158560015
997,2460497.7011111,294.1300259,8.1048723,2,18.560699462890625,0.09089799970388412,60497.20111110015
998,2460497.7006366,294.1300555,8.104862,2,18.57069969177246,0.08851400017738342,60497.200636600144
999,2460497.7001736,294.1299913,8.1048738,2,18.571399688720703,0.09262800216674805,60497.20017360011
1000,2460497.6996991,294.1299989,8.1048437,2,18.56209945678711,0.10406400263309479,60497.19969910011
1001,2460497.6992245,294.1300201,8.104797,2,18.510000228881836,0.07791300117969513,60497.199224499986
1002,2460497.69875,294.130011,8.1048741,2,18.573699951171875,0.07412499934434891,60497.19874999998
1004,2460497.698287,294.1300111,8.1048759,2,18.554899215698242,0.11612900346517563,60497.19828699995
1005,2460497.6978125,294.1300244,8.1048862,2,18.524999618530273,0.11829300224781036,60497.197812499944
1006,2460497.697338,294.1300381,8.1048499,2,18.52359962463379,0.10132800042629242,60497.19733799994
1007,2460497.696875,294.1300162,8.1048345,2,18.529499053955078,0.09381099790334702,60497.19687499991
1008,2460497.6964005,294.1300155,8.1048469,2,18.55929946899414,0.07586999982595444,60497.1964004999
1009,2460497.6959259,294.1300254,8.1048963,2,18.495899200439453,0.08157400041818619,60497.19592589978
1010,2460497.695463,294.1300237,8.1048222,2,18.576200485229492,0.08697599917650223,60497.195462999865
1011,2460497.6949884,294.1301038,8.1048397,2,18.471599578857422,0.0952259972691536,60497.19498840021
1012,2460497.6945139,294.130017,8.1048668,2,18.722400665283203,0.10854899883270264,60497.194513900205
1013,2460497.6940394,294.1300577,8.1048085,2,18.638900756835938,0.0959009975194931,60497.1940394002
1014,2460497.6935648,294.1299597,8.1049009,2,18.57349967956543,0.09261400252580643,60497.19356480008
1015,2460497.6931019,294.1300606,8.1047978,2,18.51930046081543,0.09072700142860413,60497.193101900164
1017,2460497.6926273,294.1299887,8.1048835,2,18.393800735473633,0.1191449984908104,60497.19262730004
1022,2460489.8609028,294.1299603,8.1048845,2,18.499900817871094,0.0855339989066124,60489.360902800225
1023,2460489.8604282,294.1299783,8.104907,2,18.48240089416504,0.1316629946231842,60489.3604282001
1024,2460487.9015509,294.1299651,8.1049117,2,18.483299255371094,0.09966599941253662,60487.40155090019
1025,2460487.9010764,294.1299569,8.104901,2,18.605100631713867,0.10408399999141693,60487.40107640019
1030,2460484.8576042,294.1299543,8.1048932,2,18.559099197387695,0.0825359970331192,60484.35760420002
1031,2460484.8571296,294.1299717,8.1048655,2,18.614200592041016,0.11676699668169022,60484.3571295999
1034,2460482.8585185,294.129959,8.1048781,2,18.39310073852539,0.11672800034284592,60482.35851849988
1035,2460482.858044,294.1299488,8.1049409,2,18.50189971923828,0.12675699591636658,60482.35804399988
1038,2460479.8398843,294.1299714,8.1049034,2,18.318300247192383,0.07765000313520432,60479.339884299785
1040,2460479.8389352,294.1299923,8.1048975,2,18.410400390625,0.10383599996566772,60479.338935200125
1043,2460476.838588,294.1300094,8.1049007,2,18.34980010986328,0.06285099685192108,60476.33858799981
1046,2460473.8783218,294.1299814,8.1049001,2,18.375999450683594,0.06655199825763702,60473.378321799915
1048,2460472.8797222,294.1299705,8.1048816,2,18.382999420166016,0.07182800024747849,60472.37972219987
1050,2460471.8746875,294.1299785,8.1049126,2,18.24449920654297,0.07927200198173523,60471.37468749983
1052,2460470.858831,294.1300021,8.104894,2,18.37310028076172,0.0780709981918335,60470.35883100005
1054,2460469.906088,294.1299497,8.1049064,2,18.275100708007812,0.06530100107192993,60469.40608800016
1055,2460468.8890625,294.1300028,8.1049054,2,18.451099395751953,0.07414499670267105,60468.38906250009
1056,2460463.901088,294.1299784,8.1048734,2,18.27280044555664,0.05556200072169304,60463.40108799981
1057,2460463.8887037,294.1299929,8.1048923,2,18.330299377441406,0.06975699961185455,60463.388703700155
1064,2460459.8997338,294.1299635,8.1048978,2,18.265499114990234,0.07878699898719788,60459.399733799975
1065,2460459.8992593,294.129987,8.1049096,2,18.277599334716797,0.07033299654722214,60459.39925929997
1068,2460457.8601157,294.1299755,8.1048989,2,18.181100845336914,0.0789949968457222,60457.360115699936
1069,2460457.8591435,294.1299862,8.1049021,2,18.349300384521484,0.07567500323057175,60457.359143500216
1072,2460452.9045718,294.129999,8.1048938,2,18.333599090576172,0.10930100083351135,60452.40457180003
1075,2460450.9007523,294.129949,8.1048802,2,18.320600509643555,0.10925000160932541,60450.40075229993
1076,2460450.9002778,294.1300338,8.1048994,2,18.219600677490234,0.07934299856424332,60450.40027779993
1077,2460448.8942014,294.1299977,8.1048669,2,18.247900009155273,0.1049799993634224,60448.394201400224
1079,2460447.874456,294.1299915,8.1048874,2,18.402799606323242,0.06682299822568893,60447.37445600005
1080,2460444.9365394,294.1299819,8.1048969,2,18.4606990814209,0.07434999942779541,60444.4365393999
1082,2460441.9232407,294.1300032,8.1048909,2,18.253400802612305,0.08183100074529648,60441.423240699805
1083,2460440.9162731,294.129986,8.1048944,2,18.377899169921875,0.07242900133132935,60440.416273099836
1085,2460433.9225116,294.1299731,8.1048806,2,18.302900314331055,0.05840799957513809,60433.42251159996
1086,2460433.9220486,294.1299916,8.1048938,2,18.37980079650879,0.084757000207901,60433.422048599925
1089,2460430.944456,294.1299817,8.1048942,2,18.442399978637695,0.06671199947595596,60430.44445599988
1090,2460424.9812963,294.1299775,8.1049071,2,18.190000534057617,0.11518900096416473,60424.48129629996
1093,2460423.9533912,294.1299792,8.1048712,2,18.42259979248047,0.08835600316524506,60423.45339119993
1095,2460421.9244907,294.1300167,8.1049044,2,18.31599998474121,0.07737600058317184,60421.42449070001
1097,2460420.9015856,294.1300577,8.1048925,2,18.376300811767578,0.10236100107431412,60420.40158559987
1099,2460408.9491204,294.1300257,8.1049131,2,18.241899490356445,0.07793299853801727,60408.44912040001
1101,2460404.9898495,294.130011,8.1048889,2,18.344499588012695,0.08280199766159058,60404.48984949989
1102,2460402.9770718,294.1300077,8.1048788,2,18.14889907836914,0.11419399827718735,60402.4770717998
1103,2460402.9770718,294.1300077,8.1048788,2,18.14889907836914,0.11419399827718735,60402.4770717998
1108,2460391.9468866,294.1300283,8.1048553,2,18.06060028076172,0.08434300124645233,60391.446886599995
1109,2460391.9468866,294.1300283,8.1048553,2,18.06060028076172,0.08434300124645233,60391.446886599995
1111,2460390.0157407,294.1299672,8.1048961,2,18.10759925842285,0.06352099776268005,60389.515740700066
1113,2460388.0158218,294.1300177,8.1048258,2,18.261899948120117,0.15743300318717957,60387.5158218001
1114,2460388.0158218,294.1300177,8.1048258,2,18.261919021606445,0.15743252635002136,60387.5158218001
1122,2460358.0650926,294.1299759,8.1048795,2,18.07854652404785,0.08719594776630402,60357.56509259995
1124,2460358.0646181,294.1300371,8.1048817,2,18.03849983215332,0.08970099687576294,60357.56461809995
1126,2460358.0641435,294.1299751,8.1048857,2,17.952899932861328,0.0937889963388443,60357.564143499825
1128,2460358.0563194,294.1299954,8.1048797,2,18.056499481201172,0.07061299681663513,60357.5563194002
1130,2460358.0558449,294.1300138,8.1048795,2,18.015199661254883,0.06361199915409088,60357.5558449002
1132,2460358.0553819,294.1299876,8.1048655,2,18.06719970703125,0.06108099967241287,60357.555381900165
1134,2460357.0600579,294.1300168,8.1048646,2,17.997299194335938,0.06856600195169449,60356.560057899915
1135,2460357.0595833,294.1300245,8.104877,2,18.00749969482422,0.07094299793243408,60356.55958329979
1136,2460357.0591088,294.1300197,8.1048687,2,17.997299194335938,0.058187998831272125,60356.55910879979
1137,2460356.0673611,294.1300706,8.1048756,2,18.041500091552734,0.12426900118589401,60355.56736110011
1138,2460356.0668866,294.1300003,8.1048907,2,17.97559928894043,0.1382959932088852,60355.56688660011
1139,2460356.0664236,294.1300414,8.104841,2,17.915599822998047,0.1133430004119873,60355.566423600074
1140,2460356.0572685,294.1300574,8.1048471,2,17.957500457763672,0.07569900155067444,60355.55726849986
1141,2460356.056794,294.1300317,8.1048743,2,17.97450065612793,0.08955500274896622,60355.55679399986
1142,2460356.0563194,294.1300178,8.1048709,2,17.945600509643555,0.09257899969816208,60355.5563194002
1144,2460355.0672917,294.1300233,8.104874,2,17.97610092163086,0.0936719998717308,60354.567291699816
1145,2460355.0595949,294.1300255,8.1048624,2,17.957199096679688,0.07408499717712402,60354.55959489988
1146,2460355.0591204,294.1300272,8.1049012,2,18.00830078125,0.07835099846124649,60354.55912039988
1147,2460355.0586458,294.130037,8.1048861,2,17.94099998474121,0.09129299968481064,60354.55864580022
1148,2460268.6356713,294.1299534,8.1048757,2,18.27583885192871,0.1312233805656433,60268.13567129988
1149,2460263.6169329,294.1299431,8.1048969,2,18.448999404907227,0.08972100168466568,60263.11693290016
1152,2460261.6148611,294.1299439,8.1049188,2,18.34910011291504,0.10750800371170044,60261.11486109998
1154,2460260.6109838,294.1299461,8.1048688,2,18.293899536132812,0.10211200267076492,60260.11098380014
1156,2460259.6162731,294.1299364,8.1049004,2,18.368099212646484,0.07993700355291367,60259.11627310002
1158,2460258.6111227,294.1298944,8.1048777,2,18.283199310302734,0.09074299782514572,60258.11112269992
1160,2460255.6297338,294.1299413,8.1049041,2,18.351600646972656,0.06627199798822403,60255.12973379996
1163,2460253.6552083,294.1299029,8.1048432,2,18.385700225830078,0.09191399812698364,60253.15520829987
1166,2460251.6665394,294.1299021,8.1048829,2,18.328699111938477,0.0899370014667511,60251.166539399885
1168,2460249.6528356,294.1299563,8.1049058,2,18.2375431060791,0.13806277513504028,60249.15283560008
1170,2460249.6518981,294.1299344,8.1048737,2,18.35569953918457,0.11128699779510498,60249.15189810004
1175,2460245.670544,294.1299171,8.1048876,2,18.16510009765625,0.10006800293922424,60245.17054399988
1176,2460245.6608912,294.1299395,8.1049274,2,18.265899658203125,0.09007599949836731,60245.16089119995
1181,2460239.6241782,294.1299563,8.104903,2,18.153499603271484,0.0845939964056015,60239.12417820003
1182,2460237.6873958,294.1299689,8.1049079,2,18.260499954223633,0.07545699924230576,60237.187395799905
1183,2460237.6496991,294.1299786,8.1049057,2,18.13990020751953,0.07059100270271301,60237.14969909983
1188,2460235.630625,294.1299717,8.1048916,2,18.280099868774414,0.08028499782085419,60235.13062500022
1191,2460233.643831,294.1299763,8.1048831,2,18.12820053100586,0.06030699983239174,60233.1438310002
1192,2460233.6419329,294.1299797,8.1048842,2,18.071800231933594,0.06668800115585327,60233.141932900064
1195,2460231.6508102,294.1299593,8.1049329,2,18.112199783325195,0.08534099906682968,60231.15081019979
1196,2460231.6503356,294.1299632,8.1048965,2,18.15760040283203,0.06333799660205841,60231.150335600134
1199,2460227.674838,294.1299441,8.1049023,2,18.114900588989258,0.06228199973702431,60227.17483799998
1200,2460227.6485648,294.1299637,8.1048979,2,18.074800491333008,0.09079799801111221,60227.148564800154
1201,2460223.6859954,294.1299749,8.1048813,2,18.206199645996094,0.060249000787734985,60223.18599539995
1202,2460223.6840625,294.1299536,8.104898,2,18.075599670410156,0.06550700217485428,60223.18406250002
1203,2460223.6840625,294.1299536,8.104898,2,18.075599670410156,0.06550700217485428,60223.18406250002
1204,2460223.6840625,294.1299536,8.104898,2,18.075599670410156,0.0655071809887886,60223.18406250002
1207,2460221.7899537,294.1299367,8.1048265,2,18.043699264526367,0.12278900295495987,60221.2899536998
1208,2460221.7347917,294.129895,8.1049029,2,18.057199478149414,0.07457499951124191,60221.2347916998
1211,2460217.6540394,294.1299662,8.1049064,2,18.1028995513916,0.08072300255298615,60217.154039400164
1213,2460215.7538079,294.1299577,8.1048801,2,18.123899459838867,0.07930000126361847,60215.25380790001
1214,2460215.7444792,294.1299331,8.104899,2,18.057600021362305,0.07951399683952332,60215.24447919987
1218,2460213.6844792,294.1299724,8.1048811,2,18.05084228515625,0.07735873013734818,60213.184479199816
1219,2460213.6844792,294.1299724,8.1048811,2,18.050800323486328,0.07735899835824966,60213.184479199816
1224,2460211.6668519,294.1299434,8.1048915,2,18.150644302368164,0.07190247625112534,60211.16685190005
1225,2460211.6668519,294.1299434,8.1048915,2,18.15060043334961,0.07190199941396713,60211.16685190005
1226,2460211.6475694,294.1299774,8.1048967,2,18.098100662231445,0.060812000185251236,60211.14756939979
1228,2460207.6852199,294.1299858,8.1048887,2,18.352399826049805,0.0893620029091835,60207.18521990022
1229,2460207.6668403,294.1299545,8.1049033,2,18.186500549316406,0.05816499888896942,60207.166840299964
1232,2460203.7135995,294.1299966,8.1049064,2,18.41819953918457,0.059801001101732254,60203.21359949978
1235,2460201.6713079,294.1299716,8.1048693,2,18.38498878479004,0.10158132016658783,60201.17130789999
1236,2460201.6713079,294.1299716,8.1048693,2,18.385000228881836,0.10158099979162216,60201.17130789999
1237,2460201.6713079,294.1299716,8.1048693,2,18.385000228881836,0.10158099979162216,60201.17130789999
1239,2460198.7680671,294.1299521,8.1049045,2,18.318199157714844,0.09237399697303772,60198.268067100085
1241,2460195.7341551,294.1299548,8.1049104,2,18.527732849121094,0.08547752350568771,60195.23415509984
1242,2460195.7341551,294.1299548,8.1049104,2,18.527700424194336,0.08547800034284592,60195.23415509984
1245,2460193.7688542,294.1299523,8.104903,2,18.394500732421875,0.07092499732971191,60193.26885419991
1247,2460193.766956,294.1299408,8.1048938,2,18.370899200439453,0.07840099930763245,60193.26695600012
1249,2460187.7417014,294.1300121,8.10488,2,18.36389923095703,0.1000719964504242,60187.24170139991
1250,2460187.7238542,294.1299796,8.1049341,2,18.37540054321289,0.08894699811935425,60187.22385419998
1254,2460185.7329282,294.1299715,8.1048907,2,18.411699295043945,0.09895099699497223,60185.23292820016
1255,2460185.7113773,294.1299266,8.1049248,2,18.374500274658203,0.09713400155305862,60185.21137729986
1259,2460183.6939236,294.129973,8.1048998,2,18.353900909423828,0.08483999967575073,60183.19392360002
1260,2460183.6915625,294.1299672,8.1048743,2,18.316099166870117,0.0821869969367981,60183.19156249985
1263,2460181.7365741,294.1299883,8.1048971,2,18.302600860595703,0.0715700015425682,60181.236574099865
1264,2460181.7332407,294.1299568,8.1048975,2,18.350900650024414,0.07137899845838547,60181.23324069986
1270,2460174.731412,294.1299623,8.1048954,2,18.29199981689453,0.06998799741268158,60174.23141200002
1271,2460174.7309491,294.1299615,8.1049196,2,18.355100631713867,0.07391200214624405,60174.23094910011
1272,2460172.7761111,294.1299833,8.1049258,2,18.337799072265625,0.06799899786710739,60172.27611109987
1275,2460172.6933681,294.1299933,8.1049082,2,18.277799606323242,0.08267199993133545,60172.193368100096
1278,2460170.7980556,294.1299735,8.1049059,2,18.28420066833496,0.061928000301122665,60170.29805559991
1281,2460168.8190394,294.1299695,8.1048948,2,18.477699279785156,0.08427499979734421,60168.3190394002
1282,2460163.8957176,294.1299363,8.1048924,2,18.311399459838867,0.08533400297164917,60163.395717599895
1287,2460160.7867477,294.1299623,8.1048792,2,18.211999893188477,0.09178400039672852,60160.28674770007
1288,2460160.7846296,294.1299711,8.1049308,2,18.35810089111328,0.08849799633026123,60160.28462960012
1290,2460156.8525347,294.1299621,8.1048996,2,18.228300094604492,0.11646900326013565,60156.352534700185
1296,2460152.7475463,294.1300226,8.1049325,2,18.291500091552734,0.0646120011806488,60152.247546299826
1297,2460152.7470718,294.1299689,8.1049241,2,18.201499938964844,0.08240099996328354,60152.24707179982
1300,2460150.7032176,294.1300162,8.1048819,2,18.262100219726562,0.052358999848365784,60150.20321760001
1303,2460148.7708565,294.1299966,8.1048991,2,18.320100784301758,0.07048100233078003,60148.27085650014
1304,2460146.8749653,294.1299649,8.1049128,2,18.136199951171875,0.05857599899172783,60146.37496529985
1305,2460146.8411921,294.1299662,8.1049094,2,18.221200942993164,0.07590799778699875,60146.3411921002
1306,2460146.8316782,294.1299964,8.1049155,2,18.215700149536133,0.07310599833726883,60146.33167820005
1307,2460144.8101505,294.1299945,8.1049135,2,18.21419906616211,0.06947200000286102,60144.31015049992
1315,2460139.7767477,294.1299773,8.1048971,2,18.03689956665039,0.05241600051522255,60139.27674769983
1316,2460139.7762847,294.1299786,8.1049039,2,18.23240089416504,0.06409499794244766,60139.276284699794
1317,2460137.9138657,294.1299733,8.104903,2,18.186199188232422,0.061861999332904816,60137.4138656999
1319,2460135.937338,294.1299563,8.1048843,2,18.23069953918457,0.05724899843335152,60135.43733800016
1322,2460135.812963,294.129984,8.1048983,2,18.108200073242188,0.06454099714756012,60135.31296300003
1323,2460133.8786227,294.129987,8.1048905,2,18.134000778198242,0.06522999703884125,60133.378622699995
1326,2460127.8221412,294.1299607,8.1048902,2,18.080900192260742,0.09013800323009491,60127.32214119984
1327,2460127.7890741,294.1300364,8.1048752,2,18.10770034790039,0.06550700217485428,60127.28907410009
1330,2460125.9377431,294.1299907,8.104905,2,18.112199783325195,0.06859099864959717,60125.43774309987
1331,2460125.9368056,294.1299527,8.1049301,2,18.119800567626953,0.06472299993038177,60125.436805599835
1334,2460123.9225116,294.12995,8.1049026,2,18.122600555419922,0.05748400092124939,60123.42251159996
1335,2460123.9215741,294.1299934,8.1049076,2,18.203100204467773,0.07616300135850906,60123.42157409992
1340,2460120.895463,294.1299857,8.1049069,2,18.270999908447266,0.05509699881076813,60120.39546300005
1341,2460120.895,294.1299603,8.1048948,2,18.202499389648438,0.055709999054670334,60120.39500000002
1344,2460118.8735995,294.1299785,8.1048677,2,18.11440086364746,0.07181400060653687,60118.37359949993
1345,2460118.873125,294.1300046,8.1048976,2,18.165300369262695,0.07198400050401688,60118.373124999925
1348,2460115.8381829,294.1300106,8.1048945,2,18.302499771118164,0.06233099848031998,60115.3381829001
1351,2460112.8954977,294.1299848,8.1049154,2,18.304399490356445,0.06843499839305878,60112.3954977002
1353,2460110.8545139,294.1300314,8.1048898,2,18.455699920654297,0.06310799717903137,60110.35451389989
1358,2460101.8775463,294.1299891,8.1048743,2,18.267000198364258,0.08210200071334839,60101.37754630018
1362,2460098.8981366,294.1299571,8.1048918,2,18.30660057067871,0.07728999853134155,60098.39813659992
1364,2460092.8947338,294.1300049,8.1049136,2,18.417200088500977,0.07640700042247772,60092.39473380009
1367,2460089.9434606,294.1299929,8.1049043,2,18.32309913635254,0.09731200337409973,60089.443460599985
1369,2460087.9011111,294.1300086,8.1049104,2,18.311800003051758,0.09755200147628784,60087.40111109987
1370,2460085.9874421,294.1299935,8.1048773,2,18.192100524902344,0.07069599628448486,60085.487442099955
1371,2460085.9199884,294.1300026,8.1048835,2,18.24679946899414,0.07071200013160706,60085.41998839984
1378,2460081.9130903,294.130017,8.1049307,2,18.209199905395508,0.07740499824285507,60081.413090299815
1381,2460078.9410764,294.129979,8.1049025,2,18.06439971923828,0.08118800073862076,60078.441076400224
1382,2460078.9281829,294.130007,8.104903,2,18.16469955444336,0.08583399653434753,60078.42818289995
1385,2460076.9484954,294.1299724,8.1049115,2,17.975900650024414,0.06175899878144264,60076.44849540014
1388,2460072.9953819,294.1299739,8.1049128,2,17.927600860595703,0.0873740017414093,60072.49538190011
1390,2460067.9332639,294.1300137,8.1048875,2,17.749000549316406,0.06372000277042389,60067.433263900224
1391,2460065.9210764,294.1300014,8.104887,2,17.731199264526367,0.07184100151062012,60065.421076400205
1392,2460063.974537,294.129989,8.1049175,2,17.899099349975586,0.047442998737096786,60063.47453700006
1394,2460062.9682176,294.1299656,8.1049069,2,17.808300018310547,0.062275998294353485,60062.46821760014
1395,2460061.9723843,294.1299876,8.1049168,2,17.867799758911133,0.0652799978852272,60061.47238430008
1397,2460060.953125,294.1299843,8.1048883,2,17.853500366210938,0.07235600054264069,60060.453125
1400,2460059.952963,294.1300049,8.1049112,2,17.862300872802734,0.05372399836778641,60059.45296300016
1401,2460058.9561343,294.1299723,8.1048838,2,17.80109977722168,0.04139399901032448,60058.45613430021
1402,2460057.0083912,294.1299822,8.1048999,2,17.832399368286133,0.05522000044584274,60056.5083912001
1403,2460056.9827083,294.1300129,8.1048954,2,17.90239906311035,0.05460299924015999,60056.4827083
1410,2460051.9556134,294.1300066,8.1049133,2,18.002500534057617,0.05159499868750572,60051.455613399856
1411,2460051.9551505,294.1299889,8.1048954,2,17.94029998779297,0.06480299681425095,60051.45515049994
1415,2460044.9217708,294.1300418,8.1048745,2,18.050899505615234,0.09169299900531769,60044.421770799905
1416,2460044.9212963,294.1300372,8.1048928,2,18.09119987487793,0.06917800009250641,60044.4212962999
1417,2460042.9635417,294.1299816,8.1048893,2,18.13159942626953,0.07055799663066864,60042.46354170004
1418,2460042.9630671,294.1299898,8.1048998,2,18.266000747680664,0.06670399755239487,60042.46306709992
1419,2460032.9485069,294.1301183,8.1048862,2,18.13719940185547,0.07402399927377701,60032.44850690011
1420,2460032.948044,294.1300643,8.1048568,2,18.1658992767334,0.09167300164699554,60032.44804400019
1421,2460021.9851042,294.1300046,8.1048303,2,18.15019989013672,0.09069299697875977,60021.485104199965
1422,2460021.9846412,294.1300102,8.1048176,2,18.11549949645996,0.09735099971294403,60021.48464119993
1423,2460017.0068287,294.1300034,8.1048539,2,18.085800170898438,0.07920300215482712,60016.50682870019
1426,2459997.0587731,294.1300013,8.1049059,2,17.96430015563965,0.08244799822568893,59996.55877309991
1427,2459997.0564005,294.1300196,8.104897,2,17.902299880981445,0.07847999781370163,59996.55640049977
1428,2459997.0540394,294.130057,8.104878,2,17.895999908447266,0.0848890021443367,59996.55403940007
1429,2459997.0516782,294.1299945,8.1049028,2,17.9960994720459,0.08024299889802933,59996.55167819979
1435,2459994.0649884,294.1300677,8.1048681,2,17.702199935913086,0.09611400216817856,59993.564988399856
1436,2459994.0625463,294.1299781,8.1049117,2,17.852500915527344,0.09207399934530258,59993.56254629977
1439,2459988.0646528,294.1300334,8.1048222,2,17.871299743652344,0.07991199940443039,59987.564652800094
1440,2459988.0622569,294.1300076,8.1048848,2,17.872299194335938,0.11355800181627274,59987.56225690013
1441,2459986.0690741,294.1299404,8.1049143,2,17.636499404907227,0.10736899822950363,59985.56907409988
1442,2459986.0666319,294.1299778,8.1048883,2,17.8439998626709,0.10830699652433395,59985.56663190015
1443,2459986.0642014,294.1299603,8.1049639,2,17.821199417114258,0.16947999596595764,59985.56420140015
1444,2459986.0617593,294.1300388,8.1047911,2,17.942800521850586,0.12570500373840332,59985.561759300064
1445,2459986.0593287,294.1300743,8.1048701,2,17.76490020751953,0.0883679986000061,59985.55932869995
1446,2459985.0693634,294.1300226,8.104868,2,17.88409996032715,0.14660699665546417,59984.569363399874
1447,2459985.0669329,294.1300537,8.1048484,2,17.830400466918945,0.16039100289344788,59984.56693289988
1448,2459985.0644907,294.1299095,8.1049571,2,17.71969985961914,0.13419799506664276,59984.56449070014
1449,2459985.0620602,294.1300174,8.1048793,2,17.783000946044922,0.17055100202560425,59984.56206020014
1450,2459985.0596296,294.1299575,8.1048767,2,17.77400016784668,0.15892000496387482,59984.55962960003
1451,2459980.0713773,294.1300635,8.1049142,2,17.816699981689453,0.11061400175094604,59979.57137730019
1452,2459980.0689815,294.1300213,8.1048728,2,17.82539939880371,0.09601599723100662,59979.56898149988
1453,2459980.0665856,294.1300605,8.1048777,2,17.824499130249023,0.09439700096845627,59979.56658559991
1454,2459980.0642014,294.1300479,8.1049129,2,17.855300903320312,0.09665700048208237,59979.56420140015
1455,2459980.0618056,294.1300761,8.1048317,2,17.852399826049805,0.09051500260829926,59979.561805599835
1456,2459913.6340162,294.1299443,8.1049202,2,18.022825241088867,0.08955169469118118,59913.13401619997
1458,2459909.6093403,294.1298703,8.1048839,2,18.052799224853516,0.08461800217628479,59909.10934029985
1460,2459905.6395949,294.1299151,8.1048816,2,18.046100616455078,0.07401300221681595,59905.139594899956
1461,2459905.6323611,294.1299108,8.1049035,2,17.97430419921875,0.07617419213056564,59905.132361100055
1464,2459903.6567593,294.1299132,8.1048822,2,18.024099349975586,0.08847299963235855,59903.1567592998
1470,2459899.6131366,294.1299485,8.1048633,2,18.07939910888672,0.07660800218582153,59899.11313659977
1471,2459899.6018287,294.1299996,8.1049006,2,18.143299102783203,0.09863699972629547,59899.10182869993
1474,2459896.6189699,294.1299444,8.1049088,2,18.122299194335938,0.08368399739265442,59896.11896990007
1477,2459894.6612384,294.1299023,8.1048977,2,18.07469940185547,0.09707900136709213,59894.1612383998
1478,2459889.6941782,294.1299468,8.1048843,2,18.226999282836914,0.11070200055837631,59889.19417819986
1479,2459889.6420139,294.1299275,8.104893,2,18.215599060058594,0.09795600175857544,59889.14201389998
1484,2459887.6373611,294.1299084,8.1048977,2,18.203899383544922,0.08299499750137329,59887.13736109994
1485,2459887.610706,294.12998,8.1048747,2,18.23539924621582,0.10114400088787079,59887.11070600012
1487,2459883.622581,294.129977,8.1049111,2,18.316099166870117,0.09034200012683868,59883.122580999974
1489,2459881.6847917,294.1300137,8.1048993,2,18.112499237060547,0.09814000129699707,59881.18479169998
1490,2459880.6162963,294.1299709,8.1049073,2,18.28569984436035,0.07519999891519547,59880.1162963002
1494,2459877.6312037,294.1299686,8.1048882,2,18.287500381469727,0.06835699826478958,59877.13120369986
1495,2459873.643125,294.129977,8.104947,2,18.396799087524414,0.08419899642467499,59873.143124999944
1496,2459873.6421759,294.1299901,8.1049363,2,18.203899383544922,0.08207699656486511,59873.14217589982
1499,2459867.671412,294.1299625,8.1049078,2,18.55769920349121,0.10863900184631348,59867.17141199997
1502,2459865.6522106,294.1299708,8.1049236,2,18.330799102783203,0.09185999631881714,59865.15221060021
1503,2459865.6218403,294.1299084,8.1049582,2,18.49690055847168,0.10282900184392929,59865.12184030004
1506,2459862.6443403,294.1299443,8.1049159,2,18.190900802612305,0.0721919983625412,59862.1443403
1509,2459860.6618403,294.1299616,8.1049208,2,18.249399185180664,0.10103099793195724,59860.161840300076
1510,2459859.7136458,294.1299735,8.1048748,2,18.142799377441406,0.07945500314235687,59859.21364580002
1512,2459858.6848032,294.1299905,8.1049171,2,18.236000061035156,0.0728050023317337,59858.184803199954
1516,2459856.6746991,294.1299752,8.1049193,2,18.127599716186523,0.08039099723100662,59856.1746991002
1522,2459850.646169,294.1299785,8.1049002,2,18.074600219726562,0.06695699691772461,59850.14616899984
1523,2459850.6447454,294.1299808,8.1049125,2,17.994600296020508,0.05983800068497658,59850.144745400175
1524,2459848.6982986,294.1299461,8.104909,2,18.18790054321289,0.0903640016913414,59848.19829860004
1527,2459846.6537269,294.1299497,8.1049114,2,17.984800338745117,0.06340300291776657,59846.1537269
1528,2459846.6523148,294.1299688,8.1049233,2,18.085800170898438,0.06063999980688095,59846.15231479984
1531,2459844.6664931,294.129978,8.1049091,2,18.087799072265625,0.07900100201368332,59844.166493100114
1532,2459842.706169,294.1299618,8.1049103,2,18.017200469970703,0.06437999755144119,59842.206168999895
1539,2459827.8177431,294.1299144,8.104907,2,17.8346004486084,0.06279999762773514,59827.317743100226
1540,2459827.816331,294.1300076,8.1049229,2,17.94230079650879,0.07599800080060959,59827.31633100007
1543,2459825.8346181,294.1299387,8.1048715,2,18.011899948120117,0.05649600178003311,59825.334618099965
1544,2459825.8173958,294.1299617,8.1049037,2,17.939599990844727,0.0764470025897026,59825.31739579979
1549,2459823.7727431,294.1299597,8.1049154,2,17.99209976196289,0.05409500002861023,59823.272743099835
1550,2459823.7581944,294.129979,8.1048908,2,18.152999877929688,0.06104300171136856,59823.2581944
1551,2459821.7351852,294.1299666,8.1049073,2,18.220300674438477,0.05724399909377098,59821.23518519988
1554,2459819.6926505,294.1299761,8.1049139,2,18.226900100708008,0.055608998984098434,59819.19265050022
1556,2459817.7116204,294.1299819,8.1049271,2,18.20359992980957,0.07974199950695038,59817.211620400194
1561,2459813.7421065,294.129988,8.1049313,2,18.23080062866211,0.07598499953746796,59813.24210650008
1562,2459811.8285069,294.1299931,8.1049113,2,18.28339958190918,0.08043400198221207,59811.3285069
1565,2459809.7734838,294.1299522,8.104928,2,18.274799346923828,0.11339099705219269,59809.27348379977
1566,2459807.8129167,294.1299743,8.1049173,2,18.213199615478516,0.08101099729537964,59807.3129166998
1569,2459805.7975,294.1299681,8.1049324,2,18.266000747680664,0.09003899991512299,59805.29749999987
1572,2459801.8381366,294.1299309,8.1048691,2,18.190099716186523,0.08442100137472153,59801.338136599865
1573,2459797.852963,294.1299693,8.1049182,2,18.266599655151367,0.08207900077104568,59797.35296300007
1576,2459794.790162,294.1299612,8.1049145,2,18.23240089416504,0.05942799896001816,59794.290161999874
1579,2459790.7921065,294.1299789,8.1048994,2,18.290199279785156,0.06825199723243713,59790.292106499895
1580,2459788.7912269,294.1299558,8.1049028,2,18.237499237060547,0.07020200043916702,59788.29122690018
1581,2459786.7906481,294.1299688,8.1048882,2,18.28529930114746,0.07697399705648422,59786.290648099966
1582,2459784.8081713,294.1299844,8.1049154,2,18.201900482177734,0.07974400371313095,59784.30817130022
1583,2459783.8769792,294.1299292,8.104914,2,18.192440032958984,0.0683402493596077,59783.37697920017
1588,2459779.7746065,294.1299552,8.1048923,2,18.215599060058594,0.06728900223970413,59779.27460649982
1589,2459779.7741435,294.1299958,8.1049243,2,18.288400650024414,0.07687599956989288,59779.27414349979
1590,2459776.8704398,294.1299601,8.1049185,2,18.231700897216797,0.06647299975156784,59776.37043979997
1591,2459776.8588542,294.1299864,8.1049,2,18.341299057006836,0.10520900040864944,59776.358854200225
1592,2459776.8545139,294.1299559,8.1049006,2,18.3710994720459,0.08993099629878998,59776.35451389989
1593,2459776.8516782,294.1299485,8.104922,2,18.272600173950195,0.08387800306081772,59776.351678200066
1594,2459774.8957986,294.1299539,8.1049044,2,18.45240020751953,0.12497600167989731,59774.39579859981
1595,2459774.8905903,294.1299573,8.1048736,2,18.268999099731445,0.08473499864339828,59774.39059029985
1596,2459774.818125,294.1299804,8.104927,2,18.1658992767334,0.10697100311517715,59774.31812500022
1597,2459774.817662,294.1299789,8.1049521,2,18.24250030517578,0.11476500332355499,59774.31766200019
1598,2459772.9124769,294.1299699,8.1049002,2,18.348600387573242,0.1156499981880188,59772.412476900034
1599,2459772.9115394,294.1299288,8.1049036,2,18.3341007232666,0.09262699633836746,59772.4115394
1600,2459772.8375,294.129945,8.1049007,2,18.274599075317383,0.08061700314283371,59772.33749999991
1601,2459772.836088,294.1299494,8.1049312,2,18.37339973449707,0.08888299763202667,59772.336087999865
1614,2459763.8363426,294.1299648,8.1048871,2,18.350400924682617,0.06623099744319916,59763.336342600174
1615,2459763.8358681,294.130031,8.1048681,2,18.42099952697754,0.0717179998755455,59763.33586810017
1616,2459761.8587269,294.1299661,8.1049337,2,18.472200393676758,0.09075400233268738,59761.35872690007
1617,2459761.8582523,294.1299551,8.1049067,2,18.384899139404297,0.07343299686908722,59761.35825229995
1622,2459759.8366551,294.1299901,8.1048946,2,18.53660011291504,0.07724499702453613,59759.336655099876
1627,2459755.8579282,294.129989,8.1048848,2,18.371299743652344,0.07078299671411514,59755.35792820016
1628,2459755.8574537,294.1299915,8.104862,2,18.653799057006836,0.0880339965224266,59755.357453700155
1631,2459750.8585185,294.1299666,8.1048975,2,18.370800018310547,0.11119300127029419,59750.35851849988
1632,2459750.8378009,294.1299653,8.104873,2,18.410900115966797,0.11215800046920776,59750.337800899986
1635,2459748.8394329,294.1299696,8.1048752,2,18.38610076904297,0.06846900284290314,59748.33943289984
1636,2459748.8389699,294.1299875,8.1048964,2,18.415599822998047,0.11138699948787689,59748.33896989981
1638,2459744.8772685,294.1299819,8.1049102,2,18.432199478149414,0.11536300182342529,59744.37726850016
1640,2459743.8214352,294.1300042,8.1048666,2,18.353099822998047,0.09133400022983551,59743.32143520005
1641,2459742.8873843,294.1299876,8.1048659,2,18.54450035095215,0.11714600026607513,59742.38738430012
1643,2459741.8629977,294.1299699,8.1048976,2,18.47249984741211,0.08288600295782089,59741.362997699995
1647,2459737.8081481,294.13001,8.1048965,2,18.631500244140625,0.07317700237035751,59737.30814810004
1650,2459735.8961921,294.1300258,8.1049,2,18.597900390625,0.10464899986982346,59735.3961920999
1651,2459735.8947801,294.1299758,8.1048817,2,18.611900329589844,0.08592899888753891,59735.39478009986
1654,2459733.8529745,294.130043,8.1049022,2,18.701099395751953,0.06328199803829193,59733.35297450004
1655,2459733.8525,294.1299924,8.1049061,2,18.569700241088867,0.06928099691867828,59733.35250000004
1656,2459731.9237847,294.1299796,8.1049402,2,18.588600158691406,0.0644410029053688,59731.42378470022
1657,2459731.9233102,294.1299783,8.104902,2,18.627500534057617,0.07947299629449844,59731.42331020022
1661,2459727.899537,294.1299676,8.1048775,2,18.556900024414062,0.08464600145816803,59727.399536999874
1662,2459727.8990741,294.1299999,8.1048783,2,18.75469970703125,0.10788200050592422,59727.39907409996
1664,2459725.9209375,294.1299712,8.1049073,2,18.625200271606445,0.06626299768686295,59725.42093749996
1665,2459725.9117361,294.1300104,8.1048929,2,18.71150016784668,0.09068100154399872,59725.41173609998
1666,2459723.9559722,294.1299693,8.1049152,2,18.60580062866211,0.099372997879982,59723.455972199794
1667,2459723.9554977,294.1299893,8.1049214,2,18.765399932861328,0.10211700201034546,59723.45549769979
1670,2459721.9441551,294.1300236,8.1049069,2,18.700000762939453,0.10040199756622314,59721.4441550998
1671,2459721.9356366,294.129993,8.1049156,2,18.70050048828125,0.08032099902629852,59721.435636600014
1672,2459718.9181134,294.1300365,8.1048973,2,18.785600662231445,0.1417970061302185,59718.41811340023
1673,2459718.8943287,294.1299698,8.1048899,2,18.521799087524414,0.09148799628019333,59718.39432869991
1674,2459718.8220486,294.1300204,8.1048645,2,18.395700454711914,0.1036669984459877,59718.32204859983
1675,2459718.8215856,294.1300297,8.1048787,2,18.536100387573242,0.12472199648618698,59718.3215855998
1678,2459713.9037384,294.1299793,8.1048679,2,18.585899353027344,0.10689599812030792,59713.40373839997
1679,2459713.9032639,294.1300335,8.1048816,2,18.66119956970215,0.11675199866294861,59713.40326389996
1680,2459711.9571065,294.1299573,8.1049173,2,18.599899291992188,0.06854599714279175,59711.45710649993
1681,2459711.9566319,294.1299897,8.1049095,2,18.52050018310547,0.07803399860858917,59711.45663189981
1684,2459709.9623727,294.1300877,8.1049495,2,18.575899124145508,0.1835169941186905,59709.46237270022
1685,2459709.9207292,294.1300366,8.1048895,2,18.51490020751953,0.09167899936437607,59709.42072919989
1686,2459708.9616319,294.1299712,8.1048566,2,18.431699752807617,0.08646199852228165,59708.461631900165
1688,2459708.8833333,294.1300211,8.1049384,2,18.411500930786133,0.1467750072479248,59708.383333299775
1689,2459702.927338,294.1299698,8.1048883,2,18.381900787353516,0.08938000351190567,59702.42733799992
1690,2459702.926875,294.1299924,8.1049028,2,18.37459945678711,0.10117200016975403,59702.42687499989
1693,2459700.9240046,294.1300037,8.1049277,2,18.38599967956543,0.1105860024690628,59700.42400459992
1694,2459700.9235417,294.1300366,8.1048909,2,18.403900146484375,0.07878600060939789,59700.4235417
1697,2459696.963206,294.1299919,8.1048882,2,18.417600631713867,0.08534500002861023,59696.46320600016
1698,2459696.9627315,294.1300052,8.1049437,2,18.364599227905273,0.1050650030374527,59696.462731500156
1703,2459693.9013194,294.1300122,8.1048944,2,18.30590057373047,0.12609100341796875,59693.40131939994
1705,2459689.9522569,294.1300424,8.1049381,2,18.33329963684082,0.13091999292373657,59689.45225689979
1707,2459686.9868866,294.1300306,8.1048881,2,18.255300521850586,0.11791499704122543,59686.48688660003
1708,2459686.9133565,294.1299464,8.1049103,2,18.132699966430664,0.13165199756622314,59686.41335650021
1710,2459684.924213,294.1300364,8.1048468,2,18.376300811767578,0.10927300155162811,59684.42421300011
1712,2459683.9281713,294.1300059,8.1048769,2,18.297700881958008,0.09020999819040298,59683.42817129986
1715,2459677.9556019,294.1299893,8.1049279,2,18.412700653076172,0.09570199996232986,59677.455601899885
1716,2459677.9551273,294.1299852,8.1049096,2,18.271299362182617,0.06737399846315384,59677.45512730023
1718,2459675.9564583,294.1300303,8.1048884,2,18.4153995513916,0.107294000685215,59675.45645829989
1719,2459675.9559838,294.1299979,8.1048879,2,18.31399917602539,0.06683599948883057,59675.45598379988
1720,2459673.9869329,294.1300027,8.1049066,2,18.236799240112305,0.0826290026307106,59673.4869328998
1721,2459673.9869329,294.1300001,8.1049083,2,18.2362003326416,0.08260100334882736,59673.4869328998
1725,2459670.978669,294.1300584,8.1049215,2,18.617300033569336,0.0922050029039383,59670.47866899986
1726,2459670.978669,294.1300581,8.1049206,2,18.618499755859375,0.09568099677562714,59670.47866899986
1727,2459642.0416088,294.1300383,8.1049182,2,18.632299423217773,0.08637599647045135,59641.54160880018
1728,2459642.0390741,294.1300426,8.1048922,2,18.57360076904297,0.10358700156211853,59641.53907410009
1729,2459642.0365509,294.1300483,8.1049126,2,18.531200408935547,0.0904339998960495,59641.53655089997
1730,2459642.0340278,294.1300973,8.1048669,2,18.615800857543945,0.1049249991774559,59641.534027799964
1731,2459642.0315046,294.130035,8.1048726,2,18.697500228881836,0.13107800483703613,59641.53150459984
1732,2459641.0405093,294.1300217,8.1048766,2,18.631999969482422,0.1236720010638237,59640.54050929984
1733,2459641.0379861,294.1300132,8.1048998,2,18.515300750732422,0.10378199815750122,59640.537986100186
1734,2459641.035463,294.1300567,8.1048897,2,18.590499877929688,0.09698600322008133,59640.53546300018
1735,2459641.0329398,294.1300098,8.1048846,2,18.542999267578125,0.09740000218153,59640.53293980006
1736,2459641.0304282,294.1300602,8.1048885,2,18.602699279785156,0.11007200181484222,59640.53042820003
1742,2459637.0448611,294.1299957,8.104896,2,18.317359924316406,0.15098899602890015,59636.54486110015
1743,2459637.0422801,294.1299171,8.1047983,2,18.376850128173828,0.1707029938697815,59636.54228009982
1744,2459637.0396759,294.1301009,8.1048862,2,18.266279220581055,0.20213499665260315,59636.53967589978
1747,2459631.0624074,294.130066,8.1048505,2,18.601999282836914,0.1364009976387024,59630.56240739999
1748,2459631.0599306,294.1300207,8.1048915,2,18.565200805664062,0.1169620007276535,59630.559930600226
1749,2459631.0574537,294.1299466,8.1049125,2,18.694499969482422,0.14735299348831177,59630.557453699876
1750,2459631.0549769,294.1300374,8.1049148,2,18.675100326538086,0.13506199419498444,59630.55497690011
1751,2459631.0525,294.1300068,8.1048992,2,18.54210090637207,0.11455199867486954,59630.55250000022
1752,2459630.0644097,294.1300417,8.1049217,2,18.69029998779297,0.1735990047454834,59629.56440970022
1753,2459630.0619329,294.1301144,8.1048255,2,18.591899871826172,0.1548050045967102,59629.56193289999
1754,2459630.0594676,294.1300476,8.1048521,2,18.52519989013672,0.13614299893379211,59629.55946760019
1755,2459630.0569907,294.1300396,8.104901,2,18.637699127197266,0.13285599648952484,59629.55699069984
1756,2459630.0545139,294.1299991,8.1048342,2,18.559200286865234,0.10959599912166595,59629.554513900075
1757,2459629.0635069,294.1300833,8.1048652,2,18.409500122070312,0.15689900517463684,59628.56350689987
1758,2459629.0610301,294.1300449,8.1047857,2,18.536699295043945,0.1400029957294464,59628.5610301001
1760,2459629.0560995,294.1300433,8.1048691,2,18.435199737548828,0.12324699759483337,59628.55609950004
1761,2459629.0536343,294.1299838,8.1048686,2,18.473800659179688,0.11729200184345245,59628.5536342999
1772,2459625.0653472,294.1300885,8.1049465,2,18.50589942932129,0.15329599380493164,59624.565347199794
1773,2459625.0629282,294.1300142,8.1049528,2,18.622400283813477,0.13727200031280518,59624.56292819977
1774,2459625.0605093,294.1300831,8.1048531,2,18.48740005493164,0.10832399874925613,59624.56050929986
1775,2459625.0580903,294.130053,8.1048936,2,18.596900939941406,0.1269170045852661,59624.55809029983
1776,2459624.0677546,294.1300099,8.1049343,2,18.277099609375,0.1323689967393875,59623.5677546002
1777,2459624.066794,294.1300813,8.1048274,2,18.436500549316406,0.14153000712394714,59623.5667940001
1778,2459624.0653588,294.1300424,8.1048925,2,18.529399871826172,0.13632500171661377,59623.56535879988
1779,2459624.0643981,294.1299513,8.1048996,2,18.647499084472656,0.15688900649547577,59623.564398100134
1780,2459624.0629514,294.1299055,8.1048893,2,18.42569923400879,0.1452690064907074,59623.562951399945
1781,2459624.0619907,294.130056,8.1048775,2,18.534000396728516,0.11512300372123718,59623.5619907002
1782,2459624.0605556,294.1300406,8.1048737,2,18.260499954223633,0.10108400136232376,59623.560555600096
1783,2459624.0595949,294.130123,8.1049027,2,18.547300338745117,0.13427099585533142,59623.55959489988
1784,2459624.0581481,294.1299619,8.1049018,2,18.330299377441406,0.09548000246286392,59623.55814810004
1785,2459623.0671528,294.1299074,8.104953,2,18.187400817871094,0.17195500433444977,59622.56715280004
1786,2459623.0647338,294.1299297,8.1049167,2,18.312999725341797,0.17096500098705292,59622.56473380001
1787,2459623.0623148,294.1299246,8.1048187,2,18.468799591064453,0.15672899782657623,59622.56231479999
1788,2459623.0598958,294.1301096,8.1048806,2,18.411500930786133,0.15362000465393066,59622.55989579996
1789,2459623.0574769,294.1301808,8.1048781,2,18.268299102783203,0.16509999334812164,59622.55747690005
1790,2459622.0676736,294.1300237,8.104928,2,18.257400512695312,0.22034400701522827,59621.56767359981
1792,2459622.0652546,294.1300887,8.1050262,2,18.35700035095215,0.20914100110530853,59621.56525459979
1793,2459622.0652546,294.1300636,8.1049962,2,18.351699829101562,0.2139270007610321,59621.56525459979
1794,2459622.0628356,294.1301015,8.1049128,2,18.247100830078125,0.16695399582386017,59621.56283560023
1795,2459622.0628356,294.1300998,8.1049112,2,18.250600814819336,0.1682250052690506,59621.56283560023
1796,2459622.0604167,294.1300028,8.1047987,2,18.374099731445312,0.1523520052433014,59621.56041669985
1797,2459622.0604167,294.1300021,8.104797,2,18.381200790405273,0.15312500298023224,59621.56041669985
1798,2459622.0579977,294.1299919,8.1048841,2,18.357500076293945,0.11135300248861313,59621.55799769983
1799,2459622.0579977,294.1299922,8.1048872,2,18.3612003326416,0.11306899785995483,59621.55799769983
1800,2459529.6656944,294.1299371,8.1048697,2,18.650989532470703,0.13328899443149567,59529.1656944002
1801,2459529.6291088,294.1298692,8.1048833,2,18.682870864868164,0.10152599960565567,59529.12910880009
1803,2459527.6103819,294.1299472,8.1049196,2,18.681100845336914,0.0976480022072792,59527.11038189987
1804,2459526.60875,294.1299389,8.1049071,2,18.839500427246094,0.10397999733686447,59526.10875000013
1808,2459522.6665046,294.1298906,8.1048607,2,18.69729995727539,0.14100800454616547,59522.166504600085
1810,2459521.6342014,294.129923,8.1048896,2,18.690000534057617,0.08240299671888351,59521.13420139998
1817,2459510.63375,294.1299496,8.104934,2,18.660999298095703,0.19215300679206848,59510.13375000004
1819,2459505.6181019,294.1299615,8.1048853,2,18.79509925842285,0.1250469982624054,59505.11810189998
1821,2459504.6278241,294.1299707,8.1049056,2,18.76580047607422,0.13314799964427948,59504.1278241002
1822,2459503.6644444,294.1299077,8.1048589,2,18.588499069213867,0.11836700141429901,59503.1644444
1824,2459502.6683333,294.1299508,8.1048914,2,18.696300506591797,0.09438099712133408,59502.168333299924
1832,2459488.6706134,294.1299858,8.1048893,2,19.097999572753906,0.11597499996423721,59488.17061340017
1834,2459486.6731366,294.1299786,8.1049294,2,18.906600952148438,0.1347610056400299,59486.17313659983
1836,2459479.7434491,294.129875,8.10495,2,19.108299255371094,0.14198599755764008,59479.24344909983
1839,2459477.7151157,294.1299352,8.1049568,2,18.8789005279541,0.13443399965763092,59477.21511569992
1841,2459476.7981597,294.1299365,8.1049635,2,18.888999938964844,0.13959799706935883,59476.29815969989
1846,2459473.7562153,294.1300141,8.1048925,2,19.254499435424805,0.1548209935426712,59473.256215299945
1847,2459470.6712963,294.1299576,8.1048735,2,19.267900466918945,0.16009899973869324,59470.1712962999
1848,2459468.7481366,294.1299175,8.1049231,2,19.242700576782227,0.12952199578285217,59468.248136600014
1850,2459466.684375,294.129959,8.1048795,2,19.295400619506836,0.10578799992799759,59466.184375000186
1851,2459464.8121296,294.1299379,8.1048785,2,19.105100631713867,0.11906299740076065,59464.31212959997
1852,2459464.8121296,294.1299379,8.1048785,2,19.105100631713867,0.11906299740076065,59464.31212959997
1853,2459464.8116667,294.1299264,8.1049467,2,18.985679626464844,0.11214099824428558,59464.31166670006
1854,2459464.8116667,294.1299264,8.1049467,2,18.985700607299805,0.11214099824428558,59464.31166670006
1861,2459454.7776042,294.1299167,8.1049554,2,19.105300903320312,0.11531200259923935,59454.277604199946
1862,2459454.7771296,294.1299241,8.1049131,2,19.314599990844727,0.13080599904060364,59454.277129599825
1870,2459447.7337847,294.1300058,8.1049639,2,19.00670051574707,0.16873900592327118,59447.23378469981
1875,2459442.7369097,294.129993,8.1049442,2,19.089000701904297,0.11625199764966965,59442.23690970009
1876,2459442.7354861,294.1300111,8.1049193,2,19.15410041809082,0.11574000120162964,59442.23548609996
1879,2459440.7330324,294.1299908,8.1049236,2,19.096799850463867,0.14459100365638733,59440.23303239979
1880,2459440.7330324,294.1299908,8.1049236,2,19.096799850463867,0.14459100365638733,59440.23303239979
1881,2459440.7325579,294.130052,8.1049332,2,19.130199432373047,0.1339859962463379,59440.232557899784
1882,2459440.7325579,294.130052,8.1049332,2,19.130199432373047,0.1339859962463379,59440.232557899784
1883,2459438.7350694,294.1300371,8.1048884,2,19.143199920654297,0.15698499977588654,59438.235069400165
1885,2459435.7691551,294.1300256,8.1049179,2,19.050899505615234,0.09904100000858307,59435.26915509999
1890,2459430.7541782,294.1299987,8.1049083,2,19.14929962158203,0.11625699698925018,59430.25417819992
1891,2459428.839375,294.1299682,8.1049035,2,18.84760093688965,0.1376670002937317,59428.33937499998
1892,2459427.833287,294.1299203,8.1049127,2,18.841699600219727,0.1400029957294464,59427.33328700019
1895,2459425.8308449,294.1299729,8.1049217,2,19.08329963684082,0.16413800418376923,59425.330844900105
1897,2459422.8628241,294.129956,8.1048916,2,18.680200576782227,0.0967399999499321,59422.36282410007
1898,2459422.8618866,294.1299355,8.104937,2,18.90570068359375,0.10109599679708481,59422.36188660003
1902,2459415.8640162,294.1299269,8.1049197,2,18.7632999420166,0.13981500267982483,59415.36401619995
1903,2459415.8640162,294.1299269,8.1049197,2,18.7632999420166,0.13981500267982483,59415.36401619995
1904,2459415.8640162,294.1299269,8.1049197,2,18.7632999420166,0.13981500267982483,59415.36401619995
1907,2459412.880787,294.1299828,8.1049043,2,18.78730010986328,0.13379399478435516,59412.38078700006
1910,2459410.8813079,294.1299232,8.1049328,2,18.64739990234375,0.11650799959897995,59410.38130789995
1911,2459410.8789468,294.1299414,8.1048977,2,18.763700485229492,0.12262599915266037,59410.378946799785
1915,2459408.8167708,294.129985,8.1049133,2,18.943700790405273,0.12643499672412872,59408.316770799924
1918,2459406.8377199,294.1299428,8.1049205,2,18.57349967956543,0.08897300064563751,59406.33771990007
1919,2459406.8372454,294.1299979,8.1049353,2,18.68600082397461,0.09536600112915039,59406.337245400064
1922,2459404.8111806,294.1299824,8.1049132,2,18.766399383544922,0.07773099839687347,59404.311180599965
1923,2459404.810706,294.1299418,8.1049586,2,18.643800735473633,0.096731998026371,59404.310705999844
1924,2459402.8835417,294.129957,8.1048997,2,18.743099212646484,0.10267099738121033,59402.383541699965
1925,2459402.8816435,294.1299994,8.1049101,2,18.83989906311035,0.11709299683570862,59402.38164350018
1930,2459400.83875,294.1300209,8.1048816,2,18.877399444580078,0.0988449975848198,59400.33875000011
1931,2459400.8382755,294.1299641,8.1048836,2,18.79490089416504,0.08886600285768509,59400.33827550011
1936,2459393.9151505,294.1299744,8.1049325,2,19.01759910583496,0.1592250019311905,59393.4151504999
1937,2459393.9142014,294.1299169,8.1048706,2,18.884300231933594,0.1284639984369278,59393.41420139978
1941,2459391.8164236,294.1300035,8.1048564,2,18.831100463867188,0.13407699763774872,59391.316423600074
1944,2459387.9245602,294.1299423,8.1048854,2,18.98509979248047,0.12348400056362152,59387.42456019996
1945,2459387.9235995,294.1299829,8.1049505,2,19.21339988708496,0.12665599584579468,59387.42359950021
1950,2459385.8790972,294.1300066,8.1048966,2,18.814300537109375,0.09063900262117386,59385.3790972
1951,2459385.8564931,294.1299459,8.1049046,2,18.996299743652344,0.14792099595069885,59385.35649310006
1954,2459382.8585532,294.1300267,8.1049373,2,19.046100616455078,0.11432299762964249,59382.35855320003
1959,2459378.8930671,294.1300083,8.1049285,2,18.888599395751953,0.08643099665641785,59378.393067100085
1960,2459378.8926042,294.130064,8.1049038,2,19.111900329589844,0.11577299982309341,59378.39260420017
1961,2459376.9356019,294.1300056,8.1049226,2,19.12420082092285,0.12558799982070923,59376.435601899866
1966,2459373.8980556,294.1299794,8.1049081,2,18.757600784301758,0.10037499666213989,59373.3980556
1967,2459373.897581,294.1300528,8.1049217,2,18.715599060058594,0.12770900130271912,59373.39758099988
1968,2459370.9415625,294.129966,8.1049027,2,18.856800079345703,0.12562599778175354,59370.44156249985
1973,2459368.9131829,294.1300214,8.1049387,2,19.091899871826172,0.11398100107908249,59368.41318289982
1975,2459366.9165625,294.1300121,8.1048775,2,18.885499954223633,0.09028799831867218,59366.416562499944
1976,2459364.9385995,294.1299529,8.104894,2,18.891700744628906,0.11620999872684479,59364.438599499874
1980,2459362.8327083,294.1300092,8.104899,2,18.627500534057617,0.1314229965209961,59362.33270830009
1981,2459359.9200116,294.1300054,8.1049026,2,18.76099967956543,0.12092900276184082,59359.420011600014
1982,2459359.9005556,294.1299776,8.1049097,2,18.864599227905273,0.13278700411319733,59359.40055559995
1987,2459356.9012384,294.130061,8.1048969,2,18.868099212646484,0.1254899948835373,59356.40123840002
1988,2459356.8783565,294.1300013,8.104922,2,18.650800704956055,0.12575100362300873,59356.37835650006
1990,2459353.9422917,294.1300112,8.1048802,2,18.654300689697266,0.10407599806785583,59353.442291699816
1993,2459349.9443866,294.1300087,8.1049307,2,18.716699600219727,0.07220099866390228,59349.44438660005
1994,2459349.943912,294.1300079,8.1049026,2,18.829299926757812,0.11029300093650818,59349.44391199993
2002,2459344.9203356,294.1300429,8.1049113,2,18.812299728393555,0.0898519977927208,59344.42033560015
2005,2459341.9459028,294.1300514,8.1049025,2,18.549999237060547,0.11746399849653244,59341.44590280019
2006,2459339.9658565,294.1299722,8.1049252,2,18.7007999420166,0.09314999729394913,59339.46585649997
2007,2459339.9653935,294.1300077,8.1048948,2,18.917699813842773,0.09828300029039383,59339.46539349994
2008,2459337.9645486,294.1300715,8.1049462,2,18.870899200439453,0.12033099681138992,59337.464548599906
2009,2459337.9640741,294.1300428,8.1049104,2,18.73110008239746,0.13267000019550323,59337.4640740999
2012,2459335.9643866,294.1299423,8.1049303,2,18.80299949645996,0.1706400066614151,59335.46438660007
2018,2459328.9143287,294.1300273,8.1049023,2,18.84429931640625,0.10503900051116943,59328.41432869993
2019,2459328.9138657,294.1300168,8.1048834,2,18.609699249267578,0.10580100119113922,59328.4138656999
2021,2459322.9773148,294.1299927,8.1048993,2,18.661100387573242,0.09642200171947479,59322.477314800024
2024,2459320.9834259,294.1300596,8.1048867,2,18.712600708007812,0.11288700252771378,59320.483425899874
2026,2459319.9768519,294.1299728,8.1049363,2,18.585710525512695,0.14873899519443512,59319.47685190011
2030,2459317.9582755,294.1300536,8.1048888,2,18.658300399780273,0.12024900317192078,59317.45827550022
2033,2459315.9573843,294.1300667,8.1049136,2,18.556299209594727,0.09860900044441223,59315.45738429995
2034,2459315.9569097,294.1300157,8.1049251,2,18.8257999420166,0.1676429957151413,59315.45690969983
2037,2459312.9122917,294.130059,8.1047971,2,18.44879913330078,0.11246500164270401,59312.41229170002
2038,2459310.9912269,294.1300081,8.1048718,2,18.76689910888672,0.12354700267314911,59310.4912268999
2040,2459309.9996412,294.1300072,8.1048991,2,18.656299591064453,0.0993409976363182,59309.49964120006
2043,2459307.0052894,294.130014,8.1048713,2,18.711299896240234,0.12267599999904633,59306.5052894
2046,2459305.9643171,294.1300451,8.1049327,2,18.57740020751953,0.14812800288200378,59305.46431710012
2047,2459303.9670718,294.1300301,8.1049312,2,18.6875,0.14322400093078613,59303.46707180003
2049,2459302.9677199,294.1300357,8.1048302,2,18.797199249267578,0.12647800147533417,59302.467719899956
2052,2459300.967338,294.1298773,8.1048546,2,18.51650047302246,0.20149900019168854,59300.46733799996
2054,2459296.0139236,294.1300707,8.104904,2,18.697099685668945,0.11165200173854828,59295.51392359985
2055,2459296.0134606,294.1300392,8.1048789,2,18.69070053100586,0.09020599722862244,59295.51346059982
2056,2459292.9785532,294.1300578,8.1049046,2,18.669200897216797,0.09386599808931351,59292.47855320014
2057,2459283.0171296,294.1300634,8.1048622,2,18.767900466918945,0.10008899867534637,59282.51712960005
2059,2459277.0445255,294.1300535,8.1049007,2,18.577499389648438,0.130172997713089,59276.54452549992
2060,2459277.0415972,294.1300314,8.1049478,2,18.73259925842285,0.13264100253582,59276.54159720009
2061,2459277.0386574,294.1300495,8.1048831,2,18.5802001953125,0.10867000371217728,59276.538657399826
2062,2459277.0357292,294.1300533,8.1048375,2,18.630300521850586,0.12510299682617188,59276.53572920011
2063,2459277.0328125,294.1299959,8.1050254,2,18.6205997467041,0.16015100479125977,59276.53281249991
2064,2459276.0409491,294.1300386,8.1049313,2,18.6382999420166,0.11947699636220932,59275.54094910016
2065,2459276.0379977,294.1299927,8.1048978,2,18.576200485229492,0.11484599858522415,59275.53799769981
2067,2459276.0321065,294.1300865,8.1048485,2,18.670400619506836,0.1332789957523346,59275.53210650012
2081,2459272.0404745,294.1300656,8.1047349,2,18.2106990814209,0.2421180009841919,59271.54047450004
2082,2459271.0512037,294.1300739,8.1048461,2,18.475799560546875,0.11584000289440155,59270.55120369978
2083,2459271.0481944,294.1300379,8.1048519,2,18.54210090637207,0.13812600076198578,59270.548194400035
2084,2459271.0451736,294.1301186,8.1048575,2,18.59950065612793,0.13214699923992157,59270.54517359985
2085,2459271.0421759,294.1299111,8.1048679,2,18.457599639892578,0.1651179939508438,59270.54217590019
2087,2459270.0503935,294.1300109,8.1048742,2,18.616500854492188,0.0942780002951622,59269.5503934999
2088,2459270.0473843,294.1300165,8.1048876,2,18.574499130249023,0.08354400098323822,59269.5473842998
2089,2459270.044375,294.1300044,8.1049424,2,18.662099838256836,0.1079849973320961,59269.544375000056
2090,2459270.0413773,294.1300477,8.1048997,2,18.590999603271484,0.12198500335216522,59269.54137729993
2091,2459270.0383681,294.130032,8.1048525,2,18.653799057006836,0.10216999799013138,59269.538368099835
2092,2459269.0505671,294.130002,8.1048771,2,18.630300521850586,0.10108499974012375,59268.550567099825
2093,2459269.0476505,294.1300533,8.1048801,2,18.538700103759766,0.10497699677944183,59268.5476505002
2094,2459269.0447338,294.1300447,8.1048442,2,18.53730010986328,0.08355999737977982,59268.544733799994
2095,2459269.0418056,294.1299737,8.1049396,2,18.61669921875,0.07556000351905823,59268.541805599816
2096,2459269.0388889,294.1300014,8.1048826,2,18.61829948425293,0.10555700212717056,59268.538888900075
2097,2459268.0528125,294.1300168,8.1048653,2,18.50670051574707,0.11995299905538559,59267.552812499925
2098,2459268.0498264,294.1300817,8.1049242,2,18.451499938964844,0.12716199457645416,59267.54982639989
2099,2459268.0468519,294.1300957,8.1048526,2,18.545900344848633,0.13189999759197235,59267.54685189994
2100,2459268.0438773,294.1300595,8.1048998,2,18.471900939941406,0.10665000230073929,59267.543877299875
2101,2459268.0409028,294.1300407,8.1048882,2,18.546899795532227,0.12492699921131134,59267.54090279993
2115,2459265.0606713,294.1299974,8.1048669,2,18.795799255371094,0.14615899324417114,59264.56067130016
2116,2459265.0582407,294.1300594,8.1048748,2,18.73740005493164,0.10617099702358246,59264.55824070005
2117,2459265.0558102,294.13004,8.1049086,2,18.896299362182617,0.12241499871015549,59264.55581020005
2121,2459263.0655324,294.1300781,8.1049068,2,18.60449981689453,0.19064800441265106,59262.56553239981
2122,2459263.0631019,294.1300149,8.1049624,2,18.66119956970215,0.17716099321842194,59262.56310189981
2123,2459263.0606713,294.1300167,8.1049156,2,18.694900512695312,0.15189699828624725,59262.56067130016
2124,2459263.0582407,294.1300413,8.10489,2,18.727500915527344,0.12592299282550812,59262.55824070005
2130,2459259.0613773,294.1300297,8.1049278,2,18.44849967956543,0.18673400580883026,59258.56137729995
2132,2459257.0691204,294.1299658,8.104941,2,18.81089973449707,0.17001500725746155,59256.56912040012
2133,2459257.0667245,294.130056,8.1048604,2,18.823699951171875,0.22053399682044983,59256.56672450015
2134,2459257.0643403,294.1300342,8.104899,2,18.656200408935547,0.18735399842262268,59256.56434029993
2135,2459257.061956,294.1300497,8.1049211,2,18.614599227905273,0.12457499653100967,59256.56195600005
2136,2459256.0695833,294.1301197,8.1048637,2,18.648700714111328,0.14553199708461761,59255.569583300035
2137,2459256.0671528,294.1300586,8.1049281,2,18.778400421142578,0.18323500454425812,59255.56715280004
2138,2459256.0647338,294.130012,8.104837,2,18.70159912109375,0.143217995762825,59255.56473380001
2143,2459254.0706019,294.1300241,8.104864,2,18.74530029296875,0.17236900329589844,59253.57060190011
2144,2459254.0681713,294.1301415,8.1048069,2,18.67329978942871,0.1745530068874359,59253.568171299994
2145,2459254.0657523,294.1300749,8.104863,2,18.69529914855957,0.15061600506305695,59253.56575229997
2146,2459254.0633218,294.1300457,8.1048318,2,18.646799087524414,0.09597499668598175,59253.56332179997
2149,2459253.0692245,294.1300698,8.1048547,2,18.83679962158203,0.18862399458885193,59252.5692245001
2150,2459253.0668519,294.1300079,8.1048893,2,18.791400909423828,0.1309259980916977,59252.56685189996
2151,2459253.0644676,294.1301192,8.1048696,2,18.760499954223633,0.14531899988651276,59252.56446760008
2152,2459253.0620949,294.1301071,8.1048961,2,18.729999542236328,0.14834700524806976,59252.562094899826
2166,2459249.0722454,294.1300235,8.1048464,2,18.71820068359375,0.17292599380016327,59248.57224539993
2167,2459249.0698611,294.1301013,8.1049213,2,18.788999557495117,0.19492200016975403,59248.569861100055
2168,2459249.0674769,294.130077,8.1047654,2,18.697799682617188,0.18477299809455872,59248.56747689983
2169,2459249.0650926,294.1301276,8.1047609,2,18.656299591064453,0.18173900246620178,59248.56509259995
2170,2459178.6040972,294.1299437,8.1048465,2,19.228900909423828,0.2082590013742447,59178.10409720009
2171,2459178.6036227,294.1298883,8.1048805,2,19.176000595092773,0.1514340043067932,59178.10362270009
2175,2459171.5829051,294.1299412,8.1048534,2,18.984100341796875,0.1145550012588501,59171.08290510019
2185,2459164.6227199,294.1298493,8.1048398,2,19.074499130249023,0.1545870006084442,59164.12271990022
2192,2459154.6397106,294.1299054,8.1048751,2,19.17970085144043,0.17075000703334808,59154.13971060002
2193,2459152.6745949,294.1298488,8.1048622,2,19.234800338745117,0.15878699719905853,59152.174594900105
2204,2459139.6308333,294.1299835,8.1049152,2,19.327600479125977,0.11591000109910965,59139.13083329983
2217,2459047.8976389,294.1299711,8.1048952,2,19.541000366210938,0.1986059993505478,59047.397638900205
2231,2459020.9606829,294.1299511,8.1049355,2,19.389799118041992,0.125233992934227,59020.46068290016
2233,2459011.8418519,294.1298927,8.104873,2,19.17449951171875,0.13065700232982635,59011.341851899866
